event_id,user_id,event_type,event_time,skill_id,resource_id,job_id,score_delta,status,sentiment,user_state,risk_level,detail,schema_version,origin,is_synthetic,source_ids,generated_at,confidence,claim_level,verification_status,last_verified_at,license_scope,is_market_fact,data_split
EVT-G001-01,USER-G001,onboarding,2024-10-10T16:00:00Z,,,,0,completed,neutral,active,low,完成基础信息和学习约束录入,1.2.0,synthetic,true,SRC-SYNTH,2026-09-13T00:00:00+08:00,0.9,synthetic,not_applicable,,team_generated,false,golden
EVT-G001-02,USER-G001,skill_assessment,2024-10-27T16:00:00Z,SKILL-058,,,3,completed,positive,progressing,low,完成能力测评并生成可解释证据,1.2.0,synthetic,true,SRC-SYNTH,2026-09-13T00:00:00+08:00,0.9,synthetic,not_applicable,,team_generated,false,golden
EVT-G001-03,USER-G001,course_started,2024-11-13T16:00:00Z,SKILL-002,RES-0055,,0,completed,neutral,active,low,开始一项与目标能力相关的课程,1.2.0,synthetic,true,SRC-SYNTH,2026-09-13T00:00:00+08:00,0.9,synthetic,not_applicable,,team_generated,false,golden
EVT-G001-04,USER-G001,task_completed,2024-11-30T16:00:00Z,SKILL-017,RES-0137,,2,completed,positive,progressing,low,完成本周学习任务,1.2.0,synthetic,true,SRC-SYNTH,2026-09-13T00:00:00+08:00,0.9,synthetic,not_applicable,,team_generated,false,golden
EVT-G001-05,USER-G001,skill_practice,2024-12-17T16:00:00Z,SKILL-020,RES-0193,,2,completed,positive,progressing,low,完成技能练习并记录反思,1.2.0,synthetic,true,SRC-SYNTH,2026-09-13T00:00:00+08:00,0.9,synthetic,not_applicable,,team_generated,false,golden
EVT-G001-06,USER-G001,course_completed,2025-01-03T16:00:00Z,SKILL-023,RES-0136,,6,completed,positive,progressing,low,完成课程并提交学习总结,1.2.0,synthetic,true,SRC-SYNTH,2026-09-13T00:00:00+08:00,0.9,synthetic,not_applicable,,team_generated,false,golden
EVT-G001-07,USER-G001,project_started,2025-01-20T16:00:00Z,SKILL-033,RES-0573,,0,completed,neutral,active,low,启动实践项目并确认里程碑,1.2.0,synthetic,true,SRC-SYNTH,2026-09-13T00:00:00+08:00,0.9,synthetic,not_applicable,,team_generated,false,golden
EVT-G001-08,USER-G001,job_viewed,2025-02-06T16:00:00Z,,,JOB-AI-ALG-0087,0,completed,neutral,active,low,查看目标岗位及能力要求,1.2.0,synthetic,true,SRC-SYNTH,2026-09-13T00:00:00+08:00,0.9,synthetic,not_applicable,,team_generated,false,golden
EVT-G001-09,USER-G001,feedback_submitted,2025-02-23T16:00:00Z,SKILL-002,,,0,completed,neutral,active,low,提交计划难度和推荐相关性反馈,1.2.0,synthetic,true,SRC-SYNTH,2026-09-13T00:00:00+08:00,0.9,synthetic,not_applicable,,team_generated,false,golden
EVT-G001-10,USER-G001,task_completed,2025-03-12T16:00:00Z,SKILL-017,RES-0137,,2,completed,positive,progressing,low,完成本周学习任务,1.2.0,synthetic,true,SRC-SYNTH,2026-09-13T00:00:00+08:00,0.9,synthetic,not_applicable,,team_generated,false,golden
EVT-G001-11,USER-G001,project_completed,2025-03-29T16:00:00Z,SKILL-020,RES-0200,,8,completed,positive,progressing,low,完成项目、说明文档和复盘,1.2.0,synthetic,true,SRC-SYNTH,2026-09-13T00:00:00+08:00,0.9,synthetic,not_applicable,,team_generated,false,golden
EVT-G001-12,USER-G001,profile_recalculated,2025-04-15T16:00:00Z,SKILL-023,,,0,completed,neutral,active,low,根据新证据重算画像与岗位匹配度,1.2.0,synthetic,true,SRC-SYNTH,2026-09-13T00:00:00+08:00,0.9,synthetic,not_applicable,,team_generated,false,golden
EVT-G001-13,USER-G001,job_saved,2025-05-02T16:00:00Z,,,JOB-AI-ALG-0013,0,completed,neutral,active,low,收藏一个模拟目标岗位,1.2.0,synthetic,true,SRC-SYNTH,2026-09-13T00:00:00+08:00,0.9,synthetic,not_applicable,,team_generated,false,golden
EVT-G001-14,USER-G001,application_submitted,2025-05-19T16:00:00Z,,,JOB-AI-ALG-0014,0,completed,neutral,active,low,向模拟岗位提交申请,1.2.0,synthetic,true,SRC-SYNTH,2026-09-13T00:00:00+08:00,0.9,synthetic,not_applicable,,team_generated,false,golden
EVT-G001-15,USER-G001,interview_result,2025-06-05T16:00:00Z,,,JOB-AI-ALG-0015,0,completed,disappointed,active,low,记录模拟面试反馈,1.2.0,synthetic,true,SRC-SYNTH,2026-09-13T00:00:00+08:00,0.9,synthetic,not_applicable,,team_generated,false,golden
EVT-G001-16,USER-G001,plan_adjusted,2025-06-22T16:00:00Z,SKILL-017,,,0,completed,neutral,plan_rebalanced,low,根据时间和反馈调整学习计划,1.2.0,synthetic,true,SRC-SYNTH,2026-09-13T00:00:00+08:00,0.9,synthetic,not_applicable,,team_generated,false,golden
EVT-G001-17,USER-G001,skill_practice,2025-07-09T16:00:00Z,SKILL-020,RES-0553,,2,completed,positive,progressing,low,完成技能练习并记录反思,1.2.0,synthetic,true,SRC-SYNTH,2026-09-13T00:00:00+08:00,0.9,synthetic,not_applicable,,team_generated,false,golden
EVT-G001-18,USER-G001,inactivity,2025-07-26T16:00:00Z,SKILL-023,,,-4,attention_needed,frustrated,learning_stalled,medium,超过设定周期未产生学习证据，触发技能衰减,1.2.0,synthetic,true,SRC-SYNTH,2026-09-13T00:00:00+08:00,0.9,synthetic,not_applicable,,team_generated,false,golden
EVT-G001-19,USER-G001,reminder_response,2025-08-12T16:00:00Z,SKILL-033,,,0,completed,neutral,active,low,响应任务提醒并更新完成状态,1.2.0,synthetic,true,SRC-SYNTH,2026-09-13T00:00:00+08:00,0.9,synthetic,not_applicable,,team_generated,false,golden
EVT-G001-20,USER-G001,profile_recalculated,2025-08-29T16:00:00Z,SKILL-058,,,0,completed,neutral,active,low,根据新证据重算画像与岗位匹配度,1.2.0,synthetic,true,SRC-SYNTH,2026-09-13T00:00:00+08:00,0.9,synthetic,not_applicable,,team_generated,false,golden
EVT-G001-21,USER-G001,onboarding,2025-09-15T16:00:00Z,,,,0,completed,neutral,active,low,完成基础信息和学习约束录入,1.2.0,synthetic,true,SRC-SYNTH,2026-09-13T00:00:00+08:00,0.9,synthetic,not_applicable,,team_generated,false,golden
EVT-G001-22,USER-G001,skill_assessment,2025-10-02T16:00:00Z,SKILL-017,,,3,completed,positive,progressing,low,完成能力测评并生成可解释证据,1.2.0,synthetic,true,SRC-SYNTH,2026-09-13T00:00:00+08:00,0.9,synthetic,not_applicable,,team_generated,false,golden
EVT-G001-23,USER-G001,course_started,2025-10-19T16:00:00Z,SKILL-020,RES-0193,,0,completed,neutral,active,low,开始一项与目标能力相关的课程,1.2.0,synthetic,true,SRC-SYNTH,2026-09-13T00:00:00+08:00,0.9,synthetic,not_applicable,,team_generated,false,golden
EVT-G001-24,USER-G001,task_completed,2025-11-05T16:00:00Z,SKILL-023,RES-0005,,2,completed,positive,progressing,low,完成本周学习任务,1.2.0,synthetic,true,SRC-SYNTH,2026-09-13T00:00:00+08:00,0.9,synthetic,not_applicable,,team_generated,false,golden
EVT-G001-25,USER-G001,skill_practice,2025-11-22T16:00:00Z,SKILL-033,RES-0146,,2,completed,positive,progressing,low,完成技能练习并记录反思,1.2.0,synthetic,true,SRC-SYNTH,2026-09-13T00:00:00+08:00,0.9,synthetic,not_applicable,,team_generated,false,golden
EVT-G001-26,USER-G001,course_completed,2025-12-09T16:00:00Z,SKILL-058,RES-0298,,6,completed,positive,progressing,low,完成课程并提交学习总结,1.2.0,synthetic,true,SRC-SYNTH,2026-09-13T00:00:00+08:00,0.9,synthetic,not_applicable,,team_generated,false,golden
EVT-G001-27,USER-G001,project_started,2025-12-26T16:00:00Z,SKILL-002,RES-0122,,0,completed,neutral,active,low,启动实践项目并确认里程碑,1.2.0,synthetic,true,SRC-SYNTH,2026-09-13T00:00:00+08:00,0.9,synthetic,not_applicable,,team_generated,false,golden
EVT-G001-28,USER-G001,job_viewed,2026-01-12T16:00:00Z,,,JOB-AI-ALG-0028,0,completed,neutral,active,low,查看目标岗位及能力要求,1.2.0,synthetic,true,SRC-SYNTH,2026-09-13T00:00:00+08:00,0.9,synthetic,not_applicable,,team_generated,false,golden
EVT-G001-29,USER-G001,feedback_submitted,2026-01-29T16:00:00Z,SKILL-020,,,0,completed,neutral,active,low,提交计划难度和推荐相关性反馈,1.2.0,synthetic,true,SRC-SYNTH,2026-09-13T00:00:00+08:00,0.9,synthetic,not_applicable,,team_generated,false,golden
EVT-G001-30,USER-G001,task_completed,2026-02-15T16:00:00Z,SKILL-023,RES-0143,,2,completed,positive,progressing,low,完成本周学习任务,1.2.0,synthetic,true,SRC-SYNTH,2026-09-13T00:00:00+08:00,0.9,synthetic,not_applicable,,team_generated,false,golden
EVT-G001-31,USER-G001,project_completed,2026-03-04T16:00:00Z,SKILL-033,RES-0146,,8,completed,positive,progressing,low,完成项目、说明文档和复盘,1.2.0,synthetic,true,SRC-SYNTH,2026-09-13T00:00:00+08:00,0.9,synthetic,not_applicable,,team_generated,false,golden
EVT-G001-32,USER-G001,profile_recalculated,2026-03-21T16:00:00Z,SKILL-058,,,0,completed,neutral,active,low,根据新证据重算画像与岗位匹配度,1.2.0,synthetic,true,SRC-SYNTH,2026-09-13T00:00:00+08:00,0.9,synthetic,not_applicable,,team_generated,false,golden
EVT-G001-33,USER-G001,job_saved,2026-04-07T16:00:00Z,,,JOB-AI-ALG-0033,0,completed,neutral,active,low,收藏一个模拟目标岗位,1.2.0,synthetic,true,SRC-SYNTH,2026-09-13T00:00:00+08:00,0.9,synthetic,not_applicable,,team_generated,false,golden
EVT-G001-34,USER-G001,application_submitted,2026-04-24T16:00:00Z,,,JOB-AI-ALG-0034,0,completed,neutral,active,low,向模拟岗位提交申请,1.2.0,synthetic,true,SRC-SYNTH,2026-09-13T00:00:00+08:00,0.9,synthetic,not_applicable,,team_generated,false,golden
EVT-G001-35,USER-G001,interview_result,2026-05-11T16:00:00Z,,,JOB-AI-ALG-0035,0,completed,disappointed,active,low,记录模拟面试反馈,1.2.0,synthetic,true,SRC-SYNTH,2026-09-13T00:00:00+08:00,0.9,synthetic,not_applicable,,team_generated,false,golden
EVT-G001-36,USER-G001,plan_adjusted,2026-05-28T16:00:00Z,SKILL-023,,,0,completed,neutral,plan_rebalanced,low,根据时间和反馈调整学习计划,1.2.0,synthetic,true,SRC-SYNTH,2026-09-13T00:00:00+08:00,0.9,synthetic,not_applicable,,team_generated,false,golden
EVT-G001-37,USER-G001,skill_practice,2026-06-14T16:00:00Z,SKILL-033,RES-0033,,2,completed,positive,progressing,low,完成技能练习并记录反思,1.2.0,synthetic,true,SRC-SYNTH,2026-09-13T00:00:00+08:00,0.9,synthetic,not_applicable,,team_generated,false,golden
EVT-G001-38,USER-G001,inactivity,2026-07-01T16:00:00Z,SKILL-058,,,-4,attention_needed,frustrated,learning_stalled,medium,超过设定周期未产生学习证据，触发技能衰减,1.2.0,synthetic,true,SRC-SYNTH,2026-09-13T00:00:00+08:00,0.9,synthetic,not_applicable,,team_generated,false,golden
EVT-G001-39,USER-G001,reminder_response,2026-07-18T16:00:00Z,SKILL-002,,,0,completed,neutral,active,low,响应任务提醒并更新完成状态,1.2.0,synthetic,true,SRC-SYNTH,2026-09-13T00:00:00+08:00,0.9,synthetic,not_applicable,,team_generated,false,golden
EVT-G001-40,USER-G001,profile_recalculated,2026-08-04T16:00:00Z,SKILL-017,,,0,completed,neutral,active,low,根据新证据重算画像与岗位匹配度,1.2.0,synthetic,true,SRC-SYNTH,2026-09-13T00:00:00+08:00,0.9,synthetic,not_applicable,,team_generated,false,golden
EVT-G002-01,USER-G002,onboarding,2024-10-10T16:00:00Z,,,,0,completed,neutral,active,low,完成基础信息和学习约束录入,1.2.0,synthetic,true,SRC-SYNTH,2026-09-13T00:00:00+08:00,0.9,synthetic,not_applicable,,team_generated,false,golden
EVT-G002-02,USER-G002,skill_assessment,2024-10-27T16:00:00Z,SKILL-050,,,3,completed,positive,progressing,low,完成能力测评并生成可解释证据,1.2.0,synthetic,true,SRC-SYNTH,2026-09-13T00:00:00+08:00,0.9,synthetic,not_applicable,,team_generated,false,golden
EVT-G002-03,USER-G002,course_started,2024-11-13T16:00:00Z,SKILL-008,RES-0121,,0,completed,neutral,active,low,开始一项与目标能力相关的课程,1.2.0,synthetic,true,SRC-SYNTH,2026-09-13T00:00:00+08:00,0.9,synthetic,not_applicable,,team_generated,false,golden
EVT-G002-04,USER-G002,task_completed,2024-11-30T16:00:00Z,SKILL-026,RES-0139,,2,completed,positive,progressing,low,完成本周学习任务,1.2.0,synthetic,true,SRC-SYNTH,2026-09-13T00:00:00+08:00,0.9,synthetic,not_applicable,,team_generated,false,golden
EVT-G002-05,USER-G002,skill_practice,2024-12-17T16:00:00Z,SKILL-029,RES-0029,,2,completed,positive,progressing,low,完成技能练习并记录反思,1.2.0,synthetic,true,SRC-SYNTH,2026-09-13T00:00:00+08:00,0.9,synthetic,not_applicable,,team_generated,false,golden
EVT-G002-06,USER-G002,course_completed,2025-01-03T16:00:00Z,SKILL-035,RES-0155,,6,completed,positive,progressing,low,完成课程并提交学习总结,1.2.0,synthetic,true,SRC-SYNTH,2026-09-13T00:00:00+08:00,0.9,synthetic,not_applicable,,team_generated,false,golden
EVT-G002-07,USER-G002,project_started,2025-01-20T16:00:00Z,SKILL-038,RES-0038,,0,completed,neutral,active,low,启动实践项目并确认里程碑,1.2.0,synthetic,true,SRC-SYNTH,2026-09-13T00:00:00+08:00,0.9,synthetic,not_applicable,,team_generated,false,golden
EVT-G002-08,USER-G002,job_viewed,2025-02-06T16:00:00Z,,,JOB-AI-APP-0087,0,completed,neutral,active,low,查看目标岗位及能力要求,1.2.0,synthetic,true,SRC-SYNTH,2026-09-13T00:00:00+08:00,0.9,synthetic,not_applicable,,team_generated,false,golden
EVT-G002-09,USER-G002,feedback_submitted,2025-02-23T16:00:00Z,SKILL-008,,,0,completed,neutral,active,low,提交计划难度和推荐相关性反馈,1.2.0,synthetic,true,SRC-SYNTH,2026-09-13T00:00:00+08:00,0.9,synthetic,not_applicable,,team_generated,false,golden
EVT-G002-10,USER-G002,task_completed,2025-03-12T16:00:00Z,SKILL-026,RES-0006,,2,completed,positive,progressing,low,完成本周学习任务,1.2.0,synthetic,true,SRC-SYNTH,2026-09-13T00:00:00+08:00,0.9,synthetic,not_applicable,,team_generated,false,golden
EVT-G002-11,USER-G002,project_completed,2025-03-29T16:00:00Z,SKILL-029,RES-0003,,8,completed,positive,progressing,low,完成项目、说明文档和复盘,1.2.0,synthetic,true,SRC-SYNTH,2026-09-13T00:00:00+08:00,0.9,synthetic,not_applicable,,team_generated,false,golden
EVT-G002-12,USER-G002,profile_recalculated,2025-04-15T16:00:00Z,SKILL-035,,,0,completed,neutral,active,low,根据新证据重算画像与岗位匹配度,1.2.0,synthetic,true,SRC-SYNTH,2026-09-13T00:00:00+08:00,0.9,synthetic,not_applicable,,team_generated,false,golden
EVT-G002-13,USER-G002,job_saved,2025-05-02T16:00:00Z,,,JOB-AI-APP-0013,0,completed,neutral,active,low,收藏一个模拟目标岗位,1.2.0,synthetic,true,SRC-SYNTH,2026-09-13T00:00:00+08:00,0.9,synthetic,not_applicable,,team_generated,false,golden
EVT-G002-14,USER-G002,application_submitted,2025-05-19T16:00:00Z,,,JOB-AI-APP-0014,0,completed,neutral,active,low,向模拟岗位提交申请,1.2.0,synthetic,true,SRC-SYNTH,2026-09-13T00:00:00+08:00,0.9,synthetic,not_applicable,,team_generated,false,golden
EVT-G002-15,USER-G002,interview_result,2025-06-05T16:00:00Z,,,JOB-AI-APP-0015,0,completed,disappointed,active,low,记录模拟面试反馈,1.2.0,synthetic,true,SRC-SYNTH,2026-09-13T00:00:00+08:00,0.9,synthetic,not_applicable,,team_generated,false,golden
EVT-G002-16,USER-G002,plan_adjusted,2025-06-22T16:00:00Z,SKILL-026,,,0,completed,neutral,plan_rebalanced,low,根据时间和反馈调整学习计划,1.2.0,synthetic,true,SRC-SYNTH,2026-09-13T00:00:00+08:00,0.9,synthetic,not_applicable,,team_generated,false,golden
EVT-G002-17,USER-G002,skill_practice,2025-07-09T16:00:00Z,SKILL-029,RES-0202,,2,completed,positive,progressing,low,完成技能练习并记录反思,1.2.0,synthetic,true,SRC-SYNTH,2026-09-13T00:00:00+08:00,0.9,synthetic,not_applicable,,team_generated,false,golden
EVT-G002-18,USER-G002,inactivity,2025-07-26T16:00:00Z,SKILL-035,,,-4,attention_needed,frustrated,learning_stalled,medium,超过设定周期未产生学习证据，触发技能衰减,1.2.0,synthetic,true,SRC-SYNTH,2026-09-13T00:00:00+08:00,0.9,synthetic,not_applicable,,team_generated,false,golden
EVT-G002-19,USER-G002,reminder_response,2025-08-12T16:00:00Z,SKILL-038,,,0,completed,neutral,active,low,响应任务提醒并更新完成状态,1.2.0,synthetic,true,SRC-SYNTH,2026-09-13T00:00:00+08:00,0.9,synthetic,not_applicable,,team_generated,false,golden
EVT-G002-20,USER-G002,profile_recalculated,2025-08-29T16:00:00Z,SKILL-050,,,0,completed,neutral,active,low,根据新证据重算画像与岗位匹配度,1.2.0,synthetic,true,SRC-SYNTH,2026-09-13T00:00:00+08:00,0.9,synthetic,not_applicable,,team_generated,false,golden
EVT-G002-21,USER-G002,onboarding,2025-09-15T16:00:00Z,,,,0,completed,neutral,active,low,完成基础信息和学习约束录入,1.2.0,synthetic,true,SRC-SYNTH,2026-09-13T00:00:00+08:00,0.9,synthetic,not_applicable,,team_generated,false,golden
EVT-G002-22,USER-G002,skill_assessment,2025-10-02T16:00:00Z,SKILL-026,,,3,completed,positive,progressing,low,完成能力测评并生成可解释证据,1.2.0,synthetic,true,SRC-SYNTH,2026-09-13T00:00:00+08:00,0.9,synthetic,not_applicable,,team_generated,false,golden
EVT-G002-23,USER-G002,course_started,2025-10-19T16:00:00Z,SKILL-029,RES-0011,,0,completed,neutral,active,low,开始一项与目标能力相关的课程,1.2.0,synthetic,true,SRC-SYNTH,2026-09-13T00:00:00+08:00,0.9,synthetic,not_applicable,,team_generated,false,golden
EVT-G002-24,USER-G002,task_completed,2025-11-05T16:00:00Z,SKILL-035,RES-0515,,2,completed,positive,progressing,low,完成本周学习任务,1.2.0,synthetic,true,SRC-SYNTH,2026-09-13T00:00:00+08:00,0.9,synthetic,not_applicable,,team_generated,false,golden
EVT-G002-25,USER-G002,skill_practice,2025-11-22T16:00:00Z,SKILL-038,RES-0151,,2,completed,positive,progressing,low,完成技能练习并记录反思,1.2.0,synthetic,true,SRC-SYNTH,2026-09-13T00:00:00+08:00,0.9,synthetic,not_applicable,,team_generated,false,golden
EVT-G002-26,USER-G002,course_completed,2025-12-09T16:00:00Z,SKILL-050,RES-0170,,6,completed,positive,progressing,low,完成课程并提交学习总结,1.2.0,synthetic,true,SRC-SYNTH,2026-09-13T00:00:00+08:00,0.9,synthetic,not_applicable,,team_generated,false,golden
EVT-G002-27,USER-G002,project_started,2025-12-26T16:00:00Z,SKILL-008,RES-0181,,0,completed,neutral,active,low,启动实践项目并确认里程碑,1.2.0,synthetic,true,SRC-SYNTH,2026-09-13T00:00:00+08:00,0.9,synthetic,not_applicable,,team_generated,false,golden
EVT-G002-28,USER-G002,job_viewed,2026-01-12T16:00:00Z,,,JOB-AI-APP-0028,0,completed,neutral,active,low,查看目标岗位及能力要求,1.2.0,synthetic,true,SRC-SYNTH,2026-09-13T00:00:00+08:00,0.9,synthetic,not_applicable,,team_generated,false,golden
EVT-G002-29,USER-G002,feedback_submitted,2026-01-29T16:00:00Z,SKILL-029,,,0,completed,neutral,active,low,提交计划难度和推荐相关性反馈,1.2.0,synthetic,true,SRC-SYNTH,2026-09-13T00:00:00+08:00,0.9,synthetic,not_applicable,,team_generated,false,golden
EVT-G002-30,USER-G002,task_completed,2026-02-15T16:00:00Z,SKILL-035,RES-0388,,2,completed,positive,progressing,low,完成本周学习任务,1.2.0,synthetic,true,SRC-SYNTH,2026-09-13T00:00:00+08:00,0.9,synthetic,not_applicable,,team_generated,false,golden
EVT-G002-31,USER-G002,project_completed,2026-03-04T16:00:00Z,SKILL-038,RES-0031,,8,completed,positive,progressing,low,完成项目、说明文档和复盘,1.2.0,synthetic,true,SRC-SYNTH,2026-09-13T00:00:00+08:00,0.9,synthetic,not_applicable,,team_generated,false,golden
EVT-G002-32,USER-G002,profile_recalculated,2026-03-21T16:00:00Z,SKILL-050,,,0,completed,neutral,active,low,根据新证据重算画像与岗位匹配度,1.2.0,synthetic,true,SRC-SYNTH,2026-09-13T00:00:00+08:00,0.9,synthetic,not_applicable,,team_generated,false,golden
EVT-G002-33,USER-G002,job_saved,2026-04-07T16:00:00Z,,,JOB-AI-APP-0033,0,completed,neutral,active,low,收藏一个模拟目标岗位,1.2.0,synthetic,true,SRC-SYNTH,2026-09-13T00:00:00+08:00,0.9,synthetic,not_applicable,,team_generated,false,golden
EVT-G002-34,USER-G002,application_submitted,2026-04-24T16:00:00Z,,,JOB-AI-APP-0034,0,completed,neutral,active,low,向模拟岗位提交申请,1.2.0,synthetic,true,SRC-SYNTH,2026-09-13T00:00:00+08:00,0.9,synthetic,not_applicable,,team_generated,false,golden
EVT-G002-35,USER-G002,interview_result,2026-05-11T16:00:00Z,,,JOB-AI-APP-0035,0,completed,disappointed,active,low,记录模拟面试反馈,1.2.0,synthetic,true,SRC-SYNTH,2026-09-13T00:00:00+08:00,0.9,synthetic,not_applicable,,team_generated,false,golden
EVT-G002-36,USER-G002,plan_adjusted,2026-05-28T16:00:00Z,SKILL-035,,,0,completed,neutral,plan_rebalanced,low,根据时间和反馈调整学习计划,1.2.0,synthetic,true,SRC-SYNTH,2026-09-13T00:00:00+08:00,0.9,synthetic,not_applicable,,team_generated,false,golden
EVT-G002-37,USER-G002,skill_practice,2026-06-14T16:00:00Z,SKILL-038,RES-0038,,2,completed,positive,progressing,low,完成技能练习并记录反思,1.2.0,synthetic,true,SRC-SYNTH,2026-09-13T00:00:00+08:00,0.9,synthetic,not_applicable,,team_generated,false,golden
EVT-G002-38,USER-G002,inactivity,2026-07-01T16:00:00Z,SKILL-050,,,-4,attention_needed,frustrated,learning_stalled,medium,超过设定周期未产生学习证据，触发技能衰减,1.2.0,synthetic,true,SRC-SYNTH,2026-09-13T00:00:00+08:00,0.9,synthetic,not_applicable,,team_generated,false,golden
EVT-G002-39,USER-G002,reminder_response,2026-07-18T16:00:00Z,SKILL-008,,,0,completed,neutral,active,low,响应任务提醒并更新完成状态,1.2.0,synthetic,true,SRC-SYNTH,2026-09-13T00:00:00+08:00,0.9,synthetic,not_applicable,,team_generated,false,golden
EVT-G002-40,USER-G002,profile_recalculated,2026-08-04T16:00:00Z,SKILL-026,,,0,completed,neutral,active,low,根据新证据重算画像与岗位匹配度,1.2.0,synthetic,true,SRC-SYNTH,2026-09-13T00:00:00+08:00,0.9,synthetic,not_applicable,,team_generated,false,golden
EVT-G003-01,USER-G003,onboarding,2024-10-10T16:00:00Z,,,,0,completed,neutral,active,low,完成基础信息和学习约束录入,1.2.0,synthetic,true,SRC-SYNTH,2026-09-13T00:00:00+08:00,0.9,synthetic,not_applicable,,team_generated,false,golden
EVT-G003-02,USER-G003,skill_assessment,2024-10-27T16:00:00Z,SKILL-001,,,3,completed,positive,progressing,low,完成能力测评并生成可解释证据,1.2.0,synthetic,true,SRC-SYNTH,2026-09-13T00:00:00+08:00,0.9,synthetic,not_applicable,,team_generated,false,golden
EVT-G003-03,USER-G003,course_started,2024-11-13T16:00:00Z,SKILL-011,RES-0124,,0,completed,neutral,active,low,开始一项与目标能力相关的课程,1.2.0,synthetic,true,SRC-SYNTH,2026-09-13T00:00:00+08:00,0.9,synthetic,not_applicable,,team_generated,false,golden
EVT-G003-04,USER-G003,task_completed,2024-11-30T16:00:00Z,SKILL-014,RES-0134,,2,completed,positive,progressing,low,完成本周学习任务,1.2.0,synthetic,true,SRC-SYNTH,2026-09-13T00:00:00+08:00,0.9,synthetic,not_applicable,,team_generated,false,golden
EVT-G003-05,USER-G003,skill_practice,2024-12-17T16:00:00Z,SKILL-040,RES-0160,,2,completed,positive,progressing,low,完成技能练习并记录反思,1.2.0,synthetic,true,SRC-SYNTH,2026-09-13T00:00:00+08:00,0.9,synthetic,not_applicable,,team_generated,false,golden
EVT-G003-06,USER-G003,course_completed,2025-01-03T16:00:00Z,SKILL-044,RES-0164,,6,completed,positive,progressing,low,完成课程并提交学习总结,1.2.0,synthetic,true,SRC-SYNTH,2026-09-13T00:00:00+08:00,0.9,synthetic,not_applicable,,team_generated,false,golden
EVT-G003-07,USER-G003,project_started,2025-01-20T16:00:00Z,SKILL-048,RES-0168,,0,completed,neutral,active,low,启动实践项目并确认里程碑,1.2.0,synthetic,true,SRC-SYNTH,2026-09-13T00:00:00+08:00,0.9,synthetic,not_applicable,,team_generated,false,golden
EVT-G003-08,USER-G003,job_viewed,2025-02-06T16:00:00Z,,,JOB-DATA-0087,0,completed,neutral,active,low,查看目标岗位及能力要求,1.2.0,synthetic,true,SRC-SYNTH,2026-09-13T00:00:00+08:00,0.9,synthetic,not_applicable,,team_generated,false,golden
EVT-G003-09,USER-G003,feedback_submitted,2025-02-23T16:00:00Z,SKILL-011,,,0,completed,neutral,active,low,提交计划难度和推荐相关性反馈,1.2.0,synthetic,true,SRC-SYNTH,2026-09-13T00:00:00+08:00,0.9,synthetic,not_applicable,,team_generated,false,golden
EVT-G003-10,USER-G003,task_completed,2025-03-12T16:00:00Z,SKILL-014,RES-0314,,2,completed,positive,progressing,low,完成本周学习任务,1.2.0,synthetic,true,SRC-SYNTH,2026-09-13T00:00:00+08:00,0.9,synthetic,not_applicable,,team_generated,false,golden
EVT-G003-11,USER-G003,project_completed,2025-03-29T16:00:00Z,SKILL-040,RES-0146,,8,completed,positive,progressing,low,完成项目、说明文档和复盘,1.2.0,synthetic,true,SRC-SYNTH,2026-09-13T00:00:00+08:00,0.9,synthetic,not_applicable,,team_generated,false,golden
EVT-G003-12,USER-G003,profile_recalculated,2025-04-15T16:00:00Z,SKILL-044,,,0,completed,neutral,active,low,根据新证据重算画像与岗位匹配度,1.2.0,synthetic,true,SRC-SYNTH,2026-09-13T00:00:00+08:00,0.9,synthetic,not_applicable,,team_generated,false,golden
EVT-G003-13,USER-G003,job_saved,2025-05-02T16:00:00Z,,,JOB-DATA-0013,0,completed,neutral,active,low,收藏一个模拟目标岗位,1.2.0,synthetic,true,SRC-SYNTH,2026-09-13T00:00:00+08:00,0.9,synthetic,not_applicable,,team_generated,false,golden
EVT-G003-14,USER-G003,application_submitted,2025-05-19T16:00:00Z,,,JOB-DATA-0014,0,completed,neutral,active,low,向模拟岗位提交申请,1.2.0,synthetic,true,SRC-SYNTH,2026-09-13T00:00:00+08:00,0.9,synthetic,not_applicable,,team_generated,false,golden
EVT-G003-15,USER-G003,interview_result,2025-06-05T16:00:00Z,,,JOB-DATA-0015,0,completed,disappointed,active,low,记录模拟面试反馈,1.2.0,synthetic,true,SRC-SYNTH,2026-09-13T00:00:00+08:00,0.9,synthetic,not_applicable,,team_generated,false,golden
EVT-G003-16,USER-G003,plan_adjusted,2025-06-22T16:00:00Z,SKILL-014,,,0,completed,neutral,plan_rebalanced,low,根据时间和反馈调整学习计划,1.2.0,synthetic,true,SRC-SYNTH,2026-09-13T00:00:00+08:00,0.9,synthetic,not_applicable,,team_generated,false,golden
EVT-G003-17,USER-G003,skill_practice,2025-07-09T16:00:00Z,SKILL-040,RES-0040,,2,completed,positive,progressing,low,完成技能练习并记录反思,1.2.0,synthetic,true,SRC-SYNTH,2026-09-13T00:00:00+08:00,0.9,synthetic,not_applicable,,team_generated,false,golden
EVT-G003-18,USER-G003,inactivity,2025-07-26T16:00:00Z,SKILL-044,,,-4,attention_needed,frustrated,learning_stalled,medium,超过设定周期未产生学习证据，触发技能衰减,1.2.0,synthetic,true,SRC-SYNTH,2026-09-13T00:00:00+08:00,0.9,synthetic,not_applicable,,team_generated,false,golden
EVT-G003-19,USER-G003,reminder_response,2025-08-12T16:00:00Z,SKILL-048,,,0,completed,neutral,active,low,响应任务提醒并更新完成状态,1.2.0,synthetic,true,SRC-SYNTH,2026-09-13T00:00:00+08:00,0.9,synthetic,not_applicable,,team_generated,false,golden
EVT-G003-20,USER-G003,profile_recalculated,2025-08-29T16:00:00Z,SKILL-001,,,0,completed,neutral,active,low,根据新证据重算画像与岗位匹配度,1.2.0,synthetic,true,SRC-SYNTH,2026-09-13T00:00:00+08:00,0.9,synthetic,not_applicable,,team_generated,false,golden
EVT-G003-21,USER-G003,onboarding,2025-09-15T16:00:00Z,,,,0,completed,neutral,active,low,完成基础信息和学习约束录入,1.2.0,synthetic,true,SRC-SYNTH,2026-09-13T00:00:00+08:00,0.9,synthetic,not_applicable,,team_generated,false,golden
EVT-G003-22,USER-G003,skill_assessment,2025-10-02T16:00:00Z,SKILL-014,,,3,completed,positive,progressing,low,完成能力测评并生成可解释证据,1.2.0,synthetic,true,SRC-SYNTH,2026-09-13T00:00:00+08:00,0.9,synthetic,not_applicable,,team_generated,false,golden
EVT-G003-23,USER-G003,course_started,2025-10-19T16:00:00Z,SKILL-040,RES-0026,,0,completed,neutral,active,low,开始一项与目标能力相关的课程,1.2.0,synthetic,true,SRC-SYNTH,2026-09-13T00:00:00+08:00,0.9,synthetic,not_applicable,,team_generated,false,golden
EVT-G003-24,USER-G003,task_completed,2025-11-05T16:00:00Z,SKILL-044,RES-0157,,2,completed,positive,progressing,low,完成本周学习任务,1.2.0,synthetic,true,SRC-SYNTH,2026-09-13T00:00:00+08:00,0.9,synthetic,not_applicable,,team_generated,false,golden
EVT-G003-25,USER-G003,skill_practice,2025-11-22T16:00:00Z,SKILL-048,RES-0041,,2,completed,positive,progressing,low,完成技能练习并记录反思,1.2.0,synthetic,true,SRC-SYNTH,2026-09-13T00:00:00+08:00,0.9,synthetic,not_applicable,,team_generated,false,golden
EVT-G003-26,USER-G003,course_completed,2025-12-09T16:00:00Z,SKILL-001,RES-0121,,6,completed,positive,progressing,low,完成课程并提交学习总结,1.2.0,synthetic,true,SRC-SYNTH,2026-09-13T00:00:00+08:00,0.9,synthetic,not_applicable,,team_generated,false,golden
EVT-G003-27,USER-G003,project_started,2025-12-26T16:00:00Z,SKILL-011,RES-0551,,0,completed,neutral,active,low,启动实践项目并确认里程碑,1.2.0,synthetic,true,SRC-SYNTH,2026-09-13T00:00:00+08:00,0.9,synthetic,not_applicable,,team_generated,false,golden
EVT-G003-28,USER-G003,job_viewed,2026-01-12T16:00:00Z,,,JOB-DATA-0028,0,completed,neutral,active,low,查看目标岗位及能力要求,1.2.0,synthetic,true,SRC-SYNTH,2026-09-13T00:00:00+08:00,0.9,synthetic,not_applicable,,team_generated,false,golden
EVT-G003-29,USER-G003,feedback_submitted,2026-01-29T16:00:00Z,SKILL-040,,,0,completed,neutral,active,low,提交计划难度和推荐相关性反馈,1.2.0,synthetic,true,SRC-SYNTH,2026-09-13T00:00:00+08:00,0.9,synthetic,not_applicable,,team_generated,false,golden
EVT-G003-30,USER-G003,task_completed,2026-02-15T16:00:00Z,SKILL-044,RES-0044,,2,completed,positive,progressing,low,完成本周学习任务,1.2.0,synthetic,true,SRC-SYNTH,2026-09-13T00:00:00+08:00,0.9,synthetic,not_applicable,,team_generated,false,golden
EVT-G003-31,USER-G003,project_completed,2026-03-04T16:00:00Z,SKILL-048,RES-0161,,8,completed,positive,progressing,low,完成项目、说明文档和复盘,1.2.0,synthetic,true,SRC-SYNTH,2026-09-13T00:00:00+08:00,0.9,synthetic,not_applicable,,team_generated,false,golden
EVT-G003-32,USER-G003,profile_recalculated,2026-03-21T16:00:00Z,SKILL-001,,,0,completed,neutral,active,low,根据新证据重算画像与岗位匹配度,1.2.0,synthetic,true,SRC-SYNTH,2026-09-13T00:00:00+08:00,0.9,synthetic,not_applicable,,team_generated,false,golden
EVT-G003-33,USER-G003,goal_changed,2026-04-07T16:00:00Z,SKILL-011,,,0,completed,neutral,active,low,模拟用户从原目标切换到相邻岗位，触发路径重规划,1.2.0,synthetic,true,SRC-SYNTH,2026-09-13T00:00:00+08:00,0.9,synthetic,not_applicable,,team_generated,false,golden
EVT-G003-34,USER-G003,application_submitted,2026-04-24T16:00:00Z,,,JOB-DATA-0034,0,completed,neutral,active,low,向模拟岗位提交申请,1.2.0,synthetic,true,SRC-SYNTH,2026-09-13T00:00:00+08:00,0.9,synthetic,not_applicable,,team_generated,false,golden
EVT-G003-35,USER-G003,interview_result,2026-05-11T16:00:00Z,,,JOB-DATA-0035,0,completed,disappointed,active,low,记录模拟面试反馈,1.2.0,synthetic,true,SRC-SYNTH,2026-09-13T00:00:00+08:00,0.9,synthetic,not_applicable,,team_generated,false,golden
EVT-G003-36,USER-G003,plan_adjusted,2026-05-28T16:00:00Z,SKILL-044,,,0,completed,neutral,plan_rebalanced,low,根据时间和反馈调整学习计划,1.2.0,synthetic,true,SRC-SYNTH,2026-09-13T00:00:00+08:00,0.9,synthetic,not_applicable,,team_generated,false,golden
EVT-G003-37,USER-G003,skill_practice,2026-06-14T16:00:00Z,SKILL-048,RES-0041,,2,completed,positive,progressing,low,完成技能练习并记录反思,1.2.0,synthetic,true,SRC-SYNTH,2026-09-13T00:00:00+08:00,0.9,synthetic,not_applicable,,team_generated,false,golden
EVT-G003-38,USER-G003,inactivity,2026-07-01T16:00:00Z,SKILL-001,,,-4,attention_needed,frustrated,learning_stalled,medium,超过设定周期未产生学习证据，触发技能衰减,1.2.0,synthetic,true,SRC-SYNTH,2026-09-13T00:00:00+08:00,0.9,synthetic,not_applicable,,team_generated,false,golden
EVT-G003-39,USER-G003,reminder_response,2026-07-18T16:00:00Z,SKILL-011,,,0,completed,neutral,active,low,响应任务提醒并更新完成状态,1.2.0,synthetic,true,SRC-SYNTH,2026-09-13T00:00:00+08:00,0.9,synthetic,not_applicable,,team_generated,false,golden
EVT-G003-40,USER-G003,profile_recalculated,2026-08-04T16:00:00Z,SKILL-014,,,0,completed,neutral,active,low,根据新证据重算画像与岗位匹配度,1.2.0,synthetic,true,SRC-SYNTH,2026-09-13T00:00:00+08:00,0.9,synthetic,not_applicable,,team_generated,false,golden
EVT-G004-01,USER-G004,onboarding,2024-10-10T16:00:00Z,,,,0,completed,neutral,active,low,完成基础信息和学习约束录入,1.2.0,synthetic,true,SRC-SYNTH,2026-09-13T00:00:00+08:00,0.9,synthetic,not_applicable,,team_generated,false,golden
EVT-G004-02,USER-G004,skill_assessment,2024-10-27T16:00:00Z,SKILL-002,,,3,completed,positive,progressing,low,完成能力测评并生成可解释证据,1.2.0,synthetic,true,SRC-SYNTH,2026-09-13T00:00:00+08:00,0.9,synthetic,not_applicable,,team_generated,false,golden
EVT-G004-03,USER-G004,course_started,2024-11-13T16:00:00Z,SKILL-017,RES-0130,,0,completed,neutral,active,low,开始一项与目标能力相关的课程,1.2.0,synthetic,true,SRC-SYNTH,2026-09-13T00:00:00+08:00,0.9,synthetic,not_applicable,,team_generated,false,golden
EVT-G004-04,USER-G004,task_completed,2024-11-30T16:00:00Z,SKILL-020,RES-0140,,2,completed,positive,progressing,low,完成本周学习任务,1.2.0,synthetic,true,SRC-SYNTH,2026-09-13T00:00:00+08:00,0.9,synthetic,not_applicable,,team_generated,false,golden
EVT-G004-05,USER-G004,skill_practice,2024-12-17T16:00:00Z,SKILL-023,RES-0076,,2,completed,positive,progressing,low,完成技能练习并记录反思,1.2.0,synthetic,true,SRC-SYNTH,2026-09-13T00:00:00+08:00,0.9,synthetic,not_applicable,,team_generated,false,golden
EVT-G004-06,USER-G004,course_completed,2025-01-03T16:00:00Z,SKILL-033,RES-0153,,6,completed,positive,progressing,low,完成课程并提交学习总结,1.2.0,synthetic,true,SRC-SYNTH,2026-09-13T00:00:00+08:00,0.9,synthetic,not_applicable,,team_generated,false,golden
EVT-G004-07,USER-G004,project_started,2025-01-20T16:00:00Z,SKILL-058,RES-0164,,0,completed,neutral,active,low,启动实践项目并确认里程碑,1.2.0,synthetic,true,SRC-SYNTH,2026-09-13T00:00:00+08:00,0.9,synthetic,not_applicable,,team_generated,false,golden
EVT-G004-08,USER-G004,job_viewed,2025-02-06T16:00:00Z,,,JOB-AI-ALG-0087,0,completed,neutral,active,low,查看目标岗位及能力要求,1.2.0,synthetic,true,SRC-SYNTH,2026-09-13T00:00:00+08:00,0.9,synthetic,not_applicable,,team_generated,false,golden
EVT-G004-09,USER-G004,feedback_submitted,2025-02-23T16:00:00Z,SKILL-017,,,0,completed,neutral,active,low,提交计划难度和推荐相关性反馈,1.2.0,synthetic,true,SRC-SYNTH,2026-09-13T00:00:00+08:00,0.9,synthetic,not_applicable,,team_generated,false,golden
EVT-G004-10,USER-G004,task_completed,2025-03-12T16:00:00Z,SKILL-020,RES-0193,,2,completed,positive,progressing,low,完成本周学习任务,1.2.0,synthetic,true,SRC-SYNTH,2026-09-13T00:00:00+08:00,0.9,synthetic,not_applicable,,team_generated,false,golden
EVT-G004-11,USER-G004,project_completed,2025-03-29T16:00:00Z,SKILL-023,RES-0256,,8,completed,positive,progressing,low,完成项目、说明文档和复盘,1.2.0,synthetic,true,SRC-SYNTH,2026-09-13T00:00:00+08:00,0.9,synthetic,not_applicable,,team_generated,false,golden
EVT-G004-12,USER-G004,profile_recalculated,2025-04-15T16:00:00Z,SKILL-033,,,0,completed,neutral,active,low,根据新证据重算画像与岗位匹配度,1.2.0,synthetic,true,SRC-SYNTH,2026-09-13T00:00:00+08:00,0.9,synthetic,not_applicable,,team_generated,false,golden
EVT-G004-13,USER-G004,job_saved,2025-05-02T16:00:00Z,,,JOB-AI-ALG-0013,0,completed,neutral,active,low,收藏一个模拟目标岗位,1.2.0,synthetic,true,SRC-SYNTH,2026-09-13T00:00:00+08:00,0.9,synthetic,not_applicable,,team_generated,false,golden
EVT-G004-14,USER-G004,application_submitted,2025-05-19T16:00:00Z,,,JOB-AI-ALG-0014,0,completed,neutral,active,low,向模拟岗位提交申请,1.2.0,synthetic,true,SRC-SYNTH,2026-09-13T00:00:00+08:00,0.9,synthetic,not_applicable,,team_generated,false,golden
EVT-G004-15,USER-G004,interview_result,2025-06-05T16:00:00Z,,,JOB-AI-ALG-0015,0,completed,disappointed,active,low,记录模拟面试反馈,1.2.0,synthetic,true,SRC-SYNTH,2026-09-13T00:00:00+08:00,0.9,synthetic,not_applicable,,team_generated,false,golden
EVT-G004-16,USER-G004,plan_adjusted,2025-06-22T16:00:00Z,SKILL-020,,,0,completed,neutral,plan_rebalanced,low,根据时间和反馈调整学习计划,1.2.0,synthetic,true,SRC-SYNTH,2026-09-13T00:00:00+08:00,0.9,synthetic,not_applicable,,team_generated,false,golden
EVT-G004-17,USER-G004,skill_practice,2025-07-09T16:00:00Z,SKILL-023,RES-0436,,2,completed,positive,progressing,low,完成技能练习并记录反思,1.2.0,synthetic,true,SRC-SYNTH,2026-09-13T00:00:00+08:00,0.9,synthetic,not_applicable,,team_generated,false,golden
EVT-G004-18,USER-G004,inactivity,2025-07-26T16:00:00Z,SKILL-033,,,-4,attention_needed,frustrated,learning_stalled,medium,超过设定周期未产生学习证据，触发技能衰减,1.2.0,synthetic,true,SRC-SYNTH,2026-09-13T00:00:00+08:00,0.9,synthetic,not_applicable,,team_generated,false,golden
EVT-G004-19,USER-G004,reminder_response,2025-08-12T16:00:00Z,SKILL-058,,,0,completed,neutral,active,low,响应任务提醒并更新完成状态,1.2.0,synthetic,true,SRC-SYNTH,2026-09-13T00:00:00+08:00,0.9,synthetic,not_applicable,,team_generated,false,golden
EVT-G004-20,USER-G004,profile_recalculated,2025-08-29T16:00:00Z,SKILL-002,,,0,completed,neutral,active,low,根据新证据重算画像与岗位匹配度,1.2.0,synthetic,true,SRC-SYNTH,2026-09-13T00:00:00+08:00,0.9,synthetic,not_applicable,,team_generated,false,golden
EVT-G004-21,USER-G004,onboarding,2025-09-15T16:00:00Z,,,,0,completed,neutral,active,low,完成基础信息和学习约束录入,1.2.0,synthetic,true,SRC-SYNTH,2026-09-13T00:00:00+08:00,0.9,synthetic,not_applicable,,team_generated,false,golden
EVT-G004-22,USER-G004,skill_assessment,2025-10-02T16:00:00Z,SKILL-020,,,3,completed,positive,progressing,low,完成能力测评并生成可解释证据,1.2.0,synthetic,true,SRC-SYNTH,2026-09-13T00:00:00+08:00,0.9,synthetic,not_applicable,,team_generated,false,golden
EVT-G004-23,USER-G004,course_started,2025-10-19T16:00:00Z,SKILL-023,RES-0002,,0,completed,neutral,active,low,开始一项与目标能力相关的课程,1.2.0,synthetic,true,SRC-SYNTH,2026-09-13T00:00:00+08:00,0.9,synthetic,not_applicable,,team_generated,false,golden
EVT-G004-24,USER-G004,task_completed,2025-11-05T16:00:00Z,SKILL-033,RES-0146,,2,completed,positive,progressing,low,完成本周学习任务,1.2.0,synthetic,true,SRC-SYNTH,2026-09-13T00:00:00+08:00,0.9,synthetic,not_applicable,,team_generated,false,golden
EVT-G004-25,USER-G004,skill_practice,2025-11-22T16:00:00Z,SKILL-058,RES-0044,,2,completed,positive,progressing,low,完成技能练习并记录反思,1.2.0,synthetic,true,SRC-SYNTH,2026-09-13T00:00:00+08:00,0.9,synthetic,not_applicable,,team_generated,false,golden
EVT-G004-26,USER-G004,course_completed,2025-12-09T16:00:00Z,SKILL-002,RES-0003,,6,completed,positive,progressing,low,完成课程并提交学习总结,1.2.0,synthetic,true,SRC-SYNTH,2026-09-13T00:00:00+08:00,0.9,synthetic,not_applicable,,team_generated,false,golden
EVT-G004-27,USER-G004,project_started,2025-12-26T16:00:00Z,SKILL-017,RES-0190,,0,completed,neutral,active,low,启动实践项目并确认里程碑,1.2.0,synthetic,true,SRC-SYNTH,2026-09-13T00:00:00+08:00,0.9,synthetic,not_applicable,,team_generated,false,golden
EVT-G004-28,USER-G004,job_viewed,2026-01-12T16:00:00Z,,,JOB-AI-ALG-0028,0,completed,neutral,active,low,查看目标岗位及能力要求,1.2.0,synthetic,true,SRC-SYNTH,2026-09-13T00:00:00+08:00,0.9,synthetic,not_applicable,,team_generated,false,golden
EVT-G004-29,USER-G004,feedback_submitted,2026-01-29T16:00:00Z,SKILL-023,,,0,completed,neutral,active,low,提交计划难度和推荐相关性反馈,1.2.0,synthetic,true,SRC-SYNTH,2026-09-13T00:00:00+08:00,0.9,synthetic,not_applicable,,team_generated,false,golden
EVT-G004-30,USER-G004,task_completed,2026-02-15T16:00:00Z,SKILL-033,RES-0033,,2,completed,positive,progressing,low,完成本周学习任务,1.2.0,synthetic,true,SRC-SYNTH,2026-09-13T00:00:00+08:00,0.9,synthetic,not_applicable,,team_generated,false,golden
EVT-G004-31,USER-G004,project_completed,2026-03-04T16:00:00Z,SKILL-058,RES-0224,,8,completed,positive,progressing,low,完成项目、说明文档和复盘,1.2.0,synthetic,true,SRC-SYNTH,2026-09-13T00:00:00+08:00,0.9,synthetic,not_applicable,,team_generated,false,golden
EVT-G004-32,USER-G004,profile_recalculated,2026-03-21T16:00:00Z,SKILL-002,,,0,completed,neutral,active,low,根据新证据重算画像与岗位匹配度,1.2.0,synthetic,true,SRC-SYNTH,2026-09-13T00:00:00+08:00,0.9,synthetic,not_applicable,,team_generated,false,golden
EVT-G004-33,USER-G004,job_saved,2026-04-07T16:00:00Z,,,JOB-AI-ALG-0033,0,completed,neutral,active,low,收藏一个模拟目标岗位,1.2.0,synthetic,true,SRC-SYNTH,2026-09-13T00:00:00+08:00,0.9,synthetic,not_applicable,,team_generated,false,golden
EVT-G004-34,USER-G004,application_submitted,2026-04-24T16:00:00Z,,,JOB-AI-ALG-0034,0,completed,neutral,active,low,向模拟岗位提交申请,1.2.0,synthetic,true,SRC-SYNTH,2026-09-13T00:00:00+08:00,0.9,synthetic,not_applicable,,team_generated,false,golden
EVT-G004-35,USER-G004,interview_result,2026-05-11T16:00:00Z,,,JOB-AI-ALG-0035,0,completed,disappointed,active,low,记录模拟面试反馈,1.2.0,synthetic,true,SRC-SYNTH,2026-09-13T00:00:00+08:00,0.9,synthetic,not_applicable,,team_generated,false,golden
EVT-G004-36,USER-G004,plan_adjusted,2026-05-28T16:00:00Z,SKILL-033,,,0,completed,neutral,plan_rebalanced,low,根据时间和反馈调整学习计划,1.2.0,synthetic,true,SRC-SYNTH,2026-09-13T00:00:00+08:00,0.9,synthetic,not_applicable,,team_generated,false,golden
EVT-G004-37,USER-G004,skill_practice,2026-06-14T16:00:00Z,SKILL-058,RES-0404,,2,completed,positive,progressing,low,完成技能练习并记录反思,1.2.0,synthetic,true,SRC-SYNTH,2026-09-13T00:00:00+08:00,0.9,synthetic,not_applicable,,team_generated,false,golden
EVT-G004-38,USER-G004,inactivity,2026-07-01T16:00:00Z,SKILL-002,,,-4,attention_needed,frustrated,learning_stalled,medium,超过设定周期未产生学习证据，触发技能衰减,1.2.0,synthetic,true,SRC-SYNTH,2026-09-13T00:00:00+08:00,0.9,synthetic,not_applicable,,team_generated,false,golden
EVT-G004-39,USER-G004,reminder_response,2026-07-18T16:00:00Z,SKILL-017,,,0,completed,neutral,active,low,响应任务提醒并更新完成状态,1.2.0,synthetic,true,SRC-SYNTH,2026-09-13T00:00:00+08:00,0.9,synthetic,not_applicable,,team_generated,false,golden
EVT-G004-40,USER-G004,profile_recalculated,2026-08-04T16:00:00Z,SKILL-020,,,0,completed,neutral,active,low,根据新证据重算画像与岗位匹配度,1.2.0,synthetic,true,SRC-SYNTH,2026-09-13T00:00:00+08:00,0.9,synthetic,not_applicable,,team_generated,false,golden
EVT-G005-01,USER-G005,onboarding,2024-10-10T16:00:00Z,,,,0,completed,neutral,active,low,完成基础信息和学习约束录入,1.2.0,synthetic,true,SRC-SYNTH,2026-09-13T00:00:00+08:00,0.9,synthetic,not_applicable,,team_generated,false,golden
EVT-G005-02,USER-G005,skill_assessment,2024-10-27T16:00:00Z,SKILL-010,,,3,completed,positive,progressing,low,完成能力测评并生成可解释证据,1.2.0,synthetic,true,SRC-SYNTH,2026-09-13T00:00:00+08:00,0.9,synthetic,not_applicable,,team_generated,false,golden
EVT-G005-03,USER-G005,course_started,2024-11-13T16:00:00Z,SKILL-013,RES-0193,,0,completed,neutral,active,low,开始一项与目标能力相关的课程,1.2.0,synthetic,true,SRC-SYNTH,2026-09-13T00:00:00+08:00,0.9,synthetic,not_applicable,,team_generated,false,golden
EVT-G005-04,USER-G005,task_completed,2024-11-30T16:00:00Z,SKILL-016,RES-0136,,2,completed,positive,progressing,low,完成本周学习任务,1.2.0,synthetic,true,SRC-SYNTH,2026-09-13T00:00:00+08:00,0.9,synthetic,not_applicable,,team_generated,false,golden
EVT-G005-05,USER-G005,skill_practice,2024-12-17T16:00:00Z,SKILL-043,RES-0149,,2,completed,positive,progressing,low,完成技能练习并记录反思,1.2.0,synthetic,true,SRC-SYNTH,2026-09-13T00:00:00+08:00,0.9,synthetic,not_applicable,,team_generated,false,golden
EVT-G005-06,USER-G005,course_completed,2025-01-03T16:00:00Z,SKILL-046,RES-0152,,6,completed,positive,progressing,low,完成课程并提交学习总结,1.2.0,synthetic,true,SRC-SYNTH,2026-09-13T00:00:00+08:00,0.9,synthetic,not_applicable,,team_generated,false,golden
EVT-G005-07,USER-G005,project_started,2025-01-20T16:00:00Z,SKILL-054,RES-0174,,0,completed,neutral,active,low,启动实践项目并确认里程碑,1.2.0,synthetic,true,SRC-SYNTH,2026-09-13T00:00:00+08:00,0.9,synthetic,not_applicable,,team_generated,false,golden
EVT-G005-08,USER-G005,job_viewed,2025-02-06T16:00:00Z,,,JOB-DATA-0087,0,completed,neutral,active,low,查看目标岗位及能力要求,1.2.0,synthetic,true,SRC-SYNTH,2026-09-13T00:00:00+08:00,0.9,synthetic,not_applicable,,team_generated,false,golden
EVT-G005-09,USER-G005,feedback_submitted,2025-02-23T16:00:00Z,SKILL-013,,,0,completed,neutral,active,low,提交计划难度和推荐相关性反馈,1.2.0,synthetic,true,SRC-SYNTH,2026-09-13T00:00:00+08:00,0.9,synthetic,not_applicable,,team_generated,false,golden
EVT-G005-10,USER-G005,task_completed,2025-03-12T16:00:00Z,SKILL-016,RES-0556,,2,completed,positive,progressing,low,完成本周学习任务,1.2.0,synthetic,true,SRC-SYNTH,2026-09-13T00:00:00+08:00,0.9,synthetic,not_applicable,,team_generated,false,golden
EVT-G005-11,USER-G005,project_completed,2025-03-29T16:00:00Z,SKILL-043,RES-0029,,8,completed,positive,progressing,low,完成项目、说明文档和复盘,1.2.0,synthetic,true,SRC-SYNTH,2026-09-13T00:00:00+08:00,0.9,synthetic,not_applicable,,team_generated,false,golden
EVT-G005-12,USER-G005,profile_recalculated,2025-04-15T16:00:00Z,SKILL-046,,,0,completed,neutral,active,low,根据新证据重算画像与岗位匹配度,1.2.0,synthetic,true,SRC-SYNTH,2026-09-13T00:00:00+08:00,0.9,synthetic,not_applicable,,team_generated,false,golden
EVT-G005-13,USER-G005,job_saved,2025-05-02T16:00:00Z,,,JOB-DATA-0013,0,completed,neutral,active,low,收藏一个模拟目标岗位,1.2.0,synthetic,true,SRC-SYNTH,2026-09-13T00:00:00+08:00,0.9,synthetic,not_applicable,,team_generated,false,golden
EVT-G005-14,USER-G005,application_submitted,2025-05-19T16:00:00Z,,,JOB-DATA-0014,0,completed,neutral,active,low,向模拟岗位提交申请,1.2.0,synthetic,true,SRC-SYNTH,2026-09-13T00:00:00+08:00,0.9,synthetic,not_applicable,,team_generated,false,golden
EVT-G005-15,USER-G005,interview_result,2025-06-05T16:00:00Z,,,JOB-DATA-0015,0,completed,disappointed,active,low,记录模拟面试反馈,1.2.0,synthetic,true,SRC-SYNTH,2026-09-13T00:00:00+08:00,0.9,synthetic,not_applicable,,team_generated,false,golden
EVT-G005-16,USER-G005,plan_adjusted,2025-06-22T16:00:00Z,SKILL-016,,,0,completed,neutral,plan_rebalanced,low,根据时间和反馈调整学习计划,1.2.0,synthetic,true,SRC-SYNTH,2026-09-13T00:00:00+08:00,0.9,synthetic,not_applicable,,team_generated,false,golden
EVT-G005-17,USER-G005,skill_practice,2025-07-09T16:00:00Z,SKILL-043,RES-0043,,2,completed,positive,progressing,low,完成技能练习并记录反思,1.2.0,synthetic,true,SRC-SYNTH,2026-09-13T00:00:00+08:00,0.9,synthetic,not_applicable,,team_generated,false,golden
EVT-G005-18,USER-G005,inactivity,2025-07-26T16:00:00Z,SKILL-046,,,-4,attention_needed,frustrated,learning_stalled,medium,超过设定周期未产生学习证据，触发技能衰减,1.2.0,synthetic,true,SRC-SYNTH,2026-09-13T00:00:00+08:00,0.9,synthetic,not_applicable,,team_generated,false,golden
EVT-G005-19,USER-G005,reminder_response,2025-08-12T16:00:00Z,SKILL-054,,,0,completed,neutral,active,low,响应任务提醒并更新完成状态,1.2.0,synthetic,true,SRC-SYNTH,2026-09-13T00:00:00+08:00,0.9,synthetic,not_applicable,,team_generated,false,golden
EVT-G005-20,USER-G005,profile_recalculated,2025-08-29T16:00:00Z,SKILL-010,,,0,completed,neutral,active,low,根据新证据重算画像与岗位匹配度,1.2.0,synthetic,true,SRC-SYNTH,2026-09-13T00:00:00+08:00,0.9,synthetic,not_applicable,,team_generated,false,golden
EVT-G005-21,USER-G005,onboarding,2025-09-15T16:00:00Z,,,,0,completed,neutral,active,low,完成基础信息和学习约束录入,1.2.0,synthetic,true,SRC-SYNTH,2026-09-13T00:00:00+08:00,0.9,synthetic,not_applicable,,team_generated,false,golden
EVT-G005-22,USER-G005,skill_assessment,2025-10-02T16:00:00Z,SKILL-016,,,3,completed,positive,progressing,low,完成能力测评并生成可解释证据,1.2.0,synthetic,true,SRC-SYNTH,2026-09-13T00:00:00+08:00,0.9,synthetic,not_applicable,,team_generated,false,golden
EVT-G005-23,USER-G005,course_started,2025-10-19T16:00:00Z,SKILL-043,RES-0149,,0,completed,neutral,active,low,开始一项与目标能力相关的课程,1.2.0,synthetic,true,SRC-SYNTH,2026-09-13T00:00:00+08:00,0.9,synthetic,not_applicable,,team_generated,false,golden
EVT-G005-24,USER-G005,task_completed,2025-11-05T16:00:00Z,SKILL-046,RES-0452,,2,completed,positive,progressing,low,完成本周学习任务,1.2.0,synthetic,true,SRC-SYNTH,2026-09-13T00:00:00+08:00,0.9,synthetic,not_applicable,,team_generated,false,golden
EVT-G005-25,USER-G005,skill_practice,2025-11-22T16:00:00Z,SKILL-054,RES-0005,,2,completed,positive,progressing,low,完成技能练习并记录反思,1.2.0,synthetic,true,SRC-SYNTH,2026-09-13T00:00:00+08:00,0.9,synthetic,not_applicable,,team_generated,false,golden
EVT-G005-26,USER-G005,course_completed,2025-12-09T16:00:00Z,SKILL-010,RES-0176,,6,completed,positive,progressing,low,完成课程并提交学习总结,1.2.0,synthetic,true,SRC-SYNTH,2026-09-13T00:00:00+08:00,0.9,synthetic,not_applicable,,team_generated,false,golden
EVT-G005-27,USER-G005,project_started,2025-12-26T16:00:00Z,SKILL-013,RES-0179,,0,completed,neutral,active,low,启动实践项目并确认里程碑,1.2.0,synthetic,true,SRC-SYNTH,2026-09-13T00:00:00+08:00,0.9,synthetic,not_applicable,,team_generated,false,golden
EVT-G005-28,USER-G005,job_viewed,2026-01-12T16:00:00Z,,,JOB-DATA-0028,0,completed,neutral,active,low,查看目标岗位及能力要求,1.2.0,synthetic,true,SRC-SYNTH,2026-09-13T00:00:00+08:00,0.9,synthetic,not_applicable,,team_generated,false,golden
EVT-G005-29,USER-G005,feedback_submitted,2026-01-29T16:00:00Z,SKILL-043,,,0,completed,neutral,active,low,提交计划难度和推荐相关性反馈,1.2.0,synthetic,true,SRC-SYNTH,2026-09-13T00:00:00+08:00,0.9,synthetic,not_applicable,,team_generated,false,golden
EVT-G005-30,USER-G005,task_completed,2026-02-15T16:00:00Z,SKILL-046,RES-0452,,2,completed,positive,progressing,low,完成本周学习任务,1.2.0,synthetic,true,SRC-SYNTH,2026-09-13T00:00:00+08:00,0.9,synthetic,not_applicable,,team_generated,false,golden
EVT-G005-31,USER-G005,project_completed,2026-03-04T16:00:00Z,SKILL-054,RES-0174,,8,completed,positive,progressing,low,完成项目、说明文档和复盘,1.2.0,synthetic,true,SRC-SYNTH,2026-09-13T00:00:00+08:00,0.9,synthetic,not_applicable,,team_generated,false,golden
EVT-G005-32,USER-G005,profile_recalculated,2026-03-21T16:00:00Z,SKILL-010,,,0,completed,neutral,active,low,根据新证据重算画像与岗位匹配度,1.2.0,synthetic,true,SRC-SYNTH,2026-09-13T00:00:00+08:00,0.9,synthetic,not_applicable,,team_generated,false,golden
EVT-G005-33,USER-G005,job_saved,2026-04-07T16:00:00Z,,,JOB-DATA-0033,0,completed,neutral,active,low,收藏一个模拟目标岗位,1.2.0,synthetic,true,SRC-SYNTH,2026-09-13T00:00:00+08:00,0.9,synthetic,not_applicable,,team_generated,false,golden
EVT-G005-34,USER-G005,application_submitted,2026-04-24T16:00:00Z,,,JOB-DATA-0034,0,completed,neutral,active,low,向模拟岗位提交申请,1.2.0,synthetic,true,SRC-SYNTH,2026-09-13T00:00:00+08:00,0.9,synthetic,not_applicable,,team_generated,false,golden
EVT-G005-35,USER-G005,interview_result,2026-05-11T16:00:00Z,,,JOB-DATA-0035,0,completed,disappointed,active,low,记录模拟面试反馈,1.2.0,synthetic,true,SRC-SYNTH,2026-09-13T00:00:00+08:00,0.9,synthetic,not_applicable,,team_generated,false,golden
EVT-G005-36,USER-G005,plan_adjusted,2026-05-28T16:00:00Z,SKILL-046,,,0,completed,neutral,plan_rebalanced,low,根据时间和反馈调整学习计划,1.2.0,synthetic,true,SRC-SYNTH,2026-09-13T00:00:00+08:00,0.9,synthetic,not_applicable,,team_generated,false,golden
EVT-G005-37,USER-G005,skill_practice,2026-06-14T16:00:00Z,SKILL-054,RES-0005,,2,completed,positive,progressing,low,完成技能练习并记录反思,1.2.0,synthetic,true,SRC-SYNTH,2026-09-13T00:00:00+08:00,0.9,synthetic,not_applicable,,team_generated,false,golden
EVT-G005-38,USER-G005,inactivity,2026-07-01T16:00:00Z,SKILL-010,,,-4,attention_needed,frustrated,learning_stalled,medium,超过设定周期未产生学习证据，触发技能衰减,1.2.0,synthetic,true,SRC-SYNTH,2026-09-13T00:00:00+08:00,0.9,synthetic,not_applicable,,team_generated,false,golden
EVT-G005-39,USER-G005,reminder_response,2026-07-18T16:00:00Z,SKILL-013,,,0,completed,neutral,active,low,响应任务提醒并更新完成状态,1.2.0,synthetic,true,SRC-SYNTH,2026-09-13T00:00:00+08:00,0.9,synthetic,not_applicable,,team_generated,false,golden
EVT-G005-40,USER-G005,profile_recalculated,2026-08-04T16:00:00Z,SKILL-016,,,0,completed,neutral,active,low,根据新证据重算画像与岗位匹配度,1.2.0,synthetic,true,SRC-SYNTH,2026-09-13T00:00:00+08:00,0.9,synthetic,not_applicable,,team_generated,false,golden
EVT-G006-01,USER-G006,onboarding,2024-10-10T16:00:00Z,,,,0,completed,neutral,active,low,完成基础信息和学习约束录入,1.2.0,synthetic,true,SRC-SYNTH,2026-09-13T00:00:00+08:00,0.9,synthetic,not_applicable,,team_generated,false,golden
EVT-G006-02,USER-G006,skill_assessment,2024-10-27T16:00:00Z,SKILL-009,,,3,completed,positive,progressing,low,完成能力测评并生成可解释证据,1.2.0,synthetic,true,SRC-SYNTH,2026-09-13T00:00:00+08:00,0.9,synthetic,not_applicable,,team_generated,false,golden
EVT-G006-03,USER-G006,course_started,2024-11-13T16:00:00Z,SKILL-027,RES-0027,,0,completed,neutral,active,low,开始一项与目标能力相关的课程,1.2.0,synthetic,true,SRC-SYNTH,2026-09-13T00:00:00+08:00,0.9,synthetic,not_applicable,,team_generated,false,golden
EVT-G006-04,USER-G006,task_completed,2024-11-30T16:00:00Z,SKILL-030,RES-0150,,2,completed,positive,progressing,low,完成本周学习任务,1.2.0,synthetic,true,SRC-SYNTH,2026-09-13T00:00:00+08:00,0.9,synthetic,not_applicable,,team_generated,false,golden
EVT-G006-05,USER-G006,skill_practice,2024-12-17T16:00:00Z,SKILL-036,RES-0149,,2,completed,positive,progressing,low,完成技能练习并记录反思,1.2.0,synthetic,true,SRC-SYNTH,2026-09-13T00:00:00+08:00,0.9,synthetic,not_applicable,,team_generated,false,golden
EVT-G006-06,USER-G006,course_completed,2025-01-03T16:00:00Z,SKILL-039,RES-0159,,6,completed,positive,progressing,low,完成课程并提交学习总结,1.2.0,synthetic,true,SRC-SYNTH,2026-09-13T00:00:00+08:00,0.9,synthetic,not_applicable,,team_generated,false,golden
EVT-G006-07,USER-G006,project_started,2025-01-20T16:00:00Z,SKILL-001,RES-0167,,0,completed,neutral,active,low,启动实践项目并确认里程碑,1.2.0,synthetic,true,SRC-SYNTH,2026-09-13T00:00:00+08:00,0.9,synthetic,not_applicable,,team_generated,false,golden
EVT-G006-08,USER-G006,job_viewed,2025-02-06T16:00:00Z,,,JOB-AI-APP-0087,0,completed,neutral,active,low,查看目标岗位及能力要求,1.2.0,synthetic,true,SRC-SYNTH,2026-09-13T00:00:00+08:00,0.9,synthetic,not_applicable,,team_generated,false,golden
EVT-G006-09,USER-G006,feedback_submitted,2025-02-23T16:00:00Z,SKILL-027,,,0,completed,neutral,active,low,提交计划难度和推荐相关性反馈,1.2.0,synthetic,true,SRC-SYNTH,2026-09-13T00:00:00+08:00,0.9,synthetic,not_applicable,,team_generated,false,golden
EVT-G006-10,USER-G006,task_completed,2025-03-12T16:00:00Z,SKILL-030,RES-0030,,2,completed,positive,progressing,low,完成本周学习任务,1.2.0,synthetic,true,SRC-SYNTH,2026-09-13T00:00:00+08:00,0.9,synthetic,not_applicable,,team_generated,false,golden
EVT-G006-11,USER-G006,project_completed,2025-03-29T16:00:00Z,SKILL-036,RES-0029,,8,completed,positive,progressing,low,完成项目、说明文档和复盘,1.2.0,synthetic,true,SRC-SYNTH,2026-09-13T00:00:00+08:00,0.9,synthetic,not_applicable,,team_generated,false,golden
EVT-G006-12,USER-G006,profile_recalculated,2025-04-15T16:00:00Z,SKILL-039,,,0,completed,neutral,active,low,根据新证据重算画像与岗位匹配度,1.2.0,synthetic,true,SRC-SYNTH,2026-09-13T00:00:00+08:00,0.9,synthetic,not_applicable,,team_generated,false,golden
EVT-G006-13,USER-G006,job_saved,2025-05-02T16:00:00Z,,,JOB-AI-APP-0013,0,completed,neutral,active,low,收藏一个模拟目标岗位,1.2.0,synthetic,true,SRC-SYNTH,2026-09-13T00:00:00+08:00,0.9,synthetic,not_applicable,,team_generated,false,golden
EVT-G006-14,USER-G006,application_submitted,2025-05-19T16:00:00Z,,,JOB-AI-APP-0014,0,completed,neutral,active,low,向模拟岗位提交申请,1.2.0,synthetic,true,SRC-SYNTH,2026-09-13T00:00:00+08:00,0.9,synthetic,not_applicable,,team_generated,false,golden
EVT-G006-15,USER-G006,interview_result,2025-06-05T16:00:00Z,,,JOB-AI-APP-0015,0,completed,disappointed,active,low,记录模拟面试反馈,1.2.0,synthetic,true,SRC-SYNTH,2026-09-13T00:00:00+08:00,0.9,synthetic,not_applicable,,team_generated,false,golden
EVT-G006-16,USER-G006,plan_adjusted,2025-06-22T16:00:00Z,SKILL-030,,,0,completed,neutral,plan_rebalanced,low,根据时间和反馈调整学习计划,1.2.0,synthetic,true,SRC-SYNTH,2026-09-13T00:00:00+08:00,0.9,synthetic,not_applicable,,team_generated,false,golden
EVT-G006-17,USER-G006,skill_practice,2025-07-09T16:00:00Z,SKILL-036,RES-0036,,2,completed,positive,progressing,low,完成技能练习并记录反思,1.2.0,synthetic,true,SRC-SYNTH,2026-09-13T00:00:00+08:00,0.9,synthetic,not_applicable,,team_generated,false,golden
EVT-G006-18,USER-G006,inactivity,2025-07-26T16:00:00Z,SKILL-039,,,-4,attention_needed,frustrated,learning_stalled,medium,超过设定周期未产生学习证据，触发技能衰减,1.2.0,synthetic,true,SRC-SYNTH,2026-09-13T00:00:00+08:00,0.9,synthetic,not_applicable,,team_generated,false,golden
EVT-G006-19,USER-G006,reminder_response,2025-08-12T16:00:00Z,SKILL-001,,,0,completed,neutral,active,low,响应任务提醒并更新完成状态,1.2.0,synthetic,true,SRC-SYNTH,2026-09-13T00:00:00+08:00,0.9,synthetic,not_applicable,,team_generated,false,golden
EVT-G006-20,USER-G006,profile_recalculated,2025-08-29T16:00:00Z,SKILL-009,,,0,completed,neutral,active,low,根据新证据重算画像与岗位匹配度,1.2.0,synthetic,true,SRC-SYNTH,2026-09-13T00:00:00+08:00,0.9,synthetic,not_applicable,,team_generated,false,golden
EVT-G006-21,USER-G006,onboarding,2025-09-15T16:00:00Z,,,,0,completed,neutral,active,low,完成基础信息和学习约束录入,1.2.0,synthetic,true,SRC-SYNTH,2026-09-13T00:00:00+08:00,0.9,synthetic,not_applicable,,team_generated,false,golden
EVT-G006-22,USER-G006,skill_assessment,2025-10-02T16:00:00Z,SKILL-030,,,3,completed,positive,progressing,low,完成能力测评并生成可解释证据,1.2.0,synthetic,true,SRC-SYNTH,2026-09-13T00:00:00+08:00,0.9,synthetic,not_applicable,,team_generated,false,golden
EVT-G006-23,USER-G006,course_started,2025-10-19T16:00:00Z,SKILL-036,RES-0149,,0,completed,neutral,active,low,开始一项与目标能力相关的课程,1.2.0,synthetic,true,SRC-SYNTH,2026-09-13T00:00:00+08:00,0.9,synthetic,not_applicable,,team_generated,false,golden
EVT-G006-24,USER-G006,task_completed,2025-11-05T16:00:00Z,SKILL-039,RES-0092,,2,completed,positive,progressing,low,完成本周学习任务,1.2.0,synthetic,true,SRC-SYNTH,2026-09-13T00:00:00+08:00,0.9,synthetic,not_applicable,,team_generated,false,golden
EVT-G006-25,USER-G006,skill_practice,2025-11-22T16:00:00Z,SKILL-001,RES-0181,,2,completed,positive,progressing,low,完成技能练习并记录反思,1.2.0,synthetic,true,SRC-SYNTH,2026-09-13T00:00:00+08:00,0.9,synthetic,not_applicable,,team_generated,false,golden
EVT-G006-26,USER-G006,course_completed,2025-12-09T16:00:00Z,SKILL-009,RES-0129,,6,completed,positive,progressing,low,完成课程并提交学习总结,1.2.0,synthetic,true,SRC-SYNTH,2026-09-13T00:00:00+08:00,0.9,synthetic,not_applicable,,team_generated,false,golden
EVT-G006-27,USER-G006,project_started,2025-12-26T16:00:00Z,SKILL-027,RES-0140,,0,completed,neutral,active,low,启动实践项目并确认里程碑,1.2.0,synthetic,true,SRC-SYNTH,2026-09-13T00:00:00+08:00,0.9,synthetic,not_applicable,,team_generated,false,golden
EVT-G006-28,USER-G006,job_viewed,2026-01-12T16:00:00Z,,,JOB-AI-APP-0028,0,completed,neutral,active,low,查看目标岗位及能力要求,1.2.0,synthetic,true,SRC-SYNTH,2026-09-13T00:00:00+08:00,0.9,synthetic,not_applicable,,team_generated,false,golden
EVT-G006-29,USER-G006,feedback_submitted,2026-01-29T16:00:00Z,SKILL-036,,,0,completed,neutral,active,low,提交计划难度和推荐相关性反馈,1.2.0,synthetic,true,SRC-SYNTH,2026-09-13T00:00:00+08:00,0.9,synthetic,not_applicable,,team_generated,false,golden
EVT-G006-30,USER-G006,task_completed,2026-02-15T16:00:00Z,SKILL-039,RES-0039,,2,completed,positive,progressing,low,完成本周学习任务,1.2.0,synthetic,true,SRC-SYNTH,2026-09-13T00:00:00+08:00,0.9,synthetic,not_applicable,,team_generated,false,golden
EVT-G006-31,USER-G006,project_completed,2026-03-04T16:00:00Z,SKILL-001,RES-0121,,8,completed,positive,progressing,low,完成项目、说明文档和复盘,1.2.0,synthetic,true,SRC-SYNTH,2026-09-13T00:00:00+08:00,0.9,synthetic,not_applicable,,team_generated,false,golden
EVT-G006-32,USER-G006,profile_recalculated,2026-03-21T16:00:00Z,SKILL-009,,,0,completed,neutral,active,low,根据新证据重算画像与岗位匹配度,1.2.0,synthetic,true,SRC-SYNTH,2026-09-13T00:00:00+08:00,0.9,synthetic,not_applicable,,team_generated,false,golden
EVT-G006-33,USER-G006,job_saved,2026-04-07T16:00:00Z,,,JOB-AI-APP-0033,0,completed,neutral,active,low,收藏一个模拟目标岗位,1.2.0,synthetic,true,SRC-SYNTH,2026-09-13T00:00:00+08:00,0.9,synthetic,not_applicable,,team_generated,false,golden
EVT-G006-34,USER-G006,application_submitted,2026-04-24T16:00:00Z,,,JOB-AI-APP-0034,0,completed,neutral,active,low,向模拟岗位提交申请,1.2.0,synthetic,true,SRC-SYNTH,2026-09-13T00:00:00+08:00,0.9,synthetic,not_applicable,,team_generated,false,golden
EVT-G006-35,USER-G006,interview_result,2026-05-11T16:00:00Z,,,JOB-AI-APP-0035,0,completed,disappointed,active,low,记录模拟面试反馈,1.2.0,synthetic,true,SRC-SYNTH,2026-09-13T00:00:00+08:00,0.9,synthetic,not_applicable,,team_generated,false,golden
EVT-G006-36,USER-G006,plan_adjusted,2026-05-28T16:00:00Z,SKILL-039,,,0,completed,neutral,plan_rebalanced,low,根据时间和反馈调整学习计划,1.2.0,synthetic,true,SRC-SYNTH,2026-09-13T00:00:00+08:00,0.9,synthetic,not_applicable,,team_generated,false,golden
EVT-G006-37,USER-G006,skill_practice,2026-06-14T16:00:00Z,SKILL-001,RES-0541,,2,completed,positive,progressing,low,完成技能练习并记录反思,1.2.0,synthetic,true,SRC-SYNTH,2026-09-13T00:00:00+08:00,0.9,synthetic,not_applicable,,team_generated,false,golden
EVT-G006-38,USER-G006,inactivity,2026-07-01T16:00:00Z,SKILL-009,,,-4,attention_needed,frustrated,learning_stalled,medium,超过设定周期未产生学习证据，触发技能衰减,1.2.0,synthetic,true,SRC-SYNTH,2026-09-13T00:00:00+08:00,0.9,synthetic,not_applicable,,team_generated,false,golden
EVT-G006-39,USER-G006,reminder_response,2026-07-18T16:00:00Z,SKILL-027,,,0,completed,neutral,active,low,响应任务提醒并更新完成状态,1.2.0,synthetic,true,SRC-SYNTH,2026-09-13T00:00:00+08:00,0.9,synthetic,not_applicable,,team_generated,false,golden
EVT-G006-40,USER-G006,profile_recalculated,2026-08-04T16:00:00Z,SKILL-030,,,0,completed,neutral,active,low,根据新证据重算画像与岗位匹配度,1.2.0,synthetic,true,SRC-SYNTH,2026-09-13T00:00:00+08:00,0.9,synthetic,not_applicable,,team_generated,false,golden
EVT-G007-01,USER-G007,onboarding,2024-10-10T16:00:00Z,,,,0,completed,neutral,active,low,完成基础信息和学习约束录入,1.2.0,synthetic,true,SRC-SYNTH,2026-09-13T00:00:00+08:00,0.9,synthetic,not_applicable,,team_generated,false,golden
EVT-G007-02,USER-G007,skill_assessment,2024-10-27T16:00:00Z,SKILL-025,,,3,completed,positive,progressing,low,完成能力测评并生成可解释证据,1.2.0,synthetic,true,SRC-SYNTH,2026-09-13T00:00:00+08:00,0.9,synthetic,not_applicable,,team_generated,false,golden
EVT-G007-03,USER-G007,course_started,2024-11-13T16:00:00Z,SKILL-028,RES-0148,,0,completed,neutral,active,low,开始一项与目标能力相关的课程,1.2.0,synthetic,true,SRC-SYNTH,2026-09-13T00:00:00+08:00,0.9,synthetic,not_applicable,,team_generated,false,golden
EVT-G007-04,USER-G007,task_completed,2024-11-30T16:00:00Z,SKILL-034,RES-0140,,2,completed,positive,progressing,low,完成本周学习任务,1.2.0,synthetic,true,SRC-SYNTH,2026-09-13T00:00:00+08:00,0.9,synthetic,not_applicable,,team_generated,false,golden
EVT-G007-05,USER-G007,skill_practice,2024-12-17T16:00:00Z,SKILL-037,RES-0143,,2,completed,positive,progressing,low,完成技能练习并记录反思,1.2.0,synthetic,true,SRC-SYNTH,2026-09-13T00:00:00+08:00,0.9,synthetic,not_applicable,,team_generated,false,golden
EVT-G007-06,USER-G007,course_completed,2025-01-03T16:00:00Z,SKILL-043,RES-0163,,6,completed,positive,progressing,low,完成课程并提交学习总结,1.2.0,synthetic,true,SRC-SYNTH,2026-09-13T00:00:00+08:00,0.9,synthetic,not_applicable,,team_generated,false,golden
EVT-G007-07,USER-G007,project_started,2025-01-20T16:00:00Z,SKILL-007,RES-0427,,0,completed,neutral,active,low,启动实践项目并确认里程碑,1.2.0,synthetic,true,SRC-SYNTH,2026-09-13T00:00:00+08:00,0.9,synthetic,not_applicable,,team_generated,false,golden
EVT-G007-08,USER-G007,job_viewed,2025-02-06T16:00:00Z,,,JOB-AI-APP-0087,0,completed,neutral,active,low,查看目标岗位及能力要求,1.2.0,synthetic,true,SRC-SYNTH,2026-09-13T00:00:00+08:00,0.9,synthetic,not_applicable,,team_generated,false,golden
EVT-G007-09,USER-G007,feedback_submitted,2025-02-23T16:00:00Z,SKILL-028,,,0,completed,neutral,active,low,提交计划难度和推荐相关性反馈,1.2.0,synthetic,true,SRC-SYNTH,2026-09-13T00:00:00+08:00,0.9,synthetic,not_applicable,,team_generated,false,golden
EVT-G007-10,USER-G007,task_completed,2025-03-12T16:00:00Z,SKILL-034,RES-0440,,2,completed,positive,progressing,low,完成本周学习任务,1.2.0,synthetic,true,SRC-SYNTH,2026-09-13T00:00:00+08:00,0.9,synthetic,not_applicable,,team_generated,false,golden
EVT-G007-11,USER-G007,project_completed,2025-03-29T16:00:00Z,SKILL-037,RES-0157,,8,completed,positive,progressing,low,完成项目、说明文档和复盘,1.2.0,synthetic,true,SRC-SYNTH,2026-09-13T00:00:00+08:00,0.9,synthetic,not_applicable,,team_generated,false,golden
EVT-G007-12,USER-G007,profile_recalculated,2025-04-15T16:00:00Z,SKILL-043,,,0,completed,neutral,active,low,根据新证据重算画像与岗位匹配度,1.2.0,synthetic,true,SRC-SYNTH,2026-09-13T00:00:00+08:00,0.9,synthetic,not_applicable,,team_generated,false,golden
EVT-G007-13,USER-G007,job_saved,2025-05-02T16:00:00Z,,,JOB-AI-APP-0013,0,completed,neutral,active,low,收藏一个模拟目标岗位,1.2.0,synthetic,true,SRC-SYNTH,2026-09-13T00:00:00+08:00,0.9,synthetic,not_applicable,,team_generated,false,golden
EVT-G007-14,USER-G007,application_submitted,2025-05-19T16:00:00Z,,,JOB-AI-APP-0014,0,completed,neutral,active,low,向模拟岗位提交申请,1.2.0,synthetic,true,SRC-SYNTH,2026-09-13T00:00:00+08:00,0.9,synthetic,not_applicable,,team_generated,false,golden
EVT-G007-15,USER-G007,interview_result,2025-06-05T16:00:00Z,,,JOB-AI-APP-0015,0,completed,disappointed,active,low,记录模拟面试反馈,1.2.0,synthetic,true,SRC-SYNTH,2026-09-13T00:00:00+08:00,0.9,synthetic,not_applicable,,team_generated,false,golden
EVT-G007-16,USER-G007,plan_adjusted,2025-06-22T16:00:00Z,SKILL-034,,,0,completed,neutral,plan_rebalanced,low,根据时间和反馈调整学习计划,1.2.0,synthetic,true,SRC-SYNTH,2026-09-13T00:00:00+08:00,0.9,synthetic,not_applicable,,team_generated,false,golden
EVT-G007-17,USER-G007,skill_practice,2025-07-09T16:00:00Z,SKILL-037,RES-0143,,2,completed,positive,progressing,low,完成技能练习并记录反思,1.2.0,synthetic,true,SRC-SYNTH,2026-09-13T00:00:00+08:00,0.9,synthetic,not_applicable,,team_generated,false,golden
EVT-G007-18,USER-G007,inactivity,2025-07-26T16:00:00Z,SKILL-043,,,-4,attention_needed,frustrated,learning_stalled,medium,超过设定周期未产生学习证据，触发技能衰减,1.2.0,synthetic,true,SRC-SYNTH,2026-09-13T00:00:00+08:00,0.9,synthetic,not_applicable,,team_generated,false,golden
EVT-G007-19,USER-G007,reminder_response,2025-08-12T16:00:00Z,SKILL-007,,,0,completed,neutral,active,low,响应任务提醒并更新完成状态,1.2.0,synthetic,true,SRC-SYNTH,2026-09-13T00:00:00+08:00,0.9,synthetic,not_applicable,,team_generated,false,golden
EVT-G007-20,USER-G007,profile_recalculated,2025-08-29T16:00:00Z,SKILL-025,,,0,completed,neutral,active,low,根据新证据重算画像与岗位匹配度,1.2.0,synthetic,true,SRC-SYNTH,2026-09-13T00:00:00+08:00,0.9,synthetic,not_applicable,,team_generated,false,golden
EVT-G007-21,USER-G007,onboarding,2025-09-15T16:00:00Z,,,,0,completed,neutral,active,low,完成基础信息和学习约束录入,1.2.0,synthetic,true,SRC-SYNTH,2026-09-13T00:00:00+08:00,0.9,synthetic,not_applicable,,team_generated,false,golden
EVT-G007-22,USER-G007,skill_assessment,2025-10-02T16:00:00Z,SKILL-034,,,3,completed,positive,progressing,low,完成能力测评并生成可解释证据,1.2.0,synthetic,true,SRC-SYNTH,2026-09-13T00:00:00+08:00,0.9,synthetic,not_applicable,,team_generated,false,golden
EVT-G007-23,USER-G007,course_started,2025-10-19T16:00:00Z,SKILL-037,RES-0037,,0,completed,neutral,active,low,开始一项与目标能力相关的课程,1.2.0,synthetic,true,SRC-SYNTH,2026-09-13T00:00:00+08:00,0.9,synthetic,not_applicable,,team_generated,false,golden
EVT-G007-24,USER-G007,task_completed,2025-11-05T16:00:00Z,SKILL-043,RES-0163,,2,completed,positive,progressing,low,完成本周学习任务,1.2.0,synthetic,true,SRC-SYNTH,2026-09-13T00:00:00+08:00,0.9,synthetic,not_applicable,,team_generated,false,golden
EVT-G007-25,USER-G007,skill_practice,2025-11-22T16:00:00Z,SKILL-007,RES-0187,,2,completed,positive,progressing,low,完成技能练习并记录反思,1.2.0,synthetic,true,SRC-SYNTH,2026-09-13T00:00:00+08:00,0.9,synthetic,not_applicable,,team_generated,false,golden
EVT-G007-26,USER-G007,course_completed,2025-12-09T16:00:00Z,SKILL-025,RES-0431,,6,completed,positive,progressing,low,完成课程并提交学习总结,1.2.0,synthetic,true,SRC-SYNTH,2026-09-13T00:00:00+08:00,0.9,synthetic,not_applicable,,team_generated,false,golden
EVT-G007-27,USER-G007,project_started,2025-12-26T16:00:00Z,SKILL-028,RES-0554,,0,completed,neutral,active,low,启动实践项目并确认里程碑,1.2.0,synthetic,true,SRC-SYNTH,2026-09-13T00:00:00+08:00,0.9,synthetic,not_applicable,,team_generated,false,golden
EVT-G007-28,USER-G007,job_viewed,2026-01-12T16:00:00Z,,,JOB-AI-APP-0028,0,completed,neutral,active,low,查看目标岗位及能力要求,1.2.0,synthetic,true,SRC-SYNTH,2026-09-13T00:00:00+08:00,0.9,synthetic,not_applicable,,team_generated,false,golden
EVT-G007-29,USER-G007,feedback_submitted,2026-01-29T16:00:00Z,SKILL-037,,,0,completed,neutral,active,low,提交计划难度和推荐相关性反馈,1.2.0,synthetic,true,SRC-SYNTH,2026-09-13T00:00:00+08:00,0.9,synthetic,not_applicable,,team_generated,false,golden
EVT-G007-30,USER-G007,task_completed,2026-02-15T16:00:00Z,SKILL-043,RES-0449,,2,completed,positive,progressing,low,完成本周学习任务,1.2.0,synthetic,true,SRC-SYNTH,2026-09-13T00:00:00+08:00,0.9,synthetic,not_applicable,,team_generated,false,golden
EVT-G007-31,USER-G007,project_completed,2026-03-04T16:00:00Z,SKILL-007,RES-0367,,8,completed,positive,progressing,low,完成项目、说明文档和复盘,1.2.0,synthetic,true,SRC-SYNTH,2026-09-13T00:00:00+08:00,0.9,synthetic,not_applicable,,team_generated,false,golden
EVT-G007-32,USER-G007,profile_recalculated,2026-03-21T16:00:00Z,SKILL-025,,,0,completed,neutral,active,low,根据新证据重算画像与岗位匹配度,1.2.0,synthetic,true,SRC-SYNTH,2026-09-13T00:00:00+08:00,0.9,synthetic,not_applicable,,team_generated,false,golden
EVT-G007-33,USER-G007,job_saved,2026-04-07T16:00:00Z,,,JOB-AI-APP-0033,0,completed,neutral,active,low,收藏一个模拟目标岗位,1.2.0,synthetic,true,SRC-SYNTH,2026-09-13T00:00:00+08:00,0.9,synthetic,not_applicable,,team_generated,false,golden
EVT-G007-34,USER-G007,application_submitted,2026-04-24T16:00:00Z,,,JOB-AI-APP-0034,0,completed,neutral,active,low,向模拟岗位提交申请,1.2.0,synthetic,true,SRC-SYNTH,2026-09-13T00:00:00+08:00,0.9,synthetic,not_applicable,,team_generated,false,golden
EVT-G007-35,USER-G007,interview_result,2026-05-11T16:00:00Z,,,JOB-AI-APP-0035,0,completed,disappointed,active,low,记录模拟面试反馈,1.2.0,synthetic,true,SRC-SYNTH,2026-09-13T00:00:00+08:00,0.9,synthetic,not_applicable,,team_generated,false,golden
EVT-G007-36,USER-G007,plan_adjusted,2026-05-28T16:00:00Z,SKILL-043,,,0,completed,neutral,plan_rebalanced,low,根据时间和反馈调整学习计划,1.2.0,synthetic,true,SRC-SYNTH,2026-09-13T00:00:00+08:00,0.9,synthetic,not_applicable,,team_generated,false,golden
EVT-G007-37,USER-G007,skill_practice,2026-06-14T16:00:00Z,SKILL-007,RES-0547,,2,completed,positive,progressing,low,完成技能练习并记录反思,1.2.0,synthetic,true,SRC-SYNTH,2026-09-13T00:00:00+08:00,0.9,synthetic,not_applicable,,team_generated,false,golden
EVT-G007-38,USER-G007,inactivity,2026-07-01T16:00:00Z,SKILL-025,,,-4,attention_needed,frustrated,learning_stalled,medium,超过设定周期未产生学习证据，触发技能衰减,1.2.0,synthetic,true,SRC-SYNTH,2026-09-13T00:00:00+08:00,0.9,synthetic,not_applicable,,team_generated,false,golden
EVT-G007-39,USER-G007,reminder_response,2026-07-18T16:00:00Z,SKILL-028,,,0,completed,neutral,active,low,响应任务提醒并更新完成状态,1.2.0,synthetic,true,SRC-SYNTH,2026-09-13T00:00:00+08:00,0.9,synthetic,not_applicable,,team_generated,false,golden
EVT-G007-40,USER-G007,profile_recalculated,2026-08-04T16:00:00Z,SKILL-034,,,0,completed,neutral,active,low,根据新证据重算画像与岗位匹配度,1.2.0,synthetic,true,SRC-SYNTH,2026-09-13T00:00:00+08:00,0.9,synthetic,not_applicable,,team_generated,false,golden
EVT-G008-01,USER-G008,onboarding,2024-10-10T16:00:00Z,,,,0,completed,neutral,active,low,完成基础信息和学习约束录入,1.2.0,synthetic,true,SRC-SYNTH,2026-09-13T00:00:00+08:00,0.9,synthetic,not_applicable,,team_generated,false,golden
EVT-G008-02,USER-G008,skill_assessment,2024-10-27T16:00:00Z,SKILL-013,,,3,completed,positive,progressing,low,完成能力测评并生成可解释证据,1.2.0,synthetic,true,SRC-SYNTH,2026-09-13T00:00:00+08:00,0.9,synthetic,not_applicable,,team_generated,false,golden
EVT-G008-03,USER-G008,course_started,2024-11-13T16:00:00Z,SKILL-016,RES-0122,,0,completed,neutral,active,low,开始一项与目标能力相关的课程,1.2.0,synthetic,true,SRC-SYNTH,2026-09-13T00:00:00+08:00,0.9,synthetic,not_applicable,,team_generated,false,golden
EVT-G008-04,USER-G008,task_completed,2024-11-30T16:00:00Z,SKILL-043,RES-0163,,2,completed,positive,progressing,low,完成本周学习任务,1.2.0,synthetic,true,SRC-SYNTH,2026-09-13T00:00:00+08:00,0.9,synthetic,not_applicable,,team_generated,false,golden
EVT-G008-05,USER-G008,skill_practice,2024-12-17T16:00:00Z,SKILL-046,RES-0166,,2,completed,positive,progressing,low,完成技能练习并记录反思,1.2.0,synthetic,true,SRC-SYNTH,2026-09-13T00:00:00+08:00,0.9,synthetic,not_applicable,,team_generated,false,golden
EVT-G008-06,USER-G008,course_completed,2025-01-03T16:00:00Z,SKILL-054,RES-0167,,6,completed,positive,progressing,low,完成课程并提交学习总结,1.2.0,synthetic,true,SRC-SYNTH,2026-09-13T00:00:00+08:00,0.9,synthetic,not_applicable,,team_generated,false,golden
EVT-G008-07,USER-G008,project_started,2025-01-20T16:00:00Z,SKILL-010,RES-0130,,0,completed,neutral,active,low,启动实践项目并确认里程碑,1.2.0,synthetic,true,SRC-SYNTH,2026-09-13T00:00:00+08:00,0.9,synthetic,not_applicable,,team_generated,false,golden
EVT-G008-08,USER-G008,job_viewed,2025-02-06T16:00:00Z,,,JOB-DATA-0087,0,completed,neutral,active,low,查看目标岗位及能力要求,1.2.0,synthetic,true,SRC-SYNTH,2026-09-13T00:00:00+08:00,0.9,synthetic,not_applicable,,team_generated,false,golden
EVT-G008-09,USER-G008,feedback_submitted,2025-02-23T16:00:00Z,SKILL-016,,,0,completed,neutral,active,low,提交计划难度和推荐相关性反馈,1.2.0,synthetic,true,SRC-SYNTH,2026-09-13T00:00:00+08:00,0.9,synthetic,not_applicable,,team_generated,false,golden
EVT-G008-10,USER-G008,task_completed,2025-03-12T16:00:00Z,SKILL-043,RES-0449,,2,completed,positive,progressing,low,完成本周学习任务,1.2.0,synthetic,true,SRC-SYNTH,2026-09-13T00:00:00+08:00,0.9,synthetic,not_applicable,,team_generated,false,golden
EVT-G008-11,USER-G008,project_completed,2025-03-29T16:00:00Z,SKILL-046,RES-0166,,8,completed,positive,progressing,low,完成项目、说明文档和复盘,1.2.0,synthetic,true,SRC-SYNTH,2026-09-13T00:00:00+08:00,0.9,synthetic,not_applicable,,team_generated,false,golden
EVT-G008-12,USER-G008,profile_recalculated,2025-04-15T16:00:00Z,SKILL-054,,,0,completed,neutral,active,low,根据新证据重算画像与岗位匹配度,1.2.0,synthetic,true,SRC-SYNTH,2026-09-13T00:00:00+08:00,0.9,synthetic,not_applicable,,team_generated,false,golden
EVT-G008-13,USER-G008,job_saved,2025-05-02T16:00:00Z,,,JOB-DATA-0013,0,completed,neutral,active,low,收藏一个模拟目标岗位,1.2.0,synthetic,true,SRC-SYNTH,2026-09-13T00:00:00+08:00,0.9,synthetic,not_applicable,,team_generated,false,golden
EVT-G008-14,USER-G008,application_submitted,2025-05-19T16:00:00Z,,,JOB-DATA-0014,0,completed,neutral,active,low,向模拟岗位提交申请,1.2.0,synthetic,true,SRC-SYNTH,2026-09-13T00:00:00+08:00,0.9,synthetic,not_applicable,,team_generated,false,golden
EVT-G008-15,USER-G008,interview_result,2025-06-05T16:00:00Z,,,JOB-DATA-0015,0,completed,disappointed,active,low,记录模拟面试反馈,1.2.0,synthetic,true,SRC-SYNTH,2026-09-13T00:00:00+08:00,0.9,synthetic,not_applicable,,team_generated,false,golden
EVT-G008-16,USER-G008,plan_adjusted,2025-06-22T16:00:00Z,SKILL-043,,,0,completed,neutral,plan_rebalanced,low,根据时间和反馈调整学习计划,1.2.0,synthetic,true,SRC-SYNTH,2026-09-13T00:00:00+08:00,0.9,synthetic,not_applicable,,team_generated,false,golden
EVT-G008-17,USER-G008,skill_practice,2025-07-09T16:00:00Z,SKILL-046,RES-0166,,2,completed,positive,progressing,low,完成技能练习并记录反思,1.2.0,synthetic,true,SRC-SYNTH,2026-09-13T00:00:00+08:00,0.9,synthetic,not_applicable,,team_generated,false,golden
EVT-G008-18,USER-G008,inactivity,2025-07-26T16:00:00Z,SKILL-054,,,-4,attention_needed,frustrated,learning_stalled,medium,超过设定周期未产生学习证据，触发技能衰减,1.2.0,synthetic,true,SRC-SYNTH,2026-09-13T00:00:00+08:00,0.9,synthetic,not_applicable,,team_generated,false,golden
EVT-G008-19,USER-G008,reminder_response,2025-08-12T16:00:00Z,SKILL-010,,,0,completed,neutral,active,low,响应任务提醒并更新完成状态,1.2.0,synthetic,true,SRC-SYNTH,2026-09-13T00:00:00+08:00,0.9,synthetic,not_applicable,,team_generated,false,golden
EVT-G008-20,USER-G008,profile_recalculated,2025-08-29T16:00:00Z,SKILL-013,,,0,completed,neutral,active,low,根据新证据重算画像与岗位匹配度,1.2.0,synthetic,true,SRC-SYNTH,2026-09-13T00:00:00+08:00,0.9,synthetic,not_applicable,,team_generated,false,golden
EVT-G008-21,USER-G008,onboarding,2025-09-15T16:00:00Z,,,,0,completed,neutral,active,low,完成基础信息和学习约束录入,1.2.0,synthetic,true,SRC-SYNTH,2026-09-13T00:00:00+08:00,0.9,synthetic,not_applicable,,team_generated,false,golden
EVT-G008-22,USER-G008,skill_assessment,2025-10-02T16:00:00Z,SKILL-043,,,3,completed,positive,progressing,low,完成能力测评并生成可解释证据,1.2.0,synthetic,true,SRC-SYNTH,2026-09-13T00:00:00+08:00,0.9,synthetic,not_applicable,,team_generated,false,golden
EVT-G008-23,USER-G008,course_started,2025-10-19T16:00:00Z,SKILL-046,RES-0032,,0,completed,neutral,active,low,开始一项与目标能力相关的课程,1.2.0,synthetic,true,SRC-SYNTH,2026-09-13T00:00:00+08:00,0.9,synthetic,not_applicable,,team_generated,false,golden
EVT-G008-24,USER-G008,task_completed,2025-11-05T16:00:00Z,SKILL-054,RES-0594,,2,completed,positive,progressing,low,完成本周学习任务,1.2.0,synthetic,true,SRC-SYNTH,2026-09-13T00:00:00+08:00,0.9,synthetic,not_applicable,,team_generated,false,golden
EVT-G008-25,USER-G008,skill_practice,2025-11-22T16:00:00Z,SKILL-010,RES-0190,,2,completed,positive,progressing,low,完成技能练习并记录反思,1.2.0,synthetic,true,SRC-SYNTH,2026-09-13T00:00:00+08:00,0.9,synthetic,not_applicable,,team_generated,false,golden
EVT-G008-26,USER-G008,course_completed,2025-12-09T16:00:00Z,SKILL-013,RES-0133,,6,completed,positive,progressing,low,完成课程并提交学习总结,1.2.0,synthetic,true,SRC-SYNTH,2026-09-13T00:00:00+08:00,0.9,synthetic,not_applicable,,team_generated,false,golden
EVT-G008-27,USER-G008,project_started,2025-12-26T16:00:00Z,SKILL-016,RES-0422,,0,completed,neutral,active,low,启动实践项目并确认里程碑,1.2.0,synthetic,true,SRC-SYNTH,2026-09-13T00:00:00+08:00,0.9,synthetic,not_applicable,,team_generated,false,golden
EVT-G008-28,USER-G008,job_viewed,2026-01-12T16:00:00Z,,,JOB-DATA-0028,0,completed,neutral,active,low,查看目标岗位及能力要求,1.2.0,synthetic,true,SRC-SYNTH,2026-09-13T00:00:00+08:00,0.9,synthetic,not_applicable,,team_generated,false,golden
EVT-G008-29,USER-G008,feedback_submitted,2026-01-29T16:00:00Z,SKILL-046,,,0,completed,neutral,active,low,提交计划难度和推荐相关性反馈,1.2.0,synthetic,true,SRC-SYNTH,2026-09-13T00:00:00+08:00,0.9,synthetic,not_applicable,,team_generated,false,golden
EVT-G008-30,USER-G008,task_completed,2026-02-15T16:00:00Z,SKILL-054,RES-0167,,2,completed,positive,progressing,low,完成本周学习任务,1.2.0,synthetic,true,SRC-SYNTH,2026-09-13T00:00:00+08:00,0.9,synthetic,not_applicable,,team_generated,false,golden
EVT-G008-31,USER-G008,project_completed,2026-03-04T16:00:00Z,SKILL-010,RES-0130,,8,completed,positive,progressing,low,完成项目、说明文档和复盘,1.2.0,synthetic,true,SRC-SYNTH,2026-09-13T00:00:00+08:00,0.9,synthetic,not_applicable,,team_generated,false,golden
EVT-G008-32,USER-G008,profile_recalculated,2026-03-21T16:00:00Z,SKILL-013,,,0,completed,neutral,active,low,根据新证据重算画像与岗位匹配度,1.2.0,synthetic,true,SRC-SYNTH,2026-09-13T00:00:00+08:00,0.9,synthetic,not_applicable,,team_generated,false,golden
EVT-G008-33,USER-G008,job_saved,2026-04-07T16:00:00Z,,,JOB-DATA-0033,0,completed,neutral,active,low,收藏一个模拟目标岗位,1.2.0,synthetic,true,SRC-SYNTH,2026-09-13T00:00:00+08:00,0.9,synthetic,not_applicable,,team_generated,false,golden
EVT-G008-34,USER-G008,application_submitted,2026-04-24T16:00:00Z,,,JOB-DATA-0034,0,completed,neutral,active,low,向模拟岗位提交申请,1.2.0,synthetic,true,SRC-SYNTH,2026-09-13T00:00:00+08:00,0.9,synthetic,not_applicable,,team_generated,false,golden
EVT-G008-35,USER-G008,interview_result,2026-05-11T16:00:00Z,,,JOB-DATA-0035,0,completed,disappointed,active,low,记录模拟面试反馈,1.2.0,synthetic,true,SRC-SYNTH,2026-09-13T00:00:00+08:00,0.9,synthetic,not_applicable,,team_generated,false,golden
EVT-G008-36,USER-G008,plan_adjusted,2026-05-28T16:00:00Z,SKILL-054,,,0,completed,neutral,plan_rebalanced,low,根据时间和反馈调整学习计划,1.2.0,synthetic,true,SRC-SYNTH,2026-09-13T00:00:00+08:00,0.9,synthetic,not_applicable,,team_generated,false,golden
EVT-G008-37,USER-G008,skill_practice,2026-06-14T16:00:00Z,SKILL-010,RES-0550,,2,completed,positive,progressing,low,完成技能练习并记录反思,1.2.0,synthetic,true,SRC-SYNTH,2026-09-13T00:00:00+08:00,0.9,synthetic,not_applicable,,team_generated,false,golden
EVT-G008-38,USER-G008,inactivity,2026-07-01T16:00:00Z,SKILL-013,,,-4,attention_needed,frustrated,learning_stalled,medium,超过设定周期未产生学习证据，触发技能衰减,1.2.0,synthetic,true,SRC-SYNTH,2026-09-13T00:00:00+08:00,0.9,synthetic,not_applicable,,team_generated,false,golden
EVT-G008-39,USER-G008,reminder_response,2026-07-18T16:00:00Z,SKILL-016,,,0,completed,neutral,active,low,响应任务提醒并更新完成状态,1.2.0,synthetic,true,SRC-SYNTH,2026-09-13T00:00:00+08:00,0.9,synthetic,not_applicable,,team_generated,false,golden
EVT-G008-40,USER-G008,profile_recalculated,2026-08-04T16:00:00Z,SKILL-043,,,0,completed,neutral,active,low,根据新证据重算画像与岗位匹配度,1.2.0,synthetic,true,SRC-SYNTH,2026-09-13T00:00:00+08:00,0.9,synthetic,not_applicable,,team_generated,false,golden
EVT-G009-01,USER-G009,onboarding,2024-10-10T16:00:00Z,,,,0,completed,neutral,active,low,完成基础信息和学习约束录入,1.2.0,synthetic,true,SRC-SYNTH,2026-09-13T00:00:00+08:00,0.9,synthetic,not_applicable,,team_generated,false,golden
EVT-G009-02,USER-G009,skill_assessment,2024-10-27T16:00:00Z,SKILL-027,,,3,completed,positive,progressing,low,完成能力测评并生成可解释证据,1.2.0,synthetic,true,SRC-SYNTH,2026-09-13T00:00:00+08:00,0.9,synthetic,not_applicable,,team_generated,false,golden
EVT-G009-03,USER-G009,course_started,2024-11-13T16:00:00Z,SKILL-030,RES-0030,,0,completed,neutral,active,low,开始一项与目标能力相关的课程,1.2.0,synthetic,true,SRC-SYNTH,2026-09-13T00:00:00+08:00,0.9,synthetic,not_applicable,,team_generated,false,golden
EVT-G009-04,USER-G009,task_completed,2024-11-30T16:00:00Z,SKILL-036,RES-0156,,2,completed,positive,progressing,low,完成本周学习任务,1.2.0,synthetic,true,SRC-SYNTH,2026-09-13T00:00:00+08:00,0.9,synthetic,not_applicable,,team_generated,false,golden
EVT-G009-05,USER-G009,skill_practice,2024-12-17T16:00:00Z,SKILL-039,RES-0152,,2,completed,positive,progressing,low,完成技能练习并记录反思,1.2.0,synthetic,true,SRC-SYNTH,2026-09-13T00:00:00+08:00,0.9,synthetic,not_applicable,,team_generated,false,golden
EVT-G009-06,USER-G009,course_completed,2025-01-03T16:00:00Z,SKILL-001,RES-0181,,6,completed,positive,progressing,low,完成课程并提交学习总结,1.2.0,synthetic,true,SRC-SYNTH,2026-09-13T00:00:00+08:00,0.9,synthetic,not_applicable,,team_generated,false,golden
EVT-G009-07,USER-G009,project_started,2025-01-20T16:00:00Z,SKILL-009,RES-0542,,0,completed,neutral,active,low,启动实践项目并确认里程碑,1.2.0,synthetic,true,SRC-SYNTH,2026-09-13T00:00:00+08:00,0.9,synthetic,not_applicable,,team_generated,false,golden
EVT-G009-08,USER-G009,job_viewed,2025-02-06T16:00:00Z,,,JOB-AI-APP-0087,0,completed,neutral,active,low,查看目标岗位及能力要求,1.2.0,synthetic,true,SRC-SYNTH,2026-09-13T00:00:00+08:00,0.9,synthetic,not_applicable,,team_generated,false,golden
EVT-G009-09,USER-G009,feedback_submitted,2025-02-23T16:00:00Z,SKILL-030,,,0,completed,neutral,active,low,提交计划难度和推荐相关性反馈,1.2.0,synthetic,true,SRC-SYNTH,2026-09-13T00:00:00+08:00,0.9,synthetic,not_applicable,,team_generated,false,golden
EVT-G009-10,USER-G009,task_completed,2025-03-12T16:00:00Z,SKILL-036,RES-0449,,2,completed,positive,progressing,low,完成本周学习任务,1.2.0,synthetic,true,SRC-SYNTH,2026-09-13T00:00:00+08:00,0.9,synthetic,not_applicable,,team_generated,false,golden
EVT-G009-11,USER-G009,project_completed,2025-03-29T16:00:00Z,SKILL-039,RES-0152,,8,completed,positive,progressing,low,完成项目、说明文档和复盘,1.2.0,synthetic,true,SRC-SYNTH,2026-09-13T00:00:00+08:00,0.9,synthetic,not_applicable,,team_generated,false,golden
EVT-G009-12,USER-G009,profile_recalculated,2025-04-15T16:00:00Z,SKILL-001,,,0,completed,neutral,active,low,根据新证据重算画像与岗位匹配度,1.2.0,synthetic,true,SRC-SYNTH,2026-09-13T00:00:00+08:00,0.9,synthetic,not_applicable,,team_generated,false,golden
EVT-G009-13,USER-G009,job_saved,2025-05-02T16:00:00Z,,,JOB-AI-APP-0013,0,completed,neutral,active,low,收藏一个模拟目标岗位,1.2.0,synthetic,true,SRC-SYNTH,2026-09-13T00:00:00+08:00,0.9,synthetic,not_applicable,,team_generated,false,golden
EVT-G009-14,USER-G009,application_submitted,2025-05-19T16:00:00Z,,,JOB-AI-APP-0014,0,completed,neutral,active,low,向模拟岗位提交申请,1.2.0,synthetic,true,SRC-SYNTH,2026-09-13T00:00:00+08:00,0.9,synthetic,not_applicable,,team_generated,false,golden
EVT-G009-15,USER-G009,interview_result,2025-06-05T16:00:00Z,,,JOB-AI-APP-0015,0,completed,disappointed,active,low,记录模拟面试反馈,1.2.0,synthetic,true,SRC-SYNTH,2026-09-13T00:00:00+08:00,0.9,synthetic,not_applicable,,team_generated,false,golden
EVT-G009-16,USER-G009,plan_adjusted,2025-06-22T16:00:00Z,SKILL-036,,,0,completed,neutral,plan_rebalanced,low,根据时间和反馈调整学习计划,1.2.0,synthetic,true,SRC-SYNTH,2026-09-13T00:00:00+08:00,0.9,synthetic,not_applicable,,team_generated,false,golden
EVT-G009-17,USER-G009,skill_practice,2025-07-09T16:00:00Z,SKILL-039,RES-0092,,2,completed,positive,progressing,low,完成技能练习并记录反思,1.2.0,synthetic,true,SRC-SYNTH,2026-09-13T00:00:00+08:00,0.9,synthetic,not_applicable,,team_generated,false,golden
EVT-G009-18,USER-G009,inactivity,2025-07-26T16:00:00Z,SKILL-001,,,-4,attention_needed,frustrated,learning_stalled,medium,超过设定周期未产生学习证据，触发技能衰减,1.2.0,synthetic,true,SRC-SYNTH,2026-09-13T00:00:00+08:00,0.9,synthetic,not_applicable,,team_generated,false,golden
EVT-G009-19,USER-G009,reminder_response,2025-08-12T16:00:00Z,SKILL-009,,,0,completed,neutral,active,low,响应任务提醒并更新完成状态,1.2.0,synthetic,true,SRC-SYNTH,2026-09-13T00:00:00+08:00,0.9,synthetic,not_applicable,,team_generated,false,golden
EVT-G009-20,USER-G009,profile_recalculated,2025-08-29T16:00:00Z,SKILL-027,,,0,completed,neutral,active,low,根据新证据重算画像与岗位匹配度,1.2.0,synthetic,true,SRC-SYNTH,2026-09-13T00:00:00+08:00,0.9,synthetic,not_applicable,,team_generated,false,golden
EVT-G009-21,USER-G009,onboarding,2025-09-15T16:00:00Z,,,,0,completed,neutral,active,low,完成基础信息和学习约束录入,1.2.0,synthetic,true,SRC-SYNTH,2026-09-13T00:00:00+08:00,0.9,synthetic,not_applicable,,team_generated,false,golden
EVT-G009-22,USER-G009,skill_assessment,2025-10-02T16:00:00Z,SKILL-036,,,3,completed,positive,progressing,low,完成能力测评并生成可解释证据,1.2.0,synthetic,true,SRC-SYNTH,2026-09-13T00:00:00+08:00,0.9,synthetic,not_applicable,,team_generated,false,golden
EVT-G009-23,USER-G009,course_started,2025-10-19T16:00:00Z,SKILL-039,RES-0092,,0,completed,neutral,active,low,开始一项与目标能力相关的课程,1.2.0,synthetic,true,SRC-SYNTH,2026-09-13T00:00:00+08:00,0.9,synthetic,not_applicable,,team_generated,false,golden
EVT-G009-24,USER-G009,task_completed,2025-11-05T16:00:00Z,SKILL-001,RES-0167,,2,completed,positive,progressing,low,完成本周学习任务,1.2.0,synthetic,true,SRC-SYNTH,2026-09-13T00:00:00+08:00,0.9,synthetic,not_applicable,,team_generated,false,golden
EVT-G009-25,USER-G009,skill_practice,2025-11-22T16:00:00Z,SKILL-009,RES-0122,,2,completed,positive,progressing,low,完成技能练习并记录反思,1.2.0,synthetic,true,SRC-SYNTH,2026-09-13T00:00:00+08:00,0.9,synthetic,not_applicable,,team_generated,false,golden
EVT-G009-26,USER-G009,course_completed,2025-12-09T16:00:00Z,SKILL-027,RES-0018,,6,completed,positive,progressing,low,完成课程并提交学习总结,1.2.0,synthetic,true,SRC-SYNTH,2026-09-13T00:00:00+08:00,0.9,synthetic,not_applicable,,team_generated,false,golden
EVT-G009-27,USER-G009,project_started,2025-12-26T16:00:00Z,SKILL-030,RES-0143,,0,completed,neutral,active,low,启动实践项目并确认里程碑,1.2.0,synthetic,true,SRC-SYNTH,2026-09-13T00:00:00+08:00,0.9,synthetic,not_applicable,,team_generated,false,golden
EVT-G009-28,USER-G009,job_viewed,2026-01-12T16:00:00Z,,,JOB-AI-APP-0028,0,completed,neutral,active,low,查看目标岗位及能力要求,1.2.0,synthetic,true,SRC-SYNTH,2026-09-13T00:00:00+08:00,0.9,synthetic,not_applicable,,team_generated,false,golden
EVT-G009-29,USER-G009,feedback_submitted,2026-01-29T16:00:00Z,SKILL-039,,,0,completed,neutral,active,low,提交计划难度和推荐相关性反馈,1.2.0,synthetic,true,SRC-SYNTH,2026-09-13T00:00:00+08:00,0.9,synthetic,not_applicable,,team_generated,false,golden
EVT-G009-30,USER-G009,task_completed,2026-02-15T16:00:00Z,SKILL-001,RES-0541,,2,completed,positive,progressing,low,完成本周学习任务,1.2.0,synthetic,true,SRC-SYNTH,2026-09-13T00:00:00+08:00,0.9,synthetic,not_applicable,,team_generated,false,golden
EVT-G009-31,USER-G009,project_completed,2026-03-04T16:00:00Z,SKILL-009,RES-0422,,8,completed,positive,progressing,low,完成项目、说明文档和复盘,1.2.0,synthetic,true,SRC-SYNTH,2026-09-13T00:00:00+08:00,0.9,synthetic,not_applicable,,team_generated,false,golden
EVT-G009-32,USER-G009,profile_recalculated,2026-03-21T16:00:00Z,SKILL-027,,,0,completed,neutral,active,low,根据新证据重算画像与岗位匹配度,1.2.0,synthetic,true,SRC-SYNTH,2026-09-13T00:00:00+08:00,0.9,synthetic,not_applicable,,team_generated,false,golden
EVT-G009-33,USER-G009,job_saved,2026-04-07T16:00:00Z,,,JOB-AI-APP-0033,0,completed,neutral,active,low,收藏一个模拟目标岗位,1.2.0,synthetic,true,SRC-SYNTH,2026-09-13T00:00:00+08:00,0.9,synthetic,not_applicable,,team_generated,false,golden
EVT-G009-34,USER-G009,application_submitted,2026-04-24T16:00:00Z,,,JOB-AI-APP-0034,0,completed,neutral,active,low,向模拟岗位提交申请,1.2.0,synthetic,true,SRC-SYNTH,2026-09-13T00:00:00+08:00,0.9,synthetic,not_applicable,,team_generated,false,golden
EVT-G009-35,USER-G009,interview_result,2026-05-11T16:00:00Z,,,JOB-AI-APP-0035,0,completed,disappointed,active,low,记录模拟面试反馈,1.2.0,synthetic,true,SRC-SYNTH,2026-09-13T00:00:00+08:00,0.9,synthetic,not_applicable,,team_generated,false,golden
EVT-G009-36,USER-G009,plan_adjusted,2026-05-28T16:00:00Z,SKILL-001,,,0,completed,neutral,plan_rebalanced,low,根据时间和反馈调整学习计划,1.2.0,synthetic,true,SRC-SYNTH,2026-09-13T00:00:00+08:00,0.9,synthetic,not_applicable,,team_generated,false,golden
EVT-G009-37,USER-G009,skill_practice,2026-06-14T16:00:00Z,SKILL-009,RES-0422,,2,completed,positive,progressing,low,完成技能练习并记录反思,1.2.0,synthetic,true,SRC-SYNTH,2026-09-13T00:00:00+08:00,0.9,synthetic,not_applicable,,team_generated,false,golden
EVT-G009-38,USER-G009,inactivity,2026-07-01T16:00:00Z,SKILL-027,,,-4,attention_needed,frustrated,learning_stalled,medium,超过设定周期未产生学习证据，触发技能衰减,1.2.0,synthetic,true,SRC-SYNTH,2026-09-13T00:00:00+08:00,0.9,synthetic,not_applicable,,team_generated,false,golden
EVT-G009-39,USER-G009,reminder_response,2026-07-18T16:00:00Z,SKILL-030,,,0,completed,neutral,active,low,响应任务提醒并更新完成状态,1.2.0,synthetic,true,SRC-SYNTH,2026-09-13T00:00:00+08:00,0.9,synthetic,not_applicable,,team_generated,false,golden
EVT-G009-40,USER-G009,profile_recalculated,2026-08-04T16:00:00Z,SKILL-036,,,0,completed,neutral,active,low,根据新证据重算画像与岗位匹配度,1.2.0,synthetic,true,SRC-SYNTH,2026-09-13T00:00:00+08:00,0.9,synthetic,not_applicable,,team_generated,false,golden
EVT-G010-01,USER-G010,onboarding,2024-10-10T16:00:00Z,,,,0,completed,neutral,active,low,完成基础信息和学习约束录入,1.2.0,synthetic,true,SRC-SYNTH,2026-09-13T00:00:00+08:00,0.9,synthetic,not_applicable,,team_generated,false,golden
EVT-G010-02,USER-G010,skill_assessment,2024-10-27T16:00:00Z,SKILL-048,,,3,completed,positive,progressing,low,完成能力测评并生成可解释证据,1.2.0,synthetic,true,SRC-SYNTH,2026-09-13T00:00:00+08:00,0.9,synthetic,not_applicable,,team_generated,false,golden
EVT-G010-03,USER-G010,course_started,2024-11-13T16:00:00Z,SKILL-001,RES-0181,,0,completed,neutral,active,low,开始一项与目标能力相关的课程,1.2.0,synthetic,true,SRC-SYNTH,2026-09-13T00:00:00+08:00,0.9,synthetic,not_applicable,,team_generated,false,golden
EVT-G010-04,USER-G010,task_completed,2024-11-30T16:00:00Z,SKILL-011,RES-0131,,2,completed,positive,progressing,low,完成本周学习任务,1.2.0,synthetic,true,SRC-SYNTH,2026-09-13T00:00:00+08:00,0.9,synthetic,not_applicable,,team_generated,false,golden
EVT-G010-05,USER-G010,skill_practice,2024-12-17T16:00:00Z,SKILL-019,RES-0005,,2,completed,positive,progressing,low,完成技能练习并记录反思,1.2.0,synthetic,true,SRC-SYNTH,2026-09-13T00:00:00+08:00,0.9,synthetic,not_applicable,,team_generated,false,golden
EVT-G010-06,USER-G010,course_completed,2025-01-03T16:00:00Z,SKILL-022,RES-0128,,6,completed,positive,progressing,low,完成课程并提交学习总结,1.2.0,synthetic,true,SRC-SYNTH,2026-09-13T00:00:00+08:00,0.9,synthetic,not_applicable,,team_generated,false,golden
EVT-G010-07,USER-G010,project_started,2025-01-20T16:00:00Z,SKILL-025,RES-0025,,0,completed,neutral,active,low,启动实践项目并确认里程碑,1.2.0,synthetic,true,SRC-SYNTH,2026-09-13T00:00:00+08:00,0.9,synthetic,not_applicable,,team_generated,false,golden
EVT-G010-08,USER-G010,job_viewed,2025-02-06T16:00:00Z,,,JOB-AI-ALG-0087,0,completed,neutral,active,low,查看目标岗位及能力要求,1.2.0,synthetic,true,SRC-SYNTH,2026-09-13T00:00:00+08:00,0.9,synthetic,not_applicable,,team_generated,false,golden
EVT-G010-09,USER-G010,feedback_submitted,2025-02-23T16:00:00Z,SKILL-001,,,0,completed,neutral,active,low,提交计划难度和推荐相关性反馈,1.2.0,synthetic,true,SRC-SYNTH,2026-09-13T00:00:00+08:00,0.9,synthetic,not_applicable,,team_generated,false,golden
EVT-G010-10,USER-G010,task_completed,2025-03-12T16:00:00Z,SKILL-011,RES-0071,,2,completed,positive,progressing,low,完成本周学习任务,1.2.0,synthetic,true,SRC-SYNTH,2026-09-13T00:00:00+08:00,0.9,synthetic,not_applicable,,team_generated,false,golden
EVT-G010-11,USER-G010,project_completed,2025-03-29T16:00:00Z,SKILL-019,RES-0185,,8,completed,positive,progressing,low,完成项目、说明文档和复盘,1.2.0,synthetic,true,SRC-SYNTH,2026-09-13T00:00:00+08:00,0.9,synthetic,not_applicable,,team_generated,false,golden
EVT-G010-12,USER-G010,profile_recalculated,2025-04-15T16:00:00Z,SKILL-022,,,0,completed,neutral,active,low,根据新证据重算画像与岗位匹配度,1.2.0,synthetic,true,SRC-SYNTH,2026-09-13T00:00:00+08:00,0.9,synthetic,not_applicable,,team_generated,false,golden
EVT-G010-13,USER-G010,job_saved,2025-05-02T16:00:00Z,,,JOB-AI-ALG-0013,0,completed,neutral,active,low,收藏一个模拟目标岗位,1.2.0,synthetic,true,SRC-SYNTH,2026-09-13T00:00:00+08:00,0.9,synthetic,not_applicable,,team_generated,false,golden
EVT-G010-14,USER-G010,application_submitted,2025-05-19T16:00:00Z,,,JOB-AI-ALG-0014,0,completed,neutral,active,low,向模拟岗位提交申请,1.2.0,synthetic,true,SRC-SYNTH,2026-09-13T00:00:00+08:00,0.9,synthetic,not_applicable,,team_generated,false,golden
EVT-G010-15,USER-G010,interview_result,2025-06-05T16:00:00Z,,,JOB-AI-ALG-0015,0,completed,disappointed,active,low,记录模拟面试反馈,1.2.0,synthetic,true,SRC-SYNTH,2026-09-13T00:00:00+08:00,0.9,synthetic,not_applicable,,team_generated,false,golden
EVT-G010-16,USER-G010,plan_adjusted,2025-06-22T16:00:00Z,SKILL-011,,,0,completed,neutral,plan_rebalanced,low,根据时间和反馈调整学习计划,1.2.0,synthetic,true,SRC-SYNTH,2026-09-13T00:00:00+08:00,0.9,synthetic,not_applicable,,team_generated,false,golden
EVT-G010-17,USER-G010,skill_practice,2025-07-09T16:00:00Z,SKILL-019,RES-0003,,2,completed,positive,progressing,low,完成技能练习并记录反思,1.2.0,synthetic,true,SRC-SYNTH,2026-09-13T00:00:00+08:00,0.9,synthetic,not_applicable,,team_generated,false,golden
EVT-G010-18,USER-G010,inactivity,2025-07-26T16:00:00Z,SKILL-022,,,-4,attention_needed,frustrated,learning_stalled,medium,超过设定周期未产生学习证据，触发技能衰减,1.2.0,synthetic,true,SRC-SYNTH,2026-09-13T00:00:00+08:00,0.9,synthetic,not_applicable,,team_generated,false,golden
EVT-G010-19,USER-G010,reminder_response,2025-08-12T16:00:00Z,SKILL-025,,,0,completed,neutral,active,low,响应任务提醒并更新完成状态,1.2.0,synthetic,true,SRC-SYNTH,2026-09-13T00:00:00+08:00,0.9,synthetic,not_applicable,,team_generated,false,golden
EVT-G010-20,USER-G010,profile_recalculated,2025-08-29T16:00:00Z,SKILL-048,,,0,completed,neutral,active,low,根据新证据重算画像与岗位匹配度,1.2.0,synthetic,true,SRC-SYNTH,2026-09-13T00:00:00+08:00,0.9,synthetic,not_applicable,,team_generated,false,golden
EVT-G010-21,USER-G010,onboarding,2025-09-15T16:00:00Z,,,,0,completed,neutral,active,low,完成基础信息和学习约束录入,1.2.0,synthetic,true,SRC-SYNTH,2026-09-13T00:00:00+08:00,0.9,synthetic,not_applicable,,team_generated,false,golden
EVT-G010-22,USER-G010,skill_assessment,2025-10-02T16:00:00Z,SKILL-011,,,3,completed,positive,progressing,low,完成能力测评并生成可解释证据,1.2.0,synthetic,true,SRC-SYNTH,2026-09-13T00:00:00+08:00,0.9,synthetic,not_applicable,,team_generated,false,golden
EVT-G010-23,USER-G010,course_started,2025-10-19T16:00:00Z,SKILL-019,RES-0545,,0,completed,neutral,active,low,开始一项与目标能力相关的课程,1.2.0,synthetic,true,SRC-SYNTH,2026-09-13T00:00:00+08:00,0.9,synthetic,not_applicable,,team_generated,false,golden
EVT-G010-24,USER-G010,task_completed,2025-11-05T16:00:00Z,SKILL-022,RES-0004,,2,completed,positive,progressing,low,完成本周学习任务,1.2.0,synthetic,true,SRC-SYNTH,2026-09-13T00:00:00+08:00,0.9,synthetic,not_applicable,,team_generated,false,golden
EVT-G010-25,USER-G010,skill_practice,2025-11-22T16:00:00Z,SKILL-025,RES-0445,,2,completed,positive,progressing,low,完成技能练习并记录反思,1.2.0,synthetic,true,SRC-SYNTH,2026-09-13T00:00:00+08:00,0.9,synthetic,not_applicable,,team_generated,false,golden
EVT-G010-26,USER-G010,course_completed,2025-12-09T16:00:00Z,SKILL-048,RES-0108,,6,completed,positive,progressing,low,完成课程并提交学习总结,1.2.0,synthetic,true,SRC-SYNTH,2026-09-13T00:00:00+08:00,0.9,synthetic,not_applicable,,team_generated,false,golden
EVT-G010-27,USER-G010,project_started,2025-12-26T16:00:00Z,SKILL-001,RES-0167,,0,completed,neutral,active,low,启动实践项目并确认里程碑,1.2.0,synthetic,true,SRC-SYNTH,2026-09-13T00:00:00+08:00,0.9,synthetic,not_applicable,,team_generated,false,golden
EVT-G010-28,USER-G010,job_viewed,2026-01-12T16:00:00Z,,,JOB-AI-ALG-0028,0,completed,neutral,active,low,查看目标岗位及能力要求,1.2.0,synthetic,true,SRC-SYNTH,2026-09-13T00:00:00+08:00,0.9,synthetic,not_applicable,,team_generated,false,golden
EVT-G010-29,USER-G010,feedback_submitted,2026-01-29T16:00:00Z,SKILL-019,,,0,completed,neutral,active,low,提交计划难度和推荐相关性反馈,1.2.0,synthetic,true,SRC-SYNTH,2026-09-13T00:00:00+08:00,0.9,synthetic,not_applicable,,team_generated,false,golden
EVT-G010-30,USER-G010,task_completed,2026-02-15T16:00:00Z,SKILL-022,RES-0202,,2,completed,positive,progressing,low,完成本周学习任务,1.2.0,synthetic,true,SRC-SYNTH,2026-09-13T00:00:00+08:00,0.9,synthetic,not_applicable,,team_generated,false,golden
EVT-G010-31,USER-G010,project_completed,2026-03-04T16:00:00Z,SKILL-025,RES-0007,,8,completed,positive,progressing,low,完成项目、说明文档和复盘,1.2.0,synthetic,true,SRC-SYNTH,2026-09-13T00:00:00+08:00,0.9,synthetic,not_applicable,,team_generated,false,golden
EVT-G010-32,USER-G010,profile_recalculated,2026-03-21T16:00:00Z,SKILL-048,,,0,completed,neutral,active,low,根据新证据重算画像与岗位匹配度,1.2.0,synthetic,true,SRC-SYNTH,2026-09-13T00:00:00+08:00,0.9,synthetic,not_applicable,,team_generated,false,golden
EVT-G010-33,USER-G010,job_saved,2026-04-07T16:00:00Z,,,JOB-AI-ALG-0033,0,completed,neutral,active,low,收藏一个模拟目标岗位,1.2.0,synthetic,true,SRC-SYNTH,2026-09-13T00:00:00+08:00,0.9,synthetic,not_applicable,,team_generated,false,golden
EVT-G010-34,USER-G010,application_submitted,2026-04-24T16:00:00Z,,,JOB-AI-ALG-0034,0,completed,neutral,active,low,向模拟岗位提交申请,1.2.0,synthetic,true,SRC-SYNTH,2026-09-13T00:00:00+08:00,0.9,synthetic,not_applicable,,team_generated,false,golden
EVT-G010-35,USER-G010,interview_result,2026-05-11T16:00:00Z,,,JOB-AI-ALG-0035,0,completed,disappointed,active,low,记录模拟面试反馈,1.2.0,synthetic,true,SRC-SYNTH,2026-09-13T00:00:00+08:00,0.9,synthetic,not_applicable,,team_generated,false,golden
EVT-G010-36,USER-G010,plan_adjusted,2026-05-28T16:00:00Z,SKILL-022,,,0,completed,neutral,plan_rebalanced,low,根据时间和反馈调整学习计划,1.2.0,synthetic,true,SRC-SYNTH,2026-09-13T00:00:00+08:00,0.9,synthetic,not_applicable,,team_generated,false,golden
EVT-G010-37,USER-G010,skill_practice,2026-06-14T16:00:00Z,SKILL-025,RES-0131,,2,completed,positive,progressing,low,完成技能练习并记录反思,1.2.0,synthetic,true,SRC-SYNTH,2026-09-13T00:00:00+08:00,0.9,synthetic,not_applicable,,team_generated,false,golden
EVT-G010-38,USER-G010,inactivity,2026-07-01T16:00:00Z,SKILL-048,,,-4,attention_needed,frustrated,learning_stalled,medium,超过设定周期未产生学习证据，触发技能衰减,1.2.0,synthetic,true,SRC-SYNTH,2026-09-13T00:00:00+08:00,0.9,synthetic,not_applicable,,team_generated,false,golden
EVT-G010-39,USER-G010,reminder_response,2026-07-18T16:00:00Z,SKILL-001,,,0,completed,neutral,active,low,响应任务提醒并更新完成状态,1.2.0,synthetic,true,SRC-SYNTH,2026-09-13T00:00:00+08:00,0.9,synthetic,not_applicable,,team_generated,false,golden
EVT-G010-40,USER-G010,profile_recalculated,2026-08-04T16:00:00Z,SKILL-011,,,0,completed,neutral,active,low,根据新证据重算画像与岗位匹配度,1.2.0,synthetic,true,SRC-SYNTH,2026-09-13T00:00:00+08:00,0.9,synthetic,not_applicable,,team_generated,false,golden
EVT-G011-01,USER-G011,onboarding,2024-10-10T16:00:00Z,,,,0,completed,neutral,active,low,完成基础信息和学习约束录入,1.2.0,synthetic,true,SRC-SYNTH,2026-09-13T00:00:00+08:00,0.9,synthetic,not_applicable,,team_generated,false,golden
EVT-G011-02,USER-G011,skill_assessment,2024-10-27T16:00:00Z,SKILL-049,,,3,completed,positive,progressing,low,完成能力测评并生成可解释证据,1.2.0,synthetic,true,SRC-SYNTH,2026-09-13T00:00:00+08:00,0.9,synthetic,not_applicable,,team_generated,false,golden
EVT-G011-03,USER-G011,course_started,2024-11-13T16:00:00Z,SKILL-009,RES-0122,,0,completed,neutral,active,low,开始一项与目标能力相关的课程,1.2.0,synthetic,true,SRC-SYNTH,2026-09-13T00:00:00+08:00,0.9,synthetic,not_applicable,,team_generated,false,golden
EVT-G011-04,USER-G011,task_completed,2024-11-30T16:00:00Z,SKILL-012,RES-0132,,2,completed,positive,progressing,low,完成本周学习任务,1.2.0,synthetic,true,SRC-SYNTH,2026-09-13T00:00:00+08:00,0.9,synthetic,not_applicable,,team_generated,false,golden
EVT-G011-05,USER-G011,skill_practice,2024-12-17T16:00:00Z,SKILL-015,RES-0135,,2,completed,positive,progressing,low,完成技能练习并记录反思,1.2.0,synthetic,true,SRC-SYNTH,2026-09-13T00:00:00+08:00,0.9,synthetic,not_applicable,,team_generated,false,golden
EVT-G011-06,USER-G011,course_completed,2025-01-03T16:00:00Z,SKILL-041,RES-0161,,6,completed,positive,progressing,low,完成课程并提交学习总结,1.2.0,synthetic,true,SRC-SYNTH,2026-09-13T00:00:00+08:00,0.9,synthetic,not_applicable,,team_generated,false,golden
EVT-G011-07,USER-G011,project_started,2025-01-20T16:00:00Z,SKILL-045,RES-0038,,0,completed,neutral,active,low,启动实践项目并确认里程碑,1.2.0,synthetic,true,SRC-SYNTH,2026-09-13T00:00:00+08:00,0.9,synthetic,not_applicable,,team_generated,false,golden
EVT-G011-08,USER-G011,job_viewed,2025-02-06T16:00:00Z,,,JOB-DATA-0087,0,completed,neutral,active,low,查看目标岗位及能力要求,1.2.0,synthetic,true,SRC-SYNTH,2026-09-13T00:00:00+08:00,0.9,synthetic,not_applicable,,team_generated,false,golden
EVT-G011-09,USER-G011,feedback_submitted,2025-02-23T16:00:00Z,SKILL-009,,,0,completed,neutral,active,low,提交计划难度和推荐相关性反馈,1.2.0,synthetic,true,SRC-SYNTH,2026-09-13T00:00:00+08:00,0.9,synthetic,not_applicable,,team_generated,false,golden
EVT-G011-10,USER-G011,task_completed,2025-03-12T16:00:00Z,SKILL-012,RES-0125,,2,completed,positive,progressing,low,完成本周学习任务,1.2.0,synthetic,true,SRC-SYNTH,2026-09-13T00:00:00+08:00,0.9,synthetic,not_applicable,,team_generated,false,golden
EVT-G011-11,USER-G011,project_completed,2025-03-29T16:00:00Z,SKILL-015,RES-0188,,8,completed,positive,progressing,low,完成项目、说明文档和复盘,1.2.0,synthetic,true,SRC-SYNTH,2026-09-13T00:00:00+08:00,0.9,synthetic,not_applicable,,team_generated,false,golden
EVT-G011-12,USER-G011,profile_recalculated,2025-04-15T16:00:00Z,SKILL-041,,,0,completed,neutral,active,low,根据新证据重算画像与岗位匹配度,1.2.0,synthetic,true,SRC-SYNTH,2026-09-13T00:00:00+08:00,0.9,synthetic,not_applicable,,team_generated,false,golden
EVT-G011-13,USER-G011,job_saved,2025-05-02T16:00:00Z,,,JOB-DATA-0013,0,completed,neutral,active,low,收藏一个模拟目标岗位,1.2.0,synthetic,true,SRC-SYNTH,2026-09-13T00:00:00+08:00,0.9,synthetic,not_applicable,,team_generated,false,golden
EVT-G011-14,USER-G011,application_submitted,2025-05-19T16:00:00Z,,,JOB-DATA-0014,0,completed,neutral,active,low,向模拟岗位提交申请,1.2.0,synthetic,true,SRC-SYNTH,2026-09-13T00:00:00+08:00,0.9,synthetic,not_applicable,,team_generated,false,golden
EVT-G011-15,USER-G011,interview_result,2025-06-05T16:00:00Z,,,JOB-DATA-0015,0,completed,disappointed,active,low,记录模拟面试反馈,1.2.0,synthetic,true,SRC-SYNTH,2026-09-13T00:00:00+08:00,0.9,synthetic,not_applicable,,team_generated,false,golden
EVT-G011-16,USER-G011,plan_adjusted,2025-06-22T16:00:00Z,SKILL-012,,,0,completed,neutral,plan_rebalanced,low,根据时间和反馈调整学习计划,1.2.0,synthetic,true,SRC-SYNTH,2026-09-13T00:00:00+08:00,0.9,synthetic,not_applicable,,team_generated,false,golden
EVT-G011-17,USER-G011,skill_practice,2025-07-09T16:00:00Z,SKILL-015,RES-0128,,2,completed,positive,progressing,low,完成技能练习并记录反思,1.2.0,synthetic,true,SRC-SYNTH,2026-09-13T00:00:00+08:00,0.9,synthetic,not_applicable,,team_generated,false,golden
EVT-G011-18,USER-G011,inactivity,2025-07-26T16:00:00Z,SKILL-041,,,-4,attention_needed,frustrated,learning_stalled,medium,超过设定周期未产生学习证据，触发技能衰减,1.2.0,synthetic,true,SRC-SYNTH,2026-09-13T00:00:00+08:00,0.9,synthetic,not_applicable,,team_generated,false,golden
EVT-G011-19,USER-G011,reminder_response,2025-08-12T16:00:00Z,SKILL-045,,,0,completed,neutral,active,low,响应任务提醒并更新完成状态,1.2.0,synthetic,true,SRC-SYNTH,2026-09-13T00:00:00+08:00,0.9,synthetic,not_applicable,,team_generated,false,golden
EVT-G011-20,USER-G011,profile_recalculated,2025-08-29T16:00:00Z,SKILL-049,,,0,completed,neutral,active,low,根据新证据重算画像与岗位匹配度,1.2.0,synthetic,true,SRC-SYNTH,2026-09-13T00:00:00+08:00,0.9,synthetic,not_applicable,,team_generated,false,golden
EVT-G011-21,USER-G011,onboarding,2025-09-15T16:00:00Z,,,,0,completed,neutral,active,low,完成基础信息和学习约束录入,1.2.0,synthetic,true,SRC-SYNTH,2026-09-13T00:00:00+08:00,0.9,synthetic,not_applicable,,team_generated,false,golden
EVT-G011-22,USER-G011,skill_assessment,2025-10-02T16:00:00Z,SKILL-012,,,3,completed,positive,progressing,low,完成能力测评并生成可解释证据,1.2.0,synthetic,true,SRC-SYNTH,2026-09-13T00:00:00+08:00,0.9,synthetic,not_applicable,,team_generated,false,golden
EVT-G011-23,USER-G011,course_started,2025-10-19T16:00:00Z,SKILL-015,RES-0128,,0,completed,neutral,active,low,开始一项与目标能力相关的课程,1.2.0,synthetic,true,SRC-SYNTH,2026-09-13T00:00:00+08:00,0.9,synthetic,not_applicable,,team_generated,false,golden
EVT-G011-24,USER-G011,task_completed,2025-11-05T16:00:00Z,SKILL-041,RES-0161,,2,completed,positive,progressing,low,完成本周学习任务,1.2.0,synthetic,true,SRC-SYNTH,2026-09-13T00:00:00+08:00,0.9,synthetic,not_applicable,,team_generated,false,golden
EVT-G011-25,USER-G011,skill_practice,2025-11-22T16:00:00Z,SKILL-045,RES-0158,,2,completed,positive,progressing,low,完成技能练习并记录反思,1.2.0,synthetic,true,SRC-SYNTH,2026-09-13T00:00:00+08:00,0.9,synthetic,not_applicable,,team_generated,false,golden
EVT-G011-26,USER-G011,course_completed,2025-12-09T16:00:00Z,SKILL-049,RES-0169,,6,completed,positive,progressing,low,完成课程并提交学习总结,1.2.0,synthetic,true,SRC-SYNTH,2026-09-13T00:00:00+08:00,0.9,synthetic,not_applicable,,team_generated,false,golden
EVT-G011-27,USER-G011,project_started,2025-12-26T16:00:00Z,SKILL-009,RES-0182,,0,completed,neutral,active,low,启动实践项目并确认里程碑,1.2.0,synthetic,true,SRC-SYNTH,2026-09-13T00:00:00+08:00,0.9,synthetic,not_applicable,,team_generated,false,golden
EVT-G011-28,USER-G011,job_viewed,2026-01-12T16:00:00Z,,,JOB-DATA-0028,0,completed,neutral,active,low,查看目标岗位及能力要求,1.2.0,synthetic,true,SRC-SYNTH,2026-09-13T00:00:00+08:00,0.9,synthetic,not_applicable,,team_generated,false,golden
EVT-G011-29,USER-G011,feedback_submitted,2026-01-29T16:00:00Z,SKILL-015,,,0,completed,neutral,active,low,提交计划难度和推荐相关性反馈,1.2.0,synthetic,true,SRC-SYNTH,2026-09-13T00:00:00+08:00,0.9,synthetic,not_applicable,,team_generated,false,golden
EVT-G011-30,USER-G011,task_completed,2026-02-15T16:00:00Z,SKILL-041,RES-0041,,2,completed,positive,progressing,low,完成本周学习任务,1.2.0,synthetic,true,SRC-SYNTH,2026-09-13T00:00:00+08:00,0.9,synthetic,not_applicable,,team_generated,false,golden
EVT-G011-31,USER-G011,project_completed,2026-03-04T16:00:00Z,SKILL-045,RES-0038,,8,completed,positive,progressing,low,完成项目、说明文档和复盘,1.2.0,synthetic,true,SRC-SYNTH,2026-09-13T00:00:00+08:00,0.9,synthetic,not_applicable,,team_generated,false,golden
EVT-G011-32,USER-G011,profile_recalculated,2026-03-21T16:00:00Z,SKILL-049,,,0,completed,neutral,active,low,根据新证据重算画像与岗位匹配度,1.2.0,synthetic,true,SRC-SYNTH,2026-09-13T00:00:00+08:00,0.9,synthetic,not_applicable,,team_generated,false,golden
EVT-G011-33,USER-G011,job_saved,2026-04-07T16:00:00Z,,,JOB-DATA-0033,0,completed,neutral,active,low,收藏一个模拟目标岗位,1.2.0,synthetic,true,SRC-SYNTH,2026-09-13T00:00:00+08:00,0.9,synthetic,not_applicable,,team_generated,false,golden
EVT-G011-34,USER-G011,application_submitted,2026-04-24T16:00:00Z,,,JOB-DATA-0034,0,completed,neutral,active,low,向模拟岗位提交申请,1.2.0,synthetic,true,SRC-SYNTH,2026-09-13T00:00:00+08:00,0.9,synthetic,not_applicable,,team_generated,false,golden
EVT-G011-35,USER-G011,interview_result,2026-05-11T16:00:00Z,,,JOB-DATA-0035,0,completed,disappointed,active,low,记录模拟面试反馈,1.2.0,synthetic,true,SRC-SYNTH,2026-09-13T00:00:00+08:00,0.9,synthetic,not_applicable,,team_generated,false,golden
EVT-G011-36,USER-G011,plan_adjusted,2026-05-28T16:00:00Z,SKILL-041,,,0,completed,neutral,plan_rebalanced,low,根据时间和反馈调整学习计划,1.2.0,synthetic,true,SRC-SYNTH,2026-09-13T00:00:00+08:00,0.9,synthetic,not_applicable,,team_generated,false,golden
EVT-G011-37,USER-G011,skill_practice,2026-06-14T16:00:00Z,SKILL-045,RES-0038,,2,completed,positive,progressing,low,完成技能练习并记录反思,1.2.0,synthetic,true,SRC-SYNTH,2026-09-13T00:00:00+08:00,0.9,synthetic,not_applicable,,team_generated,false,golden
EVT-G011-38,USER-G011,inactivity,2026-07-01T16:00:00Z,SKILL-049,,,-4,attention_needed,frustrated,learning_stalled,medium,超过设定周期未产生学习证据，触发技能衰减,1.2.0,synthetic,true,SRC-SYNTH,2026-09-13T00:00:00+08:00,0.9,synthetic,not_applicable,,team_generated,false,golden
EVT-G011-39,USER-G011,reminder_response,2026-07-18T16:00:00Z,SKILL-009,,,0,completed,neutral,active,low,响应任务提醒并更新完成状态,1.2.0,synthetic,true,SRC-SYNTH,2026-09-13T00:00:00+08:00,0.9,synthetic,not_applicable,,team_generated,false,golden
EVT-G011-40,USER-G011,profile_recalculated,2026-08-04T16:00:00Z,SKILL-012,,,0,completed,neutral,active,low,根据新证据重算画像与岗位匹配度,1.2.0,synthetic,true,SRC-SYNTH,2026-09-13T00:00:00+08:00,0.9,synthetic,not_applicable,,team_generated,false,golden
EVT-G012-01,USER-G012,onboarding,2024-10-10T16:00:00Z,,,,0,completed,neutral,active,low,完成基础信息和学习约束录入,1.2.0,synthetic,true,SRC-SYNTH,2026-09-13T00:00:00+08:00,0.9,synthetic,not_applicable,,team_generated,false,golden
EVT-G012-02,USER-G012,skill_assessment,2024-10-27T16:00:00Z,SKILL-054,,,3,completed,positive,progressing,low,完成能力测评并生成可解释证据,1.2.0,synthetic,true,SRC-SYNTH,2026-09-13T00:00:00+08:00,0.9,synthetic,not_applicable,,team_generated,false,golden
EVT-G012-03,USER-G012,course_started,2024-11-13T16:00:00Z,SKILL-010,RES-0190,,0,completed,neutral,active,low,开始一项与目标能力相关的课程,1.2.0,synthetic,true,SRC-SYNTH,2026-09-13T00:00:00+08:00,0.9,synthetic,not_applicable,,team_generated,false,golden
EVT-G012-04,USER-G012,task_completed,2024-11-30T16:00:00Z,SKILL-018,RES-0138,,2,completed,positive,progressing,low,完成本周学习任务,1.2.0,synthetic,true,SRC-SYNTH,2026-09-13T00:00:00+08:00,0.9,synthetic,not_applicable,,team_generated,false,golden
EVT-G012-05,USER-G012,skill_practice,2024-12-17T16:00:00Z,SKILL-021,RES-0141,,2,completed,positive,progressing,low,完成技能练习并记录反思,1.2.0,synthetic,true,SRC-SYNTH,2026-09-13T00:00:00+08:00,0.9,synthetic,not_applicable,,team_generated,false,golden
EVT-G012-06,USER-G012,course_completed,2025-01-03T16:00:00Z,SKILL-024,RES-0197,,6,completed,positive,progressing,low,完成课程并提交学习总结,1.2.0,synthetic,true,SRC-SYNTH,2026-09-13T00:00:00+08:00,0.9,synthetic,not_applicable,,team_generated,false,golden
EVT-G012-07,USER-G012,project_started,2025-01-20T16:00:00Z,SKILL-036,RES-0036,,0,completed,neutral,active,low,启动实践项目并确认里程碑,1.2.0,synthetic,true,SRC-SYNTH,2026-09-13T00:00:00+08:00,0.9,synthetic,not_applicable,,team_generated,false,golden
EVT-G012-08,USER-G012,job_viewed,2025-02-06T16:00:00Z,,,JOB-AI-ALG-0087,0,completed,neutral,active,low,查看目标岗位及能力要求,1.2.0,synthetic,true,SRC-SYNTH,2026-09-13T00:00:00+08:00,0.9,synthetic,not_applicable,,team_generated,false,golden
EVT-G012-09,USER-G012,feedback_submitted,2025-02-23T16:00:00Z,SKILL-010,,,0,completed,neutral,active,low,提交计划难度和推荐相关性反馈,1.2.0,synthetic,true,SRC-SYNTH,2026-09-13T00:00:00+08:00,0.9,synthetic,not_applicable,,team_generated,false,golden
EVT-G012-10,USER-G012,task_completed,2025-03-12T16:00:00Z,SKILL-018,RES-0131,,2,completed,positive,progressing,low,完成本周学习任务,1.2.0,synthetic,true,SRC-SYNTH,2026-09-13T00:00:00+08:00,0.9,synthetic,not_applicable,,team_generated,false,golden
EVT-G012-11,USER-G012,project_completed,2025-03-29T16:00:00Z,SKILL-021,RES-0004,,8,completed,positive,progressing,low,完成项目、说明文档和复盘,1.2.0,synthetic,true,SRC-SYNTH,2026-09-13T00:00:00+08:00,0.9,synthetic,not_applicable,,team_generated,false,golden
EVT-G012-12,USER-G012,profile_recalculated,2025-04-15T16:00:00Z,SKILL-024,,,0,completed,neutral,active,low,根据新证据重算画像与岗位匹配度,1.2.0,synthetic,true,SRC-SYNTH,2026-09-13T00:00:00+08:00,0.9,synthetic,not_applicable,,team_generated,false,golden
EVT-G012-13,USER-G012,job_saved,2025-05-02T16:00:00Z,,,JOB-AI-ALG-0013,0,completed,neutral,active,low,收藏一个模拟目标岗位,1.2.0,synthetic,true,SRC-SYNTH,2026-09-13T00:00:00+08:00,0.9,synthetic,not_applicable,,team_generated,false,golden
EVT-G012-14,USER-G012,application_submitted,2025-05-19T16:00:00Z,,,JOB-AI-ALG-0014,0,completed,neutral,active,low,向模拟岗位提交申请,1.2.0,synthetic,true,SRC-SYNTH,2026-09-13T00:00:00+08:00,0.9,synthetic,not_applicable,,team_generated,false,golden
EVT-G012-15,USER-G012,interview_result,2025-06-05T16:00:00Z,,,JOB-AI-ALG-0015,0,completed,disappointed,active,low,记录模拟面试反馈,1.2.0,synthetic,true,SRC-SYNTH,2026-09-13T00:00:00+08:00,0.9,synthetic,not_applicable,,team_generated,false,golden
EVT-G012-16,USER-G012,plan_adjusted,2025-06-22T16:00:00Z,SKILL-018,,,0,completed,neutral,plan_rebalanced,low,根据时间和反馈调整学习计划,1.2.0,synthetic,true,SRC-SYNTH,2026-09-13T00:00:00+08:00,0.9,synthetic,not_applicable,,team_generated,false,golden
EVT-G012-17,USER-G012,skill_practice,2025-07-09T16:00:00Z,SKILL-021,RES-0314,,2,completed,positive,progressing,low,完成技能练习并记录反思,1.2.0,synthetic,true,SRC-SYNTH,2026-09-13T00:00:00+08:00,0.9,synthetic,not_applicable,,team_generated,false,golden
EVT-G012-18,USER-G012,inactivity,2025-07-26T16:00:00Z,SKILL-024,,,-4,attention_needed,frustrated,learning_stalled,medium,超过设定周期未产生学习证据，触发技能衰减,1.2.0,synthetic,true,SRC-SYNTH,2026-09-13T00:00:00+08:00,0.9,synthetic,not_applicable,,team_generated,false,golden
EVT-G012-19,USER-G012,reminder_response,2025-08-12T16:00:00Z,SKILL-036,,,0,completed,neutral,active,low,响应任务提醒并更新完成状态,1.2.0,synthetic,true,SRC-SYNTH,2026-09-13T00:00:00+08:00,0.9,synthetic,not_applicable,,team_generated,false,golden
EVT-G012-20,USER-G012,profile_recalculated,2025-08-29T16:00:00Z,SKILL-054,,,0,completed,neutral,active,low,根据新证据重算画像与岗位匹配度,1.2.0,synthetic,true,SRC-SYNTH,2026-09-13T00:00:00+08:00,0.9,synthetic,not_applicable,,team_generated,false,golden
EVT-G012-21,USER-G012,onboarding,2025-09-15T16:00:00Z,,,,0,completed,neutral,active,low,完成基础信息和学习约束录入,1.2.0,synthetic,true,SRC-SYNTH,2026-09-13T00:00:00+08:00,0.9,synthetic,not_applicable,,team_generated,false,golden
EVT-G012-22,USER-G012,skill_assessment,2025-10-02T16:00:00Z,SKILL-018,,,3,completed,positive,progressing,low,完成能力测评并生成可解释证据,1.2.0,synthetic,true,SRC-SYNTH,2026-09-13T00:00:00+08:00,0.9,synthetic,not_applicable,,team_generated,false,golden
EVT-G012-23,USER-G012,course_started,2025-10-19T16:00:00Z,SKILL-021,RES-0134,,0,completed,neutral,active,low,开始一项与目标能力相关的课程,1.2.0,synthetic,true,SRC-SYNTH,2026-09-13T00:00:00+08:00,0.9,synthetic,not_applicable,,team_generated,false,golden
EVT-G012-24,USER-G012,task_completed,2025-11-05T16:00:00Z,SKILL-024,RES-0144,,2,completed,positive,progressing,low,完成本周学习任务,1.2.0,synthetic,true,SRC-SYNTH,2026-09-13T00:00:00+08:00,0.9,synthetic,not_applicable,,team_generated,false,golden
EVT-G012-25,USER-G012,skill_practice,2025-11-22T16:00:00Z,SKILL-036,RES-0149,,2,completed,positive,progressing,low,完成技能练习并记录反思,1.2.0,synthetic,true,SRC-SYNTH,2026-09-13T00:00:00+08:00,0.9,synthetic,not_applicable,,team_generated,false,golden
EVT-G012-26,USER-G012,course_completed,2025-12-09T16:00:00Z,SKILL-054,RES-0167,,6,completed,positive,progressing,low,完成课程并提交学习总结,1.2.0,synthetic,true,SRC-SYNTH,2026-09-13T00:00:00+08:00,0.9,synthetic,not_applicable,,team_generated,false,golden
EVT-G012-27,USER-G012,project_started,2025-12-26T16:00:00Z,SKILL-010,RES-0190,,0,completed,neutral,active,low,启动实践项目并确认里程碑,1.2.0,synthetic,true,SRC-SYNTH,2026-09-13T00:00:00+08:00,0.9,synthetic,not_applicable,,team_generated,false,golden
EVT-G012-28,USER-G012,job_viewed,2026-01-12T16:00:00Z,,,JOB-AI-ALG-0028,0,completed,neutral,active,low,查看目标岗位及能力要求,1.2.0,synthetic,true,SRC-SYNTH,2026-09-13T00:00:00+08:00,0.9,synthetic,not_applicable,,team_generated,false,golden
EVT-G012-29,USER-G012,feedback_submitted,2026-01-29T16:00:00Z,SKILL-021,,,0,completed,neutral,active,low,提交计划难度和推荐相关性反馈,1.2.0,synthetic,true,SRC-SYNTH,2026-09-13T00:00:00+08:00,0.9,synthetic,not_applicable,,team_generated,false,golden
EVT-G012-30,USER-G012,task_completed,2026-02-15T16:00:00Z,SKILL-024,RES-0137,,2,completed,positive,progressing,low,完成本周学习任务,1.2.0,synthetic,true,SRC-SYNTH,2026-09-13T00:00:00+08:00,0.9,synthetic,not_applicable,,team_generated,false,golden
EVT-G012-31,USER-G012,project_completed,2026-03-04T16:00:00Z,SKILL-036,RES-0029,,8,completed,positive,progressing,low,完成项目、说明文档和复盘,1.2.0,synthetic,true,SRC-SYNTH,2026-09-13T00:00:00+08:00,0.9,synthetic,not_applicable,,team_generated,false,golden
EVT-G012-32,USER-G012,profile_recalculated,2026-03-21T16:00:00Z,SKILL-054,,,0,completed,neutral,active,low,根据新证据重算画像与岗位匹配度,1.2.0,synthetic,true,SRC-SYNTH,2026-09-13T00:00:00+08:00,0.9,synthetic,not_applicable,,team_generated,false,golden
EVT-G012-33,USER-G012,job_saved,2026-04-07T16:00:00Z,,,JOB-AI-ALG-0033,0,completed,neutral,active,low,收藏一个模拟目标岗位,1.2.0,synthetic,true,SRC-SYNTH,2026-09-13T00:00:00+08:00,0.9,synthetic,not_applicable,,team_generated,false,golden
EVT-G012-34,USER-G012,application_submitted,2026-04-24T16:00:00Z,,,JOB-AI-ALG-0034,0,completed,neutral,active,low,向模拟岗位提交申请,1.2.0,synthetic,true,SRC-SYNTH,2026-09-13T00:00:00+08:00,0.9,synthetic,not_applicable,,team_generated,false,golden
EVT-G012-35,USER-G012,interview_result,2026-05-11T16:00:00Z,,,JOB-AI-ALG-0035,0,completed,disappointed,active,low,记录模拟面试反馈,1.2.0,synthetic,true,SRC-SYNTH,2026-09-13T00:00:00+08:00,0.9,synthetic,not_applicable,,team_generated,false,golden
EVT-G012-36,USER-G012,plan_adjusted,2026-05-28T16:00:00Z,SKILL-024,,,0,completed,neutral,plan_rebalanced,low,根据时间和反馈调整学习计划,1.2.0,synthetic,true,SRC-SYNTH,2026-09-13T00:00:00+08:00,0.9,synthetic,not_applicable,,team_generated,false,golden
EVT-G012-37,USER-G012,skill_practice,2026-06-14T16:00:00Z,SKILL-036,RES-0036,,2,completed,positive,progressing,low,完成技能练习并记录反思,1.2.0,synthetic,true,SRC-SYNTH,2026-09-13T00:00:00+08:00,0.9,synthetic,not_applicable,,team_generated,false,golden
EVT-G012-38,USER-G012,consent_withdrawn,2026-07-01T16:00:00Z,,,,0,processing_stopped,neutral,active,high,模拟用户撤回授权，停止画像更新并进入删除流程测试,1.2.0,synthetic,true,SRC-SYNTH,2026-09-13T00:00:00+08:00,0.9,synthetic,not_applicable,,team_generated,false,golden
EVT-G012-39,USER-G012,reminder_response,2026-07-18T16:00:00Z,SKILL-010,,,0,completed,neutral,active,low,响应任务提醒并更新完成状态,1.2.0,synthetic,true,SRC-SYNTH,2026-09-13T00:00:00+08:00,0.9,synthetic,not_applicable,,team_generated,false,golden
EVT-G012-40,USER-G012,profile_recalculated,2026-08-04T16:00:00Z,SKILL-018,,,0,completed,neutral,active,low,根据新证据重算画像与岗位匹配度,1.2.0,synthetic,true,SRC-SYNTH,2026-09-13T00:00:00+08:00,0.9,synthetic,not_applicable,,team_generated,false,golden
EVT-S001-01,USER-S001,onboarding,2024-10-10T16:00:00Z,,,,0,completed,neutral,active,low,完成基础信息和学习约束录入,1.2.0,synthetic,true,SRC-SYNTH,2026-09-13T00:00:00+08:00,0.9,synthetic,not_applicable,,team_generated,false,dev
EVT-S001-02,USER-S001,skill_assessment,2024-10-27T16:00:00Z,SKILL-058,,,3,completed,positive,progressing,low,完成能力测评并生成可解释证据,1.2.0,synthetic,true,SRC-SYNTH,2026-09-13T00:00:00+08:00,0.9,synthetic,not_applicable,,team_generated,false,dev
EVT-S001-03,USER-S001,course_started,2024-11-13T16:00:00Z,SKILL-002,RES-0055,,0,completed,neutral,active,low,开始一项与目标能力相关的课程,1.2.0,synthetic,true,SRC-SYNTH,2026-09-13T00:00:00+08:00,0.9,synthetic,not_applicable,,team_generated,false,dev
EVT-S001-04,USER-S001,task_completed,2024-11-30T16:00:00Z,SKILL-017,RES-0137,,2,completed,positive,progressing,low,完成本周学习任务,1.2.0,synthetic,true,SRC-SYNTH,2026-09-13T00:00:00+08:00,0.9,synthetic,not_applicable,,team_generated,false,dev
EVT-S001-05,USER-S001,skill_practice,2024-12-17T16:00:00Z,SKILL-020,RES-0193,,2,completed,positive,progressing,low,完成技能练习并记录反思,1.2.0,synthetic,true,SRC-SYNTH,2026-09-13T00:00:00+08:00,0.9,synthetic,not_applicable,,team_generated,false,dev
EVT-S001-06,USER-S001,course_completed,2025-01-03T16:00:00Z,SKILL-023,RES-0136,,6,completed,positive,progressing,low,完成课程并提交学习总结,1.2.0,synthetic,true,SRC-SYNTH,2026-09-13T00:00:00+08:00,0.9,synthetic,not_applicable,,team_generated,false,dev
EVT-S001-07,USER-S001,project_started,2025-01-20T16:00:00Z,SKILL-033,RES-0573,,0,completed,neutral,active,low,启动实践项目并确认里程碑,1.2.0,synthetic,true,SRC-SYNTH,2026-09-13T00:00:00+08:00,0.9,synthetic,not_applicable,,team_generated,false,dev
EVT-S001-08,USER-S001,job_viewed,2025-02-06T16:00:00Z,,,JOB-AI-ALG-0087,0,completed,neutral,active,low,查看目标岗位及能力要求,1.2.0,synthetic,true,SRC-SYNTH,2026-09-13T00:00:00+08:00,0.9,synthetic,not_applicable,,team_generated,false,dev
EVT-S001-09,USER-S001,feedback_submitted,2025-02-23T16:00:00Z,SKILL-002,,,0,completed,neutral,active,low,提交计划难度和推荐相关性反馈,1.2.0,synthetic,true,SRC-SYNTH,2026-09-13T00:00:00+08:00,0.9,synthetic,not_applicable,,team_generated,false,dev
EVT-S001-10,USER-S001,task_completed,2025-03-12T16:00:00Z,SKILL-017,RES-0137,,2,completed,positive,progressing,low,完成本周学习任务,1.2.0,synthetic,true,SRC-SYNTH,2026-09-13T00:00:00+08:00,0.9,synthetic,not_applicable,,team_generated,false,dev
EVT-S001-11,USER-S001,project_completed,2025-03-29T16:00:00Z,SKILL-020,RES-0200,,8,completed,positive,progressing,low,完成项目、说明文档和复盘,1.2.0,synthetic,true,SRC-SYNTH,2026-09-13T00:00:00+08:00,0.9,synthetic,not_applicable,,team_generated,false,dev
EVT-S001-12,USER-S001,profile_recalculated,2025-04-15T16:00:00Z,SKILL-023,,,0,completed,neutral,active,low,根据新证据重算画像与岗位匹配度,1.2.0,synthetic,true,SRC-SYNTH,2026-09-13T00:00:00+08:00,0.9,synthetic,not_applicable,,team_generated,false,dev
EVT-S001-13,USER-S001,job_saved,2025-05-02T16:00:00Z,,,JOB-AI-ALG-0013,0,completed,neutral,active,low,收藏一个模拟目标岗位,1.2.0,synthetic,true,SRC-SYNTH,2026-09-13T00:00:00+08:00,0.9,synthetic,not_applicable,,team_generated,false,dev
EVT-S001-14,USER-S001,application_submitted,2025-05-19T16:00:00Z,,,JOB-AI-ALG-0014,0,completed,neutral,active,low,向模拟岗位提交申请,1.2.0,synthetic,true,SRC-SYNTH,2026-09-13T00:00:00+08:00,0.9,synthetic,not_applicable,,team_generated,false,dev
EVT-S001-15,USER-S001,interview_result,2025-06-05T16:00:00Z,,,JOB-AI-ALG-0015,0,completed,disappointed,active,low,记录模拟面试反馈,1.2.0,synthetic,true,SRC-SYNTH,2026-09-13T00:00:00+08:00,0.9,synthetic,not_applicable,,team_generated,false,dev
EVT-S001-16,USER-S001,plan_adjusted,2025-06-22T16:00:00Z,SKILL-017,,,0,completed,neutral,plan_rebalanced,low,根据时间和反馈调整学习计划,1.2.0,synthetic,true,SRC-SYNTH,2026-09-13T00:00:00+08:00,0.9,synthetic,not_applicable,,team_generated,false,dev
EVT-S001-17,USER-S001,skill_practice,2025-07-09T16:00:00Z,SKILL-020,RES-0553,,2,completed,positive,progressing,low,完成技能练习并记录反思,1.2.0,synthetic,true,SRC-SYNTH,2026-09-13T00:00:00+08:00,0.9,synthetic,not_applicable,,team_generated,false,dev
EVT-S001-18,USER-S001,inactivity,2025-07-26T16:00:00Z,SKILL-023,,,-4,attention_needed,frustrated,learning_stalled,medium,超过设定周期未产生学习证据，触发技能衰减,1.2.0,synthetic,true,SRC-SYNTH,2026-09-13T00:00:00+08:00,0.9,synthetic,not_applicable,,team_generated,false,dev
EVT-S001-19,USER-S001,reminder_response,2025-08-12T16:00:00Z,SKILL-033,,,0,completed,neutral,active,low,响应任务提醒并更新完成状态,1.2.0,synthetic,true,SRC-SYNTH,2026-09-13T00:00:00+08:00,0.9,synthetic,not_applicable,,team_generated,false,dev
EVT-S001-20,USER-S001,profile_recalculated,2025-08-29T16:00:00Z,SKILL-058,,,0,completed,neutral,active,low,根据新证据重算画像与岗位匹配度,1.2.0,synthetic,true,SRC-SYNTH,2026-09-13T00:00:00+08:00,0.9,synthetic,not_applicable,,team_generated,false,dev
EVT-S001-21,USER-S001,onboarding,2025-09-15T16:00:00Z,,,,0,completed,neutral,active,low,完成基础信息和学习约束录入,1.2.0,synthetic,true,SRC-SYNTH,2026-09-13T00:00:00+08:00,0.9,synthetic,not_applicable,,team_generated,false,dev
EVT-S001-22,USER-S001,skill_assessment,2025-10-02T16:00:00Z,SKILL-017,,,3,completed,positive,progressing,low,完成能力测评并生成可解释证据,1.2.0,synthetic,true,SRC-SYNTH,2026-09-13T00:00:00+08:00,0.9,synthetic,not_applicable,,team_generated,false,dev
EVT-S001-23,USER-S001,course_started,2025-10-19T16:00:00Z,SKILL-020,RES-0193,,0,completed,neutral,active,low,开始一项与目标能力相关的课程,1.2.0,synthetic,true,SRC-SYNTH,2026-09-13T00:00:00+08:00,0.9,synthetic,not_applicable,,team_generated,false,dev
EVT-S001-24,USER-S001,task_completed,2025-11-05T16:00:00Z,SKILL-023,RES-0005,,2,completed,positive,progressing,low,完成本周学习任务,1.2.0,synthetic,true,SRC-SYNTH,2026-09-13T00:00:00+08:00,0.9,synthetic,not_applicable,,team_generated,false,dev
EVT-S001-25,USER-S001,skill_practice,2025-11-22T16:00:00Z,SKILL-033,RES-0146,,2,completed,positive,progressing,low,完成技能练习并记录反思,1.2.0,synthetic,true,SRC-SYNTH,2026-09-13T00:00:00+08:00,0.9,synthetic,not_applicable,,team_generated,false,dev
EVT-S001-26,USER-S001,course_completed,2025-12-09T16:00:00Z,SKILL-058,RES-0298,,6,completed,positive,progressing,low,完成课程并提交学习总结,1.2.0,synthetic,true,SRC-SYNTH,2026-09-13T00:00:00+08:00,0.9,synthetic,not_applicable,,team_generated,false,dev
EVT-S001-27,USER-S001,project_started,2025-12-26T16:00:00Z,SKILL-002,RES-0122,,0,completed,neutral,active,low,启动实践项目并确认里程碑,1.2.0,synthetic,true,SRC-SYNTH,2026-09-13T00:00:00+08:00,0.9,synthetic,not_applicable,,team_generated,false,dev
EVT-S001-28,USER-S001,job_viewed,2026-01-12T16:00:00Z,,,JOB-AI-ALG-0028,0,completed,neutral,active,low,查看目标岗位及能力要求,1.2.0,synthetic,true,SRC-SYNTH,2026-09-13T00:00:00+08:00,0.9,synthetic,not_applicable,,team_generated,false,dev
EVT-S001-29,USER-S001,feedback_submitted,2026-01-29T16:00:00Z,SKILL-020,,,0,completed,neutral,active,low,提交计划难度和推荐相关性反馈,1.2.0,synthetic,true,SRC-SYNTH,2026-09-13T00:00:00+08:00,0.9,synthetic,not_applicable,,team_generated,false,dev
EVT-S001-30,USER-S001,task_completed,2026-02-15T16:00:00Z,SKILL-023,RES-0143,,2,completed,positive,progressing,low,完成本周学习任务,1.2.0,synthetic,true,SRC-SYNTH,2026-09-13T00:00:00+08:00,0.9,synthetic,not_applicable,,team_generated,false,dev
EVT-S001-31,USER-S001,project_completed,2026-03-04T16:00:00Z,SKILL-033,RES-0146,,8,completed,positive,progressing,low,完成项目、说明文档和复盘,1.2.0,synthetic,true,SRC-SYNTH,2026-09-13T00:00:00+08:00,0.9,synthetic,not_applicable,,team_generated,false,dev
EVT-S001-32,USER-S001,profile_recalculated,2026-03-21T16:00:00Z,SKILL-058,,,0,completed,neutral,active,low,根据新证据重算画像与岗位匹配度,1.2.0,synthetic,true,SRC-SYNTH,2026-09-13T00:00:00+08:00,0.9,synthetic,not_applicable,,team_generated,false,dev
EVT-S001-33,USER-S001,job_saved,2026-04-07T16:00:00Z,,,JOB-AI-ALG-0033,0,completed,neutral,active,low,收藏一个模拟目标岗位,1.2.0,synthetic,true,SRC-SYNTH,2026-09-13T00:00:00+08:00,0.9,synthetic,not_applicable,,team_generated,false,dev
EVT-S001-34,USER-S001,application_submitted,2026-04-24T16:00:00Z,,,JOB-AI-ALG-0034,0,completed,neutral,active,low,向模拟岗位提交申请,1.2.0,synthetic,true,SRC-SYNTH,2026-09-13T00:00:00+08:00,0.9,synthetic,not_applicable,,team_generated,false,dev
EVT-S001-35,USER-S001,interview_result,2026-05-11T16:00:00Z,,,JOB-AI-ALG-0035,0,completed,disappointed,active,low,记录模拟面试反馈,1.2.0,synthetic,true,SRC-SYNTH,2026-09-13T00:00:00+08:00,0.9,synthetic,not_applicable,,team_generated,false,dev
EVT-S001-36,USER-S001,plan_adjusted,2026-05-28T16:00:00Z,SKILL-023,,,0,completed,neutral,plan_rebalanced,low,根据时间和反馈调整学习计划,1.2.0,synthetic,true,SRC-SYNTH,2026-09-13T00:00:00+08:00,0.9,synthetic,not_applicable,,team_generated,false,dev
EVT-S001-37,USER-S001,skill_practice,2026-06-14T16:00:00Z,SKILL-033,RES-0033,,2,completed,positive,progressing,low,完成技能练习并记录反思,1.2.0,synthetic,true,SRC-SYNTH,2026-09-13T00:00:00+08:00,0.9,synthetic,not_applicable,,team_generated,false,dev
EVT-S001-38,USER-S001,inactivity,2026-07-01T16:00:00Z,SKILL-058,,,-4,attention_needed,frustrated,learning_stalled,medium,超过设定周期未产生学习证据，触发技能衰减,1.2.0,synthetic,true,SRC-SYNTH,2026-09-13T00:00:00+08:00,0.9,synthetic,not_applicable,,team_generated,false,dev
EVT-S001-39,USER-S001,reminder_response,2026-07-18T16:00:00Z,SKILL-002,,,0,completed,neutral,active,low,响应任务提醒并更新完成状态,1.2.0,synthetic,true,SRC-SYNTH,2026-09-13T00:00:00+08:00,0.9,synthetic,not_applicable,,team_generated,false,dev
EVT-S001-40,USER-S001,profile_recalculated,2026-08-04T16:00:00Z,SKILL-017,,,0,completed,neutral,active,low,根据新证据重算画像与岗位匹配度,1.2.0,synthetic,true,SRC-SYNTH,2026-09-13T00:00:00+08:00,0.9,synthetic,not_applicable,,team_generated,false,dev
EVT-S002-01,USER-S002,onboarding,2024-10-10T16:00:00Z,,,,0,completed,neutral,active,low,完成基础信息和学习约束录入,1.2.0,synthetic,true,SRC-SYNTH,2026-09-13T00:00:00+08:00,0.9,synthetic,not_applicable,,team_generated,false,dev
EVT-S002-02,USER-S002,skill_assessment,2024-10-27T16:00:00Z,SKILL-050,,,3,completed,positive,progressing,low,完成能力测评并生成可解释证据,1.2.0,synthetic,true,SRC-SYNTH,2026-09-13T00:00:00+08:00,0.9,synthetic,not_applicable,,team_generated,false,dev
EVT-S002-03,USER-S002,course_started,2024-11-13T16:00:00Z,SKILL-008,RES-0121,,0,completed,neutral,active,low,开始一项与目标能力相关的课程,1.2.0,synthetic,true,SRC-SYNTH,2026-09-13T00:00:00+08:00,0.9,synthetic,not_applicable,,team_generated,false,dev
EVT-S002-04,USER-S002,task_completed,2024-11-30T16:00:00Z,SKILL-026,RES-0139,,2,completed,positive,progressing,low,完成本周学习任务,1.2.0,synthetic,true,SRC-SYNTH,2026-09-13T00:00:00+08:00,0.9,synthetic,not_applicable,,team_generated,false,dev
EVT-S002-05,USER-S002,skill_practice,2024-12-17T16:00:00Z,SKILL-029,RES-0029,,2,completed,positive,progressing,low,完成技能练习并记录反思,1.2.0,synthetic,true,SRC-SYNTH,2026-09-13T00:00:00+08:00,0.9,synthetic,not_applicable,,team_generated,false,dev
EVT-S002-06,USER-S002,course_completed,2025-01-03T16:00:00Z,SKILL-035,RES-0155,,6,completed,positive,progressing,low,完成课程并提交学习总结,1.2.0,synthetic,true,SRC-SYNTH,2026-09-13T00:00:00+08:00,0.9,synthetic,not_applicable,,team_generated,false,dev
EVT-S002-07,USER-S002,project_started,2025-01-20T16:00:00Z,SKILL-038,RES-0038,,0,completed,neutral,active,low,启动实践项目并确认里程碑,1.2.0,synthetic,true,SRC-SYNTH,2026-09-13T00:00:00+08:00,0.9,synthetic,not_applicable,,team_generated,false,dev
EVT-S002-08,USER-S002,job_viewed,2025-02-06T16:00:00Z,,,JOB-AI-APP-0087,0,completed,neutral,active,low,查看目标岗位及能力要求,1.2.0,synthetic,true,SRC-SYNTH,2026-09-13T00:00:00+08:00,0.9,synthetic,not_applicable,,team_generated,false,dev
EVT-S002-09,USER-S002,feedback_submitted,2025-02-23T16:00:00Z,SKILL-008,,,0,completed,neutral,active,low,提交计划难度和推荐相关性反馈,1.2.0,synthetic,true,SRC-SYNTH,2026-09-13T00:00:00+08:00,0.9,synthetic,not_applicable,,team_generated,false,dev
EVT-S002-10,USER-S002,task_completed,2025-03-12T16:00:00Z,SKILL-026,RES-0006,,2,completed,positive,progressing,low,完成本周学习任务,1.2.0,synthetic,true,SRC-SYNTH,2026-09-13T00:00:00+08:00,0.9,synthetic,not_applicable,,team_generated,false,dev
EVT-S002-11,USER-S002,project_completed,2025-03-29T16:00:00Z,SKILL-029,RES-0003,,8,completed,positive,progressing,low,完成项目、说明文档和复盘,1.2.0,synthetic,true,SRC-SYNTH,2026-09-13T00:00:00+08:00,0.9,synthetic,not_applicable,,team_generated,false,dev
EVT-S002-12,USER-S002,profile_recalculated,2025-04-15T16:00:00Z,SKILL-035,,,0,completed,neutral,active,low,根据新证据重算画像与岗位匹配度,1.2.0,synthetic,true,SRC-SYNTH,2026-09-13T00:00:00+08:00,0.9,synthetic,not_applicable,,team_generated,false,dev
EVT-S002-13,USER-S002,job_saved,2025-05-02T16:00:00Z,,,JOB-AI-APP-0013,0,completed,neutral,active,low,收藏一个模拟目标岗位,1.2.0,synthetic,true,SRC-SYNTH,2026-09-13T00:00:00+08:00,0.9,synthetic,not_applicable,,team_generated,false,dev
EVT-S002-14,USER-S002,application_submitted,2025-05-19T16:00:00Z,,,JOB-AI-APP-0014,0,completed,neutral,active,low,向模拟岗位提交申请,1.2.0,synthetic,true,SRC-SYNTH,2026-09-13T00:00:00+08:00,0.9,synthetic,not_applicable,,team_generated,false,dev
EVT-S002-15,USER-S002,interview_result,2025-06-05T16:00:00Z,,,JOB-AI-APP-0015,0,completed,disappointed,active,low,记录模拟面试反馈,1.2.0,synthetic,true,SRC-SYNTH,2026-09-13T00:00:00+08:00,0.9,synthetic,not_applicable,,team_generated,false,dev
EVT-S002-16,USER-S002,plan_adjusted,2025-06-22T16:00:00Z,SKILL-026,,,0,completed,neutral,plan_rebalanced,low,根据时间和反馈调整学习计划,1.2.0,synthetic,true,SRC-SYNTH,2026-09-13T00:00:00+08:00,0.9,synthetic,not_applicable,,team_generated,false,dev
EVT-S002-17,USER-S002,skill_practice,2025-07-09T16:00:00Z,SKILL-029,RES-0202,,2,completed,positive,progressing,low,完成技能练习并记录反思,1.2.0,synthetic,true,SRC-SYNTH,2026-09-13T00:00:00+08:00,0.9,synthetic,not_applicable,,team_generated,false,dev
EVT-S002-18,USER-S002,inactivity,2025-07-26T16:00:00Z,SKILL-035,,,-4,attention_needed,frustrated,learning_stalled,medium,超过设定周期未产生学习证据，触发技能衰减,1.2.0,synthetic,true,SRC-SYNTH,2026-09-13T00:00:00+08:00,0.9,synthetic,not_applicable,,team_generated,false,dev
EVT-S002-19,USER-S002,reminder_response,2025-08-12T16:00:00Z,SKILL-038,,,0,completed,neutral,active,low,响应任务提醒并更新完成状态,1.2.0,synthetic,true,SRC-SYNTH,2026-09-13T00:00:00+08:00,0.9,synthetic,not_applicable,,team_generated,false,dev
EVT-S002-20,USER-S002,profile_recalculated,2025-08-29T16:00:00Z,SKILL-050,,,0,completed,neutral,active,low,根据新证据重算画像与岗位匹配度,1.2.0,synthetic,true,SRC-SYNTH,2026-09-13T00:00:00+08:00,0.9,synthetic,not_applicable,,team_generated,false,dev
EVT-S002-21,USER-S002,onboarding,2025-09-15T16:00:00Z,,,,0,completed,neutral,active,low,完成基础信息和学习约束录入,1.2.0,synthetic,true,SRC-SYNTH,2026-09-13T00:00:00+08:00,0.9,synthetic,not_applicable,,team_generated,false,dev
EVT-S002-22,USER-S002,skill_assessment,2025-10-02T16:00:00Z,SKILL-026,,,3,completed,positive,progressing,low,完成能力测评并生成可解释证据,1.2.0,synthetic,true,SRC-SYNTH,2026-09-13T00:00:00+08:00,0.9,synthetic,not_applicable,,team_generated,false,dev
EVT-S002-23,USER-S002,course_started,2025-10-19T16:00:00Z,SKILL-029,RES-0011,,0,completed,neutral,active,low,开始一项与目标能力相关的课程,1.2.0,synthetic,true,SRC-SYNTH,2026-09-13T00:00:00+08:00,0.9,synthetic,not_applicable,,team_generated,false,dev
EVT-S002-24,USER-S002,task_completed,2025-11-05T16:00:00Z,SKILL-035,RES-0515,,2,completed,positive,progressing,low,完成本周学习任务,1.2.0,synthetic,true,SRC-SYNTH,2026-09-13T00:00:00+08:00,0.9,synthetic,not_applicable,,team_generated,false,dev
EVT-S002-25,USER-S002,skill_practice,2025-11-22T16:00:00Z,SKILL-038,RES-0151,,2,completed,positive,progressing,low,完成技能练习并记录反思,1.2.0,synthetic,true,SRC-SYNTH,2026-09-13T00:00:00+08:00,0.9,synthetic,not_applicable,,team_generated,false,dev
EVT-S002-26,USER-S002,course_completed,2025-12-09T16:00:00Z,SKILL-050,RES-0170,,6,completed,positive,progressing,low,完成课程并提交学习总结,1.2.0,synthetic,true,SRC-SYNTH,2026-09-13T00:00:00+08:00,0.9,synthetic,not_applicable,,team_generated,false,dev
EVT-S002-27,USER-S002,project_started,2025-12-26T16:00:00Z,SKILL-008,RES-0181,,0,completed,neutral,active,low,启动实践项目并确认里程碑,1.2.0,synthetic,true,SRC-SYNTH,2026-09-13T00:00:00+08:00,0.9,synthetic,not_applicable,,team_generated,false,dev
EVT-S002-28,USER-S002,job_viewed,2026-01-12T16:00:00Z,,,JOB-AI-APP-0028,0,completed,neutral,active,low,查看目标岗位及能力要求,1.2.0,synthetic,true,SRC-SYNTH,2026-09-13T00:00:00+08:00,0.9,synthetic,not_applicable,,team_generated,false,dev
EVT-S002-29,USER-S002,feedback_submitted,2026-01-29T16:00:00Z,SKILL-029,,,0,completed,neutral,active,low,提交计划难度和推荐相关性反馈,1.2.0,synthetic,true,SRC-SYNTH,2026-09-13T00:00:00+08:00,0.9,synthetic,not_applicable,,team_generated,false,dev
EVT-S002-30,USER-S002,task_completed,2026-02-15T16:00:00Z,SKILL-035,RES-0388,,2,completed,positive,progressing,low,完成本周学习任务,1.2.0,synthetic,true,SRC-SYNTH,2026-09-13T00:00:00+08:00,0.9,synthetic,not_applicable,,team_generated,false,dev
EVT-S002-31,USER-S002,project_completed,2026-03-04T16:00:00Z,SKILL-038,RES-0031,,8,completed,positive,progressing,low,完成项目、说明文档和复盘,1.2.0,synthetic,true,SRC-SYNTH,2026-09-13T00:00:00+08:00,0.9,synthetic,not_applicable,,team_generated,false,dev
EVT-S002-32,USER-S002,profile_recalculated,2026-03-21T16:00:00Z,SKILL-050,,,0,completed,neutral,active,low,根据新证据重算画像与岗位匹配度,1.2.0,synthetic,true,SRC-SYNTH,2026-09-13T00:00:00+08:00,0.9,synthetic,not_applicable,,team_generated,false,dev
EVT-S002-33,USER-S002,job_saved,2026-04-07T16:00:00Z,,,JOB-AI-APP-0033,0,completed,neutral,active,low,收藏一个模拟目标岗位,1.2.0,synthetic,true,SRC-SYNTH,2026-09-13T00:00:00+08:00,0.9,synthetic,not_applicable,,team_generated,false,dev
EVT-S002-34,USER-S002,application_submitted,2026-04-24T16:00:00Z,,,JOB-AI-APP-0034,0,completed,neutral,active,low,向模拟岗位提交申请,1.2.0,synthetic,true,SRC-SYNTH,2026-09-13T00:00:00+08:00,0.9,synthetic,not_applicable,,team_generated,false,dev
EVT-S002-35,USER-S002,interview_result,2026-05-11T16:00:00Z,,,JOB-AI-APP-0035,0,completed,disappointed,active,low,记录模拟面试反馈,1.2.0,synthetic,true,SRC-SYNTH,2026-09-13T00:00:00+08:00,0.9,synthetic,not_applicable,,team_generated,false,dev
EVT-S002-36,USER-S002,plan_adjusted,2026-05-28T16:00:00Z,SKILL-035,,,0,completed,neutral,plan_rebalanced,low,根据时间和反馈调整学习计划,1.2.0,synthetic,true,SRC-SYNTH,2026-09-13T00:00:00+08:00,0.9,synthetic,not_applicable,,team_generated,false,dev
EVT-S002-37,USER-S002,skill_practice,2026-06-14T16:00:00Z,SKILL-038,RES-0038,,2,completed,positive,progressing,low,完成技能练习并记录反思,1.2.0,synthetic,true,SRC-SYNTH,2026-09-13T00:00:00+08:00,0.9,synthetic,not_applicable,,team_generated,false,dev
EVT-S002-38,USER-S002,inactivity,2026-07-01T16:00:00Z,SKILL-050,,,-4,attention_needed,frustrated,learning_stalled,medium,超过设定周期未产生学习证据，触发技能衰减,1.2.0,synthetic,true,SRC-SYNTH,2026-09-13T00:00:00+08:00,0.9,synthetic,not_applicable,,team_generated,false,dev
EVT-S002-39,USER-S002,reminder_response,2026-07-18T16:00:00Z,SKILL-008,,,0,completed,neutral,active,low,响应任务提醒并更新完成状态,1.2.0,synthetic,true,SRC-SYNTH,2026-09-13T00:00:00+08:00,0.9,synthetic,not_applicable,,team_generated,false,dev
EVT-S002-40,USER-S002,profile_recalculated,2026-08-04T16:00:00Z,SKILL-026,,,0,completed,neutral,active,low,根据新证据重算画像与岗位匹配度,1.2.0,synthetic,true,SRC-SYNTH,2026-09-13T00:00:00+08:00,0.9,synthetic,not_applicable,,team_generated,false,dev
EVT-S003-01,USER-S003,onboarding,2024-10-10T16:00:00Z,,,,0,completed,neutral,active,low,完成基础信息和学习约束录入,1.2.0,synthetic,true,SRC-SYNTH,2026-09-13T00:00:00+08:00,0.9,synthetic,not_applicable,,team_generated,false,dev
EVT-S003-02,USER-S003,skill_assessment,2024-10-27T16:00:00Z,SKILL-001,,,3,completed,positive,progressing,low,完成能力测评并生成可解释证据,1.2.0,synthetic,true,SRC-SYNTH,2026-09-13T00:00:00+08:00,0.9,synthetic,not_applicable,,team_generated,false,dev
EVT-S003-03,USER-S003,course_started,2024-11-13T16:00:00Z,SKILL-011,RES-0124,,0,completed,neutral,active,low,开始一项与目标能力相关的课程,1.2.0,synthetic,true,SRC-SYNTH,2026-09-13T00:00:00+08:00,0.9,synthetic,not_applicable,,team_generated,false,dev
EVT-S003-04,USER-S003,task_completed,2024-11-30T16:00:00Z,SKILL-014,RES-0134,,2,completed,positive,progressing,low,完成本周学习任务,1.2.0,synthetic,true,SRC-SYNTH,2026-09-13T00:00:00+08:00,0.9,synthetic,not_applicable,,team_generated,false,dev
EVT-S003-05,USER-S003,skill_practice,2024-12-17T16:00:00Z,SKILL-040,RES-0160,,2,completed,positive,progressing,low,完成技能练习并记录反思,1.2.0,synthetic,true,SRC-SYNTH,2026-09-13T00:00:00+08:00,0.9,synthetic,not_applicable,,team_generated,false,dev
EVT-S003-06,USER-S003,course_completed,2025-01-03T16:00:00Z,SKILL-044,RES-0164,,6,completed,positive,progressing,low,完成课程并提交学习总结,1.2.0,synthetic,true,SRC-SYNTH,2026-09-13T00:00:00+08:00,0.9,synthetic,not_applicable,,team_generated,false,dev
EVT-S003-07,USER-S003,project_started,2025-01-20T16:00:00Z,SKILL-048,RES-0168,,0,completed,neutral,active,low,启动实践项目并确认里程碑,1.2.0,synthetic,true,SRC-SYNTH,2026-09-13T00:00:00+08:00,0.9,synthetic,not_applicable,,team_generated,false,dev
EVT-S003-08,USER-S003,job_viewed,2025-02-06T16:00:00Z,,,JOB-DATA-0087,0,completed,neutral,active,low,查看目标岗位及能力要求,1.2.0,synthetic,true,SRC-SYNTH,2026-09-13T00:00:00+08:00,0.9,synthetic,not_applicable,,team_generated,false,dev
EVT-S003-09,USER-S003,feedback_submitted,2025-02-23T16:00:00Z,SKILL-011,,,0,completed,neutral,active,low,提交计划难度和推荐相关性反馈,1.2.0,synthetic,true,SRC-SYNTH,2026-09-13T00:00:00+08:00,0.9,synthetic,not_applicable,,team_generated,false,dev
EVT-S003-10,USER-S003,task_completed,2025-03-12T16:00:00Z,SKILL-014,RES-0314,,2,completed,positive,progressing,low,完成本周学习任务,1.2.0,synthetic,true,SRC-SYNTH,2026-09-13T00:00:00+08:00,0.9,synthetic,not_applicable,,team_generated,false,dev
EVT-S003-11,USER-S003,project_completed,2025-03-29T16:00:00Z,SKILL-040,RES-0146,,8,completed,positive,progressing,low,完成项目、说明文档和复盘,1.2.0,synthetic,true,SRC-SYNTH,2026-09-13T00:00:00+08:00,0.9,synthetic,not_applicable,,team_generated,false,dev
EVT-S003-12,USER-S003,profile_recalculated,2025-04-15T16:00:00Z,SKILL-044,,,0,completed,neutral,active,low,根据新证据重算画像与岗位匹配度,1.2.0,synthetic,true,SRC-SYNTH,2026-09-13T00:00:00+08:00,0.9,synthetic,not_applicable,,team_generated,false,dev
EVT-S003-13,USER-S003,job_saved,2025-05-02T16:00:00Z,,,JOB-DATA-0013,0,completed,neutral,active,low,收藏一个模拟目标岗位,1.2.0,synthetic,true,SRC-SYNTH,2026-09-13T00:00:00+08:00,0.9,synthetic,not_applicable,,team_generated,false,dev
EVT-S003-14,USER-S003,application_submitted,2025-05-19T16:00:00Z,,,JOB-DATA-0014,0,completed,neutral,active,low,向模拟岗位提交申请,1.2.0,synthetic,true,SRC-SYNTH,2026-09-13T00:00:00+08:00,0.9,synthetic,not_applicable,,team_generated,false,dev
EVT-S003-15,USER-S003,interview_result,2025-06-05T16:00:00Z,,,JOB-DATA-0015,0,completed,disappointed,active,low,记录模拟面试反馈,1.2.0,synthetic,true,SRC-SYNTH,2026-09-13T00:00:00+08:00,0.9,synthetic,not_applicable,,team_generated,false,dev
EVT-S003-16,USER-S003,plan_adjusted,2025-06-22T16:00:00Z,SKILL-014,,,0,completed,neutral,plan_rebalanced,low,根据时间和反馈调整学习计划,1.2.0,synthetic,true,SRC-SYNTH,2026-09-13T00:00:00+08:00,0.9,synthetic,not_applicable,,team_generated,false,dev
EVT-S003-17,USER-S003,skill_practice,2025-07-09T16:00:00Z,SKILL-040,RES-0040,,2,completed,positive,progressing,low,完成技能练习并记录反思,1.2.0,synthetic,true,SRC-SYNTH,2026-09-13T00:00:00+08:00,0.9,synthetic,not_applicable,,team_generated,false,dev
EVT-S003-18,USER-S003,inactivity,2025-07-26T16:00:00Z,SKILL-044,,,-4,attention_needed,frustrated,learning_stalled,medium,超过设定周期未产生学习证据，触发技能衰减,1.2.0,synthetic,true,SRC-SYNTH,2026-09-13T00:00:00+08:00,0.9,synthetic,not_applicable,,team_generated,false,dev
EVT-S003-19,USER-S003,reminder_response,2025-08-12T16:00:00Z,SKILL-048,,,0,completed,neutral,active,low,响应任务提醒并更新完成状态,1.2.0,synthetic,true,SRC-SYNTH,2026-09-13T00:00:00+08:00,0.9,synthetic,not_applicable,,team_generated,false,dev
EVT-S003-20,USER-S003,profile_recalculated,2025-08-29T16:00:00Z,SKILL-001,,,0,completed,neutral,active,low,根据新证据重算画像与岗位匹配度,1.2.0,synthetic,true,SRC-SYNTH,2026-09-13T00:00:00+08:00,0.9,synthetic,not_applicable,,team_generated,false,dev
EVT-S003-21,USER-S003,onboarding,2025-09-15T16:00:00Z,,,,0,completed,neutral,active,low,完成基础信息和学习约束录入,1.2.0,synthetic,true,SRC-SYNTH,2026-09-13T00:00:00+08:00,0.9,synthetic,not_applicable,,team_generated,false,dev
EVT-S003-22,USER-S003,skill_assessment,2025-10-02T16:00:00Z,SKILL-014,,,3,completed,positive,progressing,low,完成能力测评并生成可解释证据,1.2.0,synthetic,true,SRC-SYNTH,2026-09-13T00:00:00+08:00,0.9,synthetic,not_applicable,,team_generated,false,dev
EVT-S003-23,USER-S003,course_started,2025-10-19T16:00:00Z,SKILL-040,RES-0026,,0,completed,neutral,active,low,开始一项与目标能力相关的课程,1.2.0,synthetic,true,SRC-SYNTH,2026-09-13T00:00:00+08:00,0.9,synthetic,not_applicable,,team_generated,false,dev
EVT-S003-24,USER-S003,task_completed,2025-11-05T16:00:00Z,SKILL-044,RES-0157,,2,completed,positive,progressing,low,完成本周学习任务,1.2.0,synthetic,true,SRC-SYNTH,2026-09-13T00:00:00+08:00,0.9,synthetic,not_applicable,,team_generated,false,dev
EVT-S003-25,USER-S003,skill_practice,2025-11-22T16:00:00Z,SKILL-048,RES-0041,,2,completed,positive,progressing,low,完成技能练习并记录反思,1.2.0,synthetic,true,SRC-SYNTH,2026-09-13T00:00:00+08:00,0.9,synthetic,not_applicable,,team_generated,false,dev
EVT-S003-26,USER-S003,course_completed,2025-12-09T16:00:00Z,SKILL-001,RES-0121,,6,completed,positive,progressing,low,完成课程并提交学习总结,1.2.0,synthetic,true,SRC-SYNTH,2026-09-13T00:00:00+08:00,0.9,synthetic,not_applicable,,team_generated,false,dev
EVT-S003-27,USER-S003,project_started,2025-12-26T16:00:00Z,SKILL-011,RES-0551,,0,completed,neutral,active,low,启动实践项目并确认里程碑,1.2.0,synthetic,true,SRC-SYNTH,2026-09-13T00:00:00+08:00,0.9,synthetic,not_applicable,,team_generated,false,dev
EVT-S003-28,USER-S003,job_viewed,2026-01-12T16:00:00Z,,,JOB-DATA-0028,0,completed,neutral,active,low,查看目标岗位及能力要求,1.2.0,synthetic,true,SRC-SYNTH,2026-09-13T00:00:00+08:00,0.9,synthetic,not_applicable,,team_generated,false,dev
EVT-S003-29,USER-S003,feedback_submitted,2026-01-29T16:00:00Z,SKILL-040,,,0,completed,neutral,active,low,提交计划难度和推荐相关性反馈,1.2.0,synthetic,true,SRC-SYNTH,2026-09-13T00:00:00+08:00,0.9,synthetic,not_applicable,,team_generated,false,dev
EVT-S003-30,USER-S003,task_completed,2026-02-15T16:00:00Z,SKILL-044,RES-0044,,2,completed,positive,progressing,low,完成本周学习任务,1.2.0,synthetic,true,SRC-SYNTH,2026-09-13T00:00:00+08:00,0.9,synthetic,not_applicable,,team_generated,false,dev
EVT-S003-31,USER-S003,project_completed,2026-03-04T16:00:00Z,SKILL-048,RES-0161,,8,completed,positive,progressing,low,完成项目、说明文档和复盘,1.2.0,synthetic,true,SRC-SYNTH,2026-09-13T00:00:00+08:00,0.9,synthetic,not_applicable,,team_generated,false,dev
EVT-S003-32,USER-S003,profile_recalculated,2026-03-21T16:00:00Z,SKILL-001,,,0,completed,neutral,active,low,根据新证据重算画像与岗位匹配度,1.2.0,synthetic,true,SRC-SYNTH,2026-09-13T00:00:00+08:00,0.9,synthetic,not_applicable,,team_generated,false,dev
EVT-S003-33,USER-S003,job_saved,2026-04-07T16:00:00Z,,,JOB-DATA-0033,0,completed,neutral,active,low,收藏一个模拟目标岗位,1.2.0,synthetic,true,SRC-SYNTH,2026-09-13T00:00:00+08:00,0.9,synthetic,not_applicable,,team_generated,false,dev
EVT-S003-34,USER-S003,application_submitted,2026-04-24T16:00:00Z,,,JOB-DATA-0034,0,completed,neutral,active,low,向模拟岗位提交申请,1.2.0,synthetic,true,SRC-SYNTH,2026-09-13T00:00:00+08:00,0.9,synthetic,not_applicable,,team_generated,false,dev
EVT-S003-35,USER-S003,interview_result,2026-05-11T16:00:00Z,,,JOB-DATA-0035,0,completed,disappointed,active,low,记录模拟面试反馈,1.2.0,synthetic,true,SRC-SYNTH,2026-09-13T00:00:00+08:00,0.9,synthetic,not_applicable,,team_generated,false,dev
EVT-S003-36,USER-S003,plan_adjusted,2026-05-28T16:00:00Z,SKILL-044,,,0,completed,neutral,plan_rebalanced,low,根据时间和反馈调整学习计划,1.2.0,synthetic,true,SRC-SYNTH,2026-09-13T00:00:00+08:00,0.9,synthetic,not_applicable,,team_generated,false,dev
EVT-S003-37,USER-S003,skill_practice,2026-06-14T16:00:00Z,SKILL-048,RES-0041,,2,completed,positive,progressing,low,完成技能练习并记录反思,1.2.0,synthetic,true,SRC-SYNTH,2026-09-13T00:00:00+08:00,0.9,synthetic,not_applicable,,team_generated,false,dev
EVT-S003-38,USER-S003,inactivity,2026-07-01T16:00:00Z,SKILL-001,,,-4,attention_needed,frustrated,learning_stalled,medium,超过设定周期未产生学习证据，触发技能衰减,1.2.0,synthetic,true,SRC-SYNTH,2026-09-13T00:00:00+08:00,0.9,synthetic,not_applicable,,team_generated,false,dev
EVT-S003-39,USER-S003,reminder_response,2026-07-18T16:00:00Z,SKILL-011,,,0,completed,neutral,active,low,响应任务提醒并更新完成状态,1.2.0,synthetic,true,SRC-SYNTH,2026-09-13T00:00:00+08:00,0.9,synthetic,not_applicable,,team_generated,false,dev
EVT-S003-40,USER-S003,profile_recalculated,2026-08-04T16:00:00Z,SKILL-014,,,0,completed,neutral,active,low,根据新证据重算画像与岗位匹配度,1.2.0,synthetic,true,SRC-SYNTH,2026-09-13T00:00:00+08:00,0.9,synthetic,not_applicable,,team_generated,false,dev
EVT-S004-01,USER-S004,onboarding,2024-10-10T16:00:00Z,,,,0,completed,neutral,active,low,完成基础信息和学习约束录入,1.2.0,synthetic,true,SRC-SYNTH,2026-09-13T00:00:00+08:00,0.9,synthetic,not_applicable,,team_generated,false,dev
EVT-S004-02,USER-S004,skill_assessment,2024-10-27T16:00:00Z,SKILL-002,,,3,completed,positive,progressing,low,完成能力测评并生成可解释证据,1.2.0,synthetic,true,SRC-SYNTH,2026-09-13T00:00:00+08:00,0.9,synthetic,not_applicable,,team_generated,false,dev
EVT-S004-03,USER-S004,course_started,2024-11-13T16:00:00Z,SKILL-017,RES-0130,,0,completed,neutral,active,low,开始一项与目标能力相关的课程,1.2.0,synthetic,true,SRC-SYNTH,2026-09-13T00:00:00+08:00,0.9,synthetic,not_applicable,,team_generated,false,dev
EVT-S004-04,USER-S004,task_completed,2024-11-30T16:00:00Z,SKILL-020,RES-0140,,2,completed,positive,progressing,low,完成本周学习任务,1.2.0,synthetic,true,SRC-SYNTH,2026-09-13T00:00:00+08:00,0.9,synthetic,not_applicable,,team_generated,false,dev
EVT-S004-05,USER-S004,skill_practice,2024-12-17T16:00:00Z,SKILL-023,RES-0076,,2,completed,positive,progressing,low,完成技能练习并记录反思,1.2.0,synthetic,true,SRC-SYNTH,2026-09-13T00:00:00+08:00,0.9,synthetic,not_applicable,,team_generated,false,dev
EVT-S004-06,USER-S004,course_completed,2025-01-03T16:00:00Z,SKILL-033,RES-0153,,6,completed,positive,progressing,low,完成课程并提交学习总结,1.2.0,synthetic,true,SRC-SYNTH,2026-09-13T00:00:00+08:00,0.9,synthetic,not_applicable,,team_generated,false,dev
EVT-S004-07,USER-S004,project_started,2025-01-20T16:00:00Z,SKILL-058,RES-0164,,0,completed,neutral,active,low,启动实践项目并确认里程碑,1.2.0,synthetic,true,SRC-SYNTH,2026-09-13T00:00:00+08:00,0.9,synthetic,not_applicable,,team_generated,false,dev
EVT-S004-08,USER-S004,job_viewed,2025-02-06T16:00:00Z,,,JOB-AI-ALG-0087,0,completed,neutral,active,low,查看目标岗位及能力要求,1.2.0,synthetic,true,SRC-SYNTH,2026-09-13T00:00:00+08:00,0.9,synthetic,not_applicable,,team_generated,false,dev
EVT-S004-09,USER-S004,feedback_submitted,2025-02-23T16:00:00Z,SKILL-017,,,0,completed,neutral,active,low,提交计划难度和推荐相关性反馈,1.2.0,synthetic,true,SRC-SYNTH,2026-09-13T00:00:00+08:00,0.9,synthetic,not_applicable,,team_generated,false,dev
EVT-S004-10,USER-S004,task_completed,2025-03-12T16:00:00Z,SKILL-020,RES-0193,,2,completed,positive,progressing,low,完成本周学习任务,1.2.0,synthetic,true,SRC-SYNTH,2026-09-13T00:00:00+08:00,0.9,synthetic,not_applicable,,team_generated,false,dev
EVT-S004-11,USER-S004,project_completed,2025-03-29T16:00:00Z,SKILL-023,RES-0256,,8,completed,positive,progressing,low,完成项目、说明文档和复盘,1.2.0,synthetic,true,SRC-SYNTH,2026-09-13T00:00:00+08:00,0.9,synthetic,not_applicable,,team_generated,false,dev
EVT-S004-12,USER-S004,profile_recalculated,2025-04-15T16:00:00Z,SKILL-033,,,0,completed,neutral,active,low,根据新证据重算画像与岗位匹配度,1.2.0,synthetic,true,SRC-SYNTH,2026-09-13T00:00:00+08:00,0.9,synthetic,not_applicable,,team_generated,false,dev
EVT-S004-13,USER-S004,job_saved,2025-05-02T16:00:00Z,,,JOB-AI-ALG-0013,0,completed,neutral,active,low,收藏一个模拟目标岗位,1.2.0,synthetic,true,SRC-SYNTH,2026-09-13T00:00:00+08:00,0.9,synthetic,not_applicable,,team_generated,false,dev
EVT-S004-14,USER-S004,application_submitted,2025-05-19T16:00:00Z,,,JOB-AI-ALG-0014,0,completed,neutral,active,low,向模拟岗位提交申请,1.2.0,synthetic,true,SRC-SYNTH,2026-09-13T00:00:00+08:00,0.9,synthetic,not_applicable,,team_generated,false,dev
EVT-S004-15,USER-S004,interview_result,2025-06-05T16:00:00Z,,,JOB-AI-ALG-0015,0,completed,disappointed,active,low,记录模拟面试反馈,1.2.0,synthetic,true,SRC-SYNTH,2026-09-13T00:00:00+08:00,0.9,synthetic,not_applicable,,team_generated,false,dev
EVT-S004-16,USER-S004,plan_adjusted,2025-06-22T16:00:00Z,SKILL-020,,,0,completed,neutral,plan_rebalanced,low,根据时间和反馈调整学习计划,1.2.0,synthetic,true,SRC-SYNTH,2026-09-13T00:00:00+08:00,0.9,synthetic,not_applicable,,team_generated,false,dev
EVT-S004-17,USER-S004,skill_practice,2025-07-09T16:00:00Z,SKILL-023,RES-0436,,2,completed,positive,progressing,low,完成技能练习并记录反思,1.2.0,synthetic,true,SRC-SYNTH,2026-09-13T00:00:00+08:00,0.9,synthetic,not_applicable,,team_generated,false,dev
EVT-S004-18,USER-S004,inactivity,2025-07-26T16:00:00Z,SKILL-033,,,-4,attention_needed,frustrated,learning_stalled,medium,超过设定周期未产生学习证据，触发技能衰减,1.2.0,synthetic,true,SRC-SYNTH,2026-09-13T00:00:00+08:00,0.9,synthetic,not_applicable,,team_generated,false,dev
EVT-S004-19,USER-S004,reminder_response,2025-08-12T16:00:00Z,SKILL-058,,,0,completed,neutral,active,low,响应任务提醒并更新完成状态,1.2.0,synthetic,true,SRC-SYNTH,2026-09-13T00:00:00+08:00,0.9,synthetic,not_applicable,,team_generated,false,dev
EVT-S004-20,USER-S004,profile_recalculated,2025-08-29T16:00:00Z,SKILL-002,,,0,completed,neutral,active,low,根据新证据重算画像与岗位匹配度,1.2.0,synthetic,true,SRC-SYNTH,2026-09-13T00:00:00+08:00,0.9,synthetic,not_applicable,,team_generated,false,dev
EVT-S004-21,USER-S004,onboarding,2025-09-15T16:00:00Z,,,,0,completed,neutral,active,low,完成基础信息和学习约束录入,1.2.0,synthetic,true,SRC-SYNTH,2026-09-13T00:00:00+08:00,0.9,synthetic,not_applicable,,team_generated,false,dev
EVT-S004-22,USER-S004,skill_assessment,2025-10-02T16:00:00Z,SKILL-020,,,3,completed,positive,progressing,low,完成能力测评并生成可解释证据,1.2.0,synthetic,true,SRC-SYNTH,2026-09-13T00:00:00+08:00,0.9,synthetic,not_applicable,,team_generated,false,dev
EVT-S004-23,USER-S004,course_started,2025-10-19T16:00:00Z,SKILL-023,RES-0002,,0,completed,neutral,active,low,开始一项与目标能力相关的课程,1.2.0,synthetic,true,SRC-SYNTH,2026-09-13T00:00:00+08:00,0.9,synthetic,not_applicable,,team_generated,false,dev
EVT-S004-24,USER-S004,task_completed,2025-11-05T16:00:00Z,SKILL-033,RES-0146,,2,completed,positive,progressing,low,完成本周学习任务,1.2.0,synthetic,true,SRC-SYNTH,2026-09-13T00:00:00+08:00,0.9,synthetic,not_applicable,,team_generated,false,dev
EVT-S004-25,USER-S004,skill_practice,2025-11-22T16:00:00Z,SKILL-058,RES-0044,,2,completed,positive,progressing,low,完成技能练习并记录反思,1.2.0,synthetic,true,SRC-SYNTH,2026-09-13T00:00:00+08:00,0.9,synthetic,not_applicable,,team_generated,false,dev
EVT-S004-26,USER-S004,course_completed,2025-12-09T16:00:00Z,SKILL-002,RES-0003,,6,completed,positive,progressing,low,完成课程并提交学习总结,1.2.0,synthetic,true,SRC-SYNTH,2026-09-13T00:00:00+08:00,0.9,synthetic,not_applicable,,team_generated,false,dev
EVT-S004-27,USER-S004,project_started,2025-12-26T16:00:00Z,SKILL-017,RES-0190,,0,completed,neutral,active,low,启动实践项目并确认里程碑,1.2.0,synthetic,true,SRC-SYNTH,2026-09-13T00:00:00+08:00,0.9,synthetic,not_applicable,,team_generated,false,dev
EVT-S004-28,USER-S004,job_viewed,2026-01-12T16:00:00Z,,,JOB-AI-ALG-0028,0,completed,neutral,active,low,查看目标岗位及能力要求,1.2.0,synthetic,true,SRC-SYNTH,2026-09-13T00:00:00+08:00,0.9,synthetic,not_applicable,,team_generated,false,dev
EVT-S004-29,USER-S004,feedback_submitted,2026-01-29T16:00:00Z,SKILL-023,,,0,completed,neutral,active,low,提交计划难度和推荐相关性反馈,1.2.0,synthetic,true,SRC-SYNTH,2026-09-13T00:00:00+08:00,0.9,synthetic,not_applicable,,team_generated,false,dev
EVT-S004-30,USER-S004,task_completed,2026-02-15T16:00:00Z,SKILL-033,RES-0033,,2,completed,positive,progressing,low,完成本周学习任务,1.2.0,synthetic,true,SRC-SYNTH,2026-09-13T00:00:00+08:00,0.9,synthetic,not_applicable,,team_generated,false,dev
EVT-S004-31,USER-S004,project_completed,2026-03-04T16:00:00Z,SKILL-058,RES-0224,,8,completed,positive,progressing,low,完成项目、说明文档和复盘,1.2.0,synthetic,true,SRC-SYNTH,2026-09-13T00:00:00+08:00,0.9,synthetic,not_applicable,,team_generated,false,dev
EVT-S004-32,USER-S004,profile_recalculated,2026-03-21T16:00:00Z,SKILL-002,,,0,completed,neutral,active,low,根据新证据重算画像与岗位匹配度,1.2.0,synthetic,true,SRC-SYNTH,2026-09-13T00:00:00+08:00,0.9,synthetic,not_applicable,,team_generated,false,dev
EVT-S004-33,USER-S004,job_saved,2026-04-07T16:00:00Z,,,JOB-AI-ALG-0033,0,completed,neutral,active,low,收藏一个模拟目标岗位,1.2.0,synthetic,true,SRC-SYNTH,2026-09-13T00:00:00+08:00,0.9,synthetic,not_applicable,,team_generated,false,dev
EVT-S004-34,USER-S004,application_submitted,2026-04-24T16:00:00Z,,,JOB-AI-ALG-0034,0,completed,neutral,active,low,向模拟岗位提交申请,1.2.0,synthetic,true,SRC-SYNTH,2026-09-13T00:00:00+08:00,0.9,synthetic,not_applicable,,team_generated,false,dev
EVT-S004-35,USER-S004,interview_result,2026-05-11T16:00:00Z,,,JOB-AI-ALG-0035,0,completed,disappointed,active,low,记录模拟面试反馈,1.2.0,synthetic,true,SRC-SYNTH,2026-09-13T00:00:00+08:00,0.9,synthetic,not_applicable,,team_generated,false,dev
EVT-S004-36,USER-S004,plan_adjusted,2026-05-28T16:00:00Z,SKILL-033,,,0,completed,neutral,plan_rebalanced,low,根据时间和反馈调整学习计划,1.2.0,synthetic,true,SRC-SYNTH,2026-09-13T00:00:00+08:00,0.9,synthetic,not_applicable,,team_generated,false,dev
EVT-S004-37,USER-S004,skill_practice,2026-06-14T16:00:00Z,SKILL-058,RES-0404,,2,completed,positive,progressing,low,完成技能练习并记录反思,1.2.0,synthetic,true,SRC-SYNTH,2026-09-13T00:00:00+08:00,0.9,synthetic,not_applicable,,team_generated,false,dev
EVT-S004-38,USER-S004,inactivity,2026-07-01T16:00:00Z,SKILL-002,,,-4,attention_needed,frustrated,learning_stalled,medium,超过设定周期未产生学习证据，触发技能衰减,1.2.0,synthetic,true,SRC-SYNTH,2026-09-13T00:00:00+08:00,0.9,synthetic,not_applicable,,team_generated,false,dev
EVT-S004-39,USER-S004,reminder_response,2026-07-18T16:00:00Z,SKILL-017,,,0,completed,neutral,active,low,响应任务提醒并更新完成状态,1.2.0,synthetic,true,SRC-SYNTH,2026-09-13T00:00:00+08:00,0.9,synthetic,not_applicable,,team_generated,false,dev
EVT-S004-40,USER-S004,profile_recalculated,2026-08-04T16:00:00Z,SKILL-020,,,0,completed,neutral,active,low,根据新证据重算画像与岗位匹配度,1.2.0,synthetic,true,SRC-SYNTH,2026-09-13T00:00:00+08:00,0.9,synthetic,not_applicable,,team_generated,false,dev
EVT-S005-01,USER-S005,onboarding,2024-10-10T16:00:00Z,,,,0,completed,neutral,active,low,完成基础信息和学习约束录入,1.2.0,synthetic,true,SRC-SYNTH,2026-09-13T00:00:00+08:00,0.9,synthetic,not_applicable,,team_generated,false,dev
EVT-S005-02,USER-S005,skill_assessment,2024-10-27T16:00:00Z,SKILL-008,,,3,completed,positive,progressing,low,完成能力测评并生成可解释证据,1.2.0,synthetic,true,SRC-SYNTH,2026-09-13T00:00:00+08:00,0.9,synthetic,not_applicable,,team_generated,false,dev
EVT-S005-03,USER-S005,course_started,2024-11-13T16:00:00Z,SKILL-026,RES-0026,,0,completed,neutral,active,low,开始一项与目标能力相关的课程,1.2.0,synthetic,true,SRC-SYNTH,2026-09-13T00:00:00+08:00,0.9,synthetic,not_applicable,,team_generated,false,dev
EVT-S005-04,USER-S005,task_completed,2024-11-30T16:00:00Z,SKILL-029,RES-0018,,2,completed,positive,progressing,low,完成本周学习任务,1.2.0,synthetic,true,SRC-SYNTH,2026-09-13T00:00:00+08:00,0.9,synthetic,not_applicable,,team_generated,false,dev
EVT-S005-05,USER-S005,skill_practice,2024-12-17T16:00:00Z,SKILL-035,RES-0148,,2,completed,positive,progressing,low,完成技能练习并记录反思,1.2.0,synthetic,true,SRC-SYNTH,2026-09-13T00:00:00+08:00,0.9,synthetic,not_applicable,,team_generated,false,dev
EVT-S005-06,USER-S005,course_completed,2025-01-03T16:00:00Z,SKILL-038,RES-0158,,6,completed,positive,progressing,low,完成课程并提交学习总结,1.2.0,synthetic,true,SRC-SYNTH,2026-09-13T00:00:00+08:00,0.9,synthetic,not_applicable,,team_generated,false,dev
EVT-S005-07,USER-S005,project_started,2025-01-20T16:00:00Z,SKILL-050,RES-0043,,0,completed,neutral,active,low,启动实践项目并确认里程碑,1.2.0,synthetic,true,SRC-SYNTH,2026-09-13T00:00:00+08:00,0.9,synthetic,not_applicable,,team_generated,false,dev
EVT-S005-08,USER-S005,job_viewed,2025-02-06T16:00:00Z,,,JOB-AI-APP-0087,0,completed,neutral,active,low,查看目标岗位及能力要求,1.2.0,synthetic,true,SRC-SYNTH,2026-09-13T00:00:00+08:00,0.9,synthetic,not_applicable,,team_generated,false,dev
EVT-S005-09,USER-S005,feedback_submitted,2025-02-23T16:00:00Z,SKILL-026,,,0,completed,neutral,active,low,提交计划难度和推荐相关性反馈,1.2.0,synthetic,true,SRC-SYNTH,2026-09-13T00:00:00+08:00,0.9,synthetic,not_applicable,,team_generated,false,dev
EVT-S005-10,USER-S005,task_completed,2025-03-12T16:00:00Z,SKILL-029,RES-0449,,2,completed,positive,progressing,low,完成本周学习任务,1.2.0,synthetic,true,SRC-SYNTH,2026-09-13T00:00:00+08:00,0.9,synthetic,not_applicable,,team_generated,false,dev
EVT-S005-11,USER-S005,project_completed,2025-03-29T16:00:00Z,SKILL-035,RES-0148,,8,completed,positive,progressing,low,完成项目、说明文档和复盘,1.2.0,synthetic,true,SRC-SYNTH,2026-09-13T00:00:00+08:00,0.9,synthetic,not_applicable,,team_generated,false,dev
EVT-S005-12,USER-S005,profile_recalculated,2025-04-15T16:00:00Z,SKILL-038,,,0,completed,neutral,active,low,根据新证据重算画像与岗位匹配度,1.2.0,synthetic,true,SRC-SYNTH,2026-09-13T00:00:00+08:00,0.9,synthetic,not_applicable,,team_generated,false,dev
EVT-S005-13,USER-S005,job_saved,2025-05-02T16:00:00Z,,,JOB-AI-APP-0013,0,completed,neutral,active,low,收藏一个模拟目标岗位,1.2.0,synthetic,true,SRC-SYNTH,2026-09-13T00:00:00+08:00,0.9,synthetic,not_applicable,,team_generated,false,dev
EVT-S005-14,USER-S005,application_submitted,2025-05-19T16:00:00Z,,,JOB-AI-APP-0014,0,completed,neutral,active,low,向模拟岗位提交申请,1.2.0,synthetic,true,SRC-SYNTH,2026-09-13T00:00:00+08:00,0.9,synthetic,not_applicable,,team_generated,false,dev
EVT-S005-15,USER-S005,interview_result,2025-06-05T16:00:00Z,,,JOB-AI-APP-0015,0,completed,disappointed,active,low,记录模拟面试反馈,1.2.0,synthetic,true,SRC-SYNTH,2026-09-13T00:00:00+08:00,0.9,synthetic,not_applicable,,team_generated,false,dev
EVT-S005-16,USER-S005,plan_adjusted,2025-06-22T16:00:00Z,SKILL-029,,,0,completed,neutral,plan_rebalanced,low,根据时间和反馈调整学习计划,1.2.0,synthetic,true,SRC-SYNTH,2026-09-13T00:00:00+08:00,0.9,synthetic,not_applicable,,team_generated,false,dev
EVT-S005-17,USER-S005,skill_practice,2025-07-09T16:00:00Z,SKILL-035,RES-0028,,2,completed,positive,progressing,low,完成技能练习并记录反思,1.2.0,synthetic,true,SRC-SYNTH,2026-09-13T00:00:00+08:00,0.9,synthetic,not_applicable,,team_generated,false,dev
EVT-S005-18,USER-S005,inactivity,2025-07-26T16:00:00Z,SKILL-038,,,-4,attention_needed,frustrated,learning_stalled,medium,超过设定周期未产生学习证据，触发技能衰减,1.2.0,synthetic,true,SRC-SYNTH,2026-09-13T00:00:00+08:00,0.9,synthetic,not_applicable,,team_generated,false,dev
EVT-S005-19,USER-S005,reminder_response,2025-08-12T16:00:00Z,SKILL-050,,,0,completed,neutral,active,low,响应任务提醒并更新完成状态,1.2.0,synthetic,true,SRC-SYNTH,2026-09-13T00:00:00+08:00,0.9,synthetic,not_applicable,,team_generated,false,dev
EVT-S005-20,USER-S005,profile_recalculated,2025-08-29T16:00:00Z,SKILL-008,,,0,completed,neutral,active,low,根据新证据重算画像与岗位匹配度,1.2.0,synthetic,true,SRC-SYNTH,2026-09-13T00:00:00+08:00,0.9,synthetic,not_applicable,,team_generated,false,dev
EVT-S005-21,USER-S005,onboarding,2025-09-15T16:00:00Z,,,,0,completed,neutral,active,low,完成基础信息和学习约束录入,1.2.0,synthetic,true,SRC-SYNTH,2026-09-13T00:00:00+08:00,0.9,synthetic,not_applicable,,team_generated,false,dev
EVT-S005-22,USER-S005,skill_assessment,2025-10-02T16:00:00Z,SKILL-029,,,3,completed,positive,progressing,low,完成能力测评并生成可解释证据,1.2.0,synthetic,true,SRC-SYNTH,2026-09-13T00:00:00+08:00,0.9,synthetic,not_applicable,,team_generated,false,dev
EVT-S005-23,USER-S005,course_started,2025-10-19T16:00:00Z,SKILL-035,RES-0448,,0,completed,neutral,active,low,开始一项与目标能力相关的课程,1.2.0,synthetic,true,SRC-SYNTH,2026-09-13T00:00:00+08:00,0.9,synthetic,not_applicable,,team_generated,false,dev
EVT-S005-24,USER-S005,task_completed,2025-11-05T16:00:00Z,SKILL-038,RES-0158,,2,completed,positive,progressing,low,完成本周学习任务,1.2.0,synthetic,true,SRC-SYNTH,2026-09-13T00:00:00+08:00,0.9,synthetic,not_applicable,,team_generated,false,dev
EVT-S005-25,USER-S005,skill_practice,2025-11-22T16:00:00Z,SKILL-050,RES-0163,,2,completed,positive,progressing,low,完成技能练习并记录反思,1.2.0,synthetic,true,SRC-SYNTH,2026-09-13T00:00:00+08:00,0.9,synthetic,not_applicable,,team_generated,false,dev
EVT-S005-26,USER-S005,course_completed,2025-12-09T16:00:00Z,SKILL-008,RES-0128,,6,completed,positive,progressing,low,完成课程并提交学习总结,1.2.0,synthetic,true,SRC-SYNTH,2026-09-13T00:00:00+08:00,0.9,synthetic,not_applicable,,team_generated,false,dev
EVT-S005-27,USER-S005,project_started,2025-12-26T16:00:00Z,SKILL-026,RES-0499,,0,completed,neutral,active,low,启动实践项目并确认里程碑,1.2.0,synthetic,true,SRC-SYNTH,2026-09-13T00:00:00+08:00,0.9,synthetic,not_applicable,,team_generated,false,dev
EVT-S005-28,USER-S005,job_viewed,2026-01-12T16:00:00Z,,,JOB-AI-APP-0028,0,completed,neutral,active,low,查看目标岗位及能力要求,1.2.0,synthetic,true,SRC-SYNTH,2026-09-13T00:00:00+08:00,0.9,synthetic,not_applicable,,team_generated,false,dev
EVT-S005-29,USER-S005,feedback_submitted,2026-01-29T16:00:00Z,SKILL-035,,,0,completed,neutral,active,low,提交计划难度和推荐相关性反馈,1.2.0,synthetic,true,SRC-SYNTH,2026-09-13T00:00:00+08:00,0.9,synthetic,not_applicable,,team_generated,false,dev
EVT-S005-30,USER-S005,task_completed,2026-02-15T16:00:00Z,SKILL-038,RES-0451,,2,completed,positive,progressing,low,完成本周学习任务,1.2.0,synthetic,true,SRC-SYNTH,2026-09-13T00:00:00+08:00,0.9,synthetic,not_applicable,,team_generated,false,dev
EVT-S005-31,USER-S005,project_completed,2026-03-04T16:00:00Z,SKILL-050,RES-0043,,8,completed,positive,progressing,low,完成项目、说明文档和复盘,1.2.0,synthetic,true,SRC-SYNTH,2026-09-13T00:00:00+08:00,0.9,synthetic,not_applicable,,team_generated,false,dev
EVT-S005-32,USER-S005,profile_recalculated,2026-03-21T16:00:00Z,SKILL-008,,,0,completed,neutral,active,low,根据新证据重算画像与岗位匹配度,1.2.0,synthetic,true,SRC-SYNTH,2026-09-13T00:00:00+08:00,0.9,synthetic,not_applicable,,team_generated,false,dev
EVT-S005-33,USER-S005,job_saved,2026-04-07T16:00:00Z,,,JOB-AI-APP-0033,0,completed,neutral,active,low,收藏一个模拟目标岗位,1.2.0,synthetic,true,SRC-SYNTH,2026-09-13T00:00:00+08:00,0.9,synthetic,not_applicable,,team_generated,false,dev
EVT-S005-34,USER-S005,application_submitted,2026-04-24T16:00:00Z,,,JOB-AI-APP-0034,0,completed,neutral,active,low,向模拟岗位提交申请,1.2.0,synthetic,true,SRC-SYNTH,2026-09-13T00:00:00+08:00,0.9,synthetic,not_applicable,,team_generated,false,dev
EVT-S005-35,USER-S005,interview_result,2026-05-11T16:00:00Z,,,JOB-AI-APP-0035,0,completed,disappointed,active,low,记录模拟面试反馈,1.2.0,synthetic,true,SRC-SYNTH,2026-09-13T00:00:00+08:00,0.9,synthetic,not_applicable,,team_generated,false,dev
EVT-S005-36,USER-S005,plan_adjusted,2026-05-28T16:00:00Z,SKILL-038,,,0,completed,neutral,plan_rebalanced,low,根据时间和反馈调整学习计划,1.2.0,synthetic,true,SRC-SYNTH,2026-09-13T00:00:00+08:00,0.9,synthetic,not_applicable,,team_generated,false,dev
EVT-S005-37,USER-S005,skill_practice,2026-06-14T16:00:00Z,SKILL-050,RES-0043,,2,completed,positive,progressing,low,完成技能练习并记录反思,1.2.0,synthetic,true,SRC-SYNTH,2026-09-13T00:00:00+08:00,0.9,synthetic,not_applicable,,team_generated,false,dev
EVT-S005-38,USER-S005,inactivity,2026-07-01T16:00:00Z,SKILL-008,,,-4,attention_needed,frustrated,learning_stalled,medium,超过设定周期未产生学习证据，触发技能衰减,1.2.0,synthetic,true,SRC-SYNTH,2026-09-13T00:00:00+08:00,0.9,synthetic,not_applicable,,team_generated,false,dev
EVT-S005-39,USER-S005,reminder_response,2026-07-18T16:00:00Z,SKILL-026,,,0,completed,neutral,active,low,响应任务提醒并更新完成状态,1.2.0,synthetic,true,SRC-SYNTH,2026-09-13T00:00:00+08:00,0.9,synthetic,not_applicable,,team_generated,false,dev
EVT-S005-40,USER-S005,profile_recalculated,2026-08-04T16:00:00Z,SKILL-029,,,0,completed,neutral,active,low,根据新证据重算画像与岗位匹配度,1.2.0,synthetic,true,SRC-SYNTH,2026-09-13T00:00:00+08:00,0.9,synthetic,not_applicable,,team_generated,false,dev
EVT-S006-01,USER-S006,onboarding,2024-10-10T16:00:00Z,,,,0,completed,neutral,active,low,完成基础信息和学习约束录入,1.2.0,synthetic,true,SRC-SYNTH,2026-09-13T00:00:00+08:00,0.9,synthetic,not_applicable,,team_generated,false,dev
EVT-S006-02,USER-S006,skill_assessment,2024-10-27T16:00:00Z,SKILL-011,,,3,completed,positive,progressing,low,完成能力测评并生成可解释证据,1.2.0,synthetic,true,SRC-SYNTH,2026-09-13T00:00:00+08:00,0.9,synthetic,not_applicable,,team_generated,false,dev
EVT-S006-03,USER-S006,course_started,2024-11-13T16:00:00Z,SKILL-014,RES-0127,,0,completed,neutral,active,low,开始一项与目标能力相关的课程,1.2.0,synthetic,true,SRC-SYNTH,2026-09-13T00:00:00+08:00,0.9,synthetic,not_applicable,,team_generated,false,dev
EVT-S006-04,USER-S006,task_completed,2024-11-30T16:00:00Z,SKILL-040,RES-0146,,2,completed,positive,progressing,low,完成本周学习任务,1.2.0,synthetic,true,SRC-SYNTH,2026-09-13T00:00:00+08:00,0.9,synthetic,not_applicable,,team_generated,false,dev
EVT-S006-05,USER-S006,skill_practice,2024-12-17T16:00:00Z,SKILL-044,RES-0157,,2,completed,positive,progressing,low,完成技能练习并记录反思,1.2.0,synthetic,true,SRC-SYNTH,2026-09-13T00:00:00+08:00,0.9,synthetic,not_applicable,,team_generated,false,dev
EVT-S006-06,USER-S006,course_completed,2025-01-03T16:00:00Z,SKILL-048,RES-0161,,6,completed,positive,progressing,low,完成课程并提交学习总结,1.2.0,synthetic,true,SRC-SYNTH,2026-09-13T00:00:00+08:00,0.9,synthetic,not_applicable,,team_generated,false,dev
EVT-S006-07,USER-S006,project_started,2025-01-20T16:00:00Z,SKILL-001,RES-0167,,0,completed,neutral,active,low,启动实践项目并确认里程碑,1.2.0,synthetic,true,SRC-SYNTH,2026-09-13T00:00:00+08:00,0.9,synthetic,not_applicable,,team_generated,false,dev
EVT-S006-08,USER-S006,job_viewed,2025-02-06T16:00:00Z,,,JOB-DATA-0087,0,completed,neutral,active,low,查看目标岗位及能力要求,1.2.0,synthetic,true,SRC-SYNTH,2026-09-13T00:00:00+08:00,0.9,synthetic,not_applicable,,team_generated,false,dev
EVT-S006-09,USER-S006,feedback_submitted,2025-02-23T16:00:00Z,SKILL-014,,,0,completed,neutral,active,low,提交计划难度和推荐相关性反馈,1.2.0,synthetic,true,SRC-SYNTH,2026-09-13T00:00:00+08:00,0.9,synthetic,not_applicable,,team_generated,false,dev
EVT-S006-10,USER-S006,task_completed,2025-03-12T16:00:00Z,SKILL-040,RES-0040,,2,completed,positive,progressing,low,完成本周学习任务,1.2.0,synthetic,true,SRC-SYNTH,2026-09-13T00:00:00+08:00,0.9,synthetic,not_applicable,,team_generated,false,dev
EVT-S006-11,USER-S006,project_completed,2025-03-29T16:00:00Z,SKILL-044,RES-0164,,8,completed,positive,progressing,low,完成项目、说明文档和复盘,1.2.0,synthetic,true,SRC-SYNTH,2026-09-13T00:00:00+08:00,0.9,synthetic,not_applicable,,team_generated,false,dev
EVT-S006-12,USER-S006,profile_recalculated,2025-04-15T16:00:00Z,SKILL-048,,,0,completed,neutral,active,low,根据新证据重算画像与岗位匹配度,1.2.0,synthetic,true,SRC-SYNTH,2026-09-13T00:00:00+08:00,0.9,synthetic,not_applicable,,team_generated,false,dev
EVT-S006-13,USER-S006,job_saved,2025-05-02T16:00:00Z,,,JOB-DATA-0013,0,completed,neutral,active,low,收藏一个模拟目标岗位,1.2.0,synthetic,true,SRC-SYNTH,2026-09-13T00:00:00+08:00,0.9,synthetic,not_applicable,,team_generated,false,dev
EVT-S006-14,USER-S006,application_submitted,2025-05-19T16:00:00Z,,,JOB-DATA-0014,0,completed,neutral,active,low,向模拟岗位提交申请,1.2.0,synthetic,true,SRC-SYNTH,2026-09-13T00:00:00+08:00,0.9,synthetic,not_applicable,,team_generated,false,dev
EVT-S006-15,USER-S006,interview_result,2025-06-05T16:00:00Z,,,JOB-DATA-0015,0,completed,disappointed,active,low,记录模拟面试反馈,1.2.0,synthetic,true,SRC-SYNTH,2026-09-13T00:00:00+08:00,0.9,synthetic,not_applicable,,team_generated,false,dev
EVT-S006-16,USER-S006,plan_adjusted,2025-06-22T16:00:00Z,SKILL-040,,,0,completed,neutral,plan_rebalanced,low,根据时间和反馈调整学习计划,1.2.0,synthetic,true,SRC-SYNTH,2026-09-13T00:00:00+08:00,0.9,synthetic,not_applicable,,team_generated,false,dev
EVT-S006-17,USER-S006,skill_practice,2025-07-09T16:00:00Z,SKILL-044,RES-0157,,2,completed,positive,progressing,low,完成技能练习并记录反思,1.2.0,synthetic,true,SRC-SYNTH,2026-09-13T00:00:00+08:00,0.9,synthetic,not_applicable,,team_generated,false,dev
EVT-S006-18,USER-S006,inactivity,2025-07-26T16:00:00Z,SKILL-048,,,-4,attention_needed,frustrated,learning_stalled,medium,超过设定周期未产生学习证据，触发技能衰减,1.2.0,synthetic,true,SRC-SYNTH,2026-09-13T00:00:00+08:00,0.9,synthetic,not_applicable,,team_generated,false,dev
EVT-S006-19,USER-S006,reminder_response,2025-08-12T16:00:00Z,SKILL-001,,,0,completed,neutral,active,low,响应任务提醒并更新完成状态,1.2.0,synthetic,true,SRC-SYNTH,2026-09-13T00:00:00+08:00,0.9,synthetic,not_applicable,,team_generated,false,dev
EVT-S006-20,USER-S006,profile_recalculated,2025-08-29T16:00:00Z,SKILL-011,,,0,completed,neutral,active,low,根据新证据重算画像与岗位匹配度,1.2.0,synthetic,true,SRC-SYNTH,2026-09-13T00:00:00+08:00,0.9,synthetic,not_applicable,,team_generated,false,dev
EVT-S006-21,USER-S006,onboarding,2025-09-15T16:00:00Z,,,,0,completed,neutral,active,low,完成基础信息和学习约束录入,1.2.0,synthetic,true,SRC-SYNTH,2026-09-13T00:00:00+08:00,0.9,synthetic,not_applicable,,team_generated,false,dev
EVT-S006-22,USER-S006,skill_assessment,2025-10-02T16:00:00Z,SKILL-040,,,3,completed,positive,progressing,low,完成能力测评并生成可解释证据,1.2.0,synthetic,true,SRC-SYNTH,2026-09-13T00:00:00+08:00,0.9,synthetic,not_applicable,,team_generated,false,dev
EVT-S006-23,USER-S006,course_started,2025-10-19T16:00:00Z,SKILL-044,RES-0044,,0,completed,neutral,active,low,开始一项与目标能力相关的课程,1.2.0,synthetic,true,SRC-SYNTH,2026-09-13T00:00:00+08:00,0.9,synthetic,not_applicable,,team_generated,false,dev
EVT-S006-24,USER-S006,task_completed,2025-11-05T16:00:00Z,SKILL-048,RES-0168,,2,completed,positive,progressing,low,完成本周学习任务,1.2.0,synthetic,true,SRC-SYNTH,2026-09-13T00:00:00+08:00,0.9,synthetic,not_applicable,,team_generated,false,dev
EVT-S006-25,USER-S006,skill_practice,2025-11-22T16:00:00Z,SKILL-001,RES-0181,,2,completed,positive,progressing,low,完成技能练习并记录反思,1.2.0,synthetic,true,SRC-SYNTH,2026-09-13T00:00:00+08:00,0.9,synthetic,not_applicable,,team_generated,false,dev
EVT-S006-26,USER-S006,course_completed,2025-12-09T16:00:00Z,SKILL-011,RES-0544,,6,completed,positive,progressing,low,完成课程并提交学习总结,1.2.0,synthetic,true,SRC-SYNTH,2026-09-13T00:00:00+08:00,0.9,synthetic,not_applicable,,team_generated,false,dev
EVT-S006-27,USER-S006,project_started,2025-12-26T16:00:00Z,SKILL-014,RES-0427,,0,completed,neutral,active,low,启动实践项目并确认里程碑,1.2.0,synthetic,true,SRC-SYNTH,2026-09-13T00:00:00+08:00,0.9,synthetic,not_applicable,,team_generated,false,dev
EVT-S006-28,USER-S006,job_viewed,2026-01-12T16:00:00Z,,,JOB-DATA-0028,0,completed,neutral,active,low,查看目标岗位及能力要求,1.2.0,synthetic,true,SRC-SYNTH,2026-09-13T00:00:00+08:00,0.9,synthetic,not_applicable,,team_generated,false,dev
EVT-S006-29,USER-S006,feedback_submitted,2026-01-29T16:00:00Z,SKILL-044,,,0,completed,neutral,active,low,提交计划难度和推荐相关性反馈,1.2.0,synthetic,true,SRC-SYNTH,2026-09-13T00:00:00+08:00,0.9,synthetic,not_applicable,,team_generated,false,dev
EVT-S006-30,USER-S006,task_completed,2026-02-15T16:00:00Z,SKILL-048,RES-0108,,2,completed,positive,progressing,low,完成本周学习任务,1.2.0,synthetic,true,SRC-SYNTH,2026-09-13T00:00:00+08:00,0.9,synthetic,not_applicable,,team_generated,false,dev
EVT-S006-31,USER-S006,project_completed,2026-03-04T16:00:00Z,SKILL-001,RES-0121,,8,completed,positive,progressing,low,完成项目、说明文档和复盘,1.2.0,synthetic,true,SRC-SYNTH,2026-09-13T00:00:00+08:00,0.9,synthetic,not_applicable,,team_generated,false,dev
EVT-S006-32,USER-S006,profile_recalculated,2026-03-21T16:00:00Z,SKILL-011,,,0,completed,neutral,active,low,根据新证据重算画像与岗位匹配度,1.2.0,synthetic,true,SRC-SYNTH,2026-09-13T00:00:00+08:00,0.9,synthetic,not_applicable,,team_generated,false,dev
EVT-S006-33,USER-S006,job_saved,2026-04-07T16:00:00Z,,,JOB-DATA-0033,0,completed,neutral,active,low,收藏一个模拟目标岗位,1.2.0,synthetic,true,SRC-SYNTH,2026-09-13T00:00:00+08:00,0.9,synthetic,not_applicable,,team_generated,false,dev
EVT-S006-34,USER-S006,application_submitted,2026-04-24T16:00:00Z,,,JOB-DATA-0034,0,completed,neutral,active,low,向模拟岗位提交申请,1.2.0,synthetic,true,SRC-SYNTH,2026-09-13T00:00:00+08:00,0.9,synthetic,not_applicable,,team_generated,false,dev
EVT-S006-35,USER-S006,interview_result,2026-05-11T16:00:00Z,,,JOB-DATA-0035,0,completed,disappointed,active,low,记录模拟面试反馈,1.2.0,synthetic,true,SRC-SYNTH,2026-09-13T00:00:00+08:00,0.9,synthetic,not_applicable,,team_generated,false,dev
EVT-S006-36,USER-S006,plan_adjusted,2026-05-28T16:00:00Z,SKILL-048,,,0,completed,neutral,plan_rebalanced,low,根据时间和反馈调整学习计划,1.2.0,synthetic,true,SRC-SYNTH,2026-09-13T00:00:00+08:00,0.9,synthetic,not_applicable,,team_generated,false,dev
EVT-S006-37,USER-S006,skill_practice,2026-06-14T16:00:00Z,SKILL-001,RES-0541,,2,completed,positive,progressing,low,完成技能练习并记录反思,1.2.0,synthetic,true,SRC-SYNTH,2026-09-13T00:00:00+08:00,0.9,synthetic,not_applicable,,team_generated,false,dev
EVT-S006-38,USER-S006,inactivity,2026-07-01T16:00:00Z,SKILL-011,,,-4,attention_needed,frustrated,learning_stalled,medium,超过设定周期未产生学习证据，触发技能衰减,1.2.0,synthetic,true,SRC-SYNTH,2026-09-13T00:00:00+08:00,0.9,synthetic,not_applicable,,team_generated,false,dev
EVT-S006-39,USER-S006,reminder_response,2026-07-18T16:00:00Z,SKILL-014,,,0,completed,neutral,active,low,响应任务提醒并更新完成状态,1.2.0,synthetic,true,SRC-SYNTH,2026-09-13T00:00:00+08:00,0.9,synthetic,not_applicable,,team_generated,false,dev
EVT-S006-40,USER-S006,profile_recalculated,2026-08-04T16:00:00Z,SKILL-040,,,0,completed,neutral,active,low,根据新证据重算画像与岗位匹配度,1.2.0,synthetic,true,SRC-SYNTH,2026-09-13T00:00:00+08:00,0.9,synthetic,not_applicable,,team_generated,false,dev
EVT-S007-01,USER-S007,onboarding,2024-10-10T16:00:00Z,,,,0,completed,neutral,active,low,完成基础信息和学习约束录入,1.2.0,synthetic,true,SRC-SYNTH,2026-09-13T00:00:00+08:00,0.9,synthetic,not_applicable,,team_generated,false,dev
EVT-S007-02,USER-S007,skill_assessment,2024-10-27T16:00:00Z,SKILL-017,,,3,completed,positive,progressing,low,完成能力测评并生成可解释证据,1.2.0,synthetic,true,SRC-SYNTH,2026-09-13T00:00:00+08:00,0.9,synthetic,not_applicable,,team_generated,false,dev
EVT-S007-03,USER-S007,course_started,2024-11-13T16:00:00Z,SKILL-020,RES-0133,,0,completed,neutral,active,low,开始一项与目标能力相关的课程,1.2.0,synthetic,true,SRC-SYNTH,2026-09-13T00:00:00+08:00,0.9,synthetic,not_applicable,,team_generated,false,dev
EVT-S007-04,USER-S007,task_completed,2024-11-30T16:00:00Z,SKILL-023,RES-0023,,2,completed,positive,progressing,low,完成本周学习任务,1.2.0,synthetic,true,SRC-SYNTH,2026-09-13T00:00:00+08:00,0.9,synthetic,not_applicable,,team_generated,false,dev
EVT-S007-05,USER-S007,skill_practice,2024-12-17T16:00:00Z,SKILL-033,RES-0146,,2,completed,positive,progressing,low,完成技能练习并记录反思,1.2.0,synthetic,true,SRC-SYNTH,2026-09-13T00:00:00+08:00,0.9,synthetic,not_applicable,,team_generated,false,dev
EVT-S007-06,USER-S007,course_completed,2025-01-03T16:00:00Z,SKILL-058,RES-0404,,6,completed,positive,progressing,low,完成课程并提交学习总结,1.2.0,synthetic,true,SRC-SYNTH,2026-09-13T00:00:00+08:00,0.9,synthetic,not_applicable,,team_generated,false,dev
EVT-S007-07,USER-S007,project_started,2025-01-20T16:00:00Z,SKILL-002,RES-0175,,0,completed,neutral,active,low,启动实践项目并确认里程碑,1.2.0,synthetic,true,SRC-SYNTH,2026-09-13T00:00:00+08:00,0.9,synthetic,not_applicable,,team_generated,false,dev
EVT-S007-08,USER-S007,job_viewed,2025-02-06T16:00:00Z,,,JOB-AI-ALG-0087,0,completed,neutral,active,low,查看目标岗位及能力要求,1.2.0,synthetic,true,SRC-SYNTH,2026-09-13T00:00:00+08:00,0.9,synthetic,not_applicable,,team_generated,false,dev
EVT-S007-09,USER-S007,feedback_submitted,2025-02-23T16:00:00Z,SKILL-020,,,0,completed,neutral,active,low,提交计划难度和推荐相关性反馈,1.2.0,synthetic,true,SRC-SYNTH,2026-09-13T00:00:00+08:00,0.9,synthetic,not_applicable,,team_generated,false,dev
EVT-S007-10,USER-S007,task_completed,2025-03-12T16:00:00Z,SKILL-023,RES-0203,,2,completed,positive,progressing,low,完成本周学习任务,1.2.0,synthetic,true,SRC-SYNTH,2026-09-13T00:00:00+08:00,0.9,synthetic,not_applicable,,team_generated,false,dev
EVT-S007-11,USER-S007,project_completed,2025-03-29T16:00:00Z,SKILL-033,RES-0153,,8,completed,positive,progressing,low,完成项目、说明文档和复盘,1.2.0,synthetic,true,SRC-SYNTH,2026-09-13T00:00:00+08:00,0.9,synthetic,not_applicable,,team_generated,false,dev
EVT-S007-12,USER-S007,profile_recalculated,2025-04-15T16:00:00Z,SKILL-058,,,0,completed,neutral,active,low,根据新证据重算画像与岗位匹配度,1.2.0,synthetic,true,SRC-SYNTH,2026-09-13T00:00:00+08:00,0.9,synthetic,not_applicable,,team_generated,false,dev
EVT-S007-13,USER-S007,job_saved,2025-05-02T16:00:00Z,,,JOB-AI-ALG-0013,0,completed,neutral,active,low,收藏一个模拟目标岗位,1.2.0,synthetic,true,SRC-SYNTH,2026-09-13T00:00:00+08:00,0.9,synthetic,not_applicable,,team_generated,false,dev
EVT-S007-14,USER-S007,application_submitted,2025-05-19T16:00:00Z,,,JOB-AI-ALG-0014,0,completed,neutral,active,low,向模拟岗位提交申请,1.2.0,synthetic,true,SRC-SYNTH,2026-09-13T00:00:00+08:00,0.9,synthetic,not_applicable,,team_generated,false,dev
EVT-S007-15,USER-S007,interview_result,2025-06-05T16:00:00Z,,,JOB-AI-ALG-0015,0,completed,disappointed,active,low,记录模拟面试反馈,1.2.0,synthetic,true,SRC-SYNTH,2026-09-13T00:00:00+08:00,0.9,synthetic,not_applicable,,team_generated,false,dev
EVT-S007-16,USER-S007,plan_adjusted,2025-06-22T16:00:00Z,SKILL-023,,,0,completed,neutral,plan_rebalanced,low,根据时间和反馈调整学习计划,1.2.0,synthetic,true,SRC-SYNTH,2026-09-13T00:00:00+08:00,0.9,synthetic,not_applicable,,team_generated,false,dev
EVT-S007-17,USER-S007,skill_practice,2025-07-09T16:00:00Z,SKILL-033,RES-0146,,2,completed,positive,progressing,low,完成技能练习并记录反思,1.2.0,synthetic,true,SRC-SYNTH,2026-09-13T00:00:00+08:00,0.9,synthetic,not_applicable,,team_generated,false,dev
EVT-S007-18,USER-S007,inactivity,2025-07-26T16:00:00Z,SKILL-058,,,-4,attention_needed,frustrated,learning_stalled,medium,超过设定周期未产生学习证据，触发技能衰减,1.2.0,synthetic,true,SRC-SYNTH,2026-09-13T00:00:00+08:00,0.9,synthetic,not_applicable,,team_generated,false,dev
EVT-S007-19,USER-S007,reminder_response,2025-08-12T16:00:00Z,SKILL-002,,,0,completed,neutral,active,low,响应任务提醒并更新完成状态,1.2.0,synthetic,true,SRC-SYNTH,2026-09-13T00:00:00+08:00,0.9,synthetic,not_applicable,,team_generated,false,dev
EVT-S007-20,USER-S007,profile_recalculated,2025-08-29T16:00:00Z,SKILL-017,,,0,completed,neutral,active,low,根据新证据重算画像与岗位匹配度,1.2.0,synthetic,true,SRC-SYNTH,2026-09-13T00:00:00+08:00,0.9,synthetic,not_applicable,,team_generated,false,dev
EVT-S007-21,USER-S007,onboarding,2025-09-15T16:00:00Z,,,,0,completed,neutral,active,low,完成基础信息和学习约束录入,1.2.0,synthetic,true,SRC-SYNTH,2026-09-13T00:00:00+08:00,0.9,synthetic,not_applicable,,team_generated,false,dev
EVT-S007-22,USER-S007,skill_assessment,2025-10-02T16:00:00Z,SKILL-023,,,3,completed,positive,progressing,low,完成能力测评并生成可解释证据,1.2.0,synthetic,true,SRC-SYNTH,2026-09-13T00:00:00+08:00,0.9,synthetic,not_applicable,,team_generated,false,dev
EVT-S007-23,USER-S007,course_started,2025-10-19T16:00:00Z,SKILL-033,RES-0033,,0,completed,neutral,active,low,开始一项与目标能力相关的课程,1.2.0,synthetic,true,SRC-SYNTH,2026-09-13T00:00:00+08:00,0.9,synthetic,not_applicable,,team_generated,false,dev
EVT-S007-24,USER-S007,task_completed,2025-11-05T16:00:00Z,SKILL-058,RES-0178,,2,completed,positive,progressing,low,完成本周学习任务,1.2.0,synthetic,true,SRC-SYNTH,2026-09-13T00:00:00+08:00,0.9,synthetic,not_applicable,,team_generated,false,dev
EVT-S007-25,USER-S007,skill_practice,2025-11-22T16:00:00Z,SKILL-002,RES-0001,,2,completed,positive,progressing,low,完成技能练习并记录反思,1.2.0,synthetic,true,SRC-SYNTH,2026-09-13T00:00:00+08:00,0.9,synthetic,not_applicable,,team_generated,false,dev
EVT-S007-26,USER-S007,course_completed,2025-12-09T16:00:00Z,SKILL-017,RES-0137,,6,completed,positive,progressing,low,完成课程并提交学习总结,1.2.0,synthetic,true,SRC-SYNTH,2026-09-13T00:00:00+08:00,0.9,synthetic,not_applicable,,team_generated,false,dev
EVT-S007-27,USER-S007,project_started,2025-12-26T16:00:00Z,SKILL-020,RES-0440,,0,completed,neutral,active,low,启动实践项目并确认里程碑,1.2.0,synthetic,true,SRC-SYNTH,2026-09-13T00:00:00+08:00,0.9,synthetic,not_applicable,,team_generated,false,dev
EVT-S007-28,USER-S007,job_viewed,2026-01-12T16:00:00Z,,,JOB-AI-ALG-0028,0,completed,neutral,active,low,查看目标岗位及能力要求,1.2.0,synthetic,true,SRC-SYNTH,2026-09-13T00:00:00+08:00,0.9,synthetic,not_applicable,,team_generated,false,dev
EVT-S007-29,USER-S007,feedback_submitted,2026-01-29T16:00:00Z,SKILL-033,,,0,completed,neutral,active,low,提交计划难度和推荐相关性反馈,1.2.0,synthetic,true,SRC-SYNTH,2026-09-13T00:00:00+08:00,0.9,synthetic,not_applicable,,team_generated,false,dev
EVT-S007-30,USER-S007,task_completed,2026-02-15T16:00:00Z,SKILL-058,RES-0178,,2,completed,positive,progressing,low,完成本周学习任务,1.2.0,synthetic,true,SRC-SYNTH,2026-09-13T00:00:00+08:00,0.9,synthetic,not_applicable,,team_generated,false,dev
EVT-S007-31,USER-S007,project_completed,2026-03-04T16:00:00Z,SKILL-002,RES-0422,,8,completed,positive,progressing,low,完成项目、说明文档和复盘,1.2.0,synthetic,true,SRC-SYNTH,2026-09-13T00:00:00+08:00,0.9,synthetic,not_applicable,,team_generated,false,dev
EVT-S007-32,USER-S007,profile_recalculated,2026-03-21T16:00:00Z,SKILL-017,,,0,completed,neutral,active,low,根据新证据重算画像与岗位匹配度,1.2.0,synthetic,true,SRC-SYNTH,2026-09-13T00:00:00+08:00,0.9,synthetic,not_applicable,,team_generated,false,dev
EVT-S007-33,USER-S007,job_saved,2026-04-07T16:00:00Z,,,JOB-AI-ALG-0033,0,completed,neutral,active,low,收藏一个模拟目标岗位,1.2.0,synthetic,true,SRC-SYNTH,2026-09-13T00:00:00+08:00,0.9,synthetic,not_applicable,,team_generated,false,dev
EVT-S007-34,USER-S007,application_submitted,2026-04-24T16:00:00Z,,,JOB-AI-ALG-0034,0,completed,neutral,active,low,向模拟岗位提交申请,1.2.0,synthetic,true,SRC-SYNTH,2026-09-13T00:00:00+08:00,0.9,synthetic,not_applicable,,team_generated,false,dev
EVT-S007-35,USER-S007,interview_result,2026-05-11T16:00:00Z,,,JOB-AI-ALG-0035,0,completed,disappointed,active,low,记录模拟面试反馈,1.2.0,synthetic,true,SRC-SYNTH,2026-09-13T00:00:00+08:00,0.9,synthetic,not_applicable,,team_generated,false,dev
EVT-S007-36,USER-S007,plan_adjusted,2026-05-28T16:00:00Z,SKILL-058,,,0,completed,neutral,plan_rebalanced,low,根据时间和反馈调整学习计划,1.2.0,synthetic,true,SRC-SYNTH,2026-09-13T00:00:00+08:00,0.9,synthetic,not_applicable,,team_generated,false,dev
EVT-S007-37,USER-S007,skill_practice,2026-06-14T16:00:00Z,SKILL-002,RES-0422,,2,completed,positive,progressing,low,完成技能练习并记录反思,1.2.0,synthetic,true,SRC-SYNTH,2026-09-13T00:00:00+08:00,0.9,synthetic,not_applicable,,team_generated,false,dev
EVT-S007-38,USER-S007,inactivity,2026-07-01T16:00:00Z,SKILL-017,,,-4,attention_needed,frustrated,learning_stalled,medium,超过设定周期未产生学习证据，触发技能衰减,1.2.0,synthetic,true,SRC-SYNTH,2026-09-13T00:00:00+08:00,0.9,synthetic,not_applicable,,team_generated,false,dev
EVT-S007-39,USER-S007,reminder_response,2026-07-18T16:00:00Z,SKILL-020,,,0,completed,neutral,active,low,响应任务提醒并更新完成状态,1.2.0,synthetic,true,SRC-SYNTH,2026-09-13T00:00:00+08:00,0.9,synthetic,not_applicable,,team_generated,false,dev
EVT-S007-40,USER-S007,profile_recalculated,2026-08-04T16:00:00Z,SKILL-023,,,0,completed,neutral,active,low,根据新证据重算画像与岗位匹配度,1.2.0,synthetic,true,SRC-SYNTH,2026-09-13T00:00:00+08:00,0.9,synthetic,not_applicable,,team_generated,false,dev
EVT-S008-01,USER-S008,onboarding,2024-10-10T16:00:00Z,,,,0,completed,neutral,active,low,完成基础信息和学习约束录入,1.2.0,synthetic,true,SRC-SYNTH,2026-09-13T00:00:00+08:00,0.9,synthetic,not_applicable,,team_generated,false,dev
EVT-S008-02,USER-S008,skill_assessment,2024-10-27T16:00:00Z,SKILL-026,,,3,completed,positive,progressing,low,完成能力测评并生成可解释证据,1.2.0,synthetic,true,SRC-SYNTH,2026-09-13T00:00:00+08:00,0.9,synthetic,not_applicable,,team_generated,false,dev
EVT-S008-03,USER-S008,course_started,2024-11-13T16:00:00Z,SKILL-029,RES-0011,,0,completed,neutral,active,low,开始一项与目标能力相关的课程,1.2.0,synthetic,true,SRC-SYNTH,2026-09-13T00:00:00+08:00,0.9,synthetic,not_applicable,,team_generated,false,dev
EVT-S008-04,USER-S008,task_completed,2024-11-30T16:00:00Z,SKILL-035,RES-0155,,2,completed,positive,progressing,low,完成本周学习任务,1.2.0,synthetic,true,SRC-SYNTH,2026-09-13T00:00:00+08:00,0.9,synthetic,not_applicable,,team_generated,false,dev
EVT-S008-05,USER-S008,skill_practice,2024-12-17T16:00:00Z,SKILL-038,RES-0151,,2,completed,positive,progressing,low,完成技能练习并记录反思,1.2.0,synthetic,true,SRC-SYNTH,2026-09-13T00:00:00+08:00,0.9,synthetic,not_applicable,,team_generated,false,dev
EVT-S008-06,USER-S008,course_completed,2025-01-03T16:00:00Z,SKILL-050,RES-0170,,6,completed,positive,progressing,low,完成课程并提交学习总结,1.2.0,synthetic,true,SRC-SYNTH,2026-09-13T00:00:00+08:00,0.9,synthetic,not_applicable,,team_generated,false,dev
EVT-S008-07,USER-S008,project_started,2025-01-20T16:00:00Z,SKILL-008,RES-0541,,0,completed,neutral,active,low,启动实践项目并确认里程碑,1.2.0,synthetic,true,SRC-SYNTH,2026-09-13T00:00:00+08:00,0.9,synthetic,not_applicable,,team_generated,false,dev
EVT-S008-08,USER-S008,job_viewed,2025-02-06T16:00:00Z,,,JOB-AI-APP-0087,0,completed,neutral,active,low,查看目标岗位及能力要求,1.2.0,synthetic,true,SRC-SYNTH,2026-09-13T00:00:00+08:00,0.9,synthetic,not_applicable,,team_generated,false,dev
EVT-S008-09,USER-S008,feedback_submitted,2025-02-23T16:00:00Z,SKILL-029,,,0,completed,neutral,active,low,提交计划难度和推荐相关性反馈,1.2.0,synthetic,true,SRC-SYNTH,2026-09-13T00:00:00+08:00,0.9,synthetic,not_applicable,,team_generated,false,dev
EVT-S008-10,USER-S008,task_completed,2025-03-12T16:00:00Z,SKILL-035,RES-0035,,2,completed,positive,progressing,low,完成本周学习任务,1.2.0,synthetic,true,SRC-SYNTH,2026-09-13T00:00:00+08:00,0.9,synthetic,not_applicable,,team_generated,false,dev
EVT-S008-11,USER-S008,project_completed,2025-03-29T16:00:00Z,SKILL-038,RES-0031,,8,completed,positive,progressing,low,完成项目、说明文档和复盘,1.2.0,synthetic,true,SRC-SYNTH,2026-09-13T00:00:00+08:00,0.9,synthetic,not_applicable,,team_generated,false,dev
EVT-S008-12,USER-S008,profile_recalculated,2025-04-15T16:00:00Z,SKILL-050,,,0,completed,neutral,active,low,根据新证据重算画像与岗位匹配度,1.2.0,synthetic,true,SRC-SYNTH,2026-09-13T00:00:00+08:00,0.9,synthetic,not_applicable,,team_generated,false,dev
EVT-S008-13,USER-S008,job_saved,2025-05-02T16:00:00Z,,,JOB-AI-APP-0013,0,completed,neutral,active,low,收藏一个模拟目标岗位,1.2.0,synthetic,true,SRC-SYNTH,2026-09-13T00:00:00+08:00,0.9,synthetic,not_applicable,,team_generated,false,dev
EVT-S008-14,USER-S008,application_submitted,2025-05-19T16:00:00Z,,,JOB-AI-APP-0014,0,completed,neutral,active,low,向模拟岗位提交申请,1.2.0,synthetic,true,SRC-SYNTH,2026-09-13T00:00:00+08:00,0.9,synthetic,not_applicable,,team_generated,false,dev
EVT-S008-15,USER-S008,interview_result,2025-06-05T16:00:00Z,,,JOB-AI-APP-0015,0,completed,disappointed,active,low,记录模拟面试反馈,1.2.0,synthetic,true,SRC-SYNTH,2026-09-13T00:00:00+08:00,0.9,synthetic,not_applicable,,team_generated,false,dev
EVT-S008-16,USER-S008,plan_adjusted,2025-06-22T16:00:00Z,SKILL-035,,,0,completed,neutral,plan_rebalanced,low,根据时间和反馈调整学习计划,1.2.0,synthetic,true,SRC-SYNTH,2026-09-13T00:00:00+08:00,0.9,synthetic,not_applicable,,team_generated,false,dev
EVT-S008-17,USER-S008,skill_practice,2025-07-09T16:00:00Z,SKILL-038,RES-0038,,2,completed,positive,progressing,low,完成技能练习并记录反思,1.2.0,synthetic,true,SRC-SYNTH,2026-09-13T00:00:00+08:00,0.9,synthetic,not_applicable,,team_generated,false,dev
EVT-S008-18,USER-S008,inactivity,2025-07-26T16:00:00Z,SKILL-050,,,-4,attention_needed,frustrated,learning_stalled,medium,超过设定周期未产生学习证据，触发技能衰减,1.2.0,synthetic,true,SRC-SYNTH,2026-09-13T00:00:00+08:00,0.9,synthetic,not_applicable,,team_generated,false,dev
EVT-S008-19,USER-S008,reminder_response,2025-08-12T16:00:00Z,SKILL-008,,,0,completed,neutral,active,low,响应任务提醒并更新完成状态,1.2.0,synthetic,true,SRC-SYNTH,2026-09-13T00:00:00+08:00,0.9,synthetic,not_applicable,,team_generated,false,dev
EVT-S008-20,USER-S008,profile_recalculated,2025-08-29T16:00:00Z,SKILL-026,,,0,completed,neutral,active,low,根据新证据重算画像与岗位匹配度,1.2.0,synthetic,true,SRC-SYNTH,2026-09-13T00:00:00+08:00,0.9,synthetic,not_applicable,,team_generated,false,dev
EVT-S008-21,USER-S008,onboarding,2025-09-15T16:00:00Z,,,,0,completed,neutral,active,low,完成基础信息和学习约束录入,1.2.0,synthetic,true,SRC-SYNTH,2026-09-13T00:00:00+08:00,0.9,synthetic,not_applicable,,team_generated,false,dev
EVT-S008-22,USER-S008,skill_assessment,2025-10-02T16:00:00Z,SKILL-035,,,3,completed,positive,progressing,low,完成能力测评并生成可解释证据,1.2.0,synthetic,true,SRC-SYNTH,2026-09-13T00:00:00+08:00,0.9,synthetic,not_applicable,,team_generated,false,dev
EVT-S008-23,USER-S008,course_started,2025-10-19T16:00:00Z,SKILL-038,RES-0151,,0,completed,neutral,active,low,开始一项与目标能力相关的课程,1.2.0,synthetic,true,SRC-SYNTH,2026-09-13T00:00:00+08:00,0.9,synthetic,not_applicable,,team_generated,false,dev
EVT-S008-24,USER-S008,task_completed,2025-11-05T16:00:00Z,SKILL-050,RES-0170,,2,completed,positive,progressing,low,完成本周学习任务,1.2.0,synthetic,true,SRC-SYNTH,2026-09-13T00:00:00+08:00,0.9,synthetic,not_applicable,,team_generated,false,dev
EVT-S008-25,USER-S008,skill_practice,2025-11-22T16:00:00Z,SKILL-008,RES-0121,,2,completed,positive,progressing,low,完成技能练习并记录反思,1.2.0,synthetic,true,SRC-SYNTH,2026-09-13T00:00:00+08:00,0.9,synthetic,not_applicable,,team_generated,false,dev
EVT-S008-26,USER-S008,course_completed,2025-12-09T16:00:00Z,SKILL-026,RES-0446,,6,completed,positive,progressing,low,完成课程并提交学习总结,1.2.0,synthetic,true,SRC-SYNTH,2026-09-13T00:00:00+08:00,0.9,synthetic,not_applicable,,team_generated,false,dev
EVT-S008-27,USER-S008,project_started,2025-12-26T16:00:00Z,SKILL-029,RES-0149,,0,completed,neutral,active,low,启动实践项目并确认里程碑,1.2.0,synthetic,true,SRC-SYNTH,2026-09-13T00:00:00+08:00,0.9,synthetic,not_applicable,,team_generated,false,dev
EVT-S008-28,USER-S008,job_viewed,2026-01-12T16:00:00Z,,,JOB-AI-APP-0028,0,completed,neutral,active,low,查看目标岗位及能力要求,1.2.0,synthetic,true,SRC-SYNTH,2026-09-13T00:00:00+08:00,0.9,synthetic,not_applicable,,team_generated,false,dev
EVT-S008-29,USER-S008,feedback_submitted,2026-01-29T16:00:00Z,SKILL-038,,,0,completed,neutral,active,low,提交计划难度和推荐相关性反馈,1.2.0,synthetic,true,SRC-SYNTH,2026-09-13T00:00:00+08:00,0.9,synthetic,not_applicable,,team_generated,false,dev
EVT-S008-30,USER-S008,task_completed,2026-02-15T16:00:00Z,SKILL-050,RES-0170,,2,completed,positive,progressing,low,完成本周学习任务,1.2.0,synthetic,true,SRC-SYNTH,2026-09-13T00:00:00+08:00,0.9,synthetic,not_applicable,,team_generated,false,dev
EVT-S008-31,USER-S008,project_completed,2026-03-04T16:00:00Z,SKILL-008,RES-0421,,8,completed,positive,progressing,low,完成项目、说明文档和复盘,1.2.0,synthetic,true,SRC-SYNTH,2026-09-13T00:00:00+08:00,0.9,synthetic,not_applicable,,team_generated,false,dev
EVT-S008-32,USER-S008,profile_recalculated,2026-03-21T16:00:00Z,SKILL-026,,,0,completed,neutral,active,low,根据新证据重算画像与岗位匹配度,1.2.0,synthetic,true,SRC-SYNTH,2026-09-13T00:00:00+08:00,0.9,synthetic,not_applicable,,team_generated,false,dev
EVT-S008-33,USER-S008,job_saved,2026-04-07T16:00:00Z,,,JOB-AI-APP-0033,0,completed,neutral,active,low,收藏一个模拟目标岗位,1.2.0,synthetic,true,SRC-SYNTH,2026-09-13T00:00:00+08:00,0.9,synthetic,not_applicable,,team_generated,false,dev
EVT-S008-34,USER-S008,application_submitted,2026-04-24T16:00:00Z,,,JOB-AI-APP-0034,0,completed,neutral,active,low,向模拟岗位提交申请,1.2.0,synthetic,true,SRC-SYNTH,2026-09-13T00:00:00+08:00,0.9,synthetic,not_applicable,,team_generated,false,dev
EVT-S008-35,USER-S008,interview_result,2026-05-11T16:00:00Z,,,JOB-AI-APP-0035,0,completed,disappointed,active,low,记录模拟面试反馈,1.2.0,synthetic,true,SRC-SYNTH,2026-09-13T00:00:00+08:00,0.9,synthetic,not_applicable,,team_generated,false,dev
EVT-S008-36,USER-S008,plan_adjusted,2026-05-28T16:00:00Z,SKILL-050,,,0,completed,neutral,plan_rebalanced,low,根据时间和反馈调整学习计划,1.2.0,synthetic,true,SRC-SYNTH,2026-09-13T00:00:00+08:00,0.9,synthetic,not_applicable,,team_generated,false,dev
EVT-S008-37,USER-S008,skill_practice,2026-06-14T16:00:00Z,SKILL-008,RES-0421,,2,completed,positive,progressing,low,完成技能练习并记录反思,1.2.0,synthetic,true,SRC-SYNTH,2026-09-13T00:00:00+08:00,0.9,synthetic,not_applicable,,team_generated,false,dev
EVT-S008-38,USER-S008,inactivity,2026-07-01T16:00:00Z,SKILL-026,,,-4,attention_needed,frustrated,learning_stalled,medium,超过设定周期未产生学习证据，触发技能衰减,1.2.0,synthetic,true,SRC-SYNTH,2026-09-13T00:00:00+08:00,0.9,synthetic,not_applicable,,team_generated,false,dev
EVT-S008-39,USER-S008,reminder_response,2026-07-18T16:00:00Z,SKILL-029,,,0,completed,neutral,active,low,响应任务提醒并更新完成状态,1.2.0,synthetic,true,SRC-SYNTH,2026-09-13T00:00:00+08:00,0.9,synthetic,not_applicable,,team_generated,false,dev
EVT-S008-40,USER-S008,profile_recalculated,2026-08-04T16:00:00Z,SKILL-035,,,0,completed,neutral,active,low,根据新证据重算画像与岗位匹配度,1.2.0,synthetic,true,SRC-SYNTH,2026-09-13T00:00:00+08:00,0.9,synthetic,not_applicable,,team_generated,false,dev
EVT-S009-01,USER-S009,onboarding,2024-10-10T16:00:00Z,,,,0,completed,neutral,active,low,完成基础信息和学习约束录入,1.2.0,synthetic,true,SRC-SYNTH,2026-09-13T00:00:00+08:00,0.9,synthetic,not_applicable,,team_generated,false,dev
EVT-S009-02,USER-S009,skill_assessment,2024-10-27T16:00:00Z,SKILL-014,,,3,completed,positive,progressing,low,完成能力测评并生成可解释证据,1.2.0,synthetic,true,SRC-SYNTH,2026-09-13T00:00:00+08:00,0.9,synthetic,not_applicable,,team_generated,false,dev
EVT-S009-03,USER-S009,course_started,2024-11-13T16:00:00Z,SKILL-040,RES-0040,,0,completed,neutral,active,low,开始一项与目标能力相关的课程,1.2.0,synthetic,true,SRC-SYNTH,2026-09-13T00:00:00+08:00,0.9,synthetic,not_applicable,,team_generated,false,dev
EVT-S009-04,USER-S009,task_completed,2024-11-30T16:00:00Z,SKILL-044,RES-0164,,2,completed,positive,progressing,low,完成本周学习任务,1.2.0,synthetic,true,SRC-SYNTH,2026-09-13T00:00:00+08:00,0.9,synthetic,not_applicable,,team_generated,false,dev
EVT-S009-05,USER-S009,skill_practice,2024-12-17T16:00:00Z,SKILL-048,RES-0108,,2,completed,positive,progressing,low,完成技能练习并记录反思,1.2.0,synthetic,true,SRC-SYNTH,2026-09-13T00:00:00+08:00,0.9,synthetic,not_applicable,,team_generated,false,dev
EVT-S009-06,USER-S009,course_completed,2025-01-03T16:00:00Z,SKILL-001,RES-0181,,6,completed,positive,progressing,low,完成课程并提交学习总结,1.2.0,synthetic,true,SRC-SYNTH,2026-09-13T00:00:00+08:00,0.9,synthetic,not_applicable,,team_generated,false,dev
EVT-S009-07,USER-S009,project_started,2025-01-20T16:00:00Z,SKILL-011,RES-0431,,0,completed,neutral,active,low,启动实践项目并确认里程碑,1.2.0,synthetic,true,SRC-SYNTH,2026-09-13T00:00:00+08:00,0.9,synthetic,not_applicable,,team_generated,false,dev
EVT-S009-08,USER-S009,job_viewed,2025-02-06T16:00:00Z,,,JOB-DATA-0087,0,completed,neutral,active,low,查看目标岗位及能力要求,1.2.0,synthetic,true,SRC-SYNTH,2026-09-13T00:00:00+08:00,0.9,synthetic,not_applicable,,team_generated,false,dev
EVT-S009-09,USER-S009,feedback_submitted,2025-02-23T16:00:00Z,SKILL-040,,,0,completed,neutral,active,low,提交计划难度和推荐相关性反馈,1.2.0,synthetic,true,SRC-SYNTH,2026-09-13T00:00:00+08:00,0.9,synthetic,not_applicable,,team_generated,false,dev
EVT-S009-10,USER-S009,task_completed,2025-03-12T16:00:00Z,SKILL-044,RES-0157,,2,completed,positive,progressing,low,完成本周学习任务,1.2.0,synthetic,true,SRC-SYNTH,2026-09-13T00:00:00+08:00,0.9,synthetic,not_applicable,,team_generated,false,dev
EVT-S009-11,USER-S009,project_completed,2025-03-29T16:00:00Z,SKILL-048,RES-0161,,8,completed,positive,progressing,low,完成项目、说明文档和复盘,1.2.0,synthetic,true,SRC-SYNTH,2026-09-13T00:00:00+08:00,0.9,synthetic,not_applicable,,team_generated,false,dev
EVT-S009-12,USER-S009,profile_recalculated,2025-04-15T16:00:00Z,SKILL-001,,,0,completed,neutral,active,low,根据新证据重算画像与岗位匹配度,1.2.0,synthetic,true,SRC-SYNTH,2026-09-13T00:00:00+08:00,0.9,synthetic,not_applicable,,team_generated,false,dev
EVT-S009-13,USER-S009,job_saved,2025-05-02T16:00:00Z,,,JOB-DATA-0013,0,completed,neutral,active,low,收藏一个模拟目标岗位,1.2.0,synthetic,true,SRC-SYNTH,2026-09-13T00:00:00+08:00,0.9,synthetic,not_applicable,,team_generated,false,dev
EVT-S009-14,USER-S009,application_submitted,2025-05-19T16:00:00Z,,,JOB-DATA-0014,0,completed,neutral,active,low,向模拟岗位提交申请,1.2.0,synthetic,true,SRC-SYNTH,2026-09-13T00:00:00+08:00,0.9,synthetic,not_applicable,,team_generated,false,dev
EVT-S009-15,USER-S009,interview_result,2025-06-05T16:00:00Z,,,JOB-DATA-0015,0,completed,disappointed,active,low,记录模拟面试反馈,1.2.0,synthetic,true,SRC-SYNTH,2026-09-13T00:00:00+08:00,0.9,synthetic,not_applicable,,team_generated,false,dev
EVT-S009-16,USER-S009,plan_adjusted,2025-06-22T16:00:00Z,SKILL-044,,,0,completed,neutral,plan_rebalanced,low,根据时间和反馈调整学习计划,1.2.0,synthetic,true,SRC-SYNTH,2026-09-13T00:00:00+08:00,0.9,synthetic,not_applicable,,team_generated,false,dev
EVT-S009-17,USER-S009,skill_practice,2025-07-09T16:00:00Z,SKILL-048,RES-0041,,2,completed,positive,progressing,low,完成技能练习并记录反思,1.2.0,synthetic,true,SRC-SYNTH,2026-09-13T00:00:00+08:00,0.9,synthetic,not_applicable,,team_generated,false,dev
EVT-S009-18,USER-S009,inactivity,2025-07-26T16:00:00Z,SKILL-001,,,-4,attention_needed,frustrated,learning_stalled,medium,超过设定周期未产生学习证据，触发技能衰减,1.2.0,synthetic,true,SRC-SYNTH,2026-09-13T00:00:00+08:00,0.9,synthetic,not_applicable,,team_generated,false,dev
EVT-S009-19,USER-S009,reminder_response,2025-08-12T16:00:00Z,SKILL-011,,,0,completed,neutral,active,low,响应任务提醒并更新完成状态,1.2.0,synthetic,true,SRC-SYNTH,2026-09-13T00:00:00+08:00,0.9,synthetic,not_applicable,,team_generated,false,dev
EVT-S009-20,USER-S009,profile_recalculated,2025-08-29T16:00:00Z,SKILL-014,,,0,completed,neutral,active,low,根据新证据重算画像与岗位匹配度,1.2.0,synthetic,true,SRC-SYNTH,2026-09-13T00:00:00+08:00,0.9,synthetic,not_applicable,,team_generated,false,dev
EVT-S009-21,USER-S009,onboarding,2025-09-15T16:00:00Z,,,,0,completed,neutral,active,low,完成基础信息和学习约束录入,1.2.0,synthetic,true,SRC-SYNTH,2026-09-13T00:00:00+08:00,0.9,synthetic,not_applicable,,team_generated,false,dev
EVT-S009-22,USER-S009,skill_assessment,2025-10-02T16:00:00Z,SKILL-044,,,3,completed,positive,progressing,low,完成能力测评并生成可解释证据,1.2.0,synthetic,true,SRC-SYNTH,2026-09-13T00:00:00+08:00,0.9,synthetic,not_applicable,,team_generated,false,dev
EVT-S009-23,USER-S009,course_started,2025-10-19T16:00:00Z,SKILL-048,RES-0041,,0,completed,neutral,active,low,开始一项与目标能力相关的课程,1.2.0,synthetic,true,SRC-SYNTH,2026-09-13T00:00:00+08:00,0.9,synthetic,not_applicable,,team_generated,false,dev
EVT-S009-24,USER-S009,task_completed,2025-11-05T16:00:00Z,SKILL-001,RES-0167,,2,completed,positive,progressing,low,完成本周学习任务,1.2.0,synthetic,true,SRC-SYNTH,2026-09-13T00:00:00+08:00,0.9,synthetic,not_applicable,,team_generated,false,dev
EVT-S009-25,USER-S009,skill_practice,2025-11-22T16:00:00Z,SKILL-011,RES-0431,,2,completed,positive,progressing,low,完成技能练习并记录反思,1.2.0,synthetic,true,SRC-SYNTH,2026-09-13T00:00:00+08:00,0.9,synthetic,not_applicable,,team_generated,false,dev
EVT-S009-26,USER-S009,course_completed,2025-12-09T16:00:00Z,SKILL-014,RES-0367,,6,completed,positive,progressing,low,完成课程并提交学习总结,1.2.0,synthetic,true,SRC-SYNTH,2026-09-13T00:00:00+08:00,0.9,synthetic,not_applicable,,team_generated,false,dev
EVT-S009-27,USER-S009,project_started,2025-12-26T16:00:00Z,SKILL-040,RES-0146,,0,completed,neutral,active,low,启动实践项目并确认里程碑,1.2.0,synthetic,true,SRC-SYNTH,2026-09-13T00:00:00+08:00,0.9,synthetic,not_applicable,,team_generated,false,dev
EVT-S009-28,USER-S009,job_viewed,2026-01-12T16:00:00Z,,,JOB-DATA-0028,0,completed,neutral,active,low,查看目标岗位及能力要求,1.2.0,synthetic,true,SRC-SYNTH,2026-09-13T00:00:00+08:00,0.9,synthetic,not_applicable,,team_generated,false,dev
EVT-S009-29,USER-S009,feedback_submitted,2026-01-29T16:00:00Z,SKILL-048,,,0,completed,neutral,active,low,提交计划难度和推荐相关性反馈,1.2.0,synthetic,true,SRC-SYNTH,2026-09-13T00:00:00+08:00,0.9,synthetic,not_applicable,,team_generated,false,dev
EVT-S009-30,USER-S009,task_completed,2026-02-15T16:00:00Z,SKILL-001,RES-0541,,2,completed,positive,progressing,low,完成本周学习任务,1.2.0,synthetic,true,SRC-SYNTH,2026-09-13T00:00:00+08:00,0.9,synthetic,not_applicable,,team_generated,false,dev
EVT-S009-31,USER-S009,project_completed,2026-03-04T16:00:00Z,SKILL-011,RES-0424,,8,completed,positive,progressing,low,完成项目、说明文档和复盘,1.2.0,synthetic,true,SRC-SYNTH,2026-09-13T00:00:00+08:00,0.9,synthetic,not_applicable,,team_generated,false,dev
EVT-S009-32,USER-S009,profile_recalculated,2026-03-21T16:00:00Z,SKILL-014,,,0,completed,neutral,active,low,根据新证据重算画像与岗位匹配度,1.2.0,synthetic,true,SRC-SYNTH,2026-09-13T00:00:00+08:00,0.9,synthetic,not_applicable,,team_generated,false,dev
EVT-S009-33,USER-S009,job_saved,2026-04-07T16:00:00Z,,,JOB-DATA-0033,0,completed,neutral,active,low,收藏一个模拟目标岗位,1.2.0,synthetic,true,SRC-SYNTH,2026-09-13T00:00:00+08:00,0.9,synthetic,not_applicable,,team_generated,false,dev
EVT-S009-34,USER-S009,application_submitted,2026-04-24T16:00:00Z,,,JOB-DATA-0034,0,completed,neutral,active,low,向模拟岗位提交申请,1.2.0,synthetic,true,SRC-SYNTH,2026-09-13T00:00:00+08:00,0.9,synthetic,not_applicable,,team_generated,false,dev
EVT-S009-35,USER-S009,interview_result,2026-05-11T16:00:00Z,,,JOB-DATA-0035,0,completed,disappointed,active,low,记录模拟面试反馈,1.2.0,synthetic,true,SRC-SYNTH,2026-09-13T00:00:00+08:00,0.9,synthetic,not_applicable,,team_generated,false,dev
EVT-S009-36,USER-S009,plan_adjusted,2026-05-28T16:00:00Z,SKILL-001,,,0,completed,neutral,plan_rebalanced,low,根据时间和反馈调整学习计划,1.2.0,synthetic,true,SRC-SYNTH,2026-09-13T00:00:00+08:00,0.9,synthetic,not_applicable,,team_generated,false,dev
EVT-S009-37,USER-S009,skill_practice,2026-06-14T16:00:00Z,SKILL-011,RES-0071,,2,completed,positive,progressing,low,完成技能练习并记录反思,1.2.0,synthetic,true,SRC-SYNTH,2026-09-13T00:00:00+08:00,0.9,synthetic,not_applicable,,team_generated,false,dev
EVT-S009-38,USER-S009,inactivity,2026-07-01T16:00:00Z,SKILL-014,,,-4,attention_needed,frustrated,learning_stalled,medium,超过设定周期未产生学习证据，触发技能衰减,1.2.0,synthetic,true,SRC-SYNTH,2026-09-13T00:00:00+08:00,0.9,synthetic,not_applicable,,team_generated,false,dev
EVT-S009-39,USER-S009,reminder_response,2026-07-18T16:00:00Z,SKILL-040,,,0,completed,neutral,active,low,响应任务提醒并更新完成状态,1.2.0,synthetic,true,SRC-SYNTH,2026-09-13T00:00:00+08:00,0.9,synthetic,not_applicable,,team_generated,false,dev
EVT-S009-40,USER-S009,profile_recalculated,2026-08-04T16:00:00Z,SKILL-044,,,0,completed,neutral,active,low,根据新证据重算画像与岗位匹配度,1.2.0,synthetic,true,SRC-SYNTH,2026-09-13T00:00:00+08:00,0.9,synthetic,not_applicable,,team_generated,false,dev
EVT-S010-01,USER-S010,onboarding,2024-10-10T16:00:00Z,,,,0,completed,neutral,active,low,完成基础信息和学习约束录入,1.2.0,synthetic,true,SRC-SYNTH,2026-09-13T00:00:00+08:00,0.9,synthetic,not_applicable,,team_generated,false,dev
EVT-S010-02,USER-S010,skill_assessment,2024-10-27T16:00:00Z,SKILL-048,,,3,completed,positive,progressing,low,完成能力测评并生成可解释证据,1.2.0,synthetic,true,SRC-SYNTH,2026-09-13T00:00:00+08:00,0.9,synthetic,not_applicable,,team_generated,false,dev
EVT-S010-03,USER-S010,course_started,2024-11-13T16:00:00Z,SKILL-001,RES-0181,,0,completed,neutral,active,low,开始一项与目标能力相关的课程,1.2.0,synthetic,true,SRC-SYNTH,2026-09-13T00:00:00+08:00,0.9,synthetic,not_applicable,,team_generated,false,dev
EVT-S010-04,USER-S010,task_completed,2024-11-30T16:00:00Z,SKILL-011,RES-0131,,2,completed,positive,progressing,low,完成本周学习任务,1.2.0,synthetic,true,SRC-SYNTH,2026-09-13T00:00:00+08:00,0.9,synthetic,not_applicable,,team_generated,false,dev
EVT-S010-05,USER-S010,skill_practice,2024-12-17T16:00:00Z,SKILL-019,RES-0005,,2,completed,positive,progressing,low,完成技能练习并记录反思,1.2.0,synthetic,true,SRC-SYNTH,2026-09-13T00:00:00+08:00,0.9,synthetic,not_applicable,,team_generated,false,dev
EVT-S010-06,USER-S010,course_completed,2025-01-03T16:00:00Z,SKILL-022,RES-0128,,6,completed,positive,progressing,low,完成课程并提交学习总结,1.2.0,synthetic,true,SRC-SYNTH,2026-09-13T00:00:00+08:00,0.9,synthetic,not_applicable,,team_generated,false,dev
EVT-S010-07,USER-S010,project_started,2025-01-20T16:00:00Z,SKILL-025,RES-0025,,0,completed,neutral,active,low,启动实践项目并确认里程碑,1.2.0,synthetic,true,SRC-SYNTH,2026-09-13T00:00:00+08:00,0.9,synthetic,not_applicable,,team_generated,false,dev
EVT-S010-08,USER-S010,job_viewed,2025-02-06T16:00:00Z,,,JOB-AI-ALG-0087,0,completed,neutral,active,low,查看目标岗位及能力要求,1.2.0,synthetic,true,SRC-SYNTH,2026-09-13T00:00:00+08:00,0.9,synthetic,not_applicable,,team_generated,false,dev
EVT-S010-09,USER-S010,feedback_submitted,2025-02-23T16:00:00Z,SKILL-001,,,0,completed,neutral,active,low,提交计划难度和推荐相关性反馈,1.2.0,synthetic,true,SRC-SYNTH,2026-09-13T00:00:00+08:00,0.9,synthetic,not_applicable,,team_generated,false,dev
EVT-S010-10,USER-S010,task_completed,2025-03-12T16:00:00Z,SKILL-011,RES-0071,,2,completed,positive,progressing,low,完成本周学习任务,1.2.0,synthetic,true,SRC-SYNTH,2026-09-13T00:00:00+08:00,0.9,synthetic,not_applicable,,team_generated,false,dev
EVT-S010-11,USER-S010,project_completed,2025-03-29T16:00:00Z,SKILL-019,RES-0185,,8,completed,positive,progressing,low,完成项目、说明文档和复盘,1.2.0,synthetic,true,SRC-SYNTH,2026-09-13T00:00:00+08:00,0.9,synthetic,not_applicable,,team_generated,false,dev
EVT-S010-12,USER-S010,profile_recalculated,2025-04-15T16:00:00Z,SKILL-022,,,0,completed,neutral,active,low,根据新证据重算画像与岗位匹配度,1.2.0,synthetic,true,SRC-SYNTH,2026-09-13T00:00:00+08:00,0.9,synthetic,not_applicable,,team_generated,false,dev
EVT-S010-13,USER-S010,job_saved,2025-05-02T16:00:00Z,,,JOB-AI-ALG-0013,0,completed,neutral,active,low,收藏一个模拟目标岗位,1.2.0,synthetic,true,SRC-SYNTH,2026-09-13T00:00:00+08:00,0.9,synthetic,not_applicable,,team_generated,false,dev
EVT-S010-14,USER-S010,application_submitted,2025-05-19T16:00:00Z,,,JOB-AI-ALG-0014,0,completed,neutral,active,low,向模拟岗位提交申请,1.2.0,synthetic,true,SRC-SYNTH,2026-09-13T00:00:00+08:00,0.9,synthetic,not_applicable,,team_generated,false,dev
EVT-S010-15,USER-S010,interview_result,2025-06-05T16:00:00Z,,,JOB-AI-ALG-0015,0,completed,disappointed,active,low,记录模拟面试反馈,1.2.0,synthetic,true,SRC-SYNTH,2026-09-13T00:00:00+08:00,0.9,synthetic,not_applicable,,team_generated,false,dev
EVT-S010-16,USER-S010,plan_adjusted,2025-06-22T16:00:00Z,SKILL-011,,,0,completed,neutral,plan_rebalanced,low,根据时间和反馈调整学习计划,1.2.0,synthetic,true,SRC-SYNTH,2026-09-13T00:00:00+08:00,0.9,synthetic,not_applicable,,team_generated,false,dev
EVT-S010-17,USER-S010,skill_practice,2025-07-09T16:00:00Z,SKILL-019,RES-0003,,2,completed,positive,progressing,low,完成技能练习并记录反思,1.2.0,synthetic,true,SRC-SYNTH,2026-09-13T00:00:00+08:00,0.9,synthetic,not_applicable,,team_generated,false,dev
EVT-S010-18,USER-S010,inactivity,2025-07-26T16:00:00Z,SKILL-022,,,-4,attention_needed,frustrated,learning_stalled,medium,超过设定周期未产生学习证据，触发技能衰减,1.2.0,synthetic,true,SRC-SYNTH,2026-09-13T00:00:00+08:00,0.9,synthetic,not_applicable,,team_generated,false,dev
EVT-S010-19,USER-S010,reminder_response,2025-08-12T16:00:00Z,SKILL-025,,,0,completed,neutral,active,low,响应任务提醒并更新完成状态,1.2.0,synthetic,true,SRC-SYNTH,2026-09-13T00:00:00+08:00,0.9,synthetic,not_applicable,,team_generated,false,dev
EVT-S010-20,USER-S010,profile_recalculated,2025-08-29T16:00:00Z,SKILL-048,,,0,completed,neutral,active,low,根据新证据重算画像与岗位匹配度,1.2.0,synthetic,true,SRC-SYNTH,2026-09-13T00:00:00+08:00,0.9,synthetic,not_applicable,,team_generated,false,dev
EVT-S010-21,USER-S010,onboarding,2025-09-15T16:00:00Z,,,,0,completed,neutral,active,low,完成基础信息和学习约束录入,1.2.0,synthetic,true,SRC-SYNTH,2026-09-13T00:00:00+08:00,0.9,synthetic,not_applicable,,team_generated,false,dev
EVT-S010-22,USER-S010,skill_assessment,2025-10-02T16:00:00Z,SKILL-011,,,3,completed,positive,progressing,low,完成能力测评并生成可解释证据,1.2.0,synthetic,true,SRC-SYNTH,2026-09-13T00:00:00+08:00,0.9,synthetic,not_applicable,,team_generated,false,dev
EVT-S010-23,USER-S010,course_started,2025-10-19T16:00:00Z,SKILL-019,RES-0545,,0,completed,neutral,active,low,开始一项与目标能力相关的课程,1.2.0,synthetic,true,SRC-SYNTH,2026-09-13T00:00:00+08:00,0.9,synthetic,not_applicable,,team_generated,false,dev
EVT-S010-24,USER-S010,task_completed,2025-11-05T16:00:00Z,SKILL-022,RES-0004,,2,completed,positive,progressing,low,完成本周学习任务,1.2.0,synthetic,true,SRC-SYNTH,2026-09-13T00:00:00+08:00,0.9,synthetic,not_applicable,,team_generated,false,dev
EVT-S010-25,USER-S010,skill_practice,2025-11-22T16:00:00Z,SKILL-025,RES-0445,,2,completed,positive,progressing,low,完成技能练习并记录反思,1.2.0,synthetic,true,SRC-SYNTH,2026-09-13T00:00:00+08:00,0.9,synthetic,not_applicable,,team_generated,false,dev
EVT-S010-26,USER-S010,course_completed,2025-12-09T16:00:00Z,SKILL-048,RES-0108,,6,completed,positive,progressing,low,完成课程并提交学习总结,1.2.0,synthetic,true,SRC-SYNTH,2026-09-13T00:00:00+08:00,0.9,synthetic,not_applicable,,team_generated,false,dev
EVT-S010-27,USER-S010,project_started,2025-12-26T16:00:00Z,SKILL-001,RES-0167,,0,completed,neutral,active,low,启动实践项目并确认里程碑,1.2.0,synthetic,true,SRC-SYNTH,2026-09-13T00:00:00+08:00,0.9,synthetic,not_applicable,,team_generated,false,dev
EVT-S010-28,USER-S010,job_viewed,2026-01-12T16:00:00Z,,,JOB-AI-ALG-0028,0,completed,neutral,active,low,查看目标岗位及能力要求,1.2.0,synthetic,true,SRC-SYNTH,2026-09-13T00:00:00+08:00,0.9,synthetic,not_applicable,,team_generated,false,dev
EVT-S010-29,USER-S010,feedback_submitted,2026-01-29T16:00:00Z,SKILL-019,,,0,completed,neutral,active,low,提交计划难度和推荐相关性反馈,1.2.0,synthetic,true,SRC-SYNTH,2026-09-13T00:00:00+08:00,0.9,synthetic,not_applicable,,team_generated,false,dev
EVT-S010-30,USER-S010,task_completed,2026-02-15T16:00:00Z,SKILL-022,RES-0202,,2,completed,positive,progressing,low,完成本周学习任务,1.2.0,synthetic,true,SRC-SYNTH,2026-09-13T00:00:00+08:00,0.9,synthetic,not_applicable,,team_generated,false,dev
EVT-S010-31,USER-S010,project_completed,2026-03-04T16:00:00Z,SKILL-025,RES-0007,,8,completed,positive,progressing,low,完成项目、说明文档和复盘,1.2.0,synthetic,true,SRC-SYNTH,2026-09-13T00:00:00+08:00,0.9,synthetic,not_applicable,,team_generated,false,dev
EVT-S010-32,USER-S010,profile_recalculated,2026-03-21T16:00:00Z,SKILL-048,,,0,completed,neutral,active,low,根据新证据重算画像与岗位匹配度,1.2.0,synthetic,true,SRC-SYNTH,2026-09-13T00:00:00+08:00,0.9,synthetic,not_applicable,,team_generated,false,dev
EVT-S010-33,USER-S010,job_saved,2026-04-07T16:00:00Z,,,JOB-AI-ALG-0033,0,completed,neutral,active,low,收藏一个模拟目标岗位,1.2.0,synthetic,true,SRC-SYNTH,2026-09-13T00:00:00+08:00,0.9,synthetic,not_applicable,,team_generated,false,dev
EVT-S010-34,USER-S010,application_submitted,2026-04-24T16:00:00Z,,,JOB-AI-ALG-0034,0,completed,neutral,active,low,向模拟岗位提交申请,1.2.0,synthetic,true,SRC-SYNTH,2026-09-13T00:00:00+08:00,0.9,synthetic,not_applicable,,team_generated,false,dev
EVT-S010-35,USER-S010,interview_result,2026-05-11T16:00:00Z,,,JOB-AI-ALG-0035,0,completed,disappointed,active,low,记录模拟面试反馈,1.2.0,synthetic,true,SRC-SYNTH,2026-09-13T00:00:00+08:00,0.9,synthetic,not_applicable,,team_generated,false,dev
EVT-S010-36,USER-S010,plan_adjusted,2026-05-28T16:00:00Z,SKILL-022,,,0,completed,neutral,plan_rebalanced,low,根据时间和反馈调整学习计划,1.2.0,synthetic,true,SRC-SYNTH,2026-09-13T00:00:00+08:00,0.9,synthetic,not_applicable,,team_generated,false,dev
EVT-S010-37,USER-S010,skill_practice,2026-06-14T16:00:00Z,SKILL-025,RES-0131,,2,completed,positive,progressing,low,完成技能练习并记录反思,1.2.0,synthetic,true,SRC-SYNTH,2026-09-13T00:00:00+08:00,0.9,synthetic,not_applicable,,team_generated,false,dev
EVT-S010-38,USER-S010,inactivity,2026-07-01T16:00:00Z,SKILL-048,,,-4,attention_needed,frustrated,learning_stalled,medium,超过设定周期未产生学习证据，触发技能衰减,1.2.0,synthetic,true,SRC-SYNTH,2026-09-13T00:00:00+08:00,0.9,synthetic,not_applicable,,team_generated,false,dev
EVT-S010-39,USER-S010,reminder_response,2026-07-18T16:00:00Z,SKILL-001,,,0,completed,neutral,active,low,响应任务提醒并更新完成状态,1.2.0,synthetic,true,SRC-SYNTH,2026-09-13T00:00:00+08:00,0.9,synthetic,not_applicable,,team_generated,false,dev
EVT-S010-40,USER-S010,profile_recalculated,2026-08-04T16:00:00Z,SKILL-011,,,0,completed,neutral,active,low,根据新证据重算画像与岗位匹配度,1.2.0,synthetic,true,SRC-SYNTH,2026-09-13T00:00:00+08:00,0.9,synthetic,not_applicable,,team_generated,false,dev
EVT-S011-01,USER-S011,onboarding,2024-10-10T16:00:00Z,,,,0,completed,neutral,active,low,完成基础信息和学习约束录入,1.2.0,synthetic,true,SRC-SYNTH,2026-09-13T00:00:00+08:00,0.9,synthetic,not_applicable,,team_generated,false,dev
EVT-S011-02,USER-S011,skill_assessment,2024-10-27T16:00:00Z,SKILL-043,,,3,completed,positive,progressing,low,完成能力测评并生成可解释证据,1.2.0,synthetic,true,SRC-SYNTH,2026-09-13T00:00:00+08:00,0.9,synthetic,not_applicable,,team_generated,false,dev
EVT-S011-03,USER-S011,course_started,2024-11-13T16:00:00Z,SKILL-007,RES-0113,,0,completed,neutral,active,low,开始一项与目标能力相关的课程,1.2.0,synthetic,true,SRC-SYNTH,2026-09-13T00:00:00+08:00,0.9,synthetic,not_applicable,,team_generated,false,dev
EVT-S011-04,USER-S011,task_completed,2024-11-30T16:00:00Z,SKILL-025,RES-0009,,2,completed,positive,progressing,low,完成本周学习任务,1.2.0,synthetic,true,SRC-SYNTH,2026-09-13T00:00:00+08:00,0.9,synthetic,not_applicable,,team_generated,false,dev
EVT-S011-05,USER-S011,skill_practice,2024-12-17T16:00:00Z,SKILL-028,RES-0148,,2,completed,positive,progressing,low,完成技能练习并记录反思,1.2.0,synthetic,true,SRC-SYNTH,2026-09-13T00:00:00+08:00,0.9,synthetic,not_applicable,,team_generated,false,dev
EVT-S011-06,USER-S011,course_completed,2025-01-03T16:00:00Z,SKILL-034,RES-0200,,6,completed,positive,progressing,low,完成课程并提交学习总结,1.2.0,synthetic,true,SRC-SYNTH,2026-09-13T00:00:00+08:00,0.9,synthetic,not_applicable,,team_generated,false,dev
EVT-S011-07,USER-S011,project_started,2025-01-20T16:00:00Z,SKILL-037,RES-0203,,0,completed,neutral,active,low,启动实践项目并确认里程碑,1.2.0,synthetic,true,SRC-SYNTH,2026-09-13T00:00:00+08:00,0.9,synthetic,not_applicable,,team_generated,false,dev
EVT-S011-08,USER-S011,job_viewed,2025-02-06T16:00:00Z,,,JOB-AI-APP-0087,0,completed,neutral,active,low,查看目标岗位及能力要求,1.2.0,synthetic,true,SRC-SYNTH,2026-09-13T00:00:00+08:00,0.9,synthetic,not_applicable,,team_generated,false,dev
EVT-S011-09,USER-S011,feedback_submitted,2025-02-23T16:00:00Z,SKILL-007,,,0,completed,neutral,active,low,提交计划难度和推荐相关性反馈,1.2.0,synthetic,true,SRC-SYNTH,2026-09-13T00:00:00+08:00,0.9,synthetic,not_applicable,,team_generated,false,dev
EVT-S011-10,USER-S011,task_completed,2025-03-12T16:00:00Z,SKILL-025,RES-0145,,2,completed,positive,progressing,low,完成本周学习任务,1.2.0,synthetic,true,SRC-SYNTH,2026-09-13T00:00:00+08:00,0.9,synthetic,not_applicable,,team_generated,false,dev
EVT-S011-11,USER-S011,project_completed,2025-03-29T16:00:00Z,SKILL-028,RES-0134,,8,completed,positive,progressing,low,完成项目、说明文档和复盘,1.2.0,synthetic,true,SRC-SYNTH,2026-09-13T00:00:00+08:00,0.9,synthetic,not_applicable,,team_generated,false,dev
EVT-S011-12,USER-S011,profile_recalculated,2025-04-15T16:00:00Z,SKILL-034,,,0,completed,neutral,active,low,根据新证据重算画像与岗位匹配度,1.2.0,synthetic,true,SRC-SYNTH,2026-09-13T00:00:00+08:00,0.9,synthetic,not_applicable,,team_generated,false,dev
EVT-S011-13,USER-S011,job_saved,2025-05-02T16:00:00Z,,,JOB-AI-APP-0013,0,completed,neutral,active,low,收藏一个模拟目标岗位,1.2.0,synthetic,true,SRC-SYNTH,2026-09-13T00:00:00+08:00,0.9,synthetic,not_applicable,,team_generated,false,dev
EVT-S011-14,USER-S011,application_submitted,2025-05-19T16:00:00Z,,,JOB-AI-APP-0014,0,completed,neutral,active,low,向模拟岗位提交申请,1.2.0,synthetic,true,SRC-SYNTH,2026-09-13T00:00:00+08:00,0.9,synthetic,not_applicable,,team_generated,false,dev
EVT-S011-15,USER-S011,interview_result,2025-06-05T16:00:00Z,,,JOB-AI-APP-0015,0,completed,disappointed,active,low,记录模拟面试反馈,1.2.0,synthetic,true,SRC-SYNTH,2026-09-13T00:00:00+08:00,0.9,synthetic,not_applicable,,team_generated,false,dev
EVT-S011-16,USER-S011,plan_adjusted,2025-06-22T16:00:00Z,SKILL-025,,,0,completed,neutral,plan_rebalanced,low,根据时间和反馈调整学习计划,1.2.0,synthetic,true,SRC-SYNTH,2026-09-13T00:00:00+08:00,0.9,synthetic,not_applicable,,team_generated,false,dev
EVT-S011-17,USER-S011,skill_practice,2025-07-09T16:00:00Z,SKILL-028,RES-0448,,2,completed,positive,progressing,low,完成技能练习并记录反思,1.2.0,synthetic,true,SRC-SYNTH,2026-09-13T00:00:00+08:00,0.9,synthetic,not_applicable,,team_generated,false,dev
EVT-S011-18,USER-S011,inactivity,2025-07-26T16:00:00Z,SKILL-034,,,-4,attention_needed,frustrated,learning_stalled,medium,超过设定周期未产生学习证据，触发技能衰减,1.2.0,synthetic,true,SRC-SYNTH,2026-09-13T00:00:00+08:00,0.9,synthetic,not_applicable,,team_generated,false,dev
EVT-S011-19,USER-S011,reminder_response,2025-08-12T16:00:00Z,SKILL-037,,,0,completed,neutral,active,low,响应任务提醒并更新完成状态,1.2.0,synthetic,true,SRC-SYNTH,2026-09-13T00:00:00+08:00,0.9,synthetic,not_applicable,,team_generated,false,dev
EVT-S011-20,USER-S011,profile_recalculated,2025-08-29T16:00:00Z,SKILL-043,,,0,completed,neutral,active,low,根据新证据重算画像与岗位匹配度,1.2.0,synthetic,true,SRC-SYNTH,2026-09-13T00:00:00+08:00,0.9,synthetic,not_applicable,,team_generated,false,dev
EVT-S011-21,USER-S011,onboarding,2025-09-15T16:00:00Z,,,,0,completed,neutral,active,low,完成基础信息和学习约束录入,1.2.0,synthetic,true,SRC-SYNTH,2026-09-13T00:00:00+08:00,0.9,synthetic,not_applicable,,team_generated,false,dev
EVT-S011-22,USER-S011,skill_assessment,2025-10-02T16:00:00Z,SKILL-025,,,3,completed,positive,progressing,low,完成能力测评并生成可解释证据,1.2.0,synthetic,true,SRC-SYNTH,2026-09-13T00:00:00+08:00,0.9,synthetic,not_applicable,,team_generated,false,dev
EVT-S011-23,USER-S011,course_started,2025-10-19T16:00:00Z,SKILL-028,RES-0134,,0,completed,neutral,active,low,开始一项与目标能力相关的课程,1.2.0,synthetic,true,SRC-SYNTH,2026-09-13T00:00:00+08:00,0.9,synthetic,not_applicable,,team_generated,false,dev
EVT-S011-24,USER-S011,task_completed,2025-11-05T16:00:00Z,SKILL-034,RES-0154,,2,completed,positive,progressing,low,完成本周学习任务,1.2.0,synthetic,true,SRC-SYNTH,2026-09-13T00:00:00+08:00,0.9,synthetic,not_applicable,,team_generated,false,dev
EVT-S011-25,USER-S011,skill_practice,2025-11-22T16:00:00Z,SKILL-037,RES-0143,,2,completed,positive,progressing,low,完成技能练习并记录反思,1.2.0,synthetic,true,SRC-SYNTH,2026-09-13T00:00:00+08:00,0.9,synthetic,not_applicable,,team_generated,false,dev
EVT-S011-26,USER-S011,course_completed,2025-12-09T16:00:00Z,SKILL-043,RES-0163,,6,completed,positive,progressing,low,完成课程并提交学习总结,1.2.0,synthetic,true,SRC-SYNTH,2026-09-13T00:00:00+08:00,0.9,synthetic,not_applicable,,team_generated,false,dev
EVT-S011-27,USER-S011,project_started,2025-12-26T16:00:00Z,SKILL-007,RES-0173,,0,completed,neutral,active,low,启动实践项目并确认里程碑,1.2.0,synthetic,true,SRC-SYNTH,2026-09-13T00:00:00+08:00,0.9,synthetic,not_applicable,,team_generated,false,dev
EVT-S011-28,USER-S011,job_viewed,2026-01-12T16:00:00Z,,,JOB-AI-APP-0028,0,completed,neutral,active,low,查看目标岗位及能力要求,1.2.0,synthetic,true,SRC-SYNTH,2026-09-13T00:00:00+08:00,0.9,synthetic,not_applicable,,team_generated,false,dev
EVT-S011-29,USER-S011,feedback_submitted,2026-01-29T16:00:00Z,SKILL-028,,,0,completed,neutral,active,low,提交计划难度和推荐相关性反馈,1.2.0,synthetic,true,SRC-SYNTH,2026-09-13T00:00:00+08:00,0.9,synthetic,not_applicable,,team_generated,false,dev
EVT-S011-30,USER-S011,task_completed,2026-02-15T16:00:00Z,SKILL-034,RES-0440,,2,completed,positive,progressing,low,完成本周学习任务,1.2.0,synthetic,true,SRC-SYNTH,2026-09-13T00:00:00+08:00,0.9,synthetic,not_applicable,,team_generated,false,dev
EVT-S011-31,USER-S011,project_completed,2026-03-04T16:00:00Z,SKILL-037,RES-0143,,8,completed,positive,progressing,low,完成项目、说明文档和复盘,1.2.0,synthetic,true,SRC-SYNTH,2026-09-13T00:00:00+08:00,0.9,synthetic,not_applicable,,team_generated,false,dev
EVT-S011-32,USER-S011,profile_recalculated,2026-03-21T16:00:00Z,SKILL-043,,,0,completed,neutral,active,low,根据新证据重算画像与岗位匹配度,1.2.0,synthetic,true,SRC-SYNTH,2026-09-13T00:00:00+08:00,0.9,synthetic,not_applicable,,team_generated,false,dev
EVT-S011-33,USER-S011,job_saved,2026-04-07T16:00:00Z,,,JOB-AI-APP-0033,0,completed,neutral,active,low,收藏一个模拟目标岗位,1.2.0,synthetic,true,SRC-SYNTH,2026-09-13T00:00:00+08:00,0.9,synthetic,not_applicable,,team_generated,false,dev
EVT-S011-34,USER-S011,application_submitted,2026-04-24T16:00:00Z,,,JOB-AI-APP-0034,0,completed,neutral,active,low,向模拟岗位提交申请,1.2.0,synthetic,true,SRC-SYNTH,2026-09-13T00:00:00+08:00,0.9,synthetic,not_applicable,,team_generated,false,dev
EVT-S011-35,USER-S011,interview_result,2026-05-11T16:00:00Z,,,JOB-AI-APP-0035,0,completed,disappointed,active,low,记录模拟面试反馈,1.2.0,synthetic,true,SRC-SYNTH,2026-09-13T00:00:00+08:00,0.9,synthetic,not_applicable,,team_generated,false,dev
EVT-S011-36,USER-S011,plan_adjusted,2026-05-28T16:00:00Z,SKILL-034,,,0,completed,neutral,plan_rebalanced,low,根据时间和反馈调整学习计划,1.2.0,synthetic,true,SRC-SYNTH,2026-09-13T00:00:00+08:00,0.9,synthetic,not_applicable,,team_generated,false,dev
EVT-S011-37,USER-S011,skill_practice,2026-06-14T16:00:00Z,SKILL-037,RES-0037,,2,completed,positive,progressing,low,完成技能练习并记录反思,1.2.0,synthetic,true,SRC-SYNTH,2026-09-13T00:00:00+08:00,0.9,synthetic,not_applicable,,team_generated,false,dev
EVT-S011-38,USER-S011,inactivity,2026-07-01T16:00:00Z,SKILL-043,,,-4,attention_needed,frustrated,learning_stalled,medium,超过设定周期未产生学习证据，触发技能衰减,1.2.0,synthetic,true,SRC-SYNTH,2026-09-13T00:00:00+08:00,0.9,synthetic,not_applicable,,team_generated,false,dev
EVT-S011-39,USER-S011,reminder_response,2026-07-18T16:00:00Z,SKILL-007,,,0,completed,neutral,active,low,响应任务提醒并更新完成状态,1.2.0,synthetic,true,SRC-SYNTH,2026-09-13T00:00:00+08:00,0.9,synthetic,not_applicable,,team_generated,false,dev
EVT-S011-40,USER-S011,profile_recalculated,2026-08-04T16:00:00Z,SKILL-025,,,0,completed,neutral,active,low,根据新证据重算画像与岗位匹配度,1.2.0,synthetic,true,SRC-SYNTH,2026-09-13T00:00:00+08:00,0.9,synthetic,not_applicable,,team_generated,false,dev
EVT-S012-01,USER-S012,onboarding,2024-10-10T16:00:00Z,,,,0,completed,neutral,active,low,完成基础信息和学习约束录入,1.2.0,synthetic,true,SRC-SYNTH,2026-09-13T00:00:00+08:00,0.9,synthetic,not_applicable,,team_generated,false,dev
EVT-S012-02,USER-S012,skill_assessment,2024-10-27T16:00:00Z,SKILL-054,,,3,completed,positive,progressing,low,完成能力测评并生成可解释证据,1.2.0,synthetic,true,SRC-SYNTH,2026-09-13T00:00:00+08:00,0.9,synthetic,not_applicable,,team_generated,false,dev
EVT-S012-03,USER-S012,course_started,2024-11-13T16:00:00Z,SKILL-010,RES-0190,,0,completed,neutral,active,low,开始一项与目标能力相关的课程,1.2.0,synthetic,true,SRC-SYNTH,2026-09-13T00:00:00+08:00,0.9,synthetic,not_applicable,,team_generated,false,dev
EVT-S012-04,USER-S012,task_completed,2024-11-30T16:00:00Z,SKILL-013,RES-0133,,2,completed,positive,progressing,low,完成本周学习任务,1.2.0,synthetic,true,SRC-SYNTH,2026-09-13T00:00:00+08:00,0.9,synthetic,not_applicable,,team_generated,false,dev
EVT-S012-05,USER-S012,skill_practice,2024-12-17T16:00:00Z,SKILL-016,RES-0182,,2,completed,positive,progressing,low,完成技能练习并记录反思,1.2.0,synthetic,true,SRC-SYNTH,2026-09-13T00:00:00+08:00,0.9,synthetic,not_applicable,,team_generated,false,dev
EVT-S012-06,USER-S012,course_completed,2025-01-03T16:00:00Z,SKILL-043,RES-0163,,6,completed,positive,progressing,low,完成课程并提交学习总结,1.2.0,synthetic,true,SRC-SYNTH,2026-09-13T00:00:00+08:00,0.9,synthetic,not_applicable,,team_generated,false,dev
EVT-S012-07,USER-S012,project_started,2025-01-20T16:00:00Z,SKILL-046,RES-0166,,0,completed,neutral,active,low,启动实践项目并确认里程碑,1.2.0,synthetic,true,SRC-SYNTH,2026-09-13T00:00:00+08:00,0.9,synthetic,not_applicable,,team_generated,false,dev
EVT-S012-08,USER-S012,job_viewed,2025-02-06T16:00:00Z,,,JOB-DATA-0087,0,completed,neutral,active,low,查看目标岗位及能力要求,1.2.0,synthetic,true,SRC-SYNTH,2026-09-13T00:00:00+08:00,0.9,synthetic,not_applicable,,team_generated,false,dev
EVT-S012-09,USER-S012,feedback_submitted,2025-02-23T16:00:00Z,SKILL-010,,,0,completed,neutral,active,low,提交计划难度和推荐相关性反馈,1.2.0,synthetic,true,SRC-SYNTH,2026-09-13T00:00:00+08:00,0.9,synthetic,not_applicable,,team_generated,false,dev
EVT-S012-10,USER-S012,task_completed,2025-03-12T16:00:00Z,SKILL-013,RES-0553,,2,completed,positive,progressing,low,完成本周学习任务,1.2.0,synthetic,true,SRC-SYNTH,2026-09-13T00:00:00+08:00,0.9,synthetic,not_applicable,,team_generated,false,dev
EVT-S012-11,USER-S012,project_completed,2025-03-29T16:00:00Z,SKILL-016,RES-0076,,8,completed,positive,progressing,low,完成项目、说明文档和复盘,1.2.0,synthetic,true,SRC-SYNTH,2026-09-13T00:00:00+08:00,0.9,synthetic,not_applicable,,team_generated,false,dev
EVT-S012-12,USER-S012,profile_recalculated,2025-04-15T16:00:00Z,SKILL-043,,,0,completed,neutral,active,low,根据新证据重算画像与岗位匹配度,1.2.0,synthetic,true,SRC-SYNTH,2026-09-13T00:00:00+08:00,0.9,synthetic,not_applicable,,team_generated,false,dev
EVT-S012-13,USER-S012,job_saved,2025-05-02T16:00:00Z,,,JOB-DATA-0013,0,completed,neutral,active,low,收藏一个模拟目标岗位,1.2.0,synthetic,true,SRC-SYNTH,2026-09-13T00:00:00+08:00,0.9,synthetic,not_applicable,,team_generated,false,dev
EVT-S012-14,USER-S012,application_submitted,2025-05-19T16:00:00Z,,,JOB-DATA-0014,0,completed,neutral,active,low,向模拟岗位提交申请,1.2.0,synthetic,true,SRC-SYNTH,2026-09-13T00:00:00+08:00,0.9,synthetic,not_applicable,,team_generated,false,dev
EVT-S012-15,USER-S012,interview_result,2025-06-05T16:00:00Z,,,JOB-DATA-0015,0,completed,disappointed,active,low,记录模拟面试反馈,1.2.0,synthetic,true,SRC-SYNTH,2026-09-13T00:00:00+08:00,0.9,synthetic,not_applicable,,team_generated,false,dev
EVT-S012-16,USER-S012,plan_adjusted,2025-06-22T16:00:00Z,SKILL-013,,,0,completed,neutral,plan_rebalanced,low,根据时间和反馈调整学习计划,1.2.0,synthetic,true,SRC-SYNTH,2026-09-13T00:00:00+08:00,0.9,synthetic,not_applicable,,team_generated,false,dev
EVT-S012-17,USER-S012,skill_practice,2025-07-09T16:00:00Z,SKILL-016,RES-0542,,2,completed,positive,progressing,low,完成技能练习并记录反思,1.2.0,synthetic,true,SRC-SYNTH,2026-09-13T00:00:00+08:00,0.9,synthetic,not_applicable,,team_generated,false,dev
EVT-S012-18,USER-S012,inactivity,2025-07-26T16:00:00Z,SKILL-043,,,-4,attention_needed,frustrated,learning_stalled,medium,超过设定周期未产生学习证据，触发技能衰减,1.2.0,synthetic,true,SRC-SYNTH,2026-09-13T00:00:00+08:00,0.9,synthetic,not_applicable,,team_generated,false,dev
EVT-S012-19,USER-S012,reminder_response,2025-08-12T16:00:00Z,SKILL-046,,,0,completed,neutral,active,low,响应任务提醒并更新完成状态,1.2.0,synthetic,true,SRC-SYNTH,2026-09-13T00:00:00+08:00,0.9,synthetic,not_applicable,,team_generated,false,dev
EVT-S012-20,USER-S012,profile_recalculated,2025-08-29T16:00:00Z,SKILL-054,,,0,completed,neutral,active,low,根据新证据重算画像与岗位匹配度,1.2.0,synthetic,true,SRC-SYNTH,2026-09-13T00:00:00+08:00,0.9,synthetic,not_applicable,,team_generated,false,dev
EVT-S012-21,USER-S012,onboarding,2025-09-15T16:00:00Z,,,,0,completed,neutral,active,low,完成基础信息和学习约束录入,1.2.0,synthetic,true,SRC-SYNTH,2026-09-13T00:00:00+08:00,0.9,synthetic,not_applicable,,team_generated,false,dev
EVT-S012-22,USER-S012,skill_assessment,2025-10-02T16:00:00Z,SKILL-013,,,3,completed,positive,progressing,low,完成能力测评并生成可解释证据,1.2.0,synthetic,true,SRC-SYNTH,2026-09-13T00:00:00+08:00,0.9,synthetic,not_applicable,,team_generated,false,dev
EVT-S012-23,USER-S012,course_started,2025-10-19T16:00:00Z,SKILL-016,RES-0182,,0,completed,neutral,active,low,开始一项与目标能力相关的课程,1.2.0,synthetic,true,SRC-SYNTH,2026-09-13T00:00:00+08:00,0.9,synthetic,not_applicable,,team_generated,false,dev
EVT-S012-24,USER-S012,task_completed,2025-11-05T16:00:00Z,SKILL-043,RES-0163,,2,completed,positive,progressing,low,完成本周学习任务,1.2.0,synthetic,true,SRC-SYNTH,2026-09-13T00:00:00+08:00,0.9,synthetic,not_applicable,,team_generated,false,dev
EVT-S012-25,USER-S012,skill_practice,2025-11-22T16:00:00Z,SKILL-046,RES-0092,,2,completed,positive,progressing,low,完成技能练习并记录反思,1.2.0,synthetic,true,SRC-SYNTH,2026-09-13T00:00:00+08:00,0.9,synthetic,not_applicable,,team_generated,false,dev
EVT-S012-26,USER-S012,course_completed,2025-12-09T16:00:00Z,SKILL-054,RES-0167,,6,completed,positive,progressing,low,完成课程并提交学习总结,1.2.0,synthetic,true,SRC-SYNTH,2026-09-13T00:00:00+08:00,0.9,synthetic,not_applicable,,team_generated,false,dev
EVT-S012-27,USER-S012,project_started,2025-12-26T16:00:00Z,SKILL-010,RES-0190,,0,completed,neutral,active,low,启动实践项目并确认里程碑,1.2.0,synthetic,true,SRC-SYNTH,2026-09-13T00:00:00+08:00,0.9,synthetic,not_applicable,,team_generated,false,dev
EVT-S012-28,USER-S012,job_viewed,2026-01-12T16:00:00Z,,,JOB-DATA-0028,0,completed,neutral,active,low,查看目标岗位及能力要求,1.2.0,synthetic,true,SRC-SYNTH,2026-09-13T00:00:00+08:00,0.9,synthetic,not_applicable,,team_generated,false,dev
EVT-S012-29,USER-S012,feedback_submitted,2026-01-29T16:00:00Z,SKILL-016,,,0,completed,neutral,active,low,提交计划难度和推荐相关性反馈,1.2.0,synthetic,true,SRC-SYNTH,2026-09-13T00:00:00+08:00,0.9,synthetic,not_applicable,,team_generated,false,dev
EVT-S012-30,USER-S012,task_completed,2026-02-15T16:00:00Z,SKILL-043,RES-0449,,2,completed,positive,progressing,low,完成本周学习任务,1.2.0,synthetic,true,SRC-SYNTH,2026-09-13T00:00:00+08:00,0.9,synthetic,not_applicable,,team_generated,false,dev
EVT-S012-31,USER-S012,project_completed,2026-03-04T16:00:00Z,SKILL-046,RES-0010,,8,completed,positive,progressing,low,完成项目、说明文档和复盘,1.2.0,synthetic,true,SRC-SYNTH,2026-09-13T00:00:00+08:00,0.9,synthetic,not_applicable,,team_generated,false,dev
EVT-S012-32,USER-S012,profile_recalculated,2026-03-21T16:00:00Z,SKILL-054,,,0,completed,neutral,active,low,根据新证据重算画像与岗位匹配度,1.2.0,synthetic,true,SRC-SYNTH,2026-09-13T00:00:00+08:00,0.9,synthetic,not_applicable,,team_generated,false,dev
EVT-S012-33,USER-S012,job_saved,2026-04-07T16:00:00Z,,,JOB-DATA-0033,0,completed,neutral,active,low,收藏一个模拟目标岗位,1.2.0,synthetic,true,SRC-SYNTH,2026-09-13T00:00:00+08:00,0.9,synthetic,not_applicable,,team_generated,false,dev
EVT-S012-34,USER-S012,application_submitted,2026-04-24T16:00:00Z,,,JOB-DATA-0034,0,completed,neutral,active,low,向模拟岗位提交申请,1.2.0,synthetic,true,SRC-SYNTH,2026-09-13T00:00:00+08:00,0.9,synthetic,not_applicable,,team_generated,false,dev
EVT-S012-35,USER-S012,interview_result,2026-05-11T16:00:00Z,,,JOB-DATA-0035,0,completed,disappointed,active,low,记录模拟面试反馈,1.2.0,synthetic,true,SRC-SYNTH,2026-09-13T00:00:00+08:00,0.9,synthetic,not_applicable,,team_generated,false,dev
EVT-S012-36,USER-S012,plan_adjusted,2026-05-28T16:00:00Z,SKILL-043,,,0,completed,neutral,plan_rebalanced,low,根据时间和反馈调整学习计划,1.2.0,synthetic,true,SRC-SYNTH,2026-09-13T00:00:00+08:00,0.9,synthetic,not_applicable,,team_generated,false,dev
EVT-S012-37,USER-S012,skill_practice,2026-06-14T16:00:00Z,SKILL-046,RES-0452,,2,completed,positive,progressing,low,完成技能练习并记录反思,1.2.0,synthetic,true,SRC-SYNTH,2026-09-13T00:00:00+08:00,0.9,synthetic,not_applicable,,team_generated,false,dev
EVT-S012-38,USER-S012,inactivity,2026-07-01T16:00:00Z,SKILL-054,,,-4,attention_needed,frustrated,learning_stalled,medium,超过设定周期未产生学习证据，触发技能衰减,1.2.0,synthetic,true,SRC-SYNTH,2026-09-13T00:00:00+08:00,0.9,synthetic,not_applicable,,team_generated,false,dev
EVT-S012-39,USER-S012,reminder_response,2026-07-18T16:00:00Z,SKILL-010,,,0,completed,neutral,active,low,响应任务提醒并更新完成状态,1.2.0,synthetic,true,SRC-SYNTH,2026-09-13T00:00:00+08:00,0.9,synthetic,not_applicable,,team_generated,false,dev
EVT-S012-40,USER-S012,profile_recalculated,2026-08-04T16:00:00Z,SKILL-013,,,0,completed,neutral,active,low,根据新证据重算画像与岗位匹配度,1.2.0,synthetic,true,SRC-SYNTH,2026-09-13T00:00:00+08:00,0.9,synthetic,not_applicable,,team_generated,false,dev
EVT-S013-01,USER-S013,onboarding,2024-10-10T16:00:00Z,,,,0,completed,neutral,active,low,完成基础信息和学习约束录入,1.2.0,synthetic,true,SRC-SYNTH,2026-09-13T00:00:00+08:00,0.9,synthetic,not_applicable,,team_generated,false,dev
EVT-S013-02,USER-S013,skill_assessment,2024-10-27T16:00:00Z,SKILL-001,,,3,completed,positive,progressing,low,完成能力测评并生成可解释证据,1.2.0,synthetic,true,SRC-SYNTH,2026-09-13T00:00:00+08:00,0.9,synthetic,not_applicable,,team_generated,false,dev
EVT-S013-03,USER-S013,course_started,2024-11-13T16:00:00Z,SKILL-011,RES-0124,,0,completed,neutral,active,low,开始一项与目标能力相关的课程,1.2.0,synthetic,true,SRC-SYNTH,2026-09-13T00:00:00+08:00,0.9,synthetic,not_applicable,,team_generated,false,dev
EVT-S013-04,USER-S013,task_completed,2024-11-30T16:00:00Z,SKILL-019,RES-0004,,2,completed,positive,progressing,low,完成本周学习任务,1.2.0,synthetic,true,SRC-SYNTH,2026-09-13T00:00:00+08:00,0.9,synthetic,not_applicable,,team_generated,false,dev
EVT-S013-05,USER-S013,skill_practice,2024-12-17T16:00:00Z,SKILL-022,RES-0142,,2,completed,positive,progressing,low,完成技能练习并记录反思,1.2.0,synthetic,true,SRC-SYNTH,2026-09-13T00:00:00+08:00,0.9,synthetic,not_applicable,,team_generated,false,dev
EVT-S013-06,USER-S013,course_completed,2025-01-03T16:00:00Z,SKILL-025,RES-0018,,6,completed,positive,progressing,low,完成课程并提交学习总结,1.2.0,synthetic,true,SRC-SYNTH,2026-09-13T00:00:00+08:00,0.9,synthetic,not_applicable,,team_generated,false,dev
EVT-S013-07,USER-S013,project_started,2025-01-20T16:00:00Z,SKILL-048,RES-0168,,0,completed,neutral,active,low,启动实践项目并确认里程碑,1.2.0,synthetic,true,SRC-SYNTH,2026-09-13T00:00:00+08:00,0.9,synthetic,not_applicable,,team_generated,false,dev
EVT-S013-08,USER-S013,job_viewed,2025-02-06T16:00:00Z,,,JOB-AI-ALG-0087,0,completed,neutral,active,low,查看目标岗位及能力要求,1.2.0,synthetic,true,SRC-SYNTH,2026-09-13T00:00:00+08:00,0.9,synthetic,not_applicable,,team_generated,false,dev
EVT-S013-09,USER-S013,feedback_submitted,2025-02-23T16:00:00Z,SKILL-011,,,0,completed,neutral,active,low,提交计划难度和推荐相关性反馈,1.2.0,synthetic,true,SRC-SYNTH,2026-09-13T00:00:00+08:00,0.9,synthetic,not_applicable,,team_generated,false,dev
EVT-S013-10,USER-S013,task_completed,2025-03-12T16:00:00Z,SKILL-019,RES-0139,,2,completed,positive,progressing,low,完成本周学习任务,1.2.0,synthetic,true,SRC-SYNTH,2026-09-13T00:00:00+08:00,0.9,synthetic,not_applicable,,team_generated,false,dev
EVT-S013-11,USER-S013,project_completed,2025-03-29T16:00:00Z,SKILL-022,RES-0001,,8,completed,positive,progressing,low,完成项目、说明文档和复盘,1.2.0,synthetic,true,SRC-SYNTH,2026-09-13T00:00:00+08:00,0.9,synthetic,not_applicable,,team_generated,false,dev
EVT-S013-12,USER-S013,profile_recalculated,2025-04-15T16:00:00Z,SKILL-025,,,0,completed,neutral,active,low,根据新证据重算画像与岗位匹配度,1.2.0,synthetic,true,SRC-SYNTH,2026-09-13T00:00:00+08:00,0.9,synthetic,not_applicable,,team_generated,false,dev
EVT-S013-13,USER-S013,job_saved,2025-05-02T16:00:00Z,,,JOB-AI-ALG-0013,0,completed,neutral,active,low,收藏一个模拟目标岗位,1.2.0,synthetic,true,SRC-SYNTH,2026-09-13T00:00:00+08:00,0.9,synthetic,not_applicable,,team_generated,false,dev
EVT-S013-14,USER-S013,application_submitted,2025-05-19T16:00:00Z,,,JOB-AI-ALG-0014,0,completed,neutral,active,low,向模拟岗位提交申请,1.2.0,synthetic,true,SRC-SYNTH,2026-09-13T00:00:00+08:00,0.9,synthetic,not_applicable,,team_generated,false,dev
EVT-S013-15,USER-S013,interview_result,2025-06-05T16:00:00Z,,,JOB-AI-ALG-0015,0,completed,disappointed,active,low,记录模拟面试反馈,1.2.0,synthetic,true,SRC-SYNTH,2026-09-13T00:00:00+08:00,0.9,synthetic,not_applicable,,team_generated,false,dev
EVT-S013-16,USER-S013,plan_adjusted,2025-06-22T16:00:00Z,SKILL-019,,,0,completed,neutral,plan_rebalanced,low,根据时间和反馈调整学习计划,1.2.0,synthetic,true,SRC-SYNTH,2026-09-13T00:00:00+08:00,0.9,synthetic,not_applicable,,team_generated,false,dev
EVT-S013-17,USER-S013,skill_practice,2025-07-09T16:00:00Z,SKILL-022,RES-0442,,2,completed,positive,progressing,low,完成技能练习并记录反思,1.2.0,synthetic,true,SRC-SYNTH,2026-09-13T00:00:00+08:00,0.9,synthetic,not_applicable,,team_generated,false,dev
EVT-S013-18,USER-S013,inactivity,2025-07-26T16:00:00Z,SKILL-025,,,-4,attention_needed,frustrated,learning_stalled,medium,超过设定周期未产生学习证据，触发技能衰减,1.2.0,synthetic,true,SRC-SYNTH,2026-09-13T00:00:00+08:00,0.9,synthetic,not_applicable,,team_generated,false,dev
EVT-S013-19,USER-S013,reminder_response,2025-08-12T16:00:00Z,SKILL-048,,,0,completed,neutral,active,low,响应任务提醒并更新完成状态,1.2.0,synthetic,true,SRC-SYNTH,2026-09-13T00:00:00+08:00,0.9,synthetic,not_applicable,,team_generated,false,dev
EVT-S013-20,USER-S013,profile_recalculated,2025-08-29T16:00:00Z,SKILL-001,,,0,completed,neutral,active,low,根据新证据重算画像与岗位匹配度,1.2.0,synthetic,true,SRC-SYNTH,2026-09-13T00:00:00+08:00,0.9,synthetic,not_applicable,,team_generated,false,dev
EVT-S013-21,USER-S013,onboarding,2025-09-15T16:00:00Z,,,,0,completed,neutral,active,low,完成基础信息和学习约束录入,1.2.0,synthetic,true,SRC-SYNTH,2026-09-13T00:00:00+08:00,0.9,synthetic,not_applicable,,team_generated,false,dev
EVT-S013-22,USER-S013,skill_assessment,2025-10-02T16:00:00Z,SKILL-019,,,3,completed,positive,progressing,low,完成能力测评并生成可解释证据,1.2.0,synthetic,true,SRC-SYNTH,2026-09-13T00:00:00+08:00,0.9,synthetic,not_applicable,,team_generated,false,dev
EVT-S013-23,USER-S013,course_started,2025-10-19T16:00:00Z,SKILL-022,RES-0002,,0,completed,neutral,active,low,开始一项与目标能力相关的课程,1.2.0,synthetic,true,SRC-SYNTH,2026-09-13T00:00:00+08:00,0.9,synthetic,not_applicable,,team_generated,false,dev
EVT-S013-24,USER-S013,task_completed,2025-11-05T16:00:00Z,SKILL-025,RES-0431,,2,completed,positive,progressing,low,完成本周学习任务,1.2.0,synthetic,true,SRC-SYNTH,2026-09-13T00:00:00+08:00,0.9,synthetic,not_applicable,,team_generated,false,dev
EVT-S013-25,USER-S013,skill_practice,2025-11-22T16:00:00Z,SKILL-048,RES-0041,,2,completed,positive,progressing,low,完成技能练习并记录反思,1.2.0,synthetic,true,SRC-SYNTH,2026-09-13T00:00:00+08:00,0.9,synthetic,not_applicable,,team_generated,false,dev
EVT-S013-26,USER-S013,course_completed,2025-12-09T16:00:00Z,SKILL-001,RES-0121,,6,completed,positive,progressing,low,完成课程并提交学习总结,1.2.0,synthetic,true,SRC-SYNTH,2026-09-13T00:00:00+08:00,0.9,synthetic,not_applicable,,team_generated,false,dev
EVT-S013-27,USER-S013,project_started,2025-12-26T16:00:00Z,SKILL-011,RES-0551,,0,completed,neutral,active,low,启动实践项目并确认里程碑,1.2.0,synthetic,true,SRC-SYNTH,2026-09-13T00:00:00+08:00,0.9,synthetic,not_applicable,,team_generated,false,dev
EVT-S013-28,USER-S013,job_viewed,2026-01-12T16:00:00Z,,,JOB-AI-ALG-0028,0,completed,neutral,active,low,查看目标岗位及能力要求,1.2.0,synthetic,true,SRC-SYNTH,2026-09-13T00:00:00+08:00,0.9,synthetic,not_applicable,,team_generated,false,dev
EVT-S013-29,USER-S013,feedback_submitted,2026-01-29T16:00:00Z,SKILL-022,,,0,completed,neutral,active,low,提交计划难度和推荐相关性反馈,1.2.0,synthetic,true,SRC-SYNTH,2026-09-13T00:00:00+08:00,0.9,synthetic,not_applicable,,team_generated,false,dev
EVT-S013-30,USER-S013,task_completed,2026-02-15T16:00:00Z,SKILL-025,RES-0006,,2,completed,positive,progressing,low,完成本周学习任务,1.2.0,synthetic,true,SRC-SYNTH,2026-09-13T00:00:00+08:00,0.9,synthetic,not_applicable,,team_generated,false,dev
EVT-S013-31,USER-S013,project_completed,2026-03-04T16:00:00Z,SKILL-048,RES-0161,,8,completed,positive,progressing,low,完成项目、说明文档和复盘,1.2.0,synthetic,true,SRC-SYNTH,2026-09-13T00:00:00+08:00,0.9,synthetic,not_applicable,,team_generated,false,dev
EVT-S013-32,USER-S013,profile_recalculated,2026-03-21T16:00:00Z,SKILL-001,,,0,completed,neutral,active,low,根据新证据重算画像与岗位匹配度,1.2.0,synthetic,true,SRC-SYNTH,2026-09-13T00:00:00+08:00,0.9,synthetic,not_applicable,,team_generated,false,dev
EVT-S013-33,USER-S013,job_saved,2026-04-07T16:00:00Z,,,JOB-AI-ALG-0033,0,completed,neutral,active,low,收藏一个模拟目标岗位,1.2.0,synthetic,true,SRC-SYNTH,2026-09-13T00:00:00+08:00,0.9,synthetic,not_applicable,,team_generated,false,dev
EVT-S013-34,USER-S013,application_submitted,2026-04-24T16:00:00Z,,,JOB-AI-ALG-0034,0,completed,neutral,active,low,向模拟岗位提交申请,1.2.0,synthetic,true,SRC-SYNTH,2026-09-13T00:00:00+08:00,0.9,synthetic,not_applicable,,team_generated,false,dev
EVT-S013-35,USER-S013,interview_result,2026-05-11T16:00:00Z,,,JOB-AI-ALG-0035,0,completed,disappointed,active,low,记录模拟面试反馈,1.2.0,synthetic,true,SRC-SYNTH,2026-09-13T00:00:00+08:00,0.9,synthetic,not_applicable,,team_generated,false,dev
EVT-S013-36,USER-S013,plan_adjusted,2026-05-28T16:00:00Z,SKILL-025,,,0,completed,neutral,plan_rebalanced,low,根据时间和反馈调整学习计划,1.2.0,synthetic,true,SRC-SYNTH,2026-09-13T00:00:00+08:00,0.9,synthetic,not_applicable,,team_generated,false,dev
EVT-S013-37,USER-S013,skill_practice,2026-06-14T16:00:00Z,SKILL-048,RES-0041,,2,completed,positive,progressing,low,完成技能练习并记录反思,1.2.0,synthetic,true,SRC-SYNTH,2026-09-13T00:00:00+08:00,0.9,synthetic,not_applicable,,team_generated,false,dev
EVT-S013-38,USER-S013,inactivity,2026-07-01T16:00:00Z,SKILL-001,,,-4,attention_needed,frustrated,learning_stalled,medium,超过设定周期未产生学习证据，触发技能衰减,1.2.0,synthetic,true,SRC-SYNTH,2026-09-13T00:00:00+08:00,0.9,synthetic,not_applicable,,team_generated,false,dev
EVT-S013-39,USER-S013,reminder_response,2026-07-18T16:00:00Z,SKILL-011,,,0,completed,neutral,active,low,响应任务提醒并更新完成状态,1.2.0,synthetic,true,SRC-SYNTH,2026-09-13T00:00:00+08:00,0.9,synthetic,not_applicable,,team_generated,false,dev
EVT-S013-40,USER-S013,profile_recalculated,2026-08-04T16:00:00Z,SKILL-019,,,0,completed,neutral,active,low,根据新证据重算画像与岗位匹配度,1.2.0,synthetic,true,SRC-SYNTH,2026-09-13T00:00:00+08:00,0.9,synthetic,not_applicable,,team_generated,false,dev
EVT-S014-01,USER-S014,onboarding,2024-10-10T16:00:00Z,,,,0,completed,neutral,active,low,完成基础信息和学习约束录入,1.2.0,synthetic,true,SRC-SYNTH,2026-09-13T00:00:00+08:00,0.9,synthetic,not_applicable,,team_generated,false,dev
EVT-S014-02,USER-S014,skill_assessment,2024-10-27T16:00:00Z,SKILL-007,,,3,completed,positive,progressing,low,完成能力测评并生成可解释证据,1.2.0,synthetic,true,SRC-SYNTH,2026-09-13T00:00:00+08:00,0.9,synthetic,not_applicable,,team_generated,false,dev
EVT-S014-03,USER-S014,course_started,2024-11-13T16:00:00Z,SKILL-025,RES-0008,,0,completed,neutral,active,low,开始一项与目标能力相关的课程,1.2.0,synthetic,true,SRC-SYNTH,2026-09-13T00:00:00+08:00,0.9,synthetic,not_applicable,,team_generated,false,dev
EVT-S014-04,USER-S014,task_completed,2024-11-30T16:00:00Z,SKILL-028,RES-0134,,2,completed,positive,progressing,low,完成本周学习任务,1.2.0,synthetic,true,SRC-SYNTH,2026-09-13T00:00:00+08:00,0.9,synthetic,not_applicable,,team_generated,false,dev
EVT-S014-05,USER-S014,skill_practice,2024-12-17T16:00:00Z,SKILL-034,RES-0154,,2,completed,positive,progressing,low,完成技能练习并记录反思,1.2.0,synthetic,true,SRC-SYNTH,2026-09-13T00:00:00+08:00,0.9,synthetic,not_applicable,,team_generated,false,dev
EVT-S014-06,USER-S014,course_completed,2025-01-03T16:00:00Z,SKILL-037,RES-0157,,6,completed,positive,progressing,low,完成课程并提交学习总结,1.2.0,synthetic,true,SRC-SYNTH,2026-09-13T00:00:00+08:00,0.9,synthetic,not_applicable,,team_generated,false,dev
EVT-S014-07,USER-S014,project_started,2025-01-20T16:00:00Z,SKILL-043,RES-0043,,0,completed,neutral,active,low,启动实践项目并确认里程碑,1.2.0,synthetic,true,SRC-SYNTH,2026-09-13T00:00:00+08:00,0.9,synthetic,not_applicable,,team_generated,false,dev
EVT-S014-08,USER-S014,job_viewed,2025-02-06T16:00:00Z,,,JOB-AI-APP-0087,0,completed,neutral,active,low,查看目标岗位及能力要求,1.2.0,synthetic,true,SRC-SYNTH,2026-09-13T00:00:00+08:00,0.9,synthetic,not_applicable,,team_generated,false,dev
EVT-S014-09,USER-S014,feedback_submitted,2025-02-23T16:00:00Z,SKILL-025,,,0,completed,neutral,active,low,提交计划难度和推荐相关性反馈,1.2.0,synthetic,true,SRC-SYNTH,2026-09-13T00:00:00+08:00,0.9,synthetic,not_applicable,,team_generated,false,dev
EVT-S014-10,USER-S014,task_completed,2025-03-12T16:00:00Z,SKILL-028,RES-0314,,2,completed,positive,progressing,low,完成本周学习任务,1.2.0,synthetic,true,SRC-SYNTH,2026-09-13T00:00:00+08:00,0.9,synthetic,not_applicable,,team_generated,false,dev
EVT-S014-11,USER-S014,project_completed,2025-03-29T16:00:00Z,SKILL-034,RES-0034,,8,completed,positive,progressing,low,完成项目、说明文档和复盘,1.2.0,synthetic,true,SRC-SYNTH,2026-09-13T00:00:00+08:00,0.9,synthetic,not_applicable,,team_generated,false,dev
EVT-S014-12,USER-S014,profile_recalculated,2025-04-15T16:00:00Z,SKILL-037,,,0,completed,neutral,active,low,根据新证据重算画像与岗位匹配度,1.2.0,synthetic,true,SRC-SYNTH,2026-09-13T00:00:00+08:00,0.9,synthetic,not_applicable,,team_generated,false,dev
EVT-S014-13,USER-S014,job_saved,2025-05-02T16:00:00Z,,,JOB-AI-APP-0013,0,completed,neutral,active,low,收藏一个模拟目标岗位,1.2.0,synthetic,true,SRC-SYNTH,2026-09-13T00:00:00+08:00,0.9,synthetic,not_applicable,,team_generated,false,dev
EVT-S014-14,USER-S014,application_submitted,2025-05-19T16:00:00Z,,,JOB-AI-APP-0014,0,completed,neutral,active,low,向模拟岗位提交申请,1.2.0,synthetic,true,SRC-SYNTH,2026-09-13T00:00:00+08:00,0.9,synthetic,not_applicable,,team_generated,false,dev
EVT-S014-15,USER-S014,interview_result,2025-06-05T16:00:00Z,,,JOB-AI-APP-0015,0,completed,disappointed,active,low,记录模拟面试反馈,1.2.0,synthetic,true,SRC-SYNTH,2026-09-13T00:00:00+08:00,0.9,synthetic,not_applicable,,team_generated,false,dev
EVT-S014-16,USER-S014,plan_adjusted,2025-06-22T16:00:00Z,SKILL-028,,,0,completed,neutral,plan_rebalanced,low,根据时间和反馈调整学习计划,1.2.0,synthetic,true,SRC-SYNTH,2026-09-13T00:00:00+08:00,0.9,synthetic,not_applicable,,team_generated,false,dev
EVT-S014-17,USER-S014,skill_practice,2025-07-09T16:00:00Z,SKILL-034,RES-0140,,2,completed,positive,progressing,low,完成技能练习并记录反思,1.2.0,synthetic,true,SRC-SYNTH,2026-09-13T00:00:00+08:00,0.9,synthetic,not_applicable,,team_generated,false,dev
EVT-S014-18,USER-S014,inactivity,2025-07-26T16:00:00Z,SKILL-037,,,-4,attention_needed,frustrated,learning_stalled,medium,超过设定周期未产生学习证据，触发技能衰减,1.2.0,synthetic,true,SRC-SYNTH,2026-09-13T00:00:00+08:00,0.9,synthetic,not_applicable,,team_generated,false,dev
EVT-S014-19,USER-S014,reminder_response,2025-08-12T16:00:00Z,SKILL-043,,,0,completed,neutral,active,low,响应任务提醒并更新完成状态,1.2.0,synthetic,true,SRC-SYNTH,2026-09-13T00:00:00+08:00,0.9,synthetic,not_applicable,,team_generated,false,dev
EVT-S014-20,USER-S014,profile_recalculated,2025-08-29T16:00:00Z,SKILL-007,,,0,completed,neutral,active,low,根据新证据重算画像与岗位匹配度,1.2.0,synthetic,true,SRC-SYNTH,2026-09-13T00:00:00+08:00,0.9,synthetic,not_applicable,,team_generated,false,dev
EVT-S014-21,USER-S014,onboarding,2025-09-15T16:00:00Z,,,,0,completed,neutral,active,low,完成基础信息和学习约束录入,1.2.0,synthetic,true,SRC-SYNTH,2026-09-13T00:00:00+08:00,0.9,synthetic,not_applicable,,team_generated,false,dev
EVT-S014-22,USER-S014,skill_assessment,2025-10-02T16:00:00Z,SKILL-028,,,3,completed,positive,progressing,low,完成能力测评并生成可解释证据,1.2.0,synthetic,true,SRC-SYNTH,2026-09-13T00:00:00+08:00,0.9,synthetic,not_applicable,,team_generated,false,dev
EVT-S014-23,USER-S014,course_started,2025-10-19T16:00:00Z,SKILL-034,RES-0140,,0,completed,neutral,active,low,开始一项与目标能力相关的课程,1.2.0,synthetic,true,SRC-SYNTH,2026-09-13T00:00:00+08:00,0.9,synthetic,not_applicable,,team_generated,false,dev
EVT-S014-24,USER-S014,task_completed,2025-11-05T16:00:00Z,SKILL-037,RES-0143,,2,completed,positive,progressing,low,完成本周学习任务,1.2.0,synthetic,true,SRC-SYNTH,2026-09-13T00:00:00+08:00,0.9,synthetic,not_applicable,,team_generated,false,dev
EVT-S014-25,USER-S014,skill_practice,2025-11-22T16:00:00Z,SKILL-043,RES-0149,,2,completed,positive,progressing,low,完成技能练习并记录反思,1.2.0,synthetic,true,SRC-SYNTH,2026-09-13T00:00:00+08:00,0.9,synthetic,not_applicable,,team_generated,false,dev
EVT-S014-26,USER-S014,course_completed,2025-12-09T16:00:00Z,SKILL-007,RES-0127,,6,completed,positive,progressing,low,完成课程并提交学习总结,1.2.0,synthetic,true,SRC-SYNTH,2026-09-13T00:00:00+08:00,0.9,synthetic,not_applicable,,team_generated,false,dev
EVT-S014-27,USER-S014,project_started,2025-12-26T16:00:00Z,SKILL-025,RES-0445,,0,completed,neutral,active,low,启动实践项目并确认里程碑,1.2.0,synthetic,true,SRC-SYNTH,2026-09-13T00:00:00+08:00,0.9,synthetic,not_applicable,,team_generated,false,dev
EVT-S014-28,USER-S014,job_viewed,2026-01-12T16:00:00Z,,,JOB-AI-APP-0028,0,completed,neutral,active,low,查看目标岗位及能力要求,1.2.0,synthetic,true,SRC-SYNTH,2026-09-13T00:00:00+08:00,0.9,synthetic,not_applicable,,team_generated,false,dev
EVT-S014-29,USER-S014,feedback_submitted,2026-01-29T16:00:00Z,SKILL-034,,,0,completed,neutral,active,low,提交计划难度和推荐相关性反馈,1.2.0,synthetic,true,SRC-SYNTH,2026-09-13T00:00:00+08:00,0.9,synthetic,not_applicable,,team_generated,false,dev
EVT-S014-30,USER-S014,task_completed,2026-02-15T16:00:00Z,SKILL-037,RES-0277,,2,completed,positive,progressing,low,完成本周学习任务,1.2.0,synthetic,true,SRC-SYNTH,2026-09-13T00:00:00+08:00,0.9,synthetic,not_applicable,,team_generated,false,dev
EVT-S014-31,USER-S014,project_completed,2026-03-04T16:00:00Z,SKILL-043,RES-0029,,8,completed,positive,progressing,low,完成项目、说明文档和复盘,1.2.0,synthetic,true,SRC-SYNTH,2026-09-13T00:00:00+08:00,0.9,synthetic,not_applicable,,team_generated,false,dev
EVT-S014-32,USER-S014,profile_recalculated,2026-03-21T16:00:00Z,SKILL-007,,,0,completed,neutral,active,low,根据新证据重算画像与岗位匹配度,1.2.0,synthetic,true,SRC-SYNTH,2026-09-13T00:00:00+08:00,0.9,synthetic,not_applicable,,team_generated,false,dev
EVT-S014-33,USER-S014,job_saved,2026-04-07T16:00:00Z,,,JOB-AI-APP-0033,0,completed,neutral,active,low,收藏一个模拟目标岗位,1.2.0,synthetic,true,SRC-SYNTH,2026-09-13T00:00:00+08:00,0.9,synthetic,not_applicable,,team_generated,false,dev
EVT-S014-34,USER-S014,application_submitted,2026-04-24T16:00:00Z,,,JOB-AI-APP-0034,0,completed,neutral,active,low,向模拟岗位提交申请,1.2.0,synthetic,true,SRC-SYNTH,2026-09-13T00:00:00+08:00,0.9,synthetic,not_applicable,,team_generated,false,dev
EVT-S014-35,USER-S014,interview_result,2026-05-11T16:00:00Z,,,JOB-AI-APP-0035,0,completed,disappointed,active,low,记录模拟面试反馈,1.2.0,synthetic,true,SRC-SYNTH,2026-09-13T00:00:00+08:00,0.9,synthetic,not_applicable,,team_generated,false,dev
EVT-S014-36,USER-S014,plan_adjusted,2026-05-28T16:00:00Z,SKILL-037,,,0,completed,neutral,plan_rebalanced,low,根据时间和反馈调整学习计划,1.2.0,synthetic,true,SRC-SYNTH,2026-09-13T00:00:00+08:00,0.9,synthetic,not_applicable,,team_generated,false,dev
EVT-S014-37,USER-S014,skill_practice,2026-06-14T16:00:00Z,SKILL-043,RES-0043,,2,completed,positive,progressing,low,完成技能练习并记录反思,1.2.0,synthetic,true,SRC-SYNTH,2026-09-13T00:00:00+08:00,0.9,synthetic,not_applicable,,team_generated,false,dev
EVT-S014-38,USER-S014,inactivity,2026-07-01T16:00:00Z,SKILL-007,,,-4,attention_needed,frustrated,learning_stalled,medium,超过设定周期未产生学习证据，触发技能衰减,1.2.0,synthetic,true,SRC-SYNTH,2026-09-13T00:00:00+08:00,0.9,synthetic,not_applicable,,team_generated,false,dev
EVT-S014-39,USER-S014,reminder_response,2026-07-18T16:00:00Z,SKILL-025,,,0,completed,neutral,active,low,响应任务提醒并更新完成状态,1.2.0,synthetic,true,SRC-SYNTH,2026-09-13T00:00:00+08:00,0.9,synthetic,not_applicable,,team_generated,false,dev
EVT-S014-40,USER-S014,profile_recalculated,2026-08-04T16:00:00Z,SKILL-028,,,0,completed,neutral,active,low,根据新证据重算画像与岗位匹配度,1.2.0,synthetic,true,SRC-SYNTH,2026-09-13T00:00:00+08:00,0.9,synthetic,not_applicable,,team_generated,false,dev
EVT-S015-01,USER-S015,onboarding,2024-10-10T16:00:00Z,,,,0,completed,neutral,active,low,完成基础信息和学习约束录入,1.2.0,synthetic,true,SRC-SYNTH,2026-09-13T00:00:00+08:00,0.9,synthetic,not_applicable,,team_generated,false,dev
EVT-S015-02,USER-S015,skill_assessment,2024-10-27T16:00:00Z,SKILL-010,,,3,completed,positive,progressing,low,完成能力测评并生成可解释证据,1.2.0,synthetic,true,SRC-SYNTH,2026-09-13T00:00:00+08:00,0.9,synthetic,not_applicable,,team_generated,false,dev
EVT-S015-03,USER-S015,course_started,2024-11-13T16:00:00Z,SKILL-013,RES-0193,,0,completed,neutral,active,low,开始一项与目标能力相关的课程,1.2.0,synthetic,true,SRC-SYNTH,2026-09-13T00:00:00+08:00,0.9,synthetic,not_applicable,,team_generated,false,dev
EVT-S015-04,USER-S015,task_completed,2024-11-30T16:00:00Z,SKILL-016,RES-0136,,2,completed,positive,progressing,low,完成本周学习任务,1.2.0,synthetic,true,SRC-SYNTH,2026-09-13T00:00:00+08:00,0.9,synthetic,not_applicable,,team_generated,false,dev
EVT-S015-05,USER-S015,skill_practice,2024-12-17T16:00:00Z,SKILL-043,RES-0149,,2,completed,positive,progressing,low,完成技能练习并记录反思,1.2.0,synthetic,true,SRC-SYNTH,2026-09-13T00:00:00+08:00,0.9,synthetic,not_applicable,,team_generated,false,dev
EVT-S015-06,USER-S015,course_completed,2025-01-03T16:00:00Z,SKILL-046,RES-0152,,6,completed,positive,progressing,low,完成课程并提交学习总结,1.2.0,synthetic,true,SRC-SYNTH,2026-09-13T00:00:00+08:00,0.9,synthetic,not_applicable,,team_generated,false,dev
EVT-S015-07,USER-S015,project_started,2025-01-20T16:00:00Z,SKILL-054,RES-0174,,0,completed,neutral,active,low,启动实践项目并确认里程碑,1.2.0,synthetic,true,SRC-SYNTH,2026-09-13T00:00:00+08:00,0.9,synthetic,not_applicable,,team_generated,false,dev
EVT-S015-08,USER-S015,job_viewed,2025-02-06T16:00:00Z,,,JOB-DATA-0087,0,completed,neutral,active,low,查看目标岗位及能力要求,1.2.0,synthetic,true,SRC-SYNTH,2026-09-13T00:00:00+08:00,0.9,synthetic,not_applicable,,team_generated,false,dev
EVT-S015-09,USER-S015,feedback_submitted,2025-02-23T16:00:00Z,SKILL-013,,,0,completed,neutral,active,low,提交计划难度和推荐相关性反馈,1.2.0,synthetic,true,SRC-SYNTH,2026-09-13T00:00:00+08:00,0.9,synthetic,not_applicable,,team_generated,false,dev
EVT-S015-10,USER-S015,task_completed,2025-03-12T16:00:00Z,SKILL-016,RES-0556,,2,completed,positive,progressing,low,完成本周学习任务,1.2.0,synthetic,true,SRC-SYNTH,2026-09-13T00:00:00+08:00,0.9,synthetic,not_applicable,,team_generated,false,dev
EVT-S015-11,USER-S015,project_completed,2025-03-29T16:00:00Z,SKILL-043,RES-0029,,8,completed,positive,progressing,low,完成项目、说明文档和复盘,1.2.0,synthetic,true,SRC-SYNTH,2026-09-13T00:00:00+08:00,0.9,synthetic,not_applicable,,team_generated,false,dev
EVT-S015-12,USER-S015,profile_recalculated,2025-04-15T16:00:00Z,SKILL-046,,,0,completed,neutral,active,low,根据新证据重算画像与岗位匹配度,1.2.0,synthetic,true,SRC-SYNTH,2026-09-13T00:00:00+08:00,0.9,synthetic,not_applicable,,team_generated,false,dev
EVT-S015-13,USER-S015,job_saved,2025-05-02T16:00:00Z,,,JOB-DATA-0013,0,completed,neutral,active,low,收藏一个模拟目标岗位,1.2.0,synthetic,true,SRC-SYNTH,2026-09-13T00:00:00+08:00,0.9,synthetic,not_applicable,,team_generated,false,dev
EVT-S015-14,USER-S015,application_submitted,2025-05-19T16:00:00Z,,,JOB-DATA-0014,0,completed,neutral,active,low,向模拟岗位提交申请,1.2.0,synthetic,true,SRC-SYNTH,2026-09-13T00:00:00+08:00,0.9,synthetic,not_applicable,,team_generated,false,dev
EVT-S015-15,USER-S015,interview_result,2025-06-05T16:00:00Z,,,JOB-DATA-0015,0,completed,disappointed,active,low,记录模拟面试反馈,1.2.0,synthetic,true,SRC-SYNTH,2026-09-13T00:00:00+08:00,0.9,synthetic,not_applicable,,team_generated,false,dev
EVT-S015-16,USER-S015,plan_adjusted,2025-06-22T16:00:00Z,SKILL-016,,,0,completed,neutral,plan_rebalanced,low,根据时间和反馈调整学习计划,1.2.0,synthetic,true,SRC-SYNTH,2026-09-13T00:00:00+08:00,0.9,synthetic,not_applicable,,team_generated,false,dev
EVT-S015-17,USER-S015,skill_practice,2025-07-09T16:00:00Z,SKILL-043,RES-0043,,2,completed,positive,progressing,low,完成技能练习并记录反思,1.2.0,synthetic,true,SRC-SYNTH,2026-09-13T00:00:00+08:00,0.9,synthetic,not_applicable,,team_generated,false,dev
EVT-S015-18,USER-S015,inactivity,2025-07-26T16:00:00Z,SKILL-046,,,-4,attention_needed,frustrated,learning_stalled,medium,超过设定周期未产生学习证据，触发技能衰减,1.2.0,synthetic,true,SRC-SYNTH,2026-09-13T00:00:00+08:00,0.9,synthetic,not_applicable,,team_generated,false,dev
EVT-S015-19,USER-S015,reminder_response,2025-08-12T16:00:00Z,SKILL-054,,,0,completed,neutral,active,low,响应任务提醒并更新完成状态,1.2.0,synthetic,true,SRC-SYNTH,2026-09-13T00:00:00+08:00,0.9,synthetic,not_applicable,,team_generated,false,dev
EVT-S015-20,USER-S015,profile_recalculated,2025-08-29T16:00:00Z,SKILL-010,,,0,completed,neutral,active,low,根据新证据重算画像与岗位匹配度,1.2.0,synthetic,true,SRC-SYNTH,2026-09-13T00:00:00+08:00,0.9,synthetic,not_applicable,,team_generated,false,dev
EVT-S015-21,USER-S015,onboarding,2025-09-15T16:00:00Z,,,,0,completed,neutral,active,low,完成基础信息和学习约束录入,1.2.0,synthetic,true,SRC-SYNTH,2026-09-13T00:00:00+08:00,0.9,synthetic,not_applicable,,team_generated,false,dev
EVT-S015-22,USER-S015,skill_assessment,2025-10-02T16:00:00Z,SKILL-016,,,3,completed,positive,progressing,low,完成能力测评并生成可解释证据,1.2.0,synthetic,true,SRC-SYNTH,2026-09-13T00:00:00+08:00,0.9,synthetic,not_applicable,,team_generated,false,dev
EVT-S015-23,USER-S015,course_started,2025-10-19T16:00:00Z,SKILL-043,RES-0149,,0,completed,neutral,active,low,开始一项与目标能力相关的课程,1.2.0,synthetic,true,SRC-SYNTH,2026-09-13T00:00:00+08:00,0.9,synthetic,not_applicable,,team_generated,false,dev
EVT-S015-24,USER-S015,task_completed,2025-11-05T16:00:00Z,SKILL-046,RES-0452,,2,completed,positive,progressing,low,完成本周学习任务,1.2.0,synthetic,true,SRC-SYNTH,2026-09-13T00:00:00+08:00,0.9,synthetic,not_applicable,,team_generated,false,dev
EVT-S015-25,USER-S015,skill_practice,2025-11-22T16:00:00Z,SKILL-054,RES-0005,,2,completed,positive,progressing,low,完成技能练习并记录反思,1.2.0,synthetic,true,SRC-SYNTH,2026-09-13T00:00:00+08:00,0.9,synthetic,not_applicable,,team_generated,false,dev
EVT-S015-26,USER-S015,course_completed,2025-12-09T16:00:00Z,SKILL-010,RES-0176,,6,completed,positive,progressing,low,完成课程并提交学习总结,1.2.0,synthetic,true,SRC-SYNTH,2026-09-13T00:00:00+08:00,0.9,synthetic,not_applicable,,team_generated,false,dev
EVT-S015-27,USER-S015,project_started,2025-12-26T16:00:00Z,SKILL-013,RES-0179,,0,completed,neutral,active,low,启动实践项目并确认里程碑,1.2.0,synthetic,true,SRC-SYNTH,2026-09-13T00:00:00+08:00,0.9,synthetic,not_applicable,,team_generated,false,dev
EVT-S015-28,USER-S015,job_viewed,2026-01-12T16:00:00Z,,,JOB-DATA-0028,0,completed,neutral,active,low,查看目标岗位及能力要求,1.2.0,synthetic,true,SRC-SYNTH,2026-09-13T00:00:00+08:00,0.9,synthetic,not_applicable,,team_generated,false,dev
EVT-S015-29,USER-S015,feedback_submitted,2026-01-29T16:00:00Z,SKILL-043,,,0,completed,neutral,active,low,提交计划难度和推荐相关性反馈,1.2.0,synthetic,true,SRC-SYNTH,2026-09-13T00:00:00+08:00,0.9,synthetic,not_applicable,,team_generated,false,dev
EVT-S015-30,USER-S015,task_completed,2026-02-15T16:00:00Z,SKILL-046,RES-0452,,2,completed,positive,progressing,low,完成本周学习任务,1.2.0,synthetic,true,SRC-SYNTH,2026-09-13T00:00:00+08:00,0.9,synthetic,not_applicable,,team_generated,false,dev
EVT-S015-31,USER-S015,project_completed,2026-03-04T16:00:00Z,SKILL-054,RES-0174,,8,completed,positive,progressing,low,完成项目、说明文档和复盘,1.2.0,synthetic,true,SRC-SYNTH,2026-09-13T00:00:00+08:00,0.9,synthetic,not_applicable,,team_generated,false,dev
EVT-S015-32,USER-S015,profile_recalculated,2026-03-21T16:00:00Z,SKILL-010,,,0,completed,neutral,active,low,根据新证据重算画像与岗位匹配度,1.2.0,synthetic,true,SRC-SYNTH,2026-09-13T00:00:00+08:00,0.9,synthetic,not_applicable,,team_generated,false,dev
EVT-S015-33,USER-S015,job_saved,2026-04-07T16:00:00Z,,,JOB-DATA-0033,0,completed,neutral,active,low,收藏一个模拟目标岗位,1.2.0,synthetic,true,SRC-SYNTH,2026-09-13T00:00:00+08:00,0.9,synthetic,not_applicable,,team_generated,false,dev
EVT-S015-34,USER-S015,application_submitted,2026-04-24T16:00:00Z,,,JOB-DATA-0034,0,completed,neutral,active,low,向模拟岗位提交申请,1.2.0,synthetic,true,SRC-SYNTH,2026-09-13T00:00:00+08:00,0.9,synthetic,not_applicable,,team_generated,false,dev
EVT-S015-35,USER-S015,interview_result,2026-05-11T16:00:00Z,,,JOB-DATA-0035,0,completed,disappointed,active,low,记录模拟面试反馈,1.2.0,synthetic,true,SRC-SYNTH,2026-09-13T00:00:00+08:00,0.9,synthetic,not_applicable,,team_generated,false,dev
EVT-S015-36,USER-S015,plan_adjusted,2026-05-28T16:00:00Z,SKILL-046,,,0,completed,neutral,plan_rebalanced,low,根据时间和反馈调整学习计划,1.2.0,synthetic,true,SRC-SYNTH,2026-09-13T00:00:00+08:00,0.9,synthetic,not_applicable,,team_generated,false,dev
EVT-S015-37,USER-S015,skill_practice,2026-06-14T16:00:00Z,SKILL-054,RES-0005,,2,completed,positive,progressing,low,完成技能练习并记录反思,1.2.0,synthetic,true,SRC-SYNTH,2026-09-13T00:00:00+08:00,0.9,synthetic,not_applicable,,team_generated,false,dev
EVT-S015-38,USER-S015,inactivity,2026-07-01T16:00:00Z,SKILL-010,,,-4,attention_needed,frustrated,learning_stalled,medium,超过设定周期未产生学习证据，触发技能衰减,1.2.0,synthetic,true,SRC-SYNTH,2026-09-13T00:00:00+08:00,0.9,synthetic,not_applicable,,team_generated,false,dev
EVT-S015-39,USER-S015,reminder_response,2026-07-18T16:00:00Z,SKILL-013,,,0,completed,neutral,active,low,响应任务提醒并更新完成状态,1.2.0,synthetic,true,SRC-SYNTH,2026-09-13T00:00:00+08:00,0.9,synthetic,not_applicable,,team_generated,false,dev
EVT-S015-40,USER-S015,profile_recalculated,2026-08-04T16:00:00Z,SKILL-016,,,0,completed,neutral,active,low,根据新证据重算画像与岗位匹配度,1.2.0,synthetic,true,SRC-SYNTH,2026-09-13T00:00:00+08:00,0.9,synthetic,not_applicable,,team_generated,false,dev
EVT-S016-01,USER-S016,onboarding,2024-10-10T16:00:00Z,,,,0,completed,neutral,active,low,完成基础信息和学习约束录入,1.2.0,synthetic,true,SRC-SYNTH,2026-09-13T00:00:00+08:00,0.9,synthetic,not_applicable,,team_generated,false,dev
EVT-S016-02,USER-S016,skill_assessment,2024-10-27T16:00:00Z,SKILL-011,,,3,completed,positive,progressing,low,完成能力测评并生成可解释证据,1.2.0,synthetic,true,SRC-SYNTH,2026-09-13T00:00:00+08:00,0.9,synthetic,not_applicable,,team_generated,false,dev
EVT-S016-03,USER-S016,course_started,2024-11-13T16:00:00Z,SKILL-019,RES-0003,,0,completed,neutral,active,low,开始一项与目标能力相关的课程,1.2.0,synthetic,true,SRC-SYNTH,2026-09-13T00:00:00+08:00,0.9,synthetic,not_applicable,,team_generated,false,dev
EVT-S016-04,USER-S016,task_completed,2024-11-30T16:00:00Z,SKILL-022,RES-0128,,2,completed,positive,progressing,low,完成本周学习任务,1.2.0,synthetic,true,SRC-SYNTH,2026-09-13T00:00:00+08:00,0.9,synthetic,not_applicable,,team_generated,false,dev
EVT-S016-05,USER-S016,skill_practice,2024-12-17T16:00:00Z,SKILL-025,RES-0011,,2,completed,positive,progressing,low,完成技能练习并记录反思,1.2.0,synthetic,true,SRC-SYNTH,2026-09-13T00:00:00+08:00,0.9,synthetic,not_applicable,,team_generated,false,dev
EVT-S016-06,USER-S016,course_completed,2025-01-03T16:00:00Z,SKILL-048,RES-0161,,6,completed,positive,progressing,low,完成课程并提交学习总结,1.2.0,synthetic,true,SRC-SYNTH,2026-09-13T00:00:00+08:00,0.9,synthetic,not_applicable,,team_generated,false,dev
EVT-S016-07,USER-S016,project_started,2025-01-20T16:00:00Z,SKILL-001,RES-0167,,0,completed,neutral,active,low,启动实践项目并确认里程碑,1.2.0,synthetic,true,SRC-SYNTH,2026-09-13T00:00:00+08:00,0.9,synthetic,not_applicable,,team_generated,false,dev
EVT-S016-08,USER-S016,job_viewed,2025-02-06T16:00:00Z,,,JOB-AI-ALG-0087,0,completed,neutral,active,low,查看目标岗位及能力要求,1.2.0,synthetic,true,SRC-SYNTH,2026-09-13T00:00:00+08:00,0.9,synthetic,not_applicable,,team_generated,false,dev
EVT-S016-09,USER-S016,feedback_submitted,2025-02-23T16:00:00Z,SKILL-019,,,0,completed,neutral,active,low,提交计划难度和推荐相关性反馈,1.2.0,synthetic,true,SRC-SYNTH,2026-09-13T00:00:00+08:00,0.9,synthetic,not_applicable,,team_generated,false,dev
EVT-S016-10,USER-S016,task_completed,2025-03-12T16:00:00Z,SKILL-022,RES-0548,,2,completed,positive,progressing,low,完成本周学习任务,1.2.0,synthetic,true,SRC-SYNTH,2026-09-13T00:00:00+08:00,0.9,synthetic,not_applicable,,team_generated,false,dev
EVT-S016-11,USER-S016,project_completed,2025-03-29T16:00:00Z,SKILL-025,RES-0025,,8,completed,positive,progressing,low,完成项目、说明文档和复盘,1.2.0,synthetic,true,SRC-SYNTH,2026-09-13T00:00:00+08:00,0.9,synthetic,not_applicable,,team_generated,false,dev
EVT-S016-12,USER-S016,profile_recalculated,2025-04-15T16:00:00Z,SKILL-048,,,0,completed,neutral,active,low,根据新证据重算画像与岗位匹配度,1.2.0,synthetic,true,SRC-SYNTH,2026-09-13T00:00:00+08:00,0.9,synthetic,not_applicable,,team_generated,false,dev
EVT-S016-13,USER-S016,job_saved,2025-05-02T16:00:00Z,,,JOB-AI-ALG-0013,0,completed,neutral,active,low,收藏一个模拟目标岗位,1.2.0,synthetic,true,SRC-SYNTH,2026-09-13T00:00:00+08:00,0.9,synthetic,not_applicable,,team_generated,false,dev
EVT-S016-14,USER-S016,application_submitted,2025-05-19T16:00:00Z,,,JOB-AI-ALG-0014,0,completed,neutral,active,low,向模拟岗位提交申请,1.2.0,synthetic,true,SRC-SYNTH,2026-09-13T00:00:00+08:00,0.9,synthetic,not_applicable,,team_generated,false,dev
EVT-S016-15,USER-S016,interview_result,2025-06-05T16:00:00Z,,,JOB-AI-ALG-0015,0,completed,disappointed,active,low,记录模拟面试反馈,1.2.0,synthetic,true,SRC-SYNTH,2026-09-13T00:00:00+08:00,0.9,synthetic,not_applicable,,team_generated,false,dev
EVT-S016-16,USER-S016,plan_adjusted,2025-06-22T16:00:00Z,SKILL-022,,,0,completed,neutral,plan_rebalanced,low,根据时间和反馈调整学习计划,1.2.0,synthetic,true,SRC-SYNTH,2026-09-13T00:00:00+08:00,0.9,synthetic,not_applicable,,team_generated,false,dev
EVT-S016-17,USER-S016,skill_practice,2025-07-09T16:00:00Z,SKILL-025,RES-0008,,2,completed,positive,progressing,low,完成技能练习并记录反思,1.2.0,synthetic,true,SRC-SYNTH,2026-09-13T00:00:00+08:00,0.9,synthetic,not_applicable,,team_generated,false,dev
EVT-S016-18,USER-S016,inactivity,2025-07-26T16:00:00Z,SKILL-048,,,-4,attention_needed,frustrated,learning_stalled,medium,超过设定周期未产生学习证据，触发技能衰减,1.2.0,synthetic,true,SRC-SYNTH,2026-09-13T00:00:00+08:00,0.9,synthetic,not_applicable,,team_generated,false,dev
EVT-S016-19,USER-S016,reminder_response,2025-08-12T16:00:00Z,SKILL-001,,,0,completed,neutral,active,low,响应任务提醒并更新完成状态,1.2.0,synthetic,true,SRC-SYNTH,2026-09-13T00:00:00+08:00,0.9,synthetic,not_applicable,,team_generated,false,dev
EVT-S016-20,USER-S016,profile_recalculated,2025-08-29T16:00:00Z,SKILL-011,,,0,completed,neutral,active,low,根据新证据重算画像与岗位匹配度,1.2.0,synthetic,true,SRC-SYNTH,2026-09-13T00:00:00+08:00,0.9,synthetic,not_applicable,,team_generated,false,dev
EVT-S016-21,USER-S016,onboarding,2025-09-15T16:00:00Z,,,,0,completed,neutral,active,low,完成基础信息和学习约束录入,1.2.0,synthetic,true,SRC-SYNTH,2026-09-13T00:00:00+08:00,0.9,synthetic,not_applicable,,team_generated,false,dev
EVT-S016-22,USER-S016,skill_assessment,2025-10-02T16:00:00Z,SKILL-022,,,3,completed,positive,progressing,low,完成能力测评并生成可解释证据,1.2.0,synthetic,true,SRC-SYNTH,2026-09-13T00:00:00+08:00,0.9,synthetic,not_applicable,,team_generated,false,dev
EVT-S016-23,USER-S016,course_started,2025-10-19T16:00:00Z,SKILL-025,RES-0131,,0,completed,neutral,active,low,开始一项与目标能力相关的课程,1.2.0,synthetic,true,SRC-SYNTH,2026-09-13T00:00:00+08:00,0.9,synthetic,not_applicable,,team_generated,false,dev
EVT-S016-24,USER-S016,task_completed,2025-11-05T16:00:00Z,SKILL-048,RES-0168,,2,completed,positive,progressing,low,完成本周学习任务,1.2.0,synthetic,true,SRC-SYNTH,2026-09-13T00:00:00+08:00,0.9,synthetic,not_applicable,,team_generated,false,dev
EVT-S016-25,USER-S016,skill_practice,2025-11-22T16:00:00Z,SKILL-001,RES-0181,,2,completed,positive,progressing,low,完成技能练习并记录反思,1.2.0,synthetic,true,SRC-SYNTH,2026-09-13T00:00:00+08:00,0.9,synthetic,not_applicable,,team_generated,false,dev
EVT-S016-26,USER-S016,course_completed,2025-12-09T16:00:00Z,SKILL-011,RES-0544,,6,completed,positive,progressing,low,完成课程并提交学习总结,1.2.0,synthetic,true,SRC-SYNTH,2026-09-13T00:00:00+08:00,0.9,synthetic,not_applicable,,team_generated,false,dev
EVT-S016-27,USER-S016,project_started,2025-12-26T16:00:00Z,SKILL-019,RES-0003,,0,completed,neutral,active,low,启动实践项目并确认里程碑,1.2.0,synthetic,true,SRC-SYNTH,2026-09-13T00:00:00+08:00,0.9,synthetic,not_applicable,,team_generated,false,dev
EVT-S016-28,USER-S016,job_viewed,2026-01-12T16:00:00Z,,,JOB-AI-ALG-0028,0,completed,neutral,active,low,查看目标岗位及能力要求,1.2.0,synthetic,true,SRC-SYNTH,2026-09-13T00:00:00+08:00,0.9,synthetic,not_applicable,,team_generated,false,dev
EVT-S016-29,USER-S016,feedback_submitted,2026-01-29T16:00:00Z,SKILL-025,,,0,completed,neutral,active,low,提交计划难度和推荐相关性反馈,1.2.0,synthetic,true,SRC-SYNTH,2026-09-13T00:00:00+08:00,0.9,synthetic,not_applicable,,team_generated,false,dev
EVT-S016-30,USER-S016,task_completed,2026-02-15T16:00:00Z,SKILL-048,RES-0108,,2,completed,positive,progressing,low,完成本周学习任务,1.2.0,synthetic,true,SRC-SYNTH,2026-09-13T00:00:00+08:00,0.9,synthetic,not_applicable,,team_generated,false,dev
EVT-S016-31,USER-S016,project_completed,2026-03-04T16:00:00Z,SKILL-001,RES-0121,,8,completed,positive,progressing,low,完成项目、说明文档和复盘,1.2.0,synthetic,true,SRC-SYNTH,2026-09-13T00:00:00+08:00,0.9,synthetic,not_applicable,,team_generated,false,dev
EVT-S016-32,USER-S016,profile_recalculated,2026-03-21T16:00:00Z,SKILL-011,,,0,completed,neutral,active,low,根据新证据重算画像与岗位匹配度,1.2.0,synthetic,true,SRC-SYNTH,2026-09-13T00:00:00+08:00,0.9,synthetic,not_applicable,,team_generated,false,dev
EVT-S016-33,USER-S016,job_saved,2026-04-07T16:00:00Z,,,JOB-AI-ALG-0033,0,completed,neutral,active,low,收藏一个模拟目标岗位,1.2.0,synthetic,true,SRC-SYNTH,2026-09-13T00:00:00+08:00,0.9,synthetic,not_applicable,,team_generated,false,dev
EVT-S016-34,USER-S016,application_submitted,2026-04-24T16:00:00Z,,,JOB-AI-ALG-0034,0,completed,neutral,active,low,向模拟岗位提交申请,1.2.0,synthetic,true,SRC-SYNTH,2026-09-13T00:00:00+08:00,0.9,synthetic,not_applicable,,team_generated,false,dev
EVT-S016-35,USER-S016,interview_result,2026-05-11T16:00:00Z,,,JOB-AI-ALG-0035,0,completed,disappointed,active,low,记录模拟面试反馈,1.2.0,synthetic,true,SRC-SYNTH,2026-09-13T00:00:00+08:00,0.9,synthetic,not_applicable,,team_generated,false,dev
EVT-S016-36,USER-S016,plan_adjusted,2026-05-28T16:00:00Z,SKILL-048,,,0,completed,neutral,plan_rebalanced,low,根据时间和反馈调整学习计划,1.2.0,synthetic,true,SRC-SYNTH,2026-09-13T00:00:00+08:00,0.9,synthetic,not_applicable,,team_generated,false,dev
EVT-S016-37,USER-S016,skill_practice,2026-06-14T16:00:00Z,SKILL-001,RES-0541,,2,completed,positive,progressing,low,完成技能练习并记录反思,1.2.0,synthetic,true,SRC-SYNTH,2026-09-13T00:00:00+08:00,0.9,synthetic,not_applicable,,team_generated,false,dev
EVT-S016-38,USER-S016,inactivity,2026-07-01T16:00:00Z,SKILL-011,,,-4,attention_needed,frustrated,learning_stalled,medium,超过设定周期未产生学习证据，触发技能衰减,1.2.0,synthetic,true,SRC-SYNTH,2026-09-13T00:00:00+08:00,0.9,synthetic,not_applicable,,team_generated,false,dev
EVT-S016-39,USER-S016,reminder_response,2026-07-18T16:00:00Z,SKILL-019,,,0,completed,neutral,active,low,响应任务提醒并更新完成状态,1.2.0,synthetic,true,SRC-SYNTH,2026-09-13T00:00:00+08:00,0.9,synthetic,not_applicable,,team_generated,false,dev
EVT-S016-40,USER-S016,profile_recalculated,2026-08-04T16:00:00Z,SKILL-022,,,0,completed,neutral,active,low,根据新证据重算画像与岗位匹配度,1.2.0,synthetic,true,SRC-SYNTH,2026-09-13T00:00:00+08:00,0.9,synthetic,not_applicable,,team_generated,false,dev
EVT-S017-01,USER-S017,onboarding,2024-10-10T16:00:00Z,,,,0,completed,neutral,active,low,完成基础信息和学习约束录入,1.2.0,synthetic,true,SRC-SYNTH,2026-09-13T00:00:00+08:00,0.9,synthetic,not_applicable,,team_generated,false,dev
EVT-S017-02,USER-S017,skill_assessment,2024-10-27T16:00:00Z,SKILL-025,,,3,completed,positive,progressing,low,完成能力测评并生成可解释证据,1.2.0,synthetic,true,SRC-SYNTH,2026-09-13T00:00:00+08:00,0.9,synthetic,not_applicable,,team_generated,false,dev
EVT-S017-03,USER-S017,course_started,2024-11-13T16:00:00Z,SKILL-028,RES-0148,,0,completed,neutral,active,low,开始一项与目标能力相关的课程,1.2.0,synthetic,true,SRC-SYNTH,2026-09-13T00:00:00+08:00,0.9,synthetic,not_applicable,,team_generated,false,dev
EVT-S017-04,USER-S017,task_completed,2024-11-30T16:00:00Z,SKILL-034,RES-0140,,2,completed,positive,progressing,low,完成本周学习任务,1.2.0,synthetic,true,SRC-SYNTH,2026-09-13T00:00:00+08:00,0.9,synthetic,not_applicable,,team_generated,false,dev
EVT-S017-05,USER-S017,skill_practice,2024-12-17T16:00:00Z,SKILL-037,RES-0143,,2,completed,positive,progressing,low,完成技能练习并记录反思,1.2.0,synthetic,true,SRC-SYNTH,2026-09-13T00:00:00+08:00,0.9,synthetic,not_applicable,,team_generated,false,dev
EVT-S017-06,USER-S017,course_completed,2025-01-03T16:00:00Z,SKILL-043,RES-0163,,6,completed,positive,progressing,low,完成课程并提交学习总结,1.2.0,synthetic,true,SRC-SYNTH,2026-09-13T00:00:00+08:00,0.9,synthetic,not_applicable,,team_generated,false,dev
EVT-S017-07,USER-S017,project_started,2025-01-20T16:00:00Z,SKILL-007,RES-0427,,0,completed,neutral,active,low,启动实践项目并确认里程碑,1.2.0,synthetic,true,SRC-SYNTH,2026-09-13T00:00:00+08:00,0.9,synthetic,not_applicable,,team_generated,false,dev
EVT-S017-08,USER-S017,job_viewed,2025-02-06T16:00:00Z,,,JOB-AI-APP-0087,0,completed,neutral,active,low,查看目标岗位及能力要求,1.2.0,synthetic,true,SRC-SYNTH,2026-09-13T00:00:00+08:00,0.9,synthetic,not_applicable,,team_generated,false,dev
EVT-S017-09,USER-S017,feedback_submitted,2025-02-23T16:00:00Z,SKILL-028,,,0,completed,neutral,active,low,提交计划难度和推荐相关性反馈,1.2.0,synthetic,true,SRC-SYNTH,2026-09-13T00:00:00+08:00,0.9,synthetic,not_applicable,,team_generated,false,dev
EVT-S017-10,USER-S017,task_completed,2025-03-12T16:00:00Z,SKILL-034,RES-0440,,2,completed,positive,progressing,low,完成本周学习任务,1.2.0,synthetic,true,SRC-SYNTH,2026-09-13T00:00:00+08:00,0.9,synthetic,not_applicable,,team_generated,false,dev
EVT-S017-11,USER-S017,project_completed,2025-03-29T16:00:00Z,SKILL-037,RES-0157,,8,completed,positive,progressing,low,完成项目、说明文档和复盘,1.2.0,synthetic,true,SRC-SYNTH,2026-09-13T00:00:00+08:00,0.9,synthetic,not_applicable,,team_generated,false,dev
EVT-S017-12,USER-S017,profile_recalculated,2025-04-15T16:00:00Z,SKILL-043,,,0,completed,neutral,active,low,根据新证据重算画像与岗位匹配度,1.2.0,synthetic,true,SRC-SYNTH,2026-09-13T00:00:00+08:00,0.9,synthetic,not_applicable,,team_generated,false,dev
EVT-S017-13,USER-S017,job_saved,2025-05-02T16:00:00Z,,,JOB-AI-APP-0013,0,completed,neutral,active,low,收藏一个模拟目标岗位,1.2.0,synthetic,true,SRC-SYNTH,2026-09-13T00:00:00+08:00,0.9,synthetic,not_applicable,,team_generated,false,dev
EVT-S017-14,USER-S017,application_submitted,2025-05-19T16:00:00Z,,,JOB-AI-APP-0014,0,completed,neutral,active,low,向模拟岗位提交申请,1.2.0,synthetic,true,SRC-SYNTH,2026-09-13T00:00:00+08:00,0.9,synthetic,not_applicable,,team_generated,false,dev
EVT-S017-15,USER-S017,interview_result,2025-06-05T16:00:00Z,,,JOB-AI-APP-0015,0,completed,disappointed,active,low,记录模拟面试反馈,1.2.0,synthetic,true,SRC-SYNTH,2026-09-13T00:00:00+08:00,0.9,synthetic,not_applicable,,team_generated,false,dev
EVT-S017-16,USER-S017,plan_adjusted,2025-06-22T16:00:00Z,SKILL-034,,,0,completed,neutral,plan_rebalanced,low,根据时间和反馈调整学习计划,1.2.0,synthetic,true,SRC-SYNTH,2026-09-13T00:00:00+08:00,0.9,synthetic,not_applicable,,team_generated,false,dev
EVT-S017-17,USER-S017,skill_practice,2025-07-09T16:00:00Z,SKILL-037,RES-0143,,2,completed,positive,progressing,low,完成技能练习并记录反思,1.2.0,synthetic,true,SRC-SYNTH,2026-09-13T00:00:00+08:00,0.9,synthetic,not_applicable,,team_generated,false,dev
EVT-S017-18,USER-S017,inactivity,2025-07-26T16:00:00Z,SKILL-043,,,-4,attention_needed,frustrated,learning_stalled,medium,超过设定周期未产生学习证据，触发技能衰减,1.2.0,synthetic,true,SRC-SYNTH,2026-09-13T00:00:00+08:00,0.9,synthetic,not_applicable,,team_generated,false,dev
EVT-S017-19,USER-S017,reminder_response,2025-08-12T16:00:00Z,SKILL-007,,,0,completed,neutral,active,low,响应任务提醒并更新完成状态,1.2.0,synthetic,true,SRC-SYNTH,2026-09-13T00:00:00+08:00,0.9,synthetic,not_applicable,,team_generated,false,dev
EVT-S017-20,USER-S017,profile_recalculated,2025-08-29T16:00:00Z,SKILL-025,,,0,completed,neutral,active,low,根据新证据重算画像与岗位匹配度,1.2.0,synthetic,true,SRC-SYNTH,2026-09-13T00:00:00+08:00,0.9,synthetic,not_applicable,,team_generated,false,dev
EVT-S017-21,USER-S017,onboarding,2025-09-15T16:00:00Z,,,,0,completed,neutral,active,low,完成基础信息和学习约束录入,1.2.0,synthetic,true,SRC-SYNTH,2026-09-13T00:00:00+08:00,0.9,synthetic,not_applicable,,team_generated,false,dev
EVT-S017-22,USER-S017,skill_assessment,2025-10-02T16:00:00Z,SKILL-034,,,3,completed,positive,progressing,low,完成能力测评并生成可解释证据,1.2.0,synthetic,true,SRC-SYNTH,2026-09-13T00:00:00+08:00,0.9,synthetic,not_applicable,,team_generated,false,dev
EVT-S017-23,USER-S017,course_started,2025-10-19T16:00:00Z,SKILL-037,RES-0037,,0,completed,neutral,active,low,开始一项与目标能力相关的课程,1.2.0,synthetic,true,SRC-SYNTH,2026-09-13T00:00:00+08:00,0.9,synthetic,not_applicable,,team_generated,false,dev
EVT-S017-24,USER-S017,task_completed,2025-11-05T16:00:00Z,SKILL-043,RES-0163,,2,completed,positive,progressing,low,完成本周学习任务,1.2.0,synthetic,true,SRC-SYNTH,2026-09-13T00:00:00+08:00,0.9,synthetic,not_applicable,,team_generated,false,dev
EVT-S017-25,USER-S017,skill_practice,2025-11-22T16:00:00Z,SKILL-007,RES-0187,,2,completed,positive,progressing,low,完成技能练习并记录反思,1.2.0,synthetic,true,SRC-SYNTH,2026-09-13T00:00:00+08:00,0.9,synthetic,not_applicable,,team_generated,false,dev
EVT-S017-26,USER-S017,course_completed,2025-12-09T16:00:00Z,SKILL-025,RES-0431,,6,completed,positive,progressing,low,完成课程并提交学习总结,1.2.0,synthetic,true,SRC-SYNTH,2026-09-13T00:00:00+08:00,0.9,synthetic,not_applicable,,team_generated,false,dev
EVT-S017-27,USER-S017,project_started,2025-12-26T16:00:00Z,SKILL-028,RES-0554,,0,completed,neutral,active,low,启动实践项目并确认里程碑,1.2.0,synthetic,true,SRC-SYNTH,2026-09-13T00:00:00+08:00,0.9,synthetic,not_applicable,,team_generated,false,dev
EVT-S017-28,USER-S017,job_viewed,2026-01-12T16:00:00Z,,,JOB-AI-APP-0028,0,completed,neutral,active,low,查看目标岗位及能力要求,1.2.0,synthetic,true,SRC-SYNTH,2026-09-13T00:00:00+08:00,0.9,synthetic,not_applicable,,team_generated,false,dev
EVT-S017-29,USER-S017,feedback_submitted,2026-01-29T16:00:00Z,SKILL-037,,,0,completed,neutral,active,low,提交计划难度和推荐相关性反馈,1.2.0,synthetic,true,SRC-SYNTH,2026-09-13T00:00:00+08:00,0.9,synthetic,not_applicable,,team_generated,false,dev
EVT-S017-30,USER-S017,task_completed,2026-02-15T16:00:00Z,SKILL-043,RES-0449,,2,completed,positive,progressing,low,完成本周学习任务,1.2.0,synthetic,true,SRC-SYNTH,2026-09-13T00:00:00+08:00,0.9,synthetic,not_applicable,,team_generated,false,dev
EVT-S017-31,USER-S017,project_completed,2026-03-04T16:00:00Z,SKILL-007,RES-0367,,8,completed,positive,progressing,low,完成项目、说明文档和复盘,1.2.0,synthetic,true,SRC-SYNTH,2026-09-13T00:00:00+08:00,0.9,synthetic,not_applicable,,team_generated,false,dev
EVT-S017-32,USER-S017,profile_recalculated,2026-03-21T16:00:00Z,SKILL-025,,,0,completed,neutral,active,low,根据新证据重算画像与岗位匹配度,1.2.0,synthetic,true,SRC-SYNTH,2026-09-13T00:00:00+08:00,0.9,synthetic,not_applicable,,team_generated,false,dev
EVT-S017-33,USER-S017,job_saved,2026-04-07T16:00:00Z,,,JOB-AI-APP-0033,0,completed,neutral,active,low,收藏一个模拟目标岗位,1.2.0,synthetic,true,SRC-SYNTH,2026-09-13T00:00:00+08:00,0.9,synthetic,not_applicable,,team_generated,false,dev
EVT-S017-34,USER-S017,application_submitted,2026-04-24T16:00:00Z,,,JOB-AI-APP-0034,0,completed,neutral,active,low,向模拟岗位提交申请,1.2.0,synthetic,true,SRC-SYNTH,2026-09-13T00:00:00+08:00,0.9,synthetic,not_applicable,,team_generated,false,dev
EVT-S017-35,USER-S017,interview_result,2026-05-11T16:00:00Z,,,JOB-AI-APP-0035,0,completed,disappointed,active,low,记录模拟面试反馈,1.2.0,synthetic,true,SRC-SYNTH,2026-09-13T00:00:00+08:00,0.9,synthetic,not_applicable,,team_generated,false,dev
EVT-S017-36,USER-S017,plan_adjusted,2026-05-28T16:00:00Z,SKILL-043,,,0,completed,neutral,plan_rebalanced,low,根据时间和反馈调整学习计划,1.2.0,synthetic,true,SRC-SYNTH,2026-09-13T00:00:00+08:00,0.9,synthetic,not_applicable,,team_generated,false,dev
EVT-S017-37,USER-S017,skill_practice,2026-06-14T16:00:00Z,SKILL-007,RES-0547,,2,completed,positive,progressing,low,完成技能练习并记录反思,1.2.0,synthetic,true,SRC-SYNTH,2026-09-13T00:00:00+08:00,0.9,synthetic,not_applicable,,team_generated,false,dev
EVT-S017-38,USER-S017,inactivity,2026-07-01T16:00:00Z,SKILL-025,,,-4,attention_needed,frustrated,learning_stalled,medium,超过设定周期未产生学习证据，触发技能衰减,1.2.0,synthetic,true,SRC-SYNTH,2026-09-13T00:00:00+08:00,0.9,synthetic,not_applicable,,team_generated,false,dev
EVT-S017-39,USER-S017,reminder_response,2026-07-18T16:00:00Z,SKILL-028,,,0,completed,neutral,active,low,响应任务提醒并更新完成状态,1.2.0,synthetic,true,SRC-SYNTH,2026-09-13T00:00:00+08:00,0.9,synthetic,not_applicable,,team_generated,false,dev
EVT-S017-40,USER-S017,profile_recalculated,2026-08-04T16:00:00Z,SKILL-034,,,0,completed,neutral,active,low,根据新证据重算画像与岗位匹配度,1.2.0,synthetic,true,SRC-SYNTH,2026-09-13T00:00:00+08:00,0.9,synthetic,not_applicable,,team_generated,false,dev
EVT-S018-01,USER-S018,onboarding,2024-10-10T16:00:00Z,,,,0,completed,neutral,active,low,完成基础信息和学习约束录入,1.2.0,synthetic,true,SRC-SYNTH,2026-09-13T00:00:00+08:00,0.9,synthetic,not_applicable,,team_generated,false,dev
EVT-S018-02,USER-S018,skill_assessment,2024-10-27T16:00:00Z,SKILL-013,,,3,completed,positive,progressing,low,完成能力测评并生成可解释证据,1.2.0,synthetic,true,SRC-SYNTH,2026-09-13T00:00:00+08:00,0.9,synthetic,not_applicable,,team_generated,false,dev
EVT-S018-03,USER-S018,course_started,2024-11-13T16:00:00Z,SKILL-016,RES-0122,,0,completed,neutral,active,low,开始一项与目标能力相关的课程,1.2.0,synthetic,true,SRC-SYNTH,2026-09-13T00:00:00+08:00,0.9,synthetic,not_applicable,,team_generated,false,dev
EVT-S018-04,USER-S018,task_completed,2024-11-30T16:00:00Z,SKILL-043,RES-0163,,2,completed,positive,progressing,low,完成本周学习任务,1.2.0,synthetic,true,SRC-SYNTH,2026-09-13T00:00:00+08:00,0.9,synthetic,not_applicable,,team_generated,false,dev
EVT-S018-05,USER-S018,skill_practice,2024-12-17T16:00:00Z,SKILL-046,RES-0166,,2,completed,positive,progressing,low,完成技能练习并记录反思,1.2.0,synthetic,true,SRC-SYNTH,2026-09-13T00:00:00+08:00,0.9,synthetic,not_applicable,,team_generated,false,dev
EVT-S018-06,USER-S018,course_completed,2025-01-03T16:00:00Z,SKILL-054,RES-0167,,6,completed,positive,progressing,low,完成课程并提交学习总结,1.2.0,synthetic,true,SRC-SYNTH,2026-09-13T00:00:00+08:00,0.9,synthetic,not_applicable,,team_generated,false,dev
EVT-S018-07,USER-S018,project_started,2025-01-20T16:00:00Z,SKILL-010,RES-0130,,0,completed,neutral,active,low,启动实践项目并确认里程碑,1.2.0,synthetic,true,SRC-SYNTH,2026-09-13T00:00:00+08:00,0.9,synthetic,not_applicable,,team_generated,false,dev
EVT-S018-08,USER-S018,job_viewed,2025-02-06T16:00:00Z,,,JOB-DATA-0087,0,completed,neutral,active,low,查看目标岗位及能力要求,1.2.0,synthetic,true,SRC-SYNTH,2026-09-13T00:00:00+08:00,0.9,synthetic,not_applicable,,team_generated,false,dev
EVT-S018-09,USER-S018,feedback_submitted,2025-02-23T16:00:00Z,SKILL-016,,,0,completed,neutral,active,low,提交计划难度和推荐相关性反馈,1.2.0,synthetic,true,SRC-SYNTH,2026-09-13T00:00:00+08:00,0.9,synthetic,not_applicable,,team_generated,false,dev
EVT-S018-10,USER-S018,task_completed,2025-03-12T16:00:00Z,SKILL-043,RES-0449,,2,completed,positive,progressing,low,完成本周学习任务,1.2.0,synthetic,true,SRC-SYNTH,2026-09-13T00:00:00+08:00,0.9,synthetic,not_applicable,,team_generated,false,dev
EVT-S018-11,USER-S018,project_completed,2025-03-29T16:00:00Z,SKILL-046,RES-0166,,8,completed,positive,progressing,low,完成项目、说明文档和复盘,1.2.0,synthetic,true,SRC-SYNTH,2026-09-13T00:00:00+08:00,0.9,synthetic,not_applicable,,team_generated,false,dev
EVT-S018-12,USER-S018,profile_recalculated,2025-04-15T16:00:00Z,SKILL-054,,,0,completed,neutral,active,low,根据新证据重算画像与岗位匹配度,1.2.0,synthetic,true,SRC-SYNTH,2026-09-13T00:00:00+08:00,0.9,synthetic,not_applicable,,team_generated,false,dev
EVT-S018-13,USER-S018,job_saved,2025-05-02T16:00:00Z,,,JOB-DATA-0013,0,completed,neutral,active,low,收藏一个模拟目标岗位,1.2.0,synthetic,true,SRC-SYNTH,2026-09-13T00:00:00+08:00,0.9,synthetic,not_applicable,,team_generated,false,dev
EVT-S018-14,USER-S018,application_submitted,2025-05-19T16:00:00Z,,,JOB-DATA-0014,0,completed,neutral,active,low,向模拟岗位提交申请,1.2.0,synthetic,true,SRC-SYNTH,2026-09-13T00:00:00+08:00,0.9,synthetic,not_applicable,,team_generated,false,dev
EVT-S018-15,USER-S018,interview_result,2025-06-05T16:00:00Z,,,JOB-DATA-0015,0,completed,disappointed,active,low,记录模拟面试反馈,1.2.0,synthetic,true,SRC-SYNTH,2026-09-13T00:00:00+08:00,0.9,synthetic,not_applicable,,team_generated,false,dev
EVT-S018-16,USER-S018,plan_adjusted,2025-06-22T16:00:00Z,SKILL-043,,,0,completed,neutral,plan_rebalanced,low,根据时间和反馈调整学习计划,1.2.0,synthetic,true,SRC-SYNTH,2026-09-13T00:00:00+08:00,0.9,synthetic,not_applicable,,team_generated,false,dev
EVT-S018-17,USER-S018,skill_practice,2025-07-09T16:00:00Z,SKILL-046,RES-0166,,2,completed,positive,progressing,low,完成技能练习并记录反思,1.2.0,synthetic,true,SRC-SYNTH,2026-09-13T00:00:00+08:00,0.9,synthetic,not_applicable,,team_generated,false,dev
EVT-S018-18,USER-S018,inactivity,2025-07-26T16:00:00Z,SKILL-054,,,-4,attention_needed,frustrated,learning_stalled,medium,超过设定周期未产生学习证据，触发技能衰减,1.2.0,synthetic,true,SRC-SYNTH,2026-09-13T00:00:00+08:00,0.9,synthetic,not_applicable,,team_generated,false,dev
EVT-S018-19,USER-S018,reminder_response,2025-08-12T16:00:00Z,SKILL-010,,,0,completed,neutral,active,low,响应任务提醒并更新完成状态,1.2.0,synthetic,true,SRC-SYNTH,2026-09-13T00:00:00+08:00,0.9,synthetic,not_applicable,,team_generated,false,dev
EVT-S018-20,USER-S018,profile_recalculated,2025-08-29T16:00:00Z,SKILL-013,,,0,completed,neutral,active,low,根据新证据重算画像与岗位匹配度,1.2.0,synthetic,true,SRC-SYNTH,2026-09-13T00:00:00+08:00,0.9,synthetic,not_applicable,,team_generated,false,dev
EVT-S018-21,USER-S018,onboarding,2025-09-15T16:00:00Z,,,,0,completed,neutral,active,low,完成基础信息和学习约束录入,1.2.0,synthetic,true,SRC-SYNTH,2026-09-13T00:00:00+08:00,0.9,synthetic,not_applicable,,team_generated,false,dev
EVT-S018-22,USER-S018,skill_assessment,2025-10-02T16:00:00Z,SKILL-043,,,3,completed,positive,progressing,low,完成能力测评并生成可解释证据,1.2.0,synthetic,true,SRC-SYNTH,2026-09-13T00:00:00+08:00,0.9,synthetic,not_applicable,,team_generated,false,dev
EVT-S018-23,USER-S018,course_started,2025-10-19T16:00:00Z,SKILL-046,RES-0032,,0,completed,neutral,active,low,开始一项与目标能力相关的课程,1.2.0,synthetic,true,SRC-SYNTH,2026-09-13T00:00:00+08:00,0.9,synthetic,not_applicable,,team_generated,false,dev
EVT-S018-24,USER-S018,task_completed,2025-11-05T16:00:00Z,SKILL-054,RES-0594,,2,completed,positive,progressing,low,完成本周学习任务,1.2.0,synthetic,true,SRC-SYNTH,2026-09-13T00:00:00+08:00,0.9,synthetic,not_applicable,,team_generated,false,dev
EVT-S018-25,USER-S018,skill_practice,2025-11-22T16:00:00Z,SKILL-010,RES-0190,,2,completed,positive,progressing,low,完成技能练习并记录反思,1.2.0,synthetic,true,SRC-SYNTH,2026-09-13T00:00:00+08:00,0.9,synthetic,not_applicable,,team_generated,false,dev
EVT-S018-26,USER-S018,course_completed,2025-12-09T16:00:00Z,SKILL-013,RES-0133,,6,completed,positive,progressing,low,完成课程并提交学习总结,1.2.0,synthetic,true,SRC-SYNTH,2026-09-13T00:00:00+08:00,0.9,synthetic,not_applicable,,team_generated,false,dev
EVT-S018-27,USER-S018,project_started,2025-12-26T16:00:00Z,SKILL-016,RES-0422,,0,completed,neutral,active,low,启动实践项目并确认里程碑,1.2.0,synthetic,true,SRC-SYNTH,2026-09-13T00:00:00+08:00,0.9,synthetic,not_applicable,,team_generated,false,dev
EVT-S018-28,USER-S018,job_viewed,2026-01-12T16:00:00Z,,,JOB-DATA-0028,0,completed,neutral,active,low,查看目标岗位及能力要求,1.2.0,synthetic,true,SRC-SYNTH,2026-09-13T00:00:00+08:00,0.9,synthetic,not_applicable,,team_generated,false,dev
EVT-S018-29,USER-S018,feedback_submitted,2026-01-29T16:00:00Z,SKILL-046,,,0,completed,neutral,active,low,提交计划难度和推荐相关性反馈,1.2.0,synthetic,true,SRC-SYNTH,2026-09-13T00:00:00+08:00,0.9,synthetic,not_applicable,,team_generated,false,dev
EVT-S018-30,USER-S018,task_completed,2026-02-15T16:00:00Z,SKILL-054,RES-0167,,2,completed,positive,progressing,low,完成本周学习任务,1.2.0,synthetic,true,SRC-SYNTH,2026-09-13T00:00:00+08:00,0.9,synthetic,not_applicable,,team_generated,false,dev
EVT-S018-31,USER-S018,project_completed,2026-03-04T16:00:00Z,SKILL-010,RES-0130,,8,completed,positive,progressing,low,完成项目、说明文档和复盘,1.2.0,synthetic,true,SRC-SYNTH,2026-09-13T00:00:00+08:00,0.9,synthetic,not_applicable,,team_generated,false,dev
EVT-S018-32,USER-S018,profile_recalculated,2026-03-21T16:00:00Z,SKILL-013,,,0,completed,neutral,active,low,根据新证据重算画像与岗位匹配度,1.2.0,synthetic,true,SRC-SYNTH,2026-09-13T00:00:00+08:00,0.9,synthetic,not_applicable,,team_generated,false,dev
EVT-S018-33,USER-S018,job_saved,2026-04-07T16:00:00Z,,,JOB-DATA-0033,0,completed,neutral,active,low,收藏一个模拟目标岗位,1.2.0,synthetic,true,SRC-SYNTH,2026-09-13T00:00:00+08:00,0.9,synthetic,not_applicable,,team_generated,false,dev
EVT-S018-34,USER-S018,application_submitted,2026-04-24T16:00:00Z,,,JOB-DATA-0034,0,completed,neutral,active,low,向模拟岗位提交申请,1.2.0,synthetic,true,SRC-SYNTH,2026-09-13T00:00:00+08:00,0.9,synthetic,not_applicable,,team_generated,false,dev
EVT-S018-35,USER-S018,interview_result,2026-05-11T16:00:00Z,,,JOB-DATA-0035,0,completed,disappointed,active,low,记录模拟面试反馈,1.2.0,synthetic,true,SRC-SYNTH,2026-09-13T00:00:00+08:00,0.9,synthetic,not_applicable,,team_generated,false,dev
EVT-S018-36,USER-S018,plan_adjusted,2026-05-28T16:00:00Z,SKILL-054,,,0,completed,neutral,plan_rebalanced,low,根据时间和反馈调整学习计划,1.2.0,synthetic,true,SRC-SYNTH,2026-09-13T00:00:00+08:00,0.9,synthetic,not_applicable,,team_generated,false,dev
EVT-S018-37,USER-S018,skill_practice,2026-06-14T16:00:00Z,SKILL-010,RES-0550,,2,completed,positive,progressing,low,完成技能练习并记录反思,1.2.0,synthetic,true,SRC-SYNTH,2026-09-13T00:00:00+08:00,0.9,synthetic,not_applicable,,team_generated,false,dev
EVT-S018-38,USER-S018,inactivity,2026-07-01T16:00:00Z,SKILL-013,,,-4,attention_needed,frustrated,learning_stalled,medium,超过设定周期未产生学习证据，触发技能衰减,1.2.0,synthetic,true,SRC-SYNTH,2026-09-13T00:00:00+08:00,0.9,synthetic,not_applicable,,team_generated,false,dev
EVT-S018-39,USER-S018,reminder_response,2026-07-18T16:00:00Z,SKILL-016,,,0,completed,neutral,active,low,响应任务提醒并更新完成状态,1.2.0,synthetic,true,SRC-SYNTH,2026-09-13T00:00:00+08:00,0.9,synthetic,not_applicable,,team_generated,false,dev
EVT-S018-40,USER-S018,profile_recalculated,2026-08-04T16:00:00Z,SKILL-043,,,0,completed,neutral,active,low,根据新证据重算画像与岗位匹配度,1.2.0,synthetic,true,SRC-SYNTH,2026-09-13T00:00:00+08:00,0.9,synthetic,not_applicable,,team_generated,false,dev
EVT-S019-01,USER-S019,onboarding,2024-10-10T16:00:00Z,,,,0,completed,neutral,active,low,完成基础信息和学习约束录入,1.2.0,synthetic,true,SRC-SYNTH,2026-09-13T00:00:00+08:00,0.9,synthetic,not_applicable,,team_generated,false,dev
EVT-S019-02,USER-S019,skill_assessment,2024-10-27T16:00:00Z,SKILL-019,,,3,completed,positive,progressing,low,完成能力测评并生成可解释证据,1.2.0,synthetic,true,SRC-SYNTH,2026-09-13T00:00:00+08:00,0.9,synthetic,not_applicable,,team_generated,false,dev
EVT-S019-03,USER-S019,course_started,2024-11-13T16:00:00Z,SKILL-022,RES-0004,,0,completed,neutral,active,low,开始一项与目标能力相关的课程,1.2.0,synthetic,true,SRC-SYNTH,2026-09-13T00:00:00+08:00,0.9,synthetic,not_applicable,,team_generated,false,dev
EVT-S019-04,USER-S019,task_completed,2024-11-30T16:00:00Z,SKILL-025,RES-0009,,2,completed,positive,progressing,low,完成本周学习任务,1.2.0,synthetic,true,SRC-SYNTH,2026-09-13T00:00:00+08:00,0.9,synthetic,not_applicable,,team_generated,false,dev
EVT-S019-05,USER-S019,skill_practice,2024-12-17T16:00:00Z,SKILL-048,RES-0108,,2,completed,positive,progressing,low,完成技能练习并记录反思,1.2.0,synthetic,true,SRC-SYNTH,2026-09-13T00:00:00+08:00,0.9,synthetic,not_applicable,,team_generated,false,dev
EVT-S019-06,USER-S019,course_completed,2025-01-03T16:00:00Z,SKILL-001,RES-0181,,6,completed,positive,progressing,low,完成课程并提交学习总结,1.2.0,synthetic,true,SRC-SYNTH,2026-09-13T00:00:00+08:00,0.9,synthetic,not_applicable,,team_generated,false,dev
EVT-S019-07,USER-S019,project_started,2025-01-20T16:00:00Z,SKILL-011,RES-0431,,0,completed,neutral,active,low,启动实践项目并确认里程碑,1.2.0,synthetic,true,SRC-SYNTH,2026-09-13T00:00:00+08:00,0.9,synthetic,not_applicable,,team_generated,false,dev
EVT-S019-08,USER-S019,job_viewed,2025-02-06T16:00:00Z,,,JOB-AI-ALG-0087,0,completed,neutral,active,low,查看目标岗位及能力要求,1.2.0,synthetic,true,SRC-SYNTH,2026-09-13T00:00:00+08:00,0.9,synthetic,not_applicable,,team_generated,false,dev
EVT-S019-09,USER-S019,feedback_submitted,2025-02-23T16:00:00Z,SKILL-022,,,0,completed,neutral,active,low,提交计划难度和推荐相关性反馈,1.2.0,synthetic,true,SRC-SYNTH,2026-09-13T00:00:00+08:00,0.9,synthetic,not_applicable,,team_generated,false,dev
EVT-S019-10,USER-S019,task_completed,2025-03-12T16:00:00Z,SKILL-025,RES-0145,,2,completed,positive,progressing,low,完成本周学习任务,1.2.0,synthetic,true,SRC-SYNTH,2026-09-13T00:00:00+08:00,0.9,synthetic,not_applicable,,team_generated,false,dev
EVT-S019-11,USER-S019,project_completed,2025-03-29T16:00:00Z,SKILL-048,RES-0161,,8,completed,positive,progressing,low,完成项目、说明文档和复盘,1.2.0,synthetic,true,SRC-SYNTH,2026-09-13T00:00:00+08:00,0.9,synthetic,not_applicable,,team_generated,false,dev
EVT-S019-12,USER-S019,profile_recalculated,2025-04-15T16:00:00Z,SKILL-001,,,0,completed,neutral,active,low,根据新证据重算画像与岗位匹配度,1.2.0,synthetic,true,SRC-SYNTH,2026-09-13T00:00:00+08:00,0.9,synthetic,not_applicable,,team_generated,false,dev
EVT-S019-13,USER-S019,job_saved,2025-05-02T16:00:00Z,,,JOB-AI-ALG-0013,0,completed,neutral,active,low,收藏一个模拟目标岗位,1.2.0,synthetic,true,SRC-SYNTH,2026-09-13T00:00:00+08:00,0.9,synthetic,not_applicable,,team_generated,false,dev
EVT-S019-14,USER-S019,application_submitted,2025-05-19T16:00:00Z,,,JOB-AI-ALG-0014,0,completed,neutral,active,low,向模拟岗位提交申请,1.2.0,synthetic,true,SRC-SYNTH,2026-09-13T00:00:00+08:00,0.9,synthetic,not_applicable,,team_generated,false,dev
EVT-S019-15,USER-S019,interview_result,2025-06-05T16:00:00Z,,,JOB-AI-ALG-0015,0,completed,disappointed,active,low,记录模拟面试反馈,1.2.0,synthetic,true,SRC-SYNTH,2026-09-13T00:00:00+08:00,0.9,synthetic,not_applicable,,team_generated,false,dev
EVT-S019-16,USER-S019,plan_adjusted,2025-06-22T16:00:00Z,SKILL-025,,,0,completed,neutral,plan_rebalanced,low,根据时间和反馈调整学习计划,1.2.0,synthetic,true,SRC-SYNTH,2026-09-13T00:00:00+08:00,0.9,synthetic,not_applicable,,team_generated,false,dev
EVT-S019-17,USER-S019,skill_practice,2025-07-09T16:00:00Z,SKILL-048,RES-0041,,2,completed,positive,progressing,low,完成技能练习并记录反思,1.2.0,synthetic,true,SRC-SYNTH,2026-09-13T00:00:00+08:00,0.9,synthetic,not_applicable,,team_generated,false,dev
EVT-S019-18,USER-S019,inactivity,2025-07-26T16:00:00Z,SKILL-001,,,-4,attention_needed,frustrated,learning_stalled,medium,超过设定周期未产生学习证据，触发技能衰减,1.2.0,synthetic,true,SRC-SYNTH,2026-09-13T00:00:00+08:00,0.9,synthetic,not_applicable,,team_generated,false,dev
EVT-S019-19,USER-S019,reminder_response,2025-08-12T16:00:00Z,SKILL-011,,,0,completed,neutral,active,low,响应任务提醒并更新完成状态,1.2.0,synthetic,true,SRC-SYNTH,2026-09-13T00:00:00+08:00,0.9,synthetic,not_applicable,,team_generated,false,dev
EVT-S019-20,USER-S019,profile_recalculated,2025-08-29T16:00:00Z,SKILL-019,,,0,completed,neutral,active,low,根据新证据重算画像与岗位匹配度,1.2.0,synthetic,true,SRC-SYNTH,2026-09-13T00:00:00+08:00,0.9,synthetic,not_applicable,,team_generated,false,dev
EVT-S019-21,USER-S019,onboarding,2025-09-15T16:00:00Z,,,,0,completed,neutral,active,low,完成基础信息和学习约束录入,1.2.0,synthetic,true,SRC-SYNTH,2026-09-13T00:00:00+08:00,0.9,synthetic,not_applicable,,team_generated,false,dev
EVT-S019-22,USER-S019,skill_assessment,2025-10-02T16:00:00Z,SKILL-025,,,3,completed,positive,progressing,low,完成能力测评并生成可解释证据,1.2.0,synthetic,true,SRC-SYNTH,2026-09-13T00:00:00+08:00,0.9,synthetic,not_applicable,,team_generated,false,dev
EVT-S019-23,USER-S019,course_started,2025-10-19T16:00:00Z,SKILL-048,RES-0041,,0,completed,neutral,active,low,开始一项与目标能力相关的课程,1.2.0,synthetic,true,SRC-SYNTH,2026-09-13T00:00:00+08:00,0.9,synthetic,not_applicable,,team_generated,false,dev
EVT-S019-24,USER-S019,task_completed,2025-11-05T16:00:00Z,SKILL-001,RES-0167,,2,completed,positive,progressing,low,完成本周学习任务,1.2.0,synthetic,true,SRC-SYNTH,2026-09-13T00:00:00+08:00,0.9,synthetic,not_applicable,,team_generated,false,dev
EVT-S019-25,USER-S019,skill_practice,2025-11-22T16:00:00Z,SKILL-011,RES-0431,,2,completed,positive,progressing,low,完成技能练习并记录反思,1.2.0,synthetic,true,SRC-SYNTH,2026-09-13T00:00:00+08:00,0.9,synthetic,not_applicable,,team_generated,false,dev
EVT-S019-26,USER-S019,course_completed,2025-12-09T16:00:00Z,SKILL-019,RES-0002,,6,completed,positive,progressing,low,完成课程并提交学习总结,1.2.0,synthetic,true,SRC-SYNTH,2026-09-13T00:00:00+08:00,0.9,synthetic,not_applicable,,team_generated,false,dev
EVT-S019-27,USER-S019,project_started,2025-12-26T16:00:00Z,SKILL-022,RES-0128,,0,completed,neutral,active,low,启动实践项目并确认里程碑,1.2.0,synthetic,true,SRC-SYNTH,2026-09-13T00:00:00+08:00,0.9,synthetic,not_applicable,,team_generated,false,dev
EVT-S019-28,USER-S019,job_viewed,2026-01-12T16:00:00Z,,,JOB-AI-ALG-0028,0,completed,neutral,active,low,查看目标岗位及能力要求,1.2.0,synthetic,true,SRC-SYNTH,2026-09-13T00:00:00+08:00,0.9,synthetic,not_applicable,,team_generated,false,dev
EVT-S019-29,USER-S019,feedback_submitted,2026-01-29T16:00:00Z,SKILL-048,,,0,completed,neutral,active,low,提交计划难度和推荐相关性反馈,1.2.0,synthetic,true,SRC-SYNTH,2026-09-13T00:00:00+08:00,0.9,synthetic,not_applicable,,team_generated,false,dev
EVT-S019-30,USER-S019,task_completed,2026-02-15T16:00:00Z,SKILL-001,RES-0541,,2,completed,positive,progressing,low,完成本周学习任务,1.2.0,synthetic,true,SRC-SYNTH,2026-09-13T00:00:00+08:00,0.9,synthetic,not_applicable,,team_generated,false,dev
EVT-S019-31,USER-S019,project_completed,2026-03-04T16:00:00Z,SKILL-011,RES-0424,,8,completed,positive,progressing,low,完成项目、说明文档和复盘,1.2.0,synthetic,true,SRC-SYNTH,2026-09-13T00:00:00+08:00,0.9,synthetic,not_applicable,,team_generated,false,dev
EVT-S019-32,USER-S019,profile_recalculated,2026-03-21T16:00:00Z,SKILL-019,,,0,completed,neutral,active,low,根据新证据重算画像与岗位匹配度,1.2.0,synthetic,true,SRC-SYNTH,2026-09-13T00:00:00+08:00,0.9,synthetic,not_applicable,,team_generated,false,dev
EVT-S019-33,USER-S019,job_saved,2026-04-07T16:00:00Z,,,JOB-AI-ALG-0033,0,completed,neutral,active,low,收藏一个模拟目标岗位,1.2.0,synthetic,true,SRC-SYNTH,2026-09-13T00:00:00+08:00,0.9,synthetic,not_applicable,,team_generated,false,dev
EVT-S019-34,USER-S019,application_submitted,2026-04-24T16:00:00Z,,,JOB-AI-ALG-0034,0,completed,neutral,active,low,向模拟岗位提交申请,1.2.0,synthetic,true,SRC-SYNTH,2026-09-13T00:00:00+08:00,0.9,synthetic,not_applicable,,team_generated,false,dev
EVT-S019-35,USER-S019,interview_result,2026-05-11T16:00:00Z,,,JOB-AI-ALG-0035,0,completed,disappointed,active,low,记录模拟面试反馈,1.2.0,synthetic,true,SRC-SYNTH,2026-09-13T00:00:00+08:00,0.9,synthetic,not_applicable,,team_generated,false,dev
EVT-S019-36,USER-S019,plan_adjusted,2026-05-28T16:00:00Z,SKILL-001,,,0,completed,neutral,plan_rebalanced,low,根据时间和反馈调整学习计划,1.2.0,synthetic,true,SRC-SYNTH,2026-09-13T00:00:00+08:00,0.9,synthetic,not_applicable,,team_generated,false,dev
EVT-S019-37,USER-S019,skill_practice,2026-06-14T16:00:00Z,SKILL-011,RES-0071,,2,completed,positive,progressing,low,完成技能练习并记录反思,1.2.0,synthetic,true,SRC-SYNTH,2026-09-13T00:00:00+08:00,0.9,synthetic,not_applicable,,team_generated,false,dev
EVT-S019-38,USER-S019,inactivity,2026-07-01T16:00:00Z,SKILL-019,,,-4,attention_needed,frustrated,learning_stalled,medium,超过设定周期未产生学习证据，触发技能衰减,1.2.0,synthetic,true,SRC-SYNTH,2026-09-13T00:00:00+08:00,0.9,synthetic,not_applicable,,team_generated,false,dev
EVT-S019-39,USER-S019,reminder_response,2026-07-18T16:00:00Z,SKILL-022,,,0,completed,neutral,active,low,响应任务提醒并更新完成状态,1.2.0,synthetic,true,SRC-SYNTH,2026-09-13T00:00:00+08:00,0.9,synthetic,not_applicable,,team_generated,false,dev
EVT-S019-40,USER-S019,profile_recalculated,2026-08-04T16:00:00Z,SKILL-025,,,0,completed,neutral,active,low,根据新证据重算画像与岗位匹配度,1.2.0,synthetic,true,SRC-SYNTH,2026-09-13T00:00:00+08:00,0.9,synthetic,not_applicable,,team_generated,false,dev
EVT-S020-01,USER-S020,onboarding,2024-10-10T16:00:00Z,,,,0,completed,neutral,active,low,完成基础信息和学习约束录入,1.2.0,synthetic,true,SRC-SYNTH,2026-09-13T00:00:00+08:00,0.9,synthetic,not_applicable,,team_generated,false,dev
EVT-S020-02,USER-S020,skill_assessment,2024-10-27T16:00:00Z,SKILL-039,,,3,completed,positive,progressing,low,完成能力测评并生成可解释证据,1.2.0,synthetic,true,SRC-SYNTH,2026-09-13T00:00:00+08:00,0.9,synthetic,not_applicable,,team_generated,false,dev
EVT-S020-03,USER-S020,course_started,2024-11-13T16:00:00Z,SKILL-001,RES-0181,,0,completed,neutral,active,low,开始一项与目标能力相关的课程,1.2.0,synthetic,true,SRC-SYNTH,2026-09-13T00:00:00+08:00,0.9,synthetic,not_applicable,,team_generated,false,dev
EVT-S020-04,USER-S020,task_completed,2024-11-30T16:00:00Z,SKILL-009,RES-0129,,2,completed,positive,progressing,low,完成本周学习任务,1.2.0,synthetic,true,SRC-SYNTH,2026-09-13T00:00:00+08:00,0.9,synthetic,not_applicable,,team_generated,false,dev
EVT-S020-05,USER-S020,skill_practice,2024-12-17T16:00:00Z,SKILL-027,RES-0147,,2,completed,positive,progressing,low,完成技能练习并记录反思,1.2.0,synthetic,true,SRC-SYNTH,2026-09-13T00:00:00+08:00,0.9,synthetic,not_applicable,,team_generated,false,dev
EVT-S020-06,USER-S020,course_completed,2025-01-03T16:00:00Z,SKILL-030,RES-0143,,6,completed,positive,progressing,low,完成课程并提交学习总结,1.2.0,synthetic,true,SRC-SYNTH,2026-09-13T00:00:00+08:00,0.9,synthetic,not_applicable,,team_generated,false,dev
EVT-S020-07,USER-S020,project_started,2025-01-20T16:00:00Z,SKILL-036,RES-0036,,0,completed,neutral,active,low,启动实践项目并确认里程碑,1.2.0,synthetic,true,SRC-SYNTH,2026-09-13T00:00:00+08:00,0.9,synthetic,not_applicable,,team_generated,false,dev
EVT-S020-08,USER-S020,job_viewed,2025-02-06T16:00:00Z,,,JOB-AI-APP-0087,0,completed,neutral,active,low,查看目标岗位及能力要求,1.2.0,synthetic,true,SRC-SYNTH,2026-09-13T00:00:00+08:00,0.9,synthetic,not_applicable,,team_generated,false,dev
EVT-S020-09,USER-S020,feedback_submitted,2025-02-23T16:00:00Z,SKILL-001,,,0,completed,neutral,active,low,提交计划难度和推荐相关性反馈,1.2.0,synthetic,true,SRC-SYNTH,2026-09-13T00:00:00+08:00,0.9,synthetic,not_applicable,,team_generated,false,dev
EVT-S020-10,USER-S020,task_completed,2025-03-12T16:00:00Z,SKILL-009,RES-0129,,2,completed,positive,progressing,low,完成本周学习任务,1.2.0,synthetic,true,SRC-SYNTH,2026-09-13T00:00:00+08:00,0.9,synthetic,not_applicable,,team_generated,false,dev
EVT-S020-11,USER-S020,project_completed,2025-03-29T16:00:00Z,SKILL-027,RES-0027,,8,completed,positive,progressing,low,完成项目、说明文档和复盘,1.2.0,synthetic,true,SRC-SYNTH,2026-09-13T00:00:00+08:00,0.9,synthetic,not_applicable,,team_generated,false,dev
EVT-S020-12,USER-S020,profile_recalculated,2025-04-15T16:00:00Z,SKILL-030,,,0,completed,neutral,active,low,根据新证据重算画像与岗位匹配度,1.2.0,synthetic,true,SRC-SYNTH,2026-09-13T00:00:00+08:00,0.9,synthetic,not_applicable,,team_generated,false,dev
EVT-S020-13,USER-S020,job_saved,2025-05-02T16:00:00Z,,,JOB-AI-APP-0013,0,completed,neutral,active,low,收藏一个模拟目标岗位,1.2.0,synthetic,true,SRC-SYNTH,2026-09-13T00:00:00+08:00,0.9,synthetic,not_applicable,,team_generated,false,dev
EVT-S020-14,USER-S020,application_submitted,2025-05-19T16:00:00Z,,,JOB-AI-APP-0014,0,completed,neutral,active,low,向模拟岗位提交申请,1.2.0,synthetic,true,SRC-SYNTH,2026-09-13T00:00:00+08:00,0.9,synthetic,not_applicable,,team_generated,false,dev
EVT-S020-15,USER-S020,interview_result,2025-06-05T16:00:00Z,,,JOB-AI-APP-0015,0,completed,disappointed,active,low,记录模拟面试反馈,1.2.0,synthetic,true,SRC-SYNTH,2026-09-13T00:00:00+08:00,0.9,synthetic,not_applicable,,team_generated,false,dev
EVT-S020-16,USER-S020,plan_adjusted,2025-06-22T16:00:00Z,SKILL-009,,,0,completed,neutral,plan_rebalanced,low,根据时间和反馈调整学习计划,1.2.0,synthetic,true,SRC-SYNTH,2026-09-13T00:00:00+08:00,0.9,synthetic,not_applicable,,team_generated,false,dev
EVT-S020-17,USER-S020,skill_practice,2025-07-09T16:00:00Z,SKILL-027,RES-0447,,2,completed,positive,progressing,low,完成技能练习并记录反思,1.2.0,synthetic,true,SRC-SYNTH,2026-09-13T00:00:00+08:00,0.9,synthetic,not_applicable,,team_generated,false,dev
EVT-S020-18,USER-S020,inactivity,2025-07-26T16:00:00Z,SKILL-030,,,-4,attention_needed,frustrated,learning_stalled,medium,超过设定周期未产生学习证据，触发技能衰减,1.2.0,synthetic,true,SRC-SYNTH,2026-09-13T00:00:00+08:00,0.9,synthetic,not_applicable,,team_generated,false,dev
EVT-S020-19,USER-S020,reminder_response,2025-08-12T16:00:00Z,SKILL-036,,,0,completed,neutral,active,low,响应任务提醒并更新完成状态,1.2.0,synthetic,true,SRC-SYNTH,2026-09-13T00:00:00+08:00,0.9,synthetic,not_applicable,,team_generated,false,dev
EVT-S020-20,USER-S020,profile_recalculated,2025-08-29T16:00:00Z,SKILL-039,,,0,completed,neutral,active,low,根据新证据重算画像与岗位匹配度,1.2.0,synthetic,true,SRC-SYNTH,2026-09-13T00:00:00+08:00,0.9,synthetic,not_applicable,,team_generated,false,dev
EVT-S020-21,USER-S020,onboarding,2025-09-15T16:00:00Z,,,,0,completed,neutral,active,low,完成基础信息和学习约束录入,1.2.0,synthetic,true,SRC-SYNTH,2026-09-13T00:00:00+08:00,0.9,synthetic,not_applicable,,team_generated,false,dev
EVT-S020-22,USER-S020,skill_assessment,2025-10-02T16:00:00Z,SKILL-009,,,3,completed,positive,progressing,low,完成能力测评并生成可解释证据,1.2.0,synthetic,true,SRC-SYNTH,2026-09-13T00:00:00+08:00,0.9,synthetic,not_applicable,,team_generated,false,dev
EVT-S020-23,USER-S020,course_started,2025-10-19T16:00:00Z,SKILL-027,RES-0018,,0,completed,neutral,active,low,开始一项与目标能力相关的课程,1.2.0,synthetic,true,SRC-SYNTH,2026-09-13T00:00:00+08:00,0.9,synthetic,not_applicable,,team_generated,false,dev
EVT-S020-24,USER-S020,task_completed,2025-11-05T16:00:00Z,SKILL-030,RES-0030,,2,completed,positive,progressing,low,完成本周学习任务,1.2.0,synthetic,true,SRC-SYNTH,2026-09-13T00:00:00+08:00,0.9,synthetic,not_applicable,,team_generated,false,dev
EVT-S020-25,USER-S020,skill_practice,2025-11-22T16:00:00Z,SKILL-036,RES-0149,,2,completed,positive,progressing,low,完成技能练习并记录反思,1.2.0,synthetic,true,SRC-SYNTH,2026-09-13T00:00:00+08:00,0.9,synthetic,not_applicable,,team_generated,false,dev
EVT-S020-26,USER-S020,course_completed,2025-12-09T16:00:00Z,SKILL-039,RES-0159,,6,completed,positive,progressing,low,完成课程并提交学习总结,1.2.0,synthetic,true,SRC-SYNTH,2026-09-13T00:00:00+08:00,0.9,synthetic,not_applicable,,team_generated,false,dev
EVT-S020-27,USER-S020,project_started,2025-12-26T16:00:00Z,SKILL-001,RES-0167,,0,completed,neutral,active,low,启动实践项目并确认里程碑,1.2.0,synthetic,true,SRC-SYNTH,2026-09-13T00:00:00+08:00,0.9,synthetic,not_applicable,,team_generated,false,dev
EVT-S020-28,USER-S020,job_viewed,2026-01-12T16:00:00Z,,,JOB-AI-APP-0028,0,completed,neutral,active,low,查看目标岗位及能力要求,1.2.0,synthetic,true,SRC-SYNTH,2026-09-13T00:00:00+08:00,0.9,synthetic,not_applicable,,team_generated,false,dev
EVT-S020-29,USER-S020,feedback_submitted,2026-01-29T16:00:00Z,SKILL-027,,,0,completed,neutral,active,low,提交计划难度和推荐相关性反馈,1.2.0,synthetic,true,SRC-SYNTH,2026-09-13T00:00:00+08:00,0.9,synthetic,not_applicable,,team_generated,false,dev
EVT-S020-30,USER-S020,task_completed,2026-02-15T16:00:00Z,SKILL-030,RES-0330,,2,completed,positive,progressing,low,完成本周学习任务,1.2.0,synthetic,true,SRC-SYNTH,2026-09-13T00:00:00+08:00,0.9,synthetic,not_applicable,,team_generated,false,dev
EVT-S020-31,USER-S020,project_completed,2026-03-04T16:00:00Z,SKILL-036,RES-0029,,8,completed,positive,progressing,low,完成项目、说明文档和复盘,1.2.0,synthetic,true,SRC-SYNTH,2026-09-13T00:00:00+08:00,0.9,synthetic,not_applicable,,team_generated,false,dev
EVT-S020-32,USER-S020,profile_recalculated,2026-03-21T16:00:00Z,SKILL-039,,,0,completed,neutral,active,low,根据新证据重算画像与岗位匹配度,1.2.0,synthetic,true,SRC-SYNTH,2026-09-13T00:00:00+08:00,0.9,synthetic,not_applicable,,team_generated,false,dev
EVT-S020-33,USER-S020,job_saved,2026-04-07T16:00:00Z,,,JOB-AI-APP-0033,0,completed,neutral,active,low,收藏一个模拟目标岗位,1.2.0,synthetic,true,SRC-SYNTH,2026-09-13T00:00:00+08:00,0.9,synthetic,not_applicable,,team_generated,false,dev
EVT-S020-34,USER-S020,application_submitted,2026-04-24T16:00:00Z,,,JOB-AI-APP-0034,0,completed,neutral,active,low,向模拟岗位提交申请,1.2.0,synthetic,true,SRC-SYNTH,2026-09-13T00:00:00+08:00,0.9,synthetic,not_applicable,,team_generated,false,dev
EVT-S020-35,USER-S020,interview_result,2026-05-11T16:00:00Z,,,JOB-AI-APP-0035,0,completed,disappointed,active,low,记录模拟面试反馈,1.2.0,synthetic,true,SRC-SYNTH,2026-09-13T00:00:00+08:00,0.9,synthetic,not_applicable,,team_generated,false,dev
EVT-S020-36,USER-S020,plan_adjusted,2026-05-28T16:00:00Z,SKILL-030,,,0,completed,neutral,plan_rebalanced,low,根据时间和反馈调整学习计划,1.2.0,synthetic,true,SRC-SYNTH,2026-09-13T00:00:00+08:00,0.9,synthetic,not_applicable,,team_generated,false,dev
EVT-S020-37,USER-S020,skill_practice,2026-06-14T16:00:00Z,SKILL-036,RES-0036,,2,completed,positive,progressing,low,完成技能练习并记录反思,1.2.0,synthetic,true,SRC-SYNTH,2026-09-13T00:00:00+08:00,0.9,synthetic,not_applicable,,team_generated,false,dev
EVT-S020-38,USER-S020,inactivity,2026-07-01T16:00:00Z,SKILL-039,,,-4,attention_needed,frustrated,learning_stalled,medium,超过设定周期未产生学习证据，触发技能衰减,1.2.0,synthetic,true,SRC-SYNTH,2026-09-13T00:00:00+08:00,0.9,synthetic,not_applicable,,team_generated,false,dev
EVT-S020-39,USER-S020,reminder_response,2026-07-18T16:00:00Z,SKILL-001,,,0,completed,neutral,active,low,响应任务提醒并更新完成状态,1.2.0,synthetic,true,SRC-SYNTH,2026-09-13T00:00:00+08:00,0.9,synthetic,not_applicable,,team_generated,false,dev
EVT-S020-40,USER-S020,profile_recalculated,2026-08-04T16:00:00Z,SKILL-009,,,0,completed,neutral,active,low,根据新证据重算画像与岗位匹配度,1.2.0,synthetic,true,SRC-SYNTH,2026-09-13T00:00:00+08:00,0.9,synthetic,not_applicable,,team_generated,false,dev
EVT-S021-01,USER-S021,onboarding,2024-10-10T16:00:00Z,,,,0,completed,neutral,active,low,完成基础信息和学习约束录入,1.2.0,synthetic,true,SRC-SYNTH,2026-09-13T00:00:00+08:00,0.9,synthetic,not_applicable,,team_generated,false,dev
EVT-S021-02,USER-S021,skill_assessment,2024-10-27T16:00:00Z,SKILL-049,,,3,completed,positive,progressing,low,完成能力测评并生成可解释证据,1.2.0,synthetic,true,SRC-SYNTH,2026-09-13T00:00:00+08:00,0.9,synthetic,not_applicable,,team_generated,false,dev
EVT-S021-03,USER-S021,course_started,2024-11-13T16:00:00Z,SKILL-009,RES-0122,,0,completed,neutral,active,low,开始一项与目标能力相关的课程,1.2.0,synthetic,true,SRC-SYNTH,2026-09-13T00:00:00+08:00,0.9,synthetic,not_applicable,,team_generated,false,dev
EVT-S021-04,USER-S021,task_completed,2024-11-30T16:00:00Z,SKILL-012,RES-0132,,2,completed,positive,progressing,low,完成本周学习任务,1.2.0,synthetic,true,SRC-SYNTH,2026-09-13T00:00:00+08:00,0.9,synthetic,not_applicable,,team_generated,false,dev
EVT-S021-05,USER-S021,skill_practice,2024-12-17T16:00:00Z,SKILL-015,RES-0135,,2,completed,positive,progressing,low,完成技能练习并记录反思,1.2.0,synthetic,true,SRC-SYNTH,2026-09-13T00:00:00+08:00,0.9,synthetic,not_applicable,,team_generated,false,dev
EVT-S021-06,USER-S021,course_completed,2025-01-03T16:00:00Z,SKILL-041,RES-0161,,6,completed,positive,progressing,low,完成课程并提交学习总结,1.2.0,synthetic,true,SRC-SYNTH,2026-09-13T00:00:00+08:00,0.9,synthetic,not_applicable,,team_generated,false,dev
EVT-S021-07,USER-S021,project_started,2025-01-20T16:00:00Z,SKILL-045,RES-0038,,0,completed,neutral,active,low,启动实践项目并确认里程碑,1.2.0,synthetic,true,SRC-SYNTH,2026-09-13T00:00:00+08:00,0.9,synthetic,not_applicable,,team_generated,false,dev
EVT-S021-08,USER-S021,job_viewed,2025-02-06T16:00:00Z,,,JOB-DATA-0087,0,completed,neutral,active,low,查看目标岗位及能力要求,1.2.0,synthetic,true,SRC-SYNTH,2026-09-13T00:00:00+08:00,0.9,synthetic,not_applicable,,team_generated,false,dev
EVT-S021-09,USER-S021,feedback_submitted,2025-02-23T16:00:00Z,SKILL-009,,,0,completed,neutral,active,low,提交计划难度和推荐相关性反馈,1.2.0,synthetic,true,SRC-SYNTH,2026-09-13T00:00:00+08:00,0.9,synthetic,not_applicable,,team_generated,false,dev
EVT-S021-10,USER-S021,task_completed,2025-03-12T16:00:00Z,SKILL-012,RES-0125,,2,completed,positive,progressing,low,完成本周学习任务,1.2.0,synthetic,true,SRC-SYNTH,2026-09-13T00:00:00+08:00,0.9,synthetic,not_applicable,,team_generated,false,dev
EVT-S021-11,USER-S021,project_completed,2025-03-29T16:00:00Z,SKILL-015,RES-0188,,8,completed,positive,progressing,low,完成项目、说明文档和复盘,1.2.0,synthetic,true,SRC-SYNTH,2026-09-13T00:00:00+08:00,0.9,synthetic,not_applicable,,team_generated,false,dev
EVT-S021-12,USER-S021,profile_recalculated,2025-04-15T16:00:00Z,SKILL-041,,,0,completed,neutral,active,low,根据新证据重算画像与岗位匹配度,1.2.0,synthetic,true,SRC-SYNTH,2026-09-13T00:00:00+08:00,0.9,synthetic,not_applicable,,team_generated,false,dev
EVT-S021-13,USER-S021,job_saved,2025-05-02T16:00:00Z,,,JOB-DATA-0013,0,completed,neutral,active,low,收藏一个模拟目标岗位,1.2.0,synthetic,true,SRC-SYNTH,2026-09-13T00:00:00+08:00,0.9,synthetic,not_applicable,,team_generated,false,dev
EVT-S021-14,USER-S021,application_submitted,2025-05-19T16:00:00Z,,,JOB-DATA-0014,0,completed,neutral,active,low,向模拟岗位提交申请,1.2.0,synthetic,true,SRC-SYNTH,2026-09-13T00:00:00+08:00,0.9,synthetic,not_applicable,,team_generated,false,dev
EVT-S021-15,USER-S021,interview_result,2025-06-05T16:00:00Z,,,JOB-DATA-0015,0,completed,disappointed,active,low,记录模拟面试反馈,1.2.0,synthetic,true,SRC-SYNTH,2026-09-13T00:00:00+08:00,0.9,synthetic,not_applicable,,team_generated,false,dev
EVT-S021-16,USER-S021,plan_adjusted,2025-06-22T16:00:00Z,SKILL-012,,,0,completed,neutral,plan_rebalanced,low,根据时间和反馈调整学习计划,1.2.0,synthetic,true,SRC-SYNTH,2026-09-13T00:00:00+08:00,0.9,synthetic,not_applicable,,team_generated,false,dev
EVT-S021-17,USER-S021,skill_practice,2025-07-09T16:00:00Z,SKILL-015,RES-0128,,2,completed,positive,progressing,low,完成技能练习并记录反思,1.2.0,synthetic,true,SRC-SYNTH,2026-09-13T00:00:00+08:00,0.9,synthetic,not_applicable,,team_generated,false,dev
EVT-S021-18,USER-S021,inactivity,2025-07-26T16:00:00Z,SKILL-041,,,-4,attention_needed,frustrated,learning_stalled,medium,超过设定周期未产生学习证据，触发技能衰减,1.2.0,synthetic,true,SRC-SYNTH,2026-09-13T00:00:00+08:00,0.9,synthetic,not_applicable,,team_generated,false,dev
EVT-S021-19,USER-S021,reminder_response,2025-08-12T16:00:00Z,SKILL-045,,,0,completed,neutral,active,low,响应任务提醒并更新完成状态,1.2.0,synthetic,true,SRC-SYNTH,2026-09-13T00:00:00+08:00,0.9,synthetic,not_applicable,,team_generated,false,dev
EVT-S021-20,USER-S021,profile_recalculated,2025-08-29T16:00:00Z,SKILL-049,,,0,completed,neutral,active,low,根据新证据重算画像与岗位匹配度,1.2.0,synthetic,true,SRC-SYNTH,2026-09-13T00:00:00+08:00,0.9,synthetic,not_applicable,,team_generated,false,dev
EVT-S021-21,USER-S021,onboarding,2025-09-15T16:00:00Z,,,,0,completed,neutral,active,low,完成基础信息和学习约束录入,1.2.0,synthetic,true,SRC-SYNTH,2026-09-13T00:00:00+08:00,0.9,synthetic,not_applicable,,team_generated,false,dev
EVT-S021-22,USER-S021,skill_assessment,2025-10-02T16:00:00Z,SKILL-012,,,3,completed,positive,progressing,low,完成能力测评并生成可解释证据,1.2.0,synthetic,true,SRC-SYNTH,2026-09-13T00:00:00+08:00,0.9,synthetic,not_applicable,,team_generated,false,dev
EVT-S021-23,USER-S021,course_started,2025-10-19T16:00:00Z,SKILL-015,RES-0128,,0,completed,neutral,active,low,开始一项与目标能力相关的课程,1.2.0,synthetic,true,SRC-SYNTH,2026-09-13T00:00:00+08:00,0.9,synthetic,not_applicable,,team_generated,false,dev
EVT-S021-24,USER-S021,task_completed,2025-11-05T16:00:00Z,SKILL-041,RES-0161,,2,completed,positive,progressing,low,完成本周学习任务,1.2.0,synthetic,true,SRC-SYNTH,2026-09-13T00:00:00+08:00,0.9,synthetic,not_applicable,,team_generated,false,dev
EVT-S021-25,USER-S021,skill_practice,2025-11-22T16:00:00Z,SKILL-045,RES-0158,,2,completed,positive,progressing,low,完成技能练习并记录反思,1.2.0,synthetic,true,SRC-SYNTH,2026-09-13T00:00:00+08:00,0.9,synthetic,not_applicable,,team_generated,false,dev
EVT-S021-26,USER-S021,course_completed,2025-12-09T16:00:00Z,SKILL-049,RES-0169,,6,completed,positive,progressing,low,完成课程并提交学习总结,1.2.0,synthetic,true,SRC-SYNTH,2026-09-13T00:00:00+08:00,0.9,synthetic,not_applicable,,team_generated,false,dev
EVT-S021-27,USER-S021,project_started,2025-12-26T16:00:00Z,SKILL-009,RES-0182,,0,completed,neutral,active,low,启动实践项目并确认里程碑,1.2.0,synthetic,true,SRC-SYNTH,2026-09-13T00:00:00+08:00,0.9,synthetic,not_applicable,,team_generated,false,dev
EVT-S021-28,USER-S021,job_viewed,2026-01-12T16:00:00Z,,,JOB-DATA-0028,0,completed,neutral,active,low,查看目标岗位及能力要求,1.2.0,synthetic,true,SRC-SYNTH,2026-09-13T00:00:00+08:00,0.9,synthetic,not_applicable,,team_generated,false,dev
EVT-S021-29,USER-S021,feedback_submitted,2026-01-29T16:00:00Z,SKILL-015,,,0,completed,neutral,active,low,提交计划难度和推荐相关性反馈,1.2.0,synthetic,true,SRC-SYNTH,2026-09-13T00:00:00+08:00,0.9,synthetic,not_applicable,,team_generated,false,dev
EVT-S021-30,USER-S021,task_completed,2026-02-15T16:00:00Z,SKILL-041,RES-0041,,2,completed,positive,progressing,low,完成本周学习任务,1.2.0,synthetic,true,SRC-SYNTH,2026-09-13T00:00:00+08:00,0.9,synthetic,not_applicable,,team_generated,false,dev
EVT-S021-31,USER-S021,project_completed,2026-03-04T16:00:00Z,SKILL-045,RES-0038,,8,completed,positive,progressing,low,完成项目、说明文档和复盘,1.2.0,synthetic,true,SRC-SYNTH,2026-09-13T00:00:00+08:00,0.9,synthetic,not_applicable,,team_generated,false,dev
EVT-S021-32,USER-S021,profile_recalculated,2026-03-21T16:00:00Z,SKILL-049,,,0,completed,neutral,active,low,根据新证据重算画像与岗位匹配度,1.2.0,synthetic,true,SRC-SYNTH,2026-09-13T00:00:00+08:00,0.9,synthetic,not_applicable,,team_generated,false,dev
EVT-S021-33,USER-S021,job_saved,2026-04-07T16:00:00Z,,,JOB-DATA-0033,0,completed,neutral,active,low,收藏一个模拟目标岗位,1.2.0,synthetic,true,SRC-SYNTH,2026-09-13T00:00:00+08:00,0.9,synthetic,not_applicable,,team_generated,false,dev
EVT-S021-34,USER-S021,application_submitted,2026-04-24T16:00:00Z,,,JOB-DATA-0034,0,completed,neutral,active,low,向模拟岗位提交申请,1.2.0,synthetic,true,SRC-SYNTH,2026-09-13T00:00:00+08:00,0.9,synthetic,not_applicable,,team_generated,false,dev
EVT-S021-35,USER-S021,interview_result,2026-05-11T16:00:00Z,,,JOB-DATA-0035,0,completed,disappointed,active,low,记录模拟面试反馈,1.2.0,synthetic,true,SRC-SYNTH,2026-09-13T00:00:00+08:00,0.9,synthetic,not_applicable,,team_generated,false,dev
EVT-S021-36,USER-S021,plan_adjusted,2026-05-28T16:00:00Z,SKILL-041,,,0,completed,neutral,plan_rebalanced,low,根据时间和反馈调整学习计划,1.2.0,synthetic,true,SRC-SYNTH,2026-09-13T00:00:00+08:00,0.9,synthetic,not_applicable,,team_generated,false,dev
EVT-S021-37,USER-S021,skill_practice,2026-06-14T16:00:00Z,SKILL-045,RES-0038,,2,completed,positive,progressing,low,完成技能练习并记录反思,1.2.0,synthetic,true,SRC-SYNTH,2026-09-13T00:00:00+08:00,0.9,synthetic,not_applicable,,team_generated,false,dev
EVT-S021-38,USER-S021,inactivity,2026-07-01T16:00:00Z,SKILL-049,,,-4,attention_needed,frustrated,learning_stalled,medium,超过设定周期未产生学习证据，触发技能衰减,1.2.0,synthetic,true,SRC-SYNTH,2026-09-13T00:00:00+08:00,0.9,synthetic,not_applicable,,team_generated,false,dev
EVT-S021-39,USER-S021,reminder_response,2026-07-18T16:00:00Z,SKILL-009,,,0,completed,neutral,active,low,响应任务提醒并更新完成状态,1.2.0,synthetic,true,SRC-SYNTH,2026-09-13T00:00:00+08:00,0.9,synthetic,not_applicable,,team_generated,false,dev
EVT-S021-40,USER-S021,profile_recalculated,2026-08-04T16:00:00Z,SKILL-012,,,0,completed,neutral,active,low,根据新证据重算画像与岗位匹配度,1.2.0,synthetic,true,SRC-SYNTH,2026-09-13T00:00:00+08:00,0.9,synthetic,not_applicable,,team_generated,false,dev
EVT-S022-01,USER-S022,onboarding,2024-10-10T16:00:00Z,,,,0,completed,neutral,active,low,完成基础信息和学习约束录入,1.2.0,synthetic,true,SRC-SYNTH,2026-09-13T00:00:00+08:00,0.9,synthetic,not_applicable,,team_generated,false,dev
EVT-S022-02,USER-S022,skill_assessment,2024-10-27T16:00:00Z,SKILL-054,,,3,completed,positive,progressing,low,完成能力测评并生成可解释证据,1.2.0,synthetic,true,SRC-SYNTH,2026-09-13T00:00:00+08:00,0.9,synthetic,not_applicable,,team_generated,false,dev
EVT-S022-03,USER-S022,course_started,2024-11-13T16:00:00Z,SKILL-010,RES-0190,,0,completed,neutral,active,low,开始一项与目标能力相关的课程,1.2.0,synthetic,true,SRC-SYNTH,2026-09-13T00:00:00+08:00,0.9,synthetic,not_applicable,,team_generated,false,dev
EVT-S022-04,USER-S022,task_completed,2024-11-30T16:00:00Z,SKILL-018,RES-0138,,2,completed,positive,progressing,low,完成本周学习任务,1.2.0,synthetic,true,SRC-SYNTH,2026-09-13T00:00:00+08:00,0.9,synthetic,not_applicable,,team_generated,false,dev
EVT-S022-05,USER-S022,skill_practice,2024-12-17T16:00:00Z,SKILL-021,RES-0141,,2,completed,positive,progressing,low,完成技能练习并记录反思,1.2.0,synthetic,true,SRC-SYNTH,2026-09-13T00:00:00+08:00,0.9,synthetic,not_applicable,,team_generated,false,dev
EVT-S022-06,USER-S022,course_completed,2025-01-03T16:00:00Z,SKILL-024,RES-0197,,6,completed,positive,progressing,low,完成课程并提交学习总结,1.2.0,synthetic,true,SRC-SYNTH,2026-09-13T00:00:00+08:00,0.9,synthetic,not_applicable,,team_generated,false,dev
EVT-S022-07,USER-S022,project_started,2025-01-20T16:00:00Z,SKILL-036,RES-0036,,0,completed,neutral,active,low,启动实践项目并确认里程碑,1.2.0,synthetic,true,SRC-SYNTH,2026-09-13T00:00:00+08:00,0.9,synthetic,not_applicable,,team_generated,false,dev
EVT-S022-08,USER-S022,job_viewed,2025-02-06T16:00:00Z,,,JOB-AI-ALG-0087,0,completed,neutral,active,low,查看目标岗位及能力要求,1.2.0,synthetic,true,SRC-SYNTH,2026-09-13T00:00:00+08:00,0.9,synthetic,not_applicable,,team_generated,false,dev
EVT-S022-09,USER-S022,feedback_submitted,2025-02-23T16:00:00Z,SKILL-010,,,0,completed,neutral,active,low,提交计划难度和推荐相关性反馈,1.2.0,synthetic,true,SRC-SYNTH,2026-09-13T00:00:00+08:00,0.9,synthetic,not_applicable,,team_generated,false,dev
EVT-S022-10,USER-S022,task_completed,2025-03-12T16:00:00Z,SKILL-018,RES-0131,,2,completed,positive,progressing,low,完成本周学习任务,1.2.0,synthetic,true,SRC-SYNTH,2026-09-13T00:00:00+08:00,0.9,synthetic,not_applicable,,team_generated,false,dev
EVT-S022-11,USER-S022,project_completed,2025-03-29T16:00:00Z,SKILL-021,RES-0004,,8,completed,positive,progressing,low,完成项目、说明文档和复盘,1.2.0,synthetic,true,SRC-SYNTH,2026-09-13T00:00:00+08:00,0.9,synthetic,not_applicable,,team_generated,false,dev
EVT-S022-12,USER-S022,profile_recalculated,2025-04-15T16:00:00Z,SKILL-024,,,0,completed,neutral,active,low,根据新证据重算画像与岗位匹配度,1.2.0,synthetic,true,SRC-SYNTH,2026-09-13T00:00:00+08:00,0.9,synthetic,not_applicable,,team_generated,false,dev
EVT-S022-13,USER-S022,job_saved,2025-05-02T16:00:00Z,,,JOB-AI-ALG-0013,0,completed,neutral,active,low,收藏一个模拟目标岗位,1.2.0,synthetic,true,SRC-SYNTH,2026-09-13T00:00:00+08:00,0.9,synthetic,not_applicable,,team_generated,false,dev
EVT-S022-14,USER-S022,application_submitted,2025-05-19T16:00:00Z,,,JOB-AI-ALG-0014,0,completed,neutral,active,low,向模拟岗位提交申请,1.2.0,synthetic,true,SRC-SYNTH,2026-09-13T00:00:00+08:00,0.9,synthetic,not_applicable,,team_generated,false,dev
EVT-S022-15,USER-S022,interview_result,2025-06-05T16:00:00Z,,,JOB-AI-ALG-0015,0,completed,disappointed,active,low,记录模拟面试反馈,1.2.0,synthetic,true,SRC-SYNTH,2026-09-13T00:00:00+08:00,0.9,synthetic,not_applicable,,team_generated,false,dev
EVT-S022-16,USER-S022,plan_adjusted,2025-06-22T16:00:00Z,SKILL-018,,,0,completed,neutral,plan_rebalanced,low,根据时间和反馈调整学习计划,1.2.0,synthetic,true,SRC-SYNTH,2026-09-13T00:00:00+08:00,0.9,synthetic,not_applicable,,team_generated,false,dev
EVT-S022-17,USER-S022,skill_practice,2025-07-09T16:00:00Z,SKILL-021,RES-0314,,2,completed,positive,progressing,low,完成技能练习并记录反思,1.2.0,synthetic,true,SRC-SYNTH,2026-09-13T00:00:00+08:00,0.9,synthetic,not_applicable,,team_generated,false,dev
EVT-S022-18,USER-S022,inactivity,2025-07-26T16:00:00Z,SKILL-024,,,-4,attention_needed,frustrated,learning_stalled,medium,超过设定周期未产生学习证据，触发技能衰减,1.2.0,synthetic,true,SRC-SYNTH,2026-09-13T00:00:00+08:00,0.9,synthetic,not_applicable,,team_generated,false,dev
EVT-S022-19,USER-S022,reminder_response,2025-08-12T16:00:00Z,SKILL-036,,,0,completed,neutral,active,low,响应任务提醒并更新完成状态,1.2.0,synthetic,true,SRC-SYNTH,2026-09-13T00:00:00+08:00,0.9,synthetic,not_applicable,,team_generated,false,dev
EVT-S022-20,USER-S022,profile_recalculated,2025-08-29T16:00:00Z,SKILL-054,,,0,completed,neutral,active,low,根据新证据重算画像与岗位匹配度,1.2.0,synthetic,true,SRC-SYNTH,2026-09-13T00:00:00+08:00,0.9,synthetic,not_applicable,,team_generated,false,dev
EVT-S022-21,USER-S022,onboarding,2025-09-15T16:00:00Z,,,,0,completed,neutral,active,low,完成基础信息和学习约束录入,1.2.0,synthetic,true,SRC-SYNTH,2026-09-13T00:00:00+08:00,0.9,synthetic,not_applicable,,team_generated,false,dev
EVT-S022-22,USER-S022,skill_assessment,2025-10-02T16:00:00Z,SKILL-018,,,3,completed,positive,progressing,low,完成能力测评并生成可解释证据,1.2.0,synthetic,true,SRC-SYNTH,2026-09-13T00:00:00+08:00,0.9,synthetic,not_applicable,,team_generated,false,dev
EVT-S022-23,USER-S022,course_started,2025-10-19T16:00:00Z,SKILL-021,RES-0134,,0,completed,neutral,active,low,开始一项与目标能力相关的课程,1.2.0,synthetic,true,SRC-SYNTH,2026-09-13T00:00:00+08:00,0.9,synthetic,not_applicable,,team_generated,false,dev
EVT-S022-24,USER-S022,task_completed,2025-11-05T16:00:00Z,SKILL-024,RES-0144,,2,completed,positive,progressing,low,完成本周学习任务,1.2.0,synthetic,true,SRC-SYNTH,2026-09-13T00:00:00+08:00,0.9,synthetic,not_applicable,,team_generated,false,dev
EVT-S022-25,USER-S022,skill_practice,2025-11-22T16:00:00Z,SKILL-036,RES-0149,,2,completed,positive,progressing,low,完成技能练习并记录反思,1.2.0,synthetic,true,SRC-SYNTH,2026-09-13T00:00:00+08:00,0.9,synthetic,not_applicable,,team_generated,false,dev
EVT-S022-26,USER-S022,course_completed,2025-12-09T16:00:00Z,SKILL-054,RES-0167,,6,completed,positive,progressing,low,完成课程并提交学习总结,1.2.0,synthetic,true,SRC-SYNTH,2026-09-13T00:00:00+08:00,0.9,synthetic,not_applicable,,team_generated,false,dev
EVT-S022-27,USER-S022,project_started,2025-12-26T16:00:00Z,SKILL-010,RES-0190,,0,completed,neutral,active,low,启动实践项目并确认里程碑,1.2.0,synthetic,true,SRC-SYNTH,2026-09-13T00:00:00+08:00,0.9,synthetic,not_applicable,,team_generated,false,dev
EVT-S022-28,USER-S022,job_viewed,2026-01-12T16:00:00Z,,,JOB-AI-ALG-0028,0,completed,neutral,active,low,查看目标岗位及能力要求,1.2.0,synthetic,true,SRC-SYNTH,2026-09-13T00:00:00+08:00,0.9,synthetic,not_applicable,,team_generated,false,dev
EVT-S022-29,USER-S022,feedback_submitted,2026-01-29T16:00:00Z,SKILL-021,,,0,completed,neutral,active,low,提交计划难度和推荐相关性反馈,1.2.0,synthetic,true,SRC-SYNTH,2026-09-13T00:00:00+08:00,0.9,synthetic,not_applicable,,team_generated,false,dev
EVT-S022-30,USER-S022,task_completed,2026-02-15T16:00:00Z,SKILL-024,RES-0137,,2,completed,positive,progressing,low,完成本周学习任务,1.2.0,synthetic,true,SRC-SYNTH,2026-09-13T00:00:00+08:00,0.9,synthetic,not_applicable,,team_generated,false,dev
EVT-S022-31,USER-S022,project_completed,2026-03-04T16:00:00Z,SKILL-036,RES-0029,,8,completed,positive,progressing,low,完成项目、说明文档和复盘,1.2.0,synthetic,true,SRC-SYNTH,2026-09-13T00:00:00+08:00,0.9,synthetic,not_applicable,,team_generated,false,dev
EVT-S022-32,USER-S022,profile_recalculated,2026-03-21T16:00:00Z,SKILL-054,,,0,completed,neutral,active,low,根据新证据重算画像与岗位匹配度,1.2.0,synthetic,true,SRC-SYNTH,2026-09-13T00:00:00+08:00,0.9,synthetic,not_applicable,,team_generated,false,dev
EVT-S022-33,USER-S022,job_saved,2026-04-07T16:00:00Z,,,JOB-AI-ALG-0033,0,completed,neutral,active,low,收藏一个模拟目标岗位,1.2.0,synthetic,true,SRC-SYNTH,2026-09-13T00:00:00+08:00,0.9,synthetic,not_applicable,,team_generated,false,dev
EVT-S022-34,USER-S022,application_submitted,2026-04-24T16:00:00Z,,,JOB-AI-ALG-0034,0,completed,neutral,active,low,向模拟岗位提交申请,1.2.0,synthetic,true,SRC-SYNTH,2026-09-13T00:00:00+08:00,0.9,synthetic,not_applicable,,team_generated,false,dev
EVT-S022-35,USER-S022,interview_result,2026-05-11T16:00:00Z,,,JOB-AI-ALG-0035,0,completed,disappointed,active,low,记录模拟面试反馈,1.2.0,synthetic,true,SRC-SYNTH,2026-09-13T00:00:00+08:00,0.9,synthetic,not_applicable,,team_generated,false,dev
EVT-S022-36,USER-S022,plan_adjusted,2026-05-28T16:00:00Z,SKILL-024,,,0,completed,neutral,plan_rebalanced,low,根据时间和反馈调整学习计划,1.2.0,synthetic,true,SRC-SYNTH,2026-09-13T00:00:00+08:00,0.9,synthetic,not_applicable,,team_generated,false,dev
EVT-S022-37,USER-S022,skill_practice,2026-06-14T16:00:00Z,SKILL-036,RES-0036,,2,completed,positive,progressing,low,完成技能练习并记录反思,1.2.0,synthetic,true,SRC-SYNTH,2026-09-13T00:00:00+08:00,0.9,synthetic,not_applicable,,team_generated,false,dev
EVT-S022-38,USER-S022,inactivity,2026-07-01T16:00:00Z,SKILL-054,,,-4,attention_needed,frustrated,learning_stalled,medium,超过设定周期未产生学习证据，触发技能衰减,1.2.0,synthetic,true,SRC-SYNTH,2026-09-13T00:00:00+08:00,0.9,synthetic,not_applicable,,team_generated,false,dev
EVT-S022-39,USER-S022,reminder_response,2026-07-18T16:00:00Z,SKILL-010,,,0,completed,neutral,active,low,响应任务提醒并更新完成状态,1.2.0,synthetic,true,SRC-SYNTH,2026-09-13T00:00:00+08:00,0.9,synthetic,not_applicable,,team_generated,false,dev
EVT-S022-40,USER-S022,profile_recalculated,2026-08-04T16:00:00Z,SKILL-018,,,0,completed,neutral,active,low,根据新证据重算画像与岗位匹配度,1.2.0,synthetic,true,SRC-SYNTH,2026-09-13T00:00:00+08:00,0.9,synthetic,not_applicable,,team_generated,false,dev
EVT-S023-01,USER-S023,onboarding,2024-10-10T16:00:00Z,,,,0,completed,neutral,active,low,完成基础信息和学习约束录入,1.2.0,synthetic,true,SRC-SYNTH,2026-09-13T00:00:00+08:00,0.9,synthetic,not_applicable,,team_generated,false,dev
EVT-S023-02,USER-S023,skill_assessment,2024-10-27T16:00:00Z,SKILL-001,,,3,completed,positive,progressing,low,完成能力测评并生成可解释证据,1.2.0,synthetic,true,SRC-SYNTH,2026-09-13T00:00:00+08:00,0.9,synthetic,not_applicable,,team_generated,false,dev
EVT-S023-03,USER-S023,course_started,2024-11-13T16:00:00Z,SKILL-009,RES-0122,,0,completed,neutral,active,low,开始一项与目标能力相关的课程,1.2.0,synthetic,true,SRC-SYNTH,2026-09-13T00:00:00+08:00,0.9,synthetic,not_applicable,,team_generated,false,dev
EVT-S023-04,USER-S023,task_completed,2024-11-30T16:00:00Z,SKILL-027,RES-0140,,2,completed,positive,progressing,low,完成本周学习任务,1.2.0,synthetic,true,SRC-SYNTH,2026-09-13T00:00:00+08:00,0.9,synthetic,not_applicable,,team_generated,false,dev
EVT-S023-05,USER-S023,skill_practice,2024-12-17T16:00:00Z,SKILL-030,RES-0203,,2,completed,positive,progressing,low,完成技能练习并记录反思,1.2.0,synthetic,true,SRC-SYNTH,2026-09-13T00:00:00+08:00,0.9,synthetic,not_applicable,,team_generated,false,dev
EVT-S023-06,USER-S023,course_completed,2025-01-03T16:00:00Z,SKILL-036,RES-0156,,6,completed,positive,progressing,low,完成课程并提交学习总结,1.2.0,synthetic,true,SRC-SYNTH,2026-09-13T00:00:00+08:00,0.9,synthetic,not_applicable,,team_generated,false,dev
EVT-S023-07,USER-S023,project_started,2025-01-20T16:00:00Z,SKILL-039,RES-0452,,0,completed,neutral,active,low,启动实践项目并确认里程碑,1.2.0,synthetic,true,SRC-SYNTH,2026-09-13T00:00:00+08:00,0.9,synthetic,not_applicable,,team_generated,false,dev
EVT-S023-08,USER-S023,job_viewed,2025-02-06T16:00:00Z,,,JOB-AI-APP-0087,0,completed,neutral,active,low,查看目标岗位及能力要求,1.2.0,synthetic,true,SRC-SYNTH,2026-09-13T00:00:00+08:00,0.9,synthetic,not_applicable,,team_generated,false,dev
EVT-S023-09,USER-S023,feedback_submitted,2025-02-23T16:00:00Z,SKILL-009,,,0,completed,neutral,active,low,提交计划难度和推荐相关性反馈,1.2.0,synthetic,true,SRC-SYNTH,2026-09-13T00:00:00+08:00,0.9,synthetic,not_applicable,,team_generated,false,dev
EVT-S023-10,USER-S023,task_completed,2025-03-12T16:00:00Z,SKILL-027,RES-0018,,2,completed,positive,progressing,low,完成本周学习任务,1.2.0,synthetic,true,SRC-SYNTH,2026-09-13T00:00:00+08:00,0.9,synthetic,not_applicable,,team_generated,false,dev
EVT-S023-11,USER-S023,project_completed,2025-03-29T16:00:00Z,SKILL-030,RES-0143,,8,completed,positive,progressing,low,完成项目、说明文档和复盘,1.2.0,synthetic,true,SRC-SYNTH,2026-09-13T00:00:00+08:00,0.9,synthetic,not_applicable,,team_generated,false,dev
EVT-S023-12,USER-S023,profile_recalculated,2025-04-15T16:00:00Z,SKILL-036,,,0,completed,neutral,active,low,根据新证据重算画像与岗位匹配度,1.2.0,synthetic,true,SRC-SYNTH,2026-09-13T00:00:00+08:00,0.9,synthetic,not_applicable,,team_generated,false,dev
EVT-S023-13,USER-S023,job_saved,2025-05-02T16:00:00Z,,,JOB-AI-APP-0013,0,completed,neutral,active,low,收藏一个模拟目标岗位,1.2.0,synthetic,true,SRC-SYNTH,2026-09-13T00:00:00+08:00,0.9,synthetic,not_applicable,,team_generated,false,dev
EVT-S023-14,USER-S023,application_submitted,2025-05-19T16:00:00Z,,,JOB-AI-APP-0014,0,completed,neutral,active,low,向模拟岗位提交申请,1.2.0,synthetic,true,SRC-SYNTH,2026-09-13T00:00:00+08:00,0.9,synthetic,not_applicable,,team_generated,false,dev
EVT-S023-15,USER-S023,interview_result,2025-06-05T16:00:00Z,,,JOB-AI-APP-0015,0,completed,disappointed,active,low,记录模拟面试反馈,1.2.0,synthetic,true,SRC-SYNTH,2026-09-13T00:00:00+08:00,0.9,synthetic,not_applicable,,team_generated,false,dev
EVT-S023-16,USER-S023,plan_adjusted,2025-06-22T16:00:00Z,SKILL-027,,,0,completed,neutral,plan_rebalanced,low,根据时间和反馈调整学习计划,1.2.0,synthetic,true,SRC-SYNTH,2026-09-13T00:00:00+08:00,0.9,synthetic,not_applicable,,team_generated,false,dev
EVT-S023-17,USER-S023,skill_practice,2025-07-09T16:00:00Z,SKILL-030,RES-0450,,2,completed,positive,progressing,low,完成技能练习并记录反思,1.2.0,synthetic,true,SRC-SYNTH,2026-09-13T00:00:00+08:00,0.9,synthetic,not_applicable,,team_generated,false,dev
EVT-S023-18,USER-S023,inactivity,2025-07-26T16:00:00Z,SKILL-036,,,-4,attention_needed,frustrated,learning_stalled,medium,超过设定周期未产生学习证据，触发技能衰减,1.2.0,synthetic,true,SRC-SYNTH,2026-09-13T00:00:00+08:00,0.9,synthetic,not_applicable,,team_generated,false,dev
EVT-S023-19,USER-S023,reminder_response,2025-08-12T16:00:00Z,SKILL-039,,,0,completed,neutral,active,low,响应任务提醒并更新完成状态,1.2.0,synthetic,true,SRC-SYNTH,2026-09-13T00:00:00+08:00,0.9,synthetic,not_applicable,,team_generated,false,dev
EVT-S023-20,USER-S023,profile_recalculated,2025-08-29T16:00:00Z,SKILL-001,,,0,completed,neutral,active,low,根据新证据重算画像与岗位匹配度,1.2.0,synthetic,true,SRC-SYNTH,2026-09-13T00:00:00+08:00,0.9,synthetic,not_applicable,,team_generated,false,dev
EVT-S023-21,USER-S023,onboarding,2025-09-15T16:00:00Z,,,,0,completed,neutral,active,low,完成基础信息和学习约束录入,1.2.0,synthetic,true,SRC-SYNTH,2026-09-13T00:00:00+08:00,0.9,synthetic,not_applicable,,team_generated,false,dev
EVT-S023-22,USER-S023,skill_assessment,2025-10-02T16:00:00Z,SKILL-027,,,3,completed,positive,progressing,low,完成能力测评并生成可解释证据,1.2.0,synthetic,true,SRC-SYNTH,2026-09-13T00:00:00+08:00,0.9,synthetic,not_applicable,,team_generated,false,dev
EVT-S023-23,USER-S023,course_started,2025-10-19T16:00:00Z,SKILL-030,RES-0023,,0,completed,neutral,active,low,开始一项与目标能力相关的课程,1.2.0,synthetic,true,SRC-SYNTH,2026-09-13T00:00:00+08:00,0.9,synthetic,not_applicable,,team_generated,false,dev
EVT-S023-24,USER-S023,task_completed,2025-11-05T16:00:00Z,SKILL-036,RES-0156,,2,completed,positive,progressing,low,完成本周学习任务,1.2.0,synthetic,true,SRC-SYNTH,2026-09-13T00:00:00+08:00,0.9,synthetic,not_applicable,,team_generated,false,dev
EVT-S023-25,USER-S023,skill_practice,2025-11-22T16:00:00Z,SKILL-039,RES-0152,,2,completed,positive,progressing,low,完成技能练习并记录反思,1.2.0,synthetic,true,SRC-SYNTH,2026-09-13T00:00:00+08:00,0.9,synthetic,not_applicable,,team_generated,false,dev
EVT-S023-26,USER-S023,course_completed,2025-12-09T16:00:00Z,SKILL-001,RES-0121,,6,completed,positive,progressing,low,完成课程并提交学习总结,1.2.0,synthetic,true,SRC-SYNTH,2026-09-13T00:00:00+08:00,0.9,synthetic,not_applicable,,team_generated,false,dev
EVT-S023-27,USER-S023,project_started,2025-12-26T16:00:00Z,SKILL-009,RES-0182,,0,completed,neutral,active,low,启动实践项目并确认里程碑,1.2.0,synthetic,true,SRC-SYNTH,2026-09-13T00:00:00+08:00,0.9,synthetic,not_applicable,,team_generated,false,dev
EVT-S023-28,USER-S023,job_viewed,2026-01-12T16:00:00Z,,,JOB-AI-APP-0028,0,completed,neutral,active,low,查看目标岗位及能力要求,1.2.0,synthetic,true,SRC-SYNTH,2026-09-13T00:00:00+08:00,0.9,synthetic,not_applicable,,team_generated,false,dev
EVT-S023-29,USER-S023,feedback_submitted,2026-01-29T16:00:00Z,SKILL-030,,,0,completed,neutral,active,low,提交计划难度和推荐相关性反馈,1.2.0,synthetic,true,SRC-SYNTH,2026-09-13T00:00:00+08:00,0.9,synthetic,not_applicable,,team_generated,false,dev
EVT-S023-30,USER-S023,task_completed,2026-02-15T16:00:00Z,SKILL-036,RES-0449,,2,completed,positive,progressing,low,完成本周学习任务,1.2.0,synthetic,true,SRC-SYNTH,2026-09-13T00:00:00+08:00,0.9,synthetic,not_applicable,,team_generated,false,dev
EVT-S023-31,USER-S023,project_completed,2026-03-04T16:00:00Z,SKILL-039,RES-0092,,8,completed,positive,progressing,low,完成项目、说明文档和复盘,1.2.0,synthetic,true,SRC-SYNTH,2026-09-13T00:00:00+08:00,0.9,synthetic,not_applicable,,team_generated,false,dev
EVT-S023-32,USER-S023,profile_recalculated,2026-03-21T16:00:00Z,SKILL-001,,,0,completed,neutral,active,low,根据新证据重算画像与岗位匹配度,1.2.0,synthetic,true,SRC-SYNTH,2026-09-13T00:00:00+08:00,0.9,synthetic,not_applicable,,team_generated,false,dev
EVT-S023-33,USER-S023,job_saved,2026-04-07T16:00:00Z,,,JOB-AI-APP-0033,0,completed,neutral,active,low,收藏一个模拟目标岗位,1.2.0,synthetic,true,SRC-SYNTH,2026-09-13T00:00:00+08:00,0.9,synthetic,not_applicable,,team_generated,false,dev
EVT-S023-34,USER-S023,application_submitted,2026-04-24T16:00:00Z,,,JOB-AI-APP-0034,0,completed,neutral,active,low,向模拟岗位提交申请,1.2.0,synthetic,true,SRC-SYNTH,2026-09-13T00:00:00+08:00,0.9,synthetic,not_applicable,,team_generated,false,dev
EVT-S023-35,USER-S023,interview_result,2026-05-11T16:00:00Z,,,JOB-AI-APP-0035,0,completed,disappointed,active,low,记录模拟面试反馈,1.2.0,synthetic,true,SRC-SYNTH,2026-09-13T00:00:00+08:00,0.9,synthetic,not_applicable,,team_generated,false,dev
EVT-S023-36,USER-S023,plan_adjusted,2026-05-28T16:00:00Z,SKILL-036,,,0,completed,neutral,plan_rebalanced,low,根据时间和反馈调整学习计划,1.2.0,synthetic,true,SRC-SYNTH,2026-09-13T00:00:00+08:00,0.9,synthetic,not_applicable,,team_generated,false,dev
EVT-S023-37,USER-S023,skill_practice,2026-06-14T16:00:00Z,SKILL-039,RES-0039,,2,completed,positive,progressing,low,完成技能练习并记录反思,1.2.0,synthetic,true,SRC-SYNTH,2026-09-13T00:00:00+08:00,0.9,synthetic,not_applicable,,team_generated,false,dev
EVT-S023-38,USER-S023,inactivity,2026-07-01T16:00:00Z,SKILL-001,,,-4,attention_needed,frustrated,learning_stalled,medium,超过设定周期未产生学习证据，触发技能衰减,1.2.0,synthetic,true,SRC-SYNTH,2026-09-13T00:00:00+08:00,0.9,synthetic,not_applicable,,team_generated,false,dev
EVT-S023-39,USER-S023,reminder_response,2026-07-18T16:00:00Z,SKILL-009,,,0,completed,neutral,active,low,响应任务提醒并更新完成状态,1.2.0,synthetic,true,SRC-SYNTH,2026-09-13T00:00:00+08:00,0.9,synthetic,not_applicable,,team_generated,false,dev
EVT-S023-40,USER-S023,profile_recalculated,2026-08-04T16:00:00Z,SKILL-027,,,0,completed,neutral,active,low,根据新证据重算画像与岗位匹配度,1.2.0,synthetic,true,SRC-SYNTH,2026-09-13T00:00:00+08:00,0.9,synthetic,not_applicable,,team_generated,false,dev
EVT-S024-01,USER-S024,onboarding,2024-10-10T16:00:00Z,,,,0,completed,neutral,active,low,完成基础信息和学习约束录入,1.2.0,synthetic,true,SRC-SYNTH,2026-09-13T00:00:00+08:00,0.9,synthetic,not_applicable,,team_generated,false,dev
EVT-S024-02,USER-S024,skill_assessment,2024-10-27T16:00:00Z,SKILL-009,,,3,completed,positive,progressing,low,完成能力测评并生成可解释证据,1.2.0,synthetic,true,SRC-SYNTH,2026-09-13T00:00:00+08:00,0.9,synthetic,not_applicable,,team_generated,false,dev
EVT-S024-03,USER-S024,course_started,2024-11-13T16:00:00Z,SKILL-012,RES-0125,,0,completed,neutral,active,low,开始一项与目标能力相关的课程,1.2.0,synthetic,true,SRC-SYNTH,2026-09-13T00:00:00+08:00,0.9,synthetic,not_applicable,,team_generated,false,dev
EVT-S024-04,USER-S024,task_completed,2024-11-30T16:00:00Z,SKILL-015,RES-0128,,2,completed,positive,progressing,low,完成本周学习任务,1.2.0,synthetic,true,SRC-SYNTH,2026-09-13T00:00:00+08:00,0.9,synthetic,not_applicable,,team_generated,false,dev
EVT-S024-05,USER-S024,skill_practice,2024-12-17T16:00:00Z,SKILL-041,RES-0154,,2,completed,positive,progressing,low,完成技能练习并记录反思,1.2.0,synthetic,true,SRC-SYNTH,2026-09-13T00:00:00+08:00,0.9,synthetic,not_applicable,,team_generated,false,dev
EVT-S024-06,USER-S024,course_completed,2025-01-03T16:00:00Z,SKILL-045,RES-0165,,6,completed,positive,progressing,low,完成课程并提交学习总结,1.2.0,synthetic,true,SRC-SYNTH,2026-09-13T00:00:00+08:00,0.9,synthetic,not_applicable,,team_generated,false,dev
EVT-S024-07,USER-S024,project_started,2025-01-20T16:00:00Z,SKILL-049,RES-0589,,0,completed,neutral,active,low,启动实践项目并确认里程碑,1.2.0,synthetic,true,SRC-SYNTH,2026-09-13T00:00:00+08:00,0.9,synthetic,not_applicable,,team_generated,false,dev
EVT-S024-08,USER-S024,job_viewed,2025-02-06T16:00:00Z,,,JOB-DATA-0087,0,completed,neutral,active,low,查看目标岗位及能力要求,1.2.0,synthetic,true,SRC-SYNTH,2026-09-13T00:00:00+08:00,0.9,synthetic,not_applicable,,team_generated,false,dev
EVT-S024-09,USER-S024,feedback_submitted,2025-02-23T16:00:00Z,SKILL-012,,,0,completed,neutral,active,low,提交计划难度和推荐相关性反馈,1.2.0,synthetic,true,SRC-SYNTH,2026-09-13T00:00:00+08:00,0.9,synthetic,not_applicable,,team_generated,false,dev
EVT-S024-10,USER-S024,task_completed,2025-03-12T16:00:00Z,SKILL-015,RES-0135,,2,completed,positive,progressing,low,完成本周学习任务,1.2.0,synthetic,true,SRC-SYNTH,2026-09-13T00:00:00+08:00,0.9,synthetic,not_applicable,,team_generated,false,dev
EVT-S024-11,USER-S024,project_completed,2025-03-29T16:00:00Z,SKILL-041,RES-0154,,8,completed,positive,progressing,low,完成项目、说明文档和复盘,1.2.0,synthetic,true,SRC-SYNTH,2026-09-13T00:00:00+08:00,0.9,synthetic,not_applicable,,team_generated,false,dev
EVT-S024-12,USER-S024,profile_recalculated,2025-04-15T16:00:00Z,SKILL-045,,,0,completed,neutral,active,low,根据新证据重算画像与岗位匹配度,1.2.0,synthetic,true,SRC-SYNTH,2026-09-13T00:00:00+08:00,0.9,synthetic,not_applicable,,team_generated,false,dev
EVT-S024-13,USER-S024,job_saved,2025-05-02T16:00:00Z,,,JOB-DATA-0013,0,completed,neutral,active,low,收藏一个模拟目标岗位,1.2.0,synthetic,true,SRC-SYNTH,2026-09-13T00:00:00+08:00,0.9,synthetic,not_applicable,,team_generated,false,dev
EVT-S024-14,USER-S024,application_submitted,2025-05-19T16:00:00Z,,,JOB-DATA-0014,0,completed,neutral,active,low,向模拟岗位提交申请,1.2.0,synthetic,true,SRC-SYNTH,2026-09-13T00:00:00+08:00,0.9,synthetic,not_applicable,,team_generated,false,dev
EVT-S024-15,USER-S024,interview_result,2025-06-05T16:00:00Z,,,JOB-DATA-0015,0,completed,disappointed,active,low,记录模拟面试反馈,1.2.0,synthetic,true,SRC-SYNTH,2026-09-13T00:00:00+08:00,0.9,synthetic,not_applicable,,team_generated,false,dev
EVT-S024-16,USER-S024,plan_adjusted,2025-06-22T16:00:00Z,SKILL-015,,,0,completed,neutral,plan_rebalanced,low,根据时间和反馈调整学习计划,1.2.0,synthetic,true,SRC-SYNTH,2026-09-13T00:00:00+08:00,0.9,synthetic,not_applicable,,team_generated,false,dev
EVT-S024-17,USER-S024,skill_practice,2025-07-09T16:00:00Z,SKILL-041,RES-0034,,2,completed,positive,progressing,low,完成技能练习并记录反思,1.2.0,synthetic,true,SRC-SYNTH,2026-09-13T00:00:00+08:00,0.9,synthetic,not_applicable,,team_generated,false,dev
EVT-S024-18,USER-S024,inactivity,2025-07-26T16:00:00Z,SKILL-045,,,-4,attention_needed,frustrated,learning_stalled,medium,超过设定周期未产生学习证据，触发技能衰减,1.2.0,synthetic,true,SRC-SYNTH,2026-09-13T00:00:00+08:00,0.9,synthetic,not_applicable,,team_generated,false,dev
EVT-S024-19,USER-S024,reminder_response,2025-08-12T16:00:00Z,SKILL-049,,,0,completed,neutral,active,low,响应任务提醒并更新完成状态,1.2.0,synthetic,true,SRC-SYNTH,2026-09-13T00:00:00+08:00,0.9,synthetic,not_applicable,,team_generated,false,dev
EVT-S024-20,USER-S024,profile_recalculated,2025-08-29T16:00:00Z,SKILL-009,,,0,completed,neutral,active,low,根据新证据重算画像与岗位匹配度,1.2.0,synthetic,true,SRC-SYNTH,2026-09-13T00:00:00+08:00,0.9,synthetic,not_applicable,,team_generated,false,dev
EVT-S024-21,USER-S024,onboarding,2025-09-15T16:00:00Z,,,,0,completed,neutral,active,low,完成基础信息和学习约束录入,1.2.0,synthetic,true,SRC-SYNTH,2026-09-13T00:00:00+08:00,0.9,synthetic,not_applicable,,team_generated,false,dev
EVT-S024-22,USER-S024,skill_assessment,2025-10-02T16:00:00Z,SKILL-015,,,3,completed,positive,progressing,low,完成能力测评并生成可解释证据,1.2.0,synthetic,true,SRC-SYNTH,2026-09-13T00:00:00+08:00,0.9,synthetic,not_applicable,,team_generated,false,dev
EVT-S024-23,USER-S024,course_started,2025-10-19T16:00:00Z,SKILL-041,RES-0154,,0,completed,neutral,active,low,开始一项与目标能力相关的课程,1.2.0,synthetic,true,SRC-SYNTH,2026-09-13T00:00:00+08:00,0.9,synthetic,not_applicable,,team_generated,false,dev
EVT-S024-24,USER-S024,task_completed,2025-11-05T16:00:00Z,SKILL-045,RES-0165,,2,completed,positive,progressing,low,完成本周学习任务,1.2.0,synthetic,true,SRC-SYNTH,2026-09-13T00:00:00+08:00,0.9,synthetic,not_applicable,,team_generated,false,dev
EVT-S024-25,USER-S024,skill_practice,2025-11-22T16:00:00Z,SKILL-049,RES-0155,,2,completed,positive,progressing,low,完成技能练习并记录反思,1.2.0,synthetic,true,SRC-SYNTH,2026-09-13T00:00:00+08:00,0.9,synthetic,not_applicable,,team_generated,false,dev
EVT-S024-26,USER-S024,course_completed,2025-12-09T16:00:00Z,SKILL-009,RES-0129,,6,completed,positive,progressing,low,完成课程并提交学习总结,1.2.0,synthetic,true,SRC-SYNTH,2026-09-13T00:00:00+08:00,0.9,synthetic,not_applicable,,team_generated,false,dev
EVT-S024-27,USER-S024,project_started,2025-12-26T16:00:00Z,SKILL-012,RES-0552,,0,completed,neutral,active,low,启动实践项目并确认里程碑,1.2.0,synthetic,true,SRC-SYNTH,2026-09-13T00:00:00+08:00,0.9,synthetic,not_applicable,,team_generated,false,dev
EVT-S024-28,USER-S024,job_viewed,2026-01-12T16:00:00Z,,,JOB-DATA-0028,0,completed,neutral,active,low,查看目标岗位及能力要求,1.2.0,synthetic,true,SRC-SYNTH,2026-09-13T00:00:00+08:00,0.9,synthetic,not_applicable,,team_generated,false,dev
EVT-S024-29,USER-S024,feedback_submitted,2026-01-29T16:00:00Z,SKILL-041,,,0,completed,neutral,active,low,提交计划难度和推荐相关性反馈,1.2.0,synthetic,true,SRC-SYNTH,2026-09-13T00:00:00+08:00,0.9,synthetic,not_applicable,,team_generated,false,dev
EVT-S024-30,USER-S024,task_completed,2026-02-15T16:00:00Z,SKILL-045,RES-0165,,2,completed,positive,progressing,low,完成本周学习任务,1.2.0,synthetic,true,SRC-SYNTH,2026-09-13T00:00:00+08:00,0.9,synthetic,not_applicable,,team_generated,false,dev
EVT-S024-31,USER-S024,project_completed,2026-03-04T16:00:00Z,SKILL-049,RES-0335,,8,completed,positive,progressing,low,完成项目、说明文档和复盘,1.2.0,synthetic,true,SRC-SYNTH,2026-09-13T00:00:00+08:00,0.9,synthetic,not_applicable,,team_generated,false,dev
EVT-S024-32,USER-S024,profile_recalculated,2026-03-21T16:00:00Z,SKILL-009,,,0,completed,neutral,active,low,根据新证据重算画像与岗位匹配度,1.2.0,synthetic,true,SRC-SYNTH,2026-09-13T00:00:00+08:00,0.9,synthetic,not_applicable,,team_generated,false,dev
EVT-S024-33,USER-S024,job_saved,2026-04-07T16:00:00Z,,,JOB-DATA-0033,0,completed,neutral,active,low,收藏一个模拟目标岗位,1.2.0,synthetic,true,SRC-SYNTH,2026-09-13T00:00:00+08:00,0.9,synthetic,not_applicable,,team_generated,false,dev
EVT-S024-34,USER-S024,application_submitted,2026-04-24T16:00:00Z,,,JOB-DATA-0034,0,completed,neutral,active,low,向模拟岗位提交申请,1.2.0,synthetic,true,SRC-SYNTH,2026-09-13T00:00:00+08:00,0.9,synthetic,not_applicable,,team_generated,false,dev
EVT-S024-35,USER-S024,interview_result,2026-05-11T16:00:00Z,,,JOB-DATA-0035,0,completed,disappointed,active,low,记录模拟面试反馈,1.2.0,synthetic,true,SRC-SYNTH,2026-09-13T00:00:00+08:00,0.9,synthetic,not_applicable,,team_generated,false,dev
EVT-S024-36,USER-S024,plan_adjusted,2026-05-28T16:00:00Z,SKILL-045,,,0,completed,neutral,plan_rebalanced,low,根据时间和反馈调整学习计划,1.2.0,synthetic,true,SRC-SYNTH,2026-09-13T00:00:00+08:00,0.9,synthetic,not_applicable,,team_generated,false,dev
EVT-S024-37,USER-S024,skill_practice,2026-06-14T16:00:00Z,SKILL-049,RES-0515,,2,completed,positive,progressing,low,完成技能练习并记录反思,1.2.0,synthetic,true,SRC-SYNTH,2026-09-13T00:00:00+08:00,0.9,synthetic,not_applicable,,team_generated,false,dev
EVT-S024-38,USER-S024,inactivity,2026-07-01T16:00:00Z,SKILL-009,,,-4,attention_needed,frustrated,learning_stalled,medium,超过设定周期未产生学习证据，触发技能衰减,1.2.0,synthetic,true,SRC-SYNTH,2026-09-13T00:00:00+08:00,0.9,synthetic,not_applicable,,team_generated,false,dev
EVT-S024-39,USER-S024,reminder_response,2026-07-18T16:00:00Z,SKILL-012,,,0,completed,neutral,active,low,响应任务提醒并更新完成状态,1.2.0,synthetic,true,SRC-SYNTH,2026-09-13T00:00:00+08:00,0.9,synthetic,not_applicable,,team_generated,false,dev
EVT-S024-40,USER-S024,profile_recalculated,2026-08-04T16:00:00Z,SKILL-015,,,0,completed,neutral,active,low,根据新证据重算画像与岗位匹配度,1.2.0,synthetic,true,SRC-SYNTH,2026-09-13T00:00:00+08:00,0.9,synthetic,not_applicable,,team_generated,false,dev
EVT-S025-01,USER-S025,onboarding,2024-10-10T16:00:00Z,,,,0,completed,neutral,active,low,完成基础信息和学习约束录入,1.2.0,synthetic,true,SRC-SYNTH,2026-09-13T00:00:00+08:00,0.9,synthetic,not_applicable,,team_generated,false,dev
EVT-S025-02,USER-S025,skill_assessment,2024-10-27T16:00:00Z,SKILL-010,,,3,completed,positive,progressing,low,完成能力测评并生成可解释证据,1.2.0,synthetic,true,SRC-SYNTH,2026-09-13T00:00:00+08:00,0.9,synthetic,not_applicable,,team_generated,false,dev
EVT-S025-03,USER-S025,course_started,2024-11-13T16:00:00Z,SKILL-018,RES-0131,,0,completed,neutral,active,low,开始一项与目标能力相关的课程,1.2.0,synthetic,true,SRC-SYNTH,2026-09-13T00:00:00+08:00,0.9,synthetic,not_applicable,,team_generated,false,dev
EVT-S025-04,USER-S025,task_completed,2024-11-30T16:00:00Z,SKILL-021,RES-0134,,2,completed,positive,progressing,low,完成本周学习任务,1.2.0,synthetic,true,SRC-SYNTH,2026-09-13T00:00:00+08:00,0.9,synthetic,not_applicable,,team_generated,false,dev
EVT-S025-05,USER-S025,skill_practice,2024-12-17T16:00:00Z,SKILL-024,RES-0144,,2,completed,positive,progressing,low,完成技能练习并记录反思,1.2.0,synthetic,true,SRC-SYNTH,2026-09-13T00:00:00+08:00,0.9,synthetic,not_applicable,,team_generated,false,dev
EVT-S025-06,USER-S025,course_completed,2025-01-03T16:00:00Z,SKILL-036,RES-0156,,6,completed,positive,progressing,low,完成课程并提交学习总结,1.2.0,synthetic,true,SRC-SYNTH,2026-09-13T00:00:00+08:00,0.9,synthetic,not_applicable,,team_generated,false,dev
EVT-S025-07,USER-S025,project_started,2025-01-20T16:00:00Z,SKILL-054,RES-0174,,0,completed,neutral,active,low,启动实践项目并确认里程碑,1.2.0,synthetic,true,SRC-SYNTH,2026-09-13T00:00:00+08:00,0.9,synthetic,not_applicable,,team_generated,false,dev
EVT-S025-08,USER-S025,job_viewed,2025-02-06T16:00:00Z,,,JOB-AI-ALG-0087,0,completed,neutral,active,low,查看目标岗位及能力要求,1.2.0,synthetic,true,SRC-SYNTH,2026-09-13T00:00:00+08:00,0.9,synthetic,not_applicable,,team_generated,false,dev
EVT-S025-09,USER-S025,feedback_submitted,2025-02-23T16:00:00Z,SKILL-018,,,0,completed,neutral,active,low,提交计划难度和推荐相关性反馈,1.2.0,synthetic,true,SRC-SYNTH,2026-09-13T00:00:00+08:00,0.9,synthetic,not_applicable,,team_generated,false,dev
EVT-S025-10,USER-S025,task_completed,2025-03-12T16:00:00Z,SKILL-021,RES-0314,,2,completed,positive,progressing,low,完成本周学习任务,1.2.0,synthetic,true,SRC-SYNTH,2026-09-13T00:00:00+08:00,0.9,synthetic,not_applicable,,team_generated,false,dev
EVT-S025-11,USER-S025,project_completed,2025-03-29T16:00:00Z,SKILL-024,RES-0197,,8,completed,positive,progressing,low,完成项目、说明文档和复盘,1.2.0,synthetic,true,SRC-SYNTH,2026-09-13T00:00:00+08:00,0.9,synthetic,not_applicable,,team_generated,false,dev
EVT-S025-12,USER-S025,profile_recalculated,2025-04-15T16:00:00Z,SKILL-036,,,0,completed,neutral,active,low,根据新证据重算画像与岗位匹配度,1.2.0,synthetic,true,SRC-SYNTH,2026-09-13T00:00:00+08:00,0.9,synthetic,not_applicable,,team_generated,false,dev
EVT-S025-13,USER-S025,job_saved,2025-05-02T16:00:00Z,,,JOB-AI-ALG-0013,0,completed,neutral,active,low,收藏一个模拟目标岗位,1.2.0,synthetic,true,SRC-SYNTH,2026-09-13T00:00:00+08:00,0.9,synthetic,not_applicable,,team_generated,false,dev
EVT-S025-14,USER-S025,application_submitted,2025-05-19T16:00:00Z,,,JOB-AI-ALG-0014,0,completed,neutral,active,low,向模拟岗位提交申请,1.2.0,synthetic,true,SRC-SYNTH,2026-09-13T00:00:00+08:00,0.9,synthetic,not_applicable,,team_generated,false,dev
EVT-S025-15,USER-S025,interview_result,2025-06-05T16:00:00Z,,,JOB-AI-ALG-0015,0,completed,disappointed,active,low,记录模拟面试反馈,1.2.0,synthetic,true,SRC-SYNTH,2026-09-13T00:00:00+08:00,0.9,synthetic,not_applicable,,team_generated,false,dev
EVT-S025-16,USER-S025,plan_adjusted,2025-06-22T16:00:00Z,SKILL-021,,,0,completed,neutral,plan_rebalanced,low,根据时间和反馈调整学习计划,1.2.0,synthetic,true,SRC-SYNTH,2026-09-13T00:00:00+08:00,0.9,synthetic,not_applicable,,team_generated,false,dev
EVT-S025-17,USER-S025,skill_practice,2025-07-09T16:00:00Z,SKILL-024,RES-0144,,2,completed,positive,progressing,low,完成技能练习并记录反思,1.2.0,synthetic,true,SRC-SYNTH,2026-09-13T00:00:00+08:00,0.9,synthetic,not_applicable,,team_generated,false,dev
EVT-S025-18,USER-S025,inactivity,2025-07-26T16:00:00Z,SKILL-036,,,-4,attention_needed,frustrated,learning_stalled,medium,超过设定周期未产生学习证据，触发技能衰减,1.2.0,synthetic,true,SRC-SYNTH,2026-09-13T00:00:00+08:00,0.9,synthetic,not_applicable,,team_generated,false,dev
EVT-S025-19,USER-S025,reminder_response,2025-08-12T16:00:00Z,SKILL-054,,,0,completed,neutral,active,low,响应任务提醒并更新完成状态,1.2.0,synthetic,true,SRC-SYNTH,2026-09-13T00:00:00+08:00,0.9,synthetic,not_applicable,,team_generated,false,dev
EVT-S025-20,USER-S025,profile_recalculated,2025-08-29T16:00:00Z,SKILL-010,,,0,completed,neutral,active,low,根据新证据重算画像与岗位匹配度,1.2.0,synthetic,true,SRC-SYNTH,2026-09-13T00:00:00+08:00,0.9,synthetic,not_applicable,,team_generated,false,dev
EVT-S025-21,USER-S025,onboarding,2025-09-15T16:00:00Z,,,,0,completed,neutral,active,low,完成基础信息和学习约束录入,1.2.0,synthetic,true,SRC-SYNTH,2026-09-13T00:00:00+08:00,0.9,synthetic,not_applicable,,team_generated,false,dev
EVT-S025-22,USER-S025,skill_assessment,2025-10-02T16:00:00Z,SKILL-021,,,3,completed,positive,progressing,low,完成能力测评并生成可解释证据,1.2.0,synthetic,true,SRC-SYNTH,2026-09-13T00:00:00+08:00,0.9,synthetic,not_applicable,,team_generated,false,dev
EVT-S025-23,USER-S025,course_started,2025-10-19T16:00:00Z,SKILL-024,RES-0137,,0,completed,neutral,active,low,开始一项与目标能力相关的课程,1.2.0,synthetic,true,SRC-SYNTH,2026-09-13T00:00:00+08:00,0.9,synthetic,not_applicable,,team_generated,false,dev
EVT-S025-24,USER-S025,task_completed,2025-11-05T16:00:00Z,SKILL-036,RES-0156,,2,completed,positive,progressing,low,完成本周学习任务,1.2.0,synthetic,true,SRC-SYNTH,2026-09-13T00:00:00+08:00,0.9,synthetic,not_applicable,,team_generated,false,dev
EVT-S025-25,USER-S025,skill_practice,2025-11-22T16:00:00Z,SKILL-054,RES-0005,,2,completed,positive,progressing,low,完成技能练习并记录反思,1.2.0,synthetic,true,SRC-SYNTH,2026-09-13T00:00:00+08:00,0.9,synthetic,not_applicable,,team_generated,false,dev
EVT-S025-26,USER-S025,course_completed,2025-12-09T16:00:00Z,SKILL-010,RES-0176,,6,completed,positive,progressing,low,完成课程并提交学习总结,1.2.0,synthetic,true,SRC-SYNTH,2026-09-13T00:00:00+08:00,0.9,synthetic,not_applicable,,team_generated,false,dev
EVT-S025-27,USER-S025,project_started,2025-12-26T16:00:00Z,SKILL-018,RES-0138,,0,completed,neutral,active,low,启动实践项目并确认里程碑,1.2.0,synthetic,true,SRC-SYNTH,2026-09-13T00:00:00+08:00,0.9,synthetic,not_applicable,,team_generated,false,dev
EVT-S025-28,USER-S025,job_viewed,2026-01-12T16:00:00Z,,,JOB-AI-ALG-0028,0,completed,neutral,active,low,查看目标岗位及能力要求,1.2.0,synthetic,true,SRC-SYNTH,2026-09-13T00:00:00+08:00,0.9,synthetic,not_applicable,,team_generated,false,dev
EVT-S025-29,USER-S025,feedback_submitted,2026-01-29T16:00:00Z,SKILL-024,,,0,completed,neutral,active,low,提交计划难度和推荐相关性反馈,1.2.0,synthetic,true,SRC-SYNTH,2026-09-13T00:00:00+08:00,0.9,synthetic,not_applicable,,team_generated,false,dev
EVT-S025-30,USER-S025,task_completed,2026-02-15T16:00:00Z,SKILL-036,RES-0449,,2,completed,positive,progressing,low,完成本周学习任务,1.2.0,synthetic,true,SRC-SYNTH,2026-09-13T00:00:00+08:00,0.9,synthetic,not_applicable,,team_generated,false,dev
EVT-S025-31,USER-S025,project_completed,2026-03-04T16:00:00Z,SKILL-054,RES-0174,,8,completed,positive,progressing,low,完成项目、说明文档和复盘,1.2.0,synthetic,true,SRC-SYNTH,2026-09-13T00:00:00+08:00,0.9,synthetic,not_applicable,,team_generated,false,dev
EVT-S025-32,USER-S025,profile_recalculated,2026-03-21T16:00:00Z,SKILL-010,,,0,completed,neutral,active,low,根据新证据重算画像与岗位匹配度,1.2.0,synthetic,true,SRC-SYNTH,2026-09-13T00:00:00+08:00,0.9,synthetic,not_applicable,,team_generated,false,dev
EVT-S025-33,USER-S025,job_saved,2026-04-07T16:00:00Z,,,JOB-AI-ALG-0033,0,completed,neutral,active,low,收藏一个模拟目标岗位,1.2.0,synthetic,true,SRC-SYNTH,2026-09-13T00:00:00+08:00,0.9,synthetic,not_applicable,,team_generated,false,dev
EVT-S025-34,USER-S025,application_submitted,2026-04-24T16:00:00Z,,,JOB-AI-ALG-0034,0,completed,neutral,active,low,向模拟岗位提交申请,1.2.0,synthetic,true,SRC-SYNTH,2026-09-13T00:00:00+08:00,0.9,synthetic,not_applicable,,team_generated,false,dev
EVT-S025-35,USER-S025,interview_result,2026-05-11T16:00:00Z,,,JOB-AI-ALG-0035,0,completed,disappointed,active,low,记录模拟面试反馈,1.2.0,synthetic,true,SRC-SYNTH,2026-09-13T00:00:00+08:00,0.9,synthetic,not_applicable,,team_generated,false,dev
EVT-S025-36,USER-S025,plan_adjusted,2026-05-28T16:00:00Z,SKILL-036,,,0,completed,neutral,plan_rebalanced,low,根据时间和反馈调整学习计划,1.2.0,synthetic,true,SRC-SYNTH,2026-09-13T00:00:00+08:00,0.9,synthetic,not_applicable,,team_generated,false,dev
EVT-S025-37,USER-S025,skill_practice,2026-06-14T16:00:00Z,SKILL-054,RES-0005,,2,completed,positive,progressing,low,完成技能练习并记录反思,1.2.0,synthetic,true,SRC-SYNTH,2026-09-13T00:00:00+08:00,0.9,synthetic,not_applicable,,team_generated,false,dev
EVT-S025-38,USER-S025,inactivity,2026-07-01T16:00:00Z,SKILL-010,,,-4,attention_needed,frustrated,learning_stalled,medium,超过设定周期未产生学习证据，触发技能衰减,1.2.0,synthetic,true,SRC-SYNTH,2026-09-13T00:00:00+08:00,0.9,synthetic,not_applicable,,team_generated,false,dev
EVT-S025-39,USER-S025,reminder_response,2026-07-18T16:00:00Z,SKILL-018,,,0,completed,neutral,active,low,响应任务提醒并更新完成状态,1.2.0,synthetic,true,SRC-SYNTH,2026-09-13T00:00:00+08:00,0.9,synthetic,not_applicable,,team_generated,false,dev
EVT-S025-40,USER-S025,profile_recalculated,2026-08-04T16:00:00Z,SKILL-021,,,0,completed,neutral,active,low,根据新证据重算画像与岗位匹配度,1.2.0,synthetic,true,SRC-SYNTH,2026-09-13T00:00:00+08:00,0.9,synthetic,not_applicable,,team_generated,false,dev
EVT-S026-01,USER-S026,onboarding,2024-10-10T16:00:00Z,,,,0,completed,neutral,active,low,完成基础信息和学习约束录入,1.2.0,synthetic,true,SRC-SYNTH,2026-09-13T00:00:00+08:00,0.9,synthetic,not_applicable,,team_generated,false,dev
EVT-S026-02,USER-S026,skill_assessment,2024-10-27T16:00:00Z,SKILL-009,,,3,completed,positive,progressing,low,完成能力测评并生成可解释证据,1.2.0,synthetic,true,SRC-SYNTH,2026-09-13T00:00:00+08:00,0.9,synthetic,not_applicable,,team_generated,false,dev
EVT-S026-03,USER-S026,course_started,2024-11-13T16:00:00Z,SKILL-027,RES-0027,,0,completed,neutral,active,low,开始一项与目标能力相关的课程,1.2.0,synthetic,true,SRC-SYNTH,2026-09-13T00:00:00+08:00,0.9,synthetic,not_applicable,,team_generated,false,dev
EVT-S026-04,USER-S026,task_completed,2024-11-30T16:00:00Z,SKILL-030,RES-0150,,2,completed,positive,progressing,low,完成本周学习任务,1.2.0,synthetic,true,SRC-SYNTH,2026-09-13T00:00:00+08:00,0.9,synthetic,not_applicable,,team_generated,false,dev
EVT-S026-05,USER-S026,skill_practice,2024-12-17T16:00:00Z,SKILL-036,RES-0149,,2,completed,positive,progressing,low,完成技能练习并记录反思,1.2.0,synthetic,true,SRC-SYNTH,2026-09-13T00:00:00+08:00,0.9,synthetic,not_applicable,,team_generated,false,dev
EVT-S026-06,USER-S026,course_completed,2025-01-03T16:00:00Z,SKILL-039,RES-0159,,6,completed,positive,progressing,low,完成课程并提交学习总结,1.2.0,synthetic,true,SRC-SYNTH,2026-09-13T00:00:00+08:00,0.9,synthetic,not_applicable,,team_generated,false,dev
EVT-S026-07,USER-S026,project_started,2025-01-20T16:00:00Z,SKILL-001,RES-0167,,0,completed,neutral,active,low,启动实践项目并确认里程碑,1.2.0,synthetic,true,SRC-SYNTH,2026-09-13T00:00:00+08:00,0.9,synthetic,not_applicable,,team_generated,false,dev
EVT-S026-08,USER-S026,job_viewed,2025-02-06T16:00:00Z,,,JOB-AI-APP-0087,0,completed,neutral,active,low,查看目标岗位及能力要求,1.2.0,synthetic,true,SRC-SYNTH,2026-09-13T00:00:00+08:00,0.9,synthetic,not_applicable,,team_generated,false,dev
EVT-S026-09,USER-S026,feedback_submitted,2025-02-23T16:00:00Z,SKILL-027,,,0,completed,neutral,active,low,提交计划难度和推荐相关性反馈,1.2.0,synthetic,true,SRC-SYNTH,2026-09-13T00:00:00+08:00,0.9,synthetic,not_applicable,,team_generated,false,dev
EVT-S026-10,USER-S026,task_completed,2025-03-12T16:00:00Z,SKILL-030,RES-0030,,2,completed,positive,progressing,low,完成本周学习任务,1.2.0,synthetic,true,SRC-SYNTH,2026-09-13T00:00:00+08:00,0.9,synthetic,not_applicable,,team_generated,false,dev
EVT-S026-11,USER-S026,project_completed,2025-03-29T16:00:00Z,SKILL-036,RES-0029,,8,completed,positive,progressing,low,完成项目、说明文档和复盘,1.2.0,synthetic,true,SRC-SYNTH,2026-09-13T00:00:00+08:00,0.9,synthetic,not_applicable,,team_generated,false,dev
EVT-S026-12,USER-S026,profile_recalculated,2025-04-15T16:00:00Z,SKILL-039,,,0,completed,neutral,active,low,根据新证据重算画像与岗位匹配度,1.2.0,synthetic,true,SRC-SYNTH,2026-09-13T00:00:00+08:00,0.9,synthetic,not_applicable,,team_generated,false,dev
EVT-S026-13,USER-S026,job_saved,2025-05-02T16:00:00Z,,,JOB-AI-APP-0013,0,completed,neutral,active,low,收藏一个模拟目标岗位,1.2.0,synthetic,true,SRC-SYNTH,2026-09-13T00:00:00+08:00,0.9,synthetic,not_applicable,,team_generated,false,dev
EVT-S026-14,USER-S026,application_submitted,2025-05-19T16:00:00Z,,,JOB-AI-APP-0014,0,completed,neutral,active,low,向模拟岗位提交申请,1.2.0,synthetic,true,SRC-SYNTH,2026-09-13T00:00:00+08:00,0.9,synthetic,not_applicable,,team_generated,false,dev
EVT-S026-15,USER-S026,interview_result,2025-06-05T16:00:00Z,,,JOB-AI-APP-0015,0,completed,disappointed,active,low,记录模拟面试反馈,1.2.0,synthetic,true,SRC-SYNTH,2026-09-13T00:00:00+08:00,0.9,synthetic,not_applicable,,team_generated,false,dev
EVT-S026-16,USER-S026,plan_adjusted,2025-06-22T16:00:00Z,SKILL-030,,,0,completed,neutral,plan_rebalanced,low,根据时间和反馈调整学习计划,1.2.0,synthetic,true,SRC-SYNTH,2026-09-13T00:00:00+08:00,0.9,synthetic,not_applicable,,team_generated,false,dev
EVT-S026-17,USER-S026,skill_practice,2025-07-09T16:00:00Z,SKILL-036,RES-0036,,2,completed,positive,progressing,low,完成技能练习并记录反思,1.2.0,synthetic,true,SRC-SYNTH,2026-09-13T00:00:00+08:00,0.9,synthetic,not_applicable,,team_generated,false,dev
EVT-S026-18,USER-S026,inactivity,2025-07-26T16:00:00Z,SKILL-039,,,-4,attention_needed,frustrated,learning_stalled,medium,超过设定周期未产生学习证据，触发技能衰减,1.2.0,synthetic,true,SRC-SYNTH,2026-09-13T00:00:00+08:00,0.9,synthetic,not_applicable,,team_generated,false,dev
EVT-S026-19,USER-S026,reminder_response,2025-08-12T16:00:00Z,SKILL-001,,,0,completed,neutral,active,low,响应任务提醒并更新完成状态,1.2.0,synthetic,true,SRC-SYNTH,2026-09-13T00:00:00+08:00,0.9,synthetic,not_applicable,,team_generated,false,dev
EVT-S026-20,USER-S026,profile_recalculated,2025-08-29T16:00:00Z,SKILL-009,,,0,completed,neutral,active,low,根据新证据重算画像与岗位匹配度,1.2.0,synthetic,true,SRC-SYNTH,2026-09-13T00:00:00+08:00,0.9,synthetic,not_applicable,,team_generated,false,dev
EVT-S026-21,USER-S026,onboarding,2025-09-15T16:00:00Z,,,,0,completed,neutral,active,low,完成基础信息和学习约束录入,1.2.0,synthetic,true,SRC-SYNTH,2026-09-13T00:00:00+08:00,0.9,synthetic,not_applicable,,team_generated,false,dev
EVT-S026-22,USER-S026,skill_assessment,2025-10-02T16:00:00Z,SKILL-030,,,3,completed,positive,progressing,low,完成能力测评并生成可解释证据,1.2.0,synthetic,true,SRC-SYNTH,2026-09-13T00:00:00+08:00,0.9,synthetic,not_applicable,,team_generated,false,dev
EVT-S026-23,USER-S026,course_started,2025-10-19T16:00:00Z,SKILL-036,RES-0149,,0,completed,neutral,active,low,开始一项与目标能力相关的课程,1.2.0,synthetic,true,SRC-SYNTH,2026-09-13T00:00:00+08:00,0.9,synthetic,not_applicable,,team_generated,false,dev
EVT-S026-24,USER-S026,task_completed,2025-11-05T16:00:00Z,SKILL-039,RES-0092,,2,completed,positive,progressing,low,完成本周学习任务,1.2.0,synthetic,true,SRC-SYNTH,2026-09-13T00:00:00+08:00,0.9,synthetic,not_applicable,,team_generated,false,dev
EVT-S026-25,USER-S026,skill_practice,2025-11-22T16:00:00Z,SKILL-001,RES-0181,,2,completed,positive,progressing,low,完成技能练习并记录反思,1.2.0,synthetic,true,SRC-SYNTH,2026-09-13T00:00:00+08:00,0.9,synthetic,not_applicable,,team_generated,false,dev
EVT-S026-26,USER-S026,course_completed,2025-12-09T16:00:00Z,SKILL-009,RES-0129,,6,completed,positive,progressing,low,完成课程并提交学习总结,1.2.0,synthetic,true,SRC-SYNTH,2026-09-13T00:00:00+08:00,0.9,synthetic,not_applicable,,team_generated,false,dev
EVT-S026-27,USER-S026,project_started,2025-12-26T16:00:00Z,SKILL-027,RES-0140,,0,completed,neutral,active,low,启动实践项目并确认里程碑,1.2.0,synthetic,true,SRC-SYNTH,2026-09-13T00:00:00+08:00,0.9,synthetic,not_applicable,,team_generated,false,dev
EVT-S026-28,USER-S026,job_viewed,2026-01-12T16:00:00Z,,,JOB-AI-APP-0028,0,completed,neutral,active,low,查看目标岗位及能力要求,1.2.0,synthetic,true,SRC-SYNTH,2026-09-13T00:00:00+08:00,0.9,synthetic,not_applicable,,team_generated,false,dev
EVT-S026-29,USER-S026,feedback_submitted,2026-01-29T16:00:00Z,SKILL-036,,,0,completed,neutral,active,low,提交计划难度和推荐相关性反馈,1.2.0,synthetic,true,SRC-SYNTH,2026-09-13T00:00:00+08:00,0.9,synthetic,not_applicable,,team_generated,false,dev
EVT-S026-30,USER-S026,task_completed,2026-02-15T16:00:00Z,SKILL-039,RES-0039,,2,completed,positive,progressing,low,完成本周学习任务,1.2.0,synthetic,true,SRC-SYNTH,2026-09-13T00:00:00+08:00,0.9,synthetic,not_applicable,,team_generated,false,dev
EVT-S026-31,USER-S026,project_completed,2026-03-04T16:00:00Z,SKILL-001,RES-0121,,8,completed,positive,progressing,low,完成项目、说明文档和复盘,1.2.0,synthetic,true,SRC-SYNTH,2026-09-13T00:00:00+08:00,0.9,synthetic,not_applicable,,team_generated,false,dev
EVT-S026-32,USER-S026,profile_recalculated,2026-03-21T16:00:00Z,SKILL-009,,,0,completed,neutral,active,low,根据新证据重算画像与岗位匹配度,1.2.0,synthetic,true,SRC-SYNTH,2026-09-13T00:00:00+08:00,0.9,synthetic,not_applicable,,team_generated,false,dev
EVT-S026-33,USER-S026,job_saved,2026-04-07T16:00:00Z,,,JOB-AI-APP-0033,0,completed,neutral,active,low,收藏一个模拟目标岗位,1.2.0,synthetic,true,SRC-SYNTH,2026-09-13T00:00:00+08:00,0.9,synthetic,not_applicable,,team_generated,false,dev
EVT-S026-34,USER-S026,application_submitted,2026-04-24T16:00:00Z,,,JOB-AI-APP-0034,0,completed,neutral,active,low,向模拟岗位提交申请,1.2.0,synthetic,true,SRC-SYNTH,2026-09-13T00:00:00+08:00,0.9,synthetic,not_applicable,,team_generated,false,dev
EVT-S026-35,USER-S026,interview_result,2026-05-11T16:00:00Z,,,JOB-AI-APP-0035,0,completed,disappointed,active,low,记录模拟面试反馈,1.2.0,synthetic,true,SRC-SYNTH,2026-09-13T00:00:00+08:00,0.9,synthetic,not_applicable,,team_generated,false,dev
EVT-S026-36,USER-S026,plan_adjusted,2026-05-28T16:00:00Z,SKILL-039,,,0,completed,neutral,plan_rebalanced,low,根据时间和反馈调整学习计划,1.2.0,synthetic,true,SRC-SYNTH,2026-09-13T00:00:00+08:00,0.9,synthetic,not_applicable,,team_generated,false,dev
EVT-S026-37,USER-S026,skill_practice,2026-06-14T16:00:00Z,SKILL-001,RES-0541,,2,completed,positive,progressing,low,完成技能练习并记录反思,1.2.0,synthetic,true,SRC-SYNTH,2026-09-13T00:00:00+08:00,0.9,synthetic,not_applicable,,team_generated,false,dev
EVT-S026-38,USER-S026,inactivity,2026-07-01T16:00:00Z,SKILL-009,,,-4,attention_needed,frustrated,learning_stalled,medium,超过设定周期未产生学习证据，触发技能衰减,1.2.0,synthetic,true,SRC-SYNTH,2026-09-13T00:00:00+08:00,0.9,synthetic,not_applicable,,team_generated,false,dev
EVT-S026-39,USER-S026,reminder_response,2026-07-18T16:00:00Z,SKILL-027,,,0,completed,neutral,active,low,响应任务提醒并更新完成状态,1.2.0,synthetic,true,SRC-SYNTH,2026-09-13T00:00:00+08:00,0.9,synthetic,not_applicable,,team_generated,false,dev
EVT-S026-40,USER-S026,profile_recalculated,2026-08-04T16:00:00Z,SKILL-030,,,0,completed,neutral,active,low,根据新证据重算画像与岗位匹配度,1.2.0,synthetic,true,SRC-SYNTH,2026-09-13T00:00:00+08:00,0.9,synthetic,not_applicable,,team_generated,false,dev
EVT-S027-01,USER-S027,onboarding,2024-10-10T16:00:00Z,,,,0,completed,neutral,active,low,完成基础信息和学习约束录入,1.2.0,synthetic,true,SRC-SYNTH,2026-09-13T00:00:00+08:00,0.9,synthetic,not_applicable,,team_generated,false,dev
EVT-S027-02,USER-S027,skill_assessment,2024-10-27T16:00:00Z,SKILL-012,,,3,completed,positive,progressing,low,完成能力测评并生成可解释证据,1.2.0,synthetic,true,SRC-SYNTH,2026-09-13T00:00:00+08:00,0.9,synthetic,not_applicable,,team_generated,false,dev
EVT-S027-03,USER-S027,course_started,2024-11-13T16:00:00Z,SKILL-015,RES-0188,,0,completed,neutral,active,low,开始一项与目标能力相关的课程,1.2.0,synthetic,true,SRC-SYNTH,2026-09-13T00:00:00+08:00,0.9,synthetic,not_applicable,,team_generated,false,dev
EVT-S027-04,USER-S027,task_completed,2024-11-30T16:00:00Z,SKILL-041,RES-0161,,2,completed,positive,progressing,low,完成本周学习任务,1.2.0,synthetic,true,SRC-SYNTH,2026-09-13T00:00:00+08:00,0.9,synthetic,not_applicable,,team_generated,false,dev
EVT-S027-05,USER-S027,skill_practice,2024-12-17T16:00:00Z,SKILL-045,RES-0158,,2,completed,positive,progressing,low,完成技能练习并记录反思,1.2.0,synthetic,true,SRC-SYNTH,2026-09-13T00:00:00+08:00,0.9,synthetic,not_applicable,,team_generated,false,dev
EVT-S027-06,USER-S027,course_completed,2025-01-03T16:00:00Z,SKILL-049,RES-0169,,6,completed,positive,progressing,low,完成课程并提交学习总结,1.2.0,synthetic,true,SRC-SYNTH,2026-09-13T00:00:00+08:00,0.9,synthetic,not_applicable,,team_generated,false,dev
EVT-S027-07,USER-S027,project_started,2025-01-20T16:00:00Z,SKILL-009,RES-0542,,0,completed,neutral,active,low,启动实践项目并确认里程碑,1.2.0,synthetic,true,SRC-SYNTH,2026-09-13T00:00:00+08:00,0.9,synthetic,not_applicable,,team_generated,false,dev
EVT-S027-08,USER-S027,job_viewed,2025-02-06T16:00:00Z,,,JOB-DATA-0087,0,completed,neutral,active,low,查看目标岗位及能力要求,1.2.0,synthetic,true,SRC-SYNTH,2026-09-13T00:00:00+08:00,0.9,synthetic,not_applicable,,team_generated,false,dev
EVT-S027-09,USER-S027,feedback_submitted,2025-02-23T16:00:00Z,SKILL-015,,,0,completed,neutral,active,low,提交计划难度和推荐相关性反馈,1.2.0,synthetic,true,SRC-SYNTH,2026-09-13T00:00:00+08:00,0.9,synthetic,not_applicable,,team_generated,false,dev
EVT-S027-10,USER-S027,task_completed,2025-03-12T16:00:00Z,SKILL-041,RES-0041,,2,completed,positive,progressing,low,完成本周学习任务,1.2.0,synthetic,true,SRC-SYNTH,2026-09-13T00:00:00+08:00,0.9,synthetic,not_applicable,,team_generated,false,dev
EVT-S027-11,USER-S027,project_completed,2025-03-29T16:00:00Z,SKILL-045,RES-0158,,8,completed,positive,progressing,low,完成项目、说明文档和复盘,1.2.0,synthetic,true,SRC-SYNTH,2026-09-13T00:00:00+08:00,0.9,synthetic,not_applicable,,team_generated,false,dev
EVT-S027-12,USER-S027,profile_recalculated,2025-04-15T16:00:00Z,SKILL-049,,,0,completed,neutral,active,low,根据新证据重算画像与岗位匹配度,1.2.0,synthetic,true,SRC-SYNTH,2026-09-13T00:00:00+08:00,0.9,synthetic,not_applicable,,team_generated,false,dev
EVT-S027-13,USER-S027,job_saved,2025-05-02T16:00:00Z,,,JOB-DATA-0013,0,completed,neutral,active,low,收藏一个模拟目标岗位,1.2.0,synthetic,true,SRC-SYNTH,2026-09-13T00:00:00+08:00,0.9,synthetic,not_applicable,,team_generated,false,dev
EVT-S027-14,USER-S027,application_submitted,2025-05-19T16:00:00Z,,,JOB-DATA-0014,0,completed,neutral,active,low,向模拟岗位提交申请,1.2.0,synthetic,true,SRC-SYNTH,2026-09-13T00:00:00+08:00,0.9,synthetic,not_applicable,,team_generated,false,dev
EVT-S027-15,USER-S027,interview_result,2025-06-05T16:00:00Z,,,JOB-DATA-0015,0,completed,disappointed,active,low,记录模拟面试反馈,1.2.0,synthetic,true,SRC-SYNTH,2026-09-13T00:00:00+08:00,0.9,synthetic,not_applicable,,team_generated,false,dev
EVT-S027-16,USER-S027,plan_adjusted,2025-06-22T16:00:00Z,SKILL-041,,,0,completed,neutral,plan_rebalanced,low,根据时间和反馈调整学习计划,1.2.0,synthetic,true,SRC-SYNTH,2026-09-13T00:00:00+08:00,0.9,synthetic,not_applicable,,team_generated,false,dev
EVT-S027-17,USER-S027,skill_practice,2025-07-09T16:00:00Z,SKILL-045,RES-0158,,2,completed,positive,progressing,low,完成技能练习并记录反思,1.2.0,synthetic,true,SRC-SYNTH,2026-09-13T00:00:00+08:00,0.9,synthetic,not_applicable,,team_generated,false,dev
EVT-S027-18,USER-S027,inactivity,2025-07-26T16:00:00Z,SKILL-049,,,-4,attention_needed,frustrated,learning_stalled,medium,超过设定周期未产生学习证据，触发技能衰减,1.2.0,synthetic,true,SRC-SYNTH,2026-09-13T00:00:00+08:00,0.9,synthetic,not_applicable,,team_generated,false,dev
EVT-S027-19,USER-S027,reminder_response,2025-08-12T16:00:00Z,SKILL-009,,,0,completed,neutral,active,low,响应任务提醒并更新完成状态,1.2.0,synthetic,true,SRC-SYNTH,2026-09-13T00:00:00+08:00,0.9,synthetic,not_applicable,,team_generated,false,dev
EVT-S027-20,USER-S027,profile_recalculated,2025-08-29T16:00:00Z,SKILL-012,,,0,completed,neutral,active,low,根据新证据重算画像与岗位匹配度,1.2.0,synthetic,true,SRC-SYNTH,2026-09-13T00:00:00+08:00,0.9,synthetic,not_applicable,,team_generated,false,dev
EVT-S027-21,USER-S027,onboarding,2025-09-15T16:00:00Z,,,,0,completed,neutral,active,low,完成基础信息和学习约束录入,1.2.0,synthetic,true,SRC-SYNTH,2026-09-13T00:00:00+08:00,0.9,synthetic,not_applicable,,team_generated,false,dev
EVT-S027-22,USER-S027,skill_assessment,2025-10-02T16:00:00Z,SKILL-041,,,3,completed,positive,progressing,low,完成能力测评并生成可解释证据,1.2.0,synthetic,true,SRC-SYNTH,2026-09-13T00:00:00+08:00,0.9,synthetic,not_applicable,,team_generated,false,dev
EVT-S027-23,USER-S027,course_started,2025-10-19T16:00:00Z,SKILL-045,RES-0158,,0,completed,neutral,active,low,开始一项与目标能力相关的课程,1.2.0,synthetic,true,SRC-SYNTH,2026-09-13T00:00:00+08:00,0.9,synthetic,not_applicable,,team_generated,false,dev
EVT-S027-24,USER-S027,task_completed,2025-11-05T16:00:00Z,SKILL-049,RES-0169,,2,completed,positive,progressing,low,完成本周学习任务,1.2.0,synthetic,true,SRC-SYNTH,2026-09-13T00:00:00+08:00,0.9,synthetic,not_applicable,,team_generated,false,dev
EVT-S027-25,USER-S027,skill_practice,2025-11-22T16:00:00Z,SKILL-009,RES-0122,,2,completed,positive,progressing,low,完成技能练习并记录反思,1.2.0,synthetic,true,SRC-SYNTH,2026-09-13T00:00:00+08:00,0.9,synthetic,not_applicable,,team_generated,false,dev
EVT-S027-26,USER-S027,course_completed,2025-12-09T16:00:00Z,SKILL-012,RES-0545,,6,completed,positive,progressing,low,完成课程并提交学习总结,1.2.0,synthetic,true,SRC-SYNTH,2026-09-13T00:00:00+08:00,0.9,synthetic,not_applicable,,team_generated,false,dev
EVT-S027-27,USER-S027,project_started,2025-12-26T16:00:00Z,SKILL-015,RES-0188,,0,completed,neutral,active,low,启动实践项目并确认里程碑,1.2.0,synthetic,true,SRC-SYNTH,2026-09-13T00:00:00+08:00,0.9,synthetic,not_applicable,,team_generated,false,dev
EVT-S027-28,USER-S027,job_viewed,2026-01-12T16:00:00Z,,,JOB-DATA-0028,0,completed,neutral,active,low,查看目标岗位及能力要求,1.2.0,synthetic,true,SRC-SYNTH,2026-09-13T00:00:00+08:00,0.9,synthetic,not_applicable,,team_generated,false,dev
EVT-S027-29,USER-S027,feedback_submitted,2026-01-29T16:00:00Z,SKILL-045,,,0,completed,neutral,active,low,提交计划难度和推荐相关性反馈,1.2.0,synthetic,true,SRC-SYNTH,2026-09-13T00:00:00+08:00,0.9,synthetic,not_applicable,,team_generated,false,dev
EVT-S027-30,USER-S027,task_completed,2026-02-15T16:00:00Z,SKILL-049,RES-0155,,2,completed,positive,progressing,low,完成本周学习任务,1.2.0,synthetic,true,SRC-SYNTH,2026-09-13T00:00:00+08:00,0.9,synthetic,not_applicable,,team_generated,false,dev
EVT-S027-31,USER-S027,project_completed,2026-03-04T16:00:00Z,SKILL-009,RES-0422,,8,completed,positive,progressing,low,完成项目、说明文档和复盘,1.2.0,synthetic,true,SRC-SYNTH,2026-09-13T00:00:00+08:00,0.9,synthetic,not_applicable,,team_generated,false,dev
EVT-S027-32,USER-S027,profile_recalculated,2026-03-21T16:00:00Z,SKILL-012,,,0,completed,neutral,active,low,根据新证据重算画像与岗位匹配度,1.2.0,synthetic,true,SRC-SYNTH,2026-09-13T00:00:00+08:00,0.9,synthetic,not_applicable,,team_generated,false,dev
EVT-S027-33,USER-S027,job_saved,2026-04-07T16:00:00Z,,,JOB-DATA-0033,0,completed,neutral,active,low,收藏一个模拟目标岗位,1.2.0,synthetic,true,SRC-SYNTH,2026-09-13T00:00:00+08:00,0.9,synthetic,not_applicable,,team_generated,false,dev
EVT-S027-34,USER-S027,application_submitted,2026-04-24T16:00:00Z,,,JOB-DATA-0034,0,completed,neutral,active,low,向模拟岗位提交申请,1.2.0,synthetic,true,SRC-SYNTH,2026-09-13T00:00:00+08:00,0.9,synthetic,not_applicable,,team_generated,false,dev
EVT-S027-35,USER-S027,interview_result,2026-05-11T16:00:00Z,,,JOB-DATA-0035,0,completed,disappointed,active,low,记录模拟面试反馈,1.2.0,synthetic,true,SRC-SYNTH,2026-09-13T00:00:00+08:00,0.9,synthetic,not_applicable,,team_generated,false,dev
EVT-S027-36,USER-S027,plan_adjusted,2026-05-28T16:00:00Z,SKILL-049,,,0,completed,neutral,plan_rebalanced,low,根据时间和反馈调整学习计划,1.2.0,synthetic,true,SRC-SYNTH,2026-09-13T00:00:00+08:00,0.9,synthetic,not_applicable,,team_generated,false,dev
EVT-S027-37,USER-S027,skill_practice,2026-06-14T16:00:00Z,SKILL-009,RES-0422,,2,completed,positive,progressing,low,完成技能练习并记录反思,1.2.0,synthetic,true,SRC-SYNTH,2026-09-13T00:00:00+08:00,0.9,synthetic,not_applicable,,team_generated,false,dev
EVT-S027-38,USER-S027,inactivity,2026-07-01T16:00:00Z,SKILL-012,,,-4,attention_needed,frustrated,learning_stalled,medium,超过设定周期未产生学习证据，触发技能衰减,1.2.0,synthetic,true,SRC-SYNTH,2026-09-13T00:00:00+08:00,0.9,synthetic,not_applicable,,team_generated,false,dev
EVT-S027-39,USER-S027,reminder_response,2026-07-18T16:00:00Z,SKILL-015,,,0,completed,neutral,active,low,响应任务提醒并更新完成状态,1.2.0,synthetic,true,SRC-SYNTH,2026-09-13T00:00:00+08:00,0.9,synthetic,not_applicable,,team_generated,false,dev
EVT-S027-40,USER-S027,profile_recalculated,2026-08-04T16:00:00Z,SKILL-041,,,0,completed,neutral,active,low,根据新证据重算画像与岗位匹配度,1.2.0,synthetic,true,SRC-SYNTH,2026-09-13T00:00:00+08:00,0.9,synthetic,not_applicable,,team_generated,false,dev
EVT-S028-01,USER-S028,onboarding,2024-10-10T16:00:00Z,,,,0,completed,neutral,active,low,完成基础信息和学习约束录入,1.2.0,synthetic,true,SRC-SYNTH,2026-09-13T00:00:00+08:00,0.9,synthetic,not_applicable,,team_generated,false,dev
EVT-S028-02,USER-S028,skill_assessment,2024-10-27T16:00:00Z,SKILL-018,,,3,completed,positive,progressing,low,完成能力测评并生成可解释证据,1.2.0,synthetic,true,SRC-SYNTH,2026-09-13T00:00:00+08:00,0.9,synthetic,not_applicable,,team_generated,false,dev
EVT-S028-03,USER-S028,course_started,2024-11-13T16:00:00Z,SKILL-021,RES-0141,,0,completed,neutral,active,low,开始一项与目标能力相关的课程,1.2.0,synthetic,true,SRC-SYNTH,2026-09-13T00:00:00+08:00,0.9,synthetic,not_applicable,,team_generated,false,dev
EVT-S028-04,USER-S028,task_completed,2024-11-30T16:00:00Z,SKILL-024,RES-0137,,2,completed,positive,progressing,low,完成本周学习任务,1.2.0,synthetic,true,SRC-SYNTH,2026-09-13T00:00:00+08:00,0.9,synthetic,not_applicable,,team_generated,false,dev
EVT-S028-05,USER-S028,skill_practice,2024-12-17T16:00:00Z,SKILL-036,RES-0149,,2,completed,positive,progressing,low,完成技能练习并记录反思,1.2.0,synthetic,true,SRC-SYNTH,2026-09-13T00:00:00+08:00,0.9,synthetic,not_applicable,,team_generated,false,dev
EVT-S028-06,USER-S028,course_completed,2025-01-03T16:00:00Z,SKILL-054,RES-0167,,6,completed,positive,progressing,low,完成课程并提交学习总结,1.2.0,synthetic,true,SRC-SYNTH,2026-09-13T00:00:00+08:00,0.9,synthetic,not_applicable,,team_generated,false,dev
EVT-S028-07,USER-S028,project_started,2025-01-20T16:00:00Z,SKILL-010,RES-0130,,0,completed,neutral,active,low,启动实践项目并确认里程碑,1.2.0,synthetic,true,SRC-SYNTH,2026-09-13T00:00:00+08:00,0.9,synthetic,not_applicable,,team_generated,false,dev
EVT-S028-08,USER-S028,job_viewed,2025-02-06T16:00:00Z,,,JOB-AI-ALG-0087,0,completed,neutral,active,low,查看目标岗位及能力要求,1.2.0,synthetic,true,SRC-SYNTH,2026-09-13T00:00:00+08:00,0.9,synthetic,not_applicable,,team_generated,false,dev
EVT-S028-09,USER-S028,feedback_submitted,2025-02-23T16:00:00Z,SKILL-021,,,0,completed,neutral,active,low,提交计划难度和推荐相关性反馈,1.2.0,synthetic,true,SRC-SYNTH,2026-09-13T00:00:00+08:00,0.9,synthetic,not_applicable,,team_generated,false,dev
EVT-S028-10,USER-S028,task_completed,2025-03-12T16:00:00Z,SKILL-024,RES-0144,,2,completed,positive,progressing,low,完成本周学习任务,1.2.0,synthetic,true,SRC-SYNTH,2026-09-13T00:00:00+08:00,0.9,synthetic,not_applicable,,team_generated,false,dev
EVT-S028-11,USER-S028,project_completed,2025-03-29T16:00:00Z,SKILL-036,RES-0029,,8,completed,positive,progressing,low,完成项目、说明文档和复盘,1.2.0,synthetic,true,SRC-SYNTH,2026-09-13T00:00:00+08:00,0.9,synthetic,not_applicable,,team_generated,false,dev
EVT-S028-12,USER-S028,profile_recalculated,2025-04-15T16:00:00Z,SKILL-054,,,0,completed,neutral,active,low,根据新证据重算画像与岗位匹配度,1.2.0,synthetic,true,SRC-SYNTH,2026-09-13T00:00:00+08:00,0.9,synthetic,not_applicable,,team_generated,false,dev
EVT-S028-13,USER-S028,job_saved,2025-05-02T16:00:00Z,,,JOB-AI-ALG-0013,0,completed,neutral,active,low,收藏一个模拟目标岗位,1.2.0,synthetic,true,SRC-SYNTH,2026-09-13T00:00:00+08:00,0.9,synthetic,not_applicable,,team_generated,false,dev
EVT-S028-14,USER-S028,application_submitted,2025-05-19T16:00:00Z,,,JOB-AI-ALG-0014,0,completed,neutral,active,low,向模拟岗位提交申请,1.2.0,synthetic,true,SRC-SYNTH,2026-09-13T00:00:00+08:00,0.9,synthetic,not_applicable,,team_generated,false,dev
EVT-S028-15,USER-S028,interview_result,2025-06-05T16:00:00Z,,,JOB-AI-ALG-0015,0,completed,disappointed,active,low,记录模拟面试反馈,1.2.0,synthetic,true,SRC-SYNTH,2026-09-13T00:00:00+08:00,0.9,synthetic,not_applicable,,team_generated,false,dev
EVT-S028-16,USER-S028,plan_adjusted,2025-06-22T16:00:00Z,SKILL-024,,,0,completed,neutral,plan_rebalanced,low,根据时间和反馈调整学习计划,1.2.0,synthetic,true,SRC-SYNTH,2026-09-13T00:00:00+08:00,0.9,synthetic,not_applicable,,team_generated,false,dev
EVT-S028-17,USER-S028,skill_practice,2025-07-09T16:00:00Z,SKILL-036,RES-0036,,2,completed,positive,progressing,low,完成技能练习并记录反思,1.2.0,synthetic,true,SRC-SYNTH,2026-09-13T00:00:00+08:00,0.9,synthetic,not_applicable,,team_generated,false,dev
EVT-S028-18,USER-S028,inactivity,2025-07-26T16:00:00Z,SKILL-054,,,-4,attention_needed,frustrated,learning_stalled,medium,超过设定周期未产生学习证据，触发技能衰减,1.2.0,synthetic,true,SRC-SYNTH,2026-09-13T00:00:00+08:00,0.9,synthetic,not_applicable,,team_generated,false,dev
EVT-S028-19,USER-S028,reminder_response,2025-08-12T16:00:00Z,SKILL-010,,,0,completed,neutral,active,low,响应任务提醒并更新完成状态,1.2.0,synthetic,true,SRC-SYNTH,2026-09-13T00:00:00+08:00,0.9,synthetic,not_applicable,,team_generated,false,dev
EVT-S028-20,USER-S028,profile_recalculated,2025-08-29T16:00:00Z,SKILL-018,,,0,completed,neutral,active,low,根据新证据重算画像与岗位匹配度,1.2.0,synthetic,true,SRC-SYNTH,2026-09-13T00:00:00+08:00,0.9,synthetic,not_applicable,,team_generated,false,dev
EVT-S028-21,USER-S028,onboarding,2025-09-15T16:00:00Z,,,,0,completed,neutral,active,low,完成基础信息和学习约束录入,1.2.0,synthetic,true,SRC-SYNTH,2026-09-13T00:00:00+08:00,0.9,synthetic,not_applicable,,team_generated,false,dev
EVT-S028-22,USER-S028,skill_assessment,2025-10-02T16:00:00Z,SKILL-024,,,3,completed,positive,progressing,low,完成能力测评并生成可解释证据,1.2.0,synthetic,true,SRC-SYNTH,2026-09-13T00:00:00+08:00,0.9,synthetic,not_applicable,,team_generated,false,dev
EVT-S028-23,USER-S028,course_started,2025-10-19T16:00:00Z,SKILL-036,RES-0149,,0,completed,neutral,active,low,开始一项与目标能力相关的课程,1.2.0,synthetic,true,SRC-SYNTH,2026-09-13T00:00:00+08:00,0.9,synthetic,not_applicable,,team_generated,false,dev
EVT-S028-24,USER-S028,task_completed,2025-11-05T16:00:00Z,SKILL-054,RES-0594,,2,completed,positive,progressing,low,完成本周学习任务,1.2.0,synthetic,true,SRC-SYNTH,2026-09-13T00:00:00+08:00,0.9,synthetic,not_applicable,,team_generated,false,dev
EVT-S028-25,USER-S028,skill_practice,2025-11-22T16:00:00Z,SKILL-010,RES-0190,,2,completed,positive,progressing,low,完成技能练习并记录反思,1.2.0,synthetic,true,SRC-SYNTH,2026-09-13T00:00:00+08:00,0.9,synthetic,not_applicable,,team_generated,false,dev
EVT-S028-26,USER-S028,course_completed,2025-12-09T16:00:00Z,SKILL-018,RES-0131,,6,completed,positive,progressing,low,完成课程并提交学习总结,1.2.0,synthetic,true,SRC-SYNTH,2026-09-13T00:00:00+08:00,0.9,synthetic,not_applicable,,team_generated,false,dev
EVT-S028-27,USER-S028,project_started,2025-12-26T16:00:00Z,SKILL-021,RES-0314,,0,completed,neutral,active,low,启动实践项目并确认里程碑,1.2.0,synthetic,true,SRC-SYNTH,2026-09-13T00:00:00+08:00,0.9,synthetic,not_applicable,,team_generated,false,dev
EVT-S028-28,USER-S028,job_viewed,2026-01-12T16:00:00Z,,,JOB-AI-ALG-0028,0,completed,neutral,active,low,查看目标岗位及能力要求,1.2.0,synthetic,true,SRC-SYNTH,2026-09-13T00:00:00+08:00,0.9,synthetic,not_applicable,,team_generated,false,dev
EVT-S028-29,USER-S028,feedback_submitted,2026-01-29T16:00:00Z,SKILL-036,,,0,completed,neutral,active,low,提交计划难度和推荐相关性反馈,1.2.0,synthetic,true,SRC-SYNTH,2026-09-13T00:00:00+08:00,0.9,synthetic,not_applicable,,team_generated,false,dev
EVT-S028-30,USER-S028,task_completed,2026-02-15T16:00:00Z,SKILL-054,RES-0167,,2,completed,positive,progressing,low,完成本周学习任务,1.2.0,synthetic,true,SRC-SYNTH,2026-09-13T00:00:00+08:00,0.9,synthetic,not_applicable,,team_generated,false,dev
EVT-S028-31,USER-S028,project_completed,2026-03-04T16:00:00Z,SKILL-010,RES-0130,,8,completed,positive,progressing,low,完成项目、说明文档和复盘,1.2.0,synthetic,true,SRC-SYNTH,2026-09-13T00:00:00+08:00,0.9,synthetic,not_applicable,,team_generated,false,dev
EVT-S028-32,USER-S028,profile_recalculated,2026-03-21T16:00:00Z,SKILL-018,,,0,completed,neutral,active,low,根据新证据重算画像与岗位匹配度,1.2.0,synthetic,true,SRC-SYNTH,2026-09-13T00:00:00+08:00,0.9,synthetic,not_applicable,,team_generated,false,dev
EVT-S028-33,USER-S028,job_saved,2026-04-07T16:00:00Z,,,JOB-AI-ALG-0033,0,completed,neutral,active,low,收藏一个模拟目标岗位,1.2.0,synthetic,true,SRC-SYNTH,2026-09-13T00:00:00+08:00,0.9,synthetic,not_applicable,,team_generated,false,dev
EVT-S028-34,USER-S028,application_submitted,2026-04-24T16:00:00Z,,,JOB-AI-ALG-0034,0,completed,neutral,active,low,向模拟岗位提交申请,1.2.0,synthetic,true,SRC-SYNTH,2026-09-13T00:00:00+08:00,0.9,synthetic,not_applicable,,team_generated,false,dev
EVT-S028-35,USER-S028,interview_result,2026-05-11T16:00:00Z,,,JOB-AI-ALG-0035,0,completed,disappointed,active,low,记录模拟面试反馈,1.2.0,synthetic,true,SRC-SYNTH,2026-09-13T00:00:00+08:00,0.9,synthetic,not_applicable,,team_generated,false,dev
EVT-S028-36,USER-S028,plan_adjusted,2026-05-28T16:00:00Z,SKILL-054,,,0,completed,neutral,plan_rebalanced,low,根据时间和反馈调整学习计划,1.2.0,synthetic,true,SRC-SYNTH,2026-09-13T00:00:00+08:00,0.9,synthetic,not_applicable,,team_generated,false,dev
EVT-S028-37,USER-S028,skill_practice,2026-06-14T16:00:00Z,SKILL-010,RES-0550,,2,completed,positive,progressing,low,完成技能练习并记录反思,1.2.0,synthetic,true,SRC-SYNTH,2026-09-13T00:00:00+08:00,0.9,synthetic,not_applicable,,team_generated,false,dev
EVT-S028-38,USER-S028,inactivity,2026-07-01T16:00:00Z,SKILL-018,,,-4,attention_needed,frustrated,learning_stalled,medium,超过设定周期未产生学习证据，触发技能衰减,1.2.0,synthetic,true,SRC-SYNTH,2026-09-13T00:00:00+08:00,0.9,synthetic,not_applicable,,team_generated,false,dev
EVT-S028-39,USER-S028,reminder_response,2026-07-18T16:00:00Z,SKILL-021,,,0,completed,neutral,active,low,响应任务提醒并更新完成状态,1.2.0,synthetic,true,SRC-SYNTH,2026-09-13T00:00:00+08:00,0.9,synthetic,not_applicable,,team_generated,false,dev
EVT-S028-40,USER-S028,profile_recalculated,2026-08-04T16:00:00Z,SKILL-024,,,0,completed,neutral,active,low,根据新证据重算画像与岗位匹配度,1.2.0,synthetic,true,SRC-SYNTH,2026-09-13T00:00:00+08:00,0.9,synthetic,not_applicable,,team_generated,false,dev
EVT-S029-01,USER-S029,onboarding,2024-10-10T16:00:00Z,,,,0,completed,neutral,active,low,完成基础信息和学习约束录入,1.2.0,synthetic,true,SRC-SYNTH,2026-09-13T00:00:00+08:00,0.9,synthetic,not_applicable,,team_generated,false,dev
EVT-S029-02,USER-S029,skill_assessment,2024-10-27T16:00:00Z,SKILL-027,,,3,completed,positive,progressing,low,完成能力测评并生成可解释证据,1.2.0,synthetic,true,SRC-SYNTH,2026-09-13T00:00:00+08:00,0.9,synthetic,not_applicable,,team_generated,false,dev
EVT-S029-03,USER-S029,course_started,2024-11-13T16:00:00Z,SKILL-030,RES-0030,,0,completed,neutral,active,low,开始一项与目标能力相关的课程,1.2.0,synthetic,true,SRC-SYNTH,2026-09-13T00:00:00+08:00,0.9,synthetic,not_applicable,,team_generated,false,dev
EVT-S029-04,USER-S029,task_completed,2024-11-30T16:00:00Z,SKILL-036,RES-0156,,2,completed,positive,progressing,low,完成本周学习任务,1.2.0,synthetic,true,SRC-SYNTH,2026-09-13T00:00:00+08:00,0.9,synthetic,not_applicable,,team_generated,false,dev
EVT-S029-05,USER-S029,skill_practice,2024-12-17T16:00:00Z,SKILL-039,RES-0152,,2,completed,positive,progressing,low,完成技能练习并记录反思,1.2.0,synthetic,true,SRC-SYNTH,2026-09-13T00:00:00+08:00,0.9,synthetic,not_applicable,,team_generated,false,dev
EVT-S029-06,USER-S029,course_completed,2025-01-03T16:00:00Z,SKILL-001,RES-0181,,6,completed,positive,progressing,low,完成课程并提交学习总结,1.2.0,synthetic,true,SRC-SYNTH,2026-09-13T00:00:00+08:00,0.9,synthetic,not_applicable,,team_generated,false,dev
EVT-S029-07,USER-S029,project_started,2025-01-20T16:00:00Z,SKILL-009,RES-0542,,0,completed,neutral,active,low,启动实践项目并确认里程碑,1.2.0,synthetic,true,SRC-SYNTH,2026-09-13T00:00:00+08:00,0.9,synthetic,not_applicable,,team_generated,false,dev
EVT-S029-08,USER-S029,job_viewed,2025-02-06T16:00:00Z,,,JOB-AI-APP-0087,0,completed,neutral,active,low,查看目标岗位及能力要求,1.2.0,synthetic,true,SRC-SYNTH,2026-09-13T00:00:00+08:00,0.9,synthetic,not_applicable,,team_generated,false,dev
EVT-S029-09,USER-S029,feedback_submitted,2025-02-23T16:00:00Z,SKILL-030,,,0,completed,neutral,active,low,提交计划难度和推荐相关性反馈,1.2.0,synthetic,true,SRC-SYNTH,2026-09-13T00:00:00+08:00,0.9,synthetic,not_applicable,,team_generated,false,dev
EVT-S029-10,USER-S029,task_completed,2025-03-12T16:00:00Z,SKILL-036,RES-0449,,2,completed,positive,progressing,low,完成本周学习任务,1.2.0,synthetic,true,SRC-SYNTH,2026-09-13T00:00:00+08:00,0.9,synthetic,not_applicable,,team_generated,false,dev
EVT-S029-11,USER-S029,project_completed,2025-03-29T16:00:00Z,SKILL-039,RES-0152,,8,completed,positive,progressing,low,完成项目、说明文档和复盘,1.2.0,synthetic,true,SRC-SYNTH,2026-09-13T00:00:00+08:00,0.9,synthetic,not_applicable,,team_generated,false,dev
EVT-S029-12,USER-S029,profile_recalculated,2025-04-15T16:00:00Z,SKILL-001,,,0,completed,neutral,active,low,根据新证据重算画像与岗位匹配度,1.2.0,synthetic,true,SRC-SYNTH,2026-09-13T00:00:00+08:00,0.9,synthetic,not_applicable,,team_generated,false,dev
EVT-S029-13,USER-S029,job_saved,2025-05-02T16:00:00Z,,,JOB-AI-APP-0013,0,completed,neutral,active,low,收藏一个模拟目标岗位,1.2.0,synthetic,true,SRC-SYNTH,2026-09-13T00:00:00+08:00,0.9,synthetic,not_applicable,,team_generated,false,dev
EVT-S029-14,USER-S029,application_submitted,2025-05-19T16:00:00Z,,,JOB-AI-APP-0014,0,completed,neutral,active,low,向模拟岗位提交申请,1.2.0,synthetic,true,SRC-SYNTH,2026-09-13T00:00:00+08:00,0.9,synthetic,not_applicable,,team_generated,false,dev
EVT-S029-15,USER-S029,interview_result,2025-06-05T16:00:00Z,,,JOB-AI-APP-0015,0,completed,disappointed,active,low,记录模拟面试反馈,1.2.0,synthetic,true,SRC-SYNTH,2026-09-13T00:00:00+08:00,0.9,synthetic,not_applicable,,team_generated,false,dev
EVT-S029-16,USER-S029,plan_adjusted,2025-06-22T16:00:00Z,SKILL-036,,,0,completed,neutral,plan_rebalanced,low,根据时间和反馈调整学习计划,1.2.0,synthetic,true,SRC-SYNTH,2026-09-13T00:00:00+08:00,0.9,synthetic,not_applicable,,team_generated,false,dev
EVT-S029-17,USER-S029,skill_practice,2025-07-09T16:00:00Z,SKILL-039,RES-0092,,2,completed,positive,progressing,low,完成技能练习并记录反思,1.2.0,synthetic,true,SRC-SYNTH,2026-09-13T00:00:00+08:00,0.9,synthetic,not_applicable,,team_generated,false,dev
EVT-S029-18,USER-S029,inactivity,2025-07-26T16:00:00Z,SKILL-001,,,-4,attention_needed,frustrated,learning_stalled,medium,超过设定周期未产生学习证据，触发技能衰减,1.2.0,synthetic,true,SRC-SYNTH,2026-09-13T00:00:00+08:00,0.9,synthetic,not_applicable,,team_generated,false,dev
EVT-S029-19,USER-S029,reminder_response,2025-08-12T16:00:00Z,SKILL-009,,,0,completed,neutral,active,low,响应任务提醒并更新完成状态,1.2.0,synthetic,true,SRC-SYNTH,2026-09-13T00:00:00+08:00,0.9,synthetic,not_applicable,,team_generated,false,dev
EVT-S029-20,USER-S029,profile_recalculated,2025-08-29T16:00:00Z,SKILL-027,,,0,completed,neutral,active,low,根据新证据重算画像与岗位匹配度,1.2.0,synthetic,true,SRC-SYNTH,2026-09-13T00:00:00+08:00,0.9,synthetic,not_applicable,,team_generated,false,dev
EVT-S029-21,USER-S029,onboarding,2025-09-15T16:00:00Z,,,,0,completed,neutral,active,low,完成基础信息和学习约束录入,1.2.0,synthetic,true,SRC-SYNTH,2026-09-13T00:00:00+08:00,0.9,synthetic,not_applicable,,team_generated,false,dev
EVT-S029-22,USER-S029,skill_assessment,2025-10-02T16:00:00Z,SKILL-036,,,3,completed,positive,progressing,low,完成能力测评并生成可解释证据,1.2.0,synthetic,true,SRC-SYNTH,2026-09-13T00:00:00+08:00,0.9,synthetic,not_applicable,,team_generated,false,dev
EVT-S029-23,USER-S029,course_started,2025-10-19T16:00:00Z,SKILL-039,RES-0092,,0,completed,neutral,active,low,开始一项与目标能力相关的课程,1.2.0,synthetic,true,SRC-SYNTH,2026-09-13T00:00:00+08:00,0.9,synthetic,not_applicable,,team_generated,false,dev
EVT-S029-24,USER-S029,task_completed,2025-11-05T16:00:00Z,SKILL-001,RES-0167,,2,completed,positive,progressing,low,完成本周学习任务,1.2.0,synthetic,true,SRC-SYNTH,2026-09-13T00:00:00+08:00,0.9,synthetic,not_applicable,,team_generated,false,dev
EVT-S029-25,USER-S029,skill_practice,2025-11-22T16:00:00Z,SKILL-009,RES-0122,,2,completed,positive,progressing,low,完成技能练习并记录反思,1.2.0,synthetic,true,SRC-SYNTH,2026-09-13T00:00:00+08:00,0.9,synthetic,not_applicable,,team_generated,false,dev
EVT-S029-26,USER-S029,course_completed,2025-12-09T16:00:00Z,SKILL-027,RES-0018,,6,completed,positive,progressing,low,完成课程并提交学习总结,1.2.0,synthetic,true,SRC-SYNTH,2026-09-13T00:00:00+08:00,0.9,synthetic,not_applicable,,team_generated,false,dev
EVT-S029-27,USER-S029,project_started,2025-12-26T16:00:00Z,SKILL-030,RES-0143,,0,completed,neutral,active,low,启动实践项目并确认里程碑,1.2.0,synthetic,true,SRC-SYNTH,2026-09-13T00:00:00+08:00,0.9,synthetic,not_applicable,,team_generated,false,dev
EVT-S029-28,USER-S029,job_viewed,2026-01-12T16:00:00Z,,,JOB-AI-APP-0028,0,completed,neutral,active,low,查看目标岗位及能力要求,1.2.0,synthetic,true,SRC-SYNTH,2026-09-13T00:00:00+08:00,0.9,synthetic,not_applicable,,team_generated,false,dev
EVT-S029-29,USER-S029,feedback_submitted,2026-01-29T16:00:00Z,SKILL-039,,,0,completed,neutral,active,low,提交计划难度和推荐相关性反馈,1.2.0,synthetic,true,SRC-SYNTH,2026-09-13T00:00:00+08:00,0.9,synthetic,not_applicable,,team_generated,false,dev
EVT-S029-30,USER-S029,task_completed,2026-02-15T16:00:00Z,SKILL-001,RES-0541,,2,completed,positive,progressing,low,完成本周学习任务,1.2.0,synthetic,true,SRC-SYNTH,2026-09-13T00:00:00+08:00,0.9,synthetic,not_applicable,,team_generated,false,dev
EVT-S029-31,USER-S029,project_completed,2026-03-04T16:00:00Z,SKILL-009,RES-0422,,8,completed,positive,progressing,low,完成项目、说明文档和复盘,1.2.0,synthetic,true,SRC-SYNTH,2026-09-13T00:00:00+08:00,0.9,synthetic,not_applicable,,team_generated,false,dev
EVT-S029-32,USER-S029,profile_recalculated,2026-03-21T16:00:00Z,SKILL-027,,,0,completed,neutral,active,low,根据新证据重算画像与岗位匹配度,1.2.0,synthetic,true,SRC-SYNTH,2026-09-13T00:00:00+08:00,0.9,synthetic,not_applicable,,team_generated,false,dev
EVT-S029-33,USER-S029,job_saved,2026-04-07T16:00:00Z,,,JOB-AI-APP-0033,0,completed,neutral,active,low,收藏一个模拟目标岗位,1.2.0,synthetic,true,SRC-SYNTH,2026-09-13T00:00:00+08:00,0.9,synthetic,not_applicable,,team_generated,false,dev
EVT-S029-34,USER-S029,application_submitted,2026-04-24T16:00:00Z,,,JOB-AI-APP-0034,0,completed,neutral,active,low,向模拟岗位提交申请,1.2.0,synthetic,true,SRC-SYNTH,2026-09-13T00:00:00+08:00,0.9,synthetic,not_applicable,,team_generated,false,dev
EVT-S029-35,USER-S029,interview_result,2026-05-11T16:00:00Z,,,JOB-AI-APP-0035,0,completed,disappointed,active,low,记录模拟面试反馈,1.2.0,synthetic,true,SRC-SYNTH,2026-09-13T00:00:00+08:00,0.9,synthetic,not_applicable,,team_generated,false,dev
EVT-S029-36,USER-S029,plan_adjusted,2026-05-28T16:00:00Z,SKILL-001,,,0,completed,neutral,plan_rebalanced,low,根据时间和反馈调整学习计划,1.2.0,synthetic,true,SRC-SYNTH,2026-09-13T00:00:00+08:00,0.9,synthetic,not_applicable,,team_generated,false,dev
EVT-S029-37,USER-S029,skill_practice,2026-06-14T16:00:00Z,SKILL-009,RES-0422,,2,completed,positive,progressing,low,完成技能练习并记录反思,1.2.0,synthetic,true,SRC-SYNTH,2026-09-13T00:00:00+08:00,0.9,synthetic,not_applicable,,team_generated,false,dev
EVT-S029-38,USER-S029,inactivity,2026-07-01T16:00:00Z,SKILL-027,,,-4,attention_needed,frustrated,learning_stalled,medium,超过设定周期未产生学习证据，触发技能衰减,1.2.0,synthetic,true,SRC-SYNTH,2026-09-13T00:00:00+08:00,0.9,synthetic,not_applicable,,team_generated,false,dev
EVT-S029-39,USER-S029,reminder_response,2026-07-18T16:00:00Z,SKILL-030,,,0,completed,neutral,active,low,响应任务提醒并更新完成状态,1.2.0,synthetic,true,SRC-SYNTH,2026-09-13T00:00:00+08:00,0.9,synthetic,not_applicable,,team_generated,false,dev
EVT-S029-40,USER-S029,profile_recalculated,2026-08-04T16:00:00Z,SKILL-036,,,0,completed,neutral,active,low,根据新证据重算画像与岗位匹配度,1.2.0,synthetic,true,SRC-SYNTH,2026-09-13T00:00:00+08:00,0.9,synthetic,not_applicable,,team_generated,false,dev
EVT-S030-01,USER-S030,onboarding,2024-10-10T16:00:00Z,,,,0,completed,neutral,active,low,完成基础信息和学习约束录入,1.2.0,synthetic,true,SRC-SYNTH,2026-09-13T00:00:00+08:00,0.9,synthetic,not_applicable,,team_generated,false,dev
EVT-S030-02,USER-S030,skill_assessment,2024-10-27T16:00:00Z,SKILL-048,,,3,completed,positive,progressing,low,完成能力测评并生成可解释证据,1.2.0,synthetic,true,SRC-SYNTH,2026-09-13T00:00:00+08:00,0.9,synthetic,not_applicable,,team_generated,false,dev
EVT-S030-03,USER-S030,course_started,2024-11-13T16:00:00Z,SKILL-001,RES-0181,,0,completed,neutral,active,low,开始一项与目标能力相关的课程,1.2.0,synthetic,true,SRC-SYNTH,2026-09-13T00:00:00+08:00,0.9,synthetic,not_applicable,,team_generated,false,dev
EVT-S030-04,USER-S030,task_completed,2024-11-30T16:00:00Z,SKILL-011,RES-0131,,2,completed,positive,progressing,low,完成本周学习任务,1.2.0,synthetic,true,SRC-SYNTH,2026-09-13T00:00:00+08:00,0.9,synthetic,not_applicable,,team_generated,false,dev
EVT-S030-05,USER-S030,skill_practice,2024-12-17T16:00:00Z,SKILL-014,RES-0187,,2,completed,positive,progressing,low,完成技能练习并记录反思,1.2.0,synthetic,true,SRC-SYNTH,2026-09-13T00:00:00+08:00,0.9,synthetic,not_applicable,,team_generated,false,dev
EVT-S030-06,USER-S030,course_completed,2025-01-03T16:00:00Z,SKILL-040,RES-0146,,6,completed,positive,progressing,low,完成课程并提交学习总结,1.2.0,synthetic,true,SRC-SYNTH,2026-09-13T00:00:00+08:00,0.9,synthetic,not_applicable,,team_generated,false,dev
EVT-S030-07,USER-S030,project_started,2025-01-20T16:00:00Z,SKILL-044,RES-0404,,0,completed,neutral,active,low,启动实践项目并确认里程碑,1.2.0,synthetic,true,SRC-SYNTH,2026-09-13T00:00:00+08:00,0.9,synthetic,not_applicable,,team_generated,false,dev
EVT-S030-08,USER-S030,job_viewed,2025-02-06T16:00:00Z,,,JOB-DATA-0087,0,completed,neutral,active,low,查看目标岗位及能力要求,1.2.0,synthetic,true,SRC-SYNTH,2026-09-13T00:00:00+08:00,0.9,synthetic,not_applicable,,team_generated,false,dev
EVT-S030-09,USER-S030,feedback_submitted,2025-02-23T16:00:00Z,SKILL-001,,,0,completed,neutral,active,low,提交计划难度和推荐相关性反馈,1.2.0,synthetic,true,SRC-SYNTH,2026-09-13T00:00:00+08:00,0.9,synthetic,not_applicable,,team_generated,false,dev
EVT-S030-10,USER-S030,task_completed,2025-03-12T16:00:00Z,SKILL-011,RES-0071,,2,completed,positive,progressing,low,完成本周学习任务,1.2.0,synthetic,true,SRC-SYNTH,2026-09-13T00:00:00+08:00,0.9,synthetic,not_applicable,,team_generated,false,dev
EVT-S030-11,USER-S030,project_completed,2025-03-29T16:00:00Z,SKILL-014,RES-0367,,8,completed,positive,progressing,low,完成项目、说明文档和复盘,1.2.0,synthetic,true,SRC-SYNTH,2026-09-13T00:00:00+08:00,0.9,synthetic,not_applicable,,team_generated,false,dev
EVT-S030-12,USER-S030,profile_recalculated,2025-04-15T16:00:00Z,SKILL-040,,,0,completed,neutral,active,low,根据新证据重算画像与岗位匹配度,1.2.0,synthetic,true,SRC-SYNTH,2026-09-13T00:00:00+08:00,0.9,synthetic,not_applicable,,team_generated,false,dev
EVT-S030-13,USER-S030,job_saved,2025-05-02T16:00:00Z,,,JOB-DATA-0013,0,completed,neutral,active,low,收藏一个模拟目标岗位,1.2.0,synthetic,true,SRC-SYNTH,2026-09-13T00:00:00+08:00,0.9,synthetic,not_applicable,,team_generated,false,dev
EVT-S030-14,USER-S030,application_submitted,2025-05-19T16:00:00Z,,,JOB-DATA-0014,0,completed,neutral,active,low,向模拟岗位提交申请,1.2.0,synthetic,true,SRC-SYNTH,2026-09-13T00:00:00+08:00,0.9,synthetic,not_applicable,,team_generated,false,dev
EVT-S030-15,USER-S030,interview_result,2025-06-05T16:00:00Z,,,JOB-DATA-0015,0,completed,disappointed,active,low,记录模拟面试反馈,1.2.0,synthetic,true,SRC-SYNTH,2026-09-13T00:00:00+08:00,0.9,synthetic,not_applicable,,team_generated,false,dev
EVT-S030-16,USER-S030,plan_adjusted,2025-06-22T16:00:00Z,SKILL-011,,,0,completed,neutral,plan_rebalanced,low,根据时间和反馈调整学习计划,1.2.0,synthetic,true,SRC-SYNTH,2026-09-13T00:00:00+08:00,0.9,synthetic,not_applicable,,team_generated,false,dev
EVT-S030-17,USER-S030,skill_practice,2025-07-09T16:00:00Z,SKILL-014,RES-0547,,2,completed,positive,progressing,low,完成技能练习并记录反思,1.2.0,synthetic,true,SRC-SYNTH,2026-09-13T00:00:00+08:00,0.9,synthetic,not_applicable,,team_generated,false,dev
EVT-S030-18,USER-S030,inactivity,2025-07-26T16:00:00Z,SKILL-040,,,-4,attention_needed,frustrated,learning_stalled,medium,超过设定周期未产生学习证据，触发技能衰减,1.2.0,synthetic,true,SRC-SYNTH,2026-09-13T00:00:00+08:00,0.9,synthetic,not_applicable,,team_generated,false,dev
EVT-S030-19,USER-S030,reminder_response,2025-08-12T16:00:00Z,SKILL-044,,,0,completed,neutral,active,low,响应任务提醒并更新完成状态,1.2.0,synthetic,true,SRC-SYNTH,2026-09-13T00:00:00+08:00,0.9,synthetic,not_applicable,,team_generated,false,dev
EVT-S030-20,USER-S030,profile_recalculated,2025-08-29T16:00:00Z,SKILL-048,,,0,completed,neutral,active,low,根据新证据重算画像与岗位匹配度,1.2.0,synthetic,true,SRC-SYNTH,2026-09-13T00:00:00+08:00,0.9,synthetic,not_applicable,,team_generated,false,dev
EVT-S030-21,USER-S030,onboarding,2025-09-15T16:00:00Z,,,,0,completed,neutral,active,low,完成基础信息和学习约束录入,1.2.0,synthetic,true,SRC-SYNTH,2026-09-13T00:00:00+08:00,0.9,synthetic,not_applicable,,team_generated,false,dev
EVT-S030-22,USER-S030,skill_assessment,2025-10-02T16:00:00Z,SKILL-011,,,3,completed,positive,progressing,low,完成能力测评并生成可解释证据,1.2.0,synthetic,true,SRC-SYNTH,2026-09-13T00:00:00+08:00,0.9,synthetic,not_applicable,,team_generated,false,dev
EVT-S030-23,USER-S030,course_started,2025-10-19T16:00:00Z,SKILL-014,RES-0187,,0,completed,neutral,active,low,开始一项与目标能力相关的课程,1.2.0,synthetic,true,SRC-SYNTH,2026-09-13T00:00:00+08:00,0.9,synthetic,not_applicable,,team_generated,false,dev
EVT-S030-24,USER-S030,task_completed,2025-11-05T16:00:00Z,SKILL-040,RES-0040,,2,completed,positive,progressing,low,完成本周学习任务,1.2.0,synthetic,true,SRC-SYNTH,2026-09-13T00:00:00+08:00,0.9,synthetic,not_applicable,,team_generated,false,dev
EVT-S030-25,USER-S030,skill_practice,2025-11-22T16:00:00Z,SKILL-044,RES-0157,,2,completed,positive,progressing,low,完成技能练习并记录反思,1.2.0,synthetic,true,SRC-SYNTH,2026-09-13T00:00:00+08:00,0.9,synthetic,not_applicable,,team_generated,false,dev
EVT-S030-26,USER-S030,course_completed,2025-12-09T16:00:00Z,SKILL-048,RES-0108,,6,completed,positive,progressing,low,完成课程并提交学习总结,1.2.0,synthetic,true,SRC-SYNTH,2026-09-13T00:00:00+08:00,0.9,synthetic,not_applicable,,team_generated,false,dev
EVT-S030-27,USER-S030,project_started,2025-12-26T16:00:00Z,SKILL-001,RES-0167,,0,completed,neutral,active,low,启动实践项目并确认里程碑,1.2.0,synthetic,true,SRC-SYNTH,2026-09-13T00:00:00+08:00,0.9,synthetic,not_applicable,,team_generated,false,dev
EVT-S030-28,USER-S030,job_viewed,2026-01-12T16:00:00Z,,,JOB-DATA-0028,0,completed,neutral,active,low,查看目标岗位及能力要求,1.2.0,synthetic,true,SRC-SYNTH,2026-09-13T00:00:00+08:00,0.9,synthetic,not_applicable,,team_generated,false,dev
EVT-S030-29,USER-S030,feedback_submitted,2026-01-29T16:00:00Z,SKILL-014,,,0,completed,neutral,active,low,提交计划难度和推荐相关性反馈,1.2.0,synthetic,true,SRC-SYNTH,2026-09-13T00:00:00+08:00,0.9,synthetic,not_applicable,,team_generated,false,dev
EVT-S030-30,USER-S030,task_completed,2026-02-15T16:00:00Z,SKILL-040,RES-0026,,2,completed,positive,progressing,low,完成本周学习任务,1.2.0,synthetic,true,SRC-SYNTH,2026-09-13T00:00:00+08:00,0.9,synthetic,not_applicable,,team_generated,false,dev
EVT-S030-31,USER-S030,project_completed,2026-03-04T16:00:00Z,SKILL-044,RES-0157,,8,completed,positive,progressing,low,完成项目、说明文档和复盘,1.2.0,synthetic,true,SRC-SYNTH,2026-09-13T00:00:00+08:00,0.9,synthetic,not_applicable,,team_generated,false,dev
EVT-S030-32,USER-S030,profile_recalculated,2026-03-21T16:00:00Z,SKILL-048,,,0,completed,neutral,active,low,根据新证据重算画像与岗位匹配度,1.2.0,synthetic,true,SRC-SYNTH,2026-09-13T00:00:00+08:00,0.9,synthetic,not_applicable,,team_generated,false,dev
EVT-S030-33,USER-S030,job_saved,2026-04-07T16:00:00Z,,,JOB-DATA-0033,0,completed,neutral,active,low,收藏一个模拟目标岗位,1.2.0,synthetic,true,SRC-SYNTH,2026-09-13T00:00:00+08:00,0.9,synthetic,not_applicable,,team_generated,false,dev
EVT-S030-34,USER-S030,application_submitted,2026-04-24T16:00:00Z,,,JOB-DATA-0034,0,completed,neutral,active,low,向模拟岗位提交申请,1.2.0,synthetic,true,SRC-SYNTH,2026-09-13T00:00:00+08:00,0.9,synthetic,not_applicable,,team_generated,false,dev
EVT-S030-35,USER-S030,interview_result,2026-05-11T16:00:00Z,,,JOB-DATA-0035,0,completed,disappointed,active,low,记录模拟面试反馈,1.2.0,synthetic,true,SRC-SYNTH,2026-09-13T00:00:00+08:00,0.9,synthetic,not_applicable,,team_generated,false,dev
EVT-S030-36,USER-S030,plan_adjusted,2026-05-28T16:00:00Z,SKILL-040,,,0,completed,neutral,plan_rebalanced,low,根据时间和反馈调整学习计划,1.2.0,synthetic,true,SRC-SYNTH,2026-09-13T00:00:00+08:00,0.9,synthetic,not_applicable,,team_generated,false,dev
EVT-S030-37,USER-S030,skill_practice,2026-06-14T16:00:00Z,SKILL-044,RES-0044,,2,completed,positive,progressing,low,完成技能练习并记录反思,1.2.0,synthetic,true,SRC-SYNTH,2026-09-13T00:00:00+08:00,0.9,synthetic,not_applicable,,team_generated,false,dev
EVT-S030-38,USER-S030,inactivity,2026-07-01T16:00:00Z,SKILL-048,,,-4,attention_needed,frustrated,learning_stalled,medium,超过设定周期未产生学习证据，触发技能衰减,1.2.0,synthetic,true,SRC-SYNTH,2026-09-13T00:00:00+08:00,0.9,synthetic,not_applicable,,team_generated,false,dev
EVT-S030-39,USER-S030,reminder_response,2026-07-18T16:00:00Z,SKILL-001,,,0,completed,neutral,active,low,响应任务提醒并更新完成状态,1.2.0,synthetic,true,SRC-SYNTH,2026-09-13T00:00:00+08:00,0.9,synthetic,not_applicable,,team_generated,false,dev
EVT-S030-40,USER-S030,profile_recalculated,2026-08-04T16:00:00Z,SKILL-011,,,0,completed,neutral,active,low,根据新证据重算画像与岗位匹配度,1.2.0,synthetic,true,SRC-SYNTH,2026-09-13T00:00:00+08:00,0.9,synthetic,not_applicable,,team_generated,false,dev
EVT-S031-01,USER-S031,onboarding,2024-10-10T16:00:00Z,,,,0,completed,neutral,active,low,完成基础信息和学习约束录入,1.2.0,synthetic,true,SRC-SYNTH,2026-09-13T00:00:00+08:00,0.9,synthetic,not_applicable,,team_generated,false,dev
EVT-S031-02,USER-S031,skill_assessment,2024-10-27T16:00:00Z,SKILL-058,,,3,completed,positive,progressing,low,完成能力测评并生成可解释证据,1.2.0,synthetic,true,SRC-SYNTH,2026-09-13T00:00:00+08:00,0.9,synthetic,not_applicable,,team_generated,false,dev
EVT-S031-03,USER-S031,course_started,2024-11-13T16:00:00Z,SKILL-002,RES-0055,,0,completed,neutral,active,low,开始一项与目标能力相关的课程,1.2.0,synthetic,true,SRC-SYNTH,2026-09-13T00:00:00+08:00,0.9,synthetic,not_applicable,,team_generated,false,dev
EVT-S031-04,USER-S031,task_completed,2024-11-30T16:00:00Z,SKILL-017,RES-0137,,2,completed,positive,progressing,low,完成本周学习任务,1.2.0,synthetic,true,SRC-SYNTH,2026-09-13T00:00:00+08:00,0.9,synthetic,not_applicable,,team_generated,false,dev
EVT-S031-05,USER-S031,skill_practice,2024-12-17T16:00:00Z,SKILL-020,RES-0193,,2,completed,positive,progressing,low,完成技能练习并记录反思,1.2.0,synthetic,true,SRC-SYNTH,2026-09-13T00:00:00+08:00,0.9,synthetic,not_applicable,,team_generated,false,dev
EVT-S031-06,USER-S031,course_completed,2025-01-03T16:00:00Z,SKILL-023,RES-0136,,6,completed,positive,progressing,low,完成课程并提交学习总结,1.2.0,synthetic,true,SRC-SYNTH,2026-09-13T00:00:00+08:00,0.9,synthetic,not_applicable,,team_generated,false,dev
EVT-S031-07,USER-S031,project_started,2025-01-20T16:00:00Z,SKILL-033,RES-0573,,0,completed,neutral,active,low,启动实践项目并确认里程碑,1.2.0,synthetic,true,SRC-SYNTH,2026-09-13T00:00:00+08:00,0.9,synthetic,not_applicable,,team_generated,false,dev
EVT-S031-08,USER-S031,job_viewed,2025-02-06T16:00:00Z,,,JOB-AI-ALG-0087,0,completed,neutral,active,low,查看目标岗位及能力要求,1.2.0,synthetic,true,SRC-SYNTH,2026-09-13T00:00:00+08:00,0.9,synthetic,not_applicable,,team_generated,false,dev
EVT-S031-09,USER-S031,feedback_submitted,2025-02-23T16:00:00Z,SKILL-002,,,0,completed,neutral,active,low,提交计划难度和推荐相关性反馈,1.2.0,synthetic,true,SRC-SYNTH,2026-09-13T00:00:00+08:00,0.9,synthetic,not_applicable,,team_generated,false,dev
EVT-S031-10,USER-S031,task_completed,2025-03-12T16:00:00Z,SKILL-017,RES-0137,,2,completed,positive,progressing,low,完成本周学习任务,1.2.0,synthetic,true,SRC-SYNTH,2026-09-13T00:00:00+08:00,0.9,synthetic,not_applicable,,team_generated,false,dev
EVT-S031-11,USER-S031,project_completed,2025-03-29T16:00:00Z,SKILL-020,RES-0200,,8,completed,positive,progressing,low,完成项目、说明文档和复盘,1.2.0,synthetic,true,SRC-SYNTH,2026-09-13T00:00:00+08:00,0.9,synthetic,not_applicable,,team_generated,false,dev
EVT-S031-12,USER-S031,profile_recalculated,2025-04-15T16:00:00Z,SKILL-023,,,0,completed,neutral,active,low,根据新证据重算画像与岗位匹配度,1.2.0,synthetic,true,SRC-SYNTH,2026-09-13T00:00:00+08:00,0.9,synthetic,not_applicable,,team_generated,false,dev
EVT-S031-13,USER-S031,job_saved,2025-05-02T16:00:00Z,,,JOB-AI-ALG-0013,0,completed,neutral,active,low,收藏一个模拟目标岗位,1.2.0,synthetic,true,SRC-SYNTH,2026-09-13T00:00:00+08:00,0.9,synthetic,not_applicable,,team_generated,false,dev
EVT-S031-14,USER-S031,application_submitted,2025-05-19T16:00:00Z,,,JOB-AI-ALG-0014,0,completed,neutral,active,low,向模拟岗位提交申请,1.2.0,synthetic,true,SRC-SYNTH,2026-09-13T00:00:00+08:00,0.9,synthetic,not_applicable,,team_generated,false,dev
EVT-S031-15,USER-S031,interview_result,2025-06-05T16:00:00Z,,,JOB-AI-ALG-0015,0,completed,disappointed,active,low,记录模拟面试反馈,1.2.0,synthetic,true,SRC-SYNTH,2026-09-13T00:00:00+08:00,0.9,synthetic,not_applicable,,team_generated,false,dev
EVT-S031-16,USER-S031,plan_adjusted,2025-06-22T16:00:00Z,SKILL-017,,,0,completed,neutral,plan_rebalanced,low,根据时间和反馈调整学习计划,1.2.0,synthetic,true,SRC-SYNTH,2026-09-13T00:00:00+08:00,0.9,synthetic,not_applicable,,team_generated,false,dev
EVT-S031-17,USER-S031,skill_practice,2025-07-09T16:00:00Z,SKILL-020,RES-0553,,2,completed,positive,progressing,low,完成技能练习并记录反思,1.2.0,synthetic,true,SRC-SYNTH,2026-09-13T00:00:00+08:00,0.9,synthetic,not_applicable,,team_generated,false,dev
EVT-S031-18,USER-S031,inactivity,2025-07-26T16:00:00Z,SKILL-023,,,-4,attention_needed,frustrated,learning_stalled,medium,超过设定周期未产生学习证据，触发技能衰减,1.2.0,synthetic,true,SRC-SYNTH,2026-09-13T00:00:00+08:00,0.9,synthetic,not_applicable,,team_generated,false,dev
EVT-S031-19,USER-S031,reminder_response,2025-08-12T16:00:00Z,SKILL-033,,,0,completed,neutral,active,low,响应任务提醒并更新完成状态,1.2.0,synthetic,true,SRC-SYNTH,2026-09-13T00:00:00+08:00,0.9,synthetic,not_applicable,,team_generated,false,dev
EVT-S031-20,USER-S031,profile_recalculated,2025-08-29T16:00:00Z,SKILL-058,,,0,completed,neutral,active,low,根据新证据重算画像与岗位匹配度,1.2.0,synthetic,true,SRC-SYNTH,2026-09-13T00:00:00+08:00,0.9,synthetic,not_applicable,,team_generated,false,dev
EVT-S031-21,USER-S031,onboarding,2025-09-15T16:00:00Z,,,,0,completed,neutral,active,low,完成基础信息和学习约束录入,1.2.0,synthetic,true,SRC-SYNTH,2026-09-13T00:00:00+08:00,0.9,synthetic,not_applicable,,team_generated,false,dev
EVT-S031-22,USER-S031,skill_assessment,2025-10-02T16:00:00Z,SKILL-017,,,3,completed,positive,progressing,low,完成能力测评并生成可解释证据,1.2.0,synthetic,true,SRC-SYNTH,2026-09-13T00:00:00+08:00,0.9,synthetic,not_applicable,,team_generated,false,dev
EVT-S031-23,USER-S031,course_started,2025-10-19T16:00:00Z,SKILL-020,RES-0193,,0,completed,neutral,active,low,开始一项与目标能力相关的课程,1.2.0,synthetic,true,SRC-SYNTH,2026-09-13T00:00:00+08:00,0.9,synthetic,not_applicable,,team_generated,false,dev
EVT-S031-24,USER-S031,task_completed,2025-11-05T16:00:00Z,SKILL-023,RES-0005,,2,completed,positive,progressing,low,完成本周学习任务,1.2.0,synthetic,true,SRC-SYNTH,2026-09-13T00:00:00+08:00,0.9,synthetic,not_applicable,,team_generated,false,dev
EVT-S031-25,USER-S031,skill_practice,2025-11-22T16:00:00Z,SKILL-033,RES-0146,,2,completed,positive,progressing,low,完成技能练习并记录反思,1.2.0,synthetic,true,SRC-SYNTH,2026-09-13T00:00:00+08:00,0.9,synthetic,not_applicable,,team_generated,false,dev
EVT-S031-26,USER-S031,course_completed,2025-12-09T16:00:00Z,SKILL-058,RES-0298,,6,completed,positive,progressing,low,完成课程并提交学习总结,1.2.0,synthetic,true,SRC-SYNTH,2026-09-13T00:00:00+08:00,0.9,synthetic,not_applicable,,team_generated,false,dev
EVT-S031-27,USER-S031,project_started,2025-12-26T16:00:00Z,SKILL-002,RES-0122,,0,completed,neutral,active,low,启动实践项目并确认里程碑,1.2.0,synthetic,true,SRC-SYNTH,2026-09-13T00:00:00+08:00,0.9,synthetic,not_applicable,,team_generated,false,dev
EVT-S031-28,USER-S031,job_viewed,2026-01-12T16:00:00Z,,,JOB-AI-ALG-0028,0,completed,neutral,active,low,查看目标岗位及能力要求,1.2.0,synthetic,true,SRC-SYNTH,2026-09-13T00:00:00+08:00,0.9,synthetic,not_applicable,,team_generated,false,dev
EVT-S031-29,USER-S031,feedback_submitted,2026-01-29T16:00:00Z,SKILL-020,,,0,completed,neutral,active,low,提交计划难度和推荐相关性反馈,1.2.0,synthetic,true,SRC-SYNTH,2026-09-13T00:00:00+08:00,0.9,synthetic,not_applicable,,team_generated,false,dev
EVT-S031-30,USER-S031,task_completed,2026-02-15T16:00:00Z,SKILL-023,RES-0143,,2,completed,positive,progressing,low,完成本周学习任务,1.2.0,synthetic,true,SRC-SYNTH,2026-09-13T00:00:00+08:00,0.9,synthetic,not_applicable,,team_generated,false,dev
EVT-S031-31,USER-S031,project_completed,2026-03-04T16:00:00Z,SKILL-033,RES-0146,,8,completed,positive,progressing,low,完成项目、说明文档和复盘,1.2.0,synthetic,true,SRC-SYNTH,2026-09-13T00:00:00+08:00,0.9,synthetic,not_applicable,,team_generated,false,dev
EVT-S031-32,USER-S031,profile_recalculated,2026-03-21T16:00:00Z,SKILL-058,,,0,completed,neutral,active,low,根据新证据重算画像与岗位匹配度,1.2.0,synthetic,true,SRC-SYNTH,2026-09-13T00:00:00+08:00,0.9,synthetic,not_applicable,,team_generated,false,dev
EVT-S031-33,USER-S031,job_saved,2026-04-07T16:00:00Z,,,JOB-AI-ALG-0033,0,completed,neutral,active,low,收藏一个模拟目标岗位,1.2.0,synthetic,true,SRC-SYNTH,2026-09-13T00:00:00+08:00,0.9,synthetic,not_applicable,,team_generated,false,dev
EVT-S031-34,USER-S031,application_submitted,2026-04-24T16:00:00Z,,,JOB-AI-ALG-0034,0,completed,neutral,active,low,向模拟岗位提交申请,1.2.0,synthetic,true,SRC-SYNTH,2026-09-13T00:00:00+08:00,0.9,synthetic,not_applicable,,team_generated,false,dev
EVT-S031-35,USER-S031,interview_result,2026-05-11T16:00:00Z,,,JOB-AI-ALG-0035,0,completed,disappointed,active,low,记录模拟面试反馈,1.2.0,synthetic,true,SRC-SYNTH,2026-09-13T00:00:00+08:00,0.9,synthetic,not_applicable,,team_generated,false,dev
EVT-S031-36,USER-S031,plan_adjusted,2026-05-28T16:00:00Z,SKILL-023,,,0,completed,neutral,plan_rebalanced,low,根据时间和反馈调整学习计划,1.2.0,synthetic,true,SRC-SYNTH,2026-09-13T00:00:00+08:00,0.9,synthetic,not_applicable,,team_generated,false,dev
EVT-S031-37,USER-S031,skill_practice,2026-06-14T16:00:00Z,SKILL-033,RES-0033,,2,completed,positive,progressing,low,完成技能练习并记录反思,1.2.0,synthetic,true,SRC-SYNTH,2026-09-13T00:00:00+08:00,0.9,synthetic,not_applicable,,team_generated,false,dev
EVT-S031-38,USER-S031,inactivity,2026-07-01T16:00:00Z,SKILL-058,,,-4,attention_needed,frustrated,learning_stalled,medium,超过设定周期未产生学习证据，触发技能衰减,1.2.0,synthetic,true,SRC-SYNTH,2026-09-13T00:00:00+08:00,0.9,synthetic,not_applicable,,team_generated,false,dev
EVT-S031-39,USER-S031,reminder_response,2026-07-18T16:00:00Z,SKILL-002,,,0,completed,neutral,active,low,响应任务提醒并更新完成状态,1.2.0,synthetic,true,SRC-SYNTH,2026-09-13T00:00:00+08:00,0.9,synthetic,not_applicable,,team_generated,false,dev
EVT-S031-40,USER-S031,profile_recalculated,2026-08-04T16:00:00Z,SKILL-017,,,0,completed,neutral,active,low,根据新证据重算画像与岗位匹配度,1.2.0,synthetic,true,SRC-SYNTH,2026-09-13T00:00:00+08:00,0.9,synthetic,not_applicable,,team_generated,false,dev
EVT-S032-01,USER-S032,onboarding,2024-10-10T16:00:00Z,,,,0,completed,neutral,active,low,完成基础信息和学习约束录入,1.2.0,synthetic,true,SRC-SYNTH,2026-09-13T00:00:00+08:00,0.9,synthetic,not_applicable,,team_generated,false,dev
EVT-S032-02,USER-S032,skill_assessment,2024-10-27T16:00:00Z,SKILL-050,,,3,completed,positive,progressing,low,完成能力测评并生成可解释证据,1.2.0,synthetic,true,SRC-SYNTH,2026-09-13T00:00:00+08:00,0.9,synthetic,not_applicable,,team_generated,false,dev
EVT-S032-03,USER-S032,course_started,2024-11-13T16:00:00Z,SKILL-008,RES-0121,,0,completed,neutral,active,low,开始一项与目标能力相关的课程,1.2.0,synthetic,true,SRC-SYNTH,2026-09-13T00:00:00+08:00,0.9,synthetic,not_applicable,,team_generated,false,dev
EVT-S032-04,USER-S032,task_completed,2024-11-30T16:00:00Z,SKILL-026,RES-0139,,2,completed,positive,progressing,low,完成本周学习任务,1.2.0,synthetic,true,SRC-SYNTH,2026-09-13T00:00:00+08:00,0.9,synthetic,not_applicable,,team_generated,false,dev
EVT-S032-05,USER-S032,skill_practice,2024-12-17T16:00:00Z,SKILL-029,RES-0029,,2,completed,positive,progressing,low,完成技能练习并记录反思,1.2.0,synthetic,true,SRC-SYNTH,2026-09-13T00:00:00+08:00,0.9,synthetic,not_applicable,,team_generated,false,dev
EVT-S032-06,USER-S032,course_completed,2025-01-03T16:00:00Z,SKILL-035,RES-0155,,6,completed,positive,progressing,low,完成课程并提交学习总结,1.2.0,synthetic,true,SRC-SYNTH,2026-09-13T00:00:00+08:00,0.9,synthetic,not_applicable,,team_generated,false,dev
EVT-S032-07,USER-S032,project_started,2025-01-20T16:00:00Z,SKILL-038,RES-0038,,0,completed,neutral,active,low,启动实践项目并确认里程碑,1.2.0,synthetic,true,SRC-SYNTH,2026-09-13T00:00:00+08:00,0.9,synthetic,not_applicable,,team_generated,false,dev
EVT-S032-08,USER-S032,job_viewed,2025-02-06T16:00:00Z,,,JOB-AI-APP-0087,0,completed,neutral,active,low,查看目标岗位及能力要求,1.2.0,synthetic,true,SRC-SYNTH,2026-09-13T00:00:00+08:00,0.9,synthetic,not_applicable,,team_generated,false,dev
EVT-S032-09,USER-S032,feedback_submitted,2025-02-23T16:00:00Z,SKILL-008,,,0,completed,neutral,active,low,提交计划难度和推荐相关性反馈,1.2.0,synthetic,true,SRC-SYNTH,2026-09-13T00:00:00+08:00,0.9,synthetic,not_applicable,,team_generated,false,dev
EVT-S032-10,USER-S032,task_completed,2025-03-12T16:00:00Z,SKILL-026,RES-0006,,2,completed,positive,progressing,low,完成本周学习任务,1.2.0,synthetic,true,SRC-SYNTH,2026-09-13T00:00:00+08:00,0.9,synthetic,not_applicable,,team_generated,false,dev
EVT-S032-11,USER-S032,project_completed,2025-03-29T16:00:00Z,SKILL-029,RES-0003,,8,completed,positive,progressing,low,完成项目、说明文档和复盘,1.2.0,synthetic,true,SRC-SYNTH,2026-09-13T00:00:00+08:00,0.9,synthetic,not_applicable,,team_generated,false,dev
EVT-S032-12,USER-S032,profile_recalculated,2025-04-15T16:00:00Z,SKILL-035,,,0,completed,neutral,active,low,根据新证据重算画像与岗位匹配度,1.2.0,synthetic,true,SRC-SYNTH,2026-09-13T00:00:00+08:00,0.9,synthetic,not_applicable,,team_generated,false,dev
EVT-S032-13,USER-S032,job_saved,2025-05-02T16:00:00Z,,,JOB-AI-APP-0013,0,completed,neutral,active,low,收藏一个模拟目标岗位,1.2.0,synthetic,true,SRC-SYNTH,2026-09-13T00:00:00+08:00,0.9,synthetic,not_applicable,,team_generated,false,dev
EVT-S032-14,USER-S032,application_submitted,2025-05-19T16:00:00Z,,,JOB-AI-APP-0014,0,completed,neutral,active,low,向模拟岗位提交申请,1.2.0,synthetic,true,SRC-SYNTH,2026-09-13T00:00:00+08:00,0.9,synthetic,not_applicable,,team_generated,false,dev
EVT-S032-15,USER-S032,interview_result,2025-06-05T16:00:00Z,,,JOB-AI-APP-0015,0,completed,disappointed,active,low,记录模拟面试反馈,1.2.0,synthetic,true,SRC-SYNTH,2026-09-13T00:00:00+08:00,0.9,synthetic,not_applicable,,team_generated,false,dev
EVT-S032-16,USER-S032,plan_adjusted,2025-06-22T16:00:00Z,SKILL-026,,,0,completed,neutral,plan_rebalanced,low,根据时间和反馈调整学习计划,1.2.0,synthetic,true,SRC-SYNTH,2026-09-13T00:00:00+08:00,0.9,synthetic,not_applicable,,team_generated,false,dev
EVT-S032-17,USER-S032,skill_practice,2025-07-09T16:00:00Z,SKILL-029,RES-0202,,2,completed,positive,progressing,low,完成技能练习并记录反思,1.2.0,synthetic,true,SRC-SYNTH,2026-09-13T00:00:00+08:00,0.9,synthetic,not_applicable,,team_generated,false,dev
EVT-S032-18,USER-S032,inactivity,2025-07-26T16:00:00Z,SKILL-035,,,-4,attention_needed,frustrated,learning_stalled,medium,超过设定周期未产生学习证据，触发技能衰减,1.2.0,synthetic,true,SRC-SYNTH,2026-09-13T00:00:00+08:00,0.9,synthetic,not_applicable,,team_generated,false,dev
EVT-S032-19,USER-S032,reminder_response,2025-08-12T16:00:00Z,SKILL-038,,,0,completed,neutral,active,low,响应任务提醒并更新完成状态,1.2.0,synthetic,true,SRC-SYNTH,2026-09-13T00:00:00+08:00,0.9,synthetic,not_applicable,,team_generated,false,dev
EVT-S032-20,USER-S032,profile_recalculated,2025-08-29T16:00:00Z,SKILL-050,,,0,completed,neutral,active,low,根据新证据重算画像与岗位匹配度,1.2.0,synthetic,true,SRC-SYNTH,2026-09-13T00:00:00+08:00,0.9,synthetic,not_applicable,,team_generated,false,dev
EVT-S032-21,USER-S032,onboarding,2025-09-15T16:00:00Z,,,,0,completed,neutral,active,low,完成基础信息和学习约束录入,1.2.0,synthetic,true,SRC-SYNTH,2026-09-13T00:00:00+08:00,0.9,synthetic,not_applicable,,team_generated,false,dev
EVT-S032-22,USER-S032,skill_assessment,2025-10-02T16:00:00Z,SKILL-026,,,3,completed,positive,progressing,low,完成能力测评并生成可解释证据,1.2.0,synthetic,true,SRC-SYNTH,2026-09-13T00:00:00+08:00,0.9,synthetic,not_applicable,,team_generated,false,dev
EVT-S032-23,USER-S032,course_started,2025-10-19T16:00:00Z,SKILL-029,RES-0011,,0,completed,neutral,active,low,开始一项与目标能力相关的课程,1.2.0,synthetic,true,SRC-SYNTH,2026-09-13T00:00:00+08:00,0.9,synthetic,not_applicable,,team_generated,false,dev
EVT-S032-24,USER-S032,task_completed,2025-11-05T16:00:00Z,SKILL-035,RES-0515,,2,completed,positive,progressing,low,完成本周学习任务,1.2.0,synthetic,true,SRC-SYNTH,2026-09-13T00:00:00+08:00,0.9,synthetic,not_applicable,,team_generated,false,dev
EVT-S032-25,USER-S032,skill_practice,2025-11-22T16:00:00Z,SKILL-038,RES-0151,,2,completed,positive,progressing,low,完成技能练习并记录反思,1.2.0,synthetic,true,SRC-SYNTH,2026-09-13T00:00:00+08:00,0.9,synthetic,not_applicable,,team_generated,false,dev
EVT-S032-26,USER-S032,course_completed,2025-12-09T16:00:00Z,SKILL-050,RES-0170,,6,completed,positive,progressing,low,完成课程并提交学习总结,1.2.0,synthetic,true,SRC-SYNTH,2026-09-13T00:00:00+08:00,0.9,synthetic,not_applicable,,team_generated,false,dev
EVT-S032-27,USER-S032,project_started,2025-12-26T16:00:00Z,SKILL-008,RES-0181,,0,completed,neutral,active,low,启动实践项目并确认里程碑,1.2.0,synthetic,true,SRC-SYNTH,2026-09-13T00:00:00+08:00,0.9,synthetic,not_applicable,,team_generated,false,dev
EVT-S032-28,USER-S032,job_viewed,2026-01-12T16:00:00Z,,,JOB-AI-APP-0028,0,completed,neutral,active,low,查看目标岗位及能力要求,1.2.0,synthetic,true,SRC-SYNTH,2026-09-13T00:00:00+08:00,0.9,synthetic,not_applicable,,team_generated,false,dev
EVT-S032-29,USER-S032,feedback_submitted,2026-01-29T16:00:00Z,SKILL-029,,,0,completed,neutral,active,low,提交计划难度和推荐相关性反馈,1.2.0,synthetic,true,SRC-SYNTH,2026-09-13T00:00:00+08:00,0.9,synthetic,not_applicable,,team_generated,false,dev
EVT-S032-30,USER-S032,task_completed,2026-02-15T16:00:00Z,SKILL-035,RES-0388,,2,completed,positive,progressing,low,完成本周学习任务,1.2.0,synthetic,true,SRC-SYNTH,2026-09-13T00:00:00+08:00,0.9,synthetic,not_applicable,,team_generated,false,dev
EVT-S032-31,USER-S032,project_completed,2026-03-04T16:00:00Z,SKILL-038,RES-0031,,8,completed,positive,progressing,low,完成项目、说明文档和复盘,1.2.0,synthetic,true,SRC-SYNTH,2026-09-13T00:00:00+08:00,0.9,synthetic,not_applicable,,team_generated,false,dev
EVT-S032-32,USER-S032,profile_recalculated,2026-03-21T16:00:00Z,SKILL-050,,,0,completed,neutral,active,low,根据新证据重算画像与岗位匹配度,1.2.0,synthetic,true,SRC-SYNTH,2026-09-13T00:00:00+08:00,0.9,synthetic,not_applicable,,team_generated,false,dev
EVT-S032-33,USER-S032,job_saved,2026-04-07T16:00:00Z,,,JOB-AI-APP-0033,0,completed,neutral,active,low,收藏一个模拟目标岗位,1.2.0,synthetic,true,SRC-SYNTH,2026-09-13T00:00:00+08:00,0.9,synthetic,not_applicable,,team_generated,false,dev
EVT-S032-34,USER-S032,application_submitted,2026-04-24T16:00:00Z,,,JOB-AI-APP-0034,0,completed,neutral,active,low,向模拟岗位提交申请,1.2.0,synthetic,true,SRC-SYNTH,2026-09-13T00:00:00+08:00,0.9,synthetic,not_applicable,,team_generated,false,dev
EVT-S032-35,USER-S032,interview_result,2026-05-11T16:00:00Z,,,JOB-AI-APP-0035,0,completed,disappointed,active,low,记录模拟面试反馈,1.2.0,synthetic,true,SRC-SYNTH,2026-09-13T00:00:00+08:00,0.9,synthetic,not_applicable,,team_generated,false,dev
EVT-S032-36,USER-S032,plan_adjusted,2026-05-28T16:00:00Z,SKILL-035,,,0,completed,neutral,plan_rebalanced,low,根据时间和反馈调整学习计划,1.2.0,synthetic,true,SRC-SYNTH,2026-09-13T00:00:00+08:00,0.9,synthetic,not_applicable,,team_generated,false,dev
EVT-S032-37,USER-S032,skill_practice,2026-06-14T16:00:00Z,SKILL-038,RES-0038,,2,completed,positive,progressing,low,完成技能练习并记录反思,1.2.0,synthetic,true,SRC-SYNTH,2026-09-13T00:00:00+08:00,0.9,synthetic,not_applicable,,team_generated,false,dev
EVT-S032-38,USER-S032,inactivity,2026-07-01T16:00:00Z,SKILL-050,,,-4,attention_needed,frustrated,learning_stalled,medium,超过设定周期未产生学习证据，触发技能衰减,1.2.0,synthetic,true,SRC-SYNTH,2026-09-13T00:00:00+08:00,0.9,synthetic,not_applicable,,team_generated,false,dev
EVT-S032-39,USER-S032,reminder_response,2026-07-18T16:00:00Z,SKILL-008,,,0,completed,neutral,active,low,响应任务提醒并更新完成状态,1.2.0,synthetic,true,SRC-SYNTH,2026-09-13T00:00:00+08:00,0.9,synthetic,not_applicable,,team_generated,false,dev
EVT-S032-40,USER-S032,profile_recalculated,2026-08-04T16:00:00Z,SKILL-026,,,0,completed,neutral,active,low,根据新证据重算画像与岗位匹配度,1.2.0,synthetic,true,SRC-SYNTH,2026-09-13T00:00:00+08:00,0.9,synthetic,not_applicable,,team_generated,false,dev
EVT-S033-01,USER-S033,onboarding,2024-10-10T16:00:00Z,,,,0,completed,neutral,active,low,完成基础信息和学习约束录入,1.2.0,synthetic,true,SRC-SYNTH,2026-09-13T00:00:00+08:00,0.9,synthetic,not_applicable,,team_generated,false,dev
EVT-S033-02,USER-S033,skill_assessment,2024-10-27T16:00:00Z,SKILL-001,,,3,completed,positive,progressing,low,完成能力测评并生成可解释证据,1.2.0,synthetic,true,SRC-SYNTH,2026-09-13T00:00:00+08:00,0.9,synthetic,not_applicable,,team_generated,false,dev
EVT-S033-03,USER-S033,course_started,2024-11-13T16:00:00Z,SKILL-011,RES-0124,,0,completed,neutral,active,low,开始一项与目标能力相关的课程,1.2.0,synthetic,true,SRC-SYNTH,2026-09-13T00:00:00+08:00,0.9,synthetic,not_applicable,,team_generated,false,dev
EVT-S033-04,USER-S033,task_completed,2024-11-30T16:00:00Z,SKILL-014,RES-0134,,2,completed,positive,progressing,low,完成本周学习任务,1.2.0,synthetic,true,SRC-SYNTH,2026-09-13T00:00:00+08:00,0.9,synthetic,not_applicable,,team_generated,false,dev
EVT-S033-05,USER-S033,skill_practice,2024-12-17T16:00:00Z,SKILL-040,RES-0160,,2,completed,positive,progressing,low,完成技能练习并记录反思,1.2.0,synthetic,true,SRC-SYNTH,2026-09-13T00:00:00+08:00,0.9,synthetic,not_applicable,,team_generated,false,dev
EVT-S033-06,USER-S033,course_completed,2025-01-03T16:00:00Z,SKILL-044,RES-0164,,6,completed,positive,progressing,low,完成课程并提交学习总结,1.2.0,synthetic,true,SRC-SYNTH,2026-09-13T00:00:00+08:00,0.9,synthetic,not_applicable,,team_generated,false,dev
EVT-S033-07,USER-S033,project_started,2025-01-20T16:00:00Z,SKILL-048,RES-0168,,0,completed,neutral,active,low,启动实践项目并确认里程碑,1.2.0,synthetic,true,SRC-SYNTH,2026-09-13T00:00:00+08:00,0.9,synthetic,not_applicable,,team_generated,false,dev
EVT-S033-08,USER-S033,job_viewed,2025-02-06T16:00:00Z,,,JOB-DATA-0087,0,completed,neutral,active,low,查看目标岗位及能力要求,1.2.0,synthetic,true,SRC-SYNTH,2026-09-13T00:00:00+08:00,0.9,synthetic,not_applicable,,team_generated,false,dev
EVT-S033-09,USER-S033,feedback_submitted,2025-02-23T16:00:00Z,SKILL-011,,,0,completed,neutral,active,low,提交计划难度和推荐相关性反馈,1.2.0,synthetic,true,SRC-SYNTH,2026-09-13T00:00:00+08:00,0.9,synthetic,not_applicable,,team_generated,false,dev
EVT-S033-10,USER-S033,task_completed,2025-03-12T16:00:00Z,SKILL-014,RES-0314,,2,completed,positive,progressing,low,完成本周学习任务,1.2.0,synthetic,true,SRC-SYNTH,2026-09-13T00:00:00+08:00,0.9,synthetic,not_applicable,,team_generated,false,dev
EVT-S033-11,USER-S033,project_completed,2025-03-29T16:00:00Z,SKILL-040,RES-0146,,8,completed,positive,progressing,low,完成项目、说明文档和复盘,1.2.0,synthetic,true,SRC-SYNTH,2026-09-13T00:00:00+08:00,0.9,synthetic,not_applicable,,team_generated,false,dev
EVT-S033-12,USER-S033,profile_recalculated,2025-04-15T16:00:00Z,SKILL-044,,,0,completed,neutral,active,low,根据新证据重算画像与岗位匹配度,1.2.0,synthetic,true,SRC-SYNTH,2026-09-13T00:00:00+08:00,0.9,synthetic,not_applicable,,team_generated,false,dev
EVT-S033-13,USER-S033,job_saved,2025-05-02T16:00:00Z,,,JOB-DATA-0013,0,completed,neutral,active,low,收藏一个模拟目标岗位,1.2.0,synthetic,true,SRC-SYNTH,2026-09-13T00:00:00+08:00,0.9,synthetic,not_applicable,,team_generated,false,dev
EVT-S033-14,USER-S033,application_submitted,2025-05-19T16:00:00Z,,,JOB-DATA-0014,0,completed,neutral,active,low,向模拟岗位提交申请,1.2.0,synthetic,true,SRC-SYNTH,2026-09-13T00:00:00+08:00,0.9,synthetic,not_applicable,,team_generated,false,dev
EVT-S033-15,USER-S033,interview_result,2025-06-05T16:00:00Z,,,JOB-DATA-0015,0,completed,disappointed,active,low,记录模拟面试反馈,1.2.0,synthetic,true,SRC-SYNTH,2026-09-13T00:00:00+08:00,0.9,synthetic,not_applicable,,team_generated,false,dev
EVT-S033-16,USER-S033,plan_adjusted,2025-06-22T16:00:00Z,SKILL-014,,,0,completed,neutral,plan_rebalanced,low,根据时间和反馈调整学习计划,1.2.0,synthetic,true,SRC-SYNTH,2026-09-13T00:00:00+08:00,0.9,synthetic,not_applicable,,team_generated,false,dev
EVT-S033-17,USER-S033,skill_practice,2025-07-09T16:00:00Z,SKILL-040,RES-0040,,2,completed,positive,progressing,low,完成技能练习并记录反思,1.2.0,synthetic,true,SRC-SYNTH,2026-09-13T00:00:00+08:00,0.9,synthetic,not_applicable,,team_generated,false,dev
EVT-S033-18,USER-S033,inactivity,2025-07-26T16:00:00Z,SKILL-044,,,-4,attention_needed,frustrated,learning_stalled,medium,超过设定周期未产生学习证据，触发技能衰减,1.2.0,synthetic,true,SRC-SYNTH,2026-09-13T00:00:00+08:00,0.9,synthetic,not_applicable,,team_generated,false,dev
EVT-S033-19,USER-S033,reminder_response,2025-08-12T16:00:00Z,SKILL-048,,,0,completed,neutral,active,low,响应任务提醒并更新完成状态,1.2.0,synthetic,true,SRC-SYNTH,2026-09-13T00:00:00+08:00,0.9,synthetic,not_applicable,,team_generated,false,dev
EVT-S033-20,USER-S033,profile_recalculated,2025-08-29T16:00:00Z,SKILL-001,,,0,completed,neutral,active,low,根据新证据重算画像与岗位匹配度,1.2.0,synthetic,true,SRC-SYNTH,2026-09-13T00:00:00+08:00,0.9,synthetic,not_applicable,,team_generated,false,dev
EVT-S033-21,USER-S033,onboarding,2025-09-15T16:00:00Z,,,,0,completed,neutral,active,low,完成基础信息和学习约束录入,1.2.0,synthetic,true,SRC-SYNTH,2026-09-13T00:00:00+08:00,0.9,synthetic,not_applicable,,team_generated,false,dev
EVT-S033-22,USER-S033,skill_assessment,2025-10-02T16:00:00Z,SKILL-014,,,3,completed,positive,progressing,low,完成能力测评并生成可解释证据,1.2.0,synthetic,true,SRC-SYNTH,2026-09-13T00:00:00+08:00,0.9,synthetic,not_applicable,,team_generated,false,dev
EVT-S033-23,USER-S033,course_started,2025-10-19T16:00:00Z,SKILL-040,RES-0026,,0,completed,neutral,active,low,开始一项与目标能力相关的课程,1.2.0,synthetic,true,SRC-SYNTH,2026-09-13T00:00:00+08:00,0.9,synthetic,not_applicable,,team_generated,false,dev
EVT-S033-24,USER-S033,task_completed,2025-11-05T16:00:00Z,SKILL-044,RES-0157,,2,completed,positive,progressing,low,完成本周学习任务,1.2.0,synthetic,true,SRC-SYNTH,2026-09-13T00:00:00+08:00,0.9,synthetic,not_applicable,,team_generated,false,dev
EVT-S033-25,USER-S033,skill_practice,2025-11-22T16:00:00Z,SKILL-048,RES-0041,,2,completed,positive,progressing,low,完成技能练习并记录反思,1.2.0,synthetic,true,SRC-SYNTH,2026-09-13T00:00:00+08:00,0.9,synthetic,not_applicable,,team_generated,false,dev
EVT-S033-26,USER-S033,course_completed,2025-12-09T16:00:00Z,SKILL-001,RES-0121,,6,completed,positive,progressing,low,完成课程并提交学习总结,1.2.0,synthetic,true,SRC-SYNTH,2026-09-13T00:00:00+08:00,0.9,synthetic,not_applicable,,team_generated,false,dev
EVT-S033-27,USER-S033,project_started,2025-12-26T16:00:00Z,SKILL-011,RES-0551,,0,completed,neutral,active,low,启动实践项目并确认里程碑,1.2.0,synthetic,true,SRC-SYNTH,2026-09-13T00:00:00+08:00,0.9,synthetic,not_applicable,,team_generated,false,dev
EVT-S033-28,USER-S033,job_viewed,2026-01-12T16:00:00Z,,,JOB-DATA-0028,0,completed,neutral,active,low,查看目标岗位及能力要求,1.2.0,synthetic,true,SRC-SYNTH,2026-09-13T00:00:00+08:00,0.9,synthetic,not_applicable,,team_generated,false,dev
EVT-S033-29,USER-S033,feedback_submitted,2026-01-29T16:00:00Z,SKILL-040,,,0,completed,neutral,active,low,提交计划难度和推荐相关性反馈,1.2.0,synthetic,true,SRC-SYNTH,2026-09-13T00:00:00+08:00,0.9,synthetic,not_applicable,,team_generated,false,dev
EVT-S033-30,USER-S033,task_completed,2026-02-15T16:00:00Z,SKILL-044,RES-0044,,2,completed,positive,progressing,low,完成本周学习任务,1.2.0,synthetic,true,SRC-SYNTH,2026-09-13T00:00:00+08:00,0.9,synthetic,not_applicable,,team_generated,false,dev
EVT-S033-31,USER-S033,project_completed,2026-03-04T16:00:00Z,SKILL-048,RES-0161,,8,completed,positive,progressing,low,完成项目、说明文档和复盘,1.2.0,synthetic,true,SRC-SYNTH,2026-09-13T00:00:00+08:00,0.9,synthetic,not_applicable,,team_generated,false,dev
EVT-S033-32,USER-S033,profile_recalculated,2026-03-21T16:00:00Z,SKILL-001,,,0,completed,neutral,active,low,根据新证据重算画像与岗位匹配度,1.2.0,synthetic,true,SRC-SYNTH,2026-09-13T00:00:00+08:00,0.9,synthetic,not_applicable,,team_generated,false,dev
EVT-S033-33,USER-S033,job_saved,2026-04-07T16:00:00Z,,,JOB-DATA-0033,0,completed,neutral,active,low,收藏一个模拟目标岗位,1.2.0,synthetic,true,SRC-SYNTH,2026-09-13T00:00:00+08:00,0.9,synthetic,not_applicable,,team_generated,false,dev
EVT-S033-34,USER-S033,application_submitted,2026-04-24T16:00:00Z,,,JOB-DATA-0034,0,completed,neutral,active,low,向模拟岗位提交申请,1.2.0,synthetic,true,SRC-SYNTH,2026-09-13T00:00:00+08:00,0.9,synthetic,not_applicable,,team_generated,false,dev
EVT-S033-35,USER-S033,interview_result,2026-05-11T16:00:00Z,,,JOB-DATA-0035,0,completed,disappointed,active,low,记录模拟面试反馈,1.2.0,synthetic,true,SRC-SYNTH,2026-09-13T00:00:00+08:00,0.9,synthetic,not_applicable,,team_generated,false,dev
EVT-S033-36,USER-S033,plan_adjusted,2026-05-28T16:00:00Z,SKILL-044,,,0,completed,neutral,plan_rebalanced,low,根据时间和反馈调整学习计划,1.2.0,synthetic,true,SRC-SYNTH,2026-09-13T00:00:00+08:00,0.9,synthetic,not_applicable,,team_generated,false,dev
EVT-S033-37,USER-S033,skill_practice,2026-06-14T16:00:00Z,SKILL-048,RES-0041,,2,completed,positive,progressing,low,完成技能练习并记录反思,1.2.0,synthetic,true,SRC-SYNTH,2026-09-13T00:00:00+08:00,0.9,synthetic,not_applicable,,team_generated,false,dev
EVT-S033-38,USER-S033,inactivity,2026-07-01T16:00:00Z,SKILL-001,,,-4,attention_needed,frustrated,learning_stalled,medium,超过设定周期未产生学习证据，触发技能衰减,1.2.0,synthetic,true,SRC-SYNTH,2026-09-13T00:00:00+08:00,0.9,synthetic,not_applicable,,team_generated,false,dev
EVT-S033-39,USER-S033,reminder_response,2026-07-18T16:00:00Z,SKILL-011,,,0,completed,neutral,active,low,响应任务提醒并更新完成状态,1.2.0,synthetic,true,SRC-SYNTH,2026-09-13T00:00:00+08:00,0.9,synthetic,not_applicable,,team_generated,false,dev
EVT-S033-40,USER-S033,profile_recalculated,2026-08-04T16:00:00Z,SKILL-014,,,0,completed,neutral,active,low,根据新证据重算画像与岗位匹配度,1.2.0,synthetic,true,SRC-SYNTH,2026-09-13T00:00:00+08:00,0.9,synthetic,not_applicable,,team_generated,false,dev
EVT-S034-01,USER-S034,onboarding,2024-10-10T16:00:00Z,,,,0,completed,neutral,active,low,完成基础信息和学习约束录入,1.2.0,synthetic,true,SRC-SYNTH,2026-09-13T00:00:00+08:00,0.9,synthetic,not_applicable,,team_generated,false,dev
EVT-S034-02,USER-S034,skill_assessment,2024-10-27T16:00:00Z,SKILL-002,,,3,completed,positive,progressing,low,完成能力测评并生成可解释证据,1.2.0,synthetic,true,SRC-SYNTH,2026-09-13T00:00:00+08:00,0.9,synthetic,not_applicable,,team_generated,false,dev
EVT-S034-03,USER-S034,course_started,2024-11-13T16:00:00Z,SKILL-017,RES-0130,,0,completed,neutral,active,low,开始一项与目标能力相关的课程,1.2.0,synthetic,true,SRC-SYNTH,2026-09-13T00:00:00+08:00,0.9,synthetic,not_applicable,,team_generated,false,dev
EVT-S034-04,USER-S034,task_completed,2024-11-30T16:00:00Z,SKILL-020,RES-0140,,2,completed,positive,progressing,low,完成本周学习任务,1.2.0,synthetic,true,SRC-SYNTH,2026-09-13T00:00:00+08:00,0.9,synthetic,not_applicable,,team_generated,false,dev
EVT-S034-05,USER-S034,skill_practice,2024-12-17T16:00:00Z,SKILL-023,RES-0076,,2,completed,positive,progressing,low,完成技能练习并记录反思,1.2.0,synthetic,true,SRC-SYNTH,2026-09-13T00:00:00+08:00,0.9,synthetic,not_applicable,,team_generated,false,dev
EVT-S034-06,USER-S034,course_completed,2025-01-03T16:00:00Z,SKILL-033,RES-0153,,6,completed,positive,progressing,low,完成课程并提交学习总结,1.2.0,synthetic,true,SRC-SYNTH,2026-09-13T00:00:00+08:00,0.9,synthetic,not_applicable,,team_generated,false,dev
EVT-S034-07,USER-S034,project_started,2025-01-20T16:00:00Z,SKILL-058,RES-0164,,0,completed,neutral,active,low,启动实践项目并确认里程碑,1.2.0,synthetic,true,SRC-SYNTH,2026-09-13T00:00:00+08:00,0.9,synthetic,not_applicable,,team_generated,false,dev
EVT-S034-08,USER-S034,job_viewed,2025-02-06T16:00:00Z,,,JOB-AI-ALG-0087,0,completed,neutral,active,low,查看目标岗位及能力要求,1.2.0,synthetic,true,SRC-SYNTH,2026-09-13T00:00:00+08:00,0.9,synthetic,not_applicable,,team_generated,false,dev
EVT-S034-09,USER-S034,feedback_submitted,2025-02-23T16:00:00Z,SKILL-017,,,0,completed,neutral,active,low,提交计划难度和推荐相关性反馈,1.2.0,synthetic,true,SRC-SYNTH,2026-09-13T00:00:00+08:00,0.9,synthetic,not_applicable,,team_generated,false,dev
EVT-S034-10,USER-S034,task_completed,2025-03-12T16:00:00Z,SKILL-020,RES-0193,,2,completed,positive,progressing,low,完成本周学习任务,1.2.0,synthetic,true,SRC-SYNTH,2026-09-13T00:00:00+08:00,0.9,synthetic,not_applicable,,team_generated,false,dev
EVT-S034-11,USER-S034,project_completed,2025-03-29T16:00:00Z,SKILL-023,RES-0256,,8,completed,positive,progressing,low,完成项目、说明文档和复盘,1.2.0,synthetic,true,SRC-SYNTH,2026-09-13T00:00:00+08:00,0.9,synthetic,not_applicable,,team_generated,false,dev
EVT-S034-12,USER-S034,profile_recalculated,2025-04-15T16:00:00Z,SKILL-033,,,0,completed,neutral,active,low,根据新证据重算画像与岗位匹配度,1.2.0,synthetic,true,SRC-SYNTH,2026-09-13T00:00:00+08:00,0.9,synthetic,not_applicable,,team_generated,false,dev
EVT-S034-13,USER-S034,job_saved,2025-05-02T16:00:00Z,,,JOB-AI-ALG-0013,0,completed,neutral,active,low,收藏一个模拟目标岗位,1.2.0,synthetic,true,SRC-SYNTH,2026-09-13T00:00:00+08:00,0.9,synthetic,not_applicable,,team_generated,false,dev
EVT-S034-14,USER-S034,application_submitted,2025-05-19T16:00:00Z,,,JOB-AI-ALG-0014,0,completed,neutral,active,low,向模拟岗位提交申请,1.2.0,synthetic,true,SRC-SYNTH,2026-09-13T00:00:00+08:00,0.9,synthetic,not_applicable,,team_generated,false,dev
EVT-S034-15,USER-S034,interview_result,2025-06-05T16:00:00Z,,,JOB-AI-ALG-0015,0,completed,disappointed,active,low,记录模拟面试反馈,1.2.0,synthetic,true,SRC-SYNTH,2026-09-13T00:00:00+08:00,0.9,synthetic,not_applicable,,team_generated,false,dev
EVT-S034-16,USER-S034,plan_adjusted,2025-06-22T16:00:00Z,SKILL-020,,,0,completed,neutral,plan_rebalanced,low,根据时间和反馈调整学习计划,1.2.0,synthetic,true,SRC-SYNTH,2026-09-13T00:00:00+08:00,0.9,synthetic,not_applicable,,team_generated,false,dev
EVT-S034-17,USER-S034,skill_practice,2025-07-09T16:00:00Z,SKILL-023,RES-0436,,2,completed,positive,progressing,low,完成技能练习并记录反思,1.2.0,synthetic,true,SRC-SYNTH,2026-09-13T00:00:00+08:00,0.9,synthetic,not_applicable,,team_generated,false,dev
EVT-S034-18,USER-S034,inactivity,2025-07-26T16:00:00Z,SKILL-033,,,-4,attention_needed,frustrated,learning_stalled,medium,超过设定周期未产生学习证据，触发技能衰减,1.2.0,synthetic,true,SRC-SYNTH,2026-09-13T00:00:00+08:00,0.9,synthetic,not_applicable,,team_generated,false,dev
EVT-S034-19,USER-S034,reminder_response,2025-08-12T16:00:00Z,SKILL-058,,,0,completed,neutral,active,low,响应任务提醒并更新完成状态,1.2.0,synthetic,true,SRC-SYNTH,2026-09-13T00:00:00+08:00,0.9,synthetic,not_applicable,,team_generated,false,dev
EVT-S034-20,USER-S034,profile_recalculated,2025-08-29T16:00:00Z,SKILL-002,,,0,completed,neutral,active,low,根据新证据重算画像与岗位匹配度,1.2.0,synthetic,true,SRC-SYNTH,2026-09-13T00:00:00+08:00,0.9,synthetic,not_applicable,,team_generated,false,dev
EVT-S034-21,USER-S034,onboarding,2025-09-15T16:00:00Z,,,,0,completed,neutral,active,low,完成基础信息和学习约束录入,1.2.0,synthetic,true,SRC-SYNTH,2026-09-13T00:00:00+08:00,0.9,synthetic,not_applicable,,team_generated,false,dev
EVT-S034-22,USER-S034,skill_assessment,2025-10-02T16:00:00Z,SKILL-020,,,3,completed,positive,progressing,low,完成能力测评并生成可解释证据,1.2.0,synthetic,true,SRC-SYNTH,2026-09-13T00:00:00+08:00,0.9,synthetic,not_applicable,,team_generated,false,dev
EVT-S034-23,USER-S034,course_started,2025-10-19T16:00:00Z,SKILL-023,RES-0002,,0,completed,neutral,active,low,开始一项与目标能力相关的课程,1.2.0,synthetic,true,SRC-SYNTH,2026-09-13T00:00:00+08:00,0.9,synthetic,not_applicable,,team_generated,false,dev
EVT-S034-24,USER-S034,task_completed,2025-11-05T16:00:00Z,SKILL-033,RES-0146,,2,completed,positive,progressing,low,完成本周学习任务,1.2.0,synthetic,true,SRC-SYNTH,2026-09-13T00:00:00+08:00,0.9,synthetic,not_applicable,,team_generated,false,dev
EVT-S034-25,USER-S034,skill_practice,2025-11-22T16:00:00Z,SKILL-058,RES-0044,,2,completed,positive,progressing,low,完成技能练习并记录反思,1.2.0,synthetic,true,SRC-SYNTH,2026-09-13T00:00:00+08:00,0.9,synthetic,not_applicable,,team_generated,false,dev
EVT-S034-26,USER-S034,course_completed,2025-12-09T16:00:00Z,SKILL-002,RES-0003,,6,completed,positive,progressing,low,完成课程并提交学习总结,1.2.0,synthetic,true,SRC-SYNTH,2026-09-13T00:00:00+08:00,0.9,synthetic,not_applicable,,team_generated,false,dev
EVT-S034-27,USER-S034,project_started,2025-12-26T16:00:00Z,SKILL-017,RES-0190,,0,completed,neutral,active,low,启动实践项目并确认里程碑,1.2.0,synthetic,true,SRC-SYNTH,2026-09-13T00:00:00+08:00,0.9,synthetic,not_applicable,,team_generated,false,dev
EVT-S034-28,USER-S034,job_viewed,2026-01-12T16:00:00Z,,,JOB-AI-ALG-0028,0,completed,neutral,active,low,查看目标岗位及能力要求,1.2.0,synthetic,true,SRC-SYNTH,2026-09-13T00:00:00+08:00,0.9,synthetic,not_applicable,,team_generated,false,dev
EVT-S034-29,USER-S034,feedback_submitted,2026-01-29T16:00:00Z,SKILL-023,,,0,completed,neutral,active,low,提交计划难度和推荐相关性反馈,1.2.0,synthetic,true,SRC-SYNTH,2026-09-13T00:00:00+08:00,0.9,synthetic,not_applicable,,team_generated,false,dev
EVT-S034-30,USER-S034,task_completed,2026-02-15T16:00:00Z,SKILL-033,RES-0033,,2,completed,positive,progressing,low,完成本周学习任务,1.2.0,synthetic,true,SRC-SYNTH,2026-09-13T00:00:00+08:00,0.9,synthetic,not_applicable,,team_generated,false,dev
EVT-S034-31,USER-S034,project_completed,2026-03-04T16:00:00Z,SKILL-058,RES-0224,,8,completed,positive,progressing,low,完成项目、说明文档和复盘,1.2.0,synthetic,true,SRC-SYNTH,2026-09-13T00:00:00+08:00,0.9,synthetic,not_applicable,,team_generated,false,dev
EVT-S034-32,USER-S034,profile_recalculated,2026-03-21T16:00:00Z,SKILL-002,,,0,completed,neutral,active,low,根据新证据重算画像与岗位匹配度,1.2.0,synthetic,true,SRC-SYNTH,2026-09-13T00:00:00+08:00,0.9,synthetic,not_applicable,,team_generated,false,dev
EVT-S034-33,USER-S034,job_saved,2026-04-07T16:00:00Z,,,JOB-AI-ALG-0033,0,completed,neutral,active,low,收藏一个模拟目标岗位,1.2.0,synthetic,true,SRC-SYNTH,2026-09-13T00:00:00+08:00,0.9,synthetic,not_applicable,,team_generated,false,dev
EVT-S034-34,USER-S034,application_submitted,2026-04-24T16:00:00Z,,,JOB-AI-ALG-0034,0,completed,neutral,active,low,向模拟岗位提交申请,1.2.0,synthetic,true,SRC-SYNTH,2026-09-13T00:00:00+08:00,0.9,synthetic,not_applicable,,team_generated,false,dev
EVT-S034-35,USER-S034,interview_result,2026-05-11T16:00:00Z,,,JOB-AI-ALG-0035,0,completed,disappointed,active,low,记录模拟面试反馈,1.2.0,synthetic,true,SRC-SYNTH,2026-09-13T00:00:00+08:00,0.9,synthetic,not_applicable,,team_generated,false,dev
EVT-S034-36,USER-S034,plan_adjusted,2026-05-28T16:00:00Z,SKILL-033,,,0,completed,neutral,plan_rebalanced,low,根据时间和反馈调整学习计划,1.2.0,synthetic,true,SRC-SYNTH,2026-09-13T00:00:00+08:00,0.9,synthetic,not_applicable,,team_generated,false,dev
EVT-S034-37,USER-S034,skill_practice,2026-06-14T16:00:00Z,SKILL-058,RES-0404,,2,completed,positive,progressing,low,完成技能练习并记录反思,1.2.0,synthetic,true,SRC-SYNTH,2026-09-13T00:00:00+08:00,0.9,synthetic,not_applicable,,team_generated,false,dev
EVT-S034-38,USER-S034,inactivity,2026-07-01T16:00:00Z,SKILL-002,,,-4,attention_needed,frustrated,learning_stalled,medium,超过设定周期未产生学习证据，触发技能衰减,1.2.0,synthetic,true,SRC-SYNTH,2026-09-13T00:00:00+08:00,0.9,synthetic,not_applicable,,team_generated,false,dev
EVT-S034-39,USER-S034,reminder_response,2026-07-18T16:00:00Z,SKILL-017,,,0,completed,neutral,active,low,响应任务提醒并更新完成状态,1.2.0,synthetic,true,SRC-SYNTH,2026-09-13T00:00:00+08:00,0.9,synthetic,not_applicable,,team_generated,false,dev
EVT-S034-40,USER-S034,profile_recalculated,2026-08-04T16:00:00Z,SKILL-020,,,0,completed,neutral,active,low,根据新证据重算画像与岗位匹配度,1.2.0,synthetic,true,SRC-SYNTH,2026-09-13T00:00:00+08:00,0.9,synthetic,not_applicable,,team_generated,false,dev
EVT-S035-01,USER-S035,onboarding,2024-10-10T16:00:00Z,,,,0,completed,neutral,active,low,完成基础信息和学习约束录入,1.2.0,synthetic,true,SRC-SYNTH,2026-09-13T00:00:00+08:00,0.9,synthetic,not_applicable,,team_generated,false,dev
EVT-S035-02,USER-S035,skill_assessment,2024-10-27T16:00:00Z,SKILL-008,,,3,completed,positive,progressing,low,完成能力测评并生成可解释证据,1.2.0,synthetic,true,SRC-SYNTH,2026-09-13T00:00:00+08:00,0.9,synthetic,not_applicable,,team_generated,false,dev
EVT-S035-03,USER-S035,course_started,2024-11-13T16:00:00Z,SKILL-026,RES-0026,,0,completed,neutral,active,low,开始一项与目标能力相关的课程,1.2.0,synthetic,true,SRC-SYNTH,2026-09-13T00:00:00+08:00,0.9,synthetic,not_applicable,,team_generated,false,dev
EVT-S035-04,USER-S035,task_completed,2024-11-30T16:00:00Z,SKILL-029,RES-0018,,2,completed,positive,progressing,low,完成本周学习任务,1.2.0,synthetic,true,SRC-SYNTH,2026-09-13T00:00:00+08:00,0.9,synthetic,not_applicable,,team_generated,false,dev
EVT-S035-05,USER-S035,skill_practice,2024-12-17T16:00:00Z,SKILL-035,RES-0148,,2,completed,positive,progressing,low,完成技能练习并记录反思,1.2.0,synthetic,true,SRC-SYNTH,2026-09-13T00:00:00+08:00,0.9,synthetic,not_applicable,,team_generated,false,dev
EVT-S035-06,USER-S035,course_completed,2025-01-03T16:00:00Z,SKILL-038,RES-0158,,6,completed,positive,progressing,low,完成课程并提交学习总结,1.2.0,synthetic,true,SRC-SYNTH,2026-09-13T00:00:00+08:00,0.9,synthetic,not_applicable,,team_generated,false,dev
EVT-S035-07,USER-S035,project_started,2025-01-20T16:00:00Z,SKILL-050,RES-0043,,0,completed,neutral,active,low,启动实践项目并确认里程碑,1.2.0,synthetic,true,SRC-SYNTH,2026-09-13T00:00:00+08:00,0.9,synthetic,not_applicable,,team_generated,false,dev
EVT-S035-08,USER-S035,job_viewed,2025-02-06T16:00:00Z,,,JOB-AI-APP-0087,0,completed,neutral,active,low,查看目标岗位及能力要求,1.2.0,synthetic,true,SRC-SYNTH,2026-09-13T00:00:00+08:00,0.9,synthetic,not_applicable,,team_generated,false,dev
EVT-S035-09,USER-S035,feedback_submitted,2025-02-23T16:00:00Z,SKILL-026,,,0,completed,neutral,active,low,提交计划难度和推荐相关性反馈,1.2.0,synthetic,true,SRC-SYNTH,2026-09-13T00:00:00+08:00,0.9,synthetic,not_applicable,,team_generated,false,dev
EVT-S035-10,USER-S035,task_completed,2025-03-12T16:00:00Z,SKILL-029,RES-0449,,2,completed,positive,progressing,low,完成本周学习任务,1.2.0,synthetic,true,SRC-SYNTH,2026-09-13T00:00:00+08:00,0.9,synthetic,not_applicable,,team_generated,false,dev
EVT-S035-11,USER-S035,project_completed,2025-03-29T16:00:00Z,SKILL-035,RES-0148,,8,completed,positive,progressing,low,完成项目、说明文档和复盘,1.2.0,synthetic,true,SRC-SYNTH,2026-09-13T00:00:00+08:00,0.9,synthetic,not_applicable,,team_generated,false,dev
EVT-S035-12,USER-S035,profile_recalculated,2025-04-15T16:00:00Z,SKILL-038,,,0,completed,neutral,active,low,根据新证据重算画像与岗位匹配度,1.2.0,synthetic,true,SRC-SYNTH,2026-09-13T00:00:00+08:00,0.9,synthetic,not_applicable,,team_generated,false,dev
EVT-S035-13,USER-S035,job_saved,2025-05-02T16:00:00Z,,,JOB-AI-APP-0013,0,completed,neutral,active,low,收藏一个模拟目标岗位,1.2.0,synthetic,true,SRC-SYNTH,2026-09-13T00:00:00+08:00,0.9,synthetic,not_applicable,,team_generated,false,dev
EVT-S035-14,USER-S035,application_submitted,2025-05-19T16:00:00Z,,,JOB-AI-APP-0014,0,completed,neutral,active,low,向模拟岗位提交申请,1.2.0,synthetic,true,SRC-SYNTH,2026-09-13T00:00:00+08:00,0.9,synthetic,not_applicable,,team_generated,false,dev
EVT-S035-15,USER-S035,interview_result,2025-06-05T16:00:00Z,,,JOB-AI-APP-0015,0,completed,disappointed,active,low,记录模拟面试反馈,1.2.0,synthetic,true,SRC-SYNTH,2026-09-13T00:00:00+08:00,0.9,synthetic,not_applicable,,team_generated,false,dev
EVT-S035-16,USER-S035,plan_adjusted,2025-06-22T16:00:00Z,SKILL-029,,,0,completed,neutral,plan_rebalanced,low,根据时间和反馈调整学习计划,1.2.0,synthetic,true,SRC-SYNTH,2026-09-13T00:00:00+08:00,0.9,synthetic,not_applicable,,team_generated,false,dev
EVT-S035-17,USER-S035,skill_practice,2025-07-09T16:00:00Z,SKILL-035,RES-0028,,2,completed,positive,progressing,low,完成技能练习并记录反思,1.2.0,synthetic,true,SRC-SYNTH,2026-09-13T00:00:00+08:00,0.9,synthetic,not_applicable,,team_generated,false,dev
EVT-S035-18,USER-S035,inactivity,2025-07-26T16:00:00Z,SKILL-038,,,-4,attention_needed,frustrated,learning_stalled,medium,超过设定周期未产生学习证据，触发技能衰减,1.2.0,synthetic,true,SRC-SYNTH,2026-09-13T00:00:00+08:00,0.9,synthetic,not_applicable,,team_generated,false,dev
EVT-S035-19,USER-S035,reminder_response,2025-08-12T16:00:00Z,SKILL-050,,,0,completed,neutral,active,low,响应任务提醒并更新完成状态,1.2.0,synthetic,true,SRC-SYNTH,2026-09-13T00:00:00+08:00,0.9,synthetic,not_applicable,,team_generated,false,dev
EVT-S035-20,USER-S035,profile_recalculated,2025-08-29T16:00:00Z,SKILL-008,,,0,completed,neutral,active,low,根据新证据重算画像与岗位匹配度,1.2.0,synthetic,true,SRC-SYNTH,2026-09-13T00:00:00+08:00,0.9,synthetic,not_applicable,,team_generated,false,dev
EVT-S035-21,USER-S035,onboarding,2025-09-15T16:00:00Z,,,,0,completed,neutral,active,low,完成基础信息和学习约束录入,1.2.0,synthetic,true,SRC-SYNTH,2026-09-13T00:00:00+08:00,0.9,synthetic,not_applicable,,team_generated,false,dev
EVT-S035-22,USER-S035,skill_assessment,2025-10-02T16:00:00Z,SKILL-029,,,3,completed,positive,progressing,low,完成能力测评并生成可解释证据,1.2.0,synthetic,true,SRC-SYNTH,2026-09-13T00:00:00+08:00,0.9,synthetic,not_applicable,,team_generated,false,dev
EVT-S035-23,USER-S035,course_started,2025-10-19T16:00:00Z,SKILL-035,RES-0448,,0,completed,neutral,active,low,开始一项与目标能力相关的课程,1.2.0,synthetic,true,SRC-SYNTH,2026-09-13T00:00:00+08:00,0.9,synthetic,not_applicable,,team_generated,false,dev
EVT-S035-24,USER-S035,task_completed,2025-11-05T16:00:00Z,SKILL-038,RES-0158,,2,completed,positive,progressing,low,完成本周学习任务,1.2.0,synthetic,true,SRC-SYNTH,2026-09-13T00:00:00+08:00,0.9,synthetic,not_applicable,,team_generated,false,dev
EVT-S035-25,USER-S035,skill_practice,2025-11-22T16:00:00Z,SKILL-050,RES-0163,,2,completed,positive,progressing,low,完成技能练习并记录反思,1.2.0,synthetic,true,SRC-SYNTH,2026-09-13T00:00:00+08:00,0.9,synthetic,not_applicable,,team_generated,false,dev
EVT-S035-26,USER-S035,course_completed,2025-12-09T16:00:00Z,SKILL-008,RES-0128,,6,completed,positive,progressing,low,完成课程并提交学习总结,1.2.0,synthetic,true,SRC-SYNTH,2026-09-13T00:00:00+08:00,0.9,synthetic,not_applicable,,team_generated,false,dev
EVT-S035-27,USER-S035,project_started,2025-12-26T16:00:00Z,SKILL-026,RES-0499,,0,completed,neutral,active,low,启动实践项目并确认里程碑,1.2.0,synthetic,true,SRC-SYNTH,2026-09-13T00:00:00+08:00,0.9,synthetic,not_applicable,,team_generated,false,dev
EVT-S035-28,USER-S035,job_viewed,2026-01-12T16:00:00Z,,,JOB-AI-APP-0028,0,completed,neutral,active,low,查看目标岗位及能力要求,1.2.0,synthetic,true,SRC-SYNTH,2026-09-13T00:00:00+08:00,0.9,synthetic,not_applicable,,team_generated,false,dev
EVT-S035-29,USER-S035,feedback_submitted,2026-01-29T16:00:00Z,SKILL-035,,,0,completed,neutral,active,low,提交计划难度和推荐相关性反馈,1.2.0,synthetic,true,SRC-SYNTH,2026-09-13T00:00:00+08:00,0.9,synthetic,not_applicable,,team_generated,false,dev
EVT-S035-30,USER-S035,task_completed,2026-02-15T16:00:00Z,SKILL-038,RES-0451,,2,completed,positive,progressing,low,完成本周学习任务,1.2.0,synthetic,true,SRC-SYNTH,2026-09-13T00:00:00+08:00,0.9,synthetic,not_applicable,,team_generated,false,dev
EVT-S035-31,USER-S035,project_completed,2026-03-04T16:00:00Z,SKILL-050,RES-0043,,8,completed,positive,progressing,low,完成项目、说明文档和复盘,1.2.0,synthetic,true,SRC-SYNTH,2026-09-13T00:00:00+08:00,0.9,synthetic,not_applicable,,team_generated,false,dev
EVT-S035-32,USER-S035,profile_recalculated,2026-03-21T16:00:00Z,SKILL-008,,,0,completed,neutral,active,low,根据新证据重算画像与岗位匹配度,1.2.0,synthetic,true,SRC-SYNTH,2026-09-13T00:00:00+08:00,0.9,synthetic,not_applicable,,team_generated,false,dev
EVT-S035-33,USER-S035,job_saved,2026-04-07T16:00:00Z,,,JOB-AI-APP-0033,0,completed,neutral,active,low,收藏一个模拟目标岗位,1.2.0,synthetic,true,SRC-SYNTH,2026-09-13T00:00:00+08:00,0.9,synthetic,not_applicable,,team_generated,false,dev
EVT-S035-34,USER-S035,application_submitted,2026-04-24T16:00:00Z,,,JOB-AI-APP-0034,0,completed,neutral,active,low,向模拟岗位提交申请,1.2.0,synthetic,true,SRC-SYNTH,2026-09-13T00:00:00+08:00,0.9,synthetic,not_applicable,,team_generated,false,dev
EVT-S035-35,USER-S035,interview_result,2026-05-11T16:00:00Z,,,JOB-AI-APP-0035,0,completed,disappointed,active,low,记录模拟面试反馈,1.2.0,synthetic,true,SRC-SYNTH,2026-09-13T00:00:00+08:00,0.9,synthetic,not_applicable,,team_generated,false,dev
EVT-S035-36,USER-S035,plan_adjusted,2026-05-28T16:00:00Z,SKILL-038,,,0,completed,neutral,plan_rebalanced,low,根据时间和反馈调整学习计划,1.2.0,synthetic,true,SRC-SYNTH,2026-09-13T00:00:00+08:00,0.9,synthetic,not_applicable,,team_generated,false,dev
EVT-S035-37,USER-S035,skill_practice,2026-06-14T16:00:00Z,SKILL-050,RES-0043,,2,completed,positive,progressing,low,完成技能练习并记录反思,1.2.0,synthetic,true,SRC-SYNTH,2026-09-13T00:00:00+08:00,0.9,synthetic,not_applicable,,team_generated,false,dev
EVT-S035-38,USER-S035,inactivity,2026-07-01T16:00:00Z,SKILL-008,,,-4,attention_needed,frustrated,learning_stalled,medium,超过设定周期未产生学习证据，触发技能衰减,1.2.0,synthetic,true,SRC-SYNTH,2026-09-13T00:00:00+08:00,0.9,synthetic,not_applicable,,team_generated,false,dev
EVT-S035-39,USER-S035,reminder_response,2026-07-18T16:00:00Z,SKILL-026,,,0,completed,neutral,active,low,响应任务提醒并更新完成状态,1.2.0,synthetic,true,SRC-SYNTH,2026-09-13T00:00:00+08:00,0.9,synthetic,not_applicable,,team_generated,false,dev
EVT-S035-40,USER-S035,profile_recalculated,2026-08-04T16:00:00Z,SKILL-029,,,0,completed,neutral,active,low,根据新证据重算画像与岗位匹配度,1.2.0,synthetic,true,SRC-SYNTH,2026-09-13T00:00:00+08:00,0.9,synthetic,not_applicable,,team_generated,false,dev
EVT-S036-01,USER-S036,onboarding,2024-10-10T16:00:00Z,,,,0,completed,neutral,active,low,完成基础信息和学习约束录入,1.2.0,synthetic,true,SRC-SYNTH,2026-09-13T00:00:00+08:00,0.9,synthetic,not_applicable,,team_generated,false,dev
EVT-S036-02,USER-S036,skill_assessment,2024-10-27T16:00:00Z,SKILL-011,,,3,completed,positive,progressing,low,完成能力测评并生成可解释证据,1.2.0,synthetic,true,SRC-SYNTH,2026-09-13T00:00:00+08:00,0.9,synthetic,not_applicable,,team_generated,false,dev
EVT-S036-03,USER-S036,course_started,2024-11-13T16:00:00Z,SKILL-014,RES-0127,,0,completed,neutral,active,low,开始一项与目标能力相关的课程,1.2.0,synthetic,true,SRC-SYNTH,2026-09-13T00:00:00+08:00,0.9,synthetic,not_applicable,,team_generated,false,dev
EVT-S036-04,USER-S036,task_completed,2024-11-30T16:00:00Z,SKILL-040,RES-0146,,2,completed,positive,progressing,low,完成本周学习任务,1.2.0,synthetic,true,SRC-SYNTH,2026-09-13T00:00:00+08:00,0.9,synthetic,not_applicable,,team_generated,false,dev
EVT-S036-05,USER-S036,skill_practice,2024-12-17T16:00:00Z,SKILL-044,RES-0157,,2,completed,positive,progressing,low,完成技能练习并记录反思,1.2.0,synthetic,true,SRC-SYNTH,2026-09-13T00:00:00+08:00,0.9,synthetic,not_applicable,,team_generated,false,dev
EVT-S036-06,USER-S036,course_completed,2025-01-03T16:00:00Z,SKILL-048,RES-0161,,6,completed,positive,progressing,low,完成课程并提交学习总结,1.2.0,synthetic,true,SRC-SYNTH,2026-09-13T00:00:00+08:00,0.9,synthetic,not_applicable,,team_generated,false,dev
EVT-S036-07,USER-S036,project_started,2025-01-20T16:00:00Z,SKILL-001,RES-0167,,0,completed,neutral,active,low,启动实践项目并确认里程碑,1.2.0,synthetic,true,SRC-SYNTH,2026-09-13T00:00:00+08:00,0.9,synthetic,not_applicable,,team_generated,false,dev
EVT-S036-08,USER-S036,job_viewed,2025-02-06T16:00:00Z,,,JOB-DATA-0087,0,completed,neutral,active,low,查看目标岗位及能力要求,1.2.0,synthetic,true,SRC-SYNTH,2026-09-13T00:00:00+08:00,0.9,synthetic,not_applicable,,team_generated,false,dev
EVT-S036-09,USER-S036,feedback_submitted,2025-02-23T16:00:00Z,SKILL-014,,,0,completed,neutral,active,low,提交计划难度和推荐相关性反馈,1.2.0,synthetic,true,SRC-SYNTH,2026-09-13T00:00:00+08:00,0.9,synthetic,not_applicable,,team_generated,false,dev
EVT-S036-10,USER-S036,task_completed,2025-03-12T16:00:00Z,SKILL-040,RES-0040,,2,completed,positive,progressing,low,完成本周学习任务,1.2.0,synthetic,true,SRC-SYNTH,2026-09-13T00:00:00+08:00,0.9,synthetic,not_applicable,,team_generated,false,dev
EVT-S036-11,USER-S036,project_completed,2025-03-29T16:00:00Z,SKILL-044,RES-0164,,8,completed,positive,progressing,low,完成项目、说明文档和复盘,1.2.0,synthetic,true,SRC-SYNTH,2026-09-13T00:00:00+08:00,0.9,synthetic,not_applicable,,team_generated,false,dev
EVT-S036-12,USER-S036,profile_recalculated,2025-04-15T16:00:00Z,SKILL-048,,,0,completed,neutral,active,low,根据新证据重算画像与岗位匹配度,1.2.0,synthetic,true,SRC-SYNTH,2026-09-13T00:00:00+08:00,0.9,synthetic,not_applicable,,team_generated,false,dev
EVT-S036-13,USER-S036,job_saved,2025-05-02T16:00:00Z,,,JOB-DATA-0013,0,completed,neutral,active,low,收藏一个模拟目标岗位,1.2.0,synthetic,true,SRC-SYNTH,2026-09-13T00:00:00+08:00,0.9,synthetic,not_applicable,,team_generated,false,dev
EVT-S036-14,USER-S036,application_submitted,2025-05-19T16:00:00Z,,,JOB-DATA-0014,0,completed,neutral,active,low,向模拟岗位提交申请,1.2.0,synthetic,true,SRC-SYNTH,2026-09-13T00:00:00+08:00,0.9,synthetic,not_applicable,,team_generated,false,dev
EVT-S036-15,USER-S036,interview_result,2025-06-05T16:00:00Z,,,JOB-DATA-0015,0,completed,disappointed,active,low,记录模拟面试反馈,1.2.0,synthetic,true,SRC-SYNTH,2026-09-13T00:00:00+08:00,0.9,synthetic,not_applicable,,team_generated,false,dev
EVT-S036-16,USER-S036,plan_adjusted,2025-06-22T16:00:00Z,SKILL-040,,,0,completed,neutral,plan_rebalanced,low,根据时间和反馈调整学习计划,1.2.0,synthetic,true,SRC-SYNTH,2026-09-13T00:00:00+08:00,0.9,synthetic,not_applicable,,team_generated,false,dev
EVT-S036-17,USER-S036,skill_practice,2025-07-09T16:00:00Z,SKILL-044,RES-0157,,2,completed,positive,progressing,low,完成技能练习并记录反思,1.2.0,synthetic,true,SRC-SYNTH,2026-09-13T00:00:00+08:00,0.9,synthetic,not_applicable,,team_generated,false,dev
EVT-S036-18,USER-S036,inactivity,2025-07-26T16:00:00Z,SKILL-048,,,-4,attention_needed,frustrated,learning_stalled,medium,超过设定周期未产生学习证据，触发技能衰减,1.2.0,synthetic,true,SRC-SYNTH,2026-09-13T00:00:00+08:00,0.9,synthetic,not_applicable,,team_generated,false,dev
EVT-S036-19,USER-S036,reminder_response,2025-08-12T16:00:00Z,SKILL-001,,,0,completed,neutral,active,low,响应任务提醒并更新完成状态,1.2.0,synthetic,true,SRC-SYNTH,2026-09-13T00:00:00+08:00,0.9,synthetic,not_applicable,,team_generated,false,dev
EVT-S036-20,USER-S036,profile_recalculated,2025-08-29T16:00:00Z,SKILL-011,,,0,completed,neutral,active,low,根据新证据重算画像与岗位匹配度,1.2.0,synthetic,true,SRC-SYNTH,2026-09-13T00:00:00+08:00,0.9,synthetic,not_applicable,,team_generated,false,dev
EVT-S036-21,USER-S036,onboarding,2025-09-15T16:00:00Z,,,,0,completed,neutral,active,low,完成基础信息和学习约束录入,1.2.0,synthetic,true,SRC-SYNTH,2026-09-13T00:00:00+08:00,0.9,synthetic,not_applicable,,team_generated,false,dev
EVT-S036-22,USER-S036,skill_assessment,2025-10-02T16:00:00Z,SKILL-040,,,3,completed,positive,progressing,low,完成能力测评并生成可解释证据,1.2.0,synthetic,true,SRC-SYNTH,2026-09-13T00:00:00+08:00,0.9,synthetic,not_applicable,,team_generated,false,dev
EVT-S036-23,USER-S036,course_started,2025-10-19T16:00:00Z,SKILL-044,RES-0044,,0,completed,neutral,active,low,开始一项与目标能力相关的课程,1.2.0,synthetic,true,SRC-SYNTH,2026-09-13T00:00:00+08:00,0.9,synthetic,not_applicable,,team_generated,false,dev
EVT-S036-24,USER-S036,task_completed,2025-11-05T16:00:00Z,SKILL-048,RES-0168,,2,completed,positive,progressing,low,完成本周学习任务,1.2.0,synthetic,true,SRC-SYNTH,2026-09-13T00:00:00+08:00,0.9,synthetic,not_applicable,,team_generated,false,dev
EVT-S036-25,USER-S036,skill_practice,2025-11-22T16:00:00Z,SKILL-001,RES-0181,,2,completed,positive,progressing,low,完成技能练习并记录反思,1.2.0,synthetic,true,SRC-SYNTH,2026-09-13T00:00:00+08:00,0.9,synthetic,not_applicable,,team_generated,false,dev
EVT-S036-26,USER-S036,course_completed,2025-12-09T16:00:00Z,SKILL-011,RES-0544,,6,completed,positive,progressing,low,完成课程并提交学习总结,1.2.0,synthetic,true,SRC-SYNTH,2026-09-13T00:00:00+08:00,0.9,synthetic,not_applicable,,team_generated,false,dev
EVT-S036-27,USER-S036,project_started,2025-12-26T16:00:00Z,SKILL-014,RES-0427,,0,completed,neutral,active,low,启动实践项目并确认里程碑,1.2.0,synthetic,true,SRC-SYNTH,2026-09-13T00:00:00+08:00,0.9,synthetic,not_applicable,,team_generated,false,dev
EVT-S036-28,USER-S036,job_viewed,2026-01-12T16:00:00Z,,,JOB-DATA-0028,0,completed,neutral,active,low,查看目标岗位及能力要求,1.2.0,synthetic,true,SRC-SYNTH,2026-09-13T00:00:00+08:00,0.9,synthetic,not_applicable,,team_generated,false,dev
EVT-S036-29,USER-S036,feedback_submitted,2026-01-29T16:00:00Z,SKILL-044,,,0,completed,neutral,active,low,提交计划难度和推荐相关性反馈,1.2.0,synthetic,true,SRC-SYNTH,2026-09-13T00:00:00+08:00,0.9,synthetic,not_applicable,,team_generated,false,dev
EVT-S036-30,USER-S036,task_completed,2026-02-15T16:00:00Z,SKILL-048,RES-0108,,2,completed,positive,progressing,low,完成本周学习任务,1.2.0,synthetic,true,SRC-SYNTH,2026-09-13T00:00:00+08:00,0.9,synthetic,not_applicable,,team_generated,false,dev
EVT-S036-31,USER-S036,project_completed,2026-03-04T16:00:00Z,SKILL-001,RES-0121,,8,completed,positive,progressing,low,完成项目、说明文档和复盘,1.2.0,synthetic,true,SRC-SYNTH,2026-09-13T00:00:00+08:00,0.9,synthetic,not_applicable,,team_generated,false,dev
EVT-S036-32,USER-S036,profile_recalculated,2026-03-21T16:00:00Z,SKILL-011,,,0,completed,neutral,active,low,根据新证据重算画像与岗位匹配度,1.2.0,synthetic,true,SRC-SYNTH,2026-09-13T00:00:00+08:00,0.9,synthetic,not_applicable,,team_generated,false,dev
EVT-S036-33,USER-S036,job_saved,2026-04-07T16:00:00Z,,,JOB-DATA-0033,0,completed,neutral,active,low,收藏一个模拟目标岗位,1.2.0,synthetic,true,SRC-SYNTH,2026-09-13T00:00:00+08:00,0.9,synthetic,not_applicable,,team_generated,false,dev
EVT-S036-34,USER-S036,application_submitted,2026-04-24T16:00:00Z,,,JOB-DATA-0034,0,completed,neutral,active,low,向模拟岗位提交申请,1.2.0,synthetic,true,SRC-SYNTH,2026-09-13T00:00:00+08:00,0.9,synthetic,not_applicable,,team_generated,false,dev
EVT-S036-35,USER-S036,interview_result,2026-05-11T16:00:00Z,,,JOB-DATA-0035,0,completed,disappointed,active,low,记录模拟面试反馈,1.2.0,synthetic,true,SRC-SYNTH,2026-09-13T00:00:00+08:00,0.9,synthetic,not_applicable,,team_generated,false,dev
EVT-S036-36,USER-S036,plan_adjusted,2026-05-28T16:00:00Z,SKILL-048,,,0,completed,neutral,plan_rebalanced,low,根据时间和反馈调整学习计划,1.2.0,synthetic,true,SRC-SYNTH,2026-09-13T00:00:00+08:00,0.9,synthetic,not_applicable,,team_generated,false,dev
EVT-S036-37,USER-S036,skill_practice,2026-06-14T16:00:00Z,SKILL-001,RES-0541,,2,completed,positive,progressing,low,完成技能练习并记录反思,1.2.0,synthetic,true,SRC-SYNTH,2026-09-13T00:00:00+08:00,0.9,synthetic,not_applicable,,team_generated,false,dev
EVT-S036-38,USER-S036,inactivity,2026-07-01T16:00:00Z,SKILL-011,,,-4,attention_needed,frustrated,learning_stalled,medium,超过设定周期未产生学习证据，触发技能衰减,1.2.0,synthetic,true,SRC-SYNTH,2026-09-13T00:00:00+08:00,0.9,synthetic,not_applicable,,team_generated,false,dev
EVT-S036-39,USER-S036,reminder_response,2026-07-18T16:00:00Z,SKILL-014,,,0,completed,neutral,active,low,响应任务提醒并更新完成状态,1.2.0,synthetic,true,SRC-SYNTH,2026-09-13T00:00:00+08:00,0.9,synthetic,not_applicable,,team_generated,false,dev
EVT-S036-40,USER-S036,profile_recalculated,2026-08-04T16:00:00Z,SKILL-040,,,0,completed,neutral,active,low,根据新证据重算画像与岗位匹配度,1.2.0,synthetic,true,SRC-SYNTH,2026-09-13T00:00:00+08:00,0.9,synthetic,not_applicable,,team_generated,false,dev
EVT-S037-01,USER-S037,onboarding,2024-10-10T16:00:00Z,,,,0,completed,neutral,active,low,完成基础信息和学习约束录入,1.2.0,synthetic,true,SRC-SYNTH,2026-09-13T00:00:00+08:00,0.9,synthetic,not_applicable,,team_generated,false,dev
EVT-S037-02,USER-S037,skill_assessment,2024-10-27T16:00:00Z,SKILL-017,,,3,completed,positive,progressing,low,完成能力测评并生成可解释证据,1.2.0,synthetic,true,SRC-SYNTH,2026-09-13T00:00:00+08:00,0.9,synthetic,not_applicable,,team_generated,false,dev
EVT-S037-03,USER-S037,course_started,2024-11-13T16:00:00Z,SKILL-020,RES-0133,,0,completed,neutral,active,low,开始一项与目标能力相关的课程,1.2.0,synthetic,true,SRC-SYNTH,2026-09-13T00:00:00+08:00,0.9,synthetic,not_applicable,,team_generated,false,dev
EVT-S037-04,USER-S037,task_completed,2024-11-30T16:00:00Z,SKILL-023,RES-0023,,2,completed,positive,progressing,low,完成本周学习任务,1.2.0,synthetic,true,SRC-SYNTH,2026-09-13T00:00:00+08:00,0.9,synthetic,not_applicable,,team_generated,false,dev
EVT-S037-05,USER-S037,skill_practice,2024-12-17T16:00:00Z,SKILL-033,RES-0146,,2,completed,positive,progressing,low,完成技能练习并记录反思,1.2.0,synthetic,true,SRC-SYNTH,2026-09-13T00:00:00+08:00,0.9,synthetic,not_applicable,,team_generated,false,dev
EVT-S037-06,USER-S037,course_completed,2025-01-03T16:00:00Z,SKILL-058,RES-0404,,6,completed,positive,progressing,low,完成课程并提交学习总结,1.2.0,synthetic,true,SRC-SYNTH,2026-09-13T00:00:00+08:00,0.9,synthetic,not_applicable,,team_generated,false,dev
EVT-S037-07,USER-S037,project_started,2025-01-20T16:00:00Z,SKILL-002,RES-0175,,0,completed,neutral,active,low,启动实践项目并确认里程碑,1.2.0,synthetic,true,SRC-SYNTH,2026-09-13T00:00:00+08:00,0.9,synthetic,not_applicable,,team_generated,false,dev
EVT-S037-08,USER-S037,job_viewed,2025-02-06T16:00:00Z,,,JOB-AI-ALG-0087,0,completed,neutral,active,low,查看目标岗位及能力要求,1.2.0,synthetic,true,SRC-SYNTH,2026-09-13T00:00:00+08:00,0.9,synthetic,not_applicable,,team_generated,false,dev
EVT-S037-09,USER-S037,feedback_submitted,2025-02-23T16:00:00Z,SKILL-020,,,0,completed,neutral,active,low,提交计划难度和推荐相关性反馈,1.2.0,synthetic,true,SRC-SYNTH,2026-09-13T00:00:00+08:00,0.9,synthetic,not_applicable,,team_generated,false,dev
EVT-S037-10,USER-S037,task_completed,2025-03-12T16:00:00Z,SKILL-023,RES-0203,,2,completed,positive,progressing,low,完成本周学习任务,1.2.0,synthetic,true,SRC-SYNTH,2026-09-13T00:00:00+08:00,0.9,synthetic,not_applicable,,team_generated,false,dev
EVT-S037-11,USER-S037,project_completed,2025-03-29T16:00:00Z,SKILL-033,RES-0153,,8,completed,positive,progressing,low,完成项目、说明文档和复盘,1.2.0,synthetic,true,SRC-SYNTH,2026-09-13T00:00:00+08:00,0.9,synthetic,not_applicable,,team_generated,false,dev
EVT-S037-12,USER-S037,profile_recalculated,2025-04-15T16:00:00Z,SKILL-058,,,0,completed,neutral,active,low,根据新证据重算画像与岗位匹配度,1.2.0,synthetic,true,SRC-SYNTH,2026-09-13T00:00:00+08:00,0.9,synthetic,not_applicable,,team_generated,false,dev
EVT-S037-13,USER-S037,job_saved,2025-05-02T16:00:00Z,,,JOB-AI-ALG-0013,0,completed,neutral,active,low,收藏一个模拟目标岗位,1.2.0,synthetic,true,SRC-SYNTH,2026-09-13T00:00:00+08:00,0.9,synthetic,not_applicable,,team_generated,false,dev
EVT-S037-14,USER-S037,application_submitted,2025-05-19T16:00:00Z,,,JOB-AI-ALG-0014,0,completed,neutral,active,low,向模拟岗位提交申请,1.2.0,synthetic,true,SRC-SYNTH,2026-09-13T00:00:00+08:00,0.9,synthetic,not_applicable,,team_generated,false,dev
EVT-S037-15,USER-S037,interview_result,2025-06-05T16:00:00Z,,,JOB-AI-ALG-0015,0,completed,disappointed,active,low,记录模拟面试反馈,1.2.0,synthetic,true,SRC-SYNTH,2026-09-13T00:00:00+08:00,0.9,synthetic,not_applicable,,team_generated,false,dev
EVT-S037-16,USER-S037,plan_adjusted,2025-06-22T16:00:00Z,SKILL-023,,,0,completed,neutral,plan_rebalanced,low,根据时间和反馈调整学习计划,1.2.0,synthetic,true,SRC-SYNTH,2026-09-13T00:00:00+08:00,0.9,synthetic,not_applicable,,team_generated,false,dev
EVT-S037-17,USER-S037,skill_practice,2025-07-09T16:00:00Z,SKILL-033,RES-0146,,2,completed,positive,progressing,low,完成技能练习并记录反思,1.2.0,synthetic,true,SRC-SYNTH,2026-09-13T00:00:00+08:00,0.9,synthetic,not_applicable,,team_generated,false,dev
EVT-S037-18,USER-S037,inactivity,2025-07-26T16:00:00Z,SKILL-058,,,-4,attention_needed,frustrated,learning_stalled,medium,超过设定周期未产生学习证据，触发技能衰减,1.2.0,synthetic,true,SRC-SYNTH,2026-09-13T00:00:00+08:00,0.9,synthetic,not_applicable,,team_generated,false,dev
EVT-S037-19,USER-S037,reminder_response,2025-08-12T16:00:00Z,SKILL-002,,,0,completed,neutral,active,low,响应任务提醒并更新完成状态,1.2.0,synthetic,true,SRC-SYNTH,2026-09-13T00:00:00+08:00,0.9,synthetic,not_applicable,,team_generated,false,dev
EVT-S037-20,USER-S037,profile_recalculated,2025-08-29T16:00:00Z,SKILL-017,,,0,completed,neutral,active,low,根据新证据重算画像与岗位匹配度,1.2.0,synthetic,true,SRC-SYNTH,2026-09-13T00:00:00+08:00,0.9,synthetic,not_applicable,,team_generated,false,dev
EVT-S037-21,USER-S037,onboarding,2025-09-15T16:00:00Z,,,,0,completed,neutral,active,low,完成基础信息和学习约束录入,1.2.0,synthetic,true,SRC-SYNTH,2026-09-13T00:00:00+08:00,0.9,synthetic,not_applicable,,team_generated,false,dev
EVT-S037-22,USER-S037,skill_assessment,2025-10-02T16:00:00Z,SKILL-023,,,3,completed,positive,progressing,low,完成能力测评并生成可解释证据,1.2.0,synthetic,true,SRC-SYNTH,2026-09-13T00:00:00+08:00,0.9,synthetic,not_applicable,,team_generated,false,dev
EVT-S037-23,USER-S037,course_started,2025-10-19T16:00:00Z,SKILL-033,RES-0033,,0,completed,neutral,active,low,开始一项与目标能力相关的课程,1.2.0,synthetic,true,SRC-SYNTH,2026-09-13T00:00:00+08:00,0.9,synthetic,not_applicable,,team_generated,false,dev
EVT-S037-24,USER-S037,task_completed,2025-11-05T16:00:00Z,SKILL-058,RES-0178,,2,completed,positive,progressing,low,完成本周学习任务,1.2.0,synthetic,true,SRC-SYNTH,2026-09-13T00:00:00+08:00,0.9,synthetic,not_applicable,,team_generated,false,dev
EVT-S037-25,USER-S037,skill_practice,2025-11-22T16:00:00Z,SKILL-002,RES-0001,,2,completed,positive,progressing,low,完成技能练习并记录反思,1.2.0,synthetic,true,SRC-SYNTH,2026-09-13T00:00:00+08:00,0.9,synthetic,not_applicable,,team_generated,false,dev
EVT-S037-26,USER-S037,course_completed,2025-12-09T16:00:00Z,SKILL-017,RES-0137,,6,completed,positive,progressing,low,完成课程并提交学习总结,1.2.0,synthetic,true,SRC-SYNTH,2026-09-13T00:00:00+08:00,0.9,synthetic,not_applicable,,team_generated,false,dev
EVT-S037-27,USER-S037,project_started,2025-12-26T16:00:00Z,SKILL-020,RES-0440,,0,completed,neutral,active,low,启动实践项目并确认里程碑,1.2.0,synthetic,true,SRC-SYNTH,2026-09-13T00:00:00+08:00,0.9,synthetic,not_applicable,,team_generated,false,dev
EVT-S037-28,USER-S037,job_viewed,2026-01-12T16:00:00Z,,,JOB-AI-ALG-0028,0,completed,neutral,active,low,查看目标岗位及能力要求,1.2.0,synthetic,true,SRC-SYNTH,2026-09-13T00:00:00+08:00,0.9,synthetic,not_applicable,,team_generated,false,dev
EVT-S037-29,USER-S037,feedback_submitted,2026-01-29T16:00:00Z,SKILL-033,,,0,completed,neutral,active,low,提交计划难度和推荐相关性反馈,1.2.0,synthetic,true,SRC-SYNTH,2026-09-13T00:00:00+08:00,0.9,synthetic,not_applicable,,team_generated,false,dev
EVT-S037-30,USER-S037,task_completed,2026-02-15T16:00:00Z,SKILL-058,RES-0178,,2,completed,positive,progressing,low,完成本周学习任务,1.2.0,synthetic,true,SRC-SYNTH,2026-09-13T00:00:00+08:00,0.9,synthetic,not_applicable,,team_generated,false,dev
EVT-S037-31,USER-S037,project_completed,2026-03-04T16:00:00Z,SKILL-002,RES-0422,,8,completed,positive,progressing,low,完成项目、说明文档和复盘,1.2.0,synthetic,true,SRC-SYNTH,2026-09-13T00:00:00+08:00,0.9,synthetic,not_applicable,,team_generated,false,dev
EVT-S037-32,USER-S037,profile_recalculated,2026-03-21T16:00:00Z,SKILL-017,,,0,completed,neutral,active,low,根据新证据重算画像与岗位匹配度,1.2.0,synthetic,true,SRC-SYNTH,2026-09-13T00:00:00+08:00,0.9,synthetic,not_applicable,,team_generated,false,dev
EVT-S037-33,USER-S037,job_saved,2026-04-07T16:00:00Z,,,JOB-AI-ALG-0033,0,completed,neutral,active,low,收藏一个模拟目标岗位,1.2.0,synthetic,true,SRC-SYNTH,2026-09-13T00:00:00+08:00,0.9,synthetic,not_applicable,,team_generated,false,dev
EVT-S037-34,USER-S037,application_submitted,2026-04-24T16:00:00Z,,,JOB-AI-ALG-0034,0,completed,neutral,active,low,向模拟岗位提交申请,1.2.0,synthetic,true,SRC-SYNTH,2026-09-13T00:00:00+08:00,0.9,synthetic,not_applicable,,team_generated,false,dev
EVT-S037-35,USER-S037,interview_result,2026-05-11T16:00:00Z,,,JOB-AI-ALG-0035,0,completed,disappointed,active,low,记录模拟面试反馈,1.2.0,synthetic,true,SRC-SYNTH,2026-09-13T00:00:00+08:00,0.9,synthetic,not_applicable,,team_generated,false,dev
EVT-S037-36,USER-S037,plan_adjusted,2026-05-28T16:00:00Z,SKILL-058,,,0,completed,neutral,plan_rebalanced,low,根据时间和反馈调整学习计划,1.2.0,synthetic,true,SRC-SYNTH,2026-09-13T00:00:00+08:00,0.9,synthetic,not_applicable,,team_generated,false,dev
EVT-S037-37,USER-S037,skill_practice,2026-06-14T16:00:00Z,SKILL-002,RES-0422,,2,completed,positive,progressing,low,完成技能练习并记录反思,1.2.0,synthetic,true,SRC-SYNTH,2026-09-13T00:00:00+08:00,0.9,synthetic,not_applicable,,team_generated,false,dev
EVT-S037-38,USER-S037,inactivity,2026-07-01T16:00:00Z,SKILL-017,,,-4,attention_needed,frustrated,learning_stalled,medium,超过设定周期未产生学习证据，触发技能衰减,1.2.0,synthetic,true,SRC-SYNTH,2026-09-13T00:00:00+08:00,0.9,synthetic,not_applicable,,team_generated,false,dev
EVT-S037-39,USER-S037,reminder_response,2026-07-18T16:00:00Z,SKILL-020,,,0,completed,neutral,active,low,响应任务提醒并更新完成状态,1.2.0,synthetic,true,SRC-SYNTH,2026-09-13T00:00:00+08:00,0.9,synthetic,not_applicable,,team_generated,false,dev
EVT-S037-40,USER-S037,profile_recalculated,2026-08-04T16:00:00Z,SKILL-023,,,0,completed,neutral,active,low,根据新证据重算画像与岗位匹配度,1.2.0,synthetic,true,SRC-SYNTH,2026-09-13T00:00:00+08:00,0.9,synthetic,not_applicable,,team_generated,false,dev
EVT-S038-01,USER-S038,onboarding,2024-10-10T16:00:00Z,,,,0,completed,neutral,active,low,完成基础信息和学习约束录入,1.2.0,synthetic,true,SRC-SYNTH,2026-09-13T00:00:00+08:00,0.9,synthetic,not_applicable,,team_generated,false,dev
EVT-S038-02,USER-S038,skill_assessment,2024-10-27T16:00:00Z,SKILL-026,,,3,completed,positive,progressing,low,完成能力测评并生成可解释证据,1.2.0,synthetic,true,SRC-SYNTH,2026-09-13T00:00:00+08:00,0.9,synthetic,not_applicable,,team_generated,false,dev
EVT-S038-03,USER-S038,course_started,2024-11-13T16:00:00Z,SKILL-029,RES-0011,,0,completed,neutral,active,low,开始一项与目标能力相关的课程,1.2.0,synthetic,true,SRC-SYNTH,2026-09-13T00:00:00+08:00,0.9,synthetic,not_applicable,,team_generated,false,dev
EVT-S038-04,USER-S038,task_completed,2024-11-30T16:00:00Z,SKILL-035,RES-0155,,2,completed,positive,progressing,low,完成本周学习任务,1.2.0,synthetic,true,SRC-SYNTH,2026-09-13T00:00:00+08:00,0.9,synthetic,not_applicable,,team_generated,false,dev
EVT-S038-05,USER-S038,skill_practice,2024-12-17T16:00:00Z,SKILL-038,RES-0151,,2,completed,positive,progressing,low,完成技能练习并记录反思,1.2.0,synthetic,true,SRC-SYNTH,2026-09-13T00:00:00+08:00,0.9,synthetic,not_applicable,,team_generated,false,dev
EVT-S038-06,USER-S038,course_completed,2025-01-03T16:00:00Z,SKILL-050,RES-0170,,6,completed,positive,progressing,low,完成课程并提交学习总结,1.2.0,synthetic,true,SRC-SYNTH,2026-09-13T00:00:00+08:00,0.9,synthetic,not_applicable,,team_generated,false,dev
EVT-S038-07,USER-S038,project_started,2025-01-20T16:00:00Z,SKILL-008,RES-0541,,0,completed,neutral,active,low,启动实践项目并确认里程碑,1.2.0,synthetic,true,SRC-SYNTH,2026-09-13T00:00:00+08:00,0.9,synthetic,not_applicable,,team_generated,false,dev
EVT-S038-08,USER-S038,job_viewed,2025-02-06T16:00:00Z,,,JOB-AI-APP-0087,0,completed,neutral,active,low,查看目标岗位及能力要求,1.2.0,synthetic,true,SRC-SYNTH,2026-09-13T00:00:00+08:00,0.9,synthetic,not_applicable,,team_generated,false,dev
EVT-S038-09,USER-S038,feedback_submitted,2025-02-23T16:00:00Z,SKILL-029,,,0,completed,neutral,active,low,提交计划难度和推荐相关性反馈,1.2.0,synthetic,true,SRC-SYNTH,2026-09-13T00:00:00+08:00,0.9,synthetic,not_applicable,,team_generated,false,dev
EVT-S038-10,USER-S038,task_completed,2025-03-12T16:00:00Z,SKILL-035,RES-0035,,2,completed,positive,progressing,low,完成本周学习任务,1.2.0,synthetic,true,SRC-SYNTH,2026-09-13T00:00:00+08:00,0.9,synthetic,not_applicable,,team_generated,false,dev
EVT-S038-11,USER-S038,project_completed,2025-03-29T16:00:00Z,SKILL-038,RES-0031,,8,completed,positive,progressing,low,完成项目、说明文档和复盘,1.2.0,synthetic,true,SRC-SYNTH,2026-09-13T00:00:00+08:00,0.9,synthetic,not_applicable,,team_generated,false,dev
EVT-S038-12,USER-S038,profile_recalculated,2025-04-15T16:00:00Z,SKILL-050,,,0,completed,neutral,active,low,根据新证据重算画像与岗位匹配度,1.2.0,synthetic,true,SRC-SYNTH,2026-09-13T00:00:00+08:00,0.9,synthetic,not_applicable,,team_generated,false,dev
EVT-S038-13,USER-S038,job_saved,2025-05-02T16:00:00Z,,,JOB-AI-APP-0013,0,completed,neutral,active,low,收藏一个模拟目标岗位,1.2.0,synthetic,true,SRC-SYNTH,2026-09-13T00:00:00+08:00,0.9,synthetic,not_applicable,,team_generated,false,dev
EVT-S038-14,USER-S038,application_submitted,2025-05-19T16:00:00Z,,,JOB-AI-APP-0014,0,completed,neutral,active,low,向模拟岗位提交申请,1.2.0,synthetic,true,SRC-SYNTH,2026-09-13T00:00:00+08:00,0.9,synthetic,not_applicable,,team_generated,false,dev
EVT-S038-15,USER-S038,interview_result,2025-06-05T16:00:00Z,,,JOB-AI-APP-0015,0,completed,disappointed,active,low,记录模拟面试反馈,1.2.0,synthetic,true,SRC-SYNTH,2026-09-13T00:00:00+08:00,0.9,synthetic,not_applicable,,team_generated,false,dev
EVT-S038-16,USER-S038,plan_adjusted,2025-06-22T16:00:00Z,SKILL-035,,,0,completed,neutral,plan_rebalanced,low,根据时间和反馈调整学习计划,1.2.0,synthetic,true,SRC-SYNTH,2026-09-13T00:00:00+08:00,0.9,synthetic,not_applicable,,team_generated,false,dev
EVT-S038-17,USER-S038,skill_practice,2025-07-09T16:00:00Z,SKILL-038,RES-0038,,2,completed,positive,progressing,low,完成技能练习并记录反思,1.2.0,synthetic,true,SRC-SYNTH,2026-09-13T00:00:00+08:00,0.9,synthetic,not_applicable,,team_generated,false,dev
EVT-S038-18,USER-S038,inactivity,2025-07-26T16:00:00Z,SKILL-050,,,-4,attention_needed,frustrated,learning_stalled,medium,超过设定周期未产生学习证据，触发技能衰减,1.2.0,synthetic,true,SRC-SYNTH,2026-09-13T00:00:00+08:00,0.9,synthetic,not_applicable,,team_generated,false,dev
EVT-S038-19,USER-S038,reminder_response,2025-08-12T16:00:00Z,SKILL-008,,,0,completed,neutral,active,low,响应任务提醒并更新完成状态,1.2.0,synthetic,true,SRC-SYNTH,2026-09-13T00:00:00+08:00,0.9,synthetic,not_applicable,,team_generated,false,dev
EVT-S038-20,USER-S038,profile_recalculated,2025-08-29T16:00:00Z,SKILL-026,,,0,completed,neutral,active,low,根据新证据重算画像与岗位匹配度,1.2.0,synthetic,true,SRC-SYNTH,2026-09-13T00:00:00+08:00,0.9,synthetic,not_applicable,,team_generated,false,dev
EVT-S038-21,USER-S038,onboarding,2025-09-15T16:00:00Z,,,,0,completed,neutral,active,low,完成基础信息和学习约束录入,1.2.0,synthetic,true,SRC-SYNTH,2026-09-13T00:00:00+08:00,0.9,synthetic,not_applicable,,team_generated,false,dev
EVT-S038-22,USER-S038,skill_assessment,2025-10-02T16:00:00Z,SKILL-035,,,3,completed,positive,progressing,low,完成能力测评并生成可解释证据,1.2.0,synthetic,true,SRC-SYNTH,2026-09-13T00:00:00+08:00,0.9,synthetic,not_applicable,,team_generated,false,dev
EVT-S038-23,USER-S038,course_started,2025-10-19T16:00:00Z,SKILL-038,RES-0151,,0,completed,neutral,active,low,开始一项与目标能力相关的课程,1.2.0,synthetic,true,SRC-SYNTH,2026-09-13T00:00:00+08:00,0.9,synthetic,not_applicable,,team_generated,false,dev
EVT-S038-24,USER-S038,task_completed,2025-11-05T16:00:00Z,SKILL-050,RES-0170,,2,completed,positive,progressing,low,完成本周学习任务,1.2.0,synthetic,true,SRC-SYNTH,2026-09-13T00:00:00+08:00,0.9,synthetic,not_applicable,,team_generated,false,dev
EVT-S038-25,USER-S038,skill_practice,2025-11-22T16:00:00Z,SKILL-008,RES-0121,,2,completed,positive,progressing,low,完成技能练习并记录反思,1.2.0,synthetic,true,SRC-SYNTH,2026-09-13T00:00:00+08:00,0.9,synthetic,not_applicable,,team_generated,false,dev
EVT-S038-26,USER-S038,course_completed,2025-12-09T16:00:00Z,SKILL-026,RES-0446,,6,completed,positive,progressing,low,完成课程并提交学习总结,1.2.0,synthetic,true,SRC-SYNTH,2026-09-13T00:00:00+08:00,0.9,synthetic,not_applicable,,team_generated,false,dev
EVT-S038-27,USER-S038,project_started,2025-12-26T16:00:00Z,SKILL-029,RES-0149,,0,completed,neutral,active,low,启动实践项目并确认里程碑,1.2.0,synthetic,true,SRC-SYNTH,2026-09-13T00:00:00+08:00,0.9,synthetic,not_applicable,,team_generated,false,dev
EVT-S038-28,USER-S038,job_viewed,2026-01-12T16:00:00Z,,,JOB-AI-APP-0028,0,completed,neutral,active,low,查看目标岗位及能力要求,1.2.0,synthetic,true,SRC-SYNTH,2026-09-13T00:00:00+08:00,0.9,synthetic,not_applicable,,team_generated,false,dev
EVT-S038-29,USER-S038,feedback_submitted,2026-01-29T16:00:00Z,SKILL-038,,,0,completed,neutral,active,low,提交计划难度和推荐相关性反馈,1.2.0,synthetic,true,SRC-SYNTH,2026-09-13T00:00:00+08:00,0.9,synthetic,not_applicable,,team_generated,false,dev
EVT-S038-30,USER-S038,task_completed,2026-02-15T16:00:00Z,SKILL-050,RES-0170,,2,completed,positive,progressing,low,完成本周学习任务,1.2.0,synthetic,true,SRC-SYNTH,2026-09-13T00:00:00+08:00,0.9,synthetic,not_applicable,,team_generated,false,dev
EVT-S038-31,USER-S038,project_completed,2026-03-04T16:00:00Z,SKILL-008,RES-0421,,8,completed,positive,progressing,low,完成项目、说明文档和复盘,1.2.0,synthetic,true,SRC-SYNTH,2026-09-13T00:00:00+08:00,0.9,synthetic,not_applicable,,team_generated,false,dev
EVT-S038-32,USER-S038,profile_recalculated,2026-03-21T16:00:00Z,SKILL-026,,,0,completed,neutral,active,low,根据新证据重算画像与岗位匹配度,1.2.0,synthetic,true,SRC-SYNTH,2026-09-13T00:00:00+08:00,0.9,synthetic,not_applicable,,team_generated,false,dev
EVT-S038-33,USER-S038,job_saved,2026-04-07T16:00:00Z,,,JOB-AI-APP-0033,0,completed,neutral,active,low,收藏一个模拟目标岗位,1.2.0,synthetic,true,SRC-SYNTH,2026-09-13T00:00:00+08:00,0.9,synthetic,not_applicable,,team_generated,false,dev
EVT-S038-34,USER-S038,application_submitted,2026-04-24T16:00:00Z,,,JOB-AI-APP-0034,0,completed,neutral,active,low,向模拟岗位提交申请,1.2.0,synthetic,true,SRC-SYNTH,2026-09-13T00:00:00+08:00,0.9,synthetic,not_applicable,,team_generated,false,dev
EVT-S038-35,USER-S038,interview_result,2026-05-11T16:00:00Z,,,JOB-AI-APP-0035,0,completed,disappointed,active,low,记录模拟面试反馈,1.2.0,synthetic,true,SRC-SYNTH,2026-09-13T00:00:00+08:00,0.9,synthetic,not_applicable,,team_generated,false,dev
EVT-S038-36,USER-S038,plan_adjusted,2026-05-28T16:00:00Z,SKILL-050,,,0,completed,neutral,plan_rebalanced,low,根据时间和反馈调整学习计划,1.2.0,synthetic,true,SRC-SYNTH,2026-09-13T00:00:00+08:00,0.9,synthetic,not_applicable,,team_generated,false,dev
EVT-S038-37,USER-S038,skill_practice,2026-06-14T16:00:00Z,SKILL-008,RES-0421,,2,completed,positive,progressing,low,完成技能练习并记录反思,1.2.0,synthetic,true,SRC-SYNTH,2026-09-13T00:00:00+08:00,0.9,synthetic,not_applicable,,team_generated,false,dev
EVT-S038-38,USER-S038,inactivity,2026-07-01T16:00:00Z,SKILL-026,,,-4,attention_needed,frustrated,learning_stalled,medium,超过设定周期未产生学习证据，触发技能衰减,1.2.0,synthetic,true,SRC-SYNTH,2026-09-13T00:00:00+08:00,0.9,synthetic,not_applicable,,team_generated,false,dev
EVT-S038-39,USER-S038,reminder_response,2026-07-18T16:00:00Z,SKILL-029,,,0,completed,neutral,active,low,响应任务提醒并更新完成状态,1.2.0,synthetic,true,SRC-SYNTH,2026-09-13T00:00:00+08:00,0.9,synthetic,not_applicable,,team_generated,false,dev
EVT-S038-40,USER-S038,profile_recalculated,2026-08-04T16:00:00Z,SKILL-035,,,0,completed,neutral,active,low,根据新证据重算画像与岗位匹配度,1.2.0,synthetic,true,SRC-SYNTH,2026-09-13T00:00:00+08:00,0.9,synthetic,not_applicable,,team_generated,false,dev
EVT-S039-01,USER-S039,onboarding,2024-10-10T16:00:00Z,,,,0,completed,neutral,active,low,完成基础信息和学习约束录入,1.2.0,synthetic,true,SRC-SYNTH,2026-09-13T00:00:00+08:00,0.9,synthetic,not_applicable,,team_generated,false,dev
EVT-S039-02,USER-S039,skill_assessment,2024-10-27T16:00:00Z,SKILL-014,,,3,completed,positive,progressing,low,完成能力测评并生成可解释证据,1.2.0,synthetic,true,SRC-SYNTH,2026-09-13T00:00:00+08:00,0.9,synthetic,not_applicable,,team_generated,false,dev
EVT-S039-03,USER-S039,course_started,2024-11-13T16:00:00Z,SKILL-040,RES-0040,,0,completed,neutral,active,low,开始一项与目标能力相关的课程,1.2.0,synthetic,true,SRC-SYNTH,2026-09-13T00:00:00+08:00,0.9,synthetic,not_applicable,,team_generated,false,dev
EVT-S039-04,USER-S039,task_completed,2024-11-30T16:00:00Z,SKILL-044,RES-0164,,2,completed,positive,progressing,low,完成本周学习任务,1.2.0,synthetic,true,SRC-SYNTH,2026-09-13T00:00:00+08:00,0.9,synthetic,not_applicable,,team_generated,false,dev
EVT-S039-05,USER-S039,skill_practice,2024-12-17T16:00:00Z,SKILL-048,RES-0108,,2,completed,positive,progressing,low,完成技能练习并记录反思,1.2.0,synthetic,true,SRC-SYNTH,2026-09-13T00:00:00+08:00,0.9,synthetic,not_applicable,,team_generated,false,dev
EVT-S039-06,USER-S039,course_completed,2025-01-03T16:00:00Z,SKILL-001,RES-0181,,6,completed,positive,progressing,low,完成课程并提交学习总结,1.2.0,synthetic,true,SRC-SYNTH,2026-09-13T00:00:00+08:00,0.9,synthetic,not_applicable,,team_generated,false,dev
EVT-S039-07,USER-S039,project_started,2025-01-20T16:00:00Z,SKILL-011,RES-0431,,0,completed,neutral,active,low,启动实践项目并确认里程碑,1.2.0,synthetic,true,SRC-SYNTH,2026-09-13T00:00:00+08:00,0.9,synthetic,not_applicable,,team_generated,false,dev
EVT-S039-08,USER-S039,job_viewed,2025-02-06T16:00:00Z,,,JOB-DATA-0087,0,completed,neutral,active,low,查看目标岗位及能力要求,1.2.0,synthetic,true,SRC-SYNTH,2026-09-13T00:00:00+08:00,0.9,synthetic,not_applicable,,team_generated,false,dev
EVT-S039-09,USER-S039,feedback_submitted,2025-02-23T16:00:00Z,SKILL-040,,,0,completed,neutral,active,low,提交计划难度和推荐相关性反馈,1.2.0,synthetic,true,SRC-SYNTH,2026-09-13T00:00:00+08:00,0.9,synthetic,not_applicable,,team_generated,false,dev
EVT-S039-10,USER-S039,task_completed,2025-03-12T16:00:00Z,SKILL-044,RES-0157,,2,completed,positive,progressing,low,完成本周学习任务,1.2.0,synthetic,true,SRC-SYNTH,2026-09-13T00:00:00+08:00,0.9,synthetic,not_applicable,,team_generated,false,dev
EVT-S039-11,USER-S039,project_completed,2025-03-29T16:00:00Z,SKILL-048,RES-0161,,8,completed,positive,progressing,low,完成项目、说明文档和复盘,1.2.0,synthetic,true,SRC-SYNTH,2026-09-13T00:00:00+08:00,0.9,synthetic,not_applicable,,team_generated,false,dev
EVT-S039-12,USER-S039,profile_recalculated,2025-04-15T16:00:00Z,SKILL-001,,,0,completed,neutral,active,low,根据新证据重算画像与岗位匹配度,1.2.0,synthetic,true,SRC-SYNTH,2026-09-13T00:00:00+08:00,0.9,synthetic,not_applicable,,team_generated,false,dev
EVT-S039-13,USER-S039,job_saved,2025-05-02T16:00:00Z,,,JOB-DATA-0013,0,completed,neutral,active,low,收藏一个模拟目标岗位,1.2.0,synthetic,true,SRC-SYNTH,2026-09-13T00:00:00+08:00,0.9,synthetic,not_applicable,,team_generated,false,dev
EVT-S039-14,USER-S039,application_submitted,2025-05-19T16:00:00Z,,,JOB-DATA-0014,0,completed,neutral,active,low,向模拟岗位提交申请,1.2.0,synthetic,true,SRC-SYNTH,2026-09-13T00:00:00+08:00,0.9,synthetic,not_applicable,,team_generated,false,dev
EVT-S039-15,USER-S039,interview_result,2025-06-05T16:00:00Z,,,JOB-DATA-0015,0,completed,disappointed,active,low,记录模拟面试反馈,1.2.0,synthetic,true,SRC-SYNTH,2026-09-13T00:00:00+08:00,0.9,synthetic,not_applicable,,team_generated,false,dev
EVT-S039-16,USER-S039,plan_adjusted,2025-06-22T16:00:00Z,SKILL-044,,,0,completed,neutral,plan_rebalanced,low,根据时间和反馈调整学习计划,1.2.0,synthetic,true,SRC-SYNTH,2026-09-13T00:00:00+08:00,0.9,synthetic,not_applicable,,team_generated,false,dev
EVT-S039-17,USER-S039,skill_practice,2025-07-09T16:00:00Z,SKILL-048,RES-0041,,2,completed,positive,progressing,low,完成技能练习并记录反思,1.2.0,synthetic,true,SRC-SYNTH,2026-09-13T00:00:00+08:00,0.9,synthetic,not_applicable,,team_generated,false,dev
EVT-S039-18,USER-S039,inactivity,2025-07-26T16:00:00Z,SKILL-001,,,-4,attention_needed,frustrated,learning_stalled,medium,超过设定周期未产生学习证据，触发技能衰减,1.2.0,synthetic,true,SRC-SYNTH,2026-09-13T00:00:00+08:00,0.9,synthetic,not_applicable,,team_generated,false,dev
EVT-S039-19,USER-S039,reminder_response,2025-08-12T16:00:00Z,SKILL-011,,,0,completed,neutral,active,low,响应任务提醒并更新完成状态,1.2.0,synthetic,true,SRC-SYNTH,2026-09-13T00:00:00+08:00,0.9,synthetic,not_applicable,,team_generated,false,dev
EVT-S039-20,USER-S039,profile_recalculated,2025-08-29T16:00:00Z,SKILL-014,,,0,completed,neutral,active,low,根据新证据重算画像与岗位匹配度,1.2.0,synthetic,true,SRC-SYNTH,2026-09-13T00:00:00+08:00,0.9,synthetic,not_applicable,,team_generated,false,dev
EVT-S039-21,USER-S039,onboarding,2025-09-15T16:00:00Z,,,,0,completed,neutral,active,low,完成基础信息和学习约束录入,1.2.0,synthetic,true,SRC-SYNTH,2026-09-13T00:00:00+08:00,0.9,synthetic,not_applicable,,team_generated,false,dev
EVT-S039-22,USER-S039,skill_assessment,2025-10-02T16:00:00Z,SKILL-044,,,3,completed,positive,progressing,low,完成能力测评并生成可解释证据,1.2.0,synthetic,true,SRC-SYNTH,2026-09-13T00:00:00+08:00,0.9,synthetic,not_applicable,,team_generated,false,dev
EVT-S039-23,USER-S039,course_started,2025-10-19T16:00:00Z,SKILL-048,RES-0041,,0,completed,neutral,active,low,开始一项与目标能力相关的课程,1.2.0,synthetic,true,SRC-SYNTH,2026-09-13T00:00:00+08:00,0.9,synthetic,not_applicable,,team_generated,false,dev
EVT-S039-24,USER-S039,task_completed,2025-11-05T16:00:00Z,SKILL-001,RES-0167,,2,completed,positive,progressing,low,完成本周学习任务,1.2.0,synthetic,true,SRC-SYNTH,2026-09-13T00:00:00+08:00,0.9,synthetic,not_applicable,,team_generated,false,dev
EVT-S039-25,USER-S039,skill_practice,2025-11-22T16:00:00Z,SKILL-011,RES-0431,,2,completed,positive,progressing,low,完成技能练习并记录反思,1.2.0,synthetic,true,SRC-SYNTH,2026-09-13T00:00:00+08:00,0.9,synthetic,not_applicable,,team_generated,false,dev
EVT-S039-26,USER-S039,course_completed,2025-12-09T16:00:00Z,SKILL-014,RES-0367,,6,completed,positive,progressing,low,完成课程并提交学习总结,1.2.0,synthetic,true,SRC-SYNTH,2026-09-13T00:00:00+08:00,0.9,synthetic,not_applicable,,team_generated,false,dev
EVT-S039-27,USER-S039,project_started,2025-12-26T16:00:00Z,SKILL-040,RES-0146,,0,completed,neutral,active,low,启动实践项目并确认里程碑,1.2.0,synthetic,true,SRC-SYNTH,2026-09-13T00:00:00+08:00,0.9,synthetic,not_applicable,,team_generated,false,dev
EVT-S039-28,USER-S039,job_viewed,2026-01-12T16:00:00Z,,,JOB-DATA-0028,0,completed,neutral,active,low,查看目标岗位及能力要求,1.2.0,synthetic,true,SRC-SYNTH,2026-09-13T00:00:00+08:00,0.9,synthetic,not_applicable,,team_generated,false,dev
EVT-S039-29,USER-S039,feedback_submitted,2026-01-29T16:00:00Z,SKILL-048,,,0,completed,neutral,active,low,提交计划难度和推荐相关性反馈,1.2.0,synthetic,true,SRC-SYNTH,2026-09-13T00:00:00+08:00,0.9,synthetic,not_applicable,,team_generated,false,dev
EVT-S039-30,USER-S039,task_completed,2026-02-15T16:00:00Z,SKILL-001,RES-0541,,2,completed,positive,progressing,low,完成本周学习任务,1.2.0,synthetic,true,SRC-SYNTH,2026-09-13T00:00:00+08:00,0.9,synthetic,not_applicable,,team_generated,false,dev
EVT-S039-31,USER-S039,project_completed,2026-03-04T16:00:00Z,SKILL-011,RES-0424,,8,completed,positive,progressing,low,完成项目、说明文档和复盘,1.2.0,synthetic,true,SRC-SYNTH,2026-09-13T00:00:00+08:00,0.9,synthetic,not_applicable,,team_generated,false,dev
EVT-S039-32,USER-S039,profile_recalculated,2026-03-21T16:00:00Z,SKILL-014,,,0,completed,neutral,active,low,根据新证据重算画像与岗位匹配度,1.2.0,synthetic,true,SRC-SYNTH,2026-09-13T00:00:00+08:00,0.9,synthetic,not_applicable,,team_generated,false,dev
EVT-S039-33,USER-S039,job_saved,2026-04-07T16:00:00Z,,,JOB-DATA-0033,0,completed,neutral,active,low,收藏一个模拟目标岗位,1.2.0,synthetic,true,SRC-SYNTH,2026-09-13T00:00:00+08:00,0.9,synthetic,not_applicable,,team_generated,false,dev
EVT-S039-34,USER-S039,application_submitted,2026-04-24T16:00:00Z,,,JOB-DATA-0034,0,completed,neutral,active,low,向模拟岗位提交申请,1.2.0,synthetic,true,SRC-SYNTH,2026-09-13T00:00:00+08:00,0.9,synthetic,not_applicable,,team_generated,false,dev
EVT-S039-35,USER-S039,interview_result,2026-05-11T16:00:00Z,,,JOB-DATA-0035,0,completed,disappointed,active,low,记录模拟面试反馈,1.2.0,synthetic,true,SRC-SYNTH,2026-09-13T00:00:00+08:00,0.9,synthetic,not_applicable,,team_generated,false,dev
EVT-S039-36,USER-S039,plan_adjusted,2026-05-28T16:00:00Z,SKILL-001,,,0,completed,neutral,plan_rebalanced,low,根据时间和反馈调整学习计划,1.2.0,synthetic,true,SRC-SYNTH,2026-09-13T00:00:00+08:00,0.9,synthetic,not_applicable,,team_generated,false,dev
EVT-S039-37,USER-S039,skill_practice,2026-06-14T16:00:00Z,SKILL-011,RES-0071,,2,completed,positive,progressing,low,完成技能练习并记录反思,1.2.0,synthetic,true,SRC-SYNTH,2026-09-13T00:00:00+08:00,0.9,synthetic,not_applicable,,team_generated,false,dev
EVT-S039-38,USER-S039,inactivity,2026-07-01T16:00:00Z,SKILL-014,,,-4,attention_needed,frustrated,learning_stalled,medium,超过设定周期未产生学习证据，触发技能衰减,1.2.0,synthetic,true,SRC-SYNTH,2026-09-13T00:00:00+08:00,0.9,synthetic,not_applicable,,team_generated,false,dev
EVT-S039-39,USER-S039,reminder_response,2026-07-18T16:00:00Z,SKILL-040,,,0,completed,neutral,active,low,响应任务提醒并更新完成状态,1.2.0,synthetic,true,SRC-SYNTH,2026-09-13T00:00:00+08:00,0.9,synthetic,not_applicable,,team_generated,false,dev
EVT-S039-40,USER-S039,profile_recalculated,2026-08-04T16:00:00Z,SKILL-044,,,0,completed,neutral,active,low,根据新证据重算画像与岗位匹配度,1.2.0,synthetic,true,SRC-SYNTH,2026-09-13T00:00:00+08:00,0.9,synthetic,not_applicable,,team_generated,false,dev
EVT-S040-01,USER-S040,onboarding,2024-10-10T16:00:00Z,,,,0,completed,neutral,active,low,完成基础信息和学习约束录入,1.2.0,synthetic,true,SRC-SYNTH,2026-09-13T00:00:00+08:00,0.9,synthetic,not_applicable,,team_generated,false,dev
EVT-S040-02,USER-S040,skill_assessment,2024-10-27T16:00:00Z,SKILL-048,,,3,completed,positive,progressing,low,完成能力测评并生成可解释证据,1.2.0,synthetic,true,SRC-SYNTH,2026-09-13T00:00:00+08:00,0.9,synthetic,not_applicable,,team_generated,false,dev
EVT-S040-03,USER-S040,course_started,2024-11-13T16:00:00Z,SKILL-001,RES-0181,,0,completed,neutral,active,low,开始一项与目标能力相关的课程,1.2.0,synthetic,true,SRC-SYNTH,2026-09-13T00:00:00+08:00,0.9,synthetic,not_applicable,,team_generated,false,dev
EVT-S040-04,USER-S040,task_completed,2024-11-30T16:00:00Z,SKILL-011,RES-0131,,2,completed,positive,progressing,low,完成本周学习任务,1.2.0,synthetic,true,SRC-SYNTH,2026-09-13T00:00:00+08:00,0.9,synthetic,not_applicable,,team_generated,false,dev
EVT-S040-05,USER-S040,skill_practice,2024-12-17T16:00:00Z,SKILL-019,RES-0005,,2,completed,positive,progressing,low,完成技能练习并记录反思,1.2.0,synthetic,true,SRC-SYNTH,2026-09-13T00:00:00+08:00,0.9,synthetic,not_applicable,,team_generated,false,dev
EVT-S040-06,USER-S040,course_completed,2025-01-03T16:00:00Z,SKILL-022,RES-0128,,6,completed,positive,progressing,low,完成课程并提交学习总结,1.2.0,synthetic,true,SRC-SYNTH,2026-09-13T00:00:00+08:00,0.9,synthetic,not_applicable,,team_generated,false,dev
EVT-S040-07,USER-S040,project_started,2025-01-20T16:00:00Z,SKILL-025,RES-0025,,0,completed,neutral,active,low,启动实践项目并确认里程碑,1.2.0,synthetic,true,SRC-SYNTH,2026-09-13T00:00:00+08:00,0.9,synthetic,not_applicable,,team_generated,false,dev
EVT-S040-08,USER-S040,job_viewed,2025-02-06T16:00:00Z,,,JOB-AI-ALG-0087,0,completed,neutral,active,low,查看目标岗位及能力要求,1.2.0,synthetic,true,SRC-SYNTH,2026-09-13T00:00:00+08:00,0.9,synthetic,not_applicable,,team_generated,false,dev
EVT-S040-09,USER-S040,feedback_submitted,2025-02-23T16:00:00Z,SKILL-001,,,0,completed,neutral,active,low,提交计划难度和推荐相关性反馈,1.2.0,synthetic,true,SRC-SYNTH,2026-09-13T00:00:00+08:00,0.9,synthetic,not_applicable,,team_generated,false,dev
EVT-S040-10,USER-S040,task_completed,2025-03-12T16:00:00Z,SKILL-011,RES-0071,,2,completed,positive,progressing,low,完成本周学习任务,1.2.0,synthetic,true,SRC-SYNTH,2026-09-13T00:00:00+08:00,0.9,synthetic,not_applicable,,team_generated,false,dev
EVT-S040-11,USER-S040,project_completed,2025-03-29T16:00:00Z,SKILL-019,RES-0185,,8,completed,positive,progressing,low,完成项目、说明文档和复盘,1.2.0,synthetic,true,SRC-SYNTH,2026-09-13T00:00:00+08:00,0.9,synthetic,not_applicable,,team_generated,false,dev
EVT-S040-12,USER-S040,profile_recalculated,2025-04-15T16:00:00Z,SKILL-022,,,0,completed,neutral,active,low,根据新证据重算画像与岗位匹配度,1.2.0,synthetic,true,SRC-SYNTH,2026-09-13T00:00:00+08:00,0.9,synthetic,not_applicable,,team_generated,false,dev
EVT-S040-13,USER-S040,job_saved,2025-05-02T16:00:00Z,,,JOB-AI-ALG-0013,0,completed,neutral,active,low,收藏一个模拟目标岗位,1.2.0,synthetic,true,SRC-SYNTH,2026-09-13T00:00:00+08:00,0.9,synthetic,not_applicable,,team_generated,false,dev
EVT-S040-14,USER-S040,application_submitted,2025-05-19T16:00:00Z,,,JOB-AI-ALG-0014,0,completed,neutral,active,low,向模拟岗位提交申请,1.2.0,synthetic,true,SRC-SYNTH,2026-09-13T00:00:00+08:00,0.9,synthetic,not_applicable,,team_generated,false,dev
EVT-S040-15,USER-S040,interview_result,2025-06-05T16:00:00Z,,,JOB-AI-ALG-0015,0,completed,disappointed,active,low,记录模拟面试反馈,1.2.0,synthetic,true,SRC-SYNTH,2026-09-13T00:00:00+08:00,0.9,synthetic,not_applicable,,team_generated,false,dev
EVT-S040-16,USER-S040,plan_adjusted,2025-06-22T16:00:00Z,SKILL-011,,,0,completed,neutral,plan_rebalanced,low,根据时间和反馈调整学习计划,1.2.0,synthetic,true,SRC-SYNTH,2026-09-13T00:00:00+08:00,0.9,synthetic,not_applicable,,team_generated,false,dev
EVT-S040-17,USER-S040,skill_practice,2025-07-09T16:00:00Z,SKILL-019,RES-0003,,2,completed,positive,progressing,low,完成技能练习并记录反思,1.2.0,synthetic,true,SRC-SYNTH,2026-09-13T00:00:00+08:00,0.9,synthetic,not_applicable,,team_generated,false,dev
EVT-S040-18,USER-S040,inactivity,2025-07-26T16:00:00Z,SKILL-022,,,-4,attention_needed,frustrated,learning_stalled,medium,超过设定周期未产生学习证据，触发技能衰减,1.2.0,synthetic,true,SRC-SYNTH,2026-09-13T00:00:00+08:00,0.9,synthetic,not_applicable,,team_generated,false,dev
EVT-S040-19,USER-S040,reminder_response,2025-08-12T16:00:00Z,SKILL-025,,,0,completed,neutral,active,low,响应任务提醒并更新完成状态,1.2.0,synthetic,true,SRC-SYNTH,2026-09-13T00:00:00+08:00,0.9,synthetic,not_applicable,,team_generated,false,dev
EVT-S040-20,USER-S040,profile_recalculated,2025-08-29T16:00:00Z,SKILL-048,,,0,completed,neutral,active,low,根据新证据重算画像与岗位匹配度,1.2.0,synthetic,true,SRC-SYNTH,2026-09-13T00:00:00+08:00,0.9,synthetic,not_applicable,,team_generated,false,dev
EVT-S040-21,USER-S040,onboarding,2025-09-15T16:00:00Z,,,,0,completed,neutral,active,low,完成基础信息和学习约束录入,1.2.0,synthetic,true,SRC-SYNTH,2026-09-13T00:00:00+08:00,0.9,synthetic,not_applicable,,team_generated,false,dev
EVT-S040-22,USER-S040,skill_assessment,2025-10-02T16:00:00Z,SKILL-011,,,3,completed,positive,progressing,low,完成能力测评并生成可解释证据,1.2.0,synthetic,true,SRC-SYNTH,2026-09-13T00:00:00+08:00,0.9,synthetic,not_applicable,,team_generated,false,dev
EVT-S040-23,USER-S040,course_started,2025-10-19T16:00:00Z,SKILL-019,RES-0545,,0,completed,neutral,active,low,开始一项与目标能力相关的课程,1.2.0,synthetic,true,SRC-SYNTH,2026-09-13T00:00:00+08:00,0.9,synthetic,not_applicable,,team_generated,false,dev
EVT-S040-24,USER-S040,task_completed,2025-11-05T16:00:00Z,SKILL-022,RES-0004,,2,completed,positive,progressing,low,完成本周学习任务,1.2.0,synthetic,true,SRC-SYNTH,2026-09-13T00:00:00+08:00,0.9,synthetic,not_applicable,,team_generated,false,dev
EVT-S040-25,USER-S040,skill_practice,2025-11-22T16:00:00Z,SKILL-025,RES-0445,,2,completed,positive,progressing,low,完成技能练习并记录反思,1.2.0,synthetic,true,SRC-SYNTH,2026-09-13T00:00:00+08:00,0.9,synthetic,not_applicable,,team_generated,false,dev
EVT-S040-26,USER-S040,course_completed,2025-12-09T16:00:00Z,SKILL-048,RES-0108,,6,completed,positive,progressing,low,完成课程并提交学习总结,1.2.0,synthetic,true,SRC-SYNTH,2026-09-13T00:00:00+08:00,0.9,synthetic,not_applicable,,team_generated,false,dev
EVT-S040-27,USER-S040,project_started,2025-12-26T16:00:00Z,SKILL-001,RES-0167,,0,completed,neutral,active,low,启动实践项目并确认里程碑,1.2.0,synthetic,true,SRC-SYNTH,2026-09-13T00:00:00+08:00,0.9,synthetic,not_applicable,,team_generated,false,dev
EVT-S040-28,USER-S040,job_viewed,2026-01-12T16:00:00Z,,,JOB-AI-ALG-0028,0,completed,neutral,active,low,查看目标岗位及能力要求,1.2.0,synthetic,true,SRC-SYNTH,2026-09-13T00:00:00+08:00,0.9,synthetic,not_applicable,,team_generated,false,dev
EVT-S040-29,USER-S040,feedback_submitted,2026-01-29T16:00:00Z,SKILL-019,,,0,completed,neutral,active,low,提交计划难度和推荐相关性反馈,1.2.0,synthetic,true,SRC-SYNTH,2026-09-13T00:00:00+08:00,0.9,synthetic,not_applicable,,team_generated,false,dev
EVT-S040-30,USER-S040,task_completed,2026-02-15T16:00:00Z,SKILL-022,RES-0202,,2,completed,positive,progressing,low,完成本周学习任务,1.2.0,synthetic,true,SRC-SYNTH,2026-09-13T00:00:00+08:00,0.9,synthetic,not_applicable,,team_generated,false,dev
EVT-S040-31,USER-S040,project_completed,2026-03-04T16:00:00Z,SKILL-025,RES-0007,,8,completed,positive,progressing,low,完成项目、说明文档和复盘,1.2.0,synthetic,true,SRC-SYNTH,2026-09-13T00:00:00+08:00,0.9,synthetic,not_applicable,,team_generated,false,dev
EVT-S040-32,USER-S040,profile_recalculated,2026-03-21T16:00:00Z,SKILL-048,,,0,completed,neutral,active,low,根据新证据重算画像与岗位匹配度,1.2.0,synthetic,true,SRC-SYNTH,2026-09-13T00:00:00+08:00,0.9,synthetic,not_applicable,,team_generated,false,dev
EVT-S040-33,USER-S040,job_saved,2026-04-07T16:00:00Z,,,JOB-AI-ALG-0033,0,completed,neutral,active,low,收藏一个模拟目标岗位,1.2.0,synthetic,true,SRC-SYNTH,2026-09-13T00:00:00+08:00,0.9,synthetic,not_applicable,,team_generated,false,dev
EVT-S040-34,USER-S040,application_submitted,2026-04-24T16:00:00Z,,,JOB-AI-ALG-0034,0,completed,neutral,active,low,向模拟岗位提交申请,1.2.0,synthetic,true,SRC-SYNTH,2026-09-13T00:00:00+08:00,0.9,synthetic,not_applicable,,team_generated,false,dev
EVT-S040-35,USER-S040,interview_result,2026-05-11T16:00:00Z,,,JOB-AI-ALG-0035,0,completed,disappointed,active,low,记录模拟面试反馈,1.2.0,synthetic,true,SRC-SYNTH,2026-09-13T00:00:00+08:00,0.9,synthetic,not_applicable,,team_generated,false,dev
EVT-S040-36,USER-S040,plan_adjusted,2026-05-28T16:00:00Z,SKILL-022,,,0,completed,neutral,plan_rebalanced,low,根据时间和反馈调整学习计划,1.2.0,synthetic,true,SRC-SYNTH,2026-09-13T00:00:00+08:00,0.9,synthetic,not_applicable,,team_generated,false,dev
EVT-S040-37,USER-S040,skill_practice,2026-06-14T16:00:00Z,SKILL-025,RES-0131,,2,completed,positive,progressing,low,完成技能练习并记录反思,1.2.0,synthetic,true,SRC-SYNTH,2026-09-13T00:00:00+08:00,0.9,synthetic,not_applicable,,team_generated,false,dev
EVT-S040-38,USER-S040,inactivity,2026-07-01T16:00:00Z,SKILL-048,,,-4,attention_needed,frustrated,learning_stalled,medium,超过设定周期未产生学习证据，触发技能衰减,1.2.0,synthetic,true,SRC-SYNTH,2026-09-13T00:00:00+08:00,0.9,synthetic,not_applicable,,team_generated,false,dev
EVT-S040-39,USER-S040,reminder_response,2026-07-18T16:00:00Z,SKILL-001,,,0,completed,neutral,active,low,响应任务提醒并更新完成状态,1.2.0,synthetic,true,SRC-SYNTH,2026-09-13T00:00:00+08:00,0.9,synthetic,not_applicable,,team_generated,false,dev
EVT-S040-40,USER-S040,profile_recalculated,2026-08-04T16:00:00Z,SKILL-011,,,0,completed,neutral,active,low,根据新证据重算画像与岗位匹配度,1.2.0,synthetic,true,SRC-SYNTH,2026-09-13T00:00:00+08:00,0.9,synthetic,not_applicable,,team_generated,false,dev
EVT-S041-01,USER-S041,onboarding,2024-10-10T16:00:00Z,,,,0,completed,neutral,active,low,完成基础信息和学习约束录入,1.2.0,synthetic,true,SRC-SYNTH,2026-09-13T00:00:00+08:00,0.9,synthetic,not_applicable,,team_generated,false,dev
EVT-S041-02,USER-S041,skill_assessment,2024-10-27T16:00:00Z,SKILL-043,,,3,completed,positive,progressing,low,完成能力测评并生成可解释证据,1.2.0,synthetic,true,SRC-SYNTH,2026-09-13T00:00:00+08:00,0.9,synthetic,not_applicable,,team_generated,false,dev
EVT-S041-03,USER-S041,course_started,2024-11-13T16:00:00Z,SKILL-007,RES-0113,,0,completed,neutral,active,low,开始一项与目标能力相关的课程,1.2.0,synthetic,true,SRC-SYNTH,2026-09-13T00:00:00+08:00,0.9,synthetic,not_applicable,,team_generated,false,dev
EVT-S041-04,USER-S041,task_completed,2024-11-30T16:00:00Z,SKILL-025,RES-0009,,2,completed,positive,progressing,low,完成本周学习任务,1.2.0,synthetic,true,SRC-SYNTH,2026-09-13T00:00:00+08:00,0.9,synthetic,not_applicable,,team_generated,false,dev
EVT-S041-05,USER-S041,skill_practice,2024-12-17T16:00:00Z,SKILL-028,RES-0148,,2,completed,positive,progressing,low,完成技能练习并记录反思,1.2.0,synthetic,true,SRC-SYNTH,2026-09-13T00:00:00+08:00,0.9,synthetic,not_applicable,,team_generated,false,dev
EVT-S041-06,USER-S041,course_completed,2025-01-03T16:00:00Z,SKILL-034,RES-0200,,6,completed,positive,progressing,low,完成课程并提交学习总结,1.2.0,synthetic,true,SRC-SYNTH,2026-09-13T00:00:00+08:00,0.9,synthetic,not_applicable,,team_generated,false,dev
EVT-S041-07,USER-S041,project_started,2025-01-20T16:00:00Z,SKILL-037,RES-0203,,0,completed,neutral,active,low,启动实践项目并确认里程碑,1.2.0,synthetic,true,SRC-SYNTH,2026-09-13T00:00:00+08:00,0.9,synthetic,not_applicable,,team_generated,false,dev
EVT-S041-08,USER-S041,job_viewed,2025-02-06T16:00:00Z,,,JOB-AI-APP-0087,0,completed,neutral,active,low,查看目标岗位及能力要求,1.2.0,synthetic,true,SRC-SYNTH,2026-09-13T00:00:00+08:00,0.9,synthetic,not_applicable,,team_generated,false,dev
EVT-S041-09,USER-S041,feedback_submitted,2025-02-23T16:00:00Z,SKILL-007,,,0,completed,neutral,active,low,提交计划难度和推荐相关性反馈,1.2.0,synthetic,true,SRC-SYNTH,2026-09-13T00:00:00+08:00,0.9,synthetic,not_applicable,,team_generated,false,dev
EVT-S041-10,USER-S041,task_completed,2025-03-12T16:00:00Z,SKILL-025,RES-0145,,2,completed,positive,progressing,low,完成本周学习任务,1.2.0,synthetic,true,SRC-SYNTH,2026-09-13T00:00:00+08:00,0.9,synthetic,not_applicable,,team_generated,false,dev
EVT-S041-11,USER-S041,project_completed,2025-03-29T16:00:00Z,SKILL-028,RES-0134,,8,completed,positive,progressing,low,完成项目、说明文档和复盘,1.2.0,synthetic,true,SRC-SYNTH,2026-09-13T00:00:00+08:00,0.9,synthetic,not_applicable,,team_generated,false,dev
EVT-S041-12,USER-S041,profile_recalculated,2025-04-15T16:00:00Z,SKILL-034,,,0,completed,neutral,active,low,根据新证据重算画像与岗位匹配度,1.2.0,synthetic,true,SRC-SYNTH,2026-09-13T00:00:00+08:00,0.9,synthetic,not_applicable,,team_generated,false,dev
EVT-S041-13,USER-S041,job_saved,2025-05-02T16:00:00Z,,,JOB-AI-APP-0013,0,completed,neutral,active,low,收藏一个模拟目标岗位,1.2.0,synthetic,true,SRC-SYNTH,2026-09-13T00:00:00+08:00,0.9,synthetic,not_applicable,,team_generated,false,dev
EVT-S041-14,USER-S041,application_submitted,2025-05-19T16:00:00Z,,,JOB-AI-APP-0014,0,completed,neutral,active,low,向模拟岗位提交申请,1.2.0,synthetic,true,SRC-SYNTH,2026-09-13T00:00:00+08:00,0.9,synthetic,not_applicable,,team_generated,false,dev
EVT-S041-15,USER-S041,interview_result,2025-06-05T16:00:00Z,,,JOB-AI-APP-0015,0,completed,disappointed,active,low,记录模拟面试反馈,1.2.0,synthetic,true,SRC-SYNTH,2026-09-13T00:00:00+08:00,0.9,synthetic,not_applicable,,team_generated,false,dev
EVT-S041-16,USER-S041,plan_adjusted,2025-06-22T16:00:00Z,SKILL-025,,,0,completed,neutral,plan_rebalanced,low,根据时间和反馈调整学习计划,1.2.0,synthetic,true,SRC-SYNTH,2026-09-13T00:00:00+08:00,0.9,synthetic,not_applicable,,team_generated,false,dev
EVT-S041-17,USER-S041,skill_practice,2025-07-09T16:00:00Z,SKILL-028,RES-0448,,2,completed,positive,progressing,low,完成技能练习并记录反思,1.2.0,synthetic,true,SRC-SYNTH,2026-09-13T00:00:00+08:00,0.9,synthetic,not_applicable,,team_generated,false,dev
EVT-S041-18,USER-S041,inactivity,2025-07-26T16:00:00Z,SKILL-034,,,-4,attention_needed,frustrated,learning_stalled,medium,超过设定周期未产生学习证据，触发技能衰减,1.2.0,synthetic,true,SRC-SYNTH,2026-09-13T00:00:00+08:00,0.9,synthetic,not_applicable,,team_generated,false,dev
EVT-S041-19,USER-S041,reminder_response,2025-08-12T16:00:00Z,SKILL-037,,,0,completed,neutral,active,low,响应任务提醒并更新完成状态,1.2.0,synthetic,true,SRC-SYNTH,2026-09-13T00:00:00+08:00,0.9,synthetic,not_applicable,,team_generated,false,dev
EVT-S041-20,USER-S041,profile_recalculated,2025-08-29T16:00:00Z,SKILL-043,,,0,completed,neutral,active,low,根据新证据重算画像与岗位匹配度,1.2.0,synthetic,true,SRC-SYNTH,2026-09-13T00:00:00+08:00,0.9,synthetic,not_applicable,,team_generated,false,dev
EVT-S041-21,USER-S041,onboarding,2025-09-15T16:00:00Z,,,,0,completed,neutral,active,low,完成基础信息和学习约束录入,1.2.0,synthetic,true,SRC-SYNTH,2026-09-13T00:00:00+08:00,0.9,synthetic,not_applicable,,team_generated,false,dev
EVT-S041-22,USER-S041,skill_assessment,2025-10-02T16:00:00Z,SKILL-025,,,3,completed,positive,progressing,low,完成能力测评并生成可解释证据,1.2.0,synthetic,true,SRC-SYNTH,2026-09-13T00:00:00+08:00,0.9,synthetic,not_applicable,,team_generated,false,dev
EVT-S041-23,USER-S041,course_started,2025-10-19T16:00:00Z,SKILL-028,RES-0134,,0,completed,neutral,active,low,开始一项与目标能力相关的课程,1.2.0,synthetic,true,SRC-SYNTH,2026-09-13T00:00:00+08:00,0.9,synthetic,not_applicable,,team_generated,false,dev
EVT-S041-24,USER-S041,task_completed,2025-11-05T16:00:00Z,SKILL-034,RES-0154,,2,completed,positive,progressing,low,完成本周学习任务,1.2.0,synthetic,true,SRC-SYNTH,2026-09-13T00:00:00+08:00,0.9,synthetic,not_applicable,,team_generated,false,dev
EVT-S041-25,USER-S041,skill_practice,2025-11-22T16:00:00Z,SKILL-037,RES-0143,,2,completed,positive,progressing,low,完成技能练习并记录反思,1.2.0,synthetic,true,SRC-SYNTH,2026-09-13T00:00:00+08:00,0.9,synthetic,not_applicable,,team_generated,false,dev
EVT-S041-26,USER-S041,course_completed,2025-12-09T16:00:00Z,SKILL-043,RES-0163,,6,completed,positive,progressing,low,完成课程并提交学习总结,1.2.0,synthetic,true,SRC-SYNTH,2026-09-13T00:00:00+08:00,0.9,synthetic,not_applicable,,team_generated,false,dev
EVT-S041-27,USER-S041,project_started,2025-12-26T16:00:00Z,SKILL-007,RES-0173,,0,completed,neutral,active,low,启动实践项目并确认里程碑,1.2.0,synthetic,true,SRC-SYNTH,2026-09-13T00:00:00+08:00,0.9,synthetic,not_applicable,,team_generated,false,dev
EVT-S041-28,USER-S041,job_viewed,2026-01-12T16:00:00Z,,,JOB-AI-APP-0028,0,completed,neutral,active,low,查看目标岗位及能力要求,1.2.0,synthetic,true,SRC-SYNTH,2026-09-13T00:00:00+08:00,0.9,synthetic,not_applicable,,team_generated,false,dev
EVT-S041-29,USER-S041,feedback_submitted,2026-01-29T16:00:00Z,SKILL-028,,,0,completed,neutral,active,low,提交计划难度和推荐相关性反馈,1.2.0,synthetic,true,SRC-SYNTH,2026-09-13T00:00:00+08:00,0.9,synthetic,not_applicable,,team_generated,false,dev
EVT-S041-30,USER-S041,task_completed,2026-02-15T16:00:00Z,SKILL-034,RES-0440,,2,completed,positive,progressing,low,完成本周学习任务,1.2.0,synthetic,true,SRC-SYNTH,2026-09-13T00:00:00+08:00,0.9,synthetic,not_applicable,,team_generated,false,dev
EVT-S041-31,USER-S041,project_completed,2026-03-04T16:00:00Z,SKILL-037,RES-0143,,8,completed,positive,progressing,low,完成项目、说明文档和复盘,1.2.0,synthetic,true,SRC-SYNTH,2026-09-13T00:00:00+08:00,0.9,synthetic,not_applicable,,team_generated,false,dev
EVT-S041-32,USER-S041,profile_recalculated,2026-03-21T16:00:00Z,SKILL-043,,,0,completed,neutral,active,low,根据新证据重算画像与岗位匹配度,1.2.0,synthetic,true,SRC-SYNTH,2026-09-13T00:00:00+08:00,0.9,synthetic,not_applicable,,team_generated,false,dev
EVT-S041-33,USER-S041,job_saved,2026-04-07T16:00:00Z,,,JOB-AI-APP-0033,0,completed,neutral,active,low,收藏一个模拟目标岗位,1.2.0,synthetic,true,SRC-SYNTH,2026-09-13T00:00:00+08:00,0.9,synthetic,not_applicable,,team_generated,false,dev
EVT-S041-34,USER-S041,application_submitted,2026-04-24T16:00:00Z,,,JOB-AI-APP-0034,0,completed,neutral,active,low,向模拟岗位提交申请,1.2.0,synthetic,true,SRC-SYNTH,2026-09-13T00:00:00+08:00,0.9,synthetic,not_applicable,,team_generated,false,dev
EVT-S041-35,USER-S041,interview_result,2026-05-11T16:00:00Z,,,JOB-AI-APP-0035,0,completed,disappointed,active,low,记录模拟面试反馈,1.2.0,synthetic,true,SRC-SYNTH,2026-09-13T00:00:00+08:00,0.9,synthetic,not_applicable,,team_generated,false,dev
EVT-S041-36,USER-S041,plan_adjusted,2026-05-28T16:00:00Z,SKILL-034,,,0,completed,neutral,plan_rebalanced,low,根据时间和反馈调整学习计划,1.2.0,synthetic,true,SRC-SYNTH,2026-09-13T00:00:00+08:00,0.9,synthetic,not_applicable,,team_generated,false,dev
EVT-S041-37,USER-S041,skill_practice,2026-06-14T16:00:00Z,SKILL-037,RES-0037,,2,completed,positive,progressing,low,完成技能练习并记录反思,1.2.0,synthetic,true,SRC-SYNTH,2026-09-13T00:00:00+08:00,0.9,synthetic,not_applicable,,team_generated,false,dev
EVT-S041-38,USER-S041,inactivity,2026-07-01T16:00:00Z,SKILL-043,,,-4,attention_needed,frustrated,learning_stalled,medium,超过设定周期未产生学习证据，触发技能衰减,1.2.0,synthetic,true,SRC-SYNTH,2026-09-13T00:00:00+08:00,0.9,synthetic,not_applicable,,team_generated,false,dev
EVT-S041-39,USER-S041,reminder_response,2026-07-18T16:00:00Z,SKILL-007,,,0,completed,neutral,active,low,响应任务提醒并更新完成状态,1.2.0,synthetic,true,SRC-SYNTH,2026-09-13T00:00:00+08:00,0.9,synthetic,not_applicable,,team_generated,false,dev
EVT-S041-40,USER-S041,profile_recalculated,2026-08-04T16:00:00Z,SKILL-025,,,0,completed,neutral,active,low,根据新证据重算画像与岗位匹配度,1.2.0,synthetic,true,SRC-SYNTH,2026-09-13T00:00:00+08:00,0.9,synthetic,not_applicable,,team_generated,false,dev
EVT-S042-01,USER-S042,onboarding,2024-10-10T16:00:00Z,,,,0,completed,neutral,active,low,完成基础信息和学习约束录入,1.2.0,synthetic,true,SRC-SYNTH,2026-09-13T00:00:00+08:00,0.9,synthetic,not_applicable,,team_generated,false,dev
EVT-S042-02,USER-S042,skill_assessment,2024-10-27T16:00:00Z,SKILL-054,,,3,completed,positive,progressing,low,完成能力测评并生成可解释证据,1.2.0,synthetic,true,SRC-SYNTH,2026-09-13T00:00:00+08:00,0.9,synthetic,not_applicable,,team_generated,false,dev
EVT-S042-03,USER-S042,course_started,2024-11-13T16:00:00Z,SKILL-010,RES-0190,,0,completed,neutral,active,low,开始一项与目标能力相关的课程,1.2.0,synthetic,true,SRC-SYNTH,2026-09-13T00:00:00+08:00,0.9,synthetic,not_applicable,,team_generated,false,dev
EVT-S042-04,USER-S042,task_completed,2024-11-30T16:00:00Z,SKILL-013,RES-0133,,2,completed,positive,progressing,low,完成本周学习任务,1.2.0,synthetic,true,SRC-SYNTH,2026-09-13T00:00:00+08:00,0.9,synthetic,not_applicable,,team_generated,false,dev
EVT-S042-05,USER-S042,skill_practice,2024-12-17T16:00:00Z,SKILL-016,RES-0182,,2,completed,positive,progressing,low,完成技能练习并记录反思,1.2.0,synthetic,true,SRC-SYNTH,2026-09-13T00:00:00+08:00,0.9,synthetic,not_applicable,,team_generated,false,dev
EVT-S042-06,USER-S042,course_completed,2025-01-03T16:00:00Z,SKILL-043,RES-0163,,6,completed,positive,progressing,low,完成课程并提交学习总结,1.2.0,synthetic,true,SRC-SYNTH,2026-09-13T00:00:00+08:00,0.9,synthetic,not_applicable,,team_generated,false,dev
EVT-S042-07,USER-S042,project_started,2025-01-20T16:00:00Z,SKILL-046,RES-0166,,0,completed,neutral,active,low,启动实践项目并确认里程碑,1.2.0,synthetic,true,SRC-SYNTH,2026-09-13T00:00:00+08:00,0.9,synthetic,not_applicable,,team_generated,false,dev
EVT-S042-08,USER-S042,job_viewed,2025-02-06T16:00:00Z,,,JOB-DATA-0087,0,completed,neutral,active,low,查看目标岗位及能力要求,1.2.0,synthetic,true,SRC-SYNTH,2026-09-13T00:00:00+08:00,0.9,synthetic,not_applicable,,team_generated,false,dev
EVT-S042-09,USER-S042,feedback_submitted,2025-02-23T16:00:00Z,SKILL-010,,,0,completed,neutral,active,low,提交计划难度和推荐相关性反馈,1.2.0,synthetic,true,SRC-SYNTH,2026-09-13T00:00:00+08:00,0.9,synthetic,not_applicable,,team_generated,false,dev
EVT-S042-10,USER-S042,task_completed,2025-03-12T16:00:00Z,SKILL-013,RES-0553,,2,completed,positive,progressing,low,完成本周学习任务,1.2.0,synthetic,true,SRC-SYNTH,2026-09-13T00:00:00+08:00,0.9,synthetic,not_applicable,,team_generated,false,dev
EVT-S042-11,USER-S042,project_completed,2025-03-29T16:00:00Z,SKILL-016,RES-0076,,8,completed,positive,progressing,low,完成项目、说明文档和复盘,1.2.0,synthetic,true,SRC-SYNTH,2026-09-13T00:00:00+08:00,0.9,synthetic,not_applicable,,team_generated,false,dev
EVT-S042-12,USER-S042,profile_recalculated,2025-04-15T16:00:00Z,SKILL-043,,,0,completed,neutral,active,low,根据新证据重算画像与岗位匹配度,1.2.0,synthetic,true,SRC-SYNTH,2026-09-13T00:00:00+08:00,0.9,synthetic,not_applicable,,team_generated,false,dev
EVT-S042-13,USER-S042,job_saved,2025-05-02T16:00:00Z,,,JOB-DATA-0013,0,completed,neutral,active,low,收藏一个模拟目标岗位,1.2.0,synthetic,true,SRC-SYNTH,2026-09-13T00:00:00+08:00,0.9,synthetic,not_applicable,,team_generated,false,dev
EVT-S042-14,USER-S042,application_submitted,2025-05-19T16:00:00Z,,,JOB-DATA-0014,0,completed,neutral,active,low,向模拟岗位提交申请,1.2.0,synthetic,true,SRC-SYNTH,2026-09-13T00:00:00+08:00,0.9,synthetic,not_applicable,,team_generated,false,dev
EVT-S042-15,USER-S042,interview_result,2025-06-05T16:00:00Z,,,JOB-DATA-0015,0,completed,disappointed,active,low,记录模拟面试反馈,1.2.0,synthetic,true,SRC-SYNTH,2026-09-13T00:00:00+08:00,0.9,synthetic,not_applicable,,team_generated,false,dev
EVT-S042-16,USER-S042,plan_adjusted,2025-06-22T16:00:00Z,SKILL-013,,,0,completed,neutral,plan_rebalanced,low,根据时间和反馈调整学习计划,1.2.0,synthetic,true,SRC-SYNTH,2026-09-13T00:00:00+08:00,0.9,synthetic,not_applicable,,team_generated,false,dev
EVT-S042-17,USER-S042,skill_practice,2025-07-09T16:00:00Z,SKILL-016,RES-0542,,2,completed,positive,progressing,low,完成技能练习并记录反思,1.2.0,synthetic,true,SRC-SYNTH,2026-09-13T00:00:00+08:00,0.9,synthetic,not_applicable,,team_generated,false,dev
EVT-S042-18,USER-S042,inactivity,2025-07-26T16:00:00Z,SKILL-043,,,-4,attention_needed,frustrated,learning_stalled,medium,超过设定周期未产生学习证据，触发技能衰减,1.2.0,synthetic,true,SRC-SYNTH,2026-09-13T00:00:00+08:00,0.9,synthetic,not_applicable,,team_generated,false,dev
EVT-S042-19,USER-S042,reminder_response,2025-08-12T16:00:00Z,SKILL-046,,,0,completed,neutral,active,low,响应任务提醒并更新完成状态,1.2.0,synthetic,true,SRC-SYNTH,2026-09-13T00:00:00+08:00,0.9,synthetic,not_applicable,,team_generated,false,dev
EVT-S042-20,USER-S042,profile_recalculated,2025-08-29T16:00:00Z,SKILL-054,,,0,completed,neutral,active,low,根据新证据重算画像与岗位匹配度,1.2.0,synthetic,true,SRC-SYNTH,2026-09-13T00:00:00+08:00,0.9,synthetic,not_applicable,,team_generated,false,dev
EVT-S042-21,USER-S042,onboarding,2025-09-15T16:00:00Z,,,,0,completed,neutral,active,low,完成基础信息和学习约束录入,1.2.0,synthetic,true,SRC-SYNTH,2026-09-13T00:00:00+08:00,0.9,synthetic,not_applicable,,team_generated,false,dev
EVT-S042-22,USER-S042,skill_assessment,2025-10-02T16:00:00Z,SKILL-013,,,3,completed,positive,progressing,low,完成能力测评并生成可解释证据,1.2.0,synthetic,true,SRC-SYNTH,2026-09-13T00:00:00+08:00,0.9,synthetic,not_applicable,,team_generated,false,dev
EVT-S042-23,USER-S042,course_started,2025-10-19T16:00:00Z,SKILL-016,RES-0182,,0,completed,neutral,active,low,开始一项与目标能力相关的课程,1.2.0,synthetic,true,SRC-SYNTH,2026-09-13T00:00:00+08:00,0.9,synthetic,not_applicable,,team_generated,false,dev
EVT-S042-24,USER-S042,task_completed,2025-11-05T16:00:00Z,SKILL-043,RES-0163,,2,completed,positive,progressing,low,完成本周学习任务,1.2.0,synthetic,true,SRC-SYNTH,2026-09-13T00:00:00+08:00,0.9,synthetic,not_applicable,,team_generated,false,dev
EVT-S042-25,USER-S042,skill_practice,2025-11-22T16:00:00Z,SKILL-046,RES-0092,,2,completed,positive,progressing,low,完成技能练习并记录反思,1.2.0,synthetic,true,SRC-SYNTH,2026-09-13T00:00:00+08:00,0.9,synthetic,not_applicable,,team_generated,false,dev
EVT-S042-26,USER-S042,course_completed,2025-12-09T16:00:00Z,SKILL-054,RES-0167,,6,completed,positive,progressing,low,完成课程并提交学习总结,1.2.0,synthetic,true,SRC-SYNTH,2026-09-13T00:00:00+08:00,0.9,synthetic,not_applicable,,team_generated,false,dev
EVT-S042-27,USER-S042,project_started,2025-12-26T16:00:00Z,SKILL-010,RES-0190,,0,completed,neutral,active,low,启动实践项目并确认里程碑,1.2.0,synthetic,true,SRC-SYNTH,2026-09-13T00:00:00+08:00,0.9,synthetic,not_applicable,,team_generated,false,dev
EVT-S042-28,USER-S042,job_viewed,2026-01-12T16:00:00Z,,,JOB-DATA-0028,0,completed,neutral,active,low,查看目标岗位及能力要求,1.2.0,synthetic,true,SRC-SYNTH,2026-09-13T00:00:00+08:00,0.9,synthetic,not_applicable,,team_generated,false,dev
EVT-S042-29,USER-S042,feedback_submitted,2026-01-29T16:00:00Z,SKILL-016,,,0,completed,neutral,active,low,提交计划难度和推荐相关性反馈,1.2.0,synthetic,true,SRC-SYNTH,2026-09-13T00:00:00+08:00,0.9,synthetic,not_applicable,,team_generated,false,dev
EVT-S042-30,USER-S042,task_completed,2026-02-15T16:00:00Z,SKILL-043,RES-0449,,2,completed,positive,progressing,low,完成本周学习任务,1.2.0,synthetic,true,SRC-SYNTH,2026-09-13T00:00:00+08:00,0.9,synthetic,not_applicable,,team_generated,false,dev
EVT-S042-31,USER-S042,project_completed,2026-03-04T16:00:00Z,SKILL-046,RES-0010,,8,completed,positive,progressing,low,完成项目、说明文档和复盘,1.2.0,synthetic,true,SRC-SYNTH,2026-09-13T00:00:00+08:00,0.9,synthetic,not_applicable,,team_generated,false,dev
EVT-S042-32,USER-S042,profile_recalculated,2026-03-21T16:00:00Z,SKILL-054,,,0,completed,neutral,active,low,根据新证据重算画像与岗位匹配度,1.2.0,synthetic,true,SRC-SYNTH,2026-09-13T00:00:00+08:00,0.9,synthetic,not_applicable,,team_generated,false,dev
EVT-S042-33,USER-S042,job_saved,2026-04-07T16:00:00Z,,,JOB-DATA-0033,0,completed,neutral,active,low,收藏一个模拟目标岗位,1.2.0,synthetic,true,SRC-SYNTH,2026-09-13T00:00:00+08:00,0.9,synthetic,not_applicable,,team_generated,false,dev
EVT-S042-34,USER-S042,application_submitted,2026-04-24T16:00:00Z,,,JOB-DATA-0034,0,completed,neutral,active,low,向模拟岗位提交申请,1.2.0,synthetic,true,SRC-SYNTH,2026-09-13T00:00:00+08:00,0.9,synthetic,not_applicable,,team_generated,false,dev
EVT-S042-35,USER-S042,interview_result,2026-05-11T16:00:00Z,,,JOB-DATA-0035,0,completed,disappointed,active,low,记录模拟面试反馈,1.2.0,synthetic,true,SRC-SYNTH,2026-09-13T00:00:00+08:00,0.9,synthetic,not_applicable,,team_generated,false,dev
EVT-S042-36,USER-S042,plan_adjusted,2026-05-28T16:00:00Z,SKILL-043,,,0,completed,neutral,plan_rebalanced,low,根据时间和反馈调整学习计划,1.2.0,synthetic,true,SRC-SYNTH,2026-09-13T00:00:00+08:00,0.9,synthetic,not_applicable,,team_generated,false,dev
EVT-S042-37,USER-S042,skill_practice,2026-06-14T16:00:00Z,SKILL-046,RES-0452,,2,completed,positive,progressing,low,完成技能练习并记录反思,1.2.0,synthetic,true,SRC-SYNTH,2026-09-13T00:00:00+08:00,0.9,synthetic,not_applicable,,team_generated,false,dev
EVT-S042-38,USER-S042,inactivity,2026-07-01T16:00:00Z,SKILL-054,,,-4,attention_needed,frustrated,learning_stalled,medium,超过设定周期未产生学习证据，触发技能衰减,1.2.0,synthetic,true,SRC-SYNTH,2026-09-13T00:00:00+08:00,0.9,synthetic,not_applicable,,team_generated,false,dev
EVT-S042-39,USER-S042,reminder_response,2026-07-18T16:00:00Z,SKILL-010,,,0,completed,neutral,active,low,响应任务提醒并更新完成状态,1.2.0,synthetic,true,SRC-SYNTH,2026-09-13T00:00:00+08:00,0.9,synthetic,not_applicable,,team_generated,false,dev
EVT-S042-40,USER-S042,profile_recalculated,2026-08-04T16:00:00Z,SKILL-013,,,0,completed,neutral,active,low,根据新证据重算画像与岗位匹配度,1.2.0,synthetic,true,SRC-SYNTH,2026-09-13T00:00:00+08:00,0.9,synthetic,not_applicable,,team_generated,false,dev
EVT-S043-01,USER-S043,onboarding,2024-10-10T16:00:00Z,,,,0,completed,neutral,active,low,完成基础信息和学习约束录入,1.2.0,synthetic,true,SRC-SYNTH,2026-09-13T00:00:00+08:00,0.9,synthetic,not_applicable,,team_generated,false,dev
EVT-S043-02,USER-S043,skill_assessment,2024-10-27T16:00:00Z,SKILL-001,,,3,completed,positive,progressing,low,完成能力测评并生成可解释证据,1.2.0,synthetic,true,SRC-SYNTH,2026-09-13T00:00:00+08:00,0.9,synthetic,not_applicable,,team_generated,false,dev
EVT-S043-03,USER-S043,course_started,2024-11-13T16:00:00Z,SKILL-011,RES-0124,,0,completed,neutral,active,low,开始一项与目标能力相关的课程,1.2.0,synthetic,true,SRC-SYNTH,2026-09-13T00:00:00+08:00,0.9,synthetic,not_applicable,,team_generated,false,dev
EVT-S043-04,USER-S043,task_completed,2024-11-30T16:00:00Z,SKILL-019,RES-0004,,2,completed,positive,progressing,low,完成本周学习任务,1.2.0,synthetic,true,SRC-SYNTH,2026-09-13T00:00:00+08:00,0.9,synthetic,not_applicable,,team_generated,false,dev
EVT-S043-05,USER-S043,skill_practice,2024-12-17T16:00:00Z,SKILL-022,RES-0142,,2,completed,positive,progressing,low,完成技能练习并记录反思,1.2.0,synthetic,true,SRC-SYNTH,2026-09-13T00:00:00+08:00,0.9,synthetic,not_applicable,,team_generated,false,dev
EVT-S043-06,USER-S043,course_completed,2025-01-03T16:00:00Z,SKILL-025,RES-0018,,6,completed,positive,progressing,low,完成课程并提交学习总结,1.2.0,synthetic,true,SRC-SYNTH,2026-09-13T00:00:00+08:00,0.9,synthetic,not_applicable,,team_generated,false,dev
EVT-S043-07,USER-S043,project_started,2025-01-20T16:00:00Z,SKILL-048,RES-0168,,0,completed,neutral,active,low,启动实践项目并确认里程碑,1.2.0,synthetic,true,SRC-SYNTH,2026-09-13T00:00:00+08:00,0.9,synthetic,not_applicable,,team_generated,false,dev
EVT-S043-08,USER-S043,job_viewed,2025-02-06T16:00:00Z,,,JOB-AI-ALG-0087,0,completed,neutral,active,low,查看目标岗位及能力要求,1.2.0,synthetic,true,SRC-SYNTH,2026-09-13T00:00:00+08:00,0.9,synthetic,not_applicable,,team_generated,false,dev
EVT-S043-09,USER-S043,feedback_submitted,2025-02-23T16:00:00Z,SKILL-011,,,0,completed,neutral,active,low,提交计划难度和推荐相关性反馈,1.2.0,synthetic,true,SRC-SYNTH,2026-09-13T00:00:00+08:00,0.9,synthetic,not_applicable,,team_generated,false,dev
EVT-S043-10,USER-S043,task_completed,2025-03-12T16:00:00Z,SKILL-019,RES-0139,,2,completed,positive,progressing,low,完成本周学习任务,1.2.0,synthetic,true,SRC-SYNTH,2026-09-13T00:00:00+08:00,0.9,synthetic,not_applicable,,team_generated,false,dev
EVT-S043-11,USER-S043,project_completed,2025-03-29T16:00:00Z,SKILL-022,RES-0001,,8,completed,positive,progressing,low,完成项目、说明文档和复盘,1.2.0,synthetic,true,SRC-SYNTH,2026-09-13T00:00:00+08:00,0.9,synthetic,not_applicable,,team_generated,false,dev
EVT-S043-12,USER-S043,profile_recalculated,2025-04-15T16:00:00Z,SKILL-025,,,0,completed,neutral,active,low,根据新证据重算画像与岗位匹配度,1.2.0,synthetic,true,SRC-SYNTH,2026-09-13T00:00:00+08:00,0.9,synthetic,not_applicable,,team_generated,false,dev
EVT-S043-13,USER-S043,job_saved,2025-05-02T16:00:00Z,,,JOB-AI-ALG-0013,0,completed,neutral,active,low,收藏一个模拟目标岗位,1.2.0,synthetic,true,SRC-SYNTH,2026-09-13T00:00:00+08:00,0.9,synthetic,not_applicable,,team_generated,false,dev
EVT-S043-14,USER-S043,application_submitted,2025-05-19T16:00:00Z,,,JOB-AI-ALG-0014,0,completed,neutral,active,low,向模拟岗位提交申请,1.2.0,synthetic,true,SRC-SYNTH,2026-09-13T00:00:00+08:00,0.9,synthetic,not_applicable,,team_generated,false,dev
EVT-S043-15,USER-S043,interview_result,2025-06-05T16:00:00Z,,,JOB-AI-ALG-0015,0,completed,disappointed,active,low,记录模拟面试反馈,1.2.0,synthetic,true,SRC-SYNTH,2026-09-13T00:00:00+08:00,0.9,synthetic,not_applicable,,team_generated,false,dev
EVT-S043-16,USER-S043,plan_adjusted,2025-06-22T16:00:00Z,SKILL-019,,,0,completed,neutral,plan_rebalanced,low,根据时间和反馈调整学习计划,1.2.0,synthetic,true,SRC-SYNTH,2026-09-13T00:00:00+08:00,0.9,synthetic,not_applicable,,team_generated,false,dev
EVT-S043-17,USER-S043,skill_practice,2025-07-09T16:00:00Z,SKILL-022,RES-0442,,2,completed,positive,progressing,low,完成技能练习并记录反思,1.2.0,synthetic,true,SRC-SYNTH,2026-09-13T00:00:00+08:00,0.9,synthetic,not_applicable,,team_generated,false,dev
EVT-S043-18,USER-S043,inactivity,2025-07-26T16:00:00Z,SKILL-025,,,-4,attention_needed,frustrated,learning_stalled,medium,超过设定周期未产生学习证据，触发技能衰减,1.2.0,synthetic,true,SRC-SYNTH,2026-09-13T00:00:00+08:00,0.9,synthetic,not_applicable,,team_generated,false,dev
EVT-S043-19,USER-S043,reminder_response,2025-08-12T16:00:00Z,SKILL-048,,,0,completed,neutral,active,low,响应任务提醒并更新完成状态,1.2.0,synthetic,true,SRC-SYNTH,2026-09-13T00:00:00+08:00,0.9,synthetic,not_applicable,,team_generated,false,dev
EVT-S043-20,USER-S043,profile_recalculated,2025-08-29T16:00:00Z,SKILL-001,,,0,completed,neutral,active,low,根据新证据重算画像与岗位匹配度,1.2.0,synthetic,true,SRC-SYNTH,2026-09-13T00:00:00+08:00,0.9,synthetic,not_applicable,,team_generated,false,dev
EVT-S043-21,USER-S043,onboarding,2025-09-15T16:00:00Z,,,,0,completed,neutral,active,low,完成基础信息和学习约束录入,1.2.0,synthetic,true,SRC-SYNTH,2026-09-13T00:00:00+08:00,0.9,synthetic,not_applicable,,team_generated,false,dev
EVT-S043-22,USER-S043,skill_assessment,2025-10-02T16:00:00Z,SKILL-019,,,3,completed,positive,progressing,low,完成能力测评并生成可解释证据,1.2.0,synthetic,true,SRC-SYNTH,2026-09-13T00:00:00+08:00,0.9,synthetic,not_applicable,,team_generated,false,dev
EVT-S043-23,USER-S043,course_started,2025-10-19T16:00:00Z,SKILL-022,RES-0002,,0,completed,neutral,active,low,开始一项与目标能力相关的课程,1.2.0,synthetic,true,SRC-SYNTH,2026-09-13T00:00:00+08:00,0.9,synthetic,not_applicable,,team_generated,false,dev
EVT-S043-24,USER-S043,task_completed,2025-11-05T16:00:00Z,SKILL-025,RES-0431,,2,completed,positive,progressing,low,完成本周学习任务,1.2.0,synthetic,true,SRC-SYNTH,2026-09-13T00:00:00+08:00,0.9,synthetic,not_applicable,,team_generated,false,dev
EVT-S043-25,USER-S043,skill_practice,2025-11-22T16:00:00Z,SKILL-048,RES-0041,,2,completed,positive,progressing,low,完成技能练习并记录反思,1.2.0,synthetic,true,SRC-SYNTH,2026-09-13T00:00:00+08:00,0.9,synthetic,not_applicable,,team_generated,false,dev
EVT-S043-26,USER-S043,course_completed,2025-12-09T16:00:00Z,SKILL-001,RES-0121,,6,completed,positive,progressing,low,完成课程并提交学习总结,1.2.0,synthetic,true,SRC-SYNTH,2026-09-13T00:00:00+08:00,0.9,synthetic,not_applicable,,team_generated,false,dev
EVT-S043-27,USER-S043,project_started,2025-12-26T16:00:00Z,SKILL-011,RES-0551,,0,completed,neutral,active,low,启动实践项目并确认里程碑,1.2.0,synthetic,true,SRC-SYNTH,2026-09-13T00:00:00+08:00,0.9,synthetic,not_applicable,,team_generated,false,dev
EVT-S043-28,USER-S043,job_viewed,2026-01-12T16:00:00Z,,,JOB-AI-ALG-0028,0,completed,neutral,active,low,查看目标岗位及能力要求,1.2.0,synthetic,true,SRC-SYNTH,2026-09-13T00:00:00+08:00,0.9,synthetic,not_applicable,,team_generated,false,dev
EVT-S043-29,USER-S043,feedback_submitted,2026-01-29T16:00:00Z,SKILL-022,,,0,completed,neutral,active,low,提交计划难度和推荐相关性反馈,1.2.0,synthetic,true,SRC-SYNTH,2026-09-13T00:00:00+08:00,0.9,synthetic,not_applicable,,team_generated,false,dev
EVT-S043-30,USER-S043,task_completed,2026-02-15T16:00:00Z,SKILL-025,RES-0006,,2,completed,positive,progressing,low,完成本周学习任务,1.2.0,synthetic,true,SRC-SYNTH,2026-09-13T00:00:00+08:00,0.9,synthetic,not_applicable,,team_generated,false,dev
EVT-S043-31,USER-S043,project_completed,2026-03-04T16:00:00Z,SKILL-048,RES-0161,,8,completed,positive,progressing,low,完成项目、说明文档和复盘,1.2.0,synthetic,true,SRC-SYNTH,2026-09-13T00:00:00+08:00,0.9,synthetic,not_applicable,,team_generated,false,dev
EVT-S043-32,USER-S043,profile_recalculated,2026-03-21T16:00:00Z,SKILL-001,,,0,completed,neutral,active,low,根据新证据重算画像与岗位匹配度,1.2.0,synthetic,true,SRC-SYNTH,2026-09-13T00:00:00+08:00,0.9,synthetic,not_applicable,,team_generated,false,dev
EVT-S043-33,USER-S043,job_saved,2026-04-07T16:00:00Z,,,JOB-AI-ALG-0033,0,completed,neutral,active,low,收藏一个模拟目标岗位,1.2.0,synthetic,true,SRC-SYNTH,2026-09-13T00:00:00+08:00,0.9,synthetic,not_applicable,,team_generated,false,dev
EVT-S043-34,USER-S043,application_submitted,2026-04-24T16:00:00Z,,,JOB-AI-ALG-0034,0,completed,neutral,active,low,向模拟岗位提交申请,1.2.0,synthetic,true,SRC-SYNTH,2026-09-13T00:00:00+08:00,0.9,synthetic,not_applicable,,team_generated,false,dev
EVT-S043-35,USER-S043,interview_result,2026-05-11T16:00:00Z,,,JOB-AI-ALG-0035,0,completed,disappointed,active,low,记录模拟面试反馈,1.2.0,synthetic,true,SRC-SYNTH,2026-09-13T00:00:00+08:00,0.9,synthetic,not_applicable,,team_generated,false,dev
EVT-S043-36,USER-S043,plan_adjusted,2026-05-28T16:00:00Z,SKILL-025,,,0,completed,neutral,plan_rebalanced,low,根据时间和反馈调整学习计划,1.2.0,synthetic,true,SRC-SYNTH,2026-09-13T00:00:00+08:00,0.9,synthetic,not_applicable,,team_generated,false,dev
EVT-S043-37,USER-S043,skill_practice,2026-06-14T16:00:00Z,SKILL-048,RES-0041,,2,completed,positive,progressing,low,完成技能练习并记录反思,1.2.0,synthetic,true,SRC-SYNTH,2026-09-13T00:00:00+08:00,0.9,synthetic,not_applicable,,team_generated,false,dev
EVT-S043-38,USER-S043,inactivity,2026-07-01T16:00:00Z,SKILL-001,,,-4,attention_needed,frustrated,learning_stalled,medium,超过设定周期未产生学习证据，触发技能衰减,1.2.0,synthetic,true,SRC-SYNTH,2026-09-13T00:00:00+08:00,0.9,synthetic,not_applicable,,team_generated,false,dev
EVT-S043-39,USER-S043,reminder_response,2026-07-18T16:00:00Z,SKILL-011,,,0,completed,neutral,active,low,响应任务提醒并更新完成状态,1.2.0,synthetic,true,SRC-SYNTH,2026-09-13T00:00:00+08:00,0.9,synthetic,not_applicable,,team_generated,false,dev
EVT-S043-40,USER-S043,profile_recalculated,2026-08-04T16:00:00Z,SKILL-019,,,0,completed,neutral,active,low,根据新证据重算画像与岗位匹配度,1.2.0,synthetic,true,SRC-SYNTH,2026-09-13T00:00:00+08:00,0.9,synthetic,not_applicable,,team_generated,false,dev
EVT-S044-01,USER-S044,onboarding,2024-10-10T16:00:00Z,,,,0,completed,neutral,active,low,完成基础信息和学习约束录入,1.2.0,synthetic,true,SRC-SYNTH,2026-09-13T00:00:00+08:00,0.9,synthetic,not_applicable,,team_generated,false,dev
EVT-S044-02,USER-S044,skill_assessment,2024-10-27T16:00:00Z,SKILL-007,,,3,completed,positive,progressing,low,完成能力测评并生成可解释证据,1.2.0,synthetic,true,SRC-SYNTH,2026-09-13T00:00:00+08:00,0.9,synthetic,not_applicable,,team_generated,false,dev
EVT-S044-03,USER-S044,course_started,2024-11-13T16:00:00Z,SKILL-025,RES-0008,,0,completed,neutral,active,low,开始一项与目标能力相关的课程,1.2.0,synthetic,true,SRC-SYNTH,2026-09-13T00:00:00+08:00,0.9,synthetic,not_applicable,,team_generated,false,dev
EVT-S044-04,USER-S044,task_completed,2024-11-30T16:00:00Z,SKILL-028,RES-0134,,2,completed,positive,progressing,low,完成本周学习任务,1.2.0,synthetic,true,SRC-SYNTH,2026-09-13T00:00:00+08:00,0.9,synthetic,not_applicable,,team_generated,false,dev
EVT-S044-05,USER-S044,skill_practice,2024-12-17T16:00:00Z,SKILL-034,RES-0154,,2,completed,positive,progressing,low,完成技能练习并记录反思,1.2.0,synthetic,true,SRC-SYNTH,2026-09-13T00:00:00+08:00,0.9,synthetic,not_applicable,,team_generated,false,dev
EVT-S044-06,USER-S044,course_completed,2025-01-03T16:00:00Z,SKILL-037,RES-0157,,6,completed,positive,progressing,low,完成课程并提交学习总结,1.2.0,synthetic,true,SRC-SYNTH,2026-09-13T00:00:00+08:00,0.9,synthetic,not_applicable,,team_generated,false,dev
EVT-S044-07,USER-S044,project_started,2025-01-20T16:00:00Z,SKILL-043,RES-0043,,0,completed,neutral,active,low,启动实践项目并确认里程碑,1.2.0,synthetic,true,SRC-SYNTH,2026-09-13T00:00:00+08:00,0.9,synthetic,not_applicable,,team_generated,false,dev
EVT-S044-08,USER-S044,job_viewed,2025-02-06T16:00:00Z,,,JOB-AI-APP-0087,0,completed,neutral,active,low,查看目标岗位及能力要求,1.2.0,synthetic,true,SRC-SYNTH,2026-09-13T00:00:00+08:00,0.9,synthetic,not_applicable,,team_generated,false,dev
EVT-S044-09,USER-S044,feedback_submitted,2025-02-23T16:00:00Z,SKILL-025,,,0,completed,neutral,active,low,提交计划难度和推荐相关性反馈,1.2.0,synthetic,true,SRC-SYNTH,2026-09-13T00:00:00+08:00,0.9,synthetic,not_applicable,,team_generated,false,dev
EVT-S044-10,USER-S044,task_completed,2025-03-12T16:00:00Z,SKILL-028,RES-0314,,2,completed,positive,progressing,low,完成本周学习任务,1.2.0,synthetic,true,SRC-SYNTH,2026-09-13T00:00:00+08:00,0.9,synthetic,not_applicable,,team_generated,false,dev
EVT-S044-11,USER-S044,project_completed,2025-03-29T16:00:00Z,SKILL-034,RES-0034,,8,completed,positive,progressing,low,完成项目、说明文档和复盘,1.2.0,synthetic,true,SRC-SYNTH,2026-09-13T00:00:00+08:00,0.9,synthetic,not_applicable,,team_generated,false,dev
EVT-S044-12,USER-S044,profile_recalculated,2025-04-15T16:00:00Z,SKILL-037,,,0,completed,neutral,active,low,根据新证据重算画像与岗位匹配度,1.2.0,synthetic,true,SRC-SYNTH,2026-09-13T00:00:00+08:00,0.9,synthetic,not_applicable,,team_generated,false,dev
EVT-S044-13,USER-S044,job_saved,2025-05-02T16:00:00Z,,,JOB-AI-APP-0013,0,completed,neutral,active,low,收藏一个模拟目标岗位,1.2.0,synthetic,true,SRC-SYNTH,2026-09-13T00:00:00+08:00,0.9,synthetic,not_applicable,,team_generated,false,dev
EVT-S044-14,USER-S044,application_submitted,2025-05-19T16:00:00Z,,,JOB-AI-APP-0014,0,completed,neutral,active,low,向模拟岗位提交申请,1.2.0,synthetic,true,SRC-SYNTH,2026-09-13T00:00:00+08:00,0.9,synthetic,not_applicable,,team_generated,false,dev
EVT-S044-15,USER-S044,interview_result,2025-06-05T16:00:00Z,,,JOB-AI-APP-0015,0,completed,disappointed,active,low,记录模拟面试反馈,1.2.0,synthetic,true,SRC-SYNTH,2026-09-13T00:00:00+08:00,0.9,synthetic,not_applicable,,team_generated,false,dev
EVT-S044-16,USER-S044,plan_adjusted,2025-06-22T16:00:00Z,SKILL-028,,,0,completed,neutral,plan_rebalanced,low,根据时间和反馈调整学习计划,1.2.0,synthetic,true,SRC-SYNTH,2026-09-13T00:00:00+08:00,0.9,synthetic,not_applicable,,team_generated,false,dev
EVT-S044-17,USER-S044,skill_practice,2025-07-09T16:00:00Z,SKILL-034,RES-0140,,2,completed,positive,progressing,low,完成技能练习并记录反思,1.2.0,synthetic,true,SRC-SYNTH,2026-09-13T00:00:00+08:00,0.9,synthetic,not_applicable,,team_generated,false,dev
EVT-S044-18,USER-S044,inactivity,2025-07-26T16:00:00Z,SKILL-037,,,-4,attention_needed,frustrated,learning_stalled,medium,超过设定周期未产生学习证据，触发技能衰减,1.2.0,synthetic,true,SRC-SYNTH,2026-09-13T00:00:00+08:00,0.9,synthetic,not_applicable,,team_generated,false,dev
EVT-S044-19,USER-S044,reminder_response,2025-08-12T16:00:00Z,SKILL-043,,,0,completed,neutral,active,low,响应任务提醒并更新完成状态,1.2.0,synthetic,true,SRC-SYNTH,2026-09-13T00:00:00+08:00,0.9,synthetic,not_applicable,,team_generated,false,dev
EVT-S044-20,USER-S044,profile_recalculated,2025-08-29T16:00:00Z,SKILL-007,,,0,completed,neutral,active,low,根据新证据重算画像与岗位匹配度,1.2.0,synthetic,true,SRC-SYNTH,2026-09-13T00:00:00+08:00,0.9,synthetic,not_applicable,,team_generated,false,dev
EVT-S044-21,USER-S044,onboarding,2025-09-15T16:00:00Z,,,,0,completed,neutral,active,low,完成基础信息和学习约束录入,1.2.0,synthetic,true,SRC-SYNTH,2026-09-13T00:00:00+08:00,0.9,synthetic,not_applicable,,team_generated,false,dev
EVT-S044-22,USER-S044,skill_assessment,2025-10-02T16:00:00Z,SKILL-028,,,3,completed,positive,progressing,low,完成能力测评并生成可解释证据,1.2.0,synthetic,true,SRC-SYNTH,2026-09-13T00:00:00+08:00,0.9,synthetic,not_applicable,,team_generated,false,dev
EVT-S044-23,USER-S044,course_started,2025-10-19T16:00:00Z,SKILL-034,RES-0140,,0,completed,neutral,active,low,开始一项与目标能力相关的课程,1.2.0,synthetic,true,SRC-SYNTH,2026-09-13T00:00:00+08:00,0.9,synthetic,not_applicable,,team_generated,false,dev
EVT-S044-24,USER-S044,task_completed,2025-11-05T16:00:00Z,SKILL-037,RES-0143,,2,completed,positive,progressing,low,完成本周学习任务,1.2.0,synthetic,true,SRC-SYNTH,2026-09-13T00:00:00+08:00,0.9,synthetic,not_applicable,,team_generated,false,dev
EVT-S044-25,USER-S044,skill_practice,2025-11-22T16:00:00Z,SKILL-043,RES-0149,,2,completed,positive,progressing,low,完成技能练习并记录反思,1.2.0,synthetic,true,SRC-SYNTH,2026-09-13T00:00:00+08:00,0.9,synthetic,not_applicable,,team_generated,false,dev
EVT-S044-26,USER-S044,course_completed,2025-12-09T16:00:00Z,SKILL-007,RES-0127,,6,completed,positive,progressing,low,完成课程并提交学习总结,1.2.0,synthetic,true,SRC-SYNTH,2026-09-13T00:00:00+08:00,0.9,synthetic,not_applicable,,team_generated,false,dev
EVT-S044-27,USER-S044,project_started,2025-12-26T16:00:00Z,SKILL-025,RES-0445,,0,completed,neutral,active,low,启动实践项目并确认里程碑,1.2.0,synthetic,true,SRC-SYNTH,2026-09-13T00:00:00+08:00,0.9,synthetic,not_applicable,,team_generated,false,dev
EVT-S044-28,USER-S044,job_viewed,2026-01-12T16:00:00Z,,,JOB-AI-APP-0028,0,completed,neutral,active,low,查看目标岗位及能力要求,1.2.0,synthetic,true,SRC-SYNTH,2026-09-13T00:00:00+08:00,0.9,synthetic,not_applicable,,team_generated,false,dev
EVT-S044-29,USER-S044,feedback_submitted,2026-01-29T16:00:00Z,SKILL-034,,,0,completed,neutral,active,low,提交计划难度和推荐相关性反馈,1.2.0,synthetic,true,SRC-SYNTH,2026-09-13T00:00:00+08:00,0.9,synthetic,not_applicable,,team_generated,false,dev
EVT-S044-30,USER-S044,task_completed,2026-02-15T16:00:00Z,SKILL-037,RES-0277,,2,completed,positive,progressing,low,完成本周学习任务,1.2.0,synthetic,true,SRC-SYNTH,2026-09-13T00:00:00+08:00,0.9,synthetic,not_applicable,,team_generated,false,dev
EVT-S044-31,USER-S044,project_completed,2026-03-04T16:00:00Z,SKILL-043,RES-0029,,8,completed,positive,progressing,low,完成项目、说明文档和复盘,1.2.0,synthetic,true,SRC-SYNTH,2026-09-13T00:00:00+08:00,0.9,synthetic,not_applicable,,team_generated,false,dev
EVT-S044-32,USER-S044,profile_recalculated,2026-03-21T16:00:00Z,SKILL-007,,,0,completed,neutral,active,low,根据新证据重算画像与岗位匹配度,1.2.0,synthetic,true,SRC-SYNTH,2026-09-13T00:00:00+08:00,0.9,synthetic,not_applicable,,team_generated,false,dev
EVT-S044-33,USER-S044,job_saved,2026-04-07T16:00:00Z,,,JOB-AI-APP-0033,0,completed,neutral,active,low,收藏一个模拟目标岗位,1.2.0,synthetic,true,SRC-SYNTH,2026-09-13T00:00:00+08:00,0.9,synthetic,not_applicable,,team_generated,false,dev
EVT-S044-34,USER-S044,application_submitted,2026-04-24T16:00:00Z,,,JOB-AI-APP-0034,0,completed,neutral,active,low,向模拟岗位提交申请,1.2.0,synthetic,true,SRC-SYNTH,2026-09-13T00:00:00+08:00,0.9,synthetic,not_applicable,,team_generated,false,dev
EVT-S044-35,USER-S044,interview_result,2026-05-11T16:00:00Z,,,JOB-AI-APP-0035,0,completed,disappointed,active,low,记录模拟面试反馈,1.2.0,synthetic,true,SRC-SYNTH,2026-09-13T00:00:00+08:00,0.9,synthetic,not_applicable,,team_generated,false,dev
EVT-S044-36,USER-S044,plan_adjusted,2026-05-28T16:00:00Z,SKILL-037,,,0,completed,neutral,plan_rebalanced,low,根据时间和反馈调整学习计划,1.2.0,synthetic,true,SRC-SYNTH,2026-09-13T00:00:00+08:00,0.9,synthetic,not_applicable,,team_generated,false,dev
EVT-S044-37,USER-S044,skill_practice,2026-06-14T16:00:00Z,SKILL-043,RES-0043,,2,completed,positive,progressing,low,完成技能练习并记录反思,1.2.0,synthetic,true,SRC-SYNTH,2026-09-13T00:00:00+08:00,0.9,synthetic,not_applicable,,team_generated,false,dev
EVT-S044-38,USER-S044,inactivity,2026-07-01T16:00:00Z,SKILL-007,,,-4,attention_needed,frustrated,learning_stalled,medium,超过设定周期未产生学习证据，触发技能衰减,1.2.0,synthetic,true,SRC-SYNTH,2026-09-13T00:00:00+08:00,0.9,synthetic,not_applicable,,team_generated,false,dev
EVT-S044-39,USER-S044,reminder_response,2026-07-18T16:00:00Z,SKILL-025,,,0,completed,neutral,active,low,响应任务提醒并更新完成状态,1.2.0,synthetic,true,SRC-SYNTH,2026-09-13T00:00:00+08:00,0.9,synthetic,not_applicable,,team_generated,false,dev
EVT-S044-40,USER-S044,profile_recalculated,2026-08-04T16:00:00Z,SKILL-028,,,0,completed,neutral,active,low,根据新证据重算画像与岗位匹配度,1.2.0,synthetic,true,SRC-SYNTH,2026-09-13T00:00:00+08:00,0.9,synthetic,not_applicable,,team_generated,false,dev
EVT-N001-01,USER-N001,onboarding,2024-10-10T16:00:00Z,,,,0,completed,neutral,active,low,完成基础信息和学习约束录入,1.2.0,synthetic,true,SRC-SYNTH,2026-09-13T00:00:00+08:00,0.9,synthetic,not_applicable,,team_generated,false,dev
EVT-N001-02,USER-N001,skill_assessment,2024-10-27T16:00:00Z,SKILL-043,,,3,completed,positive,progressing,low,完成能力测评并生成可解释证据,1.2.0,synthetic,true,SRC-SYNTH,2026-09-13T00:00:00+08:00,0.9,synthetic,not_applicable,,team_generated,false,dev
EVT-N001-03,USER-N001,course_started,2024-11-13T16:00:00Z,SKILL-007,RES-0113,,0,completed,neutral,active,low,开始一项与目标能力相关的课程,1.2.0,synthetic,true,SRC-SYNTH,2026-09-13T00:00:00+08:00,0.9,synthetic,not_applicable,,team_generated,false,dev
EVT-N001-04,USER-N001,task_completed,2024-11-30T16:00:00Z,SKILL-025,RES-0009,,2,completed,positive,progressing,low,完成本周学习任务,1.2.0,synthetic,true,SRC-SYNTH,2026-09-13T00:00:00+08:00,0.9,synthetic,not_applicable,,team_generated,false,dev
EVT-N001-05,USER-N001,skill_practice,2024-12-17T16:00:00Z,SKILL-028,RES-0148,,2,completed,positive,progressing,low,完成技能练习并记录反思,1.2.0,synthetic,true,SRC-SYNTH,2026-09-13T00:00:00+08:00,0.9,synthetic,not_applicable,,team_generated,false,dev
EVT-N001-06,USER-N001,course_completed,2025-01-03T16:00:00Z,SKILL-034,RES-0200,,6,completed,positive,progressing,low,完成课程并提交学习总结,1.2.0,synthetic,true,SRC-SYNTH,2026-09-13T00:00:00+08:00,0.9,synthetic,not_applicable,,team_generated,false,dev
EVT-N001-07,USER-N001,project_started,2025-01-20T16:00:00Z,SKILL-037,RES-0203,,0,completed,neutral,active,low,启动实践项目并确认里程碑,1.2.0,synthetic,true,SRC-SYNTH,2026-09-13T00:00:00+08:00,0.9,synthetic,not_applicable,,team_generated,false,dev
EVT-N001-08,USER-N001,job_viewed,2025-02-06T16:00:00Z,,,JOB-AI-APP-0087,0,completed,neutral,active,low,查看目标岗位及能力要求,1.2.0,synthetic,true,SRC-SYNTH,2026-09-13T00:00:00+08:00,0.9,synthetic,not_applicable,,team_generated,false,dev
EVT-N001-09,USER-N001,feedback_submitted,2025-02-23T16:00:00Z,SKILL-007,,,0,completed,neutral,active,low,提交计划难度和推荐相关性反馈,1.2.0,synthetic,true,SRC-SYNTH,2026-09-13T00:00:00+08:00,0.9,synthetic,not_applicable,,team_generated,false,dev
EVT-N001-10,USER-N001,task_completed,2025-03-12T16:00:00Z,SKILL-025,RES-0145,,2,completed,positive,progressing,low,完成本周学习任务,1.2.0,synthetic,true,SRC-SYNTH,2026-09-13T00:00:00+08:00,0.9,synthetic,not_applicable,,team_generated,false,dev
EVT-N001-11,USER-N001,project_completed,2025-03-29T16:00:00Z,SKILL-028,RES-0134,,8,completed,positive,progressing,low,完成项目、说明文档和复盘,1.2.0,synthetic,true,SRC-SYNTH,2026-09-13T00:00:00+08:00,0.9,synthetic,not_applicable,,team_generated,false,dev
EVT-N001-12,USER-N001,profile_recalculated,2025-04-15T16:00:00Z,SKILL-034,,,0,completed,neutral,active,low,根据新证据重算画像与岗位匹配度,1.2.0,synthetic,true,SRC-SYNTH,2026-09-13T00:00:00+08:00,0.9,synthetic,not_applicable,,team_generated,false,dev
EVT-N001-13,USER-N001,job_saved,2025-05-02T16:00:00Z,,,JOB-AI-APP-0013,0,completed,neutral,active,low,收藏一个模拟目标岗位,1.2.0,synthetic,true,SRC-SYNTH,2026-09-13T00:00:00+08:00,0.9,synthetic,not_applicable,,team_generated,false,dev
EVT-N001-14,USER-N001,application_submitted,2025-05-19T16:00:00Z,,,JOB-AI-APP-0014,0,completed,neutral,active,low,向模拟岗位提交申请,1.2.0,synthetic,true,SRC-SYNTH,2026-09-13T00:00:00+08:00,0.9,synthetic,not_applicable,,team_generated,false,dev
EVT-N001-15,USER-N001,interview_result,2025-06-05T16:00:00Z,,,JOB-AI-APP-0015,0,completed,disappointed,active,low,记录模拟面试反馈,1.2.0,synthetic,true,SRC-SYNTH,2026-09-13T00:00:00+08:00,0.9,synthetic,not_applicable,,team_generated,false,dev
EVT-N001-16,USER-N001,plan_adjusted,2025-06-22T16:00:00Z,SKILL-025,,,0,completed,neutral,plan_rebalanced,low,根据时间和反馈调整学习计划,1.2.0,synthetic,true,SRC-SYNTH,2026-09-13T00:00:00+08:00,0.9,synthetic,not_applicable,,team_generated,false,dev
EVT-N001-17,USER-N001,skill_practice,2025-07-09T16:00:00Z,SKILL-028,RES-0448,,2,completed,positive,progressing,low,完成技能练习并记录反思,1.2.0,synthetic,true,SRC-SYNTH,2026-09-13T00:00:00+08:00,0.9,synthetic,not_applicable,,team_generated,false,dev
EVT-N001-18,USER-N001,inactivity,2025-07-26T16:00:00Z,SKILL-034,,,-4,attention_needed,frustrated,learning_stalled,medium,超过设定周期未产生学习证据，触发技能衰减,1.2.0,synthetic,true,SRC-SYNTH,2026-09-13T00:00:00+08:00,0.9,synthetic,not_applicable,,team_generated,false,dev
EVT-N001-19,USER-N001,reminder_response,2025-08-12T16:00:00Z,SKILL-037,,,0,completed,neutral,active,low,响应任务提醒并更新完成状态,1.2.0,synthetic,true,SRC-SYNTH,2026-09-13T00:00:00+08:00,0.9,synthetic,not_applicable,,team_generated,false,dev
EVT-N001-20,USER-N001,profile_recalculated,2025-08-29T16:00:00Z,SKILL-043,,,0,completed,neutral,active,low,根据新证据重算画像与岗位匹配度,1.2.0,synthetic,true,SRC-SYNTH,2026-09-13T00:00:00+08:00,0.9,synthetic,not_applicable,,team_generated,false,dev
EVT-N001-21,USER-N001,onboarding,2025-09-15T16:00:00Z,,,,0,completed,neutral,active,low,完成基础信息和学习约束录入,1.2.0,synthetic,true,SRC-SYNTH,2026-09-13T00:00:00+08:00,0.9,synthetic,not_applicable,,team_generated,false,dev
EVT-N001-22,USER-N001,skill_assessment,2025-10-02T16:00:00Z,SKILL-025,,,3,completed,positive,progressing,low,完成能力测评并生成可解释证据,1.2.0,synthetic,true,SRC-SYNTH,2026-09-13T00:00:00+08:00,0.9,synthetic,not_applicable,,team_generated,false,dev
EVT-N001-23,USER-N001,course_started,2025-10-19T16:00:00Z,SKILL-028,RES-0134,,0,completed,neutral,active,low,开始一项与目标能力相关的课程,1.2.0,synthetic,true,SRC-SYNTH,2026-09-13T00:00:00+08:00,0.9,synthetic,not_applicable,,team_generated,false,dev
EVT-N001-24,USER-N001,task_completed,2025-11-05T16:00:00Z,SKILL-034,RES-0154,,2,completed,positive,progressing,low,完成本周学习任务,1.2.0,synthetic,true,SRC-SYNTH,2026-09-13T00:00:00+08:00,0.9,synthetic,not_applicable,,team_generated,false,dev
EVT-N001-25,USER-N001,skill_practice,2025-11-22T16:00:00Z,SKILL-037,RES-0143,,2,completed,positive,progressing,low,完成技能练习并记录反思,1.2.0,synthetic,true,SRC-SYNTH,2026-09-13T00:00:00+08:00,0.9,synthetic,not_applicable,,team_generated,false,dev
EVT-N001-26,USER-N001,course_completed,2025-12-09T16:00:00Z,SKILL-043,RES-0163,,6,completed,positive,progressing,low,完成课程并提交学习总结,1.2.0,synthetic,true,SRC-SYNTH,2026-09-13T00:00:00+08:00,0.9,synthetic,not_applicable,,team_generated,false,dev
EVT-N001-27,USER-N001,project_started,2025-12-26T16:00:00Z,SKILL-007,RES-0173,,0,completed,neutral,active,low,启动实践项目并确认里程碑,1.2.0,synthetic,true,SRC-SYNTH,2026-09-13T00:00:00+08:00,0.9,synthetic,not_applicable,,team_generated,false,dev
EVT-N001-28,USER-N001,job_viewed,2026-01-12T16:00:00Z,,,JOB-AI-APP-0028,0,completed,neutral,active,low,查看目标岗位及能力要求,1.2.0,synthetic,true,SRC-SYNTH,2026-09-13T00:00:00+08:00,0.9,synthetic,not_applicable,,team_generated,false,dev
EVT-N001-29,USER-N001,feedback_submitted,2026-01-29T16:00:00Z,SKILL-028,,,0,completed,neutral,active,low,提交计划难度和推荐相关性反馈,1.2.0,synthetic,true,SRC-SYNTH,2026-09-13T00:00:00+08:00,0.9,synthetic,not_applicable,,team_generated,false,dev
EVT-N001-30,USER-N001,task_completed,2026-02-15T16:00:00Z,SKILL-034,RES-0440,,2,completed,positive,progressing,low,完成本周学习任务,1.2.0,synthetic,true,SRC-SYNTH,2026-09-13T00:00:00+08:00,0.9,synthetic,not_applicable,,team_generated,false,dev
EVT-N001-31,USER-N001,project_completed,2026-03-04T16:00:00Z,SKILL-037,RES-0143,,8,completed,positive,progressing,low,完成项目、说明文档和复盘,1.2.0,synthetic,true,SRC-SYNTH,2026-09-13T00:00:00+08:00,0.9,synthetic,not_applicable,,team_generated,false,dev
EVT-N001-32,USER-N001,profile_recalculated,2026-03-21T16:00:00Z,SKILL-043,,,0,completed,neutral,active,low,根据新证据重算画像与岗位匹配度,1.2.0,synthetic,true,SRC-SYNTH,2026-09-13T00:00:00+08:00,0.9,synthetic,not_applicable,,team_generated,false,dev
EVT-N001-33,USER-N001,job_saved,2026-04-07T16:00:00Z,,,JOB-AI-APP-0033,0,completed,neutral,active,low,收藏一个模拟目标岗位,1.2.0,synthetic,true,SRC-SYNTH,2026-09-13T00:00:00+08:00,0.9,synthetic,not_applicable,,team_generated,false,dev
EVT-N001-34,USER-N001,application_submitted,2026-04-24T16:00:00Z,,,JOB-AI-APP-0034,0,completed,neutral,active,low,向模拟岗位提交申请,1.2.0,synthetic,true,SRC-SYNTH,2026-09-13T00:00:00+08:00,0.9,synthetic,not_applicable,,team_generated,false,dev
EVT-N001-35,USER-N001,interview_result,2026-05-11T16:00:00Z,,,JOB-AI-APP-0035,0,completed,disappointed,active,low,记录模拟面试反馈,1.2.0,synthetic,true,SRC-SYNTH,2026-09-13T00:00:00+08:00,0.9,synthetic,not_applicable,,team_generated,false,dev
EVT-N001-36,USER-N001,plan_adjusted,2026-05-28T16:00:00Z,SKILL-034,,,0,completed,neutral,plan_rebalanced,low,根据时间和反馈调整学习计划,1.2.0,synthetic,true,SRC-SYNTH,2026-09-13T00:00:00+08:00,0.9,synthetic,not_applicable,,team_generated,false,dev
EVT-N001-37,USER-N001,skill_practice,2026-06-14T16:00:00Z,SKILL-037,RES-0037,,2,completed,positive,progressing,low,完成技能练习并记录反思,1.2.0,synthetic,true,SRC-SYNTH,2026-09-13T00:00:00+08:00,0.9,synthetic,not_applicable,,team_generated,false,dev
EVT-N001-38,USER-N001,inactivity,2026-07-01T16:00:00Z,SKILL-043,,,-4,attention_needed,frustrated,learning_stalled,medium,超过设定周期未产生学习证据，触发技能衰减,1.2.0,synthetic,true,SRC-SYNTH,2026-09-13T00:00:00+08:00,0.9,synthetic,not_applicable,,team_generated,false,dev
EVT-N001-39,USER-N001,reminder_response,2026-07-18T16:00:00Z,SKILL-007,,,0,completed,neutral,active,low,响应任务提醒并更新完成状态,1.2.0,synthetic,true,SRC-SYNTH,2026-09-13T00:00:00+08:00,0.9,synthetic,not_applicable,,team_generated,false,dev
EVT-N001-40,USER-N001,profile_recalculated,2026-08-04T16:00:00Z,SKILL-025,,,0,completed,neutral,active,low,根据新证据重算画像与岗位匹配度,1.2.0,synthetic,true,SRC-SYNTH,2026-09-13T00:00:00+08:00,0.9,synthetic,not_applicable,,team_generated,false,dev
EVT-N002-01,USER-N002,onboarding,2024-10-10T16:00:00Z,,,,0,completed,neutral,active,low,完成基础信息和学习约束录入,1.2.0,synthetic,true,SRC-SYNTH,2026-09-13T00:00:00+08:00,0.9,synthetic,not_applicable,,team_generated,false,dev
EVT-N002-02,USER-N002,skill_assessment,2024-10-27T16:00:00Z,SKILL-054,,,3,completed,positive,progressing,low,完成能力测评并生成可解释证据,1.2.0,synthetic,true,SRC-SYNTH,2026-09-13T00:00:00+08:00,0.9,synthetic,not_applicable,,team_generated,false,dev
EVT-N002-03,USER-N002,course_started,2024-11-13T16:00:00Z,SKILL-010,RES-0190,,0,completed,neutral,active,low,开始一项与目标能力相关的课程,1.2.0,synthetic,true,SRC-SYNTH,2026-09-13T00:00:00+08:00,0.9,synthetic,not_applicable,,team_generated,false,dev
EVT-N002-04,USER-N002,task_completed,2024-11-30T16:00:00Z,SKILL-013,RES-0133,,2,completed,positive,progressing,low,完成本周学习任务,1.2.0,synthetic,true,SRC-SYNTH,2026-09-13T00:00:00+08:00,0.9,synthetic,not_applicable,,team_generated,false,dev
EVT-N002-05,USER-N002,skill_practice,2024-12-17T16:00:00Z,SKILL-016,RES-0182,,2,completed,positive,progressing,low,完成技能练习并记录反思,1.2.0,synthetic,true,SRC-SYNTH,2026-09-13T00:00:00+08:00,0.9,synthetic,not_applicable,,team_generated,false,dev
EVT-N002-06,USER-N002,course_completed,2025-01-03T16:00:00Z,SKILL-043,RES-0163,,6,completed,positive,progressing,low,完成课程并提交学习总结,1.2.0,synthetic,true,SRC-SYNTH,2026-09-13T00:00:00+08:00,0.9,synthetic,not_applicable,,team_generated,false,dev
EVT-N002-07,USER-N002,project_started,2025-01-20T16:00:00Z,SKILL-046,RES-0166,,0,completed,neutral,active,low,启动实践项目并确认里程碑,1.2.0,synthetic,true,SRC-SYNTH,2026-09-13T00:00:00+08:00,0.9,synthetic,not_applicable,,team_generated,false,dev
EVT-N002-08,USER-N002,job_viewed,2025-02-06T16:00:00Z,,,JOB-DATA-0087,0,completed,neutral,active,low,查看目标岗位及能力要求,1.2.0,synthetic,true,SRC-SYNTH,2026-09-13T00:00:00+08:00,0.9,synthetic,not_applicable,,team_generated,false,dev
EVT-N002-09,USER-N002,feedback_submitted,2025-02-23T16:00:00Z,SKILL-010,,,0,completed,neutral,active,low,提交计划难度和推荐相关性反馈,1.2.0,synthetic,true,SRC-SYNTH,2026-09-13T00:00:00+08:00,0.9,synthetic,not_applicable,,team_generated,false,dev
EVT-N002-10,USER-N002,task_completed,2025-03-12T16:00:00Z,SKILL-013,RES-0553,,2,completed,positive,progressing,low,完成本周学习任务,1.2.0,synthetic,true,SRC-SYNTH,2026-09-13T00:00:00+08:00,0.9,synthetic,not_applicable,,team_generated,false,dev
EVT-N002-11,USER-N002,project_completed,2025-03-29T16:00:00Z,SKILL-016,RES-0076,,8,completed,positive,progressing,low,完成项目、说明文档和复盘,1.2.0,synthetic,true,SRC-SYNTH,2026-09-13T00:00:00+08:00,0.9,synthetic,not_applicable,,team_generated,false,dev
EVT-N002-12,USER-N002,profile_recalculated,2025-04-15T16:00:00Z,SKILL-043,,,0,completed,neutral,active,low,根据新证据重算画像与岗位匹配度,1.2.0,synthetic,true,SRC-SYNTH,2026-09-13T00:00:00+08:00,0.9,synthetic,not_applicable,,team_generated,false,dev
EVT-N002-13,USER-N002,job_saved,2025-05-02T16:00:00Z,,,JOB-DATA-0013,0,completed,neutral,active,low,收藏一个模拟目标岗位,1.2.0,synthetic,true,SRC-SYNTH,2026-09-13T00:00:00+08:00,0.9,synthetic,not_applicable,,team_generated,false,dev
EVT-N002-14,USER-N002,application_submitted,2025-05-19T16:00:00Z,,,JOB-DATA-0014,0,completed,neutral,active,low,向模拟岗位提交申请,1.2.0,synthetic,true,SRC-SYNTH,2026-09-13T00:00:00+08:00,0.9,synthetic,not_applicable,,team_generated,false,dev
EVT-N002-15,USER-N002,interview_result,2025-06-05T16:00:00Z,,,JOB-DATA-0015,0,completed,disappointed,active,low,记录模拟面试反馈,1.2.0,synthetic,true,SRC-SYNTH,2026-09-13T00:00:00+08:00,0.9,synthetic,not_applicable,,team_generated,false,dev
EVT-N002-16,USER-N002,plan_adjusted,2025-06-22T16:00:00Z,SKILL-013,,,0,completed,neutral,plan_rebalanced,low,根据时间和反馈调整学习计划,1.2.0,synthetic,true,SRC-SYNTH,2026-09-13T00:00:00+08:00,0.9,synthetic,not_applicable,,team_generated,false,dev
EVT-N002-17,USER-N002,skill_practice,2025-07-09T16:00:00Z,SKILL-016,RES-0542,,2,completed,positive,progressing,low,完成技能练习并记录反思,1.2.0,synthetic,true,SRC-SYNTH,2026-09-13T00:00:00+08:00,0.9,synthetic,not_applicable,,team_generated,false,dev
EVT-N002-18,USER-N002,inactivity,2025-07-26T16:00:00Z,SKILL-043,,,-4,attention_needed,frustrated,learning_stalled,medium,超过设定周期未产生学习证据，触发技能衰减,1.2.0,synthetic,true,SRC-SYNTH,2026-09-13T00:00:00+08:00,0.9,synthetic,not_applicable,,team_generated,false,dev
EVT-N002-19,USER-N002,reminder_response,2025-08-12T16:00:00Z,SKILL-046,,,0,completed,neutral,active,low,响应任务提醒并更新完成状态,1.2.0,synthetic,true,SRC-SYNTH,2026-09-13T00:00:00+08:00,0.9,synthetic,not_applicable,,team_generated,false,dev
EVT-N002-20,USER-N002,profile_recalculated,2025-08-29T16:00:00Z,SKILL-054,,,0,completed,neutral,active,low,根据新证据重算画像与岗位匹配度,1.2.0,synthetic,true,SRC-SYNTH,2026-09-13T00:00:00+08:00,0.9,synthetic,not_applicable,,team_generated,false,dev
EVT-N002-21,USER-N002,onboarding,2025-09-15T16:00:00Z,,,,0,completed,neutral,active,low,完成基础信息和学习约束录入,1.2.0,synthetic,true,SRC-SYNTH,2026-09-13T00:00:00+08:00,0.9,synthetic,not_applicable,,team_generated,false,dev
EVT-N002-22,USER-N002,skill_assessment,2025-10-02T16:00:00Z,SKILL-013,,,3,completed,positive,progressing,low,完成能力测评并生成可解释证据,1.2.0,synthetic,true,SRC-SYNTH,2026-09-13T00:00:00+08:00,0.9,synthetic,not_applicable,,team_generated,false,dev
EVT-N002-23,USER-N002,course_started,2025-10-19T16:00:00Z,SKILL-016,RES-0182,,0,completed,neutral,active,low,开始一项与目标能力相关的课程,1.2.0,synthetic,true,SRC-SYNTH,2026-09-13T00:00:00+08:00,0.9,synthetic,not_applicable,,team_generated,false,dev
EVT-N002-24,USER-N002,task_completed,2025-11-05T16:00:00Z,SKILL-043,RES-0163,,2,completed,positive,progressing,low,完成本周学习任务,1.2.0,synthetic,true,SRC-SYNTH,2026-09-13T00:00:00+08:00,0.9,synthetic,not_applicable,,team_generated,false,dev
EVT-N002-25,USER-N002,skill_practice,2025-11-22T16:00:00Z,SKILL-046,RES-0092,,2,completed,positive,progressing,low,完成技能练习并记录反思,1.2.0,synthetic,true,SRC-SYNTH,2026-09-13T00:00:00+08:00,0.9,synthetic,not_applicable,,team_generated,false,dev
EVT-N002-26,USER-N002,course_completed,2025-12-09T16:00:00Z,SKILL-054,RES-0167,,6,completed,positive,progressing,low,完成课程并提交学习总结,1.2.0,synthetic,true,SRC-SYNTH,2026-09-13T00:00:00+08:00,0.9,synthetic,not_applicable,,team_generated,false,dev
EVT-N002-27,USER-N002,project_started,2025-12-26T16:00:00Z,SKILL-010,RES-0190,,0,completed,neutral,active,low,启动实践项目并确认里程碑,1.2.0,synthetic,true,SRC-SYNTH,2026-09-13T00:00:00+08:00,0.9,synthetic,not_applicable,,team_generated,false,dev
EVT-N002-28,USER-N002,job_viewed,2026-01-12T16:00:00Z,,,JOB-DATA-0028,0,completed,neutral,active,low,查看目标岗位及能力要求,1.2.0,synthetic,true,SRC-SYNTH,2026-09-13T00:00:00+08:00,0.9,synthetic,not_applicable,,team_generated,false,dev
EVT-N002-29,USER-N002,feedback_submitted,2026-01-29T16:00:00Z,SKILL-016,,,0,completed,neutral,active,low,提交计划难度和推荐相关性反馈,1.2.0,synthetic,true,SRC-SYNTH,2026-09-13T00:00:00+08:00,0.9,synthetic,not_applicable,,team_generated,false,dev
EVT-N002-30,USER-N002,task_completed,2026-02-15T16:00:00Z,SKILL-043,RES-0449,,2,completed,positive,progressing,low,完成本周学习任务,1.2.0,synthetic,true,SRC-SYNTH,2026-09-13T00:00:00+08:00,0.9,synthetic,not_applicable,,team_generated,false,dev
EVT-N002-31,USER-N002,project_completed,2026-03-04T16:00:00Z,SKILL-046,RES-0010,,8,completed,positive,progressing,low,完成项目、说明文档和复盘,1.2.0,synthetic,true,SRC-SYNTH,2026-09-13T00:00:00+08:00,0.9,synthetic,not_applicable,,team_generated,false,dev
EVT-N002-32,USER-N002,profile_recalculated,2026-03-21T16:00:00Z,SKILL-054,,,0,completed,neutral,active,low,根据新证据重算画像与岗位匹配度,1.2.0,synthetic,true,SRC-SYNTH,2026-09-13T00:00:00+08:00,0.9,synthetic,not_applicable,,team_generated,false,dev
EVT-N002-33,USER-N002,job_saved,2026-04-07T16:00:00Z,,,JOB-DATA-0033,0,completed,neutral,active,low,收藏一个模拟目标岗位,1.2.0,synthetic,true,SRC-SYNTH,2026-09-13T00:00:00+08:00,0.9,synthetic,not_applicable,,team_generated,false,dev
EVT-N002-34,USER-N002,application_submitted,2026-04-24T16:00:00Z,,,JOB-DATA-0034,0,completed,neutral,active,low,向模拟岗位提交申请,1.2.0,synthetic,true,SRC-SYNTH,2026-09-13T00:00:00+08:00,0.9,synthetic,not_applicable,,team_generated,false,dev
EVT-N002-35,USER-N002,interview_result,2026-05-11T16:00:00Z,,,JOB-DATA-0035,0,completed,disappointed,active,low,记录模拟面试反馈,1.2.0,synthetic,true,SRC-SYNTH,2026-09-13T00:00:00+08:00,0.9,synthetic,not_applicable,,team_generated,false,dev
EVT-N002-36,USER-N002,plan_adjusted,2026-05-28T16:00:00Z,SKILL-043,,,0,completed,neutral,plan_rebalanced,low,根据时间和反馈调整学习计划,1.2.0,synthetic,true,SRC-SYNTH,2026-09-13T00:00:00+08:00,0.9,synthetic,not_applicable,,team_generated,false,dev
EVT-N002-37,USER-N002,skill_practice,2026-06-14T16:00:00Z,SKILL-046,RES-0452,,2,completed,positive,progressing,low,完成技能练习并记录反思,1.2.0,synthetic,true,SRC-SYNTH,2026-09-13T00:00:00+08:00,0.9,synthetic,not_applicable,,team_generated,false,dev
EVT-N002-38,USER-N002,inactivity,2026-07-01T16:00:00Z,SKILL-054,,,-4,attention_needed,frustrated,learning_stalled,medium,超过设定周期未产生学习证据，触发技能衰减,1.2.0,synthetic,true,SRC-SYNTH,2026-09-13T00:00:00+08:00,0.9,synthetic,not_applicable,,team_generated,false,dev
EVT-N002-39,USER-N002,reminder_response,2026-07-18T16:00:00Z,SKILL-010,,,0,completed,neutral,active,low,响应任务提醒并更新完成状态,1.2.0,synthetic,true,SRC-SYNTH,2026-09-13T00:00:00+08:00,0.9,synthetic,not_applicable,,team_generated,false,dev
EVT-N002-40,USER-N002,profile_recalculated,2026-08-04T16:00:00Z,SKILL-013,,,0,completed,neutral,active,low,根据新证据重算画像与岗位匹配度,1.2.0,synthetic,true,SRC-SYNTH,2026-09-13T00:00:00+08:00,0.9,synthetic,not_applicable,,team_generated,false,dev
EVT-N003-01,USER-N003,onboarding,2024-10-10T16:00:00Z,,,,0,completed,neutral,active,low,完成基础信息和学习约束录入,1.2.0,synthetic,true,SRC-SYNTH,2026-09-13T00:00:00+08:00,0.9,synthetic,not_applicable,,team_generated,false,dev
EVT-N003-02,USER-N003,skill_assessment,2024-10-27T16:00:00Z,SKILL-001,,,3,completed,positive,progressing,low,完成能力测评并生成可解释证据,1.2.0,synthetic,true,SRC-SYNTH,2026-09-13T00:00:00+08:00,0.9,synthetic,not_applicable,,team_generated,false,dev
EVT-N003-03,USER-N003,course_started,2024-11-13T16:00:00Z,SKILL-011,RES-0124,,0,completed,neutral,active,low,开始一项与目标能力相关的课程,1.2.0,synthetic,true,SRC-SYNTH,2026-09-13T00:00:00+08:00,0.9,synthetic,not_applicable,,team_generated,false,dev
EVT-N003-04,USER-N003,task_completed,2024-11-30T16:00:00Z,SKILL-019,RES-0004,,2,completed,positive,progressing,low,完成本周学习任务,1.2.0,synthetic,true,SRC-SYNTH,2026-09-13T00:00:00+08:00,0.9,synthetic,not_applicable,,team_generated,false,dev
EVT-N003-05,USER-N003,skill_practice,2024-12-17T16:00:00Z,SKILL-022,RES-0142,,2,completed,positive,progressing,low,完成技能练习并记录反思,1.2.0,synthetic,true,SRC-SYNTH,2026-09-13T00:00:00+08:00,0.9,synthetic,not_applicable,,team_generated,false,dev
EVT-N003-06,USER-N003,course_completed,2025-01-03T16:00:00Z,SKILL-025,RES-0018,,6,completed,positive,progressing,low,完成课程并提交学习总结,1.2.0,synthetic,true,SRC-SYNTH,2026-09-13T00:00:00+08:00,0.9,synthetic,not_applicable,,team_generated,false,dev
EVT-N003-07,USER-N003,project_started,2025-01-20T16:00:00Z,SKILL-048,RES-0168,,0,completed,neutral,active,low,启动实践项目并确认里程碑,1.2.0,synthetic,true,SRC-SYNTH,2026-09-13T00:00:00+08:00,0.9,synthetic,not_applicable,,team_generated,false,dev
EVT-N003-08,USER-N003,job_viewed,2025-02-06T16:00:00Z,,,JOB-AI-ALG-0087,0,completed,neutral,active,low,查看目标岗位及能力要求,1.2.0,synthetic,true,SRC-SYNTH,2026-09-13T00:00:00+08:00,0.9,synthetic,not_applicable,,team_generated,false,dev
EVT-N003-09,USER-N003,feedback_submitted,2025-02-23T16:00:00Z,SKILL-011,,,0,completed,neutral,active,low,提交计划难度和推荐相关性反馈,1.2.0,synthetic,true,SRC-SYNTH,2026-09-13T00:00:00+08:00,0.9,synthetic,not_applicable,,team_generated,false,dev
EVT-N003-10,USER-N003,task_completed,2025-03-12T16:00:00Z,SKILL-019,RES-0139,,2,completed,positive,progressing,low,完成本周学习任务,1.2.0,synthetic,true,SRC-SYNTH,2026-09-13T00:00:00+08:00,0.9,synthetic,not_applicable,,team_generated,false,dev
EVT-N003-11,USER-N003,project_completed,2025-03-29T16:00:00Z,SKILL-022,RES-0001,,8,completed,positive,progressing,low,完成项目、说明文档和复盘,1.2.0,synthetic,true,SRC-SYNTH,2026-09-13T00:00:00+08:00,0.9,synthetic,not_applicable,,team_generated,false,dev
EVT-N003-12,USER-N003,profile_recalculated,2025-04-15T16:00:00Z,SKILL-025,,,0,completed,neutral,active,low,根据新证据重算画像与岗位匹配度,1.2.0,synthetic,true,SRC-SYNTH,2026-09-13T00:00:00+08:00,0.9,synthetic,not_applicable,,team_generated,false,dev
EVT-N003-13,USER-N003,job_saved,2025-05-02T16:00:00Z,,,JOB-AI-ALG-0013,0,completed,neutral,active,low,收藏一个模拟目标岗位,1.2.0,synthetic,true,SRC-SYNTH,2026-09-13T00:00:00+08:00,0.9,synthetic,not_applicable,,team_generated,false,dev
EVT-N003-14,USER-N003,application_submitted,2025-05-19T16:00:00Z,,,JOB-AI-ALG-0014,0,completed,neutral,active,low,向模拟岗位提交申请,1.2.0,synthetic,true,SRC-SYNTH,2026-09-13T00:00:00+08:00,0.9,synthetic,not_applicable,,team_generated,false,dev
EVT-N003-15,USER-N003,interview_result,2025-06-05T16:00:00Z,,,JOB-AI-ALG-0015,0,completed,disappointed,active,low,记录模拟面试反馈,1.2.0,synthetic,true,SRC-SYNTH,2026-09-13T00:00:00+08:00,0.9,synthetic,not_applicable,,team_generated,false,dev
EVT-N003-16,USER-N003,plan_adjusted,2025-06-22T16:00:00Z,SKILL-019,,,0,completed,neutral,plan_rebalanced,low,根据时间和反馈调整学习计划,1.2.0,synthetic,true,SRC-SYNTH,2026-09-13T00:00:00+08:00,0.9,synthetic,not_applicable,,team_generated,false,dev
EVT-N003-17,USER-N003,skill_practice,2025-07-09T16:00:00Z,SKILL-022,RES-0442,,2,completed,positive,progressing,low,完成技能练习并记录反思,1.2.0,synthetic,true,SRC-SYNTH,2026-09-13T00:00:00+08:00,0.9,synthetic,not_applicable,,team_generated,false,dev
EVT-N003-18,USER-N003,inactivity,2025-07-26T16:00:00Z,SKILL-025,,,-4,attention_needed,frustrated,learning_stalled,medium,超过设定周期未产生学习证据，触发技能衰减,1.2.0,synthetic,true,SRC-SYNTH,2026-09-13T00:00:00+08:00,0.9,synthetic,not_applicable,,team_generated,false,dev
EVT-N003-19,USER-N003,reminder_response,2025-08-12T16:00:00Z,SKILL-048,,,0,completed,neutral,active,low,响应任务提醒并更新完成状态,1.2.0,synthetic,true,SRC-SYNTH,2026-09-13T00:00:00+08:00,0.9,synthetic,not_applicable,,team_generated,false,dev
EVT-N003-20,USER-N003,profile_recalculated,2025-08-29T16:00:00Z,SKILL-001,,,0,completed,neutral,active,low,根据新证据重算画像与岗位匹配度,1.2.0,synthetic,true,SRC-SYNTH,2026-09-13T00:00:00+08:00,0.9,synthetic,not_applicable,,team_generated,false,dev
EVT-N003-21,USER-N003,onboarding,2025-09-15T16:00:00Z,,,,0,completed,neutral,active,low,完成基础信息和学习约束录入,1.2.0,synthetic,true,SRC-SYNTH,2026-09-13T00:00:00+08:00,0.9,synthetic,not_applicable,,team_generated,false,dev
EVT-N003-22,USER-N003,skill_assessment,2025-10-02T16:00:00Z,SKILL-019,,,3,completed,positive,progressing,low,完成能力测评并生成可解释证据,1.2.0,synthetic,true,SRC-SYNTH,2026-09-13T00:00:00+08:00,0.9,synthetic,not_applicable,,team_generated,false,dev
EVT-N003-23,USER-N003,course_started,2025-10-19T16:00:00Z,SKILL-022,RES-0002,,0,completed,neutral,active,low,开始一项与目标能力相关的课程,1.2.0,synthetic,true,SRC-SYNTH,2026-09-13T00:00:00+08:00,0.9,synthetic,not_applicable,,team_generated,false,dev
EVT-N003-24,USER-N003,task_completed,2025-11-05T16:00:00Z,SKILL-025,RES-0431,,2,completed,positive,progressing,low,完成本周学习任务,1.2.0,synthetic,true,SRC-SYNTH,2026-09-13T00:00:00+08:00,0.9,synthetic,not_applicable,,team_generated,false,dev
EVT-N003-25,USER-N003,skill_practice,2025-11-22T16:00:00Z,SKILL-048,RES-0041,,2,completed,positive,progressing,low,完成技能练习并记录反思,1.2.0,synthetic,true,SRC-SYNTH,2026-09-13T00:00:00+08:00,0.9,synthetic,not_applicable,,team_generated,false,dev
EVT-N003-26,USER-N003,course_completed,2025-12-09T16:00:00Z,SKILL-001,RES-0121,,6,completed,positive,progressing,low,完成课程并提交学习总结,1.2.0,synthetic,true,SRC-SYNTH,2026-09-13T00:00:00+08:00,0.9,synthetic,not_applicable,,team_generated,false,dev
EVT-N003-27,USER-N003,project_started,2025-12-26T16:00:00Z,SKILL-011,RES-0551,,0,completed,neutral,active,low,启动实践项目并确认里程碑,1.2.0,synthetic,true,SRC-SYNTH,2026-09-13T00:00:00+08:00,0.9,synthetic,not_applicable,,team_generated,false,dev
EVT-N003-28,USER-N003,job_viewed,2026-01-12T16:00:00Z,,,JOB-AI-ALG-0028,0,completed,neutral,active,low,查看目标岗位及能力要求,1.2.0,synthetic,true,SRC-SYNTH,2026-09-13T00:00:00+08:00,0.9,synthetic,not_applicable,,team_generated,false,dev
EVT-N003-29,USER-N003,feedback_submitted,2026-01-29T16:00:00Z,SKILL-022,,,0,completed,neutral,active,low,提交计划难度和推荐相关性反馈,1.2.0,synthetic,true,SRC-SYNTH,2026-09-13T00:00:00+08:00,0.9,synthetic,not_applicable,,team_generated,false,dev
EVT-N003-30,USER-N003,task_completed,2026-02-15T16:00:00Z,SKILL-025,RES-0006,,2,completed,positive,progressing,low,完成本周学习任务,1.2.0,synthetic,true,SRC-SYNTH,2026-09-13T00:00:00+08:00,0.9,synthetic,not_applicable,,team_generated,false,dev
EVT-N003-31,USER-N003,project_completed,2026-03-04T16:00:00Z,SKILL-048,RES-0161,,8,completed,positive,progressing,low,完成项目、说明文档和复盘,1.2.0,synthetic,true,SRC-SYNTH,2026-09-13T00:00:00+08:00,0.9,synthetic,not_applicable,,team_generated,false,dev
EVT-N003-32,USER-N003,profile_recalculated,2026-03-21T16:00:00Z,SKILL-001,,,0,completed,neutral,active,low,根据新证据重算画像与岗位匹配度,1.2.0,synthetic,true,SRC-SYNTH,2026-09-13T00:00:00+08:00,0.9,synthetic,not_applicable,,team_generated,false,dev
EVT-N003-33,USER-N003,job_saved,2026-04-07T16:00:00Z,,,JOB-AI-ALG-0033,0,completed,neutral,active,low,收藏一个模拟目标岗位,1.2.0,synthetic,true,SRC-SYNTH,2026-09-13T00:00:00+08:00,0.9,synthetic,not_applicable,,team_generated,false,dev
EVT-N003-34,USER-N003,application_submitted,2026-04-24T16:00:00Z,,,JOB-AI-ALG-0034,0,completed,neutral,active,low,向模拟岗位提交申请,1.2.0,synthetic,true,SRC-SYNTH,2026-09-13T00:00:00+08:00,0.9,synthetic,not_applicable,,team_generated,false,dev
EVT-N003-35,USER-N003,interview_result,2026-05-11T16:00:00Z,,,JOB-AI-ALG-0035,0,completed,disappointed,active,low,记录模拟面试反馈,1.2.0,synthetic,true,SRC-SYNTH,2026-09-13T00:00:00+08:00,0.9,synthetic,not_applicable,,team_generated,false,dev
EVT-N003-36,USER-N003,plan_adjusted,2026-05-28T16:00:00Z,SKILL-025,,,0,completed,neutral,plan_rebalanced,low,根据时间和反馈调整学习计划,1.2.0,synthetic,true,SRC-SYNTH,2026-09-13T00:00:00+08:00,0.9,synthetic,not_applicable,,team_generated,false,dev
EVT-N003-37,USER-N003,skill_practice,2026-06-14T16:00:00Z,SKILL-048,RES-0041,,2,completed,positive,progressing,low,完成技能练习并记录反思,1.2.0,synthetic,true,SRC-SYNTH,2026-09-13T00:00:00+08:00,0.9,synthetic,not_applicable,,team_generated,false,dev
EVT-N003-38,USER-N003,inactivity,2026-07-01T16:00:00Z,SKILL-001,,,-4,attention_needed,frustrated,learning_stalled,medium,超过设定周期未产生学习证据，触发技能衰减,1.2.0,synthetic,true,SRC-SYNTH,2026-09-13T00:00:00+08:00,0.9,synthetic,not_applicable,,team_generated,false,dev
EVT-N003-39,USER-N003,reminder_response,2026-07-18T16:00:00Z,SKILL-011,,,0,completed,neutral,active,low,响应任务提醒并更新完成状态,1.2.0,synthetic,true,SRC-SYNTH,2026-09-13T00:00:00+08:00,0.9,synthetic,not_applicable,,team_generated,false,dev
EVT-N003-40,USER-N003,profile_recalculated,2026-08-04T16:00:00Z,SKILL-019,,,0,completed,neutral,active,low,根据新证据重算画像与岗位匹配度,1.2.0,synthetic,true,SRC-SYNTH,2026-09-13T00:00:00+08:00,0.9,synthetic,not_applicable,,team_generated,false,dev
EVT-N004-01,USER-N004,onboarding,2024-10-10T16:00:00Z,,,,0,completed,neutral,active,low,完成基础信息和学习约束录入,1.2.0,synthetic,true,SRC-SYNTH,2026-09-13T00:00:00+08:00,0.9,synthetic,not_applicable,,team_generated,false,dev
EVT-N004-02,USER-N004,skill_assessment,2024-10-27T16:00:00Z,SKILL-007,,,3,completed,positive,progressing,low,完成能力测评并生成可解释证据,1.2.0,synthetic,true,SRC-SYNTH,2026-09-13T00:00:00+08:00,0.9,synthetic,not_applicable,,team_generated,false,dev
EVT-N004-03,USER-N004,course_started,2024-11-13T16:00:00Z,SKILL-025,RES-0008,,0,completed,neutral,active,low,开始一项与目标能力相关的课程,1.2.0,synthetic,true,SRC-SYNTH,2026-09-13T00:00:00+08:00,0.9,synthetic,not_applicable,,team_generated,false,dev
EVT-N004-04,USER-N004,task_completed,2024-11-30T16:00:00Z,SKILL-028,RES-0134,,2,completed,positive,progressing,low,完成本周学习任务,1.2.0,synthetic,true,SRC-SYNTH,2026-09-13T00:00:00+08:00,0.9,synthetic,not_applicable,,team_generated,false,dev
EVT-N004-05,USER-N004,skill_practice,2024-12-17T16:00:00Z,SKILL-034,RES-0154,,2,completed,positive,progressing,low,完成技能练习并记录反思,1.2.0,synthetic,true,SRC-SYNTH,2026-09-13T00:00:00+08:00,0.9,synthetic,not_applicable,,team_generated,false,dev
EVT-N004-06,USER-N004,course_completed,2025-01-03T16:00:00Z,SKILL-037,RES-0157,,6,completed,positive,progressing,low,完成课程并提交学习总结,1.2.0,synthetic,true,SRC-SYNTH,2026-09-13T00:00:00+08:00,0.9,synthetic,not_applicable,,team_generated,false,dev
EVT-N004-07,USER-N004,project_started,2025-01-20T16:00:00Z,SKILL-043,RES-0043,,0,completed,neutral,active,low,启动实践项目并确认里程碑,1.2.0,synthetic,true,SRC-SYNTH,2026-09-13T00:00:00+08:00,0.9,synthetic,not_applicable,,team_generated,false,dev
EVT-N004-08,USER-N004,job_viewed,2025-02-06T16:00:00Z,,,JOB-AI-APP-0087,0,completed,neutral,active,low,查看目标岗位及能力要求,1.2.0,synthetic,true,SRC-SYNTH,2026-09-13T00:00:00+08:00,0.9,synthetic,not_applicable,,team_generated,false,dev
EVT-N004-09,USER-N004,feedback_submitted,2025-02-23T16:00:00Z,SKILL-025,,,0,completed,neutral,active,low,提交计划难度和推荐相关性反馈,1.2.0,synthetic,true,SRC-SYNTH,2026-09-13T00:00:00+08:00,0.9,synthetic,not_applicable,,team_generated,false,dev
EVT-N004-10,USER-N004,task_completed,2025-03-12T16:00:00Z,SKILL-028,RES-0314,,2,completed,positive,progressing,low,完成本周学习任务,1.2.0,synthetic,true,SRC-SYNTH,2026-09-13T00:00:00+08:00,0.9,synthetic,not_applicable,,team_generated,false,dev
EVT-N004-11,USER-N004,project_completed,2025-03-29T16:00:00Z,SKILL-034,RES-0034,,8,completed,positive,progressing,low,完成项目、说明文档和复盘,1.2.0,synthetic,true,SRC-SYNTH,2026-09-13T00:00:00+08:00,0.9,synthetic,not_applicable,,team_generated,false,dev
EVT-N004-12,USER-N004,profile_recalculated,2025-04-15T16:00:00Z,SKILL-037,,,0,completed,neutral,active,low,根据新证据重算画像与岗位匹配度,1.2.0,synthetic,true,SRC-SYNTH,2026-09-13T00:00:00+08:00,0.9,synthetic,not_applicable,,team_generated,false,dev
EVT-N004-13,USER-N004,job_saved,2025-05-02T16:00:00Z,,,JOB-AI-APP-0013,0,completed,neutral,active,low,收藏一个模拟目标岗位,1.2.0,synthetic,true,SRC-SYNTH,2026-09-13T00:00:00+08:00,0.9,synthetic,not_applicable,,team_generated,false,dev
EVT-N004-14,USER-N004,application_submitted,2025-05-19T16:00:00Z,,,JOB-AI-APP-0014,0,completed,neutral,active,low,向模拟岗位提交申请,1.2.0,synthetic,true,SRC-SYNTH,2026-09-13T00:00:00+08:00,0.9,synthetic,not_applicable,,team_generated,false,dev
EVT-N004-15,USER-N004,interview_result,2025-06-05T16:00:00Z,,,JOB-AI-APP-0015,0,completed,disappointed,active,low,记录模拟面试反馈,1.2.0,synthetic,true,SRC-SYNTH,2026-09-13T00:00:00+08:00,0.9,synthetic,not_applicable,,team_generated,false,dev
EVT-N004-16,USER-N004,plan_adjusted,2025-06-22T16:00:00Z,SKILL-028,,,0,completed,neutral,plan_rebalanced,low,根据时间和反馈调整学习计划,1.2.0,synthetic,true,SRC-SYNTH,2026-09-13T00:00:00+08:00,0.9,synthetic,not_applicable,,team_generated,false,dev
EVT-N004-17,USER-N004,skill_practice,2025-07-09T16:00:00Z,SKILL-034,RES-0140,,2,completed,positive,progressing,low,完成技能练习并记录反思,1.2.0,synthetic,true,SRC-SYNTH,2026-09-13T00:00:00+08:00,0.9,synthetic,not_applicable,,team_generated,false,dev
EVT-N004-18,USER-N004,inactivity,2025-07-26T16:00:00Z,SKILL-037,,,-4,attention_needed,frustrated,learning_stalled,medium,超过设定周期未产生学习证据，触发技能衰减,1.2.0,synthetic,true,SRC-SYNTH,2026-09-13T00:00:00+08:00,0.9,synthetic,not_applicable,,team_generated,false,dev
EVT-N004-19,USER-N004,reminder_response,2025-08-12T16:00:00Z,SKILL-043,,,0,completed,neutral,active,low,响应任务提醒并更新完成状态,1.2.0,synthetic,true,SRC-SYNTH,2026-09-13T00:00:00+08:00,0.9,synthetic,not_applicable,,team_generated,false,dev
EVT-N004-20,USER-N004,profile_recalculated,2025-08-29T16:00:00Z,SKILL-007,,,0,completed,neutral,active,low,根据新证据重算画像与岗位匹配度,1.2.0,synthetic,true,SRC-SYNTH,2026-09-13T00:00:00+08:00,0.9,synthetic,not_applicable,,team_generated,false,dev
EVT-N004-21,USER-N004,onboarding,2025-09-15T16:00:00Z,,,,0,completed,neutral,active,low,完成基础信息和学习约束录入,1.2.0,synthetic,true,SRC-SYNTH,2026-09-13T00:00:00+08:00,0.9,synthetic,not_applicable,,team_generated,false,dev
EVT-N004-22,USER-N004,skill_assessment,2025-10-02T16:00:00Z,SKILL-028,,,3,completed,positive,progressing,low,完成能力测评并生成可解释证据,1.2.0,synthetic,true,SRC-SYNTH,2026-09-13T00:00:00+08:00,0.9,synthetic,not_applicable,,team_generated,false,dev
EVT-N004-23,USER-N004,course_started,2025-10-19T16:00:00Z,SKILL-034,RES-0140,,0,completed,neutral,active,low,开始一项与目标能力相关的课程,1.2.0,synthetic,true,SRC-SYNTH,2026-09-13T00:00:00+08:00,0.9,synthetic,not_applicable,,team_generated,false,dev
EVT-N004-24,USER-N004,task_completed,2025-11-05T16:00:00Z,SKILL-037,RES-0143,,2,completed,positive,progressing,low,完成本周学习任务,1.2.0,synthetic,true,SRC-SYNTH,2026-09-13T00:00:00+08:00,0.9,synthetic,not_applicable,,team_generated,false,dev
EVT-N004-25,USER-N004,skill_practice,2025-11-22T16:00:00Z,SKILL-043,RES-0149,,2,completed,positive,progressing,low,完成技能练习并记录反思,1.2.0,synthetic,true,SRC-SYNTH,2026-09-13T00:00:00+08:00,0.9,synthetic,not_applicable,,team_generated,false,dev
EVT-N004-26,USER-N004,course_completed,2025-12-09T16:00:00Z,SKILL-007,RES-0127,,6,completed,positive,progressing,low,完成课程并提交学习总结,1.2.0,synthetic,true,SRC-SYNTH,2026-09-13T00:00:00+08:00,0.9,synthetic,not_applicable,,team_generated,false,dev
EVT-N004-27,USER-N004,project_started,2025-12-26T16:00:00Z,SKILL-025,RES-0445,,0,completed,neutral,active,low,启动实践项目并确认里程碑,1.2.0,synthetic,true,SRC-SYNTH,2026-09-13T00:00:00+08:00,0.9,synthetic,not_applicable,,team_generated,false,dev
EVT-N004-28,USER-N004,job_viewed,2026-01-12T16:00:00Z,,,JOB-AI-APP-0028,0,completed,neutral,active,low,查看目标岗位及能力要求,1.2.0,synthetic,true,SRC-SYNTH,2026-09-13T00:00:00+08:00,0.9,synthetic,not_applicable,,team_generated,false,dev
EVT-N004-29,USER-N004,feedback_submitted,2026-01-29T16:00:00Z,SKILL-034,,,0,completed,neutral,active,low,提交计划难度和推荐相关性反馈,1.2.0,synthetic,true,SRC-SYNTH,2026-09-13T00:00:00+08:00,0.9,synthetic,not_applicable,,team_generated,false,dev
EVT-N004-30,USER-N004,task_completed,2026-02-15T16:00:00Z,SKILL-037,RES-0277,,2,completed,positive,progressing,low,完成本周学习任务,1.2.0,synthetic,true,SRC-SYNTH,2026-09-13T00:00:00+08:00,0.9,synthetic,not_applicable,,team_generated,false,dev
EVT-N004-31,USER-N004,project_completed,2026-03-04T16:00:00Z,SKILL-043,RES-0029,,8,completed,positive,progressing,low,完成项目、说明文档和复盘,1.2.0,synthetic,true,SRC-SYNTH,2026-09-13T00:00:00+08:00,0.9,synthetic,not_applicable,,team_generated,false,dev
EVT-N004-32,USER-N004,profile_recalculated,2026-03-21T16:00:00Z,SKILL-007,,,0,completed,neutral,active,low,根据新证据重算画像与岗位匹配度,1.2.0,synthetic,true,SRC-SYNTH,2026-09-13T00:00:00+08:00,0.9,synthetic,not_applicable,,team_generated,false,dev
EVT-N004-33,USER-N004,job_saved,2026-04-07T16:00:00Z,,,JOB-AI-APP-0033,0,completed,neutral,active,low,收藏一个模拟目标岗位,1.2.0,synthetic,true,SRC-SYNTH,2026-09-13T00:00:00+08:00,0.9,synthetic,not_applicable,,team_generated,false,dev
EVT-N004-34,USER-N004,application_submitted,2026-04-24T16:00:00Z,,,JOB-AI-APP-0034,0,completed,neutral,active,low,向模拟岗位提交申请,1.2.0,synthetic,true,SRC-SYNTH,2026-09-13T00:00:00+08:00,0.9,synthetic,not_applicable,,team_generated,false,dev
EVT-N004-35,USER-N004,interview_result,2026-05-11T16:00:00Z,,,JOB-AI-APP-0035,0,completed,disappointed,active,low,记录模拟面试反馈,1.2.0,synthetic,true,SRC-SYNTH,2026-09-13T00:00:00+08:00,0.9,synthetic,not_applicable,,team_generated,false,dev
EVT-N004-36,USER-N004,plan_adjusted,2026-05-28T16:00:00Z,SKILL-037,,,0,completed,neutral,plan_rebalanced,low,根据时间和反馈调整学习计划,1.2.0,synthetic,true,SRC-SYNTH,2026-09-13T00:00:00+08:00,0.9,synthetic,not_applicable,,team_generated,false,dev
EVT-N004-37,USER-N004,skill_practice,2026-06-14T16:00:00Z,SKILL-043,RES-0043,,2,completed,positive,progressing,low,完成技能练习并记录反思,1.2.0,synthetic,true,SRC-SYNTH,2026-09-13T00:00:00+08:00,0.9,synthetic,not_applicable,,team_generated,false,dev
EVT-N004-38,USER-N004,inactivity,2026-07-01T16:00:00Z,SKILL-007,,,-4,attention_needed,frustrated,learning_stalled,medium,超过设定周期未产生学习证据，触发技能衰减,1.2.0,synthetic,true,SRC-SYNTH,2026-09-13T00:00:00+08:00,0.9,synthetic,not_applicable,,team_generated,false,dev
EVT-N004-39,USER-N004,reminder_response,2026-07-18T16:00:00Z,SKILL-025,,,0,completed,neutral,active,low,响应任务提醒并更新完成状态,1.2.0,synthetic,true,SRC-SYNTH,2026-09-13T00:00:00+08:00,0.9,synthetic,not_applicable,,team_generated,false,dev
EVT-N004-40,USER-N004,profile_recalculated,2026-08-04T16:00:00Z,SKILL-028,,,0,completed,neutral,active,low,根据新证据重算画像与岗位匹配度,1.2.0,synthetic,true,SRC-SYNTH,2026-09-13T00:00:00+08:00,0.9,synthetic,not_applicable,,team_generated,false,dev
EVT-N005-01,USER-N005,onboarding,2024-10-10T16:00:00Z,,,,0,completed,neutral,active,low,完成基础信息和学习约束录入,1.2.0,synthetic,true,SRC-SYNTH,2026-09-13T00:00:00+08:00,0.9,synthetic,not_applicable,,team_generated,false,dev
EVT-N005-02,USER-N005,skill_assessment,2024-10-27T16:00:00Z,SKILL-010,,,3,completed,positive,progressing,low,完成能力测评并生成可解释证据,1.2.0,synthetic,true,SRC-SYNTH,2026-09-13T00:00:00+08:00,0.9,synthetic,not_applicable,,team_generated,false,dev
EVT-N005-03,USER-N005,course_started,2024-11-13T16:00:00Z,SKILL-013,RES-0193,,0,completed,neutral,active,low,开始一项与目标能力相关的课程,1.2.0,synthetic,true,SRC-SYNTH,2026-09-13T00:00:00+08:00,0.9,synthetic,not_applicable,,team_generated,false,dev
EVT-N005-04,USER-N005,task_completed,2024-11-30T16:00:00Z,SKILL-016,RES-0136,,2,completed,positive,progressing,low,完成本周学习任务,1.2.0,synthetic,true,SRC-SYNTH,2026-09-13T00:00:00+08:00,0.9,synthetic,not_applicable,,team_generated,false,dev
EVT-N005-05,USER-N005,skill_practice,2024-12-17T16:00:00Z,SKILL-043,RES-0149,,2,completed,positive,progressing,low,完成技能练习并记录反思,1.2.0,synthetic,true,SRC-SYNTH,2026-09-13T00:00:00+08:00,0.9,synthetic,not_applicable,,team_generated,false,dev
EVT-N005-06,USER-N005,course_completed,2025-01-03T16:00:00Z,SKILL-046,RES-0152,,6,completed,positive,progressing,low,完成课程并提交学习总结,1.2.0,synthetic,true,SRC-SYNTH,2026-09-13T00:00:00+08:00,0.9,synthetic,not_applicable,,team_generated,false,dev
EVT-N005-07,USER-N005,project_started,2025-01-20T16:00:00Z,SKILL-054,RES-0174,,0,completed,neutral,active,low,启动实践项目并确认里程碑,1.2.0,synthetic,true,SRC-SYNTH,2026-09-13T00:00:00+08:00,0.9,synthetic,not_applicable,,team_generated,false,dev
EVT-N005-08,USER-N005,job_viewed,2025-02-06T16:00:00Z,,,JOB-DATA-0087,0,completed,neutral,active,low,查看目标岗位及能力要求,1.2.0,synthetic,true,SRC-SYNTH,2026-09-13T00:00:00+08:00,0.9,synthetic,not_applicable,,team_generated,false,dev
EVT-N005-09,USER-N005,feedback_submitted,2025-02-23T16:00:00Z,SKILL-013,,,0,completed,neutral,active,low,提交计划难度和推荐相关性反馈,1.2.0,synthetic,true,SRC-SYNTH,2026-09-13T00:00:00+08:00,0.9,synthetic,not_applicable,,team_generated,false,dev
EVT-N005-10,USER-N005,task_completed,2025-03-12T16:00:00Z,SKILL-016,RES-0556,,2,completed,positive,progressing,low,完成本周学习任务,1.2.0,synthetic,true,SRC-SYNTH,2026-09-13T00:00:00+08:00,0.9,synthetic,not_applicable,,team_generated,false,dev
EVT-N005-11,USER-N005,project_completed,2025-03-29T16:00:00Z,SKILL-043,RES-0029,,8,completed,positive,progressing,low,完成项目、说明文档和复盘,1.2.0,synthetic,true,SRC-SYNTH,2026-09-13T00:00:00+08:00,0.9,synthetic,not_applicable,,team_generated,false,dev
EVT-N005-12,USER-N005,profile_recalculated,2025-04-15T16:00:00Z,SKILL-046,,,0,completed,neutral,active,low,根据新证据重算画像与岗位匹配度,1.2.0,synthetic,true,SRC-SYNTH,2026-09-13T00:00:00+08:00,0.9,synthetic,not_applicable,,team_generated,false,dev
EVT-N005-13,USER-N005,job_saved,2025-05-02T16:00:00Z,,,JOB-DATA-0013,0,completed,neutral,active,low,收藏一个模拟目标岗位,1.2.0,synthetic,true,SRC-SYNTH,2026-09-13T00:00:00+08:00,0.9,synthetic,not_applicable,,team_generated,false,dev
EVT-N005-14,USER-N005,application_submitted,2025-05-19T16:00:00Z,,,JOB-DATA-0014,0,completed,neutral,active,low,向模拟岗位提交申请,1.2.0,synthetic,true,SRC-SYNTH,2026-09-13T00:00:00+08:00,0.9,synthetic,not_applicable,,team_generated,false,dev
EVT-N005-15,USER-N005,interview_result,2025-06-05T16:00:00Z,,,JOB-DATA-0015,0,completed,disappointed,active,low,记录模拟面试反馈,1.2.0,synthetic,true,SRC-SYNTH,2026-09-13T00:00:00+08:00,0.9,synthetic,not_applicable,,team_generated,false,dev
EVT-N005-16,USER-N005,plan_adjusted,2025-06-22T16:00:00Z,SKILL-016,,,0,completed,neutral,plan_rebalanced,low,根据时间和反馈调整学习计划,1.2.0,synthetic,true,SRC-SYNTH,2026-09-13T00:00:00+08:00,0.9,synthetic,not_applicable,,team_generated,false,dev
EVT-N005-17,USER-N005,skill_practice,2025-07-09T16:00:00Z,SKILL-043,RES-0043,,2,completed,positive,progressing,low,完成技能练习并记录反思,1.2.0,synthetic,true,SRC-SYNTH,2026-09-13T00:00:00+08:00,0.9,synthetic,not_applicable,,team_generated,false,dev
EVT-N005-18,USER-N005,inactivity,2025-07-26T16:00:00Z,SKILL-046,,,-4,attention_needed,frustrated,learning_stalled,medium,超过设定周期未产生学习证据，触发技能衰减,1.2.0,synthetic,true,SRC-SYNTH,2026-09-13T00:00:00+08:00,0.9,synthetic,not_applicable,,team_generated,false,dev
EVT-N005-19,USER-N005,reminder_response,2025-08-12T16:00:00Z,SKILL-054,,,0,completed,neutral,active,low,响应任务提醒并更新完成状态,1.2.0,synthetic,true,SRC-SYNTH,2026-09-13T00:00:00+08:00,0.9,synthetic,not_applicable,,team_generated,false,dev
EVT-N005-20,USER-N005,profile_recalculated,2025-08-29T16:00:00Z,SKILL-010,,,0,completed,neutral,active,low,根据新证据重算画像与岗位匹配度,1.2.0,synthetic,true,SRC-SYNTH,2026-09-13T00:00:00+08:00,0.9,synthetic,not_applicable,,team_generated,false,dev
EVT-N005-21,USER-N005,onboarding,2025-09-15T16:00:00Z,,,,0,completed,neutral,active,low,完成基础信息和学习约束录入,1.2.0,synthetic,true,SRC-SYNTH,2026-09-13T00:00:00+08:00,0.9,synthetic,not_applicable,,team_generated,false,dev
EVT-N005-22,USER-N005,skill_assessment,2025-10-02T16:00:00Z,SKILL-016,,,3,completed,positive,progressing,low,完成能力测评并生成可解释证据,1.2.0,synthetic,true,SRC-SYNTH,2026-09-13T00:00:00+08:00,0.9,synthetic,not_applicable,,team_generated,false,dev
EVT-N005-23,USER-N005,course_started,2025-10-19T16:00:00Z,SKILL-043,RES-0149,,0,completed,neutral,active,low,开始一项与目标能力相关的课程,1.2.0,synthetic,true,SRC-SYNTH,2026-09-13T00:00:00+08:00,0.9,synthetic,not_applicable,,team_generated,false,dev
EVT-N005-24,USER-N005,task_completed,2025-11-05T16:00:00Z,SKILL-046,RES-0452,,2,completed,positive,progressing,low,完成本周学习任务,1.2.0,synthetic,true,SRC-SYNTH,2026-09-13T00:00:00+08:00,0.9,synthetic,not_applicable,,team_generated,false,dev
EVT-N005-25,USER-N005,skill_practice,2025-11-22T16:00:00Z,SKILL-054,RES-0005,,2,completed,positive,progressing,low,完成技能练习并记录反思,1.2.0,synthetic,true,SRC-SYNTH,2026-09-13T00:00:00+08:00,0.9,synthetic,not_applicable,,team_generated,false,dev
EVT-N005-26,USER-N005,course_completed,2025-12-09T16:00:00Z,SKILL-010,RES-0176,,6,completed,positive,progressing,low,完成课程并提交学习总结,1.2.0,synthetic,true,SRC-SYNTH,2026-09-13T00:00:00+08:00,0.9,synthetic,not_applicable,,team_generated,false,dev
EVT-N005-27,USER-N005,project_started,2025-12-26T16:00:00Z,SKILL-013,RES-0179,,0,completed,neutral,active,low,启动实践项目并确认里程碑,1.2.0,synthetic,true,SRC-SYNTH,2026-09-13T00:00:00+08:00,0.9,synthetic,not_applicable,,team_generated,false,dev
EVT-N005-28,USER-N005,job_viewed,2026-01-12T16:00:00Z,,,JOB-DATA-0028,0,completed,neutral,active,low,查看目标岗位及能力要求,1.2.0,synthetic,true,SRC-SYNTH,2026-09-13T00:00:00+08:00,0.9,synthetic,not_applicable,,team_generated,false,dev
EVT-N005-29,USER-N005,feedback_submitted,2026-01-29T16:00:00Z,SKILL-043,,,0,completed,neutral,active,low,提交计划难度和推荐相关性反馈,1.2.0,synthetic,true,SRC-SYNTH,2026-09-13T00:00:00+08:00,0.9,synthetic,not_applicable,,team_generated,false,dev
EVT-N005-30,USER-N005,task_completed,2026-02-15T16:00:00Z,SKILL-046,RES-0452,,2,completed,positive,progressing,low,完成本周学习任务,1.2.0,synthetic,true,SRC-SYNTH,2026-09-13T00:00:00+08:00,0.9,synthetic,not_applicable,,team_generated,false,dev
EVT-N005-31,USER-N005,project_completed,2026-03-04T16:00:00Z,SKILL-054,RES-0174,,8,completed,positive,progressing,low,完成项目、说明文档和复盘,1.2.0,synthetic,true,SRC-SYNTH,2026-09-13T00:00:00+08:00,0.9,synthetic,not_applicable,,team_generated,false,dev
EVT-N005-32,USER-N005,profile_recalculated,2026-03-21T16:00:00Z,SKILL-010,,,0,completed,neutral,active,low,根据新证据重算画像与岗位匹配度,1.2.0,synthetic,true,SRC-SYNTH,2026-09-13T00:00:00+08:00,0.9,synthetic,not_applicable,,team_generated,false,dev
EVT-N005-33,USER-N005,job_saved,2026-04-07T16:00:00Z,,,JOB-DATA-0033,0,completed,neutral,active,low,收藏一个模拟目标岗位,1.2.0,synthetic,true,SRC-SYNTH,2026-09-13T00:00:00+08:00,0.9,synthetic,not_applicable,,team_generated,false,dev
EVT-N005-34,USER-N005,application_submitted,2026-04-24T16:00:00Z,,,JOB-DATA-0034,0,completed,neutral,active,low,向模拟岗位提交申请,1.2.0,synthetic,true,SRC-SYNTH,2026-09-13T00:00:00+08:00,0.9,synthetic,not_applicable,,team_generated,false,dev
EVT-N005-35,USER-N005,interview_result,2026-05-11T16:00:00Z,,,JOB-DATA-0035,0,completed,disappointed,active,low,记录模拟面试反馈,1.2.0,synthetic,true,SRC-SYNTH,2026-09-13T00:00:00+08:00,0.9,synthetic,not_applicable,,team_generated,false,dev
EVT-N005-36,USER-N005,plan_adjusted,2026-05-28T16:00:00Z,SKILL-046,,,0,completed,neutral,plan_rebalanced,low,根据时间和反馈调整学习计划,1.2.0,synthetic,true,SRC-SYNTH,2026-09-13T00:00:00+08:00,0.9,synthetic,not_applicable,,team_generated,false,dev
EVT-N005-37,USER-N005,skill_practice,2026-06-14T16:00:00Z,SKILL-054,RES-0005,,2,completed,positive,progressing,low,完成技能练习并记录反思,1.2.0,synthetic,true,SRC-SYNTH,2026-09-13T00:00:00+08:00,0.9,synthetic,not_applicable,,team_generated,false,dev
EVT-N005-38,USER-N005,inactivity,2026-07-01T16:00:00Z,SKILL-010,,,-4,attention_needed,frustrated,learning_stalled,medium,超过设定周期未产生学习证据，触发技能衰减,1.2.0,synthetic,true,SRC-SYNTH,2026-09-13T00:00:00+08:00,0.9,synthetic,not_applicable,,team_generated,false,dev
EVT-N005-39,USER-N005,reminder_response,2026-07-18T16:00:00Z,SKILL-013,,,0,completed,neutral,active,low,响应任务提醒并更新完成状态,1.2.0,synthetic,true,SRC-SYNTH,2026-09-13T00:00:00+08:00,0.9,synthetic,not_applicable,,team_generated,false,dev
EVT-N005-40,USER-N005,profile_recalculated,2026-08-04T16:00:00Z,SKILL-016,,,0,completed,neutral,active,low,根据新证据重算画像与岗位匹配度,1.2.0,synthetic,true,SRC-SYNTH,2026-09-13T00:00:00+08:00,0.9,synthetic,not_applicable,,team_generated,false,dev
EVT-N006-01,USER-N006,onboarding,2024-10-10T16:00:00Z,,,,0,completed,neutral,active,low,完成基础信息和学习约束录入,1.2.0,synthetic,true,SRC-SYNTH,2026-09-13T00:00:00+08:00,0.9,synthetic,not_applicable,,team_generated,false,dev
EVT-N006-02,USER-N006,skill_assessment,2024-10-27T16:00:00Z,SKILL-011,,,3,completed,positive,progressing,low,完成能力测评并生成可解释证据,1.2.0,synthetic,true,SRC-SYNTH,2026-09-13T00:00:00+08:00,0.9,synthetic,not_applicable,,team_generated,false,dev
EVT-N006-03,USER-N006,course_started,2024-11-13T16:00:00Z,SKILL-019,RES-0003,,0,completed,neutral,active,low,开始一项与目标能力相关的课程,1.2.0,synthetic,true,SRC-SYNTH,2026-09-13T00:00:00+08:00,0.9,synthetic,not_applicable,,team_generated,false,dev
EVT-N006-04,USER-N006,task_completed,2024-11-30T16:00:00Z,SKILL-022,RES-0128,,2,completed,positive,progressing,low,完成本周学习任务,1.2.0,synthetic,true,SRC-SYNTH,2026-09-13T00:00:00+08:00,0.9,synthetic,not_applicable,,team_generated,false,dev
EVT-N006-05,USER-N006,skill_practice,2024-12-17T16:00:00Z,SKILL-025,RES-0011,,2,completed,positive,progressing,low,完成技能练习并记录反思,1.2.0,synthetic,true,SRC-SYNTH,2026-09-13T00:00:00+08:00,0.9,synthetic,not_applicable,,team_generated,false,dev
EVT-N006-06,USER-N006,course_completed,2025-01-03T16:00:00Z,SKILL-048,RES-0161,,6,completed,positive,progressing,low,完成课程并提交学习总结,1.2.0,synthetic,true,SRC-SYNTH,2026-09-13T00:00:00+08:00,0.9,synthetic,not_applicable,,team_generated,false,dev
EVT-N006-07,USER-N006,project_started,2025-01-20T16:00:00Z,SKILL-001,RES-0167,,0,completed,neutral,active,low,启动实践项目并确认里程碑,1.2.0,synthetic,true,SRC-SYNTH,2026-09-13T00:00:00+08:00,0.9,synthetic,not_applicable,,team_generated,false,dev
EVT-N006-08,USER-N006,job_viewed,2025-02-06T16:00:00Z,,,JOB-AI-ALG-0087,0,completed,neutral,active,low,查看目标岗位及能力要求,1.2.0,synthetic,true,SRC-SYNTH,2026-09-13T00:00:00+08:00,0.9,synthetic,not_applicable,,team_generated,false,dev
EVT-N006-09,USER-N006,feedback_submitted,2025-02-23T16:00:00Z,SKILL-019,,,0,completed,neutral,active,low,提交计划难度和推荐相关性反馈,1.2.0,synthetic,true,SRC-SYNTH,2026-09-13T00:00:00+08:00,0.9,synthetic,not_applicable,,team_generated,false,dev
EVT-N006-10,USER-N006,task_completed,2025-03-12T16:00:00Z,SKILL-022,RES-0548,,2,completed,positive,progressing,low,完成本周学习任务,1.2.0,synthetic,true,SRC-SYNTH,2026-09-13T00:00:00+08:00,0.9,synthetic,not_applicable,,team_generated,false,dev
EVT-N006-11,USER-N006,project_completed,2025-03-29T16:00:00Z,SKILL-025,RES-0025,,8,completed,positive,progressing,low,完成项目、说明文档和复盘,1.2.0,synthetic,true,SRC-SYNTH,2026-09-13T00:00:00+08:00,0.9,synthetic,not_applicable,,team_generated,false,dev
EVT-N006-12,USER-N006,profile_recalculated,2025-04-15T16:00:00Z,SKILL-048,,,0,completed,neutral,active,low,根据新证据重算画像与岗位匹配度,1.2.0,synthetic,true,SRC-SYNTH,2026-09-13T00:00:00+08:00,0.9,synthetic,not_applicable,,team_generated,false,dev
EVT-N006-13,USER-N006,job_saved,2025-05-02T16:00:00Z,,,JOB-AI-ALG-0013,0,completed,neutral,active,low,收藏一个模拟目标岗位,1.2.0,synthetic,true,SRC-SYNTH,2026-09-13T00:00:00+08:00,0.9,synthetic,not_applicable,,team_generated,false,dev
EVT-N006-14,USER-N006,application_submitted,2025-05-19T16:00:00Z,,,JOB-AI-ALG-0014,0,completed,neutral,active,low,向模拟岗位提交申请,1.2.0,synthetic,true,SRC-SYNTH,2026-09-13T00:00:00+08:00,0.9,synthetic,not_applicable,,team_generated,false,dev
EVT-N006-15,USER-N006,interview_result,2025-06-05T16:00:00Z,,,JOB-AI-ALG-0015,0,completed,disappointed,active,low,记录模拟面试反馈,1.2.0,synthetic,true,SRC-SYNTH,2026-09-13T00:00:00+08:00,0.9,synthetic,not_applicable,,team_generated,false,dev
EVT-N006-16,USER-N006,plan_adjusted,2025-06-22T16:00:00Z,SKILL-022,,,0,completed,neutral,plan_rebalanced,low,根据时间和反馈调整学习计划,1.2.0,synthetic,true,SRC-SYNTH,2026-09-13T00:00:00+08:00,0.9,synthetic,not_applicable,,team_generated,false,dev
EVT-N006-17,USER-N006,skill_practice,2025-07-09T16:00:00Z,SKILL-025,RES-0008,,2,completed,positive,progressing,low,完成技能练习并记录反思,1.2.0,synthetic,true,SRC-SYNTH,2026-09-13T00:00:00+08:00,0.9,synthetic,not_applicable,,team_generated,false,dev
EVT-N006-18,USER-N006,inactivity,2025-07-26T16:00:00Z,SKILL-048,,,-4,attention_needed,frustrated,learning_stalled,medium,超过设定周期未产生学习证据，触发技能衰减,1.2.0,synthetic,true,SRC-SYNTH,2026-09-13T00:00:00+08:00,0.9,synthetic,not_applicable,,team_generated,false,dev
EVT-N006-19,USER-N006,reminder_response,2025-08-12T16:00:00Z,SKILL-001,,,0,completed,neutral,active,low,响应任务提醒并更新完成状态,1.2.0,synthetic,true,SRC-SYNTH,2026-09-13T00:00:00+08:00,0.9,synthetic,not_applicable,,team_generated,false,dev
EVT-N006-20,USER-N006,profile_recalculated,2025-08-29T16:00:00Z,SKILL-011,,,0,completed,neutral,active,low,根据新证据重算画像与岗位匹配度,1.2.0,synthetic,true,SRC-SYNTH,2026-09-13T00:00:00+08:00,0.9,synthetic,not_applicable,,team_generated,false,dev
EVT-N006-21,USER-N006,onboarding,2025-09-15T16:00:00Z,,,,0,completed,neutral,active,low,完成基础信息和学习约束录入,1.2.0,synthetic,true,SRC-SYNTH,2026-09-13T00:00:00+08:00,0.9,synthetic,not_applicable,,team_generated,false,dev
EVT-N006-22,USER-N006,skill_assessment,2025-10-02T16:00:00Z,SKILL-022,,,3,completed,positive,progressing,low,完成能力测评并生成可解释证据,1.2.0,synthetic,true,SRC-SYNTH,2026-09-13T00:00:00+08:00,0.9,synthetic,not_applicable,,team_generated,false,dev
EVT-N006-23,USER-N006,course_started,2025-10-19T16:00:00Z,SKILL-025,RES-0131,,0,completed,neutral,active,low,开始一项与目标能力相关的课程,1.2.0,synthetic,true,SRC-SYNTH,2026-09-13T00:00:00+08:00,0.9,synthetic,not_applicable,,team_generated,false,dev
EVT-N006-24,USER-N006,task_completed,2025-11-05T16:00:00Z,SKILL-048,RES-0168,,2,completed,positive,progressing,low,完成本周学习任务,1.2.0,synthetic,true,SRC-SYNTH,2026-09-13T00:00:00+08:00,0.9,synthetic,not_applicable,,team_generated,false,dev
EVT-N006-25,USER-N006,skill_practice,2025-11-22T16:00:00Z,SKILL-001,RES-0181,,2,completed,positive,progressing,low,完成技能练习并记录反思,1.2.0,synthetic,true,SRC-SYNTH,2026-09-13T00:00:00+08:00,0.9,synthetic,not_applicable,,team_generated,false,dev
EVT-N006-26,USER-N006,course_completed,2025-12-09T16:00:00Z,SKILL-011,RES-0544,,6,completed,positive,progressing,low,完成课程并提交学习总结,1.2.0,synthetic,true,SRC-SYNTH,2026-09-13T00:00:00+08:00,0.9,synthetic,not_applicable,,team_generated,false,dev
EVT-N006-27,USER-N006,project_started,2025-12-26T16:00:00Z,SKILL-019,RES-0003,,0,completed,neutral,active,low,启动实践项目并确认里程碑,1.2.0,synthetic,true,SRC-SYNTH,2026-09-13T00:00:00+08:00,0.9,synthetic,not_applicable,,team_generated,false,dev
EVT-N006-28,USER-N006,job_viewed,2026-01-12T16:00:00Z,,,JOB-AI-ALG-0028,0,completed,neutral,active,low,查看目标岗位及能力要求,1.2.0,synthetic,true,SRC-SYNTH,2026-09-13T00:00:00+08:00,0.9,synthetic,not_applicable,,team_generated,false,dev
EVT-N006-29,USER-N006,feedback_submitted,2026-01-29T16:00:00Z,SKILL-025,,,0,completed,neutral,active,low,提交计划难度和推荐相关性反馈,1.2.0,synthetic,true,SRC-SYNTH,2026-09-13T00:00:00+08:00,0.9,synthetic,not_applicable,,team_generated,false,dev
EVT-N006-30,USER-N006,task_completed,2026-02-15T16:00:00Z,SKILL-048,RES-0108,,2,completed,positive,progressing,low,完成本周学习任务,1.2.0,synthetic,true,SRC-SYNTH,2026-09-13T00:00:00+08:00,0.9,synthetic,not_applicable,,team_generated,false,dev
EVT-N006-31,USER-N006,project_completed,2026-03-04T16:00:00Z,SKILL-001,RES-0121,,8,completed,positive,progressing,low,完成项目、说明文档和复盘,1.2.0,synthetic,true,SRC-SYNTH,2026-09-13T00:00:00+08:00,0.9,synthetic,not_applicable,,team_generated,false,dev
EVT-N006-32,USER-N006,profile_recalculated,2026-03-21T16:00:00Z,SKILL-011,,,0,completed,neutral,active,low,根据新证据重算画像与岗位匹配度,1.2.0,synthetic,true,SRC-SYNTH,2026-09-13T00:00:00+08:00,0.9,synthetic,not_applicable,,team_generated,false,dev
EVT-N006-33,USER-N006,job_saved,2026-04-07T16:00:00Z,,,JOB-AI-ALG-0033,0,completed,neutral,active,low,收藏一个模拟目标岗位,1.2.0,synthetic,true,SRC-SYNTH,2026-09-13T00:00:00+08:00,0.9,synthetic,not_applicable,,team_generated,false,dev
EVT-N006-34,USER-N006,application_submitted,2026-04-24T16:00:00Z,,,JOB-AI-ALG-0034,0,completed,neutral,active,low,向模拟岗位提交申请,1.2.0,synthetic,true,SRC-SYNTH,2026-09-13T00:00:00+08:00,0.9,synthetic,not_applicable,,team_generated,false,dev
EVT-N006-35,USER-N006,interview_result,2026-05-11T16:00:00Z,,,JOB-AI-ALG-0035,0,completed,disappointed,active,low,记录模拟面试反馈,1.2.0,synthetic,true,SRC-SYNTH,2026-09-13T00:00:00+08:00,0.9,synthetic,not_applicable,,team_generated,false,dev
EVT-N006-36,USER-N006,plan_adjusted,2026-05-28T16:00:00Z,SKILL-048,,,0,completed,neutral,plan_rebalanced,low,根据时间和反馈调整学习计划,1.2.0,synthetic,true,SRC-SYNTH,2026-09-13T00:00:00+08:00,0.9,synthetic,not_applicable,,team_generated,false,dev
EVT-N006-37,USER-N006,skill_practice,2026-06-14T16:00:00Z,SKILL-001,RES-0541,,2,completed,positive,progressing,low,完成技能练习并记录反思,1.2.0,synthetic,true,SRC-SYNTH,2026-09-13T00:00:00+08:00,0.9,synthetic,not_applicable,,team_generated,false,dev
EVT-N006-38,USER-N006,inactivity,2026-07-01T16:00:00Z,SKILL-011,,,-4,attention_needed,frustrated,learning_stalled,medium,超过设定周期未产生学习证据，触发技能衰减,1.2.0,synthetic,true,SRC-SYNTH,2026-09-13T00:00:00+08:00,0.9,synthetic,not_applicable,,team_generated,false,dev
EVT-N006-39,USER-N006,reminder_response,2026-07-18T16:00:00Z,SKILL-019,,,0,completed,neutral,active,low,响应任务提醒并更新完成状态,1.2.0,synthetic,true,SRC-SYNTH,2026-09-13T00:00:00+08:00,0.9,synthetic,not_applicable,,team_generated,false,dev
EVT-N006-40,USER-N006,profile_recalculated,2026-08-04T16:00:00Z,SKILL-022,,,0,completed,neutral,active,low,根据新证据重算画像与岗位匹配度,1.2.0,synthetic,true,SRC-SYNTH,2026-09-13T00:00:00+08:00,0.9,synthetic,not_applicable,,team_generated,false,dev
EVT-N007-01,USER-N007,onboarding,2024-10-10T16:00:00Z,,,,0,completed,neutral,active,low,完成基础信息和学习约束录入,1.2.0,synthetic,true,SRC-SYNTH,2026-09-13T00:00:00+08:00,0.9,synthetic,not_applicable,,team_generated,false,dev
EVT-N007-02,USER-N007,skill_assessment,2024-10-27T16:00:00Z,SKILL-025,,,3,completed,positive,progressing,low,完成能力测评并生成可解释证据,1.2.0,synthetic,true,SRC-SYNTH,2026-09-13T00:00:00+08:00,0.9,synthetic,not_applicable,,team_generated,false,dev
EVT-N007-03,USER-N007,course_started,2024-11-13T16:00:00Z,SKILL-028,RES-0148,,0,completed,neutral,active,low,开始一项与目标能力相关的课程,1.2.0,synthetic,true,SRC-SYNTH,2026-09-13T00:00:00+08:00,0.9,synthetic,not_applicable,,team_generated,false,dev
EVT-N007-04,USER-N007,task_completed,2024-11-30T16:00:00Z,SKILL-034,RES-0140,,2,completed,positive,progressing,low,完成本周学习任务,1.2.0,synthetic,true,SRC-SYNTH,2026-09-13T00:00:00+08:00,0.9,synthetic,not_applicable,,team_generated,false,dev
EVT-N007-05,USER-N007,skill_practice,2024-12-17T16:00:00Z,SKILL-037,RES-0143,,2,completed,positive,progressing,low,完成技能练习并记录反思,1.2.0,synthetic,true,SRC-SYNTH,2026-09-13T00:00:00+08:00,0.9,synthetic,not_applicable,,team_generated,false,dev
EVT-N007-06,USER-N007,course_completed,2025-01-03T16:00:00Z,SKILL-043,RES-0163,,6,completed,positive,progressing,low,完成课程并提交学习总结,1.2.0,synthetic,true,SRC-SYNTH,2026-09-13T00:00:00+08:00,0.9,synthetic,not_applicable,,team_generated,false,dev
EVT-N007-07,USER-N007,project_started,2025-01-20T16:00:00Z,SKILL-007,RES-0427,,0,completed,neutral,active,low,启动实践项目并确认里程碑,1.2.0,synthetic,true,SRC-SYNTH,2026-09-13T00:00:00+08:00,0.9,synthetic,not_applicable,,team_generated,false,dev
EVT-N007-08,USER-N007,job_viewed,2025-02-06T16:00:00Z,,,JOB-AI-APP-0087,0,completed,neutral,active,low,查看目标岗位及能力要求,1.2.0,synthetic,true,SRC-SYNTH,2026-09-13T00:00:00+08:00,0.9,synthetic,not_applicable,,team_generated,false,dev
EVT-N007-09,USER-N007,feedback_submitted,2025-02-23T16:00:00Z,SKILL-028,,,0,completed,neutral,active,low,提交计划难度和推荐相关性反馈,1.2.0,synthetic,true,SRC-SYNTH,2026-09-13T00:00:00+08:00,0.9,synthetic,not_applicable,,team_generated,false,dev
EVT-N007-10,USER-N007,task_completed,2025-03-12T16:00:00Z,SKILL-034,RES-0440,,2,completed,positive,progressing,low,完成本周学习任务,1.2.0,synthetic,true,SRC-SYNTH,2026-09-13T00:00:00+08:00,0.9,synthetic,not_applicable,,team_generated,false,dev
EVT-N007-11,USER-N007,project_completed,2025-03-29T16:00:00Z,SKILL-037,RES-0157,,8,completed,positive,progressing,low,完成项目、说明文档和复盘,1.2.0,synthetic,true,SRC-SYNTH,2026-09-13T00:00:00+08:00,0.9,synthetic,not_applicable,,team_generated,false,dev
EVT-N007-12,USER-N007,profile_recalculated,2025-04-15T16:00:00Z,SKILL-043,,,0,completed,neutral,active,low,根据新证据重算画像与岗位匹配度,1.2.0,synthetic,true,SRC-SYNTH,2026-09-13T00:00:00+08:00,0.9,synthetic,not_applicable,,team_generated,false,dev
EVT-N007-13,USER-N007,job_saved,2025-05-02T16:00:00Z,,,JOB-AI-APP-0013,0,completed,neutral,active,low,收藏一个模拟目标岗位,1.2.0,synthetic,true,SRC-SYNTH,2026-09-13T00:00:00+08:00,0.9,synthetic,not_applicable,,team_generated,false,dev
EVT-N007-14,USER-N007,application_submitted,2025-05-19T16:00:00Z,,,JOB-AI-APP-0014,0,completed,neutral,active,low,向模拟岗位提交申请,1.2.0,synthetic,true,SRC-SYNTH,2026-09-13T00:00:00+08:00,0.9,synthetic,not_applicable,,team_generated,false,dev
EVT-N007-15,USER-N007,interview_result,2025-06-05T16:00:00Z,,,JOB-AI-APP-0015,0,completed,disappointed,active,low,记录模拟面试反馈,1.2.0,synthetic,true,SRC-SYNTH,2026-09-13T00:00:00+08:00,0.9,synthetic,not_applicable,,team_generated,false,dev
EVT-N007-16,USER-N007,plan_adjusted,2025-06-22T16:00:00Z,SKILL-034,,,0,completed,neutral,plan_rebalanced,low,根据时间和反馈调整学习计划,1.2.0,synthetic,true,SRC-SYNTH,2026-09-13T00:00:00+08:00,0.9,synthetic,not_applicable,,team_generated,false,dev
EVT-N007-17,USER-N007,skill_practice,2025-07-09T16:00:00Z,SKILL-037,RES-0143,,2,completed,positive,progressing,low,完成技能练习并记录反思,1.2.0,synthetic,true,SRC-SYNTH,2026-09-13T00:00:00+08:00,0.9,synthetic,not_applicable,,team_generated,false,dev
EVT-N007-18,USER-N007,inactivity,2025-07-26T16:00:00Z,SKILL-043,,,-4,attention_needed,frustrated,learning_stalled,medium,超过设定周期未产生学习证据，触发技能衰减,1.2.0,synthetic,true,SRC-SYNTH,2026-09-13T00:00:00+08:00,0.9,synthetic,not_applicable,,team_generated,false,dev
EVT-N007-19,USER-N007,reminder_response,2025-08-12T16:00:00Z,SKILL-007,,,0,completed,neutral,active,low,响应任务提醒并更新完成状态,1.2.0,synthetic,true,SRC-SYNTH,2026-09-13T00:00:00+08:00,0.9,synthetic,not_applicable,,team_generated,false,dev
EVT-N007-20,USER-N007,profile_recalculated,2025-08-29T16:00:00Z,SKILL-025,,,0,completed,neutral,active,low,根据新证据重算画像与岗位匹配度,1.2.0,synthetic,true,SRC-SYNTH,2026-09-13T00:00:00+08:00,0.9,synthetic,not_applicable,,team_generated,false,dev
EVT-N007-21,USER-N007,onboarding,2025-09-15T16:00:00Z,,,,0,completed,neutral,active,low,完成基础信息和学习约束录入,1.2.0,synthetic,true,SRC-SYNTH,2026-09-13T00:00:00+08:00,0.9,synthetic,not_applicable,,team_generated,false,dev
EVT-N007-22,USER-N007,skill_assessment,2025-10-02T16:00:00Z,SKILL-034,,,3,completed,positive,progressing,low,完成能力测评并生成可解释证据,1.2.0,synthetic,true,SRC-SYNTH,2026-09-13T00:00:00+08:00,0.9,synthetic,not_applicable,,team_generated,false,dev
EVT-N007-23,USER-N007,course_started,2025-10-19T16:00:00Z,SKILL-037,RES-0037,,0,completed,neutral,active,low,开始一项与目标能力相关的课程,1.2.0,synthetic,true,SRC-SYNTH,2026-09-13T00:00:00+08:00,0.9,synthetic,not_applicable,,team_generated,false,dev
EVT-N007-24,USER-N007,task_completed,2025-11-05T16:00:00Z,SKILL-043,RES-0163,,2,completed,positive,progressing,low,完成本周学习任务,1.2.0,synthetic,true,SRC-SYNTH,2026-09-13T00:00:00+08:00,0.9,synthetic,not_applicable,,team_generated,false,dev
EVT-N007-25,USER-N007,skill_practice,2025-11-22T16:00:00Z,SKILL-007,RES-0187,,2,completed,positive,progressing,low,完成技能练习并记录反思,1.2.0,synthetic,true,SRC-SYNTH,2026-09-13T00:00:00+08:00,0.9,synthetic,not_applicable,,team_generated,false,dev
EVT-N007-26,USER-N007,course_completed,2025-12-09T16:00:00Z,SKILL-025,RES-0431,,6,completed,positive,progressing,low,完成课程并提交学习总结,1.2.0,synthetic,true,SRC-SYNTH,2026-09-13T00:00:00+08:00,0.9,synthetic,not_applicable,,team_generated,false,dev
EVT-N007-27,USER-N007,project_started,2025-12-26T16:00:00Z,SKILL-028,RES-0554,,0,completed,neutral,active,low,启动实践项目并确认里程碑,1.2.0,synthetic,true,SRC-SYNTH,2026-09-13T00:00:00+08:00,0.9,synthetic,not_applicable,,team_generated,false,dev
EVT-N007-28,USER-N007,job_viewed,2026-01-12T16:00:00Z,,,JOB-AI-APP-0028,0,completed,neutral,active,low,查看目标岗位及能力要求,1.2.0,synthetic,true,SRC-SYNTH,2026-09-13T00:00:00+08:00,0.9,synthetic,not_applicable,,team_generated,false,dev
EVT-N007-29,USER-N007,feedback_submitted,2026-01-29T16:00:00Z,SKILL-037,,,0,completed,neutral,active,low,提交计划难度和推荐相关性反馈,1.2.0,synthetic,true,SRC-SYNTH,2026-09-13T00:00:00+08:00,0.9,synthetic,not_applicable,,team_generated,false,dev
EVT-N007-30,USER-N007,task_completed,2026-02-15T16:00:00Z,SKILL-043,RES-0449,,2,completed,positive,progressing,low,完成本周学习任务,1.2.0,synthetic,true,SRC-SYNTH,2026-09-13T00:00:00+08:00,0.9,synthetic,not_applicable,,team_generated,false,dev
EVT-N007-31,USER-N007,project_completed,2026-03-04T16:00:00Z,SKILL-007,RES-0367,,8,completed,positive,progressing,low,完成项目、说明文档和复盘,1.2.0,synthetic,true,SRC-SYNTH,2026-09-13T00:00:00+08:00,0.9,synthetic,not_applicable,,team_generated,false,dev
EVT-N007-32,USER-N007,profile_recalculated,2026-03-21T16:00:00Z,SKILL-025,,,0,completed,neutral,active,low,根据新证据重算画像与岗位匹配度,1.2.0,synthetic,true,SRC-SYNTH,2026-09-13T00:00:00+08:00,0.9,synthetic,not_applicable,,team_generated,false,dev
EVT-N007-33,USER-N007,job_saved,2026-04-07T16:00:00Z,,,JOB-AI-APP-0033,0,completed,neutral,active,low,收藏一个模拟目标岗位,1.2.0,synthetic,true,SRC-SYNTH,2026-09-13T00:00:00+08:00,0.9,synthetic,not_applicable,,team_generated,false,dev
EVT-N007-34,USER-N007,application_submitted,2026-04-24T16:00:00Z,,,JOB-AI-APP-0034,0,completed,neutral,active,low,向模拟岗位提交申请,1.2.0,synthetic,true,SRC-SYNTH,2026-09-13T00:00:00+08:00,0.9,synthetic,not_applicable,,team_generated,false,dev
EVT-N007-35,USER-N007,interview_result,2026-05-11T16:00:00Z,,,JOB-AI-APP-0035,0,completed,disappointed,active,low,记录模拟面试反馈,1.2.0,synthetic,true,SRC-SYNTH,2026-09-13T00:00:00+08:00,0.9,synthetic,not_applicable,,team_generated,false,dev
EVT-N007-36,USER-N007,plan_adjusted,2026-05-28T16:00:00Z,SKILL-043,,,0,completed,neutral,plan_rebalanced,low,根据时间和反馈调整学习计划,1.2.0,synthetic,true,SRC-SYNTH,2026-09-13T00:00:00+08:00,0.9,synthetic,not_applicable,,team_generated,false,dev
EVT-N007-37,USER-N007,skill_practice,2026-06-14T16:00:00Z,SKILL-007,RES-0547,,2,completed,positive,progressing,low,完成技能练习并记录反思,1.2.0,synthetic,true,SRC-SYNTH,2026-09-13T00:00:00+08:00,0.9,synthetic,not_applicable,,team_generated,false,dev
EVT-N007-38,USER-N007,inactivity,2026-07-01T16:00:00Z,SKILL-025,,,-4,attention_needed,frustrated,learning_stalled,medium,超过设定周期未产生学习证据，触发技能衰减,1.2.0,synthetic,true,SRC-SYNTH,2026-09-13T00:00:00+08:00,0.9,synthetic,not_applicable,,team_generated,false,dev
EVT-N007-39,USER-N007,reminder_response,2026-07-18T16:00:00Z,SKILL-028,,,0,completed,neutral,active,low,响应任务提醒并更新完成状态,1.2.0,synthetic,true,SRC-SYNTH,2026-09-13T00:00:00+08:00,0.9,synthetic,not_applicable,,team_generated,false,dev
EVT-N007-40,USER-N007,profile_recalculated,2026-08-04T16:00:00Z,SKILL-034,,,0,completed,neutral,active,low,根据新证据重算画像与岗位匹配度,1.2.0,synthetic,true,SRC-SYNTH,2026-09-13T00:00:00+08:00,0.9,synthetic,not_applicable,,team_generated,false,dev
EVT-N008-01,USER-N008,onboarding,2024-10-10T16:00:00Z,,,,0,completed,neutral,active,low,完成基础信息和学习约束录入,1.2.0,synthetic,true,SRC-SYNTH,2026-09-13T00:00:00+08:00,0.9,synthetic,not_applicable,,team_generated,false,dev
EVT-N008-02,USER-N008,skill_assessment,2024-10-27T16:00:00Z,SKILL-013,,,3,completed,positive,progressing,low,完成能力测评并生成可解释证据,1.2.0,synthetic,true,SRC-SYNTH,2026-09-13T00:00:00+08:00,0.9,synthetic,not_applicable,,team_generated,false,dev
EVT-N008-03,USER-N008,course_started,2024-11-13T16:00:00Z,SKILL-016,RES-0122,,0,completed,neutral,active,low,开始一项与目标能力相关的课程,1.2.0,synthetic,true,SRC-SYNTH,2026-09-13T00:00:00+08:00,0.9,synthetic,not_applicable,,team_generated,false,dev
EVT-N008-04,USER-N008,task_completed,2024-11-30T16:00:00Z,SKILL-043,RES-0163,,2,completed,positive,progressing,low,完成本周学习任务,1.2.0,synthetic,true,SRC-SYNTH,2026-09-13T00:00:00+08:00,0.9,synthetic,not_applicable,,team_generated,false,dev
EVT-N008-05,USER-N008,skill_practice,2024-12-17T16:00:00Z,SKILL-046,RES-0166,,2,completed,positive,progressing,low,完成技能练习并记录反思,1.2.0,synthetic,true,SRC-SYNTH,2026-09-13T00:00:00+08:00,0.9,synthetic,not_applicable,,team_generated,false,dev
EVT-N008-06,USER-N008,course_completed,2025-01-03T16:00:00Z,SKILL-054,RES-0167,,6,completed,positive,progressing,low,完成课程并提交学习总结,1.2.0,synthetic,true,SRC-SYNTH,2026-09-13T00:00:00+08:00,0.9,synthetic,not_applicable,,team_generated,false,dev
EVT-N008-07,USER-N008,project_started,2025-01-20T16:00:00Z,SKILL-010,RES-0130,,0,completed,neutral,active,low,启动实践项目并确认里程碑,1.2.0,synthetic,true,SRC-SYNTH,2026-09-13T00:00:00+08:00,0.9,synthetic,not_applicable,,team_generated,false,dev
EVT-N008-08,USER-N008,job_viewed,2025-02-06T16:00:00Z,,,JOB-DATA-0087,0,completed,neutral,active,low,查看目标岗位及能力要求,1.2.0,synthetic,true,SRC-SYNTH,2026-09-13T00:00:00+08:00,0.9,synthetic,not_applicable,,team_generated,false,dev
EVT-N008-09,USER-N008,feedback_submitted,2025-02-23T16:00:00Z,SKILL-016,,,0,completed,neutral,active,low,提交计划难度和推荐相关性反馈,1.2.0,synthetic,true,SRC-SYNTH,2026-09-13T00:00:00+08:00,0.9,synthetic,not_applicable,,team_generated,false,dev
EVT-N008-10,USER-N008,task_completed,2025-03-12T16:00:00Z,SKILL-043,RES-0449,,2,completed,positive,progressing,low,完成本周学习任务,1.2.0,synthetic,true,SRC-SYNTH,2026-09-13T00:00:00+08:00,0.9,synthetic,not_applicable,,team_generated,false,dev
EVT-N008-11,USER-N008,project_completed,2025-03-29T16:00:00Z,SKILL-046,RES-0166,,8,completed,positive,progressing,low,完成项目、说明文档和复盘,1.2.0,synthetic,true,SRC-SYNTH,2026-09-13T00:00:00+08:00,0.9,synthetic,not_applicable,,team_generated,false,dev
EVT-N008-12,USER-N008,profile_recalculated,2025-04-15T16:00:00Z,SKILL-054,,,0,completed,neutral,active,low,根据新证据重算画像与岗位匹配度,1.2.0,synthetic,true,SRC-SYNTH,2026-09-13T00:00:00+08:00,0.9,synthetic,not_applicable,,team_generated,false,dev
EVT-N008-13,USER-N008,job_saved,2025-05-02T16:00:00Z,,,JOB-DATA-0013,0,completed,neutral,active,low,收藏一个模拟目标岗位,1.2.0,synthetic,true,SRC-SYNTH,2026-09-13T00:00:00+08:00,0.9,synthetic,not_applicable,,team_generated,false,dev
EVT-N008-14,USER-N008,application_submitted,2025-05-19T16:00:00Z,,,JOB-DATA-0014,0,completed,neutral,active,low,向模拟岗位提交申请,1.2.0,synthetic,true,SRC-SYNTH,2026-09-13T00:00:00+08:00,0.9,synthetic,not_applicable,,team_generated,false,dev
EVT-N008-15,USER-N008,interview_result,2025-06-05T16:00:00Z,,,JOB-DATA-0015,0,completed,disappointed,active,low,记录模拟面试反馈,1.2.0,synthetic,true,SRC-SYNTH,2026-09-13T00:00:00+08:00,0.9,synthetic,not_applicable,,team_generated,false,dev
EVT-N008-16,USER-N008,plan_adjusted,2025-06-22T16:00:00Z,SKILL-043,,,0,completed,neutral,plan_rebalanced,low,根据时间和反馈调整学习计划,1.2.0,synthetic,true,SRC-SYNTH,2026-09-13T00:00:00+08:00,0.9,synthetic,not_applicable,,team_generated,false,dev
EVT-N008-17,USER-N008,skill_practice,2025-07-09T16:00:00Z,SKILL-046,RES-0166,,2,completed,positive,progressing,low,完成技能练习并记录反思,1.2.0,synthetic,true,SRC-SYNTH,2026-09-13T00:00:00+08:00,0.9,synthetic,not_applicable,,team_generated,false,dev
EVT-N008-18,USER-N008,inactivity,2025-07-26T16:00:00Z,SKILL-054,,,-4,attention_needed,frustrated,learning_stalled,medium,超过设定周期未产生学习证据，触发技能衰减,1.2.0,synthetic,true,SRC-SYNTH,2026-09-13T00:00:00+08:00,0.9,synthetic,not_applicable,,team_generated,false,dev
EVT-N008-19,USER-N008,reminder_response,2025-08-12T16:00:00Z,SKILL-010,,,0,completed,neutral,active,low,响应任务提醒并更新完成状态,1.2.0,synthetic,true,SRC-SYNTH,2026-09-13T00:00:00+08:00,0.9,synthetic,not_applicable,,team_generated,false,dev
EVT-N008-20,USER-N008,profile_recalculated,2025-08-29T16:00:00Z,SKILL-013,,,0,completed,neutral,active,low,根据新证据重算画像与岗位匹配度,1.2.0,synthetic,true,SRC-SYNTH,2026-09-13T00:00:00+08:00,0.9,synthetic,not_applicable,,team_generated,false,dev
EVT-N008-21,USER-N008,onboarding,2025-09-15T16:00:00Z,,,,0,completed,neutral,active,low,完成基础信息和学习约束录入,1.2.0,synthetic,true,SRC-SYNTH,2026-09-13T00:00:00+08:00,0.9,synthetic,not_applicable,,team_generated,false,dev
EVT-N008-22,USER-N008,skill_assessment,2025-10-02T16:00:00Z,SKILL-043,,,3,completed,positive,progressing,low,完成能力测评并生成可解释证据,1.2.0,synthetic,true,SRC-SYNTH,2026-09-13T00:00:00+08:00,0.9,synthetic,not_applicable,,team_generated,false,dev
EVT-N008-23,USER-N008,course_started,2025-10-19T16:00:00Z,SKILL-046,RES-0032,,0,completed,neutral,active,low,开始一项与目标能力相关的课程,1.2.0,synthetic,true,SRC-SYNTH,2026-09-13T00:00:00+08:00,0.9,synthetic,not_applicable,,team_generated,false,dev
EVT-N008-24,USER-N008,task_completed,2025-11-05T16:00:00Z,SKILL-054,RES-0594,,2,completed,positive,progressing,low,完成本周学习任务,1.2.0,synthetic,true,SRC-SYNTH,2026-09-13T00:00:00+08:00,0.9,synthetic,not_applicable,,team_generated,false,dev
EVT-N008-25,USER-N008,skill_practice,2025-11-22T16:00:00Z,SKILL-010,RES-0190,,2,completed,positive,progressing,low,完成技能练习并记录反思,1.2.0,synthetic,true,SRC-SYNTH,2026-09-13T00:00:00+08:00,0.9,synthetic,not_applicable,,team_generated,false,dev
EVT-N008-26,USER-N008,course_completed,2025-12-09T16:00:00Z,SKILL-013,RES-0133,,6,completed,positive,progressing,low,完成课程并提交学习总结,1.2.0,synthetic,true,SRC-SYNTH,2026-09-13T00:00:00+08:00,0.9,synthetic,not_applicable,,team_generated,false,dev
EVT-N008-27,USER-N008,project_started,2025-12-26T16:00:00Z,SKILL-016,RES-0422,,0,completed,neutral,active,low,启动实践项目并确认里程碑,1.2.0,synthetic,true,SRC-SYNTH,2026-09-13T00:00:00+08:00,0.9,synthetic,not_applicable,,team_generated,false,dev
EVT-N008-28,USER-N008,job_viewed,2026-01-12T16:00:00Z,,,JOB-DATA-0028,0,completed,neutral,active,low,查看目标岗位及能力要求,1.2.0,synthetic,true,SRC-SYNTH,2026-09-13T00:00:00+08:00,0.9,synthetic,not_applicable,,team_generated,false,dev
EVT-N008-29,USER-N008,feedback_submitted,2026-01-29T16:00:00Z,SKILL-046,,,0,completed,neutral,active,low,提交计划难度和推荐相关性反馈,1.2.0,synthetic,true,SRC-SYNTH,2026-09-13T00:00:00+08:00,0.9,synthetic,not_applicable,,team_generated,false,dev
EVT-N008-30,USER-N008,task_completed,2026-02-15T16:00:00Z,SKILL-054,RES-0167,,2,completed,positive,progressing,low,完成本周学习任务,1.2.0,synthetic,true,SRC-SYNTH,2026-09-13T00:00:00+08:00,0.9,synthetic,not_applicable,,team_generated,false,dev
EVT-N008-31,USER-N008,project_completed,2026-03-04T16:00:00Z,SKILL-010,RES-0130,,8,completed,positive,progressing,low,完成项目、说明文档和复盘,1.2.0,synthetic,true,SRC-SYNTH,2026-09-13T00:00:00+08:00,0.9,synthetic,not_applicable,,team_generated,false,dev
EVT-N008-32,USER-N008,profile_recalculated,2026-03-21T16:00:00Z,SKILL-013,,,0,completed,neutral,active,low,根据新证据重算画像与岗位匹配度,1.2.0,synthetic,true,SRC-SYNTH,2026-09-13T00:00:00+08:00,0.9,synthetic,not_applicable,,team_generated,false,dev
EVT-N008-33,USER-N008,job_saved,2026-04-07T16:00:00Z,,,JOB-DATA-0033,0,completed,neutral,active,low,收藏一个模拟目标岗位,1.2.0,synthetic,true,SRC-SYNTH,2026-09-13T00:00:00+08:00,0.9,synthetic,not_applicable,,team_generated,false,dev
EVT-N008-34,USER-N008,application_submitted,2026-04-24T16:00:00Z,,,JOB-DATA-0034,0,completed,neutral,active,low,向模拟岗位提交申请,1.2.0,synthetic,true,SRC-SYNTH,2026-09-13T00:00:00+08:00,0.9,synthetic,not_applicable,,team_generated,false,dev
EVT-N008-35,USER-N008,interview_result,2026-05-11T16:00:00Z,,,JOB-DATA-0035,0,completed,disappointed,active,low,记录模拟面试反馈,1.2.0,synthetic,true,SRC-SYNTH,2026-09-13T00:00:00+08:00,0.9,synthetic,not_applicable,,team_generated,false,dev
EVT-N008-36,USER-N008,plan_adjusted,2026-05-28T16:00:00Z,SKILL-054,,,0,completed,neutral,plan_rebalanced,low,根据时间和反馈调整学习计划,1.2.0,synthetic,true,SRC-SYNTH,2026-09-13T00:00:00+08:00,0.9,synthetic,not_applicable,,team_generated,false,dev
EVT-N008-37,USER-N008,skill_practice,2026-06-14T16:00:00Z,SKILL-010,RES-0550,,2,completed,positive,progressing,low,完成技能练习并记录反思,1.2.0,synthetic,true,SRC-SYNTH,2026-09-13T00:00:00+08:00,0.9,synthetic,not_applicable,,team_generated,false,dev
EVT-N008-38,USER-N008,inactivity,2026-07-01T16:00:00Z,SKILL-013,,,-4,attention_needed,frustrated,learning_stalled,medium,超过设定周期未产生学习证据，触发技能衰减,1.2.0,synthetic,true,SRC-SYNTH,2026-09-13T00:00:00+08:00,0.9,synthetic,not_applicable,,team_generated,false,dev
EVT-N008-39,USER-N008,reminder_response,2026-07-18T16:00:00Z,SKILL-016,,,0,completed,neutral,active,low,响应任务提醒并更新完成状态,1.2.0,synthetic,true,SRC-SYNTH,2026-09-13T00:00:00+08:00,0.9,synthetic,not_applicable,,team_generated,false,dev
EVT-N008-40,USER-N008,profile_recalculated,2026-08-04T16:00:00Z,SKILL-043,,,0,completed,neutral,active,low,根据新证据重算画像与岗位匹配度,1.2.0,synthetic,true,SRC-SYNTH,2026-09-13T00:00:00+08:00,0.9,synthetic,not_applicable,,team_generated,false,dev
EVT-N009-01,USER-N009,onboarding,2024-10-10T16:00:00Z,,,,0,completed,neutral,active,low,完成基础信息和学习约束录入,1.2.0,synthetic,true,SRC-SYNTH,2026-09-13T00:00:00+08:00,0.9,synthetic,not_applicable,,team_generated,false,dev
EVT-N009-02,USER-N009,skill_assessment,2024-10-27T16:00:00Z,SKILL-019,,,3,completed,positive,progressing,low,完成能力测评并生成可解释证据,1.2.0,synthetic,true,SRC-SYNTH,2026-09-13T00:00:00+08:00,0.9,synthetic,not_applicable,,team_generated,false,dev
EVT-N009-03,USER-N009,course_started,2024-11-13T16:00:00Z,SKILL-022,RES-0004,,0,completed,neutral,active,low,开始一项与目标能力相关的课程,1.2.0,synthetic,true,SRC-SYNTH,2026-09-13T00:00:00+08:00,0.9,synthetic,not_applicable,,team_generated,false,dev
EVT-N009-04,USER-N009,task_completed,2024-11-30T16:00:00Z,SKILL-025,RES-0009,,2,completed,positive,progressing,low,完成本周学习任务,1.2.0,synthetic,true,SRC-SYNTH,2026-09-13T00:00:00+08:00,0.9,synthetic,not_applicable,,team_generated,false,dev
EVT-N009-05,USER-N009,skill_practice,2024-12-17T16:00:00Z,SKILL-048,RES-0108,,2,completed,positive,progressing,low,完成技能练习并记录反思,1.2.0,synthetic,true,SRC-SYNTH,2026-09-13T00:00:00+08:00,0.9,synthetic,not_applicable,,team_generated,false,dev
EVT-N009-06,USER-N009,course_completed,2025-01-03T16:00:00Z,SKILL-001,RES-0181,,6,completed,positive,progressing,low,完成课程并提交学习总结,1.2.0,synthetic,true,SRC-SYNTH,2026-09-13T00:00:00+08:00,0.9,synthetic,not_applicable,,team_generated,false,dev
EVT-N009-07,USER-N009,project_started,2025-01-20T16:00:00Z,SKILL-011,RES-0431,,0,completed,neutral,active,low,启动实践项目并确认里程碑,1.2.0,synthetic,true,SRC-SYNTH,2026-09-13T00:00:00+08:00,0.9,synthetic,not_applicable,,team_generated,false,dev
EVT-N009-08,USER-N009,job_viewed,2025-02-06T16:00:00Z,,,JOB-AI-ALG-0087,0,completed,neutral,active,low,查看目标岗位及能力要求,1.2.0,synthetic,true,SRC-SYNTH,2026-09-13T00:00:00+08:00,0.9,synthetic,not_applicable,,team_generated,false,dev
EVT-N009-09,USER-N009,feedback_submitted,2025-02-23T16:00:00Z,SKILL-022,,,0,completed,neutral,active,low,提交计划难度和推荐相关性反馈,1.2.0,synthetic,true,SRC-SYNTH,2026-09-13T00:00:00+08:00,0.9,synthetic,not_applicable,,team_generated,false,dev
EVT-N009-10,USER-N009,task_completed,2025-03-12T16:00:00Z,SKILL-025,RES-0145,,2,completed,positive,progressing,low,完成本周学习任务,1.2.0,synthetic,true,SRC-SYNTH,2026-09-13T00:00:00+08:00,0.9,synthetic,not_applicable,,team_generated,false,dev
EVT-N009-11,USER-N009,project_completed,2025-03-29T16:00:00Z,SKILL-048,RES-0161,,8,completed,positive,progressing,low,完成项目、说明文档和复盘,1.2.0,synthetic,true,SRC-SYNTH,2026-09-13T00:00:00+08:00,0.9,synthetic,not_applicable,,team_generated,false,dev
EVT-N009-12,USER-N009,profile_recalculated,2025-04-15T16:00:00Z,SKILL-001,,,0,completed,neutral,active,low,根据新证据重算画像与岗位匹配度,1.2.0,synthetic,true,SRC-SYNTH,2026-09-13T00:00:00+08:00,0.9,synthetic,not_applicable,,team_generated,false,dev
EVT-N009-13,USER-N009,job_saved,2025-05-02T16:00:00Z,,,JOB-AI-ALG-0013,0,completed,neutral,active,low,收藏一个模拟目标岗位,1.2.0,synthetic,true,SRC-SYNTH,2026-09-13T00:00:00+08:00,0.9,synthetic,not_applicable,,team_generated,false,dev
EVT-N009-14,USER-N009,application_submitted,2025-05-19T16:00:00Z,,,JOB-AI-ALG-0014,0,completed,neutral,active,low,向模拟岗位提交申请,1.2.0,synthetic,true,SRC-SYNTH,2026-09-13T00:00:00+08:00,0.9,synthetic,not_applicable,,team_generated,false,dev
EVT-N009-15,USER-N009,interview_result,2025-06-05T16:00:00Z,,,JOB-AI-ALG-0015,0,completed,disappointed,active,low,记录模拟面试反馈,1.2.0,synthetic,true,SRC-SYNTH,2026-09-13T00:00:00+08:00,0.9,synthetic,not_applicable,,team_generated,false,dev
EVT-N009-16,USER-N009,plan_adjusted,2025-06-22T16:00:00Z,SKILL-025,,,0,completed,neutral,plan_rebalanced,low,根据时间和反馈调整学习计划,1.2.0,synthetic,true,SRC-SYNTH,2026-09-13T00:00:00+08:00,0.9,synthetic,not_applicable,,team_generated,false,dev
EVT-N009-17,USER-N009,skill_practice,2025-07-09T16:00:00Z,SKILL-048,RES-0041,,2,completed,positive,progressing,low,完成技能练习并记录反思,1.2.0,synthetic,true,SRC-SYNTH,2026-09-13T00:00:00+08:00,0.9,synthetic,not_applicable,,team_generated,false,dev
EVT-N009-18,USER-N009,inactivity,2025-07-26T16:00:00Z,SKILL-001,,,-4,attention_needed,frustrated,learning_stalled,medium,超过设定周期未产生学习证据，触发技能衰减,1.2.0,synthetic,true,SRC-SYNTH,2026-09-13T00:00:00+08:00,0.9,synthetic,not_applicable,,team_generated,false,dev
EVT-N009-19,USER-N009,reminder_response,2025-08-12T16:00:00Z,SKILL-011,,,0,completed,neutral,active,low,响应任务提醒并更新完成状态,1.2.0,synthetic,true,SRC-SYNTH,2026-09-13T00:00:00+08:00,0.9,synthetic,not_applicable,,team_generated,false,dev
EVT-N009-20,USER-N009,profile_recalculated,2025-08-29T16:00:00Z,SKILL-019,,,0,completed,neutral,active,low,根据新证据重算画像与岗位匹配度,1.2.0,synthetic,true,SRC-SYNTH,2026-09-13T00:00:00+08:00,0.9,synthetic,not_applicable,,team_generated,false,dev
EVT-N009-21,USER-N009,onboarding,2025-09-15T16:00:00Z,,,,0,completed,neutral,active,low,完成基础信息和学习约束录入,1.2.0,synthetic,true,SRC-SYNTH,2026-09-13T00:00:00+08:00,0.9,synthetic,not_applicable,,team_generated,false,dev
EVT-N009-22,USER-N009,skill_assessment,2025-10-02T16:00:00Z,SKILL-025,,,3,completed,positive,progressing,low,完成能力测评并生成可解释证据,1.2.0,synthetic,true,SRC-SYNTH,2026-09-13T00:00:00+08:00,0.9,synthetic,not_applicable,,team_generated,false,dev
EVT-N009-23,USER-N009,course_started,2025-10-19T16:00:00Z,SKILL-048,RES-0041,,0,completed,neutral,active,low,开始一项与目标能力相关的课程,1.2.0,synthetic,true,SRC-SYNTH,2026-09-13T00:00:00+08:00,0.9,synthetic,not_applicable,,team_generated,false,dev
EVT-N009-24,USER-N009,task_completed,2025-11-05T16:00:00Z,SKILL-001,RES-0167,,2,completed,positive,progressing,low,完成本周学习任务,1.2.0,synthetic,true,SRC-SYNTH,2026-09-13T00:00:00+08:00,0.9,synthetic,not_applicable,,team_generated,false,dev
EVT-N009-25,USER-N009,skill_practice,2025-11-22T16:00:00Z,SKILL-011,RES-0431,,2,completed,positive,progressing,low,完成技能练习并记录反思,1.2.0,synthetic,true,SRC-SYNTH,2026-09-13T00:00:00+08:00,0.9,synthetic,not_applicable,,team_generated,false,dev
EVT-N009-26,USER-N009,course_completed,2025-12-09T16:00:00Z,SKILL-019,RES-0002,,6,completed,positive,progressing,low,完成课程并提交学习总结,1.2.0,synthetic,true,SRC-SYNTH,2026-09-13T00:00:00+08:00,0.9,synthetic,not_applicable,,team_generated,false,dev
EVT-N009-27,USER-N009,project_started,2025-12-26T16:00:00Z,SKILL-022,RES-0128,,0,completed,neutral,active,low,启动实践项目并确认里程碑,1.2.0,synthetic,true,SRC-SYNTH,2026-09-13T00:00:00+08:00,0.9,synthetic,not_applicable,,team_generated,false,dev
EVT-N009-28,USER-N009,job_viewed,2026-01-12T16:00:00Z,,,JOB-AI-ALG-0028,0,completed,neutral,active,low,查看目标岗位及能力要求,1.2.0,synthetic,true,SRC-SYNTH,2026-09-13T00:00:00+08:00,0.9,synthetic,not_applicable,,team_generated,false,dev
EVT-N009-29,USER-N009,feedback_submitted,2026-01-29T16:00:00Z,SKILL-048,,,0,completed,neutral,active,low,提交计划难度和推荐相关性反馈,1.2.0,synthetic,true,SRC-SYNTH,2026-09-13T00:00:00+08:00,0.9,synthetic,not_applicable,,team_generated,false,dev
EVT-N009-30,USER-N009,task_completed,2026-02-15T16:00:00Z,SKILL-001,RES-0541,,2,completed,positive,progressing,low,完成本周学习任务,1.2.0,synthetic,true,SRC-SYNTH,2026-09-13T00:00:00+08:00,0.9,synthetic,not_applicable,,team_generated,false,dev
EVT-N009-31,USER-N009,project_completed,2026-03-04T16:00:00Z,SKILL-011,RES-0424,,8,completed,positive,progressing,low,完成项目、说明文档和复盘,1.2.0,synthetic,true,SRC-SYNTH,2026-09-13T00:00:00+08:00,0.9,synthetic,not_applicable,,team_generated,false,dev
EVT-N009-32,USER-N009,profile_recalculated,2026-03-21T16:00:00Z,SKILL-019,,,0,completed,neutral,active,low,根据新证据重算画像与岗位匹配度,1.2.0,synthetic,true,SRC-SYNTH,2026-09-13T00:00:00+08:00,0.9,synthetic,not_applicable,,team_generated,false,dev
EVT-N009-33,USER-N009,job_saved,2026-04-07T16:00:00Z,,,JOB-AI-ALG-0033,0,completed,neutral,active,low,收藏一个模拟目标岗位,1.2.0,synthetic,true,SRC-SYNTH,2026-09-13T00:00:00+08:00,0.9,synthetic,not_applicable,,team_generated,false,dev
EVT-N009-34,USER-N009,application_submitted,2026-04-24T16:00:00Z,,,JOB-AI-ALG-0034,0,completed,neutral,active,low,向模拟岗位提交申请,1.2.0,synthetic,true,SRC-SYNTH,2026-09-13T00:00:00+08:00,0.9,synthetic,not_applicable,,team_generated,false,dev
EVT-N009-35,USER-N009,interview_result,2026-05-11T16:00:00Z,,,JOB-AI-ALG-0035,0,completed,disappointed,active,low,记录模拟面试反馈,1.2.0,synthetic,true,SRC-SYNTH,2026-09-13T00:00:00+08:00,0.9,synthetic,not_applicable,,team_generated,false,dev
EVT-N009-36,USER-N009,plan_adjusted,2026-05-28T16:00:00Z,SKILL-001,,,0,completed,neutral,plan_rebalanced,low,根据时间和反馈调整学习计划,1.2.0,synthetic,true,SRC-SYNTH,2026-09-13T00:00:00+08:00,0.9,synthetic,not_applicable,,team_generated,false,dev
EVT-N009-37,USER-N009,skill_practice,2026-06-14T16:00:00Z,SKILL-011,RES-0071,,2,completed,positive,progressing,low,完成技能练习并记录反思,1.2.0,synthetic,true,SRC-SYNTH,2026-09-13T00:00:00+08:00,0.9,synthetic,not_applicable,,team_generated,false,dev
EVT-N009-38,USER-N009,inactivity,2026-07-01T16:00:00Z,SKILL-019,,,-4,attention_needed,frustrated,learning_stalled,medium,超过设定周期未产生学习证据，触发技能衰减,1.2.0,synthetic,true,SRC-SYNTH,2026-09-13T00:00:00+08:00,0.9,synthetic,not_applicable,,team_generated,false,dev
EVT-N009-39,USER-N009,reminder_response,2026-07-18T16:00:00Z,SKILL-022,,,0,completed,neutral,active,low,响应任务提醒并更新完成状态,1.2.0,synthetic,true,SRC-SYNTH,2026-09-13T00:00:00+08:00,0.9,synthetic,not_applicable,,team_generated,false,dev
EVT-N009-40,USER-N009,profile_recalculated,2026-08-04T16:00:00Z,SKILL-025,,,0,completed,neutral,active,low,根据新证据重算画像与岗位匹配度,1.2.0,synthetic,true,SRC-SYNTH,2026-09-13T00:00:00+08:00,0.9,synthetic,not_applicable,,team_generated,false,dev
EVT-N010-01,USER-N010,onboarding,2024-10-10T16:00:00Z,,,,0,completed,neutral,active,low,完成基础信息和学习约束录入,1.2.0,synthetic,true,SRC-SYNTH,2026-09-13T00:00:00+08:00,0.9,synthetic,not_applicable,,team_generated,false,dev
EVT-N010-02,USER-N010,skill_assessment,2024-10-27T16:00:00Z,SKILL-039,,,3,completed,positive,progressing,low,完成能力测评并生成可解释证据,1.2.0,synthetic,true,SRC-SYNTH,2026-09-13T00:00:00+08:00,0.9,synthetic,not_applicable,,team_generated,false,dev
EVT-N010-03,USER-N010,course_started,2024-11-13T16:00:00Z,SKILL-001,RES-0181,,0,completed,neutral,active,low,开始一项与目标能力相关的课程,1.2.0,synthetic,true,SRC-SYNTH,2026-09-13T00:00:00+08:00,0.9,synthetic,not_applicable,,team_generated,false,dev
EVT-N010-04,USER-N010,task_completed,2024-11-30T16:00:00Z,SKILL-009,RES-0129,,2,completed,positive,progressing,low,完成本周学习任务,1.2.0,synthetic,true,SRC-SYNTH,2026-09-13T00:00:00+08:00,0.9,synthetic,not_applicable,,team_generated,false,dev
EVT-N010-05,USER-N010,skill_practice,2024-12-17T16:00:00Z,SKILL-027,RES-0147,,2,completed,positive,progressing,low,完成技能练习并记录反思,1.2.0,synthetic,true,SRC-SYNTH,2026-09-13T00:00:00+08:00,0.9,synthetic,not_applicable,,team_generated,false,dev
EVT-N010-06,USER-N010,course_completed,2025-01-03T16:00:00Z,SKILL-030,RES-0143,,6,completed,positive,progressing,low,完成课程并提交学习总结,1.2.0,synthetic,true,SRC-SYNTH,2026-09-13T00:00:00+08:00,0.9,synthetic,not_applicable,,team_generated,false,dev
EVT-N010-07,USER-N010,project_started,2025-01-20T16:00:00Z,SKILL-036,RES-0036,,0,completed,neutral,active,low,启动实践项目并确认里程碑,1.2.0,synthetic,true,SRC-SYNTH,2026-09-13T00:00:00+08:00,0.9,synthetic,not_applicable,,team_generated,false,dev
EVT-N010-08,USER-N010,job_viewed,2025-02-06T16:00:00Z,,,JOB-AI-APP-0087,0,completed,neutral,active,low,查看目标岗位及能力要求,1.2.0,synthetic,true,SRC-SYNTH,2026-09-13T00:00:00+08:00,0.9,synthetic,not_applicable,,team_generated,false,dev
EVT-N010-09,USER-N010,feedback_submitted,2025-02-23T16:00:00Z,SKILL-001,,,0,completed,neutral,active,low,提交计划难度和推荐相关性反馈,1.2.0,synthetic,true,SRC-SYNTH,2026-09-13T00:00:00+08:00,0.9,synthetic,not_applicable,,team_generated,false,dev
EVT-N010-10,USER-N010,task_completed,2025-03-12T16:00:00Z,SKILL-009,RES-0129,,2,completed,positive,progressing,low,完成本周学习任务,1.2.0,synthetic,true,SRC-SYNTH,2026-09-13T00:00:00+08:00,0.9,synthetic,not_applicable,,team_generated,false,dev
EVT-N010-11,USER-N010,project_completed,2025-03-29T16:00:00Z,SKILL-027,RES-0027,,8,completed,positive,progressing,low,完成项目、说明文档和复盘,1.2.0,synthetic,true,SRC-SYNTH,2026-09-13T00:00:00+08:00,0.9,synthetic,not_applicable,,team_generated,false,dev
EVT-N010-12,USER-N010,profile_recalculated,2025-04-15T16:00:00Z,SKILL-030,,,0,completed,neutral,active,low,根据新证据重算画像与岗位匹配度,1.2.0,synthetic,true,SRC-SYNTH,2026-09-13T00:00:00+08:00,0.9,synthetic,not_applicable,,team_generated,false,dev
EVT-N010-13,USER-N010,job_saved,2025-05-02T16:00:00Z,,,JOB-AI-APP-0013,0,completed,neutral,active,low,收藏一个模拟目标岗位,1.2.0,synthetic,true,SRC-SYNTH,2026-09-13T00:00:00+08:00,0.9,synthetic,not_applicable,,team_generated,false,dev
EVT-N010-14,USER-N010,application_submitted,2025-05-19T16:00:00Z,,,JOB-AI-APP-0014,0,completed,neutral,active,low,向模拟岗位提交申请,1.2.0,synthetic,true,SRC-SYNTH,2026-09-13T00:00:00+08:00,0.9,synthetic,not_applicable,,team_generated,false,dev
EVT-N010-15,USER-N010,interview_result,2025-06-05T16:00:00Z,,,JOB-AI-APP-0015,0,completed,disappointed,active,low,记录模拟面试反馈,1.2.0,synthetic,true,SRC-SYNTH,2026-09-13T00:00:00+08:00,0.9,synthetic,not_applicable,,team_generated,false,dev
EVT-N010-16,USER-N010,plan_adjusted,2025-06-22T16:00:00Z,SKILL-009,,,0,completed,neutral,plan_rebalanced,low,根据时间和反馈调整学习计划,1.2.0,synthetic,true,SRC-SYNTH,2026-09-13T00:00:00+08:00,0.9,synthetic,not_applicable,,team_generated,false,dev
EVT-N010-17,USER-N010,skill_practice,2025-07-09T16:00:00Z,SKILL-027,RES-0447,,2,completed,positive,progressing,low,完成技能练习并记录反思,1.2.0,synthetic,true,SRC-SYNTH,2026-09-13T00:00:00+08:00,0.9,synthetic,not_applicable,,team_generated,false,dev
EVT-N010-18,USER-N010,inactivity,2025-07-26T16:00:00Z,SKILL-030,,,-4,attention_needed,frustrated,learning_stalled,medium,超过设定周期未产生学习证据，触发技能衰减,1.2.0,synthetic,true,SRC-SYNTH,2026-09-13T00:00:00+08:00,0.9,synthetic,not_applicable,,team_generated,false,dev
EVT-N010-19,USER-N010,reminder_response,2025-08-12T16:00:00Z,SKILL-036,,,0,completed,neutral,active,low,响应任务提醒并更新完成状态,1.2.0,synthetic,true,SRC-SYNTH,2026-09-13T00:00:00+08:00,0.9,synthetic,not_applicable,,team_generated,false,dev
EVT-N010-20,USER-N010,profile_recalculated,2025-08-29T16:00:00Z,SKILL-039,,,0,completed,neutral,active,low,根据新证据重算画像与岗位匹配度,1.2.0,synthetic,true,SRC-SYNTH,2026-09-13T00:00:00+08:00,0.9,synthetic,not_applicable,,team_generated,false,dev
EVT-N010-21,USER-N010,onboarding,2025-09-15T16:00:00Z,,,,0,completed,neutral,active,low,完成基础信息和学习约束录入,1.2.0,synthetic,true,SRC-SYNTH,2026-09-13T00:00:00+08:00,0.9,synthetic,not_applicable,,team_generated,false,dev
EVT-N010-22,USER-N010,skill_assessment,2025-10-02T16:00:00Z,SKILL-009,,,3,completed,positive,progressing,low,完成能力测评并生成可解释证据,1.2.0,synthetic,true,SRC-SYNTH,2026-09-13T00:00:00+08:00,0.9,synthetic,not_applicable,,team_generated,false,dev
EVT-N010-23,USER-N010,course_started,2025-10-19T16:00:00Z,SKILL-027,RES-0018,,0,completed,neutral,active,low,开始一项与目标能力相关的课程,1.2.0,synthetic,true,SRC-SYNTH,2026-09-13T00:00:00+08:00,0.9,synthetic,not_applicable,,team_generated,false,dev
EVT-N010-24,USER-N010,task_completed,2025-11-05T16:00:00Z,SKILL-030,RES-0030,,2,completed,positive,progressing,low,完成本周学习任务,1.2.0,synthetic,true,SRC-SYNTH,2026-09-13T00:00:00+08:00,0.9,synthetic,not_applicable,,team_generated,false,dev
EVT-N010-25,USER-N010,skill_practice,2025-11-22T16:00:00Z,SKILL-036,RES-0149,,2,completed,positive,progressing,low,完成技能练习并记录反思,1.2.0,synthetic,true,SRC-SYNTH,2026-09-13T00:00:00+08:00,0.9,synthetic,not_applicable,,team_generated,false,dev
EVT-N010-26,USER-N010,course_completed,2025-12-09T16:00:00Z,SKILL-039,RES-0159,,6,completed,positive,progressing,low,完成课程并提交学习总结,1.2.0,synthetic,true,SRC-SYNTH,2026-09-13T00:00:00+08:00,0.9,synthetic,not_applicable,,team_generated,false,dev
EVT-N010-27,USER-N010,project_started,2025-12-26T16:00:00Z,SKILL-001,RES-0167,,0,completed,neutral,active,low,启动实践项目并确认里程碑,1.2.0,synthetic,true,SRC-SYNTH,2026-09-13T00:00:00+08:00,0.9,synthetic,not_applicable,,team_generated,false,dev
EVT-N010-28,USER-N010,job_viewed,2026-01-12T16:00:00Z,,,JOB-AI-APP-0028,0,completed,neutral,active,low,查看目标岗位及能力要求,1.2.0,synthetic,true,SRC-SYNTH,2026-09-13T00:00:00+08:00,0.9,synthetic,not_applicable,,team_generated,false,dev
EVT-N010-29,USER-N010,feedback_submitted,2026-01-29T16:00:00Z,SKILL-027,,,0,completed,neutral,active,low,提交计划难度和推荐相关性反馈,1.2.0,synthetic,true,SRC-SYNTH,2026-09-13T00:00:00+08:00,0.9,synthetic,not_applicable,,team_generated,false,dev
EVT-N010-30,USER-N010,task_completed,2026-02-15T16:00:00Z,SKILL-030,RES-0330,,2,completed,positive,progressing,low,完成本周学习任务,1.2.0,synthetic,true,SRC-SYNTH,2026-09-13T00:00:00+08:00,0.9,synthetic,not_applicable,,team_generated,false,dev
EVT-N010-31,USER-N010,project_completed,2026-03-04T16:00:00Z,SKILL-036,RES-0029,,8,completed,positive,progressing,low,完成项目、说明文档和复盘,1.2.0,synthetic,true,SRC-SYNTH,2026-09-13T00:00:00+08:00,0.9,synthetic,not_applicable,,team_generated,false,dev
EVT-N010-32,USER-N010,profile_recalculated,2026-03-21T16:00:00Z,SKILL-039,,,0,completed,neutral,active,low,根据新证据重算画像与岗位匹配度,1.2.0,synthetic,true,SRC-SYNTH,2026-09-13T00:00:00+08:00,0.9,synthetic,not_applicable,,team_generated,false,dev
EVT-N010-33,USER-N010,job_saved,2026-04-07T16:00:00Z,,,JOB-AI-APP-0033,0,completed,neutral,active,low,收藏一个模拟目标岗位,1.2.0,synthetic,true,SRC-SYNTH,2026-09-13T00:00:00+08:00,0.9,synthetic,not_applicable,,team_generated,false,dev
EVT-N010-34,USER-N010,application_submitted,2026-04-24T16:00:00Z,,,JOB-AI-APP-0034,0,completed,neutral,active,low,向模拟岗位提交申请,1.2.0,synthetic,true,SRC-SYNTH,2026-09-13T00:00:00+08:00,0.9,synthetic,not_applicable,,team_generated,false,dev
EVT-N010-35,USER-N010,interview_result,2026-05-11T16:00:00Z,,,JOB-AI-APP-0035,0,completed,disappointed,active,low,记录模拟面试反馈,1.2.0,synthetic,true,SRC-SYNTH,2026-09-13T00:00:00+08:00,0.9,synthetic,not_applicable,,team_generated,false,dev
EVT-N010-36,USER-N010,plan_adjusted,2026-05-28T16:00:00Z,SKILL-030,,,0,completed,neutral,plan_rebalanced,low,根据时间和反馈调整学习计划,1.2.0,synthetic,true,SRC-SYNTH,2026-09-13T00:00:00+08:00,0.9,synthetic,not_applicable,,team_generated,false,dev
EVT-N010-37,USER-N010,skill_practice,2026-06-14T16:00:00Z,SKILL-036,RES-0036,,2,completed,positive,progressing,low,完成技能练习并记录反思,1.2.0,synthetic,true,SRC-SYNTH,2026-09-13T00:00:00+08:00,0.9,synthetic,not_applicable,,team_generated,false,dev
EVT-N010-38,USER-N010,inactivity,2026-07-01T16:00:00Z,SKILL-039,,,-4,attention_needed,frustrated,learning_stalled,medium,超过设定周期未产生学习证据，触发技能衰减,1.2.0,synthetic,true,SRC-SYNTH,2026-09-13T00:00:00+08:00,0.9,synthetic,not_applicable,,team_generated,false,dev
EVT-N010-39,USER-N010,reminder_response,2026-07-18T16:00:00Z,SKILL-001,,,0,completed,neutral,active,low,响应任务提醒并更新完成状态,1.2.0,synthetic,true,SRC-SYNTH,2026-09-13T00:00:00+08:00,0.9,synthetic,not_applicable,,team_generated,false,dev
EVT-N010-40,USER-N010,profile_recalculated,2026-08-04T16:00:00Z,SKILL-009,,,0,completed,neutral,active,low,根据新证据重算画像与岗位匹配度,1.2.0,synthetic,true,SRC-SYNTH,2026-09-13T00:00:00+08:00,0.9,synthetic,not_applicable,,team_generated,false,dev
EVT-N011-01,USER-N011,onboarding,2024-10-10T16:00:00Z,,,,0,completed,neutral,active,low,完成基础信息和学习约束录入,1.2.0,synthetic,true,SRC-SYNTH,2026-09-13T00:00:00+08:00,0.9,synthetic,not_applicable,,team_generated,false,dev
EVT-N011-02,USER-N011,skill_assessment,2024-10-27T16:00:00Z,SKILL-049,,,3,completed,positive,progressing,low,完成能力测评并生成可解释证据,1.2.0,synthetic,true,SRC-SYNTH,2026-09-13T00:00:00+08:00,0.9,synthetic,not_applicable,,team_generated,false,dev
EVT-N011-03,USER-N011,course_started,2024-11-13T16:00:00Z,SKILL-009,RES-0122,,0,completed,neutral,active,low,开始一项与目标能力相关的课程,1.2.0,synthetic,true,SRC-SYNTH,2026-09-13T00:00:00+08:00,0.9,synthetic,not_applicable,,team_generated,false,dev
EVT-N011-04,USER-N011,task_completed,2024-11-30T16:00:00Z,SKILL-012,RES-0132,,2,completed,positive,progressing,low,完成本周学习任务,1.2.0,synthetic,true,SRC-SYNTH,2026-09-13T00:00:00+08:00,0.9,synthetic,not_applicable,,team_generated,false,dev
EVT-N011-05,USER-N011,skill_practice,2024-12-17T16:00:00Z,SKILL-015,RES-0135,,2,completed,positive,progressing,low,完成技能练习并记录反思,1.2.0,synthetic,true,SRC-SYNTH,2026-09-13T00:00:00+08:00,0.9,synthetic,not_applicable,,team_generated,false,dev
EVT-N011-06,USER-N011,course_completed,2025-01-03T16:00:00Z,SKILL-041,RES-0161,,6,completed,positive,progressing,low,完成课程并提交学习总结,1.2.0,synthetic,true,SRC-SYNTH,2026-09-13T00:00:00+08:00,0.9,synthetic,not_applicable,,team_generated,false,dev
EVT-N011-07,USER-N011,project_started,2025-01-20T16:00:00Z,SKILL-045,RES-0038,,0,completed,neutral,active,low,启动实践项目并确认里程碑,1.2.0,synthetic,true,SRC-SYNTH,2026-09-13T00:00:00+08:00,0.9,synthetic,not_applicable,,team_generated,false,dev
EVT-N011-08,USER-N011,job_viewed,2025-02-06T16:00:00Z,,,JOB-DATA-0087,0,completed,neutral,active,low,查看目标岗位及能力要求,1.2.0,synthetic,true,SRC-SYNTH,2026-09-13T00:00:00+08:00,0.9,synthetic,not_applicable,,team_generated,false,dev
EVT-N011-09,USER-N011,feedback_submitted,2025-02-23T16:00:00Z,SKILL-009,,,0,completed,neutral,active,low,提交计划难度和推荐相关性反馈,1.2.0,synthetic,true,SRC-SYNTH,2026-09-13T00:00:00+08:00,0.9,synthetic,not_applicable,,team_generated,false,dev
EVT-N011-10,USER-N011,task_completed,2025-03-12T16:00:00Z,SKILL-012,RES-0125,,2,completed,positive,progressing,low,完成本周学习任务,1.2.0,synthetic,true,SRC-SYNTH,2026-09-13T00:00:00+08:00,0.9,synthetic,not_applicable,,team_generated,false,dev
EVT-N011-11,USER-N011,project_completed,2025-03-29T16:00:00Z,SKILL-015,RES-0188,,8,completed,positive,progressing,low,完成项目、说明文档和复盘,1.2.0,synthetic,true,SRC-SYNTH,2026-09-13T00:00:00+08:00,0.9,synthetic,not_applicable,,team_generated,false,dev
EVT-N011-12,USER-N011,profile_recalculated,2025-04-15T16:00:00Z,SKILL-041,,,0,completed,neutral,active,low,根据新证据重算画像与岗位匹配度,1.2.0,synthetic,true,SRC-SYNTH,2026-09-13T00:00:00+08:00,0.9,synthetic,not_applicable,,team_generated,false,dev
EVT-N011-13,USER-N011,job_saved,2025-05-02T16:00:00Z,,,JOB-DATA-0013,0,completed,neutral,active,low,收藏一个模拟目标岗位,1.2.0,synthetic,true,SRC-SYNTH,2026-09-13T00:00:00+08:00,0.9,synthetic,not_applicable,,team_generated,false,dev
EVT-N011-14,USER-N011,application_submitted,2025-05-19T16:00:00Z,,,JOB-DATA-0014,0,completed,neutral,active,low,向模拟岗位提交申请,1.2.0,synthetic,true,SRC-SYNTH,2026-09-13T00:00:00+08:00,0.9,synthetic,not_applicable,,team_generated,false,dev
EVT-N011-15,USER-N011,interview_result,2025-06-05T16:00:00Z,,,JOB-DATA-0015,0,completed,disappointed,active,low,记录模拟面试反馈,1.2.0,synthetic,true,SRC-SYNTH,2026-09-13T00:00:00+08:00,0.9,synthetic,not_applicable,,team_generated,false,dev
EVT-N011-16,USER-N011,plan_adjusted,2025-06-22T16:00:00Z,SKILL-012,,,0,completed,neutral,plan_rebalanced,low,根据时间和反馈调整学习计划,1.2.0,synthetic,true,SRC-SYNTH,2026-09-13T00:00:00+08:00,0.9,synthetic,not_applicable,,team_generated,false,dev
EVT-N011-17,USER-N011,skill_practice,2025-07-09T16:00:00Z,SKILL-015,RES-0128,,2,completed,positive,progressing,low,完成技能练习并记录反思,1.2.0,synthetic,true,SRC-SYNTH,2026-09-13T00:00:00+08:00,0.9,synthetic,not_applicable,,team_generated,false,dev
EVT-N011-18,USER-N011,inactivity,2025-07-26T16:00:00Z,SKILL-041,,,-4,attention_needed,frustrated,learning_stalled,medium,超过设定周期未产生学习证据，触发技能衰减,1.2.0,synthetic,true,SRC-SYNTH,2026-09-13T00:00:00+08:00,0.9,synthetic,not_applicable,,team_generated,false,dev
EVT-N011-19,USER-N011,reminder_response,2025-08-12T16:00:00Z,SKILL-045,,,0,completed,neutral,active,low,响应任务提醒并更新完成状态,1.2.0,synthetic,true,SRC-SYNTH,2026-09-13T00:00:00+08:00,0.9,synthetic,not_applicable,,team_generated,false,dev
EVT-N011-20,USER-N011,profile_recalculated,2025-08-29T16:00:00Z,SKILL-049,,,0,completed,neutral,active,low,根据新证据重算画像与岗位匹配度,1.2.0,synthetic,true,SRC-SYNTH,2026-09-13T00:00:00+08:00,0.9,synthetic,not_applicable,,team_generated,false,dev
EVT-N011-21,USER-N011,onboarding,2025-09-15T16:00:00Z,,,,0,completed,neutral,active,low,完成基础信息和学习约束录入,1.2.0,synthetic,true,SRC-SYNTH,2026-09-13T00:00:00+08:00,0.9,synthetic,not_applicable,,team_generated,false,dev
EVT-N011-22,USER-N011,skill_assessment,2025-10-02T16:00:00Z,SKILL-012,,,3,completed,positive,progressing,low,完成能力测评并生成可解释证据,1.2.0,synthetic,true,SRC-SYNTH,2026-09-13T00:00:00+08:00,0.9,synthetic,not_applicable,,team_generated,false,dev
EVT-N011-23,USER-N011,course_started,2025-10-19T16:00:00Z,SKILL-015,RES-0128,,0,completed,neutral,active,low,开始一项与目标能力相关的课程,1.2.0,synthetic,true,SRC-SYNTH,2026-09-13T00:00:00+08:00,0.9,synthetic,not_applicable,,team_generated,false,dev
EVT-N011-24,USER-N011,task_completed,2025-11-05T16:00:00Z,SKILL-041,RES-0161,,2,completed,positive,progressing,low,完成本周学习任务,1.2.0,synthetic,true,SRC-SYNTH,2026-09-13T00:00:00+08:00,0.9,synthetic,not_applicable,,team_generated,false,dev
EVT-N011-25,USER-N011,skill_practice,2025-11-22T16:00:00Z,SKILL-045,RES-0158,,2,completed,positive,progressing,low,完成技能练习并记录反思,1.2.0,synthetic,true,SRC-SYNTH,2026-09-13T00:00:00+08:00,0.9,synthetic,not_applicable,,team_generated,false,dev
EVT-N011-26,USER-N011,course_completed,2025-12-09T16:00:00Z,SKILL-049,RES-0169,,6,completed,positive,progressing,low,完成课程并提交学习总结,1.2.0,synthetic,true,SRC-SYNTH,2026-09-13T00:00:00+08:00,0.9,synthetic,not_applicable,,team_generated,false,dev
EVT-N011-27,USER-N011,project_started,2025-12-26T16:00:00Z,SKILL-009,RES-0182,,0,completed,neutral,active,low,启动实践项目并确认里程碑,1.2.0,synthetic,true,SRC-SYNTH,2026-09-13T00:00:00+08:00,0.9,synthetic,not_applicable,,team_generated,false,dev
EVT-N011-28,USER-N011,job_viewed,2026-01-12T16:00:00Z,,,JOB-DATA-0028,0,completed,neutral,active,low,查看目标岗位及能力要求,1.2.0,synthetic,true,SRC-SYNTH,2026-09-13T00:00:00+08:00,0.9,synthetic,not_applicable,,team_generated,false,dev
EVT-N011-29,USER-N011,feedback_submitted,2026-01-29T16:00:00Z,SKILL-015,,,0,completed,neutral,active,low,提交计划难度和推荐相关性反馈,1.2.0,synthetic,true,SRC-SYNTH,2026-09-13T00:00:00+08:00,0.9,synthetic,not_applicable,,team_generated,false,dev
EVT-N011-30,USER-N011,task_completed,2026-02-15T16:00:00Z,SKILL-041,RES-0041,,2,completed,positive,progressing,low,完成本周学习任务,1.2.0,synthetic,true,SRC-SYNTH,2026-09-13T00:00:00+08:00,0.9,synthetic,not_applicable,,team_generated,false,dev
EVT-N011-31,USER-N011,project_completed,2026-03-04T16:00:00Z,SKILL-045,RES-0038,,8,completed,positive,progressing,low,完成项目、说明文档和复盘,1.2.0,synthetic,true,SRC-SYNTH,2026-09-13T00:00:00+08:00,0.9,synthetic,not_applicable,,team_generated,false,dev
EVT-N011-32,USER-N011,profile_recalculated,2026-03-21T16:00:00Z,SKILL-049,,,0,completed,neutral,active,low,根据新证据重算画像与岗位匹配度,1.2.0,synthetic,true,SRC-SYNTH,2026-09-13T00:00:00+08:00,0.9,synthetic,not_applicable,,team_generated,false,dev
EVT-N011-33,USER-N011,job_saved,2026-04-07T16:00:00Z,,,JOB-DATA-0033,0,completed,neutral,active,low,收藏一个模拟目标岗位,1.2.0,synthetic,true,SRC-SYNTH,2026-09-13T00:00:00+08:00,0.9,synthetic,not_applicable,,team_generated,false,dev
EVT-N011-34,USER-N011,application_submitted,2026-04-24T16:00:00Z,,,JOB-DATA-0034,0,completed,neutral,active,low,向模拟岗位提交申请,1.2.0,synthetic,true,SRC-SYNTH,2026-09-13T00:00:00+08:00,0.9,synthetic,not_applicable,,team_generated,false,dev
EVT-N011-35,USER-N011,interview_result,2026-05-11T16:00:00Z,,,JOB-DATA-0035,0,completed,disappointed,active,low,记录模拟面试反馈,1.2.0,synthetic,true,SRC-SYNTH,2026-09-13T00:00:00+08:00,0.9,synthetic,not_applicable,,team_generated,false,dev
EVT-N011-36,USER-N011,plan_adjusted,2026-05-28T16:00:00Z,SKILL-041,,,0,completed,neutral,plan_rebalanced,low,根据时间和反馈调整学习计划,1.2.0,synthetic,true,SRC-SYNTH,2026-09-13T00:00:00+08:00,0.9,synthetic,not_applicable,,team_generated,false,dev
EVT-N011-37,USER-N011,skill_practice,2026-06-14T16:00:00Z,SKILL-045,RES-0038,,2,completed,positive,progressing,low,完成技能练习并记录反思,1.2.0,synthetic,true,SRC-SYNTH,2026-09-13T00:00:00+08:00,0.9,synthetic,not_applicable,,team_generated,false,dev
EVT-N011-38,USER-N011,inactivity,2026-07-01T16:00:00Z,SKILL-049,,,-4,attention_needed,frustrated,learning_stalled,medium,超过设定周期未产生学习证据，触发技能衰减,1.2.0,synthetic,true,SRC-SYNTH,2026-09-13T00:00:00+08:00,0.9,synthetic,not_applicable,,team_generated,false,dev
EVT-N011-39,USER-N011,reminder_response,2026-07-18T16:00:00Z,SKILL-009,,,0,completed,neutral,active,low,响应任务提醒并更新完成状态,1.2.0,synthetic,true,SRC-SYNTH,2026-09-13T00:00:00+08:00,0.9,synthetic,not_applicable,,team_generated,false,dev
EVT-N011-40,USER-N011,profile_recalculated,2026-08-04T16:00:00Z,SKILL-012,,,0,completed,neutral,active,low,根据新证据重算画像与岗位匹配度,1.2.0,synthetic,true,SRC-SYNTH,2026-09-13T00:00:00+08:00,0.9,synthetic,not_applicable,,team_generated,false,dev
EVT-N012-01,USER-N012,onboarding,2024-10-10T16:00:00Z,,,,0,completed,neutral,active,low,完成基础信息和学习约束录入,1.2.0,synthetic,true,SRC-SYNTH,2026-09-13T00:00:00+08:00,0.9,synthetic,not_applicable,,team_generated,false,dev
EVT-N012-02,USER-N012,skill_assessment,2024-10-27T16:00:00Z,SKILL-054,,,3,completed,positive,progressing,low,完成能力测评并生成可解释证据,1.2.0,synthetic,true,SRC-SYNTH,2026-09-13T00:00:00+08:00,0.9,synthetic,not_applicable,,team_generated,false,dev
EVT-N012-03,USER-N012,course_started,2024-11-13T16:00:00Z,SKILL-010,RES-0190,,0,completed,neutral,active,low,开始一项与目标能力相关的课程,1.2.0,synthetic,true,SRC-SYNTH,2026-09-13T00:00:00+08:00,0.9,synthetic,not_applicable,,team_generated,false,dev
EVT-N012-04,USER-N012,task_completed,2024-11-30T16:00:00Z,SKILL-018,RES-0138,,2,completed,positive,progressing,low,完成本周学习任务,1.2.0,synthetic,true,SRC-SYNTH,2026-09-13T00:00:00+08:00,0.9,synthetic,not_applicable,,team_generated,false,dev
EVT-N012-05,USER-N012,skill_practice,2024-12-17T16:00:00Z,SKILL-021,RES-0141,,2,completed,positive,progressing,low,完成技能练习并记录反思,1.2.0,synthetic,true,SRC-SYNTH,2026-09-13T00:00:00+08:00,0.9,synthetic,not_applicable,,team_generated,false,dev
EVT-N012-06,USER-N012,course_completed,2025-01-03T16:00:00Z,SKILL-024,RES-0197,,6,completed,positive,progressing,low,完成课程并提交学习总结,1.2.0,synthetic,true,SRC-SYNTH,2026-09-13T00:00:00+08:00,0.9,synthetic,not_applicable,,team_generated,false,dev
EVT-N012-07,USER-N012,project_started,2025-01-20T16:00:00Z,SKILL-036,RES-0036,,0,completed,neutral,active,low,启动实践项目并确认里程碑,1.2.0,synthetic,true,SRC-SYNTH,2026-09-13T00:00:00+08:00,0.9,synthetic,not_applicable,,team_generated,false,dev
EVT-N012-08,USER-N012,job_viewed,2025-02-06T16:00:00Z,,,JOB-AI-ALG-0087,0,completed,neutral,active,low,查看目标岗位及能力要求,1.2.0,synthetic,true,SRC-SYNTH,2026-09-13T00:00:00+08:00,0.9,synthetic,not_applicable,,team_generated,false,dev
EVT-N012-09,USER-N012,feedback_submitted,2025-02-23T16:00:00Z,SKILL-010,,,0,completed,neutral,active,low,提交计划难度和推荐相关性反馈,1.2.0,synthetic,true,SRC-SYNTH,2026-09-13T00:00:00+08:00,0.9,synthetic,not_applicable,,team_generated,false,dev
EVT-N012-10,USER-N012,task_completed,2025-03-12T16:00:00Z,SKILL-018,RES-0131,,2,completed,positive,progressing,low,完成本周学习任务,1.2.0,synthetic,true,SRC-SYNTH,2026-09-13T00:00:00+08:00,0.9,synthetic,not_applicable,,team_generated,false,dev
EVT-N012-11,USER-N012,project_completed,2025-03-29T16:00:00Z,SKILL-021,RES-0004,,8,completed,positive,progressing,low,完成项目、说明文档和复盘,1.2.0,synthetic,true,SRC-SYNTH,2026-09-13T00:00:00+08:00,0.9,synthetic,not_applicable,,team_generated,false,dev
EVT-N012-12,USER-N012,profile_recalculated,2025-04-15T16:00:00Z,SKILL-024,,,0,completed,neutral,active,low,根据新证据重算画像与岗位匹配度,1.2.0,synthetic,true,SRC-SYNTH,2026-09-13T00:00:00+08:00,0.9,synthetic,not_applicable,,team_generated,false,dev
EVT-N012-13,USER-N012,job_saved,2025-05-02T16:00:00Z,,,JOB-AI-ALG-0013,0,completed,neutral,active,low,收藏一个模拟目标岗位,1.2.0,synthetic,true,SRC-SYNTH,2026-09-13T00:00:00+08:00,0.9,synthetic,not_applicable,,team_generated,false,dev
EVT-N012-14,USER-N012,application_submitted,2025-05-19T16:00:00Z,,,JOB-AI-ALG-0014,0,completed,neutral,active,low,向模拟岗位提交申请,1.2.0,synthetic,true,SRC-SYNTH,2026-09-13T00:00:00+08:00,0.9,synthetic,not_applicable,,team_generated,false,dev
EVT-N012-15,USER-N012,interview_result,2025-06-05T16:00:00Z,,,JOB-AI-ALG-0015,0,completed,disappointed,active,low,记录模拟面试反馈,1.2.0,synthetic,true,SRC-SYNTH,2026-09-13T00:00:00+08:00,0.9,synthetic,not_applicable,,team_generated,false,dev
EVT-N012-16,USER-N012,plan_adjusted,2025-06-22T16:00:00Z,SKILL-018,,,0,completed,neutral,plan_rebalanced,low,根据时间和反馈调整学习计划,1.2.0,synthetic,true,SRC-SYNTH,2026-09-13T00:00:00+08:00,0.9,synthetic,not_applicable,,team_generated,false,dev
EVT-N012-17,USER-N012,skill_practice,2025-07-09T16:00:00Z,SKILL-021,RES-0314,,2,completed,positive,progressing,low,完成技能练习并记录反思,1.2.0,synthetic,true,SRC-SYNTH,2026-09-13T00:00:00+08:00,0.9,synthetic,not_applicable,,team_generated,false,dev
EVT-N012-18,USER-N012,inactivity,2025-07-26T16:00:00Z,SKILL-024,,,-4,attention_needed,frustrated,learning_stalled,medium,超过设定周期未产生学习证据，触发技能衰减,1.2.0,synthetic,true,SRC-SYNTH,2026-09-13T00:00:00+08:00,0.9,synthetic,not_applicable,,team_generated,false,dev
EVT-N012-19,USER-N012,reminder_response,2025-08-12T16:00:00Z,SKILL-036,,,0,completed,neutral,active,low,响应任务提醒并更新完成状态,1.2.0,synthetic,true,SRC-SYNTH,2026-09-13T00:00:00+08:00,0.9,synthetic,not_applicable,,team_generated,false,dev
EVT-N012-20,USER-N012,profile_recalculated,2025-08-29T16:00:00Z,SKILL-054,,,0,completed,neutral,active,low,根据新证据重算画像与岗位匹配度,1.2.0,synthetic,true,SRC-SYNTH,2026-09-13T00:00:00+08:00,0.9,synthetic,not_applicable,,team_generated,false,dev
EVT-N012-21,USER-N012,onboarding,2025-09-15T16:00:00Z,,,,0,completed,neutral,active,low,完成基础信息和学习约束录入,1.2.0,synthetic,true,SRC-SYNTH,2026-09-13T00:00:00+08:00,0.9,synthetic,not_applicable,,team_generated,false,dev
EVT-N012-22,USER-N012,skill_assessment,2025-10-02T16:00:00Z,SKILL-018,,,3,completed,positive,progressing,low,完成能力测评并生成可解释证据,1.2.0,synthetic,true,SRC-SYNTH,2026-09-13T00:00:00+08:00,0.9,synthetic,not_applicable,,team_generated,false,dev
EVT-N012-23,USER-N012,course_started,2025-10-19T16:00:00Z,SKILL-021,RES-0134,,0,completed,neutral,active,low,开始一项与目标能力相关的课程,1.2.0,synthetic,true,SRC-SYNTH,2026-09-13T00:00:00+08:00,0.9,synthetic,not_applicable,,team_generated,false,dev
EVT-N012-24,USER-N012,task_completed,2025-11-05T16:00:00Z,SKILL-024,RES-0144,,2,completed,positive,progressing,low,完成本周学习任务,1.2.0,synthetic,true,SRC-SYNTH,2026-09-13T00:00:00+08:00,0.9,synthetic,not_applicable,,team_generated,false,dev
EVT-N012-25,USER-N012,skill_practice,2025-11-22T16:00:00Z,SKILL-036,RES-0149,,2,completed,positive,progressing,low,完成技能练习并记录反思,1.2.0,synthetic,true,SRC-SYNTH,2026-09-13T00:00:00+08:00,0.9,synthetic,not_applicable,,team_generated,false,dev
EVT-N012-26,USER-N012,course_completed,2025-12-09T16:00:00Z,SKILL-054,RES-0167,,6,completed,positive,progressing,low,完成课程并提交学习总结,1.2.0,synthetic,true,SRC-SYNTH,2026-09-13T00:00:00+08:00,0.9,synthetic,not_applicable,,team_generated,false,dev
EVT-N012-27,USER-N012,project_started,2025-12-26T16:00:00Z,SKILL-010,RES-0190,,0,completed,neutral,active,low,启动实践项目并确认里程碑,1.2.0,synthetic,true,SRC-SYNTH,2026-09-13T00:00:00+08:00,0.9,synthetic,not_applicable,,team_generated,false,dev
EVT-N012-28,USER-N012,job_viewed,2026-01-12T16:00:00Z,,,JOB-AI-ALG-0028,0,completed,neutral,active,low,查看目标岗位及能力要求,1.2.0,synthetic,true,SRC-SYNTH,2026-09-13T00:00:00+08:00,0.9,synthetic,not_applicable,,team_generated,false,dev
EVT-N012-29,USER-N012,feedback_submitted,2026-01-29T16:00:00Z,SKILL-021,,,0,completed,neutral,active,low,提交计划难度和推荐相关性反馈,1.2.0,synthetic,true,SRC-SYNTH,2026-09-13T00:00:00+08:00,0.9,synthetic,not_applicable,,team_generated,false,dev
EVT-N012-30,USER-N012,task_completed,2026-02-15T16:00:00Z,SKILL-024,RES-0137,,2,completed,positive,progressing,low,完成本周学习任务,1.2.0,synthetic,true,SRC-SYNTH,2026-09-13T00:00:00+08:00,0.9,synthetic,not_applicable,,team_generated,false,dev
EVT-N012-31,USER-N012,project_completed,2026-03-04T16:00:00Z,SKILL-036,RES-0029,,8,completed,positive,progressing,low,完成项目、说明文档和复盘,1.2.0,synthetic,true,SRC-SYNTH,2026-09-13T00:00:00+08:00,0.9,synthetic,not_applicable,,team_generated,false,dev
EVT-N012-32,USER-N012,profile_recalculated,2026-03-21T16:00:00Z,SKILL-054,,,0,completed,neutral,active,low,根据新证据重算画像与岗位匹配度,1.2.0,synthetic,true,SRC-SYNTH,2026-09-13T00:00:00+08:00,0.9,synthetic,not_applicable,,team_generated,false,dev
EVT-N012-33,USER-N012,job_saved,2026-04-07T16:00:00Z,,,JOB-AI-ALG-0033,0,completed,neutral,active,low,收藏一个模拟目标岗位,1.2.0,synthetic,true,SRC-SYNTH,2026-09-13T00:00:00+08:00,0.9,synthetic,not_applicable,,team_generated,false,dev
EVT-N012-34,USER-N012,application_submitted,2026-04-24T16:00:00Z,,,JOB-AI-ALG-0034,0,completed,neutral,active,low,向模拟岗位提交申请,1.2.0,synthetic,true,SRC-SYNTH,2026-09-13T00:00:00+08:00,0.9,synthetic,not_applicable,,team_generated,false,dev
EVT-N012-35,USER-N012,interview_result,2026-05-11T16:00:00Z,,,JOB-AI-ALG-0035,0,completed,disappointed,active,low,记录模拟面试反馈,1.2.0,synthetic,true,SRC-SYNTH,2026-09-13T00:00:00+08:00,0.9,synthetic,not_applicable,,team_generated,false,dev
EVT-N012-36,USER-N012,plan_adjusted,2026-05-28T16:00:00Z,SKILL-024,,,0,completed,neutral,plan_rebalanced,low,根据时间和反馈调整学习计划,1.2.0,synthetic,true,SRC-SYNTH,2026-09-13T00:00:00+08:00,0.9,synthetic,not_applicable,,team_generated,false,dev
EVT-N012-37,USER-N012,skill_practice,2026-06-14T16:00:00Z,SKILL-036,RES-0036,,2,completed,positive,progressing,low,完成技能练习并记录反思,1.2.0,synthetic,true,SRC-SYNTH,2026-09-13T00:00:00+08:00,0.9,synthetic,not_applicable,,team_generated,false,dev
EVT-N012-38,USER-N012,inactivity,2026-07-01T16:00:00Z,SKILL-054,,,-4,attention_needed,frustrated,learning_stalled,medium,超过设定周期未产生学习证据，触发技能衰减,1.2.0,synthetic,true,SRC-SYNTH,2026-09-13T00:00:00+08:00,0.9,synthetic,not_applicable,,team_generated,false,dev
EVT-N012-39,USER-N012,reminder_response,2026-07-18T16:00:00Z,SKILL-010,,,0,completed,neutral,active,low,响应任务提醒并更新完成状态,1.2.0,synthetic,true,SRC-SYNTH,2026-09-13T00:00:00+08:00,0.9,synthetic,not_applicable,,team_generated,false,dev
EVT-N012-40,USER-N012,profile_recalculated,2026-08-04T16:00:00Z,SKILL-018,,,0,completed,neutral,active,low,根据新证据重算画像与岗位匹配度,1.2.0,synthetic,true,SRC-SYNTH,2026-09-13T00:00:00+08:00,0.9,synthetic,not_applicable,,team_generated,false,dev
EVT-N013-01,USER-N013,onboarding,2024-10-10T16:00:00Z,,,,0,completed,neutral,active,low,完成基础信息和学习约束录入,1.2.0,synthetic,true,SRC-SYNTH,2026-09-13T00:00:00+08:00,0.9,synthetic,not_applicable,,team_generated,false,dev
EVT-N013-02,USER-N013,skill_assessment,2024-10-27T16:00:00Z,SKILL-001,,,3,completed,positive,progressing,low,完成能力测评并生成可解释证据,1.2.0,synthetic,true,SRC-SYNTH,2026-09-13T00:00:00+08:00,0.9,synthetic,not_applicable,,team_generated,false,dev
EVT-N013-03,USER-N013,course_started,2024-11-13T16:00:00Z,SKILL-009,RES-0122,,0,completed,neutral,active,low,开始一项与目标能力相关的课程,1.2.0,synthetic,true,SRC-SYNTH,2026-09-13T00:00:00+08:00,0.9,synthetic,not_applicable,,team_generated,false,dev
EVT-N013-04,USER-N013,task_completed,2024-11-30T16:00:00Z,SKILL-027,RES-0140,,2,completed,positive,progressing,low,完成本周学习任务,1.2.0,synthetic,true,SRC-SYNTH,2026-09-13T00:00:00+08:00,0.9,synthetic,not_applicable,,team_generated,false,dev
EVT-N013-05,USER-N013,skill_practice,2024-12-17T16:00:00Z,SKILL-030,RES-0203,,2,completed,positive,progressing,low,完成技能练习并记录反思,1.2.0,synthetic,true,SRC-SYNTH,2026-09-13T00:00:00+08:00,0.9,synthetic,not_applicable,,team_generated,false,dev
EVT-N013-06,USER-N013,course_completed,2025-01-03T16:00:00Z,SKILL-036,RES-0156,,6,completed,positive,progressing,low,完成课程并提交学习总结,1.2.0,synthetic,true,SRC-SYNTH,2026-09-13T00:00:00+08:00,0.9,synthetic,not_applicable,,team_generated,false,dev
EVT-N013-07,USER-N013,project_started,2025-01-20T16:00:00Z,SKILL-039,RES-0452,,0,completed,neutral,active,low,启动实践项目并确认里程碑,1.2.0,synthetic,true,SRC-SYNTH,2026-09-13T00:00:00+08:00,0.9,synthetic,not_applicable,,team_generated,false,dev
EVT-N013-08,USER-N013,job_viewed,2025-02-06T16:00:00Z,,,JOB-AI-APP-0087,0,completed,neutral,active,low,查看目标岗位及能力要求,1.2.0,synthetic,true,SRC-SYNTH,2026-09-13T00:00:00+08:00,0.9,synthetic,not_applicable,,team_generated,false,dev
EVT-N013-09,USER-N013,feedback_submitted,2025-02-23T16:00:00Z,SKILL-009,,,0,completed,neutral,active,low,提交计划难度和推荐相关性反馈,1.2.0,synthetic,true,SRC-SYNTH,2026-09-13T00:00:00+08:00,0.9,synthetic,not_applicable,,team_generated,false,dev
EVT-N013-10,USER-N013,task_completed,2025-03-12T16:00:00Z,SKILL-027,RES-0018,,2,completed,positive,progressing,low,完成本周学习任务,1.2.0,synthetic,true,SRC-SYNTH,2026-09-13T00:00:00+08:00,0.9,synthetic,not_applicable,,team_generated,false,dev
EVT-N013-11,USER-N013,project_completed,2025-03-29T16:00:00Z,SKILL-030,RES-0143,,8,completed,positive,progressing,low,完成项目、说明文档和复盘,1.2.0,synthetic,true,SRC-SYNTH,2026-09-13T00:00:00+08:00,0.9,synthetic,not_applicable,,team_generated,false,dev
EVT-N013-12,USER-N013,profile_recalculated,2025-04-15T16:00:00Z,SKILL-036,,,0,completed,neutral,active,low,根据新证据重算画像与岗位匹配度,1.2.0,synthetic,true,SRC-SYNTH,2026-09-13T00:00:00+08:00,0.9,synthetic,not_applicable,,team_generated,false,dev
EVT-N013-13,USER-N013,job_saved,2025-05-02T16:00:00Z,,,JOB-AI-APP-0013,0,completed,neutral,active,low,收藏一个模拟目标岗位,1.2.0,synthetic,true,SRC-SYNTH,2026-09-13T00:00:00+08:00,0.9,synthetic,not_applicable,,team_generated,false,dev
EVT-N013-14,USER-N013,application_submitted,2025-05-19T16:00:00Z,,,JOB-AI-APP-0014,0,completed,neutral,active,low,向模拟岗位提交申请,1.2.0,synthetic,true,SRC-SYNTH,2026-09-13T00:00:00+08:00,0.9,synthetic,not_applicable,,team_generated,false,dev
EVT-N013-15,USER-N013,interview_result,2025-06-05T16:00:00Z,,,JOB-AI-APP-0015,0,completed,disappointed,active,low,记录模拟面试反馈,1.2.0,synthetic,true,SRC-SYNTH,2026-09-13T00:00:00+08:00,0.9,synthetic,not_applicable,,team_generated,false,dev
EVT-N013-16,USER-N013,plan_adjusted,2025-06-22T16:00:00Z,SKILL-027,,,0,completed,neutral,plan_rebalanced,low,根据时间和反馈调整学习计划,1.2.0,synthetic,true,SRC-SYNTH,2026-09-13T00:00:00+08:00,0.9,synthetic,not_applicable,,team_generated,false,dev
EVT-N013-17,USER-N013,skill_practice,2025-07-09T16:00:00Z,SKILL-030,RES-0450,,2,completed,positive,progressing,low,完成技能练习并记录反思,1.2.0,synthetic,true,SRC-SYNTH,2026-09-13T00:00:00+08:00,0.9,synthetic,not_applicable,,team_generated,false,dev
EVT-N013-18,USER-N013,inactivity,2025-07-26T16:00:00Z,SKILL-036,,,-4,attention_needed,frustrated,learning_stalled,medium,超过设定周期未产生学习证据，触发技能衰减,1.2.0,synthetic,true,SRC-SYNTH,2026-09-13T00:00:00+08:00,0.9,synthetic,not_applicable,,team_generated,false,dev
EVT-N013-19,USER-N013,reminder_response,2025-08-12T16:00:00Z,SKILL-039,,,0,completed,neutral,active,low,响应任务提醒并更新完成状态,1.2.0,synthetic,true,SRC-SYNTH,2026-09-13T00:00:00+08:00,0.9,synthetic,not_applicable,,team_generated,false,dev
EVT-N013-20,USER-N013,profile_recalculated,2025-08-29T16:00:00Z,SKILL-001,,,0,completed,neutral,active,low,根据新证据重算画像与岗位匹配度,1.2.0,synthetic,true,SRC-SYNTH,2026-09-13T00:00:00+08:00,0.9,synthetic,not_applicable,,team_generated,false,dev
EVT-N013-21,USER-N013,onboarding,2025-09-15T16:00:00Z,,,,0,completed,neutral,active,low,完成基础信息和学习约束录入,1.2.0,synthetic,true,SRC-SYNTH,2026-09-13T00:00:00+08:00,0.9,synthetic,not_applicable,,team_generated,false,dev
EVT-N013-22,USER-N013,skill_assessment,2025-10-02T16:00:00Z,SKILL-027,,,3,completed,positive,progressing,low,完成能力测评并生成可解释证据,1.2.0,synthetic,true,SRC-SYNTH,2026-09-13T00:00:00+08:00,0.9,synthetic,not_applicable,,team_generated,false,dev
EVT-N013-23,USER-N013,course_started,2025-10-19T16:00:00Z,SKILL-030,RES-0023,,0,completed,neutral,active,low,开始一项与目标能力相关的课程,1.2.0,synthetic,true,SRC-SYNTH,2026-09-13T00:00:00+08:00,0.9,synthetic,not_applicable,,team_generated,false,dev
EVT-N013-24,USER-N013,task_completed,2025-11-05T16:00:00Z,SKILL-036,RES-0156,,2,completed,positive,progressing,low,完成本周学习任务,1.2.0,synthetic,true,SRC-SYNTH,2026-09-13T00:00:00+08:00,0.9,synthetic,not_applicable,,team_generated,false,dev
EVT-N013-25,USER-N013,skill_practice,2025-11-22T16:00:00Z,SKILL-039,RES-0152,,2,completed,positive,progressing,low,完成技能练习并记录反思,1.2.0,synthetic,true,SRC-SYNTH,2026-09-13T00:00:00+08:00,0.9,synthetic,not_applicable,,team_generated,false,dev
EVT-N013-26,USER-N013,course_completed,2025-12-09T16:00:00Z,SKILL-001,RES-0121,,6,completed,positive,progressing,low,完成课程并提交学习总结,1.2.0,synthetic,true,SRC-SYNTH,2026-09-13T00:00:00+08:00,0.9,synthetic,not_applicable,,team_generated,false,dev
EVT-N013-27,USER-N013,project_started,2025-12-26T16:00:00Z,SKILL-009,RES-0182,,0,completed,neutral,active,low,启动实践项目并确认里程碑,1.2.0,synthetic,true,SRC-SYNTH,2026-09-13T00:00:00+08:00,0.9,synthetic,not_applicable,,team_generated,false,dev
EVT-N013-28,USER-N013,job_viewed,2026-01-12T16:00:00Z,,,JOB-AI-APP-0028,0,completed,neutral,active,low,查看目标岗位及能力要求,1.2.0,synthetic,true,SRC-SYNTH,2026-09-13T00:00:00+08:00,0.9,synthetic,not_applicable,,team_generated,false,dev
EVT-N013-29,USER-N013,feedback_submitted,2026-01-29T16:00:00Z,SKILL-030,,,0,completed,neutral,active,low,提交计划难度和推荐相关性反馈,1.2.0,synthetic,true,SRC-SYNTH,2026-09-13T00:00:00+08:00,0.9,synthetic,not_applicable,,team_generated,false,dev
EVT-N013-30,USER-N013,task_completed,2026-02-15T16:00:00Z,SKILL-036,RES-0449,,2,completed,positive,progressing,low,完成本周学习任务,1.2.0,synthetic,true,SRC-SYNTH,2026-09-13T00:00:00+08:00,0.9,synthetic,not_applicable,,team_generated,false,dev
EVT-N013-31,USER-N013,project_completed,2026-03-04T16:00:00Z,SKILL-039,RES-0092,,8,completed,positive,progressing,low,完成项目、说明文档和复盘,1.2.0,synthetic,true,SRC-SYNTH,2026-09-13T00:00:00+08:00,0.9,synthetic,not_applicable,,team_generated,false,dev
EVT-N013-32,USER-N013,profile_recalculated,2026-03-21T16:00:00Z,SKILL-001,,,0,completed,neutral,active,low,根据新证据重算画像与岗位匹配度,1.2.0,synthetic,true,SRC-SYNTH,2026-09-13T00:00:00+08:00,0.9,synthetic,not_applicable,,team_generated,false,dev
EVT-N013-33,USER-N013,job_saved,2026-04-07T16:00:00Z,,,JOB-AI-APP-0033,0,completed,neutral,active,low,收藏一个模拟目标岗位,1.2.0,synthetic,true,SRC-SYNTH,2026-09-13T00:00:00+08:00,0.9,synthetic,not_applicable,,team_generated,false,dev
EVT-N013-34,USER-N013,application_submitted,2026-04-24T16:00:00Z,,,JOB-AI-APP-0034,0,completed,neutral,active,low,向模拟岗位提交申请,1.2.0,synthetic,true,SRC-SYNTH,2026-09-13T00:00:00+08:00,0.9,synthetic,not_applicable,,team_generated,false,dev
EVT-N013-35,USER-N013,interview_result,2026-05-11T16:00:00Z,,,JOB-AI-APP-0035,0,completed,disappointed,active,low,记录模拟面试反馈,1.2.0,synthetic,true,SRC-SYNTH,2026-09-13T00:00:00+08:00,0.9,synthetic,not_applicable,,team_generated,false,dev
EVT-N013-36,USER-N013,plan_adjusted,2026-05-28T16:00:00Z,SKILL-036,,,0,completed,neutral,plan_rebalanced,low,根据时间和反馈调整学习计划,1.2.0,synthetic,true,SRC-SYNTH,2026-09-13T00:00:00+08:00,0.9,synthetic,not_applicable,,team_generated,false,dev
EVT-N013-37,USER-N013,skill_practice,2026-06-14T16:00:00Z,SKILL-039,RES-0039,,2,completed,positive,progressing,low,完成技能练习并记录反思,1.2.0,synthetic,true,SRC-SYNTH,2026-09-13T00:00:00+08:00,0.9,synthetic,not_applicable,,team_generated,false,dev
EVT-N013-38,USER-N013,inactivity,2026-07-01T16:00:00Z,SKILL-001,,,-4,attention_needed,frustrated,learning_stalled,medium,超过设定周期未产生学习证据，触发技能衰减,1.2.0,synthetic,true,SRC-SYNTH,2026-09-13T00:00:00+08:00,0.9,synthetic,not_applicable,,team_generated,false,dev
EVT-N013-39,USER-N013,reminder_response,2026-07-18T16:00:00Z,SKILL-009,,,0,completed,neutral,active,low,响应任务提醒并更新完成状态,1.2.0,synthetic,true,SRC-SYNTH,2026-09-13T00:00:00+08:00,0.9,synthetic,not_applicable,,team_generated,false,dev
EVT-N013-40,USER-N013,profile_recalculated,2026-08-04T16:00:00Z,SKILL-027,,,0,completed,neutral,active,low,根据新证据重算画像与岗位匹配度,1.2.0,synthetic,true,SRC-SYNTH,2026-09-13T00:00:00+08:00,0.9,synthetic,not_applicable,,team_generated,false,dev
EVT-N014-01,USER-N014,onboarding,2024-10-10T16:00:00Z,,,,0,completed,neutral,active,low,完成基础信息和学习约束录入,1.2.0,synthetic,true,SRC-SYNTH,2026-09-13T00:00:00+08:00,0.9,synthetic,not_applicable,,team_generated,false,dev
EVT-N014-02,USER-N014,skill_assessment,2024-10-27T16:00:00Z,SKILL-009,,,3,completed,positive,progressing,low,完成能力测评并生成可解释证据,1.2.0,synthetic,true,SRC-SYNTH,2026-09-13T00:00:00+08:00,0.9,synthetic,not_applicable,,team_generated,false,dev
EVT-N014-03,USER-N014,course_started,2024-11-13T16:00:00Z,SKILL-012,RES-0125,,0,completed,neutral,active,low,开始一项与目标能力相关的课程,1.2.0,synthetic,true,SRC-SYNTH,2026-09-13T00:00:00+08:00,0.9,synthetic,not_applicable,,team_generated,false,dev
EVT-N014-04,USER-N014,task_completed,2024-11-30T16:00:00Z,SKILL-015,RES-0128,,2,completed,positive,progressing,low,完成本周学习任务,1.2.0,synthetic,true,SRC-SYNTH,2026-09-13T00:00:00+08:00,0.9,synthetic,not_applicable,,team_generated,false,dev
EVT-N014-05,USER-N014,skill_practice,2024-12-17T16:00:00Z,SKILL-041,RES-0154,,2,completed,positive,progressing,low,完成技能练习并记录反思,1.2.0,synthetic,true,SRC-SYNTH,2026-09-13T00:00:00+08:00,0.9,synthetic,not_applicable,,team_generated,false,dev
EVT-N014-06,USER-N014,course_completed,2025-01-03T16:00:00Z,SKILL-045,RES-0165,,6,completed,positive,progressing,low,完成课程并提交学习总结,1.2.0,synthetic,true,SRC-SYNTH,2026-09-13T00:00:00+08:00,0.9,synthetic,not_applicable,,team_generated,false,dev
EVT-N014-07,USER-N014,project_started,2025-01-20T16:00:00Z,SKILL-049,RES-0589,,0,completed,neutral,active,low,启动实践项目并确认里程碑,1.2.0,synthetic,true,SRC-SYNTH,2026-09-13T00:00:00+08:00,0.9,synthetic,not_applicable,,team_generated,false,dev
EVT-N014-08,USER-N014,job_viewed,2025-02-06T16:00:00Z,,,JOB-DATA-0087,0,completed,neutral,active,low,查看目标岗位及能力要求,1.2.0,synthetic,true,SRC-SYNTH,2026-09-13T00:00:00+08:00,0.9,synthetic,not_applicable,,team_generated,false,dev
EVT-N014-09,USER-N014,feedback_submitted,2025-02-23T16:00:00Z,SKILL-012,,,0,completed,neutral,active,low,提交计划难度和推荐相关性反馈,1.2.0,synthetic,true,SRC-SYNTH,2026-09-13T00:00:00+08:00,0.9,synthetic,not_applicable,,team_generated,false,dev
EVT-N014-10,USER-N014,task_completed,2025-03-12T16:00:00Z,SKILL-015,RES-0135,,2,completed,positive,progressing,low,完成本周学习任务,1.2.0,synthetic,true,SRC-SYNTH,2026-09-13T00:00:00+08:00,0.9,synthetic,not_applicable,,team_generated,false,dev
EVT-N014-11,USER-N014,project_completed,2025-03-29T16:00:00Z,SKILL-041,RES-0154,,8,completed,positive,progressing,low,完成项目、说明文档和复盘,1.2.0,synthetic,true,SRC-SYNTH,2026-09-13T00:00:00+08:00,0.9,synthetic,not_applicable,,team_generated,false,dev
EVT-N014-12,USER-N014,profile_recalculated,2025-04-15T16:00:00Z,SKILL-045,,,0,completed,neutral,active,low,根据新证据重算画像与岗位匹配度,1.2.0,synthetic,true,SRC-SYNTH,2026-09-13T00:00:00+08:00,0.9,synthetic,not_applicable,,team_generated,false,dev
EVT-N014-13,USER-N014,job_saved,2025-05-02T16:00:00Z,,,JOB-DATA-0013,0,completed,neutral,active,low,收藏一个模拟目标岗位,1.2.0,synthetic,true,SRC-SYNTH,2026-09-13T00:00:00+08:00,0.9,synthetic,not_applicable,,team_generated,false,dev
EVT-N014-14,USER-N014,application_submitted,2025-05-19T16:00:00Z,,,JOB-DATA-0014,0,completed,neutral,active,low,向模拟岗位提交申请,1.2.0,synthetic,true,SRC-SYNTH,2026-09-13T00:00:00+08:00,0.9,synthetic,not_applicable,,team_generated,false,dev
EVT-N014-15,USER-N014,interview_result,2025-06-05T16:00:00Z,,,JOB-DATA-0015,0,completed,disappointed,active,low,记录模拟面试反馈,1.2.0,synthetic,true,SRC-SYNTH,2026-09-13T00:00:00+08:00,0.9,synthetic,not_applicable,,team_generated,false,dev
EVT-N014-16,USER-N014,plan_adjusted,2025-06-22T16:00:00Z,SKILL-015,,,0,completed,neutral,plan_rebalanced,low,根据时间和反馈调整学习计划,1.2.0,synthetic,true,SRC-SYNTH,2026-09-13T00:00:00+08:00,0.9,synthetic,not_applicable,,team_generated,false,dev
EVT-N014-17,USER-N014,skill_practice,2025-07-09T16:00:00Z,SKILL-041,RES-0034,,2,completed,positive,progressing,low,完成技能练习并记录反思,1.2.0,synthetic,true,SRC-SYNTH,2026-09-13T00:00:00+08:00,0.9,synthetic,not_applicable,,team_generated,false,dev
EVT-N014-18,USER-N014,inactivity,2025-07-26T16:00:00Z,SKILL-045,,,-4,attention_needed,frustrated,learning_stalled,medium,超过设定周期未产生学习证据，触发技能衰减,1.2.0,synthetic,true,SRC-SYNTH,2026-09-13T00:00:00+08:00,0.9,synthetic,not_applicable,,team_generated,false,dev
EVT-N014-19,USER-N014,reminder_response,2025-08-12T16:00:00Z,SKILL-049,,,0,completed,neutral,active,low,响应任务提醒并更新完成状态,1.2.0,synthetic,true,SRC-SYNTH,2026-09-13T00:00:00+08:00,0.9,synthetic,not_applicable,,team_generated,false,dev
EVT-N014-20,USER-N014,profile_recalculated,2025-08-29T16:00:00Z,SKILL-009,,,0,completed,neutral,active,low,根据新证据重算画像与岗位匹配度,1.2.0,synthetic,true,SRC-SYNTH,2026-09-13T00:00:00+08:00,0.9,synthetic,not_applicable,,team_generated,false,dev
EVT-N014-21,USER-N014,onboarding,2025-09-15T16:00:00Z,,,,0,completed,neutral,active,low,完成基础信息和学习约束录入,1.2.0,synthetic,true,SRC-SYNTH,2026-09-13T00:00:00+08:00,0.9,synthetic,not_applicable,,team_generated,false,dev
EVT-N014-22,USER-N014,skill_assessment,2025-10-02T16:00:00Z,SKILL-015,,,3,completed,positive,progressing,low,完成能力测评并生成可解释证据,1.2.0,synthetic,true,SRC-SYNTH,2026-09-13T00:00:00+08:00,0.9,synthetic,not_applicable,,team_generated,false,dev
EVT-N014-23,USER-N014,course_started,2025-10-19T16:00:00Z,SKILL-041,RES-0154,,0,completed,neutral,active,low,开始一项与目标能力相关的课程,1.2.0,synthetic,true,SRC-SYNTH,2026-09-13T00:00:00+08:00,0.9,synthetic,not_applicable,,team_generated,false,dev
EVT-N014-24,USER-N014,task_completed,2025-11-05T16:00:00Z,SKILL-045,RES-0165,,2,completed,positive,progressing,low,完成本周学习任务,1.2.0,synthetic,true,SRC-SYNTH,2026-09-13T00:00:00+08:00,0.9,synthetic,not_applicable,,team_generated,false,dev
EVT-N014-25,USER-N014,skill_practice,2025-11-22T16:00:00Z,SKILL-049,RES-0155,,2,completed,positive,progressing,low,完成技能练习并记录反思,1.2.0,synthetic,true,SRC-SYNTH,2026-09-13T00:00:00+08:00,0.9,synthetic,not_applicable,,team_generated,false,dev
EVT-N014-26,USER-N014,course_completed,2025-12-09T16:00:00Z,SKILL-009,RES-0129,,6,completed,positive,progressing,low,完成课程并提交学习总结,1.2.0,synthetic,true,SRC-SYNTH,2026-09-13T00:00:00+08:00,0.9,synthetic,not_applicable,,team_generated,false,dev
EVT-N014-27,USER-N014,project_started,2025-12-26T16:00:00Z,SKILL-012,RES-0552,,0,completed,neutral,active,low,启动实践项目并确认里程碑,1.2.0,synthetic,true,SRC-SYNTH,2026-09-13T00:00:00+08:00,0.9,synthetic,not_applicable,,team_generated,false,dev
EVT-N014-28,USER-N014,job_viewed,2026-01-12T16:00:00Z,,,JOB-DATA-0028,0,completed,neutral,active,low,查看目标岗位及能力要求,1.2.0,synthetic,true,SRC-SYNTH,2026-09-13T00:00:00+08:00,0.9,synthetic,not_applicable,,team_generated,false,dev
EVT-N014-29,USER-N014,feedback_submitted,2026-01-29T16:00:00Z,SKILL-041,,,0,completed,neutral,active,low,提交计划难度和推荐相关性反馈,1.2.0,synthetic,true,SRC-SYNTH,2026-09-13T00:00:00+08:00,0.9,synthetic,not_applicable,,team_generated,false,dev
EVT-N014-30,USER-N014,task_completed,2026-02-15T16:00:00Z,SKILL-045,RES-0165,,2,completed,positive,progressing,low,完成本周学习任务,1.2.0,synthetic,true,SRC-SYNTH,2026-09-13T00:00:00+08:00,0.9,synthetic,not_applicable,,team_generated,false,dev
EVT-N014-31,USER-N014,project_completed,2026-03-04T16:00:00Z,SKILL-049,RES-0335,,8,completed,positive,progressing,low,完成项目、说明文档和复盘,1.2.0,synthetic,true,SRC-SYNTH,2026-09-13T00:00:00+08:00,0.9,synthetic,not_applicable,,team_generated,false,dev
EVT-N014-32,USER-N014,profile_recalculated,2026-03-21T16:00:00Z,SKILL-009,,,0,completed,neutral,active,low,根据新证据重算画像与岗位匹配度,1.2.0,synthetic,true,SRC-SYNTH,2026-09-13T00:00:00+08:00,0.9,synthetic,not_applicable,,team_generated,false,dev
EVT-N014-33,USER-N014,job_saved,2026-04-07T16:00:00Z,,,JOB-DATA-0033,0,completed,neutral,active,low,收藏一个模拟目标岗位,1.2.0,synthetic,true,SRC-SYNTH,2026-09-13T00:00:00+08:00,0.9,synthetic,not_applicable,,team_generated,false,dev
EVT-N014-34,USER-N014,application_submitted,2026-04-24T16:00:00Z,,,JOB-DATA-0034,0,completed,neutral,active,low,向模拟岗位提交申请,1.2.0,synthetic,true,SRC-SYNTH,2026-09-13T00:00:00+08:00,0.9,synthetic,not_applicable,,team_generated,false,dev
EVT-N014-35,USER-N014,interview_result,2026-05-11T16:00:00Z,,,JOB-DATA-0035,0,completed,disappointed,active,low,记录模拟面试反馈,1.2.0,synthetic,true,SRC-SYNTH,2026-09-13T00:00:00+08:00,0.9,synthetic,not_applicable,,team_generated,false,dev
EVT-N014-36,USER-N014,plan_adjusted,2026-05-28T16:00:00Z,SKILL-045,,,0,completed,neutral,plan_rebalanced,low,根据时间和反馈调整学习计划,1.2.0,synthetic,true,SRC-SYNTH,2026-09-13T00:00:00+08:00,0.9,synthetic,not_applicable,,team_generated,false,dev
EVT-N014-37,USER-N014,skill_practice,2026-06-14T16:00:00Z,SKILL-049,RES-0515,,2,completed,positive,progressing,low,完成技能练习并记录反思,1.2.0,synthetic,true,SRC-SYNTH,2026-09-13T00:00:00+08:00,0.9,synthetic,not_applicable,,team_generated,false,dev
EVT-N014-38,USER-N014,inactivity,2026-07-01T16:00:00Z,SKILL-009,,,-4,attention_needed,frustrated,learning_stalled,medium,超过设定周期未产生学习证据，触发技能衰减,1.2.0,synthetic,true,SRC-SYNTH,2026-09-13T00:00:00+08:00,0.9,synthetic,not_applicable,,team_generated,false,dev
EVT-N014-39,USER-N014,reminder_response,2026-07-18T16:00:00Z,SKILL-012,,,0,completed,neutral,active,low,响应任务提醒并更新完成状态,1.2.0,synthetic,true,SRC-SYNTH,2026-09-13T00:00:00+08:00,0.9,synthetic,not_applicable,,team_generated,false,dev
EVT-N014-40,USER-N014,profile_recalculated,2026-08-04T16:00:00Z,SKILL-015,,,0,completed,neutral,active,low,根据新证据重算画像与岗位匹配度,1.2.0,synthetic,true,SRC-SYNTH,2026-09-13T00:00:00+08:00,0.9,synthetic,not_applicable,,team_generated,false,dev
EVT-N015-01,USER-N015,onboarding,2024-10-10T16:00:00Z,,,,0,completed,neutral,active,low,完成基础信息和学习约束录入,1.2.0,synthetic,true,SRC-SYNTH,2026-09-13T00:00:00+08:00,0.9,synthetic,not_applicable,,team_generated,false,dev
EVT-N015-02,USER-N015,skill_assessment,2024-10-27T16:00:00Z,SKILL-010,,,3,completed,positive,progressing,low,完成能力测评并生成可解释证据,1.2.0,synthetic,true,SRC-SYNTH,2026-09-13T00:00:00+08:00,0.9,synthetic,not_applicable,,team_generated,false,dev
EVT-N015-03,USER-N015,course_started,2024-11-13T16:00:00Z,SKILL-018,RES-0131,,0,completed,neutral,active,low,开始一项与目标能力相关的课程,1.2.0,synthetic,true,SRC-SYNTH,2026-09-13T00:00:00+08:00,0.9,synthetic,not_applicable,,team_generated,false,dev
EVT-N015-04,USER-N015,task_completed,2024-11-30T16:00:00Z,SKILL-021,RES-0134,,2,completed,positive,progressing,low,完成本周学习任务,1.2.0,synthetic,true,SRC-SYNTH,2026-09-13T00:00:00+08:00,0.9,synthetic,not_applicable,,team_generated,false,dev
EVT-N015-05,USER-N015,skill_practice,2024-12-17T16:00:00Z,SKILL-024,RES-0144,,2,completed,positive,progressing,low,完成技能练习并记录反思,1.2.0,synthetic,true,SRC-SYNTH,2026-09-13T00:00:00+08:00,0.9,synthetic,not_applicable,,team_generated,false,dev
EVT-N015-06,USER-N015,course_completed,2025-01-03T16:00:00Z,SKILL-036,RES-0156,,6,completed,positive,progressing,low,完成课程并提交学习总结,1.2.0,synthetic,true,SRC-SYNTH,2026-09-13T00:00:00+08:00,0.9,synthetic,not_applicable,,team_generated,false,dev
EVT-N015-07,USER-N015,project_started,2025-01-20T16:00:00Z,SKILL-054,RES-0174,,0,completed,neutral,active,low,启动实践项目并确认里程碑,1.2.0,synthetic,true,SRC-SYNTH,2026-09-13T00:00:00+08:00,0.9,synthetic,not_applicable,,team_generated,false,dev
EVT-N015-08,USER-N015,job_viewed,2025-02-06T16:00:00Z,,,JOB-AI-ALG-0087,0,completed,neutral,active,low,查看目标岗位及能力要求,1.2.0,synthetic,true,SRC-SYNTH,2026-09-13T00:00:00+08:00,0.9,synthetic,not_applicable,,team_generated,false,dev
EVT-N015-09,USER-N015,feedback_submitted,2025-02-23T16:00:00Z,SKILL-018,,,0,completed,neutral,active,low,提交计划难度和推荐相关性反馈,1.2.0,synthetic,true,SRC-SYNTH,2026-09-13T00:00:00+08:00,0.9,synthetic,not_applicable,,team_generated,false,dev
EVT-N015-10,USER-N015,task_completed,2025-03-12T16:00:00Z,SKILL-021,RES-0314,,2,completed,positive,progressing,low,完成本周学习任务,1.2.0,synthetic,true,SRC-SYNTH,2026-09-13T00:00:00+08:00,0.9,synthetic,not_applicable,,team_generated,false,dev
EVT-N015-11,USER-N015,project_completed,2025-03-29T16:00:00Z,SKILL-024,RES-0197,,8,completed,positive,progressing,low,完成项目、说明文档和复盘,1.2.0,synthetic,true,SRC-SYNTH,2026-09-13T00:00:00+08:00,0.9,synthetic,not_applicable,,team_generated,false,dev
EVT-N015-12,USER-N015,profile_recalculated,2025-04-15T16:00:00Z,SKILL-036,,,0,completed,neutral,active,low,根据新证据重算画像与岗位匹配度,1.2.0,synthetic,true,SRC-SYNTH,2026-09-13T00:00:00+08:00,0.9,synthetic,not_applicable,,team_generated,false,dev
EVT-N015-13,USER-N015,job_saved,2025-05-02T16:00:00Z,,,JOB-AI-ALG-0013,0,completed,neutral,active,low,收藏一个模拟目标岗位,1.2.0,synthetic,true,SRC-SYNTH,2026-09-13T00:00:00+08:00,0.9,synthetic,not_applicable,,team_generated,false,dev
EVT-N015-14,USER-N015,application_submitted,2025-05-19T16:00:00Z,,,JOB-AI-ALG-0014,0,completed,neutral,active,low,向模拟岗位提交申请,1.2.0,synthetic,true,SRC-SYNTH,2026-09-13T00:00:00+08:00,0.9,synthetic,not_applicable,,team_generated,false,dev
EVT-N015-15,USER-N015,interview_result,2025-06-05T16:00:00Z,,,JOB-AI-ALG-0015,0,completed,disappointed,active,low,记录模拟面试反馈,1.2.0,synthetic,true,SRC-SYNTH,2026-09-13T00:00:00+08:00,0.9,synthetic,not_applicable,,team_generated,false,dev
EVT-N015-16,USER-N015,plan_adjusted,2025-06-22T16:00:00Z,SKILL-021,,,0,completed,neutral,plan_rebalanced,low,根据时间和反馈调整学习计划,1.2.0,synthetic,true,SRC-SYNTH,2026-09-13T00:00:00+08:00,0.9,synthetic,not_applicable,,team_generated,false,dev
EVT-N015-17,USER-N015,skill_practice,2025-07-09T16:00:00Z,SKILL-024,RES-0144,,2,completed,positive,progressing,low,完成技能练习并记录反思,1.2.0,synthetic,true,SRC-SYNTH,2026-09-13T00:00:00+08:00,0.9,synthetic,not_applicable,,team_generated,false,dev
EVT-N015-18,USER-N015,inactivity,2025-07-26T16:00:00Z,SKILL-036,,,-4,attention_needed,frustrated,learning_stalled,medium,超过设定周期未产生学习证据，触发技能衰减,1.2.0,synthetic,true,SRC-SYNTH,2026-09-13T00:00:00+08:00,0.9,synthetic,not_applicable,,team_generated,false,dev
EVT-N015-19,USER-N015,reminder_response,2025-08-12T16:00:00Z,SKILL-054,,,0,completed,neutral,active,low,响应任务提醒并更新完成状态,1.2.0,synthetic,true,SRC-SYNTH,2026-09-13T00:00:00+08:00,0.9,synthetic,not_applicable,,team_generated,false,dev
EVT-N015-20,USER-N015,profile_recalculated,2025-08-29T16:00:00Z,SKILL-010,,,0,completed,neutral,active,low,根据新证据重算画像与岗位匹配度,1.2.0,synthetic,true,SRC-SYNTH,2026-09-13T00:00:00+08:00,0.9,synthetic,not_applicable,,team_generated,false,dev
EVT-N015-21,USER-N015,onboarding,2025-09-15T16:00:00Z,,,,0,completed,neutral,active,low,完成基础信息和学习约束录入,1.2.0,synthetic,true,SRC-SYNTH,2026-09-13T00:00:00+08:00,0.9,synthetic,not_applicable,,team_generated,false,dev
EVT-N015-22,USER-N015,skill_assessment,2025-10-02T16:00:00Z,SKILL-021,,,3,completed,positive,progressing,low,完成能力测评并生成可解释证据,1.2.0,synthetic,true,SRC-SYNTH,2026-09-13T00:00:00+08:00,0.9,synthetic,not_applicable,,team_generated,false,dev
EVT-N015-23,USER-N015,course_started,2025-10-19T16:00:00Z,SKILL-024,RES-0137,,0,completed,neutral,active,low,开始一项与目标能力相关的课程,1.2.0,synthetic,true,SRC-SYNTH,2026-09-13T00:00:00+08:00,0.9,synthetic,not_applicable,,team_generated,false,dev
EVT-N015-24,USER-N015,task_completed,2025-11-05T16:00:00Z,SKILL-036,RES-0156,,2,completed,positive,progressing,low,完成本周学习任务,1.2.0,synthetic,true,SRC-SYNTH,2026-09-13T00:00:00+08:00,0.9,synthetic,not_applicable,,team_generated,false,dev
EVT-N015-25,USER-N015,skill_practice,2025-11-22T16:00:00Z,SKILL-054,RES-0005,,2,completed,positive,progressing,low,完成技能练习并记录反思,1.2.0,synthetic,true,SRC-SYNTH,2026-09-13T00:00:00+08:00,0.9,synthetic,not_applicable,,team_generated,false,dev
EVT-N015-26,USER-N015,course_completed,2025-12-09T16:00:00Z,SKILL-010,RES-0176,,6,completed,positive,progressing,low,完成课程并提交学习总结,1.2.0,synthetic,true,SRC-SYNTH,2026-09-13T00:00:00+08:00,0.9,synthetic,not_applicable,,team_generated,false,dev
EVT-N015-27,USER-N015,project_started,2025-12-26T16:00:00Z,SKILL-018,RES-0138,,0,completed,neutral,active,low,启动实践项目并确认里程碑,1.2.0,synthetic,true,SRC-SYNTH,2026-09-13T00:00:00+08:00,0.9,synthetic,not_applicable,,team_generated,false,dev
EVT-N015-28,USER-N015,job_viewed,2026-01-12T16:00:00Z,,,JOB-AI-ALG-0028,0,completed,neutral,active,low,查看目标岗位及能力要求,1.2.0,synthetic,true,SRC-SYNTH,2026-09-13T00:00:00+08:00,0.9,synthetic,not_applicable,,team_generated,false,dev
EVT-N015-29,USER-N015,feedback_submitted,2026-01-29T16:00:00Z,SKILL-024,,,0,completed,neutral,active,low,提交计划难度和推荐相关性反馈,1.2.0,synthetic,true,SRC-SYNTH,2026-09-13T00:00:00+08:00,0.9,synthetic,not_applicable,,team_generated,false,dev
EVT-N015-30,USER-N015,task_completed,2026-02-15T16:00:00Z,SKILL-036,RES-0449,,2,completed,positive,progressing,low,完成本周学习任务,1.2.0,synthetic,true,SRC-SYNTH,2026-09-13T00:00:00+08:00,0.9,synthetic,not_applicable,,team_generated,false,dev
EVT-N015-31,USER-N015,project_completed,2026-03-04T16:00:00Z,SKILL-054,RES-0174,,8,completed,positive,progressing,low,完成项目、说明文档和复盘,1.2.0,synthetic,true,SRC-SYNTH,2026-09-13T00:00:00+08:00,0.9,synthetic,not_applicable,,team_generated,false,dev
EVT-N015-32,USER-N015,profile_recalculated,2026-03-21T16:00:00Z,SKILL-010,,,0,completed,neutral,active,low,根据新证据重算画像与岗位匹配度,1.2.0,synthetic,true,SRC-SYNTH,2026-09-13T00:00:00+08:00,0.9,synthetic,not_applicable,,team_generated,false,dev
EVT-N015-33,USER-N015,job_saved,2026-04-07T16:00:00Z,,,JOB-AI-ALG-0033,0,completed,neutral,active,low,收藏一个模拟目标岗位,1.2.0,synthetic,true,SRC-SYNTH,2026-09-13T00:00:00+08:00,0.9,synthetic,not_applicable,,team_generated,false,dev
EVT-N015-34,USER-N015,application_submitted,2026-04-24T16:00:00Z,,,JOB-AI-ALG-0034,0,completed,neutral,active,low,向模拟岗位提交申请,1.2.0,synthetic,true,SRC-SYNTH,2026-09-13T00:00:00+08:00,0.9,synthetic,not_applicable,,team_generated,false,dev
EVT-N015-35,USER-N015,interview_result,2026-05-11T16:00:00Z,,,JOB-AI-ALG-0035,0,completed,disappointed,active,low,记录模拟面试反馈,1.2.0,synthetic,true,SRC-SYNTH,2026-09-13T00:00:00+08:00,0.9,synthetic,not_applicable,,team_generated,false,dev
EVT-N015-36,USER-N015,plan_adjusted,2026-05-28T16:00:00Z,SKILL-036,,,0,completed,neutral,plan_rebalanced,low,根据时间和反馈调整学习计划,1.2.0,synthetic,true,SRC-SYNTH,2026-09-13T00:00:00+08:00,0.9,synthetic,not_applicable,,team_generated,false,dev
EVT-N015-37,USER-N015,skill_practice,2026-06-14T16:00:00Z,SKILL-054,RES-0005,,2,completed,positive,progressing,low,完成技能练习并记录反思,1.2.0,synthetic,true,SRC-SYNTH,2026-09-13T00:00:00+08:00,0.9,synthetic,not_applicable,,team_generated,false,dev
EVT-N015-38,USER-N015,inactivity,2026-07-01T16:00:00Z,SKILL-010,,,-4,attention_needed,frustrated,learning_stalled,medium,超过设定周期未产生学习证据，触发技能衰减,1.2.0,synthetic,true,SRC-SYNTH,2026-09-13T00:00:00+08:00,0.9,synthetic,not_applicable,,team_generated,false,dev
EVT-N015-39,USER-N015,reminder_response,2026-07-18T16:00:00Z,SKILL-018,,,0,completed,neutral,active,low,响应任务提醒并更新完成状态,1.2.0,synthetic,true,SRC-SYNTH,2026-09-13T00:00:00+08:00,0.9,synthetic,not_applicable,,team_generated,false,dev
EVT-N015-40,USER-N015,profile_recalculated,2026-08-04T16:00:00Z,SKILL-021,,,0,completed,neutral,active,low,根据新证据重算画像与岗位匹配度,1.2.0,synthetic,true,SRC-SYNTH,2026-09-13T00:00:00+08:00,0.9,synthetic,not_applicable,,team_generated,false,dev
EVT-N016-01,USER-N016,onboarding,2024-10-10T16:00:00Z,,,,0,completed,neutral,active,low,完成基础信息和学习约束录入,1.2.0,synthetic,true,SRC-SYNTH,2026-09-13T00:00:00+08:00,0.9,synthetic,not_applicable,,team_generated,false,dev
EVT-N016-02,USER-N016,skill_assessment,2024-10-27T16:00:00Z,SKILL-009,,,3,completed,positive,progressing,low,完成能力测评并生成可解释证据,1.2.0,synthetic,true,SRC-SYNTH,2026-09-13T00:00:00+08:00,0.9,synthetic,not_applicable,,team_generated,false,dev
EVT-N016-03,USER-N016,course_started,2024-11-13T16:00:00Z,SKILL-027,RES-0027,,0,completed,neutral,active,low,开始一项与目标能力相关的课程,1.2.0,synthetic,true,SRC-SYNTH,2026-09-13T00:00:00+08:00,0.9,synthetic,not_applicable,,team_generated,false,dev
EVT-N016-04,USER-N016,task_completed,2024-11-30T16:00:00Z,SKILL-030,RES-0150,,2,completed,positive,progressing,low,完成本周学习任务,1.2.0,synthetic,true,SRC-SYNTH,2026-09-13T00:00:00+08:00,0.9,synthetic,not_applicable,,team_generated,false,dev
EVT-N016-05,USER-N016,skill_practice,2024-12-17T16:00:00Z,SKILL-036,RES-0149,,2,completed,positive,progressing,low,完成技能练习并记录反思,1.2.0,synthetic,true,SRC-SYNTH,2026-09-13T00:00:00+08:00,0.9,synthetic,not_applicable,,team_generated,false,dev
EVT-N016-06,USER-N016,course_completed,2025-01-03T16:00:00Z,SKILL-039,RES-0159,,6,completed,positive,progressing,low,完成课程并提交学习总结,1.2.0,synthetic,true,SRC-SYNTH,2026-09-13T00:00:00+08:00,0.9,synthetic,not_applicable,,team_generated,false,dev
EVT-N016-07,USER-N016,project_started,2025-01-20T16:00:00Z,SKILL-001,RES-0167,,0,completed,neutral,active,low,启动实践项目并确认里程碑,1.2.0,synthetic,true,SRC-SYNTH,2026-09-13T00:00:00+08:00,0.9,synthetic,not_applicable,,team_generated,false,dev
EVT-N016-08,USER-N016,job_viewed,2025-02-06T16:00:00Z,,,JOB-AI-APP-0087,0,completed,neutral,active,low,查看目标岗位及能力要求,1.2.0,synthetic,true,SRC-SYNTH,2026-09-13T00:00:00+08:00,0.9,synthetic,not_applicable,,team_generated,false,dev
EVT-N016-09,USER-N016,feedback_submitted,2025-02-23T16:00:00Z,SKILL-027,,,0,completed,neutral,active,low,提交计划难度和推荐相关性反馈,1.2.0,synthetic,true,SRC-SYNTH,2026-09-13T00:00:00+08:00,0.9,synthetic,not_applicable,,team_generated,false,dev
EVT-N016-10,USER-N016,task_completed,2025-03-12T16:00:00Z,SKILL-030,RES-0030,,2,completed,positive,progressing,low,完成本周学习任务,1.2.0,synthetic,true,SRC-SYNTH,2026-09-13T00:00:00+08:00,0.9,synthetic,not_applicable,,team_generated,false,dev
EVT-N016-11,USER-N016,project_completed,2025-03-29T16:00:00Z,SKILL-036,RES-0029,,8,completed,positive,progressing,low,完成项目、说明文档和复盘,1.2.0,synthetic,true,SRC-SYNTH,2026-09-13T00:00:00+08:00,0.9,synthetic,not_applicable,,team_generated,false,dev
EVT-N016-12,USER-N016,profile_recalculated,2025-04-15T16:00:00Z,SKILL-039,,,0,completed,neutral,active,low,根据新证据重算画像与岗位匹配度,1.2.0,synthetic,true,SRC-SYNTH,2026-09-13T00:00:00+08:00,0.9,synthetic,not_applicable,,team_generated,false,dev
EVT-N016-13,USER-N016,job_saved,2025-05-02T16:00:00Z,,,JOB-AI-APP-0013,0,completed,neutral,active,low,收藏一个模拟目标岗位,1.2.0,synthetic,true,SRC-SYNTH,2026-09-13T00:00:00+08:00,0.9,synthetic,not_applicable,,team_generated,false,dev
EVT-N016-14,USER-N016,application_submitted,2025-05-19T16:00:00Z,,,JOB-AI-APP-0014,0,completed,neutral,active,low,向模拟岗位提交申请,1.2.0,synthetic,true,SRC-SYNTH,2026-09-13T00:00:00+08:00,0.9,synthetic,not_applicable,,team_generated,false,dev
EVT-N016-15,USER-N016,interview_result,2025-06-05T16:00:00Z,,,JOB-AI-APP-0015,0,completed,disappointed,active,low,记录模拟面试反馈,1.2.0,synthetic,true,SRC-SYNTH,2026-09-13T00:00:00+08:00,0.9,synthetic,not_applicable,,team_generated,false,dev
EVT-N016-16,USER-N016,plan_adjusted,2025-06-22T16:00:00Z,SKILL-030,,,0,completed,neutral,plan_rebalanced,low,根据时间和反馈调整学习计划,1.2.0,synthetic,true,SRC-SYNTH,2026-09-13T00:00:00+08:00,0.9,synthetic,not_applicable,,team_generated,false,dev
EVT-N016-17,USER-N016,skill_practice,2025-07-09T16:00:00Z,SKILL-036,RES-0036,,2,completed,positive,progressing,low,完成技能练习并记录反思,1.2.0,synthetic,true,SRC-SYNTH,2026-09-13T00:00:00+08:00,0.9,synthetic,not_applicable,,team_generated,false,dev
EVT-N016-18,USER-N016,inactivity,2025-07-26T16:00:00Z,SKILL-039,,,-4,attention_needed,frustrated,learning_stalled,medium,超过设定周期未产生学习证据，触发技能衰减,1.2.0,synthetic,true,SRC-SYNTH,2026-09-13T00:00:00+08:00,0.9,synthetic,not_applicable,,team_generated,false,dev
EVT-N016-19,USER-N016,reminder_response,2025-08-12T16:00:00Z,SKILL-001,,,0,completed,neutral,active,low,响应任务提醒并更新完成状态,1.2.0,synthetic,true,SRC-SYNTH,2026-09-13T00:00:00+08:00,0.9,synthetic,not_applicable,,team_generated,false,dev
EVT-N016-20,USER-N016,profile_recalculated,2025-08-29T16:00:00Z,SKILL-009,,,0,completed,neutral,active,low,根据新证据重算画像与岗位匹配度,1.2.0,synthetic,true,SRC-SYNTH,2026-09-13T00:00:00+08:00,0.9,synthetic,not_applicable,,team_generated,false,dev
EVT-N016-21,USER-N016,onboarding,2025-09-15T16:00:00Z,,,,0,completed,neutral,active,low,完成基础信息和学习约束录入,1.2.0,synthetic,true,SRC-SYNTH,2026-09-13T00:00:00+08:00,0.9,synthetic,not_applicable,,team_generated,false,dev
EVT-N016-22,USER-N016,skill_assessment,2025-10-02T16:00:00Z,SKILL-030,,,3,completed,positive,progressing,low,完成能力测评并生成可解释证据,1.2.0,synthetic,true,SRC-SYNTH,2026-09-13T00:00:00+08:00,0.9,synthetic,not_applicable,,team_generated,false,dev
EVT-N016-23,USER-N016,course_started,2025-10-19T16:00:00Z,SKILL-036,RES-0149,,0,completed,neutral,active,low,开始一项与目标能力相关的课程,1.2.0,synthetic,true,SRC-SYNTH,2026-09-13T00:00:00+08:00,0.9,synthetic,not_applicable,,team_generated,false,dev
EVT-N016-24,USER-N016,task_completed,2025-11-05T16:00:00Z,SKILL-039,RES-0092,,2,completed,positive,progressing,low,完成本周学习任务,1.2.0,synthetic,true,SRC-SYNTH,2026-09-13T00:00:00+08:00,0.9,synthetic,not_applicable,,team_generated,false,dev
EVT-N016-25,USER-N016,skill_practice,2025-11-22T16:00:00Z,SKILL-001,RES-0181,,2,completed,positive,progressing,low,完成技能练习并记录反思,1.2.0,synthetic,true,SRC-SYNTH,2026-09-13T00:00:00+08:00,0.9,synthetic,not_applicable,,team_generated,false,dev
EVT-N016-26,USER-N016,course_completed,2025-12-09T16:00:00Z,SKILL-009,RES-0129,,6,completed,positive,progressing,low,完成课程并提交学习总结,1.2.0,synthetic,true,SRC-SYNTH,2026-09-13T00:00:00+08:00,0.9,synthetic,not_applicable,,team_generated,false,dev
EVT-N016-27,USER-N016,project_started,2025-12-26T16:00:00Z,SKILL-027,RES-0140,,0,completed,neutral,active,low,启动实践项目并确认里程碑,1.2.0,synthetic,true,SRC-SYNTH,2026-09-13T00:00:00+08:00,0.9,synthetic,not_applicable,,team_generated,false,dev
EVT-N016-28,USER-N016,job_viewed,2026-01-12T16:00:00Z,,,JOB-AI-APP-0028,0,completed,neutral,active,low,查看目标岗位及能力要求,1.2.0,synthetic,true,SRC-SYNTH,2026-09-13T00:00:00+08:00,0.9,synthetic,not_applicable,,team_generated,false,dev
EVT-N016-29,USER-N016,feedback_submitted,2026-01-29T16:00:00Z,SKILL-036,,,0,completed,neutral,active,low,提交计划难度和推荐相关性反馈,1.2.0,synthetic,true,SRC-SYNTH,2026-09-13T00:00:00+08:00,0.9,synthetic,not_applicable,,team_generated,false,dev
EVT-N016-30,USER-N016,task_completed,2026-02-15T16:00:00Z,SKILL-039,RES-0039,,2,completed,positive,progressing,low,完成本周学习任务,1.2.0,synthetic,true,SRC-SYNTH,2026-09-13T00:00:00+08:00,0.9,synthetic,not_applicable,,team_generated,false,dev
EVT-N016-31,USER-N016,project_completed,2026-03-04T16:00:00Z,SKILL-001,RES-0121,,8,completed,positive,progressing,low,完成项目、说明文档和复盘,1.2.0,synthetic,true,SRC-SYNTH,2026-09-13T00:00:00+08:00,0.9,synthetic,not_applicable,,team_generated,false,dev
EVT-N016-32,USER-N016,profile_recalculated,2026-03-21T16:00:00Z,SKILL-009,,,0,completed,neutral,active,low,根据新证据重算画像与岗位匹配度,1.2.0,synthetic,true,SRC-SYNTH,2026-09-13T00:00:00+08:00,0.9,synthetic,not_applicable,,team_generated,false,dev
EVT-N016-33,USER-N016,job_saved,2026-04-07T16:00:00Z,,,JOB-AI-APP-0033,0,completed,neutral,active,low,收藏一个模拟目标岗位,1.2.0,synthetic,true,SRC-SYNTH,2026-09-13T00:00:00+08:00,0.9,synthetic,not_applicable,,team_generated,false,dev
EVT-N016-34,USER-N016,application_submitted,2026-04-24T16:00:00Z,,,JOB-AI-APP-0034,0,completed,neutral,active,low,向模拟岗位提交申请,1.2.0,synthetic,true,SRC-SYNTH,2026-09-13T00:00:00+08:00,0.9,synthetic,not_applicable,,team_generated,false,dev
EVT-N016-35,USER-N016,interview_result,2026-05-11T16:00:00Z,,,JOB-AI-APP-0035,0,completed,disappointed,active,low,记录模拟面试反馈,1.2.0,synthetic,true,SRC-SYNTH,2026-09-13T00:00:00+08:00,0.9,synthetic,not_applicable,,team_generated,false,dev
EVT-N016-36,USER-N016,plan_adjusted,2026-05-28T16:00:00Z,SKILL-039,,,0,completed,neutral,plan_rebalanced,low,根据时间和反馈调整学习计划,1.2.0,synthetic,true,SRC-SYNTH,2026-09-13T00:00:00+08:00,0.9,synthetic,not_applicable,,team_generated,false,dev
EVT-N016-37,USER-N016,skill_practice,2026-06-14T16:00:00Z,SKILL-001,RES-0541,,2,completed,positive,progressing,low,完成技能练习并记录反思,1.2.0,synthetic,true,SRC-SYNTH,2026-09-13T00:00:00+08:00,0.9,synthetic,not_applicable,,team_generated,false,dev
EVT-N016-38,USER-N016,inactivity,2026-07-01T16:00:00Z,SKILL-009,,,-4,attention_needed,frustrated,learning_stalled,medium,超过设定周期未产生学习证据，触发技能衰减,1.2.0,synthetic,true,SRC-SYNTH,2026-09-13T00:00:00+08:00,0.9,synthetic,not_applicable,,team_generated,false,dev
EVT-N016-39,USER-N016,reminder_response,2026-07-18T16:00:00Z,SKILL-027,,,0,completed,neutral,active,low,响应任务提醒并更新完成状态,1.2.0,synthetic,true,SRC-SYNTH,2026-09-13T00:00:00+08:00,0.9,synthetic,not_applicable,,team_generated,false,dev
EVT-N016-40,USER-N016,profile_recalculated,2026-08-04T16:00:00Z,SKILL-030,,,0,completed,neutral,active,low,根据新证据重算画像与岗位匹配度,1.2.0,synthetic,true,SRC-SYNTH,2026-09-13T00:00:00+08:00,0.9,synthetic,not_applicable,,team_generated,false,dev
EVT-N017-01,USER-N017,onboarding,2024-10-10T16:00:00Z,,,,0,completed,neutral,active,low,完成基础信息和学习约束录入,1.2.0,synthetic,true,SRC-SYNTH,2026-09-13T00:00:00+08:00,0.9,synthetic,not_applicable,,team_generated,false,dev
EVT-N017-02,USER-N017,skill_assessment,2024-10-27T16:00:00Z,SKILL-012,,,3,completed,positive,progressing,low,完成能力测评并生成可解释证据,1.2.0,synthetic,true,SRC-SYNTH,2026-09-13T00:00:00+08:00,0.9,synthetic,not_applicable,,team_generated,false,dev
EVT-N017-03,USER-N017,course_started,2024-11-13T16:00:00Z,SKILL-015,RES-0188,,0,completed,neutral,active,low,开始一项与目标能力相关的课程,1.2.0,synthetic,true,SRC-SYNTH,2026-09-13T00:00:00+08:00,0.9,synthetic,not_applicable,,team_generated,false,dev
EVT-N017-04,USER-N017,task_completed,2024-11-30T16:00:00Z,SKILL-041,RES-0161,,2,completed,positive,progressing,low,完成本周学习任务,1.2.0,synthetic,true,SRC-SYNTH,2026-09-13T00:00:00+08:00,0.9,synthetic,not_applicable,,team_generated,false,dev
EVT-N017-05,USER-N017,skill_practice,2024-12-17T16:00:00Z,SKILL-045,RES-0158,,2,completed,positive,progressing,low,完成技能练习并记录反思,1.2.0,synthetic,true,SRC-SYNTH,2026-09-13T00:00:00+08:00,0.9,synthetic,not_applicable,,team_generated,false,dev
EVT-N017-06,USER-N017,course_completed,2025-01-03T16:00:00Z,SKILL-049,RES-0169,,6,completed,positive,progressing,low,完成课程并提交学习总结,1.2.0,synthetic,true,SRC-SYNTH,2026-09-13T00:00:00+08:00,0.9,synthetic,not_applicable,,team_generated,false,dev
EVT-N017-07,USER-N017,project_started,2025-01-20T16:00:00Z,SKILL-009,RES-0542,,0,completed,neutral,active,low,启动实践项目并确认里程碑,1.2.0,synthetic,true,SRC-SYNTH,2026-09-13T00:00:00+08:00,0.9,synthetic,not_applicable,,team_generated,false,dev
EVT-N017-08,USER-N017,job_viewed,2025-02-06T16:00:00Z,,,JOB-DATA-0087,0,completed,neutral,active,low,查看目标岗位及能力要求,1.2.0,synthetic,true,SRC-SYNTH,2026-09-13T00:00:00+08:00,0.9,synthetic,not_applicable,,team_generated,false,dev
EVT-N017-09,USER-N017,feedback_submitted,2025-02-23T16:00:00Z,SKILL-015,,,0,completed,neutral,active,low,提交计划难度和推荐相关性反馈,1.2.0,synthetic,true,SRC-SYNTH,2026-09-13T00:00:00+08:00,0.9,synthetic,not_applicable,,team_generated,false,dev
EVT-N017-10,USER-N017,task_completed,2025-03-12T16:00:00Z,SKILL-041,RES-0041,,2,completed,positive,progressing,low,完成本周学习任务,1.2.0,synthetic,true,SRC-SYNTH,2026-09-13T00:00:00+08:00,0.9,synthetic,not_applicable,,team_generated,false,dev
EVT-N017-11,USER-N017,project_completed,2025-03-29T16:00:00Z,SKILL-045,RES-0158,,8,completed,positive,progressing,low,完成项目、说明文档和复盘,1.2.0,synthetic,true,SRC-SYNTH,2026-09-13T00:00:00+08:00,0.9,synthetic,not_applicable,,team_generated,false,dev
EVT-N017-12,USER-N017,profile_recalculated,2025-04-15T16:00:00Z,SKILL-049,,,0,completed,neutral,active,low,根据新证据重算画像与岗位匹配度,1.2.0,synthetic,true,SRC-SYNTH,2026-09-13T00:00:00+08:00,0.9,synthetic,not_applicable,,team_generated,false,dev
EVT-N017-13,USER-N017,job_saved,2025-05-02T16:00:00Z,,,JOB-DATA-0013,0,completed,neutral,active,low,收藏一个模拟目标岗位,1.2.0,synthetic,true,SRC-SYNTH,2026-09-13T00:00:00+08:00,0.9,synthetic,not_applicable,,team_generated,false,dev
EVT-N017-14,USER-N017,application_submitted,2025-05-19T16:00:00Z,,,JOB-DATA-0014,0,completed,neutral,active,low,向模拟岗位提交申请,1.2.0,synthetic,true,SRC-SYNTH,2026-09-13T00:00:00+08:00,0.9,synthetic,not_applicable,,team_generated,false,dev
EVT-N017-15,USER-N017,interview_result,2025-06-05T16:00:00Z,,,JOB-DATA-0015,0,completed,disappointed,active,low,记录模拟面试反馈,1.2.0,synthetic,true,SRC-SYNTH,2026-09-13T00:00:00+08:00,0.9,synthetic,not_applicable,,team_generated,false,dev
EVT-N017-16,USER-N017,plan_adjusted,2025-06-22T16:00:00Z,SKILL-041,,,0,completed,neutral,plan_rebalanced,low,根据时间和反馈调整学习计划,1.2.0,synthetic,true,SRC-SYNTH,2026-09-13T00:00:00+08:00,0.9,synthetic,not_applicable,,team_generated,false,dev
EVT-N017-17,USER-N017,skill_practice,2025-07-09T16:00:00Z,SKILL-045,RES-0158,,2,completed,positive,progressing,low,完成技能练习并记录反思,1.2.0,synthetic,true,SRC-SYNTH,2026-09-13T00:00:00+08:00,0.9,synthetic,not_applicable,,team_generated,false,dev
EVT-N017-18,USER-N017,inactivity,2025-07-26T16:00:00Z,SKILL-049,,,-4,attention_needed,frustrated,learning_stalled,medium,超过设定周期未产生学习证据，触发技能衰减,1.2.0,synthetic,true,SRC-SYNTH,2026-09-13T00:00:00+08:00,0.9,synthetic,not_applicable,,team_generated,false,dev
EVT-N017-19,USER-N017,reminder_response,2025-08-12T16:00:00Z,SKILL-009,,,0,completed,neutral,active,low,响应任务提醒并更新完成状态,1.2.0,synthetic,true,SRC-SYNTH,2026-09-13T00:00:00+08:00,0.9,synthetic,not_applicable,,team_generated,false,dev
EVT-N017-20,USER-N017,profile_recalculated,2025-08-29T16:00:00Z,SKILL-012,,,0,completed,neutral,active,low,根据新证据重算画像与岗位匹配度,1.2.0,synthetic,true,SRC-SYNTH,2026-09-13T00:00:00+08:00,0.9,synthetic,not_applicable,,team_generated,false,dev
EVT-N017-21,USER-N017,onboarding,2025-09-15T16:00:00Z,,,,0,completed,neutral,active,low,完成基础信息和学习约束录入,1.2.0,synthetic,true,SRC-SYNTH,2026-09-13T00:00:00+08:00,0.9,synthetic,not_applicable,,team_generated,false,dev
EVT-N017-22,USER-N017,skill_assessment,2025-10-02T16:00:00Z,SKILL-041,,,3,completed,positive,progressing,low,完成能力测评并生成可解释证据,1.2.0,synthetic,true,SRC-SYNTH,2026-09-13T00:00:00+08:00,0.9,synthetic,not_applicable,,team_generated,false,dev
EVT-N017-23,USER-N017,course_started,2025-10-19T16:00:00Z,SKILL-045,RES-0158,,0,completed,neutral,active,low,开始一项与目标能力相关的课程,1.2.0,synthetic,true,SRC-SYNTH,2026-09-13T00:00:00+08:00,0.9,synthetic,not_applicable,,team_generated,false,dev
EVT-N017-24,USER-N017,task_completed,2025-11-05T16:00:00Z,SKILL-049,RES-0169,,2,completed,positive,progressing,low,完成本周学习任务,1.2.0,synthetic,true,SRC-SYNTH,2026-09-13T00:00:00+08:00,0.9,synthetic,not_applicable,,team_generated,false,dev
EVT-N017-25,USER-N017,skill_practice,2025-11-22T16:00:00Z,SKILL-009,RES-0122,,2,completed,positive,progressing,low,完成技能练习并记录反思,1.2.0,synthetic,true,SRC-SYNTH,2026-09-13T00:00:00+08:00,0.9,synthetic,not_applicable,,team_generated,false,dev
EVT-N017-26,USER-N017,course_completed,2025-12-09T16:00:00Z,SKILL-012,RES-0545,,6,completed,positive,progressing,low,完成课程并提交学习总结,1.2.0,synthetic,true,SRC-SYNTH,2026-09-13T00:00:00+08:00,0.9,synthetic,not_applicable,,team_generated,false,dev
EVT-N017-27,USER-N017,project_started,2025-12-26T16:00:00Z,SKILL-015,RES-0188,,0,completed,neutral,active,low,启动实践项目并确认里程碑,1.2.0,synthetic,true,SRC-SYNTH,2026-09-13T00:00:00+08:00,0.9,synthetic,not_applicable,,team_generated,false,dev
EVT-N017-28,USER-N017,job_viewed,2026-01-12T16:00:00Z,,,JOB-DATA-0028,0,completed,neutral,active,low,查看目标岗位及能力要求,1.2.0,synthetic,true,SRC-SYNTH,2026-09-13T00:00:00+08:00,0.9,synthetic,not_applicable,,team_generated,false,dev
EVT-N017-29,USER-N017,feedback_submitted,2026-01-29T16:00:00Z,SKILL-045,,,0,completed,neutral,active,low,提交计划难度和推荐相关性反馈,1.2.0,synthetic,true,SRC-SYNTH,2026-09-13T00:00:00+08:00,0.9,synthetic,not_applicable,,team_generated,false,dev
EVT-N017-30,USER-N017,task_completed,2026-02-15T16:00:00Z,SKILL-049,RES-0155,,2,completed,positive,progressing,low,完成本周学习任务,1.2.0,synthetic,true,SRC-SYNTH,2026-09-13T00:00:00+08:00,0.9,synthetic,not_applicable,,team_generated,false,dev
EVT-N017-31,USER-N017,project_completed,2026-03-04T16:00:00Z,SKILL-009,RES-0422,,8,completed,positive,progressing,low,完成项目、说明文档和复盘,1.2.0,synthetic,true,SRC-SYNTH,2026-09-13T00:00:00+08:00,0.9,synthetic,not_applicable,,team_generated,false,dev
EVT-N017-32,USER-N017,profile_recalculated,2026-03-21T16:00:00Z,SKILL-012,,,0,completed,neutral,active,low,根据新证据重算画像与岗位匹配度,1.2.0,synthetic,true,SRC-SYNTH,2026-09-13T00:00:00+08:00,0.9,synthetic,not_applicable,,team_generated,false,dev
EVT-N017-33,USER-N017,job_saved,2026-04-07T16:00:00Z,,,JOB-DATA-0033,0,completed,neutral,active,low,收藏一个模拟目标岗位,1.2.0,synthetic,true,SRC-SYNTH,2026-09-13T00:00:00+08:00,0.9,synthetic,not_applicable,,team_generated,false,dev
EVT-N017-34,USER-N017,application_submitted,2026-04-24T16:00:00Z,,,JOB-DATA-0034,0,completed,neutral,active,low,向模拟岗位提交申请,1.2.0,synthetic,true,SRC-SYNTH,2026-09-13T00:00:00+08:00,0.9,synthetic,not_applicable,,team_generated,false,dev
EVT-N017-35,USER-N017,interview_result,2026-05-11T16:00:00Z,,,JOB-DATA-0035,0,completed,disappointed,active,low,记录模拟面试反馈,1.2.0,synthetic,true,SRC-SYNTH,2026-09-13T00:00:00+08:00,0.9,synthetic,not_applicable,,team_generated,false,dev
EVT-N017-36,USER-N017,plan_adjusted,2026-05-28T16:00:00Z,SKILL-049,,,0,completed,neutral,plan_rebalanced,low,根据时间和反馈调整学习计划,1.2.0,synthetic,true,SRC-SYNTH,2026-09-13T00:00:00+08:00,0.9,synthetic,not_applicable,,team_generated,false,dev
EVT-N017-37,USER-N017,skill_practice,2026-06-14T16:00:00Z,SKILL-009,RES-0422,,2,completed,positive,progressing,low,完成技能练习并记录反思,1.2.0,synthetic,true,SRC-SYNTH,2026-09-13T00:00:00+08:00,0.9,synthetic,not_applicable,,team_generated,false,dev
EVT-N017-38,USER-N017,inactivity,2026-07-01T16:00:00Z,SKILL-012,,,-4,attention_needed,frustrated,learning_stalled,medium,超过设定周期未产生学习证据，触发技能衰减,1.2.0,synthetic,true,SRC-SYNTH,2026-09-13T00:00:00+08:00,0.9,synthetic,not_applicable,,team_generated,false,dev
EVT-N017-39,USER-N017,reminder_response,2026-07-18T16:00:00Z,SKILL-015,,,0,completed,neutral,active,low,响应任务提醒并更新完成状态,1.2.0,synthetic,true,SRC-SYNTH,2026-09-13T00:00:00+08:00,0.9,synthetic,not_applicable,,team_generated,false,dev
EVT-N017-40,USER-N017,profile_recalculated,2026-08-04T16:00:00Z,SKILL-041,,,0,completed,neutral,active,low,根据新证据重算画像与岗位匹配度,1.2.0,synthetic,true,SRC-SYNTH,2026-09-13T00:00:00+08:00,0.9,synthetic,not_applicable,,team_generated,false,dev
EVT-N018-01,USER-N018,onboarding,2024-10-10T16:00:00Z,,,,0,completed,neutral,active,low,完成基础信息和学习约束录入,1.2.0,synthetic,true,SRC-SYNTH,2026-09-13T00:00:00+08:00,0.9,synthetic,not_applicable,,team_generated,false,dev
EVT-N018-02,USER-N018,skill_assessment,2024-10-27T16:00:00Z,SKILL-018,,,3,completed,positive,progressing,low,完成能力测评并生成可解释证据,1.2.0,synthetic,true,SRC-SYNTH,2026-09-13T00:00:00+08:00,0.9,synthetic,not_applicable,,team_generated,false,dev
EVT-N018-03,USER-N018,course_started,2024-11-13T16:00:00Z,SKILL-021,RES-0141,,0,completed,neutral,active,low,开始一项与目标能力相关的课程,1.2.0,synthetic,true,SRC-SYNTH,2026-09-13T00:00:00+08:00,0.9,synthetic,not_applicable,,team_generated,false,dev
EVT-N018-04,USER-N018,task_completed,2024-11-30T16:00:00Z,SKILL-024,RES-0137,,2,completed,positive,progressing,low,完成本周学习任务,1.2.0,synthetic,true,SRC-SYNTH,2026-09-13T00:00:00+08:00,0.9,synthetic,not_applicable,,team_generated,false,dev
EVT-N018-05,USER-N018,skill_practice,2024-12-17T16:00:00Z,SKILL-036,RES-0149,,2,completed,positive,progressing,low,完成技能练习并记录反思,1.2.0,synthetic,true,SRC-SYNTH,2026-09-13T00:00:00+08:00,0.9,synthetic,not_applicable,,team_generated,false,dev
EVT-N018-06,USER-N018,course_completed,2025-01-03T16:00:00Z,SKILL-054,RES-0167,,6,completed,positive,progressing,low,完成课程并提交学习总结,1.2.0,synthetic,true,SRC-SYNTH,2026-09-13T00:00:00+08:00,0.9,synthetic,not_applicable,,team_generated,false,dev
EVT-N018-07,USER-N018,project_started,2025-01-20T16:00:00Z,SKILL-010,RES-0130,,0,completed,neutral,active,low,启动实践项目并确认里程碑,1.2.0,synthetic,true,SRC-SYNTH,2026-09-13T00:00:00+08:00,0.9,synthetic,not_applicable,,team_generated,false,dev
EVT-N018-08,USER-N018,job_viewed,2025-02-06T16:00:00Z,,,JOB-AI-ALG-0087,0,completed,neutral,active,low,查看目标岗位及能力要求,1.2.0,synthetic,true,SRC-SYNTH,2026-09-13T00:00:00+08:00,0.9,synthetic,not_applicable,,team_generated,false,dev
EVT-N018-09,USER-N018,feedback_submitted,2025-02-23T16:00:00Z,SKILL-021,,,0,completed,neutral,active,low,提交计划难度和推荐相关性反馈,1.2.0,synthetic,true,SRC-SYNTH,2026-09-13T00:00:00+08:00,0.9,synthetic,not_applicable,,team_generated,false,dev
EVT-N018-10,USER-N018,task_completed,2025-03-12T16:00:00Z,SKILL-024,RES-0144,,2,completed,positive,progressing,low,完成本周学习任务,1.2.0,synthetic,true,SRC-SYNTH,2026-09-13T00:00:00+08:00,0.9,synthetic,not_applicable,,team_generated,false,dev
EVT-N018-11,USER-N018,project_completed,2025-03-29T16:00:00Z,SKILL-036,RES-0029,,8,completed,positive,progressing,low,完成项目、说明文档和复盘,1.2.0,synthetic,true,SRC-SYNTH,2026-09-13T00:00:00+08:00,0.9,synthetic,not_applicable,,team_generated,false,dev
EVT-N018-12,USER-N018,profile_recalculated,2025-04-15T16:00:00Z,SKILL-054,,,0,completed,neutral,active,low,根据新证据重算画像与岗位匹配度,1.2.0,synthetic,true,SRC-SYNTH,2026-09-13T00:00:00+08:00,0.9,synthetic,not_applicable,,team_generated,false,dev
EVT-N018-13,USER-N018,job_saved,2025-05-02T16:00:00Z,,,JOB-AI-ALG-0013,0,completed,neutral,active,low,收藏一个模拟目标岗位,1.2.0,synthetic,true,SRC-SYNTH,2026-09-13T00:00:00+08:00,0.9,synthetic,not_applicable,,team_generated,false,dev
EVT-N018-14,USER-N018,application_submitted,2025-05-19T16:00:00Z,,,JOB-AI-ALG-0014,0,completed,neutral,active,low,向模拟岗位提交申请,1.2.0,synthetic,true,SRC-SYNTH,2026-09-13T00:00:00+08:00,0.9,synthetic,not_applicable,,team_generated,false,dev
EVT-N018-15,USER-N018,interview_result,2025-06-05T16:00:00Z,,,JOB-AI-ALG-0015,0,completed,disappointed,active,low,记录模拟面试反馈,1.2.0,synthetic,true,SRC-SYNTH,2026-09-13T00:00:00+08:00,0.9,synthetic,not_applicable,,team_generated,false,dev
EVT-N018-16,USER-N018,plan_adjusted,2025-06-22T16:00:00Z,SKILL-024,,,0,completed,neutral,plan_rebalanced,low,根据时间和反馈调整学习计划,1.2.0,synthetic,true,SRC-SYNTH,2026-09-13T00:00:00+08:00,0.9,synthetic,not_applicable,,team_generated,false,dev
EVT-N018-17,USER-N018,skill_practice,2025-07-09T16:00:00Z,SKILL-036,RES-0036,,2,completed,positive,progressing,low,完成技能练习并记录反思,1.2.0,synthetic,true,SRC-SYNTH,2026-09-13T00:00:00+08:00,0.9,synthetic,not_applicable,,team_generated,false,dev
EVT-N018-18,USER-N018,inactivity,2025-07-26T16:00:00Z,SKILL-054,,,-4,attention_needed,frustrated,learning_stalled,medium,超过设定周期未产生学习证据，触发技能衰减,1.2.0,synthetic,true,SRC-SYNTH,2026-09-13T00:00:00+08:00,0.9,synthetic,not_applicable,,team_generated,false,dev
EVT-N018-19,USER-N018,reminder_response,2025-08-12T16:00:00Z,SKILL-010,,,0,completed,neutral,active,low,响应任务提醒并更新完成状态,1.2.0,synthetic,true,SRC-SYNTH,2026-09-13T00:00:00+08:00,0.9,synthetic,not_applicable,,team_generated,false,dev
EVT-N018-20,USER-N018,profile_recalculated,2025-08-29T16:00:00Z,SKILL-018,,,0,completed,neutral,active,low,根据新证据重算画像与岗位匹配度,1.2.0,synthetic,true,SRC-SYNTH,2026-09-13T00:00:00+08:00,0.9,synthetic,not_applicable,,team_generated,false,dev
EVT-N018-21,USER-N018,onboarding,2025-09-15T16:00:00Z,,,,0,completed,neutral,active,low,完成基础信息和学习约束录入,1.2.0,synthetic,true,SRC-SYNTH,2026-09-13T00:00:00+08:00,0.9,synthetic,not_applicable,,team_generated,false,dev
EVT-N018-22,USER-N018,skill_assessment,2025-10-02T16:00:00Z,SKILL-024,,,3,completed,positive,progressing,low,完成能力测评并生成可解释证据,1.2.0,synthetic,true,SRC-SYNTH,2026-09-13T00:00:00+08:00,0.9,synthetic,not_applicable,,team_generated,false,dev
EVT-N018-23,USER-N018,course_started,2025-10-19T16:00:00Z,SKILL-036,RES-0149,,0,completed,neutral,active,low,开始一项与目标能力相关的课程,1.2.0,synthetic,true,SRC-SYNTH,2026-09-13T00:00:00+08:00,0.9,synthetic,not_applicable,,team_generated,false,dev
EVT-N018-24,USER-N018,task_completed,2025-11-05T16:00:00Z,SKILL-054,RES-0594,,2,completed,positive,progressing,low,完成本周学习任务,1.2.0,synthetic,true,SRC-SYNTH,2026-09-13T00:00:00+08:00,0.9,synthetic,not_applicable,,team_generated,false,dev
EVT-N018-25,USER-N018,skill_practice,2025-11-22T16:00:00Z,SKILL-010,RES-0190,,2,completed,positive,progressing,low,完成技能练习并记录反思,1.2.0,synthetic,true,SRC-SYNTH,2026-09-13T00:00:00+08:00,0.9,synthetic,not_applicable,,team_generated,false,dev
EVT-N018-26,USER-N018,course_completed,2025-12-09T16:00:00Z,SKILL-018,RES-0131,,6,completed,positive,progressing,low,完成课程并提交学习总结,1.2.0,synthetic,true,SRC-SYNTH,2026-09-13T00:00:00+08:00,0.9,synthetic,not_applicable,,team_generated,false,dev
EVT-N018-27,USER-N018,project_started,2025-12-26T16:00:00Z,SKILL-021,RES-0314,,0,completed,neutral,active,low,启动实践项目并确认里程碑,1.2.0,synthetic,true,SRC-SYNTH,2026-09-13T00:00:00+08:00,0.9,synthetic,not_applicable,,team_generated,false,dev
EVT-N018-28,USER-N018,job_viewed,2026-01-12T16:00:00Z,,,JOB-AI-ALG-0028,0,completed,neutral,active,low,查看目标岗位及能力要求,1.2.0,synthetic,true,SRC-SYNTH,2026-09-13T00:00:00+08:00,0.9,synthetic,not_applicable,,team_generated,false,dev
EVT-N018-29,USER-N018,feedback_submitted,2026-01-29T16:00:00Z,SKILL-036,,,0,completed,neutral,active,low,提交计划难度和推荐相关性反馈,1.2.0,synthetic,true,SRC-SYNTH,2026-09-13T00:00:00+08:00,0.9,synthetic,not_applicable,,team_generated,false,dev
EVT-N018-30,USER-N018,task_completed,2026-02-15T16:00:00Z,SKILL-054,RES-0167,,2,completed,positive,progressing,low,完成本周学习任务,1.2.0,synthetic,true,SRC-SYNTH,2026-09-13T00:00:00+08:00,0.9,synthetic,not_applicable,,team_generated,false,dev
EVT-N018-31,USER-N018,project_completed,2026-03-04T16:00:00Z,SKILL-010,RES-0130,,8,completed,positive,progressing,low,完成项目、说明文档和复盘,1.2.0,synthetic,true,SRC-SYNTH,2026-09-13T00:00:00+08:00,0.9,synthetic,not_applicable,,team_generated,false,dev
EVT-N018-32,USER-N018,profile_recalculated,2026-03-21T16:00:00Z,SKILL-018,,,0,completed,neutral,active,low,根据新证据重算画像与岗位匹配度,1.2.0,synthetic,true,SRC-SYNTH,2026-09-13T00:00:00+08:00,0.9,synthetic,not_applicable,,team_generated,false,dev
EVT-N018-33,USER-N018,job_saved,2026-04-07T16:00:00Z,,,JOB-AI-ALG-0033,0,completed,neutral,active,low,收藏一个模拟目标岗位,1.2.0,synthetic,true,SRC-SYNTH,2026-09-13T00:00:00+08:00,0.9,synthetic,not_applicable,,team_generated,false,dev
EVT-N018-34,USER-N018,application_submitted,2026-04-24T16:00:00Z,,,JOB-AI-ALG-0034,0,completed,neutral,active,low,向模拟岗位提交申请,1.2.0,synthetic,true,SRC-SYNTH,2026-09-13T00:00:00+08:00,0.9,synthetic,not_applicable,,team_generated,false,dev
EVT-N018-35,USER-N018,interview_result,2026-05-11T16:00:00Z,,,JOB-AI-ALG-0035,0,completed,disappointed,active,low,记录模拟面试反馈,1.2.0,synthetic,true,SRC-SYNTH,2026-09-13T00:00:00+08:00,0.9,synthetic,not_applicable,,team_generated,false,dev
EVT-N018-36,USER-N018,plan_adjusted,2026-05-28T16:00:00Z,SKILL-054,,,0,completed,neutral,plan_rebalanced,low,根据时间和反馈调整学习计划,1.2.0,synthetic,true,SRC-SYNTH,2026-09-13T00:00:00+08:00,0.9,synthetic,not_applicable,,team_generated,false,dev
EVT-N018-37,USER-N018,skill_practice,2026-06-14T16:00:00Z,SKILL-010,RES-0550,,2,completed,positive,progressing,low,完成技能练习并记录反思,1.2.0,synthetic,true,SRC-SYNTH,2026-09-13T00:00:00+08:00,0.9,synthetic,not_applicable,,team_generated,false,dev
EVT-N018-38,USER-N018,inactivity,2026-07-01T16:00:00Z,SKILL-018,,,-4,attention_needed,frustrated,learning_stalled,medium,超过设定周期未产生学习证据，触发技能衰减,1.2.0,synthetic,true,SRC-SYNTH,2026-09-13T00:00:00+08:00,0.9,synthetic,not_applicable,,team_generated,false,dev
EVT-N018-39,USER-N018,reminder_response,2026-07-18T16:00:00Z,SKILL-021,,,0,completed,neutral,active,low,响应任务提醒并更新完成状态,1.2.0,synthetic,true,SRC-SYNTH,2026-09-13T00:00:00+08:00,0.9,synthetic,not_applicable,,team_generated,false,dev
EVT-N018-40,USER-N018,profile_recalculated,2026-08-04T16:00:00Z,SKILL-024,,,0,completed,neutral,active,low,根据新证据重算画像与岗位匹配度,1.2.0,synthetic,true,SRC-SYNTH,2026-09-13T00:00:00+08:00,0.9,synthetic,not_applicable,,team_generated,false,dev
EVT-N019-01,USER-N019,onboarding,2024-10-10T16:00:00Z,,,,0,completed,neutral,active,low,完成基础信息和学习约束录入,1.2.0,synthetic,true,SRC-SYNTH,2026-09-13T00:00:00+08:00,0.9,synthetic,not_applicable,,team_generated,false,dev
EVT-N019-02,USER-N019,skill_assessment,2024-10-27T16:00:00Z,SKILL-027,,,3,completed,positive,progressing,low,完成能力测评并生成可解释证据,1.2.0,synthetic,true,SRC-SYNTH,2026-09-13T00:00:00+08:00,0.9,synthetic,not_applicable,,team_generated,false,dev
EVT-N019-03,USER-N019,course_started,2024-11-13T16:00:00Z,SKILL-030,RES-0030,,0,completed,neutral,active,low,开始一项与目标能力相关的课程,1.2.0,synthetic,true,SRC-SYNTH,2026-09-13T00:00:00+08:00,0.9,synthetic,not_applicable,,team_generated,false,dev
EVT-N019-04,USER-N019,task_completed,2024-11-30T16:00:00Z,SKILL-036,RES-0156,,2,completed,positive,progressing,low,完成本周学习任务,1.2.0,synthetic,true,SRC-SYNTH,2026-09-13T00:00:00+08:00,0.9,synthetic,not_applicable,,team_generated,false,dev
EVT-N019-05,USER-N019,skill_practice,2024-12-17T16:00:00Z,SKILL-039,RES-0152,,2,completed,positive,progressing,low,完成技能练习并记录反思,1.2.0,synthetic,true,SRC-SYNTH,2026-09-13T00:00:00+08:00,0.9,synthetic,not_applicable,,team_generated,false,dev
EVT-N019-06,USER-N019,course_completed,2025-01-03T16:00:00Z,SKILL-001,RES-0181,,6,completed,positive,progressing,low,完成课程并提交学习总结,1.2.0,synthetic,true,SRC-SYNTH,2026-09-13T00:00:00+08:00,0.9,synthetic,not_applicable,,team_generated,false,dev
EVT-N019-07,USER-N019,project_started,2025-01-20T16:00:00Z,SKILL-009,RES-0542,,0,completed,neutral,active,low,启动实践项目并确认里程碑,1.2.0,synthetic,true,SRC-SYNTH,2026-09-13T00:00:00+08:00,0.9,synthetic,not_applicable,,team_generated,false,dev
EVT-N019-08,USER-N019,job_viewed,2025-02-06T16:00:00Z,,,JOB-AI-APP-0087,0,completed,neutral,active,low,查看目标岗位及能力要求,1.2.0,synthetic,true,SRC-SYNTH,2026-09-13T00:00:00+08:00,0.9,synthetic,not_applicable,,team_generated,false,dev
EVT-N019-09,USER-N019,feedback_submitted,2025-02-23T16:00:00Z,SKILL-030,,,0,completed,neutral,active,low,提交计划难度和推荐相关性反馈,1.2.0,synthetic,true,SRC-SYNTH,2026-09-13T00:00:00+08:00,0.9,synthetic,not_applicable,,team_generated,false,dev
EVT-N019-10,USER-N019,task_completed,2025-03-12T16:00:00Z,SKILL-036,RES-0449,,2,completed,positive,progressing,low,完成本周学习任务,1.2.0,synthetic,true,SRC-SYNTH,2026-09-13T00:00:00+08:00,0.9,synthetic,not_applicable,,team_generated,false,dev
EVT-N019-11,USER-N019,project_completed,2025-03-29T16:00:00Z,SKILL-039,RES-0152,,8,completed,positive,progressing,low,完成项目、说明文档和复盘,1.2.0,synthetic,true,SRC-SYNTH,2026-09-13T00:00:00+08:00,0.9,synthetic,not_applicable,,team_generated,false,dev
EVT-N019-12,USER-N019,profile_recalculated,2025-04-15T16:00:00Z,SKILL-001,,,0,completed,neutral,active,low,根据新证据重算画像与岗位匹配度,1.2.0,synthetic,true,SRC-SYNTH,2026-09-13T00:00:00+08:00,0.9,synthetic,not_applicable,,team_generated,false,dev
EVT-N019-13,USER-N019,job_saved,2025-05-02T16:00:00Z,,,JOB-AI-APP-0013,0,completed,neutral,active,low,收藏一个模拟目标岗位,1.2.0,synthetic,true,SRC-SYNTH,2026-09-13T00:00:00+08:00,0.9,synthetic,not_applicable,,team_generated,false,dev
EVT-N019-14,USER-N019,application_submitted,2025-05-19T16:00:00Z,,,JOB-AI-APP-0014,0,completed,neutral,active,low,向模拟岗位提交申请,1.2.0,synthetic,true,SRC-SYNTH,2026-09-13T00:00:00+08:00,0.9,synthetic,not_applicable,,team_generated,false,dev
EVT-N019-15,USER-N019,interview_result,2025-06-05T16:00:00Z,,,JOB-AI-APP-0015,0,completed,disappointed,active,low,记录模拟面试反馈,1.2.0,synthetic,true,SRC-SYNTH,2026-09-13T00:00:00+08:00,0.9,synthetic,not_applicable,,team_generated,false,dev
EVT-N019-16,USER-N019,plan_adjusted,2025-06-22T16:00:00Z,SKILL-036,,,0,completed,neutral,plan_rebalanced,low,根据时间和反馈调整学习计划,1.2.0,synthetic,true,SRC-SYNTH,2026-09-13T00:00:00+08:00,0.9,synthetic,not_applicable,,team_generated,false,dev
EVT-N019-17,USER-N019,skill_practice,2025-07-09T16:00:00Z,SKILL-039,RES-0092,,2,completed,positive,progressing,low,完成技能练习并记录反思,1.2.0,synthetic,true,SRC-SYNTH,2026-09-13T00:00:00+08:00,0.9,synthetic,not_applicable,,team_generated,false,dev
EVT-N019-18,USER-N019,inactivity,2025-07-26T16:00:00Z,SKILL-001,,,-4,attention_needed,frustrated,learning_stalled,medium,超过设定周期未产生学习证据，触发技能衰减,1.2.0,synthetic,true,SRC-SYNTH,2026-09-13T00:00:00+08:00,0.9,synthetic,not_applicable,,team_generated,false,dev
EVT-N019-19,USER-N019,reminder_response,2025-08-12T16:00:00Z,SKILL-009,,,0,completed,neutral,active,low,响应任务提醒并更新完成状态,1.2.0,synthetic,true,SRC-SYNTH,2026-09-13T00:00:00+08:00,0.9,synthetic,not_applicable,,team_generated,false,dev
EVT-N019-20,USER-N019,profile_recalculated,2025-08-29T16:00:00Z,SKILL-027,,,0,completed,neutral,active,low,根据新证据重算画像与岗位匹配度,1.2.0,synthetic,true,SRC-SYNTH,2026-09-13T00:00:00+08:00,0.9,synthetic,not_applicable,,team_generated,false,dev
EVT-N019-21,USER-N019,onboarding,2025-09-15T16:00:00Z,,,,0,completed,neutral,active,low,完成基础信息和学习约束录入,1.2.0,synthetic,true,SRC-SYNTH,2026-09-13T00:00:00+08:00,0.9,synthetic,not_applicable,,team_generated,false,dev
EVT-N019-22,USER-N019,skill_assessment,2025-10-02T16:00:00Z,SKILL-036,,,3,completed,positive,progressing,low,完成能力测评并生成可解释证据,1.2.0,synthetic,true,SRC-SYNTH,2026-09-13T00:00:00+08:00,0.9,synthetic,not_applicable,,team_generated,false,dev
EVT-N019-23,USER-N019,course_started,2025-10-19T16:00:00Z,SKILL-039,RES-0092,,0,completed,neutral,active,low,开始一项与目标能力相关的课程,1.2.0,synthetic,true,SRC-SYNTH,2026-09-13T00:00:00+08:00,0.9,synthetic,not_applicable,,team_generated,false,dev
EVT-N019-24,USER-N019,task_completed,2025-11-05T16:00:00Z,SKILL-001,RES-0167,,2,completed,positive,progressing,low,完成本周学习任务,1.2.0,synthetic,true,SRC-SYNTH,2026-09-13T00:00:00+08:00,0.9,synthetic,not_applicable,,team_generated,false,dev
EVT-N019-25,USER-N019,skill_practice,2025-11-22T16:00:00Z,SKILL-009,RES-0122,,2,completed,positive,progressing,low,完成技能练习并记录反思,1.2.0,synthetic,true,SRC-SYNTH,2026-09-13T00:00:00+08:00,0.9,synthetic,not_applicable,,team_generated,false,dev
EVT-N019-26,USER-N019,course_completed,2025-12-09T16:00:00Z,SKILL-027,RES-0018,,6,completed,positive,progressing,low,完成课程并提交学习总结,1.2.0,synthetic,true,SRC-SYNTH,2026-09-13T00:00:00+08:00,0.9,synthetic,not_applicable,,team_generated,false,dev
EVT-N019-27,USER-N019,project_started,2025-12-26T16:00:00Z,SKILL-030,RES-0143,,0,completed,neutral,active,low,启动实践项目并确认里程碑,1.2.0,synthetic,true,SRC-SYNTH,2026-09-13T00:00:00+08:00,0.9,synthetic,not_applicable,,team_generated,false,dev
EVT-N019-28,USER-N019,job_viewed,2026-01-12T16:00:00Z,,,JOB-AI-APP-0028,0,completed,neutral,active,low,查看目标岗位及能力要求,1.2.0,synthetic,true,SRC-SYNTH,2026-09-13T00:00:00+08:00,0.9,synthetic,not_applicable,,team_generated,false,dev
EVT-N019-29,USER-N019,feedback_submitted,2026-01-29T16:00:00Z,SKILL-039,,,0,completed,neutral,active,low,提交计划难度和推荐相关性反馈,1.2.0,synthetic,true,SRC-SYNTH,2026-09-13T00:00:00+08:00,0.9,synthetic,not_applicable,,team_generated,false,dev
EVT-N019-30,USER-N019,task_completed,2026-02-15T16:00:00Z,SKILL-001,RES-0541,,2,completed,positive,progressing,low,完成本周学习任务,1.2.0,synthetic,true,SRC-SYNTH,2026-09-13T00:00:00+08:00,0.9,synthetic,not_applicable,,team_generated,false,dev
EVT-N019-31,USER-N019,project_completed,2026-03-04T16:00:00Z,SKILL-009,RES-0422,,8,completed,positive,progressing,low,完成项目、说明文档和复盘,1.2.0,synthetic,true,SRC-SYNTH,2026-09-13T00:00:00+08:00,0.9,synthetic,not_applicable,,team_generated,false,dev
EVT-N019-32,USER-N019,profile_recalculated,2026-03-21T16:00:00Z,SKILL-027,,,0,completed,neutral,active,low,根据新证据重算画像与岗位匹配度,1.2.0,synthetic,true,SRC-SYNTH,2026-09-13T00:00:00+08:00,0.9,synthetic,not_applicable,,team_generated,false,dev
EVT-N019-33,USER-N019,job_saved,2026-04-07T16:00:00Z,,,JOB-AI-APP-0033,0,completed,neutral,active,low,收藏一个模拟目标岗位,1.2.0,synthetic,true,SRC-SYNTH,2026-09-13T00:00:00+08:00,0.9,synthetic,not_applicable,,team_generated,false,dev
EVT-N019-34,USER-N019,application_submitted,2026-04-24T16:00:00Z,,,JOB-AI-APP-0034,0,completed,neutral,active,low,向模拟岗位提交申请,1.2.0,synthetic,true,SRC-SYNTH,2026-09-13T00:00:00+08:00,0.9,synthetic,not_applicable,,team_generated,false,dev
EVT-N019-35,USER-N019,interview_result,2026-05-11T16:00:00Z,,,JOB-AI-APP-0035,0,completed,disappointed,active,low,记录模拟面试反馈,1.2.0,synthetic,true,SRC-SYNTH,2026-09-13T00:00:00+08:00,0.9,synthetic,not_applicable,,team_generated,false,dev
EVT-N019-36,USER-N019,plan_adjusted,2026-05-28T16:00:00Z,SKILL-001,,,0,completed,neutral,plan_rebalanced,low,根据时间和反馈调整学习计划,1.2.0,synthetic,true,SRC-SYNTH,2026-09-13T00:00:00+08:00,0.9,synthetic,not_applicable,,team_generated,false,dev
EVT-N019-37,USER-N019,skill_practice,2026-06-14T16:00:00Z,SKILL-009,RES-0422,,2,completed,positive,progressing,low,完成技能练习并记录反思,1.2.0,synthetic,true,SRC-SYNTH,2026-09-13T00:00:00+08:00,0.9,synthetic,not_applicable,,team_generated,false,dev
EVT-N019-38,USER-N019,inactivity,2026-07-01T16:00:00Z,SKILL-027,,,-4,attention_needed,frustrated,learning_stalled,medium,超过设定周期未产生学习证据，触发技能衰减,1.2.0,synthetic,true,SRC-SYNTH,2026-09-13T00:00:00+08:00,0.9,synthetic,not_applicable,,team_generated,false,dev
EVT-N019-39,USER-N019,reminder_response,2026-07-18T16:00:00Z,SKILL-030,,,0,completed,neutral,active,low,响应任务提醒并更新完成状态,1.2.0,synthetic,true,SRC-SYNTH,2026-09-13T00:00:00+08:00,0.9,synthetic,not_applicable,,team_generated,false,dev
EVT-N019-40,USER-N019,profile_recalculated,2026-08-04T16:00:00Z,SKILL-036,,,0,completed,neutral,active,low,根据新证据重算画像与岗位匹配度,1.2.0,synthetic,true,SRC-SYNTH,2026-09-13T00:00:00+08:00,0.9,synthetic,not_applicable,,team_generated,false,dev
EVT-N020-01,USER-N020,onboarding,2024-10-10T16:00:00Z,,,,0,completed,neutral,active,low,完成基础信息和学习约束录入,1.2.0,synthetic,true,SRC-SYNTH,2026-09-13T00:00:00+08:00,0.9,synthetic,not_applicable,,team_generated,false,dev
EVT-N020-02,USER-N020,skill_assessment,2024-10-27T16:00:00Z,SKILL-048,,,3,completed,positive,progressing,low,完成能力测评并生成可解释证据,1.2.0,synthetic,true,SRC-SYNTH,2026-09-13T00:00:00+08:00,0.9,synthetic,not_applicable,,team_generated,false,dev
EVT-N020-03,USER-N020,course_started,2024-11-13T16:00:00Z,SKILL-001,RES-0181,,0,completed,neutral,active,low,开始一项与目标能力相关的课程,1.2.0,synthetic,true,SRC-SYNTH,2026-09-13T00:00:00+08:00,0.9,synthetic,not_applicable,,team_generated,false,dev
EVT-N020-04,USER-N020,task_completed,2024-11-30T16:00:00Z,SKILL-011,RES-0131,,2,completed,positive,progressing,low,完成本周学习任务,1.2.0,synthetic,true,SRC-SYNTH,2026-09-13T00:00:00+08:00,0.9,synthetic,not_applicable,,team_generated,false,dev
EVT-N020-05,USER-N020,skill_practice,2024-12-17T16:00:00Z,SKILL-014,RES-0187,,2,completed,positive,progressing,low,完成技能练习并记录反思,1.2.0,synthetic,true,SRC-SYNTH,2026-09-13T00:00:00+08:00,0.9,synthetic,not_applicable,,team_generated,false,dev
EVT-N020-06,USER-N020,course_completed,2025-01-03T16:00:00Z,SKILL-040,RES-0146,,6,completed,positive,progressing,low,完成课程并提交学习总结,1.2.0,synthetic,true,SRC-SYNTH,2026-09-13T00:00:00+08:00,0.9,synthetic,not_applicable,,team_generated,false,dev
EVT-N020-07,USER-N020,project_started,2025-01-20T16:00:00Z,SKILL-044,RES-0404,,0,completed,neutral,active,low,启动实践项目并确认里程碑,1.2.0,synthetic,true,SRC-SYNTH,2026-09-13T00:00:00+08:00,0.9,synthetic,not_applicable,,team_generated,false,dev
EVT-N020-08,USER-N020,job_viewed,2025-02-06T16:00:00Z,,,JOB-DATA-0087,0,completed,neutral,active,low,查看目标岗位及能力要求,1.2.0,synthetic,true,SRC-SYNTH,2026-09-13T00:00:00+08:00,0.9,synthetic,not_applicable,,team_generated,false,dev
EVT-N020-09,USER-N020,feedback_submitted,2025-02-23T16:00:00Z,SKILL-001,,,0,completed,neutral,active,low,提交计划难度和推荐相关性反馈,1.2.0,synthetic,true,SRC-SYNTH,2026-09-13T00:00:00+08:00,0.9,synthetic,not_applicable,,team_generated,false,dev
EVT-N020-10,USER-N020,task_completed,2025-03-12T16:00:00Z,SKILL-011,RES-0071,,2,completed,positive,progressing,low,完成本周学习任务,1.2.0,synthetic,true,SRC-SYNTH,2026-09-13T00:00:00+08:00,0.9,synthetic,not_applicable,,team_generated,false,dev
EVT-N020-11,USER-N020,project_completed,2025-03-29T16:00:00Z,SKILL-014,RES-0367,,8,completed,positive,progressing,low,完成项目、说明文档和复盘,1.2.0,synthetic,true,SRC-SYNTH,2026-09-13T00:00:00+08:00,0.9,synthetic,not_applicable,,team_generated,false,dev
EVT-N020-12,USER-N020,profile_recalculated,2025-04-15T16:00:00Z,SKILL-040,,,0,completed,neutral,active,low,根据新证据重算画像与岗位匹配度,1.2.0,synthetic,true,SRC-SYNTH,2026-09-13T00:00:00+08:00,0.9,synthetic,not_applicable,,team_generated,false,dev
EVT-N020-13,USER-N020,job_saved,2025-05-02T16:00:00Z,,,JOB-DATA-0013,0,completed,neutral,active,low,收藏一个模拟目标岗位,1.2.0,synthetic,true,SRC-SYNTH,2026-09-13T00:00:00+08:00,0.9,synthetic,not_applicable,,team_generated,false,dev
EVT-N020-14,USER-N020,application_submitted,2025-05-19T16:00:00Z,,,JOB-DATA-0014,0,completed,neutral,active,low,向模拟岗位提交申请,1.2.0,synthetic,true,SRC-SYNTH,2026-09-13T00:00:00+08:00,0.9,synthetic,not_applicable,,team_generated,false,dev
EVT-N020-15,USER-N020,interview_result,2025-06-05T16:00:00Z,,,JOB-DATA-0015,0,completed,disappointed,active,low,记录模拟面试反馈,1.2.0,synthetic,true,SRC-SYNTH,2026-09-13T00:00:00+08:00,0.9,synthetic,not_applicable,,team_generated,false,dev
EVT-N020-16,USER-N020,plan_adjusted,2025-06-22T16:00:00Z,SKILL-011,,,0,completed,neutral,plan_rebalanced,low,根据时间和反馈调整学习计划,1.2.0,synthetic,true,SRC-SYNTH,2026-09-13T00:00:00+08:00,0.9,synthetic,not_applicable,,team_generated,false,dev
EVT-N020-17,USER-N020,skill_practice,2025-07-09T16:00:00Z,SKILL-014,RES-0547,,2,completed,positive,progressing,low,完成技能练习并记录反思,1.2.0,synthetic,true,SRC-SYNTH,2026-09-13T00:00:00+08:00,0.9,synthetic,not_applicable,,team_generated,false,dev
EVT-N020-18,USER-N020,inactivity,2025-07-26T16:00:00Z,SKILL-040,,,-4,attention_needed,frustrated,learning_stalled,medium,超过设定周期未产生学习证据，触发技能衰减,1.2.0,synthetic,true,SRC-SYNTH,2026-09-13T00:00:00+08:00,0.9,synthetic,not_applicable,,team_generated,false,dev
EVT-N020-19,USER-N020,reminder_response,2025-08-12T16:00:00Z,SKILL-044,,,0,completed,neutral,active,low,响应任务提醒并更新完成状态,1.2.0,synthetic,true,SRC-SYNTH,2026-09-13T00:00:00+08:00,0.9,synthetic,not_applicable,,team_generated,false,dev
EVT-N020-20,USER-N020,profile_recalculated,2025-08-29T16:00:00Z,SKILL-048,,,0,completed,neutral,active,low,根据新证据重算画像与岗位匹配度,1.2.0,synthetic,true,SRC-SYNTH,2026-09-13T00:00:00+08:00,0.9,synthetic,not_applicable,,team_generated,false,dev
EVT-N020-21,USER-N020,onboarding,2025-09-15T16:00:00Z,,,,0,completed,neutral,active,low,完成基础信息和学习约束录入,1.2.0,synthetic,true,SRC-SYNTH,2026-09-13T00:00:00+08:00,0.9,synthetic,not_applicable,,team_generated,false,dev
EVT-N020-22,USER-N020,skill_assessment,2025-10-02T16:00:00Z,SKILL-011,,,3,completed,positive,progressing,low,完成能力测评并生成可解释证据,1.2.0,synthetic,true,SRC-SYNTH,2026-09-13T00:00:00+08:00,0.9,synthetic,not_applicable,,team_generated,false,dev
EVT-N020-23,USER-N020,course_started,2025-10-19T16:00:00Z,SKILL-014,RES-0187,,0,completed,neutral,active,low,开始一项与目标能力相关的课程,1.2.0,synthetic,true,SRC-SYNTH,2026-09-13T00:00:00+08:00,0.9,synthetic,not_applicable,,team_generated,false,dev
EVT-N020-24,USER-N020,task_completed,2025-11-05T16:00:00Z,SKILL-040,RES-0040,,2,completed,positive,progressing,low,完成本周学习任务,1.2.0,synthetic,true,SRC-SYNTH,2026-09-13T00:00:00+08:00,0.9,synthetic,not_applicable,,team_generated,false,dev
EVT-N020-25,USER-N020,skill_practice,2025-11-22T16:00:00Z,SKILL-044,RES-0157,,2,completed,positive,progressing,low,完成技能练习并记录反思,1.2.0,synthetic,true,SRC-SYNTH,2026-09-13T00:00:00+08:00,0.9,synthetic,not_applicable,,team_generated,false,dev
EVT-N020-26,USER-N020,course_completed,2025-12-09T16:00:00Z,SKILL-048,RES-0108,,6,completed,positive,progressing,low,完成课程并提交学习总结,1.2.0,synthetic,true,SRC-SYNTH,2026-09-13T00:00:00+08:00,0.9,synthetic,not_applicable,,team_generated,false,dev
EVT-N020-27,USER-N020,project_started,2025-12-26T16:00:00Z,SKILL-001,RES-0167,,0,completed,neutral,active,low,启动实践项目并确认里程碑,1.2.0,synthetic,true,SRC-SYNTH,2026-09-13T00:00:00+08:00,0.9,synthetic,not_applicable,,team_generated,false,dev
EVT-N020-28,USER-N020,job_viewed,2026-01-12T16:00:00Z,,,JOB-DATA-0028,0,completed,neutral,active,low,查看目标岗位及能力要求,1.2.0,synthetic,true,SRC-SYNTH,2026-09-13T00:00:00+08:00,0.9,synthetic,not_applicable,,team_generated,false,dev
EVT-N020-29,USER-N020,feedback_submitted,2026-01-29T16:00:00Z,SKILL-014,,,0,completed,neutral,active,low,提交计划难度和推荐相关性反馈,1.2.0,synthetic,true,SRC-SYNTH,2026-09-13T00:00:00+08:00,0.9,synthetic,not_applicable,,team_generated,false,dev
EVT-N020-30,USER-N020,task_completed,2026-02-15T16:00:00Z,SKILL-040,RES-0026,,2,completed,positive,progressing,low,完成本周学习任务,1.2.0,synthetic,true,SRC-SYNTH,2026-09-13T00:00:00+08:00,0.9,synthetic,not_applicable,,team_generated,false,dev
EVT-N020-31,USER-N020,project_completed,2026-03-04T16:00:00Z,SKILL-044,RES-0157,,8,completed,positive,progressing,low,完成项目、说明文档和复盘,1.2.0,synthetic,true,SRC-SYNTH,2026-09-13T00:00:00+08:00,0.9,synthetic,not_applicable,,team_generated,false,dev
EVT-N020-32,USER-N020,profile_recalculated,2026-03-21T16:00:00Z,SKILL-048,,,0,completed,neutral,active,low,根据新证据重算画像与岗位匹配度,1.2.0,synthetic,true,SRC-SYNTH,2026-09-13T00:00:00+08:00,0.9,synthetic,not_applicable,,team_generated,false,dev
EVT-N020-33,USER-N020,job_saved,2026-04-07T16:00:00Z,,,JOB-DATA-0033,0,completed,neutral,active,low,收藏一个模拟目标岗位,1.2.0,synthetic,true,SRC-SYNTH,2026-09-13T00:00:00+08:00,0.9,synthetic,not_applicable,,team_generated,false,dev
EVT-N020-34,USER-N020,application_submitted,2026-04-24T16:00:00Z,,,JOB-DATA-0034,0,completed,neutral,active,low,向模拟岗位提交申请,1.2.0,synthetic,true,SRC-SYNTH,2026-09-13T00:00:00+08:00,0.9,synthetic,not_applicable,,team_generated,false,dev
EVT-N020-35,USER-N020,interview_result,2026-05-11T16:00:00Z,,,JOB-DATA-0035,0,completed,disappointed,active,low,记录模拟面试反馈,1.2.0,synthetic,true,SRC-SYNTH,2026-09-13T00:00:00+08:00,0.9,synthetic,not_applicable,,team_generated,false,dev
EVT-N020-36,USER-N020,plan_adjusted,2026-05-28T16:00:00Z,SKILL-040,,,0,completed,neutral,plan_rebalanced,low,根据时间和反馈调整学习计划,1.2.0,synthetic,true,SRC-SYNTH,2026-09-13T00:00:00+08:00,0.9,synthetic,not_applicable,,team_generated,false,dev
EVT-N020-37,USER-N020,skill_practice,2026-06-14T16:00:00Z,SKILL-044,RES-0044,,2,completed,positive,progressing,low,完成技能练习并记录反思,1.2.0,synthetic,true,SRC-SYNTH,2026-09-13T00:00:00+08:00,0.9,synthetic,not_applicable,,team_generated,false,dev
EVT-N020-38,USER-N020,inactivity,2026-07-01T16:00:00Z,SKILL-048,,,-4,attention_needed,frustrated,learning_stalled,medium,超过设定周期未产生学习证据，触发技能衰减,1.2.0,synthetic,true,SRC-SYNTH,2026-09-13T00:00:00+08:00,0.9,synthetic,not_applicable,,team_generated,false,dev
EVT-N020-39,USER-N020,reminder_response,2026-07-18T16:00:00Z,SKILL-001,,,0,completed,neutral,active,low,响应任务提醒并更新完成状态,1.2.0,synthetic,true,SRC-SYNTH,2026-09-13T00:00:00+08:00,0.9,synthetic,not_applicable,,team_generated,false,dev
EVT-N020-40,USER-N020,profile_recalculated,2026-08-04T16:00:00Z,SKILL-011,,,0,completed,neutral,active,low,根据新证据重算画像与岗位匹配度,1.2.0,synthetic,true,SRC-SYNTH,2026-09-13T00:00:00+08:00,0.9,synthetic,not_applicable,,team_generated,false,dev
EVT-N021-01,USER-N021,onboarding,2024-10-10T16:00:00Z,,,,0,completed,neutral,active,low,完成基础信息和学习约束录入,1.2.0,synthetic,true,SRC-SYNTH,2026-09-13T00:00:00+08:00,0.9,synthetic,not_applicable,,team_generated,false,dev
EVT-N021-02,USER-N021,skill_assessment,2024-10-27T16:00:00Z,SKILL-058,,,3,completed,positive,progressing,low,完成能力测评并生成可解释证据,1.2.0,synthetic,true,SRC-SYNTH,2026-09-13T00:00:00+08:00,0.9,synthetic,not_applicable,,team_generated,false,dev
EVT-N021-03,USER-N021,course_started,2024-11-13T16:00:00Z,SKILL-002,RES-0055,,0,completed,neutral,active,low,开始一项与目标能力相关的课程,1.2.0,synthetic,true,SRC-SYNTH,2026-09-13T00:00:00+08:00,0.9,synthetic,not_applicable,,team_generated,false,dev
EVT-N021-04,USER-N021,task_completed,2024-11-30T16:00:00Z,SKILL-017,RES-0137,,2,completed,positive,progressing,low,完成本周学习任务,1.2.0,synthetic,true,SRC-SYNTH,2026-09-13T00:00:00+08:00,0.9,synthetic,not_applicable,,team_generated,false,dev
EVT-N021-05,USER-N021,skill_practice,2024-12-17T16:00:00Z,SKILL-020,RES-0193,,2,completed,positive,progressing,low,完成技能练习并记录反思,1.2.0,synthetic,true,SRC-SYNTH,2026-09-13T00:00:00+08:00,0.9,synthetic,not_applicable,,team_generated,false,dev
EVT-N021-06,USER-N021,course_completed,2025-01-03T16:00:00Z,SKILL-023,RES-0136,,6,completed,positive,progressing,low,完成课程并提交学习总结,1.2.0,synthetic,true,SRC-SYNTH,2026-09-13T00:00:00+08:00,0.9,synthetic,not_applicable,,team_generated,false,dev
EVT-N021-07,USER-N021,project_started,2025-01-20T16:00:00Z,SKILL-033,RES-0573,,0,completed,neutral,active,low,启动实践项目并确认里程碑,1.2.0,synthetic,true,SRC-SYNTH,2026-09-13T00:00:00+08:00,0.9,synthetic,not_applicable,,team_generated,false,dev
EVT-N021-08,USER-N021,job_viewed,2025-02-06T16:00:00Z,,,JOB-AI-ALG-0087,0,completed,neutral,active,low,查看目标岗位及能力要求,1.2.0,synthetic,true,SRC-SYNTH,2026-09-13T00:00:00+08:00,0.9,synthetic,not_applicable,,team_generated,false,dev
EVT-N021-09,USER-N021,feedback_submitted,2025-02-23T16:00:00Z,SKILL-002,,,0,completed,neutral,active,low,提交计划难度和推荐相关性反馈,1.2.0,synthetic,true,SRC-SYNTH,2026-09-13T00:00:00+08:00,0.9,synthetic,not_applicable,,team_generated,false,dev
EVT-N021-10,USER-N021,task_completed,2025-03-12T16:00:00Z,SKILL-017,RES-0137,,2,completed,positive,progressing,low,完成本周学习任务,1.2.0,synthetic,true,SRC-SYNTH,2026-09-13T00:00:00+08:00,0.9,synthetic,not_applicable,,team_generated,false,dev
EVT-N021-11,USER-N021,project_completed,2025-03-29T16:00:00Z,SKILL-020,RES-0200,,8,completed,positive,progressing,low,完成项目、说明文档和复盘,1.2.0,synthetic,true,SRC-SYNTH,2026-09-13T00:00:00+08:00,0.9,synthetic,not_applicable,,team_generated,false,dev
EVT-N021-12,USER-N021,profile_recalculated,2025-04-15T16:00:00Z,SKILL-023,,,0,completed,neutral,active,low,根据新证据重算画像与岗位匹配度,1.2.0,synthetic,true,SRC-SYNTH,2026-09-13T00:00:00+08:00,0.9,synthetic,not_applicable,,team_generated,false,dev
EVT-N021-13,USER-N021,job_saved,2025-05-02T16:00:00Z,,,JOB-AI-ALG-0013,0,completed,neutral,active,low,收藏一个模拟目标岗位,1.2.0,synthetic,true,SRC-SYNTH,2026-09-13T00:00:00+08:00,0.9,synthetic,not_applicable,,team_generated,false,dev
EVT-N021-14,USER-N021,application_submitted,2025-05-19T16:00:00Z,,,JOB-AI-ALG-0014,0,completed,neutral,active,low,向模拟岗位提交申请,1.2.0,synthetic,true,SRC-SYNTH,2026-09-13T00:00:00+08:00,0.9,synthetic,not_applicable,,team_generated,false,dev
EVT-N021-15,USER-N021,interview_result,2025-06-05T16:00:00Z,,,JOB-AI-ALG-0015,0,completed,disappointed,active,low,记录模拟面试反馈,1.2.0,synthetic,true,SRC-SYNTH,2026-09-13T00:00:00+08:00,0.9,synthetic,not_applicable,,team_generated,false,dev
EVT-N021-16,USER-N021,plan_adjusted,2025-06-22T16:00:00Z,SKILL-017,,,0,completed,neutral,plan_rebalanced,low,根据时间和反馈调整学习计划,1.2.0,synthetic,true,SRC-SYNTH,2026-09-13T00:00:00+08:00,0.9,synthetic,not_applicable,,team_generated,false,dev
EVT-N021-17,USER-N021,skill_practice,2025-07-09T16:00:00Z,SKILL-020,RES-0553,,2,completed,positive,progressing,low,完成技能练习并记录反思,1.2.0,synthetic,true,SRC-SYNTH,2026-09-13T00:00:00+08:00,0.9,synthetic,not_applicable,,team_generated,false,dev
EVT-N021-18,USER-N021,inactivity,2025-07-26T16:00:00Z,SKILL-023,,,-4,attention_needed,frustrated,learning_stalled,medium,超过设定周期未产生学习证据，触发技能衰减,1.2.0,synthetic,true,SRC-SYNTH,2026-09-13T00:00:00+08:00,0.9,synthetic,not_applicable,,team_generated,false,dev
EVT-N021-19,USER-N021,reminder_response,2025-08-12T16:00:00Z,SKILL-033,,,0,completed,neutral,active,low,响应任务提醒并更新完成状态,1.2.0,synthetic,true,SRC-SYNTH,2026-09-13T00:00:00+08:00,0.9,synthetic,not_applicable,,team_generated,false,dev
EVT-N021-20,USER-N021,profile_recalculated,2025-08-29T16:00:00Z,SKILL-058,,,0,completed,neutral,active,low,根据新证据重算画像与岗位匹配度,1.2.0,synthetic,true,SRC-SYNTH,2026-09-13T00:00:00+08:00,0.9,synthetic,not_applicable,,team_generated,false,dev
EVT-N021-21,USER-N021,onboarding,2025-09-15T16:00:00Z,,,,0,completed,neutral,active,low,完成基础信息和学习约束录入,1.2.0,synthetic,true,SRC-SYNTH,2026-09-13T00:00:00+08:00,0.9,synthetic,not_applicable,,team_generated,false,dev
EVT-N021-22,USER-N021,skill_assessment,2025-10-02T16:00:00Z,SKILL-017,,,3,completed,positive,progressing,low,完成能力测评并生成可解释证据,1.2.0,synthetic,true,SRC-SYNTH,2026-09-13T00:00:00+08:00,0.9,synthetic,not_applicable,,team_generated,false,dev
EVT-N021-23,USER-N021,course_started,2025-10-19T16:00:00Z,SKILL-020,RES-0193,,0,completed,neutral,active,low,开始一项与目标能力相关的课程,1.2.0,synthetic,true,SRC-SYNTH,2026-09-13T00:00:00+08:00,0.9,synthetic,not_applicable,,team_generated,false,dev
EVT-N021-24,USER-N021,task_completed,2025-11-05T16:00:00Z,SKILL-023,RES-0005,,2,completed,positive,progressing,low,完成本周学习任务,1.2.0,synthetic,true,SRC-SYNTH,2026-09-13T00:00:00+08:00,0.9,synthetic,not_applicable,,team_generated,false,dev
EVT-N021-25,USER-N021,skill_practice,2025-11-22T16:00:00Z,SKILL-033,RES-0146,,2,completed,positive,progressing,low,完成技能练习并记录反思,1.2.0,synthetic,true,SRC-SYNTH,2026-09-13T00:00:00+08:00,0.9,synthetic,not_applicable,,team_generated,false,dev
EVT-N021-26,USER-N021,course_completed,2025-12-09T16:00:00Z,SKILL-058,RES-0298,,6,completed,positive,progressing,low,完成课程并提交学习总结,1.2.0,synthetic,true,SRC-SYNTH,2026-09-13T00:00:00+08:00,0.9,synthetic,not_applicable,,team_generated,false,dev
EVT-N021-27,USER-N021,project_started,2025-12-26T16:00:00Z,SKILL-002,RES-0122,,0,completed,neutral,active,low,启动实践项目并确认里程碑,1.2.0,synthetic,true,SRC-SYNTH,2026-09-13T00:00:00+08:00,0.9,synthetic,not_applicable,,team_generated,false,dev
EVT-N021-28,USER-N021,job_viewed,2026-01-12T16:00:00Z,,,JOB-AI-ALG-0028,0,completed,neutral,active,low,查看目标岗位及能力要求,1.2.0,synthetic,true,SRC-SYNTH,2026-09-13T00:00:00+08:00,0.9,synthetic,not_applicable,,team_generated,false,dev
EVT-N021-29,USER-N021,feedback_submitted,2026-01-29T16:00:00Z,SKILL-020,,,0,completed,neutral,active,low,提交计划难度和推荐相关性反馈,1.2.0,synthetic,true,SRC-SYNTH,2026-09-13T00:00:00+08:00,0.9,synthetic,not_applicable,,team_generated,false,dev
EVT-N021-30,USER-N021,task_completed,2026-02-15T16:00:00Z,SKILL-023,RES-0143,,2,completed,positive,progressing,low,完成本周学习任务,1.2.0,synthetic,true,SRC-SYNTH,2026-09-13T00:00:00+08:00,0.9,synthetic,not_applicable,,team_generated,false,dev
EVT-N021-31,USER-N021,project_completed,2026-03-04T16:00:00Z,SKILL-033,RES-0146,,8,completed,positive,progressing,low,完成项目、说明文档和复盘,1.2.0,synthetic,true,SRC-SYNTH,2026-09-13T00:00:00+08:00,0.9,synthetic,not_applicable,,team_generated,false,dev
EVT-N021-32,USER-N021,profile_recalculated,2026-03-21T16:00:00Z,SKILL-058,,,0,completed,neutral,active,low,根据新证据重算画像与岗位匹配度,1.2.0,synthetic,true,SRC-SYNTH,2026-09-13T00:00:00+08:00,0.9,synthetic,not_applicable,,team_generated,false,dev
EVT-N021-33,USER-N021,job_saved,2026-04-07T16:00:00Z,,,JOB-AI-ALG-0033,0,completed,neutral,active,low,收藏一个模拟目标岗位,1.2.0,synthetic,true,SRC-SYNTH,2026-09-13T00:00:00+08:00,0.9,synthetic,not_applicable,,team_generated,false,dev
EVT-N021-34,USER-N021,application_submitted,2026-04-24T16:00:00Z,,,JOB-AI-ALG-0034,0,completed,neutral,active,low,向模拟岗位提交申请,1.2.0,synthetic,true,SRC-SYNTH,2026-09-13T00:00:00+08:00,0.9,synthetic,not_applicable,,team_generated,false,dev
EVT-N021-35,USER-N021,interview_result,2026-05-11T16:00:00Z,,,JOB-AI-ALG-0035,0,completed,disappointed,active,low,记录模拟面试反馈,1.2.0,synthetic,true,SRC-SYNTH,2026-09-13T00:00:00+08:00,0.9,synthetic,not_applicable,,team_generated,false,dev
EVT-N021-36,USER-N021,plan_adjusted,2026-05-28T16:00:00Z,SKILL-023,,,0,completed,neutral,plan_rebalanced,low,根据时间和反馈调整学习计划,1.2.0,synthetic,true,SRC-SYNTH,2026-09-13T00:00:00+08:00,0.9,synthetic,not_applicable,,team_generated,false,dev
EVT-N021-37,USER-N021,skill_practice,2026-06-14T16:00:00Z,SKILL-033,RES-0033,,2,completed,positive,progressing,low,完成技能练习并记录反思,1.2.0,synthetic,true,SRC-SYNTH,2026-09-13T00:00:00+08:00,0.9,synthetic,not_applicable,,team_generated,false,dev
EVT-N021-38,USER-N021,inactivity,2026-07-01T16:00:00Z,SKILL-058,,,-4,attention_needed,frustrated,learning_stalled,medium,超过设定周期未产生学习证据，触发技能衰减,1.2.0,synthetic,true,SRC-SYNTH,2026-09-13T00:00:00+08:00,0.9,synthetic,not_applicable,,team_generated,false,dev
EVT-N021-39,USER-N021,reminder_response,2026-07-18T16:00:00Z,SKILL-002,,,0,completed,neutral,active,low,响应任务提醒并更新完成状态,1.2.0,synthetic,true,SRC-SYNTH,2026-09-13T00:00:00+08:00,0.9,synthetic,not_applicable,,team_generated,false,dev
EVT-N021-40,USER-N021,profile_recalculated,2026-08-04T16:00:00Z,SKILL-017,,,0,completed,neutral,active,low,根据新证据重算画像与岗位匹配度,1.2.0,synthetic,true,SRC-SYNTH,2026-09-13T00:00:00+08:00,0.9,synthetic,not_applicable,,team_generated,false,dev
EVT-N022-01,USER-N022,onboarding,2024-10-10T16:00:00Z,,,,0,completed,neutral,active,low,完成基础信息和学习约束录入,1.2.0,synthetic,true,SRC-SYNTH,2026-09-13T00:00:00+08:00,0.9,synthetic,not_applicable,,team_generated,false,dev
EVT-N022-02,USER-N022,skill_assessment,2024-10-27T16:00:00Z,SKILL-050,,,3,completed,positive,progressing,low,完成能力测评并生成可解释证据,1.2.0,synthetic,true,SRC-SYNTH,2026-09-13T00:00:00+08:00,0.9,synthetic,not_applicable,,team_generated,false,dev
EVT-N022-03,USER-N022,course_started,2024-11-13T16:00:00Z,SKILL-008,RES-0121,,0,completed,neutral,active,low,开始一项与目标能力相关的课程,1.2.0,synthetic,true,SRC-SYNTH,2026-09-13T00:00:00+08:00,0.9,synthetic,not_applicable,,team_generated,false,dev
EVT-N022-04,USER-N022,task_completed,2024-11-30T16:00:00Z,SKILL-026,RES-0139,,2,completed,positive,progressing,low,完成本周学习任务,1.2.0,synthetic,true,SRC-SYNTH,2026-09-13T00:00:00+08:00,0.9,synthetic,not_applicable,,team_generated,false,dev
EVT-N022-05,USER-N022,skill_practice,2024-12-17T16:00:00Z,SKILL-029,RES-0029,,2,completed,positive,progressing,low,完成技能练习并记录反思,1.2.0,synthetic,true,SRC-SYNTH,2026-09-13T00:00:00+08:00,0.9,synthetic,not_applicable,,team_generated,false,dev
EVT-N022-06,USER-N022,course_completed,2025-01-03T16:00:00Z,SKILL-035,RES-0155,,6,completed,positive,progressing,low,完成课程并提交学习总结,1.2.0,synthetic,true,SRC-SYNTH,2026-09-13T00:00:00+08:00,0.9,synthetic,not_applicable,,team_generated,false,dev
EVT-N022-07,USER-N022,project_started,2025-01-20T16:00:00Z,SKILL-038,RES-0038,,0,completed,neutral,active,low,启动实践项目并确认里程碑,1.2.0,synthetic,true,SRC-SYNTH,2026-09-13T00:00:00+08:00,0.9,synthetic,not_applicable,,team_generated,false,dev
EVT-N022-08,USER-N022,job_viewed,2025-02-06T16:00:00Z,,,JOB-AI-APP-0087,0,completed,neutral,active,low,查看目标岗位及能力要求,1.2.0,synthetic,true,SRC-SYNTH,2026-09-13T00:00:00+08:00,0.9,synthetic,not_applicable,,team_generated,false,dev
EVT-N022-09,USER-N022,feedback_submitted,2025-02-23T16:00:00Z,SKILL-008,,,0,completed,neutral,active,low,提交计划难度和推荐相关性反馈,1.2.0,synthetic,true,SRC-SYNTH,2026-09-13T00:00:00+08:00,0.9,synthetic,not_applicable,,team_generated,false,dev
EVT-N022-10,USER-N022,task_completed,2025-03-12T16:00:00Z,SKILL-026,RES-0006,,2,completed,positive,progressing,low,完成本周学习任务,1.2.0,synthetic,true,SRC-SYNTH,2026-09-13T00:00:00+08:00,0.9,synthetic,not_applicable,,team_generated,false,dev
EVT-N022-11,USER-N022,project_completed,2025-03-29T16:00:00Z,SKILL-029,RES-0003,,8,completed,positive,progressing,low,完成项目、说明文档和复盘,1.2.0,synthetic,true,SRC-SYNTH,2026-09-13T00:00:00+08:00,0.9,synthetic,not_applicable,,team_generated,false,dev
EVT-N022-12,USER-N022,profile_recalculated,2025-04-15T16:00:00Z,SKILL-035,,,0,completed,neutral,active,low,根据新证据重算画像与岗位匹配度,1.2.0,synthetic,true,SRC-SYNTH,2026-09-13T00:00:00+08:00,0.9,synthetic,not_applicable,,team_generated,false,dev
EVT-N022-13,USER-N022,job_saved,2025-05-02T16:00:00Z,,,JOB-AI-APP-0013,0,completed,neutral,active,low,收藏一个模拟目标岗位,1.2.0,synthetic,true,SRC-SYNTH,2026-09-13T00:00:00+08:00,0.9,synthetic,not_applicable,,team_generated,false,dev
EVT-N022-14,USER-N022,application_submitted,2025-05-19T16:00:00Z,,,JOB-AI-APP-0014,0,completed,neutral,active,low,向模拟岗位提交申请,1.2.0,synthetic,true,SRC-SYNTH,2026-09-13T00:00:00+08:00,0.9,synthetic,not_applicable,,team_generated,false,dev
EVT-N022-15,USER-N022,interview_result,2025-06-05T16:00:00Z,,,JOB-AI-APP-0015,0,completed,disappointed,active,low,记录模拟面试反馈,1.2.0,synthetic,true,SRC-SYNTH,2026-09-13T00:00:00+08:00,0.9,synthetic,not_applicable,,team_generated,false,dev
EVT-N022-16,USER-N022,plan_adjusted,2025-06-22T16:00:00Z,SKILL-026,,,0,completed,neutral,plan_rebalanced,low,根据时间和反馈调整学习计划,1.2.0,synthetic,true,SRC-SYNTH,2026-09-13T00:00:00+08:00,0.9,synthetic,not_applicable,,team_generated,false,dev
EVT-N022-17,USER-N022,skill_practice,2025-07-09T16:00:00Z,SKILL-029,RES-0202,,2,completed,positive,progressing,low,完成技能练习并记录反思,1.2.0,synthetic,true,SRC-SYNTH,2026-09-13T00:00:00+08:00,0.9,synthetic,not_applicable,,team_generated,false,dev
EVT-N022-18,USER-N022,inactivity,2025-07-26T16:00:00Z,SKILL-035,,,-4,attention_needed,frustrated,learning_stalled,medium,超过设定周期未产生学习证据，触发技能衰减,1.2.0,synthetic,true,SRC-SYNTH,2026-09-13T00:00:00+08:00,0.9,synthetic,not_applicable,,team_generated,false,dev
EVT-N022-19,USER-N022,reminder_response,2025-08-12T16:00:00Z,SKILL-038,,,0,completed,neutral,active,low,响应任务提醒并更新完成状态,1.2.0,synthetic,true,SRC-SYNTH,2026-09-13T00:00:00+08:00,0.9,synthetic,not_applicable,,team_generated,false,dev
EVT-N022-20,USER-N022,profile_recalculated,2025-08-29T16:00:00Z,SKILL-050,,,0,completed,neutral,active,low,根据新证据重算画像与岗位匹配度,1.2.0,synthetic,true,SRC-SYNTH,2026-09-13T00:00:00+08:00,0.9,synthetic,not_applicable,,team_generated,false,dev
EVT-N022-21,USER-N022,onboarding,2025-09-15T16:00:00Z,,,,0,completed,neutral,active,low,完成基础信息和学习约束录入,1.2.0,synthetic,true,SRC-SYNTH,2026-09-13T00:00:00+08:00,0.9,synthetic,not_applicable,,team_generated,false,dev
EVT-N022-22,USER-N022,skill_assessment,2025-10-02T16:00:00Z,SKILL-026,,,3,completed,positive,progressing,low,完成能力测评并生成可解释证据,1.2.0,synthetic,true,SRC-SYNTH,2026-09-13T00:00:00+08:00,0.9,synthetic,not_applicable,,team_generated,false,dev
EVT-N022-23,USER-N022,course_started,2025-10-19T16:00:00Z,SKILL-029,RES-0011,,0,completed,neutral,active,low,开始一项与目标能力相关的课程,1.2.0,synthetic,true,SRC-SYNTH,2026-09-13T00:00:00+08:00,0.9,synthetic,not_applicable,,team_generated,false,dev
EVT-N022-24,USER-N022,task_completed,2025-11-05T16:00:00Z,SKILL-035,RES-0515,,2,completed,positive,progressing,low,完成本周学习任务,1.2.0,synthetic,true,SRC-SYNTH,2026-09-13T00:00:00+08:00,0.9,synthetic,not_applicable,,team_generated,false,dev
EVT-N022-25,USER-N022,skill_practice,2025-11-22T16:00:00Z,SKILL-038,RES-0151,,2,completed,positive,progressing,low,完成技能练习并记录反思,1.2.0,synthetic,true,SRC-SYNTH,2026-09-13T00:00:00+08:00,0.9,synthetic,not_applicable,,team_generated,false,dev
EVT-N022-26,USER-N022,course_completed,2025-12-09T16:00:00Z,SKILL-050,RES-0170,,6,completed,positive,progressing,low,完成课程并提交学习总结,1.2.0,synthetic,true,SRC-SYNTH,2026-09-13T00:00:00+08:00,0.9,synthetic,not_applicable,,team_generated,false,dev
EVT-N022-27,USER-N022,project_started,2025-12-26T16:00:00Z,SKILL-008,RES-0181,,0,completed,neutral,active,low,启动实践项目并确认里程碑,1.2.0,synthetic,true,SRC-SYNTH,2026-09-13T00:00:00+08:00,0.9,synthetic,not_applicable,,team_generated,false,dev
EVT-N022-28,USER-N022,job_viewed,2026-01-12T16:00:00Z,,,JOB-AI-APP-0028,0,completed,neutral,active,low,查看目标岗位及能力要求,1.2.0,synthetic,true,SRC-SYNTH,2026-09-13T00:00:00+08:00,0.9,synthetic,not_applicable,,team_generated,false,dev
EVT-N022-29,USER-N022,feedback_submitted,2026-01-29T16:00:00Z,SKILL-029,,,0,completed,neutral,active,low,提交计划难度和推荐相关性反馈,1.2.0,synthetic,true,SRC-SYNTH,2026-09-13T00:00:00+08:00,0.9,synthetic,not_applicable,,team_generated,false,dev
EVT-N022-30,USER-N022,task_completed,2026-02-15T16:00:00Z,SKILL-035,RES-0388,,2,completed,positive,progressing,low,完成本周学习任务,1.2.0,synthetic,true,SRC-SYNTH,2026-09-13T00:00:00+08:00,0.9,synthetic,not_applicable,,team_generated,false,dev
EVT-N022-31,USER-N022,project_completed,2026-03-04T16:00:00Z,SKILL-038,RES-0031,,8,completed,positive,progressing,low,完成项目、说明文档和复盘,1.2.0,synthetic,true,SRC-SYNTH,2026-09-13T00:00:00+08:00,0.9,synthetic,not_applicable,,team_generated,false,dev
EVT-N022-32,USER-N022,profile_recalculated,2026-03-21T16:00:00Z,SKILL-050,,,0,completed,neutral,active,low,根据新证据重算画像与岗位匹配度,1.2.0,synthetic,true,SRC-SYNTH,2026-09-13T00:00:00+08:00,0.9,synthetic,not_applicable,,team_generated,false,dev
EVT-N022-33,USER-N022,job_saved,2026-04-07T16:00:00Z,,,JOB-AI-APP-0033,0,completed,neutral,active,low,收藏一个模拟目标岗位,1.2.0,synthetic,true,SRC-SYNTH,2026-09-13T00:00:00+08:00,0.9,synthetic,not_applicable,,team_generated,false,dev
EVT-N022-34,USER-N022,application_submitted,2026-04-24T16:00:00Z,,,JOB-AI-APP-0034,0,completed,neutral,active,low,向模拟岗位提交申请,1.2.0,synthetic,true,SRC-SYNTH,2026-09-13T00:00:00+08:00,0.9,synthetic,not_applicable,,team_generated,false,dev
EVT-N022-35,USER-N022,interview_result,2026-05-11T16:00:00Z,,,JOB-AI-APP-0035,0,completed,disappointed,active,low,记录模拟面试反馈,1.2.0,synthetic,true,SRC-SYNTH,2026-09-13T00:00:00+08:00,0.9,synthetic,not_applicable,,team_generated,false,dev
EVT-N022-36,USER-N022,plan_adjusted,2026-05-28T16:00:00Z,SKILL-035,,,0,completed,neutral,plan_rebalanced,low,根据时间和反馈调整学习计划,1.2.0,synthetic,true,SRC-SYNTH,2026-09-13T00:00:00+08:00,0.9,synthetic,not_applicable,,team_generated,false,dev
EVT-N022-37,USER-N022,skill_practice,2026-06-14T16:00:00Z,SKILL-038,RES-0038,,2,completed,positive,progressing,low,完成技能练习并记录反思,1.2.0,synthetic,true,SRC-SYNTH,2026-09-13T00:00:00+08:00,0.9,synthetic,not_applicable,,team_generated,false,dev
EVT-N022-38,USER-N022,inactivity,2026-07-01T16:00:00Z,SKILL-050,,,-4,attention_needed,frustrated,learning_stalled,medium,超过设定周期未产生学习证据，触发技能衰减,1.2.0,synthetic,true,SRC-SYNTH,2026-09-13T00:00:00+08:00,0.9,synthetic,not_applicable,,team_generated,false,dev
EVT-N022-39,USER-N022,reminder_response,2026-07-18T16:00:00Z,SKILL-008,,,0,completed,neutral,active,low,响应任务提醒并更新完成状态,1.2.0,synthetic,true,SRC-SYNTH,2026-09-13T00:00:00+08:00,0.9,synthetic,not_applicable,,team_generated,false,dev
EVT-N022-40,USER-N022,profile_recalculated,2026-08-04T16:00:00Z,SKILL-026,,,0,completed,neutral,active,low,根据新证据重算画像与岗位匹配度,1.2.0,synthetic,true,SRC-SYNTH,2026-09-13T00:00:00+08:00,0.9,synthetic,not_applicable,,team_generated,false,dev
EVT-N023-01,USER-N023,onboarding,2024-10-10T16:00:00Z,,,,0,completed,neutral,active,low,完成基础信息和学习约束录入,1.2.0,synthetic,true,SRC-SYNTH,2026-09-13T00:00:00+08:00,0.9,synthetic,not_applicable,,team_generated,false,dev
EVT-N023-02,USER-N023,skill_assessment,2024-10-27T16:00:00Z,SKILL-001,,,3,completed,positive,progressing,low,完成能力测评并生成可解释证据,1.2.0,synthetic,true,SRC-SYNTH,2026-09-13T00:00:00+08:00,0.9,synthetic,not_applicable,,team_generated,false,dev
EVT-N023-03,USER-N023,course_started,2024-11-13T16:00:00Z,SKILL-011,RES-0124,,0,completed,neutral,active,low,开始一项与目标能力相关的课程,1.2.0,synthetic,true,SRC-SYNTH,2026-09-13T00:00:00+08:00,0.9,synthetic,not_applicable,,team_generated,false,dev
EVT-N023-04,USER-N023,task_completed,2024-11-30T16:00:00Z,SKILL-014,RES-0134,,2,completed,positive,progressing,low,完成本周学习任务,1.2.0,synthetic,true,SRC-SYNTH,2026-09-13T00:00:00+08:00,0.9,synthetic,not_applicable,,team_generated,false,dev
EVT-N023-05,USER-N023,skill_practice,2024-12-17T16:00:00Z,SKILL-040,RES-0160,,2,completed,positive,progressing,low,完成技能练习并记录反思,1.2.0,synthetic,true,SRC-SYNTH,2026-09-13T00:00:00+08:00,0.9,synthetic,not_applicable,,team_generated,false,dev
EVT-N023-06,USER-N023,course_completed,2025-01-03T16:00:00Z,SKILL-044,RES-0164,,6,completed,positive,progressing,low,完成课程并提交学习总结,1.2.0,synthetic,true,SRC-SYNTH,2026-09-13T00:00:00+08:00,0.9,synthetic,not_applicable,,team_generated,false,dev
EVT-N023-07,USER-N023,project_started,2025-01-20T16:00:00Z,SKILL-048,RES-0168,,0,completed,neutral,active,low,启动实践项目并确认里程碑,1.2.0,synthetic,true,SRC-SYNTH,2026-09-13T00:00:00+08:00,0.9,synthetic,not_applicable,,team_generated,false,dev
EVT-N023-08,USER-N023,job_viewed,2025-02-06T16:00:00Z,,,JOB-DATA-0087,0,completed,neutral,active,low,查看目标岗位及能力要求,1.2.0,synthetic,true,SRC-SYNTH,2026-09-13T00:00:00+08:00,0.9,synthetic,not_applicable,,team_generated,false,dev
EVT-N023-09,USER-N023,feedback_submitted,2025-02-23T16:00:00Z,SKILL-011,,,0,completed,neutral,active,low,提交计划难度和推荐相关性反馈,1.2.0,synthetic,true,SRC-SYNTH,2026-09-13T00:00:00+08:00,0.9,synthetic,not_applicable,,team_generated,false,dev
EVT-N023-10,USER-N023,task_completed,2025-03-12T16:00:00Z,SKILL-014,RES-0314,,2,completed,positive,progressing,low,完成本周学习任务,1.2.0,synthetic,true,SRC-SYNTH,2026-09-13T00:00:00+08:00,0.9,synthetic,not_applicable,,team_generated,false,dev
EVT-N023-11,USER-N023,project_completed,2025-03-29T16:00:00Z,SKILL-040,RES-0146,,8,completed,positive,progressing,low,完成项目、说明文档和复盘,1.2.0,synthetic,true,SRC-SYNTH,2026-09-13T00:00:00+08:00,0.9,synthetic,not_applicable,,team_generated,false,dev
EVT-N023-12,USER-N023,profile_recalculated,2025-04-15T16:00:00Z,SKILL-044,,,0,completed,neutral,active,low,根据新证据重算画像与岗位匹配度,1.2.0,synthetic,true,SRC-SYNTH,2026-09-13T00:00:00+08:00,0.9,synthetic,not_applicable,,team_generated,false,dev
EVT-N023-13,USER-N023,job_saved,2025-05-02T16:00:00Z,,,JOB-DATA-0013,0,completed,neutral,active,low,收藏一个模拟目标岗位,1.2.0,synthetic,true,SRC-SYNTH,2026-09-13T00:00:00+08:00,0.9,synthetic,not_applicable,,team_generated,false,dev
EVT-N023-14,USER-N023,application_submitted,2025-05-19T16:00:00Z,,,JOB-DATA-0014,0,completed,neutral,active,low,向模拟岗位提交申请,1.2.0,synthetic,true,SRC-SYNTH,2026-09-13T00:00:00+08:00,0.9,synthetic,not_applicable,,team_generated,false,dev
EVT-N023-15,USER-N023,interview_result,2025-06-05T16:00:00Z,,,JOB-DATA-0015,0,completed,disappointed,active,low,记录模拟面试反馈,1.2.0,synthetic,true,SRC-SYNTH,2026-09-13T00:00:00+08:00,0.9,synthetic,not_applicable,,team_generated,false,dev
EVT-N023-16,USER-N023,plan_adjusted,2025-06-22T16:00:00Z,SKILL-014,,,0,completed,neutral,plan_rebalanced,low,根据时间和反馈调整学习计划,1.2.0,synthetic,true,SRC-SYNTH,2026-09-13T00:00:00+08:00,0.9,synthetic,not_applicable,,team_generated,false,dev
EVT-N023-17,USER-N023,skill_practice,2025-07-09T16:00:00Z,SKILL-040,RES-0040,,2,completed,positive,progressing,low,完成技能练习并记录反思,1.2.0,synthetic,true,SRC-SYNTH,2026-09-13T00:00:00+08:00,0.9,synthetic,not_applicable,,team_generated,false,dev
EVT-N023-18,USER-N023,inactivity,2025-07-26T16:00:00Z,SKILL-044,,,-4,attention_needed,frustrated,learning_stalled,medium,超过设定周期未产生学习证据，触发技能衰减,1.2.0,synthetic,true,SRC-SYNTH,2026-09-13T00:00:00+08:00,0.9,synthetic,not_applicable,,team_generated,false,dev
EVT-N023-19,USER-N023,reminder_response,2025-08-12T16:00:00Z,SKILL-048,,,0,completed,neutral,active,low,响应任务提醒并更新完成状态,1.2.0,synthetic,true,SRC-SYNTH,2026-09-13T00:00:00+08:00,0.9,synthetic,not_applicable,,team_generated,false,dev
EVT-N023-20,USER-N023,profile_recalculated,2025-08-29T16:00:00Z,SKILL-001,,,0,completed,neutral,active,low,根据新证据重算画像与岗位匹配度,1.2.0,synthetic,true,SRC-SYNTH,2026-09-13T00:00:00+08:00,0.9,synthetic,not_applicable,,team_generated,false,dev
EVT-N023-21,USER-N023,onboarding,2025-09-15T16:00:00Z,,,,0,completed,neutral,active,low,完成基础信息和学习约束录入,1.2.0,synthetic,true,SRC-SYNTH,2026-09-13T00:00:00+08:00,0.9,synthetic,not_applicable,,team_generated,false,dev
EVT-N023-22,USER-N023,skill_assessment,2025-10-02T16:00:00Z,SKILL-014,,,3,completed,positive,progressing,low,完成能力测评并生成可解释证据,1.2.0,synthetic,true,SRC-SYNTH,2026-09-13T00:00:00+08:00,0.9,synthetic,not_applicable,,team_generated,false,dev
EVT-N023-23,USER-N023,course_started,2025-10-19T16:00:00Z,SKILL-040,RES-0026,,0,completed,neutral,active,low,开始一项与目标能力相关的课程,1.2.0,synthetic,true,SRC-SYNTH,2026-09-13T00:00:00+08:00,0.9,synthetic,not_applicable,,team_generated,false,dev
EVT-N023-24,USER-N023,task_completed,2025-11-05T16:00:00Z,SKILL-044,RES-0157,,2,completed,positive,progressing,low,完成本周学习任务,1.2.0,synthetic,true,SRC-SYNTH,2026-09-13T00:00:00+08:00,0.9,synthetic,not_applicable,,team_generated,false,dev
EVT-N023-25,USER-N023,skill_practice,2025-11-22T16:00:00Z,SKILL-048,RES-0041,,2,completed,positive,progressing,low,完成技能练习并记录反思,1.2.0,synthetic,true,SRC-SYNTH,2026-09-13T00:00:00+08:00,0.9,synthetic,not_applicable,,team_generated,false,dev
EVT-N023-26,USER-N023,course_completed,2025-12-09T16:00:00Z,SKILL-001,RES-0121,,6,completed,positive,progressing,low,完成课程并提交学习总结,1.2.0,synthetic,true,SRC-SYNTH,2026-09-13T00:00:00+08:00,0.9,synthetic,not_applicable,,team_generated,false,dev
EVT-N023-27,USER-N023,project_started,2025-12-26T16:00:00Z,SKILL-011,RES-0551,,0,completed,neutral,active,low,启动实践项目并确认里程碑,1.2.0,synthetic,true,SRC-SYNTH,2026-09-13T00:00:00+08:00,0.9,synthetic,not_applicable,,team_generated,false,dev
EVT-N023-28,USER-N023,job_viewed,2026-01-12T16:00:00Z,,,JOB-DATA-0028,0,completed,neutral,active,low,查看目标岗位及能力要求,1.2.0,synthetic,true,SRC-SYNTH,2026-09-13T00:00:00+08:00,0.9,synthetic,not_applicable,,team_generated,false,dev
EVT-N023-29,USER-N023,feedback_submitted,2026-01-29T16:00:00Z,SKILL-040,,,0,completed,neutral,active,low,提交计划难度和推荐相关性反馈,1.2.0,synthetic,true,SRC-SYNTH,2026-09-13T00:00:00+08:00,0.9,synthetic,not_applicable,,team_generated,false,dev
EVT-N023-30,USER-N023,task_completed,2026-02-15T16:00:00Z,SKILL-044,RES-0044,,2,completed,positive,progressing,low,完成本周学习任务,1.2.0,synthetic,true,SRC-SYNTH,2026-09-13T00:00:00+08:00,0.9,synthetic,not_applicable,,team_generated,false,dev
EVT-N023-31,USER-N023,project_completed,2026-03-04T16:00:00Z,SKILL-048,RES-0161,,8,completed,positive,progressing,low,完成项目、说明文档和复盘,1.2.0,synthetic,true,SRC-SYNTH,2026-09-13T00:00:00+08:00,0.9,synthetic,not_applicable,,team_generated,false,dev
EVT-N023-32,USER-N023,profile_recalculated,2026-03-21T16:00:00Z,SKILL-001,,,0,completed,neutral,active,low,根据新证据重算画像与岗位匹配度,1.2.0,synthetic,true,SRC-SYNTH,2026-09-13T00:00:00+08:00,0.9,synthetic,not_applicable,,team_generated,false,dev
EVT-N023-33,USER-N023,job_saved,2026-04-07T16:00:00Z,,,JOB-DATA-0033,0,completed,neutral,active,low,收藏一个模拟目标岗位,1.2.0,synthetic,true,SRC-SYNTH,2026-09-13T00:00:00+08:00,0.9,synthetic,not_applicable,,team_generated,false,dev
EVT-N023-34,USER-N023,application_submitted,2026-04-24T16:00:00Z,,,JOB-DATA-0034,0,completed,neutral,active,low,向模拟岗位提交申请,1.2.0,synthetic,true,SRC-SYNTH,2026-09-13T00:00:00+08:00,0.9,synthetic,not_applicable,,team_generated,false,dev
EVT-N023-35,USER-N023,interview_result,2026-05-11T16:00:00Z,,,JOB-DATA-0035,0,completed,disappointed,active,low,记录模拟面试反馈,1.2.0,synthetic,true,SRC-SYNTH,2026-09-13T00:00:00+08:00,0.9,synthetic,not_applicable,,team_generated,false,dev
EVT-N023-36,USER-N023,plan_adjusted,2026-05-28T16:00:00Z,SKILL-044,,,0,completed,neutral,plan_rebalanced,low,根据时间和反馈调整学习计划,1.2.0,synthetic,true,SRC-SYNTH,2026-09-13T00:00:00+08:00,0.9,synthetic,not_applicable,,team_generated,false,dev
EVT-N023-37,USER-N023,skill_practice,2026-06-14T16:00:00Z,SKILL-048,RES-0041,,2,completed,positive,progressing,low,完成技能练习并记录反思,1.2.0,synthetic,true,SRC-SYNTH,2026-09-13T00:00:00+08:00,0.9,synthetic,not_applicable,,team_generated,false,dev
EVT-N023-38,USER-N023,inactivity,2026-07-01T16:00:00Z,SKILL-001,,,-4,attention_needed,frustrated,learning_stalled,medium,超过设定周期未产生学习证据，触发技能衰减,1.2.0,synthetic,true,SRC-SYNTH,2026-09-13T00:00:00+08:00,0.9,synthetic,not_applicable,,team_generated,false,dev
EVT-N023-39,USER-N023,reminder_response,2026-07-18T16:00:00Z,SKILL-011,,,0,completed,neutral,active,low,响应任务提醒并更新完成状态,1.2.0,synthetic,true,SRC-SYNTH,2026-09-13T00:00:00+08:00,0.9,synthetic,not_applicable,,team_generated,false,dev
EVT-N023-40,USER-N023,profile_recalculated,2026-08-04T16:00:00Z,SKILL-014,,,0,completed,neutral,active,low,根据新证据重算画像与岗位匹配度,1.2.0,synthetic,true,SRC-SYNTH,2026-09-13T00:00:00+08:00,0.9,synthetic,not_applicable,,team_generated,false,dev
EVT-N024-01,USER-N024,onboarding,2024-10-10T16:00:00Z,,,,0,completed,neutral,active,low,完成基础信息和学习约束录入,1.2.0,synthetic,true,SRC-SYNTH,2026-09-13T00:00:00+08:00,0.9,synthetic,not_applicable,,team_generated,false,dev
EVT-N024-02,USER-N024,skill_assessment,2024-10-27T16:00:00Z,SKILL-002,,,3,completed,positive,progressing,low,完成能力测评并生成可解释证据,1.2.0,synthetic,true,SRC-SYNTH,2026-09-13T00:00:00+08:00,0.9,synthetic,not_applicable,,team_generated,false,dev
EVT-N024-03,USER-N024,course_started,2024-11-13T16:00:00Z,SKILL-017,RES-0130,,0,completed,neutral,active,low,开始一项与目标能力相关的课程,1.2.0,synthetic,true,SRC-SYNTH,2026-09-13T00:00:00+08:00,0.9,synthetic,not_applicable,,team_generated,false,dev
EVT-N024-04,USER-N024,task_completed,2024-11-30T16:00:00Z,SKILL-020,RES-0140,,2,completed,positive,progressing,low,完成本周学习任务,1.2.0,synthetic,true,SRC-SYNTH,2026-09-13T00:00:00+08:00,0.9,synthetic,not_applicable,,team_generated,false,dev
EVT-N024-05,USER-N024,skill_practice,2024-12-17T16:00:00Z,SKILL-023,RES-0076,,2,completed,positive,progressing,low,完成技能练习并记录反思,1.2.0,synthetic,true,SRC-SYNTH,2026-09-13T00:00:00+08:00,0.9,synthetic,not_applicable,,team_generated,false,dev
EVT-N024-06,USER-N024,course_completed,2025-01-03T16:00:00Z,SKILL-033,RES-0153,,6,completed,positive,progressing,low,完成课程并提交学习总结,1.2.0,synthetic,true,SRC-SYNTH,2026-09-13T00:00:00+08:00,0.9,synthetic,not_applicable,,team_generated,false,dev
EVT-N024-07,USER-N024,project_started,2025-01-20T16:00:00Z,SKILL-058,RES-0164,,0,completed,neutral,active,low,启动实践项目并确认里程碑,1.2.0,synthetic,true,SRC-SYNTH,2026-09-13T00:00:00+08:00,0.9,synthetic,not_applicable,,team_generated,false,dev
EVT-N024-08,USER-N024,job_viewed,2025-02-06T16:00:00Z,,,JOB-AI-ALG-0087,0,completed,neutral,active,low,查看目标岗位及能力要求,1.2.0,synthetic,true,SRC-SYNTH,2026-09-13T00:00:00+08:00,0.9,synthetic,not_applicable,,team_generated,false,dev
EVT-N024-09,USER-N024,feedback_submitted,2025-02-23T16:00:00Z,SKILL-017,,,0,completed,neutral,active,low,提交计划难度和推荐相关性反馈,1.2.0,synthetic,true,SRC-SYNTH,2026-09-13T00:00:00+08:00,0.9,synthetic,not_applicable,,team_generated,false,dev
EVT-N024-10,USER-N024,task_completed,2025-03-12T16:00:00Z,SKILL-020,RES-0193,,2,completed,positive,progressing,low,完成本周学习任务,1.2.0,synthetic,true,SRC-SYNTH,2026-09-13T00:00:00+08:00,0.9,synthetic,not_applicable,,team_generated,false,dev
EVT-N024-11,USER-N024,project_completed,2025-03-29T16:00:00Z,SKILL-023,RES-0256,,8,completed,positive,progressing,low,完成项目、说明文档和复盘,1.2.0,synthetic,true,SRC-SYNTH,2026-09-13T00:00:00+08:00,0.9,synthetic,not_applicable,,team_generated,false,dev
EVT-N024-12,USER-N024,profile_recalculated,2025-04-15T16:00:00Z,SKILL-033,,,0,completed,neutral,active,low,根据新证据重算画像与岗位匹配度,1.2.0,synthetic,true,SRC-SYNTH,2026-09-13T00:00:00+08:00,0.9,synthetic,not_applicable,,team_generated,false,dev
EVT-N024-13,USER-N024,job_saved,2025-05-02T16:00:00Z,,,JOB-AI-ALG-0013,0,completed,neutral,active,low,收藏一个模拟目标岗位,1.2.0,synthetic,true,SRC-SYNTH,2026-09-13T00:00:00+08:00,0.9,synthetic,not_applicable,,team_generated,false,dev
EVT-N024-14,USER-N024,application_submitted,2025-05-19T16:00:00Z,,,JOB-AI-ALG-0014,0,completed,neutral,active,low,向模拟岗位提交申请,1.2.0,synthetic,true,SRC-SYNTH,2026-09-13T00:00:00+08:00,0.9,synthetic,not_applicable,,team_generated,false,dev
EVT-N024-15,USER-N024,interview_result,2025-06-05T16:00:00Z,,,JOB-AI-ALG-0015,0,completed,disappointed,active,low,记录模拟面试反馈,1.2.0,synthetic,true,SRC-SYNTH,2026-09-13T00:00:00+08:00,0.9,synthetic,not_applicable,,team_generated,false,dev
EVT-N024-16,USER-N024,plan_adjusted,2025-06-22T16:00:00Z,SKILL-020,,,0,completed,neutral,plan_rebalanced,low,根据时间和反馈调整学习计划,1.2.0,synthetic,true,SRC-SYNTH,2026-09-13T00:00:00+08:00,0.9,synthetic,not_applicable,,team_generated,false,dev
EVT-N024-17,USER-N024,skill_practice,2025-07-09T16:00:00Z,SKILL-023,RES-0436,,2,completed,positive,progressing,low,完成技能练习并记录反思,1.2.0,synthetic,true,SRC-SYNTH,2026-09-13T00:00:00+08:00,0.9,synthetic,not_applicable,,team_generated,false,dev
EVT-N024-18,USER-N024,inactivity,2025-07-26T16:00:00Z,SKILL-033,,,-4,attention_needed,frustrated,learning_stalled,medium,超过设定周期未产生学习证据，触发技能衰减,1.2.0,synthetic,true,SRC-SYNTH,2026-09-13T00:00:00+08:00,0.9,synthetic,not_applicable,,team_generated,false,dev
EVT-N024-19,USER-N024,reminder_response,2025-08-12T16:00:00Z,SKILL-058,,,0,completed,neutral,active,low,响应任务提醒并更新完成状态,1.2.0,synthetic,true,SRC-SYNTH,2026-09-13T00:00:00+08:00,0.9,synthetic,not_applicable,,team_generated,false,dev
EVT-N024-20,USER-N024,profile_recalculated,2025-08-29T16:00:00Z,SKILL-002,,,0,completed,neutral,active,low,根据新证据重算画像与岗位匹配度,1.2.0,synthetic,true,SRC-SYNTH,2026-09-13T00:00:00+08:00,0.9,synthetic,not_applicable,,team_generated,false,dev
EVT-N024-21,USER-N024,onboarding,2025-09-15T16:00:00Z,,,,0,completed,neutral,active,low,完成基础信息和学习约束录入,1.2.0,synthetic,true,SRC-SYNTH,2026-09-13T00:00:00+08:00,0.9,synthetic,not_applicable,,team_generated,false,dev
EVT-N024-22,USER-N024,skill_assessment,2025-10-02T16:00:00Z,SKILL-020,,,3,completed,positive,progressing,low,完成能力测评并生成可解释证据,1.2.0,synthetic,true,SRC-SYNTH,2026-09-13T00:00:00+08:00,0.9,synthetic,not_applicable,,team_generated,false,dev
EVT-N024-23,USER-N024,course_started,2025-10-19T16:00:00Z,SKILL-023,RES-0002,,0,completed,neutral,active,low,开始一项与目标能力相关的课程,1.2.0,synthetic,true,SRC-SYNTH,2026-09-13T00:00:00+08:00,0.9,synthetic,not_applicable,,team_generated,false,dev
EVT-N024-24,USER-N024,task_completed,2025-11-05T16:00:00Z,SKILL-033,RES-0146,,2,completed,positive,progressing,low,完成本周学习任务,1.2.0,synthetic,true,SRC-SYNTH,2026-09-13T00:00:00+08:00,0.9,synthetic,not_applicable,,team_generated,false,dev
EVT-N024-25,USER-N024,skill_practice,2025-11-22T16:00:00Z,SKILL-058,RES-0044,,2,completed,positive,progressing,low,完成技能练习并记录反思,1.2.0,synthetic,true,SRC-SYNTH,2026-09-13T00:00:00+08:00,0.9,synthetic,not_applicable,,team_generated,false,dev
EVT-N024-26,USER-N024,course_completed,2025-12-09T16:00:00Z,SKILL-002,RES-0003,,6,completed,positive,progressing,low,完成课程并提交学习总结,1.2.0,synthetic,true,SRC-SYNTH,2026-09-13T00:00:00+08:00,0.9,synthetic,not_applicable,,team_generated,false,dev
EVT-N024-27,USER-N024,project_started,2025-12-26T16:00:00Z,SKILL-017,RES-0190,,0,completed,neutral,active,low,启动实践项目并确认里程碑,1.2.0,synthetic,true,SRC-SYNTH,2026-09-13T00:00:00+08:00,0.9,synthetic,not_applicable,,team_generated,false,dev
EVT-N024-28,USER-N024,job_viewed,2026-01-12T16:00:00Z,,,JOB-AI-ALG-0028,0,completed,neutral,active,low,查看目标岗位及能力要求,1.2.0,synthetic,true,SRC-SYNTH,2026-09-13T00:00:00+08:00,0.9,synthetic,not_applicable,,team_generated,false,dev
EVT-N024-29,USER-N024,feedback_submitted,2026-01-29T16:00:00Z,SKILL-023,,,0,completed,neutral,active,low,提交计划难度和推荐相关性反馈,1.2.0,synthetic,true,SRC-SYNTH,2026-09-13T00:00:00+08:00,0.9,synthetic,not_applicable,,team_generated,false,dev
EVT-N024-30,USER-N024,task_completed,2026-02-15T16:00:00Z,SKILL-033,RES-0033,,2,completed,positive,progressing,low,完成本周学习任务,1.2.0,synthetic,true,SRC-SYNTH,2026-09-13T00:00:00+08:00,0.9,synthetic,not_applicable,,team_generated,false,dev
EVT-N024-31,USER-N024,project_completed,2026-03-04T16:00:00Z,SKILL-058,RES-0224,,8,completed,positive,progressing,low,完成项目、说明文档和复盘,1.2.0,synthetic,true,SRC-SYNTH,2026-09-13T00:00:00+08:00,0.9,synthetic,not_applicable,,team_generated,false,dev
EVT-N024-32,USER-N024,profile_recalculated,2026-03-21T16:00:00Z,SKILL-002,,,0,completed,neutral,active,low,根据新证据重算画像与岗位匹配度,1.2.0,synthetic,true,SRC-SYNTH,2026-09-13T00:00:00+08:00,0.9,synthetic,not_applicable,,team_generated,false,dev
EVT-N024-33,USER-N024,job_saved,2026-04-07T16:00:00Z,,,JOB-AI-ALG-0033,0,completed,neutral,active,low,收藏一个模拟目标岗位,1.2.0,synthetic,true,SRC-SYNTH,2026-09-13T00:00:00+08:00,0.9,synthetic,not_applicable,,team_generated,false,dev
EVT-N024-34,USER-N024,application_submitted,2026-04-24T16:00:00Z,,,JOB-AI-ALG-0034,0,completed,neutral,active,low,向模拟岗位提交申请,1.2.0,synthetic,true,SRC-SYNTH,2026-09-13T00:00:00+08:00,0.9,synthetic,not_applicable,,team_generated,false,dev
EVT-N024-35,USER-N024,interview_result,2026-05-11T16:00:00Z,,,JOB-AI-ALG-0035,0,completed,disappointed,active,low,记录模拟面试反馈,1.2.0,synthetic,true,SRC-SYNTH,2026-09-13T00:00:00+08:00,0.9,synthetic,not_applicable,,team_generated,false,dev
EVT-N024-36,USER-N024,plan_adjusted,2026-05-28T16:00:00Z,SKILL-033,,,0,completed,neutral,plan_rebalanced,low,根据时间和反馈调整学习计划,1.2.0,synthetic,true,SRC-SYNTH,2026-09-13T00:00:00+08:00,0.9,synthetic,not_applicable,,team_generated,false,dev
EVT-N024-37,USER-N024,skill_practice,2026-06-14T16:00:00Z,SKILL-058,RES-0404,,2,completed,positive,progressing,low,完成技能练习并记录反思,1.2.0,synthetic,true,SRC-SYNTH,2026-09-13T00:00:00+08:00,0.9,synthetic,not_applicable,,team_generated,false,dev
EVT-N024-38,USER-N024,inactivity,2026-07-01T16:00:00Z,SKILL-002,,,-4,attention_needed,frustrated,learning_stalled,medium,超过设定周期未产生学习证据，触发技能衰减,1.2.0,synthetic,true,SRC-SYNTH,2026-09-13T00:00:00+08:00,0.9,synthetic,not_applicable,,team_generated,false,dev
EVT-N024-39,USER-N024,reminder_response,2026-07-18T16:00:00Z,SKILL-017,,,0,completed,neutral,active,low,响应任务提醒并更新完成状态,1.2.0,synthetic,true,SRC-SYNTH,2026-09-13T00:00:00+08:00,0.9,synthetic,not_applicable,,team_generated,false,dev
EVT-N024-40,USER-N024,profile_recalculated,2026-08-04T16:00:00Z,SKILL-020,,,0,completed,neutral,active,low,根据新证据重算画像与岗位匹配度,1.2.0,synthetic,true,SRC-SYNTH,2026-09-13T00:00:00+08:00,0.9,synthetic,not_applicable,,team_generated,false,dev
EVT-N025-01,USER-N025,onboarding,2024-10-10T16:00:00Z,,,,0,completed,neutral,active,low,完成基础信息和学习约束录入,1.2.0,synthetic,true,SRC-SYNTH,2026-09-13T00:00:00+08:00,0.9,synthetic,not_applicable,,team_generated,false,dev
EVT-N025-02,USER-N025,skill_assessment,2024-10-27T16:00:00Z,SKILL-008,,,3,completed,positive,progressing,low,完成能力测评并生成可解释证据,1.2.0,synthetic,true,SRC-SYNTH,2026-09-13T00:00:00+08:00,0.9,synthetic,not_applicable,,team_generated,false,dev
EVT-N025-03,USER-N025,course_started,2024-11-13T16:00:00Z,SKILL-026,RES-0026,,0,completed,neutral,active,low,开始一项与目标能力相关的课程,1.2.0,synthetic,true,SRC-SYNTH,2026-09-13T00:00:00+08:00,0.9,synthetic,not_applicable,,team_generated,false,dev
EVT-N025-04,USER-N025,task_completed,2024-11-30T16:00:00Z,SKILL-029,RES-0018,,2,completed,positive,progressing,low,完成本周学习任务,1.2.0,synthetic,true,SRC-SYNTH,2026-09-13T00:00:00+08:00,0.9,synthetic,not_applicable,,team_generated,false,dev
EVT-N025-05,USER-N025,skill_practice,2024-12-17T16:00:00Z,SKILL-035,RES-0148,,2,completed,positive,progressing,low,完成技能练习并记录反思,1.2.0,synthetic,true,SRC-SYNTH,2026-09-13T00:00:00+08:00,0.9,synthetic,not_applicable,,team_generated,false,dev
EVT-N025-06,USER-N025,course_completed,2025-01-03T16:00:00Z,SKILL-038,RES-0158,,6,completed,positive,progressing,low,完成课程并提交学习总结,1.2.0,synthetic,true,SRC-SYNTH,2026-09-13T00:00:00+08:00,0.9,synthetic,not_applicable,,team_generated,false,dev
EVT-N025-07,USER-N025,project_started,2025-01-20T16:00:00Z,SKILL-050,RES-0043,,0,completed,neutral,active,low,启动实践项目并确认里程碑,1.2.0,synthetic,true,SRC-SYNTH,2026-09-13T00:00:00+08:00,0.9,synthetic,not_applicable,,team_generated,false,dev
EVT-N025-08,USER-N025,job_viewed,2025-02-06T16:00:00Z,,,JOB-AI-APP-0087,0,completed,neutral,active,low,查看目标岗位及能力要求,1.2.0,synthetic,true,SRC-SYNTH,2026-09-13T00:00:00+08:00,0.9,synthetic,not_applicable,,team_generated,false,dev
EVT-N025-09,USER-N025,feedback_submitted,2025-02-23T16:00:00Z,SKILL-026,,,0,completed,neutral,active,low,提交计划难度和推荐相关性反馈,1.2.0,synthetic,true,SRC-SYNTH,2026-09-13T00:00:00+08:00,0.9,synthetic,not_applicable,,team_generated,false,dev
EVT-N025-10,USER-N025,task_completed,2025-03-12T16:00:00Z,SKILL-029,RES-0449,,2,completed,positive,progressing,low,完成本周学习任务,1.2.0,synthetic,true,SRC-SYNTH,2026-09-13T00:00:00+08:00,0.9,synthetic,not_applicable,,team_generated,false,dev
EVT-N025-11,USER-N025,project_completed,2025-03-29T16:00:00Z,SKILL-035,RES-0148,,8,completed,positive,progressing,low,完成项目、说明文档和复盘,1.2.0,synthetic,true,SRC-SYNTH,2026-09-13T00:00:00+08:00,0.9,synthetic,not_applicable,,team_generated,false,dev
EVT-N025-12,USER-N025,profile_recalculated,2025-04-15T16:00:00Z,SKILL-038,,,0,completed,neutral,active,low,根据新证据重算画像与岗位匹配度,1.2.0,synthetic,true,SRC-SYNTH,2026-09-13T00:00:00+08:00,0.9,synthetic,not_applicable,,team_generated,false,dev
EVT-N025-13,USER-N025,job_saved,2025-05-02T16:00:00Z,,,JOB-AI-APP-0013,0,completed,neutral,active,low,收藏一个模拟目标岗位,1.2.0,synthetic,true,SRC-SYNTH,2026-09-13T00:00:00+08:00,0.9,synthetic,not_applicable,,team_generated,false,dev
EVT-N025-14,USER-N025,application_submitted,2025-05-19T16:00:00Z,,,JOB-AI-APP-0014,0,completed,neutral,active,low,向模拟岗位提交申请,1.2.0,synthetic,true,SRC-SYNTH,2026-09-13T00:00:00+08:00,0.9,synthetic,not_applicable,,team_generated,false,dev
EVT-N025-15,USER-N025,interview_result,2025-06-05T16:00:00Z,,,JOB-AI-APP-0015,0,completed,disappointed,active,low,记录模拟面试反馈,1.2.0,synthetic,true,SRC-SYNTH,2026-09-13T00:00:00+08:00,0.9,synthetic,not_applicable,,team_generated,false,dev
EVT-N025-16,USER-N025,plan_adjusted,2025-06-22T16:00:00Z,SKILL-029,,,0,completed,neutral,plan_rebalanced,low,根据时间和反馈调整学习计划,1.2.0,synthetic,true,SRC-SYNTH,2026-09-13T00:00:00+08:00,0.9,synthetic,not_applicable,,team_generated,false,dev
EVT-N025-17,USER-N025,skill_practice,2025-07-09T16:00:00Z,SKILL-035,RES-0028,,2,completed,positive,progressing,low,完成技能练习并记录反思,1.2.0,synthetic,true,SRC-SYNTH,2026-09-13T00:00:00+08:00,0.9,synthetic,not_applicable,,team_generated,false,dev
EVT-N025-18,USER-N025,inactivity,2025-07-26T16:00:00Z,SKILL-038,,,-4,attention_needed,frustrated,learning_stalled,medium,超过设定周期未产生学习证据，触发技能衰减,1.2.0,synthetic,true,SRC-SYNTH,2026-09-13T00:00:00+08:00,0.9,synthetic,not_applicable,,team_generated,false,dev
EVT-N025-19,USER-N025,reminder_response,2025-08-12T16:00:00Z,SKILL-050,,,0,completed,neutral,active,low,响应任务提醒并更新完成状态,1.2.0,synthetic,true,SRC-SYNTH,2026-09-13T00:00:00+08:00,0.9,synthetic,not_applicable,,team_generated,false,dev
EVT-N025-20,USER-N025,profile_recalculated,2025-08-29T16:00:00Z,SKILL-008,,,0,completed,neutral,active,low,根据新证据重算画像与岗位匹配度,1.2.0,synthetic,true,SRC-SYNTH,2026-09-13T00:00:00+08:00,0.9,synthetic,not_applicable,,team_generated,false,dev
EVT-N025-21,USER-N025,onboarding,2025-09-15T16:00:00Z,,,,0,completed,neutral,active,low,完成基础信息和学习约束录入,1.2.0,synthetic,true,SRC-SYNTH,2026-09-13T00:00:00+08:00,0.9,synthetic,not_applicable,,team_generated,false,dev
EVT-N025-22,USER-N025,skill_assessment,2025-10-02T16:00:00Z,SKILL-029,,,3,completed,positive,progressing,low,完成能力测评并生成可解释证据,1.2.0,synthetic,true,SRC-SYNTH,2026-09-13T00:00:00+08:00,0.9,synthetic,not_applicable,,team_generated,false,dev
EVT-N025-23,USER-N025,course_started,2025-10-19T16:00:00Z,SKILL-035,RES-0448,,0,completed,neutral,active,low,开始一项与目标能力相关的课程,1.2.0,synthetic,true,SRC-SYNTH,2026-09-13T00:00:00+08:00,0.9,synthetic,not_applicable,,team_generated,false,dev
EVT-N025-24,USER-N025,task_completed,2025-11-05T16:00:00Z,SKILL-038,RES-0158,,2,completed,positive,progressing,low,完成本周学习任务,1.2.0,synthetic,true,SRC-SYNTH,2026-09-13T00:00:00+08:00,0.9,synthetic,not_applicable,,team_generated,false,dev
EVT-N025-25,USER-N025,skill_practice,2025-11-22T16:00:00Z,SKILL-050,RES-0163,,2,completed,positive,progressing,low,完成技能练习并记录反思,1.2.0,synthetic,true,SRC-SYNTH,2026-09-13T00:00:00+08:00,0.9,synthetic,not_applicable,,team_generated,false,dev
EVT-N025-26,USER-N025,course_completed,2025-12-09T16:00:00Z,SKILL-008,RES-0128,,6,completed,positive,progressing,low,完成课程并提交学习总结,1.2.0,synthetic,true,SRC-SYNTH,2026-09-13T00:00:00+08:00,0.9,synthetic,not_applicable,,team_generated,false,dev
EVT-N025-27,USER-N025,project_started,2025-12-26T16:00:00Z,SKILL-026,RES-0499,,0,completed,neutral,active,low,启动实践项目并确认里程碑,1.2.0,synthetic,true,SRC-SYNTH,2026-09-13T00:00:00+08:00,0.9,synthetic,not_applicable,,team_generated,false,dev
EVT-N025-28,USER-N025,job_viewed,2026-01-12T16:00:00Z,,,JOB-AI-APP-0028,0,completed,neutral,active,low,查看目标岗位及能力要求,1.2.0,synthetic,true,SRC-SYNTH,2026-09-13T00:00:00+08:00,0.9,synthetic,not_applicable,,team_generated,false,dev
EVT-N025-29,USER-N025,feedback_submitted,2026-01-29T16:00:00Z,SKILL-035,,,0,completed,neutral,active,low,提交计划难度和推荐相关性反馈,1.2.0,synthetic,true,SRC-SYNTH,2026-09-13T00:00:00+08:00,0.9,synthetic,not_applicable,,team_generated,false,dev
EVT-N025-30,USER-N025,task_completed,2026-02-15T16:00:00Z,SKILL-038,RES-0451,,2,completed,positive,progressing,low,完成本周学习任务,1.2.0,synthetic,true,SRC-SYNTH,2026-09-13T00:00:00+08:00,0.9,synthetic,not_applicable,,team_generated,false,dev
EVT-N025-31,USER-N025,project_completed,2026-03-04T16:00:00Z,SKILL-050,RES-0043,,8,completed,positive,progressing,low,完成项目、说明文档和复盘,1.2.0,synthetic,true,SRC-SYNTH,2026-09-13T00:00:00+08:00,0.9,synthetic,not_applicable,,team_generated,false,dev
EVT-N025-32,USER-N025,profile_recalculated,2026-03-21T16:00:00Z,SKILL-008,,,0,completed,neutral,active,low,根据新证据重算画像与岗位匹配度,1.2.0,synthetic,true,SRC-SYNTH,2026-09-13T00:00:00+08:00,0.9,synthetic,not_applicable,,team_generated,false,dev
EVT-N025-33,USER-N025,job_saved,2026-04-07T16:00:00Z,,,JOB-AI-APP-0033,0,completed,neutral,active,low,收藏一个模拟目标岗位,1.2.0,synthetic,true,SRC-SYNTH,2026-09-13T00:00:00+08:00,0.9,synthetic,not_applicable,,team_generated,false,dev
EVT-N025-34,USER-N025,application_submitted,2026-04-24T16:00:00Z,,,JOB-AI-APP-0034,0,completed,neutral,active,low,向模拟岗位提交申请,1.2.0,synthetic,true,SRC-SYNTH,2026-09-13T00:00:00+08:00,0.9,synthetic,not_applicable,,team_generated,false,dev
EVT-N025-35,USER-N025,interview_result,2026-05-11T16:00:00Z,,,JOB-AI-APP-0035,0,completed,disappointed,active,low,记录模拟面试反馈,1.2.0,synthetic,true,SRC-SYNTH,2026-09-13T00:00:00+08:00,0.9,synthetic,not_applicable,,team_generated,false,dev
EVT-N025-36,USER-N025,plan_adjusted,2026-05-28T16:00:00Z,SKILL-038,,,0,completed,neutral,plan_rebalanced,low,根据时间和反馈调整学习计划,1.2.0,synthetic,true,SRC-SYNTH,2026-09-13T00:00:00+08:00,0.9,synthetic,not_applicable,,team_generated,false,dev
EVT-N025-37,USER-N025,skill_practice,2026-06-14T16:00:00Z,SKILL-050,RES-0043,,2,completed,positive,progressing,low,完成技能练习并记录反思,1.2.0,synthetic,true,SRC-SYNTH,2026-09-13T00:00:00+08:00,0.9,synthetic,not_applicable,,team_generated,false,dev
EVT-N025-38,USER-N025,inactivity,2026-07-01T16:00:00Z,SKILL-008,,,-4,attention_needed,frustrated,learning_stalled,medium,超过设定周期未产生学习证据，触发技能衰减,1.2.0,synthetic,true,SRC-SYNTH,2026-09-13T00:00:00+08:00,0.9,synthetic,not_applicable,,team_generated,false,dev
EVT-N025-39,USER-N025,reminder_response,2026-07-18T16:00:00Z,SKILL-026,,,0,completed,neutral,active,low,响应任务提醒并更新完成状态,1.2.0,synthetic,true,SRC-SYNTH,2026-09-13T00:00:00+08:00,0.9,synthetic,not_applicable,,team_generated,false,dev
EVT-N025-40,USER-N025,profile_recalculated,2026-08-04T16:00:00Z,SKILL-029,,,0,completed,neutral,active,low,根据新证据重算画像与岗位匹配度,1.2.0,synthetic,true,SRC-SYNTH,2026-09-13T00:00:00+08:00,0.9,synthetic,not_applicable,,team_generated,false,dev
EVT-N026-01,USER-N026,onboarding,2024-10-10T16:00:00Z,,,,0,completed,neutral,active,low,完成基础信息和学习约束录入,1.2.0,synthetic,true,SRC-SYNTH,2026-09-13T00:00:00+08:00,0.9,synthetic,not_applicable,,team_generated,false,dev
EVT-N026-02,USER-N026,skill_assessment,2024-10-27T16:00:00Z,SKILL-011,,,3,completed,positive,progressing,low,完成能力测评并生成可解释证据,1.2.0,synthetic,true,SRC-SYNTH,2026-09-13T00:00:00+08:00,0.9,synthetic,not_applicable,,team_generated,false,dev
EVT-N026-03,USER-N026,course_started,2024-11-13T16:00:00Z,SKILL-014,RES-0127,,0,completed,neutral,active,low,开始一项与目标能力相关的课程,1.2.0,synthetic,true,SRC-SYNTH,2026-09-13T00:00:00+08:00,0.9,synthetic,not_applicable,,team_generated,false,dev
EVT-N026-04,USER-N026,task_completed,2024-11-30T16:00:00Z,SKILL-040,RES-0146,,2,completed,positive,progressing,low,完成本周学习任务,1.2.0,synthetic,true,SRC-SYNTH,2026-09-13T00:00:00+08:00,0.9,synthetic,not_applicable,,team_generated,false,dev
EVT-N026-05,USER-N026,skill_practice,2024-12-17T16:00:00Z,SKILL-044,RES-0157,,2,completed,positive,progressing,low,完成技能练习并记录反思,1.2.0,synthetic,true,SRC-SYNTH,2026-09-13T00:00:00+08:00,0.9,synthetic,not_applicable,,team_generated,false,dev
EVT-N026-06,USER-N026,course_completed,2025-01-03T16:00:00Z,SKILL-048,RES-0161,,6,completed,positive,progressing,low,完成课程并提交学习总结,1.2.0,synthetic,true,SRC-SYNTH,2026-09-13T00:00:00+08:00,0.9,synthetic,not_applicable,,team_generated,false,dev
EVT-N026-07,USER-N026,project_started,2025-01-20T16:00:00Z,SKILL-001,RES-0167,,0,completed,neutral,active,low,启动实践项目并确认里程碑,1.2.0,synthetic,true,SRC-SYNTH,2026-09-13T00:00:00+08:00,0.9,synthetic,not_applicable,,team_generated,false,dev
EVT-N026-08,USER-N026,job_viewed,2025-02-06T16:00:00Z,,,JOB-DATA-0087,0,completed,neutral,active,low,查看目标岗位及能力要求,1.2.0,synthetic,true,SRC-SYNTH,2026-09-13T00:00:00+08:00,0.9,synthetic,not_applicable,,team_generated,false,dev
EVT-N026-09,USER-N026,feedback_submitted,2025-02-23T16:00:00Z,SKILL-014,,,0,completed,neutral,active,low,提交计划难度和推荐相关性反馈,1.2.0,synthetic,true,SRC-SYNTH,2026-09-13T00:00:00+08:00,0.9,synthetic,not_applicable,,team_generated,false,dev
EVT-N026-10,USER-N026,task_completed,2025-03-12T16:00:00Z,SKILL-040,RES-0040,,2,completed,positive,progressing,low,完成本周学习任务,1.2.0,synthetic,true,SRC-SYNTH,2026-09-13T00:00:00+08:00,0.9,synthetic,not_applicable,,team_generated,false,dev
EVT-N026-11,USER-N026,project_completed,2025-03-29T16:00:00Z,SKILL-044,RES-0164,,8,completed,positive,progressing,low,完成项目、说明文档和复盘,1.2.0,synthetic,true,SRC-SYNTH,2026-09-13T00:00:00+08:00,0.9,synthetic,not_applicable,,team_generated,false,dev
EVT-N026-12,USER-N026,profile_recalculated,2025-04-15T16:00:00Z,SKILL-048,,,0,completed,neutral,active,low,根据新证据重算画像与岗位匹配度,1.2.0,synthetic,true,SRC-SYNTH,2026-09-13T00:00:00+08:00,0.9,synthetic,not_applicable,,team_generated,false,dev
EVT-N026-13,USER-N026,job_saved,2025-05-02T16:00:00Z,,,JOB-DATA-0013,0,completed,neutral,active,low,收藏一个模拟目标岗位,1.2.0,synthetic,true,SRC-SYNTH,2026-09-13T00:00:00+08:00,0.9,synthetic,not_applicable,,team_generated,false,dev
EVT-N026-14,USER-N026,application_submitted,2025-05-19T16:00:00Z,,,JOB-DATA-0014,0,completed,neutral,active,low,向模拟岗位提交申请,1.2.0,synthetic,true,SRC-SYNTH,2026-09-13T00:00:00+08:00,0.9,synthetic,not_applicable,,team_generated,false,dev
EVT-N026-15,USER-N026,interview_result,2025-06-05T16:00:00Z,,,JOB-DATA-0015,0,completed,disappointed,active,low,记录模拟面试反馈,1.2.0,synthetic,true,SRC-SYNTH,2026-09-13T00:00:00+08:00,0.9,synthetic,not_applicable,,team_generated,false,dev
EVT-N026-16,USER-N026,plan_adjusted,2025-06-22T16:00:00Z,SKILL-040,,,0,completed,neutral,plan_rebalanced,low,根据时间和反馈调整学习计划,1.2.0,synthetic,true,SRC-SYNTH,2026-09-13T00:00:00+08:00,0.9,synthetic,not_applicable,,team_generated,false,dev
EVT-N026-17,USER-N026,skill_practice,2025-07-09T16:00:00Z,SKILL-044,RES-0157,,2,completed,positive,progressing,low,完成技能练习并记录反思,1.2.0,synthetic,true,SRC-SYNTH,2026-09-13T00:00:00+08:00,0.9,synthetic,not_applicable,,team_generated,false,dev
EVT-N026-18,USER-N026,inactivity,2025-07-26T16:00:00Z,SKILL-048,,,-4,attention_needed,frustrated,learning_stalled,medium,超过设定周期未产生学习证据，触发技能衰减,1.2.0,synthetic,true,SRC-SYNTH,2026-09-13T00:00:00+08:00,0.9,synthetic,not_applicable,,team_generated,false,dev
EVT-N026-19,USER-N026,reminder_response,2025-08-12T16:00:00Z,SKILL-001,,,0,completed,neutral,active,low,响应任务提醒并更新完成状态,1.2.0,synthetic,true,SRC-SYNTH,2026-09-13T00:00:00+08:00,0.9,synthetic,not_applicable,,team_generated,false,dev
EVT-N026-20,USER-N026,profile_recalculated,2025-08-29T16:00:00Z,SKILL-011,,,0,completed,neutral,active,low,根据新证据重算画像与岗位匹配度,1.2.0,synthetic,true,SRC-SYNTH,2026-09-13T00:00:00+08:00,0.9,synthetic,not_applicable,,team_generated,false,dev
EVT-N026-21,USER-N026,onboarding,2025-09-15T16:00:00Z,,,,0,completed,neutral,active,low,完成基础信息和学习约束录入,1.2.0,synthetic,true,SRC-SYNTH,2026-09-13T00:00:00+08:00,0.9,synthetic,not_applicable,,team_generated,false,dev
EVT-N026-22,USER-N026,skill_assessment,2025-10-02T16:00:00Z,SKILL-040,,,3,completed,positive,progressing,low,完成能力测评并生成可解释证据,1.2.0,synthetic,true,SRC-SYNTH,2026-09-13T00:00:00+08:00,0.9,synthetic,not_applicable,,team_generated,false,dev
EVT-N026-23,USER-N026,course_started,2025-10-19T16:00:00Z,SKILL-044,RES-0044,,0,completed,neutral,active,low,开始一项与目标能力相关的课程,1.2.0,synthetic,true,SRC-SYNTH,2026-09-13T00:00:00+08:00,0.9,synthetic,not_applicable,,team_generated,false,dev
EVT-N026-24,USER-N026,task_completed,2025-11-05T16:00:00Z,SKILL-048,RES-0168,,2,completed,positive,progressing,low,完成本周学习任务,1.2.0,synthetic,true,SRC-SYNTH,2026-09-13T00:00:00+08:00,0.9,synthetic,not_applicable,,team_generated,false,dev
EVT-N026-25,USER-N026,skill_practice,2025-11-22T16:00:00Z,SKILL-001,RES-0181,,2,completed,positive,progressing,low,完成技能练习并记录反思,1.2.0,synthetic,true,SRC-SYNTH,2026-09-13T00:00:00+08:00,0.9,synthetic,not_applicable,,team_generated,false,dev
EVT-N026-26,USER-N026,course_completed,2025-12-09T16:00:00Z,SKILL-011,RES-0544,,6,completed,positive,progressing,low,完成课程并提交学习总结,1.2.0,synthetic,true,SRC-SYNTH,2026-09-13T00:00:00+08:00,0.9,synthetic,not_applicable,,team_generated,false,dev
EVT-N026-27,USER-N026,project_started,2025-12-26T16:00:00Z,SKILL-014,RES-0427,,0,completed,neutral,active,low,启动实践项目并确认里程碑,1.2.0,synthetic,true,SRC-SYNTH,2026-09-13T00:00:00+08:00,0.9,synthetic,not_applicable,,team_generated,false,dev
EVT-N026-28,USER-N026,job_viewed,2026-01-12T16:00:00Z,,,JOB-DATA-0028,0,completed,neutral,active,low,查看目标岗位及能力要求,1.2.0,synthetic,true,SRC-SYNTH,2026-09-13T00:00:00+08:00,0.9,synthetic,not_applicable,,team_generated,false,dev
EVT-N026-29,USER-N026,feedback_submitted,2026-01-29T16:00:00Z,SKILL-044,,,0,completed,neutral,active,low,提交计划难度和推荐相关性反馈,1.2.0,synthetic,true,SRC-SYNTH,2026-09-13T00:00:00+08:00,0.9,synthetic,not_applicable,,team_generated,false,dev
EVT-N026-30,USER-N026,task_completed,2026-02-15T16:00:00Z,SKILL-048,RES-0108,,2,completed,positive,progressing,low,完成本周学习任务,1.2.0,synthetic,true,SRC-SYNTH,2026-09-13T00:00:00+08:00,0.9,synthetic,not_applicable,,team_generated,false,dev
EVT-N026-31,USER-N026,project_completed,2026-03-04T16:00:00Z,SKILL-001,RES-0121,,8,completed,positive,progressing,low,完成项目、说明文档和复盘,1.2.0,synthetic,true,SRC-SYNTH,2026-09-13T00:00:00+08:00,0.9,synthetic,not_applicable,,team_generated,false,dev
EVT-N026-32,USER-N026,profile_recalculated,2026-03-21T16:00:00Z,SKILL-011,,,0,completed,neutral,active,low,根据新证据重算画像与岗位匹配度,1.2.0,synthetic,true,SRC-SYNTH,2026-09-13T00:00:00+08:00,0.9,synthetic,not_applicable,,team_generated,false,dev
EVT-N026-33,USER-N026,job_saved,2026-04-07T16:00:00Z,,,JOB-DATA-0033,0,completed,neutral,active,low,收藏一个模拟目标岗位,1.2.0,synthetic,true,SRC-SYNTH,2026-09-13T00:00:00+08:00,0.9,synthetic,not_applicable,,team_generated,false,dev
EVT-N026-34,USER-N026,application_submitted,2026-04-24T16:00:00Z,,,JOB-DATA-0034,0,completed,neutral,active,low,向模拟岗位提交申请,1.2.0,synthetic,true,SRC-SYNTH,2026-09-13T00:00:00+08:00,0.9,synthetic,not_applicable,,team_generated,false,dev
EVT-N026-35,USER-N026,interview_result,2026-05-11T16:00:00Z,,,JOB-DATA-0035,0,completed,disappointed,active,low,记录模拟面试反馈,1.2.0,synthetic,true,SRC-SYNTH,2026-09-13T00:00:00+08:00,0.9,synthetic,not_applicable,,team_generated,false,dev
EVT-N026-36,USER-N026,plan_adjusted,2026-05-28T16:00:00Z,SKILL-048,,,0,completed,neutral,plan_rebalanced,low,根据时间和反馈调整学习计划,1.2.0,synthetic,true,SRC-SYNTH,2026-09-13T00:00:00+08:00,0.9,synthetic,not_applicable,,team_generated,false,dev
EVT-N026-37,USER-N026,skill_practice,2026-06-14T16:00:00Z,SKILL-001,RES-0541,,2,completed,positive,progressing,low,完成技能练习并记录反思,1.2.0,synthetic,true,SRC-SYNTH,2026-09-13T00:00:00+08:00,0.9,synthetic,not_applicable,,team_generated,false,dev
EVT-N026-38,USER-N026,inactivity,2026-07-01T16:00:00Z,SKILL-011,,,-4,attention_needed,frustrated,learning_stalled,medium,超过设定周期未产生学习证据，触发技能衰减,1.2.0,synthetic,true,SRC-SYNTH,2026-09-13T00:00:00+08:00,0.9,synthetic,not_applicable,,team_generated,false,dev
EVT-N026-39,USER-N026,reminder_response,2026-07-18T16:00:00Z,SKILL-014,,,0,completed,neutral,active,low,响应任务提醒并更新完成状态,1.2.0,synthetic,true,SRC-SYNTH,2026-09-13T00:00:00+08:00,0.9,synthetic,not_applicable,,team_generated,false,dev
EVT-N026-40,USER-N026,profile_recalculated,2026-08-04T16:00:00Z,SKILL-040,,,0,completed,neutral,active,low,根据新证据重算画像与岗位匹配度,1.2.0,synthetic,true,SRC-SYNTH,2026-09-13T00:00:00+08:00,0.9,synthetic,not_applicable,,team_generated,false,dev
EVT-N027-01,USER-N027,onboarding,2024-10-10T16:00:00Z,,,,0,completed,neutral,active,low,完成基础信息和学习约束录入,1.2.0,synthetic,true,SRC-SYNTH,2026-09-13T00:00:00+08:00,0.9,synthetic,not_applicable,,team_generated,false,dev
EVT-N027-02,USER-N027,skill_assessment,2024-10-27T16:00:00Z,SKILL-017,,,3,completed,positive,progressing,low,完成能力测评并生成可解释证据,1.2.0,synthetic,true,SRC-SYNTH,2026-09-13T00:00:00+08:00,0.9,synthetic,not_applicable,,team_generated,false,dev
EVT-N027-03,USER-N027,course_started,2024-11-13T16:00:00Z,SKILL-020,RES-0133,,0,completed,neutral,active,low,开始一项与目标能力相关的课程,1.2.0,synthetic,true,SRC-SYNTH,2026-09-13T00:00:00+08:00,0.9,synthetic,not_applicable,,team_generated,false,dev
EVT-N027-04,USER-N027,task_completed,2024-11-30T16:00:00Z,SKILL-023,RES-0023,,2,completed,positive,progressing,low,完成本周学习任务,1.2.0,synthetic,true,SRC-SYNTH,2026-09-13T00:00:00+08:00,0.9,synthetic,not_applicable,,team_generated,false,dev
EVT-N027-05,USER-N027,skill_practice,2024-12-17T16:00:00Z,SKILL-033,RES-0146,,2,completed,positive,progressing,low,完成技能练习并记录反思,1.2.0,synthetic,true,SRC-SYNTH,2026-09-13T00:00:00+08:00,0.9,synthetic,not_applicable,,team_generated,false,dev
EVT-N027-06,USER-N027,course_completed,2025-01-03T16:00:00Z,SKILL-058,RES-0404,,6,completed,positive,progressing,low,完成课程并提交学习总结,1.2.0,synthetic,true,SRC-SYNTH,2026-09-13T00:00:00+08:00,0.9,synthetic,not_applicable,,team_generated,false,dev
EVT-N027-07,USER-N027,project_started,2025-01-20T16:00:00Z,SKILL-002,RES-0175,,0,completed,neutral,active,low,启动实践项目并确认里程碑,1.2.0,synthetic,true,SRC-SYNTH,2026-09-13T00:00:00+08:00,0.9,synthetic,not_applicable,,team_generated,false,dev
EVT-N027-08,USER-N027,job_viewed,2025-02-06T16:00:00Z,,,JOB-AI-ALG-0087,0,completed,neutral,active,low,查看目标岗位及能力要求,1.2.0,synthetic,true,SRC-SYNTH,2026-09-13T00:00:00+08:00,0.9,synthetic,not_applicable,,team_generated,false,dev
EVT-N027-09,USER-N027,feedback_submitted,2025-02-23T16:00:00Z,SKILL-020,,,0,completed,neutral,active,low,提交计划难度和推荐相关性反馈,1.2.0,synthetic,true,SRC-SYNTH,2026-09-13T00:00:00+08:00,0.9,synthetic,not_applicable,,team_generated,false,dev
EVT-N027-10,USER-N027,task_completed,2025-03-12T16:00:00Z,SKILL-023,RES-0203,,2,completed,positive,progressing,low,完成本周学习任务,1.2.0,synthetic,true,SRC-SYNTH,2026-09-13T00:00:00+08:00,0.9,synthetic,not_applicable,,team_generated,false,dev
EVT-N027-11,USER-N027,project_completed,2025-03-29T16:00:00Z,SKILL-033,RES-0153,,8,completed,positive,progressing,low,完成项目、说明文档和复盘,1.2.0,synthetic,true,SRC-SYNTH,2026-09-13T00:00:00+08:00,0.9,synthetic,not_applicable,,team_generated,false,dev
EVT-N027-12,USER-N027,profile_recalculated,2025-04-15T16:00:00Z,SKILL-058,,,0,completed,neutral,active,low,根据新证据重算画像与岗位匹配度,1.2.0,synthetic,true,SRC-SYNTH,2026-09-13T00:00:00+08:00,0.9,synthetic,not_applicable,,team_generated,false,dev
EVT-N027-13,USER-N027,job_saved,2025-05-02T16:00:00Z,,,JOB-AI-ALG-0013,0,completed,neutral,active,low,收藏一个模拟目标岗位,1.2.0,synthetic,true,SRC-SYNTH,2026-09-13T00:00:00+08:00,0.9,synthetic,not_applicable,,team_generated,false,dev
EVT-N027-14,USER-N027,application_submitted,2025-05-19T16:00:00Z,,,JOB-AI-ALG-0014,0,completed,neutral,active,low,向模拟岗位提交申请,1.2.0,synthetic,true,SRC-SYNTH,2026-09-13T00:00:00+08:00,0.9,synthetic,not_applicable,,team_generated,false,dev
EVT-N027-15,USER-N027,interview_result,2025-06-05T16:00:00Z,,,JOB-AI-ALG-0015,0,completed,disappointed,active,low,记录模拟面试反馈,1.2.0,synthetic,true,SRC-SYNTH,2026-09-13T00:00:00+08:00,0.9,synthetic,not_applicable,,team_generated,false,dev
EVT-N027-16,USER-N027,plan_adjusted,2025-06-22T16:00:00Z,SKILL-023,,,0,completed,neutral,plan_rebalanced,low,根据时间和反馈调整学习计划,1.2.0,synthetic,true,SRC-SYNTH,2026-09-13T00:00:00+08:00,0.9,synthetic,not_applicable,,team_generated,false,dev
EVT-N027-17,USER-N027,skill_practice,2025-07-09T16:00:00Z,SKILL-033,RES-0146,,2,completed,positive,progressing,low,完成技能练习并记录反思,1.2.0,synthetic,true,SRC-SYNTH,2026-09-13T00:00:00+08:00,0.9,synthetic,not_applicable,,team_generated,false,dev
EVT-N027-18,USER-N027,inactivity,2025-07-26T16:00:00Z,SKILL-058,,,-4,attention_needed,frustrated,learning_stalled,medium,超过设定周期未产生学习证据，触发技能衰减,1.2.0,synthetic,true,SRC-SYNTH,2026-09-13T00:00:00+08:00,0.9,synthetic,not_applicable,,team_generated,false,dev
EVT-N027-19,USER-N027,reminder_response,2025-08-12T16:00:00Z,SKILL-002,,,0,completed,neutral,active,low,响应任务提醒并更新完成状态,1.2.0,synthetic,true,SRC-SYNTH,2026-09-13T00:00:00+08:00,0.9,synthetic,not_applicable,,team_generated,false,dev
EVT-N027-20,USER-N027,profile_recalculated,2025-08-29T16:00:00Z,SKILL-017,,,0,completed,neutral,active,low,根据新证据重算画像与岗位匹配度,1.2.0,synthetic,true,SRC-SYNTH,2026-09-13T00:00:00+08:00,0.9,synthetic,not_applicable,,team_generated,false,dev
EVT-N027-21,USER-N027,onboarding,2025-09-15T16:00:00Z,,,,0,completed,neutral,active,low,完成基础信息和学习约束录入,1.2.0,synthetic,true,SRC-SYNTH,2026-09-13T00:00:00+08:00,0.9,synthetic,not_applicable,,team_generated,false,dev
EVT-N027-22,USER-N027,skill_assessment,2025-10-02T16:00:00Z,SKILL-023,,,3,completed,positive,progressing,low,完成能力测评并生成可解释证据,1.2.0,synthetic,true,SRC-SYNTH,2026-09-13T00:00:00+08:00,0.9,synthetic,not_applicable,,team_generated,false,dev
EVT-N027-23,USER-N027,course_started,2025-10-19T16:00:00Z,SKILL-033,RES-0033,,0,completed,neutral,active,low,开始一项与目标能力相关的课程,1.2.0,synthetic,true,SRC-SYNTH,2026-09-13T00:00:00+08:00,0.9,synthetic,not_applicable,,team_generated,false,dev
EVT-N027-24,USER-N027,task_completed,2025-11-05T16:00:00Z,SKILL-058,RES-0178,,2,completed,positive,progressing,low,完成本周学习任务,1.2.0,synthetic,true,SRC-SYNTH,2026-09-13T00:00:00+08:00,0.9,synthetic,not_applicable,,team_generated,false,dev
EVT-N027-25,USER-N027,skill_practice,2025-11-22T16:00:00Z,SKILL-002,RES-0001,,2,completed,positive,progressing,low,完成技能练习并记录反思,1.2.0,synthetic,true,SRC-SYNTH,2026-09-13T00:00:00+08:00,0.9,synthetic,not_applicable,,team_generated,false,dev
EVT-N027-26,USER-N027,course_completed,2025-12-09T16:00:00Z,SKILL-017,RES-0137,,6,completed,positive,progressing,low,完成课程并提交学习总结,1.2.0,synthetic,true,SRC-SYNTH,2026-09-13T00:00:00+08:00,0.9,synthetic,not_applicable,,team_generated,false,dev
EVT-N027-27,USER-N027,project_started,2025-12-26T16:00:00Z,SKILL-020,RES-0440,,0,completed,neutral,active,low,启动实践项目并确认里程碑,1.2.0,synthetic,true,SRC-SYNTH,2026-09-13T00:00:00+08:00,0.9,synthetic,not_applicable,,team_generated,false,dev
EVT-N027-28,USER-N027,job_viewed,2026-01-12T16:00:00Z,,,JOB-AI-ALG-0028,0,completed,neutral,active,low,查看目标岗位及能力要求,1.2.0,synthetic,true,SRC-SYNTH,2026-09-13T00:00:00+08:00,0.9,synthetic,not_applicable,,team_generated,false,dev
EVT-N027-29,USER-N027,feedback_submitted,2026-01-29T16:00:00Z,SKILL-033,,,0,completed,neutral,active,low,提交计划难度和推荐相关性反馈,1.2.0,synthetic,true,SRC-SYNTH,2026-09-13T00:00:00+08:00,0.9,synthetic,not_applicable,,team_generated,false,dev
EVT-N027-30,USER-N027,task_completed,2026-02-15T16:00:00Z,SKILL-058,RES-0178,,2,completed,positive,progressing,low,完成本周学习任务,1.2.0,synthetic,true,SRC-SYNTH,2026-09-13T00:00:00+08:00,0.9,synthetic,not_applicable,,team_generated,false,dev
EVT-N027-31,USER-N027,project_completed,2026-03-04T16:00:00Z,SKILL-002,RES-0422,,8,completed,positive,progressing,low,完成项目、说明文档和复盘,1.2.0,synthetic,true,SRC-SYNTH,2026-09-13T00:00:00+08:00,0.9,synthetic,not_applicable,,team_generated,false,dev
EVT-N027-32,USER-N027,profile_recalculated,2026-03-21T16:00:00Z,SKILL-017,,,0,completed,neutral,active,low,根据新证据重算画像与岗位匹配度,1.2.0,synthetic,true,SRC-SYNTH,2026-09-13T00:00:00+08:00,0.9,synthetic,not_applicable,,team_generated,false,dev
EVT-N027-33,USER-N027,job_saved,2026-04-07T16:00:00Z,,,JOB-AI-ALG-0033,0,completed,neutral,active,low,收藏一个模拟目标岗位,1.2.0,synthetic,true,SRC-SYNTH,2026-09-13T00:00:00+08:00,0.9,synthetic,not_applicable,,team_generated,false,dev
EVT-N027-34,USER-N027,application_submitted,2026-04-24T16:00:00Z,,,JOB-AI-ALG-0034,0,completed,neutral,active,low,向模拟岗位提交申请,1.2.0,synthetic,true,SRC-SYNTH,2026-09-13T00:00:00+08:00,0.9,synthetic,not_applicable,,team_generated,false,dev
EVT-N027-35,USER-N027,interview_result,2026-05-11T16:00:00Z,,,JOB-AI-ALG-0035,0,completed,disappointed,active,low,记录模拟面试反馈,1.2.0,synthetic,true,SRC-SYNTH,2026-09-13T00:00:00+08:00,0.9,synthetic,not_applicable,,team_generated,false,dev
EVT-N027-36,USER-N027,plan_adjusted,2026-05-28T16:00:00Z,SKILL-058,,,0,completed,neutral,plan_rebalanced,low,根据时间和反馈调整学习计划,1.2.0,synthetic,true,SRC-SYNTH,2026-09-13T00:00:00+08:00,0.9,synthetic,not_applicable,,team_generated,false,dev
EVT-N027-37,USER-N027,skill_practice,2026-06-14T16:00:00Z,SKILL-002,RES-0422,,2,completed,positive,progressing,low,完成技能练习并记录反思,1.2.0,synthetic,true,SRC-SYNTH,2026-09-13T00:00:00+08:00,0.9,synthetic,not_applicable,,team_generated,false,dev
EVT-N027-38,USER-N027,inactivity,2026-07-01T16:00:00Z,SKILL-017,,,-4,attention_needed,frustrated,learning_stalled,medium,超过设定周期未产生学习证据，触发技能衰减,1.2.0,synthetic,true,SRC-SYNTH,2026-09-13T00:00:00+08:00,0.9,synthetic,not_applicable,,team_generated,false,dev
EVT-N027-39,USER-N027,reminder_response,2026-07-18T16:00:00Z,SKILL-020,,,0,completed,neutral,active,low,响应任务提醒并更新完成状态,1.2.0,synthetic,true,SRC-SYNTH,2026-09-13T00:00:00+08:00,0.9,synthetic,not_applicable,,team_generated,false,dev
EVT-N027-40,USER-N027,profile_recalculated,2026-08-04T16:00:00Z,SKILL-023,,,0,completed,neutral,active,low,根据新证据重算画像与岗位匹配度,1.2.0,synthetic,true,SRC-SYNTH,2026-09-13T00:00:00+08:00,0.9,synthetic,not_applicable,,team_generated,false,dev
EVT-N028-01,USER-N028,onboarding,2024-10-10T16:00:00Z,,,,0,completed,neutral,active,low,完成基础信息和学习约束录入,1.2.0,synthetic,true,SRC-SYNTH,2026-09-13T00:00:00+08:00,0.9,synthetic,not_applicable,,team_generated,false,dev
EVT-N028-02,USER-N028,skill_assessment,2024-10-27T16:00:00Z,SKILL-026,,,3,completed,positive,progressing,low,完成能力测评并生成可解释证据,1.2.0,synthetic,true,SRC-SYNTH,2026-09-13T00:00:00+08:00,0.9,synthetic,not_applicable,,team_generated,false,dev
EVT-N028-03,USER-N028,course_started,2024-11-13T16:00:00Z,SKILL-029,RES-0011,,0,completed,neutral,active,low,开始一项与目标能力相关的课程,1.2.0,synthetic,true,SRC-SYNTH,2026-09-13T00:00:00+08:00,0.9,synthetic,not_applicable,,team_generated,false,dev
EVT-N028-04,USER-N028,task_completed,2024-11-30T16:00:00Z,SKILL-035,RES-0155,,2,completed,positive,progressing,low,完成本周学习任务,1.2.0,synthetic,true,SRC-SYNTH,2026-09-13T00:00:00+08:00,0.9,synthetic,not_applicable,,team_generated,false,dev
EVT-N028-05,USER-N028,skill_practice,2024-12-17T16:00:00Z,SKILL-038,RES-0151,,2,completed,positive,progressing,low,完成技能练习并记录反思,1.2.0,synthetic,true,SRC-SYNTH,2026-09-13T00:00:00+08:00,0.9,synthetic,not_applicable,,team_generated,false,dev
EVT-N028-06,USER-N028,course_completed,2025-01-03T16:00:00Z,SKILL-050,RES-0170,,6,completed,positive,progressing,low,完成课程并提交学习总结,1.2.0,synthetic,true,SRC-SYNTH,2026-09-13T00:00:00+08:00,0.9,synthetic,not_applicable,,team_generated,false,dev
EVT-N028-07,USER-N028,project_started,2025-01-20T16:00:00Z,SKILL-008,RES-0541,,0,completed,neutral,active,low,启动实践项目并确认里程碑,1.2.0,synthetic,true,SRC-SYNTH,2026-09-13T00:00:00+08:00,0.9,synthetic,not_applicable,,team_generated,false,dev
EVT-N028-08,USER-N028,job_viewed,2025-02-06T16:00:00Z,,,JOB-AI-APP-0087,0,completed,neutral,active,low,查看目标岗位及能力要求,1.2.0,synthetic,true,SRC-SYNTH,2026-09-13T00:00:00+08:00,0.9,synthetic,not_applicable,,team_generated,false,dev
EVT-N028-09,USER-N028,feedback_submitted,2025-02-23T16:00:00Z,SKILL-029,,,0,completed,neutral,active,low,提交计划难度和推荐相关性反馈,1.2.0,synthetic,true,SRC-SYNTH,2026-09-13T00:00:00+08:00,0.9,synthetic,not_applicable,,team_generated,false,dev
EVT-N028-10,USER-N028,task_completed,2025-03-12T16:00:00Z,SKILL-035,RES-0035,,2,completed,positive,progressing,low,完成本周学习任务,1.2.0,synthetic,true,SRC-SYNTH,2026-09-13T00:00:00+08:00,0.9,synthetic,not_applicable,,team_generated,false,dev
EVT-N028-11,USER-N028,project_completed,2025-03-29T16:00:00Z,SKILL-038,RES-0031,,8,completed,positive,progressing,low,完成项目、说明文档和复盘,1.2.0,synthetic,true,SRC-SYNTH,2026-09-13T00:00:00+08:00,0.9,synthetic,not_applicable,,team_generated,false,dev
EVT-N028-12,USER-N028,profile_recalculated,2025-04-15T16:00:00Z,SKILL-050,,,0,completed,neutral,active,low,根据新证据重算画像与岗位匹配度,1.2.0,synthetic,true,SRC-SYNTH,2026-09-13T00:00:00+08:00,0.9,synthetic,not_applicable,,team_generated,false,dev
EVT-N028-13,USER-N028,job_saved,2025-05-02T16:00:00Z,,,JOB-AI-APP-0013,0,completed,neutral,active,low,收藏一个模拟目标岗位,1.2.0,synthetic,true,SRC-SYNTH,2026-09-13T00:00:00+08:00,0.9,synthetic,not_applicable,,team_generated,false,dev
EVT-N028-14,USER-N028,application_submitted,2025-05-19T16:00:00Z,,,JOB-AI-APP-0014,0,completed,neutral,active,low,向模拟岗位提交申请,1.2.0,synthetic,true,SRC-SYNTH,2026-09-13T00:00:00+08:00,0.9,synthetic,not_applicable,,team_generated,false,dev
EVT-N028-15,USER-N028,interview_result,2025-06-05T16:00:00Z,,,JOB-AI-APP-0015,0,completed,disappointed,active,low,记录模拟面试反馈,1.2.0,synthetic,true,SRC-SYNTH,2026-09-13T00:00:00+08:00,0.9,synthetic,not_applicable,,team_generated,false,dev
EVT-N028-16,USER-N028,plan_adjusted,2025-06-22T16:00:00Z,SKILL-035,,,0,completed,neutral,plan_rebalanced,low,根据时间和反馈调整学习计划,1.2.0,synthetic,true,SRC-SYNTH,2026-09-13T00:00:00+08:00,0.9,synthetic,not_applicable,,team_generated,false,dev
EVT-N028-17,USER-N028,skill_practice,2025-07-09T16:00:00Z,SKILL-038,RES-0038,,2,completed,positive,progressing,low,完成技能练习并记录反思,1.2.0,synthetic,true,SRC-SYNTH,2026-09-13T00:00:00+08:00,0.9,synthetic,not_applicable,,team_generated,false,dev
EVT-N028-18,USER-N028,inactivity,2025-07-26T16:00:00Z,SKILL-050,,,-4,attention_needed,frustrated,learning_stalled,medium,超过设定周期未产生学习证据，触发技能衰减,1.2.0,synthetic,true,SRC-SYNTH,2026-09-13T00:00:00+08:00,0.9,synthetic,not_applicable,,team_generated,false,dev
EVT-N028-19,USER-N028,reminder_response,2025-08-12T16:00:00Z,SKILL-008,,,0,completed,neutral,active,low,响应任务提醒并更新完成状态,1.2.0,synthetic,true,SRC-SYNTH,2026-09-13T00:00:00+08:00,0.9,synthetic,not_applicable,,team_generated,false,dev
EVT-N028-20,USER-N028,profile_recalculated,2025-08-29T16:00:00Z,SKILL-026,,,0,completed,neutral,active,low,根据新证据重算画像与岗位匹配度,1.2.0,synthetic,true,SRC-SYNTH,2026-09-13T00:00:00+08:00,0.9,synthetic,not_applicable,,team_generated,false,dev
EVT-N028-21,USER-N028,onboarding,2025-09-15T16:00:00Z,,,,0,completed,neutral,active,low,完成基础信息和学习约束录入,1.2.0,synthetic,true,SRC-SYNTH,2026-09-13T00:00:00+08:00,0.9,synthetic,not_applicable,,team_generated,false,dev
EVT-N028-22,USER-N028,skill_assessment,2025-10-02T16:00:00Z,SKILL-035,,,3,completed,positive,progressing,low,完成能力测评并生成可解释证据,1.2.0,synthetic,true,SRC-SYNTH,2026-09-13T00:00:00+08:00,0.9,synthetic,not_applicable,,team_generated,false,dev
EVT-N028-23,USER-N028,course_started,2025-10-19T16:00:00Z,SKILL-038,RES-0151,,0,completed,neutral,active,low,开始一项与目标能力相关的课程,1.2.0,synthetic,true,SRC-SYNTH,2026-09-13T00:00:00+08:00,0.9,synthetic,not_applicable,,team_generated,false,dev
EVT-N028-24,USER-N028,task_completed,2025-11-05T16:00:00Z,SKILL-050,RES-0170,,2,completed,positive,progressing,low,完成本周学习任务,1.2.0,synthetic,true,SRC-SYNTH,2026-09-13T00:00:00+08:00,0.9,synthetic,not_applicable,,team_generated,false,dev
EVT-N028-25,USER-N028,skill_practice,2025-11-22T16:00:00Z,SKILL-008,RES-0121,,2,completed,positive,progressing,low,完成技能练习并记录反思,1.2.0,synthetic,true,SRC-SYNTH,2026-09-13T00:00:00+08:00,0.9,synthetic,not_applicable,,team_generated,false,dev
EVT-N028-26,USER-N028,course_completed,2025-12-09T16:00:00Z,SKILL-026,RES-0446,,6,completed,positive,progressing,low,完成课程并提交学习总结,1.2.0,synthetic,true,SRC-SYNTH,2026-09-13T00:00:00+08:00,0.9,synthetic,not_applicable,,team_generated,false,dev
EVT-N028-27,USER-N028,project_started,2025-12-26T16:00:00Z,SKILL-029,RES-0149,,0,completed,neutral,active,low,启动实践项目并确认里程碑,1.2.0,synthetic,true,SRC-SYNTH,2026-09-13T00:00:00+08:00,0.9,synthetic,not_applicable,,team_generated,false,dev
EVT-N028-28,USER-N028,job_viewed,2026-01-12T16:00:00Z,,,JOB-AI-APP-0028,0,completed,neutral,active,low,查看目标岗位及能力要求,1.2.0,synthetic,true,SRC-SYNTH,2026-09-13T00:00:00+08:00,0.9,synthetic,not_applicable,,team_generated,false,dev
EVT-N028-29,USER-N028,feedback_submitted,2026-01-29T16:00:00Z,SKILL-038,,,0,completed,neutral,active,low,提交计划难度和推荐相关性反馈,1.2.0,synthetic,true,SRC-SYNTH,2026-09-13T00:00:00+08:00,0.9,synthetic,not_applicable,,team_generated,false,dev
EVT-N028-30,USER-N028,task_completed,2026-02-15T16:00:00Z,SKILL-050,RES-0170,,2,completed,positive,progressing,low,完成本周学习任务,1.2.0,synthetic,true,SRC-SYNTH,2026-09-13T00:00:00+08:00,0.9,synthetic,not_applicable,,team_generated,false,dev
EVT-N028-31,USER-N028,project_completed,2026-03-04T16:00:00Z,SKILL-008,RES-0421,,8,completed,positive,progressing,low,完成项目、说明文档和复盘,1.2.0,synthetic,true,SRC-SYNTH,2026-09-13T00:00:00+08:00,0.9,synthetic,not_applicable,,team_generated,false,dev
EVT-N028-32,USER-N028,profile_recalculated,2026-03-21T16:00:00Z,SKILL-026,,,0,completed,neutral,active,low,根据新证据重算画像与岗位匹配度,1.2.0,synthetic,true,SRC-SYNTH,2026-09-13T00:00:00+08:00,0.9,synthetic,not_applicable,,team_generated,false,dev
EVT-N028-33,USER-N028,job_saved,2026-04-07T16:00:00Z,,,JOB-AI-APP-0033,0,completed,neutral,active,low,收藏一个模拟目标岗位,1.2.0,synthetic,true,SRC-SYNTH,2026-09-13T00:00:00+08:00,0.9,synthetic,not_applicable,,team_generated,false,dev
EVT-N028-34,USER-N028,application_submitted,2026-04-24T16:00:00Z,,,JOB-AI-APP-0034,0,completed,neutral,active,low,向模拟岗位提交申请,1.2.0,synthetic,true,SRC-SYNTH,2026-09-13T00:00:00+08:00,0.9,synthetic,not_applicable,,team_generated,false,dev
EVT-N028-35,USER-N028,interview_result,2026-05-11T16:00:00Z,,,JOB-AI-APP-0035,0,completed,disappointed,active,low,记录模拟面试反馈,1.2.0,synthetic,true,SRC-SYNTH,2026-09-13T00:00:00+08:00,0.9,synthetic,not_applicable,,team_generated,false,dev
EVT-N028-36,USER-N028,plan_adjusted,2026-05-28T16:00:00Z,SKILL-050,,,0,completed,neutral,plan_rebalanced,low,根据时间和反馈调整学习计划,1.2.0,synthetic,true,SRC-SYNTH,2026-09-13T00:00:00+08:00,0.9,synthetic,not_applicable,,team_generated,false,dev
EVT-N028-37,USER-N028,skill_practice,2026-06-14T16:00:00Z,SKILL-008,RES-0421,,2,completed,positive,progressing,low,完成技能练习并记录反思,1.2.0,synthetic,true,SRC-SYNTH,2026-09-13T00:00:00+08:00,0.9,synthetic,not_applicable,,team_generated,false,dev
EVT-N028-38,USER-N028,inactivity,2026-07-01T16:00:00Z,SKILL-026,,,-4,attention_needed,frustrated,learning_stalled,medium,超过设定周期未产生学习证据，触发技能衰减,1.2.0,synthetic,true,SRC-SYNTH,2026-09-13T00:00:00+08:00,0.9,synthetic,not_applicable,,team_generated,false,dev
EVT-N028-39,USER-N028,reminder_response,2026-07-18T16:00:00Z,SKILL-029,,,0,completed,neutral,active,low,响应任务提醒并更新完成状态,1.2.0,synthetic,true,SRC-SYNTH,2026-09-13T00:00:00+08:00,0.9,synthetic,not_applicable,,team_generated,false,dev
EVT-N028-40,USER-N028,profile_recalculated,2026-08-04T16:00:00Z,SKILL-035,,,0,completed,neutral,active,low,根据新证据重算画像与岗位匹配度,1.2.0,synthetic,true,SRC-SYNTH,2026-09-13T00:00:00+08:00,0.9,synthetic,not_applicable,,team_generated,false,dev
EVT-N029-01,USER-N029,onboarding,2024-10-10T16:00:00Z,,,,0,completed,neutral,active,low,完成基础信息和学习约束录入,1.2.0,synthetic,true,SRC-SYNTH,2026-09-13T00:00:00+08:00,0.9,synthetic,not_applicable,,team_generated,false,dev
EVT-N029-02,USER-N029,skill_assessment,2024-10-27T16:00:00Z,SKILL-014,,,3,completed,positive,progressing,low,完成能力测评并生成可解释证据,1.2.0,synthetic,true,SRC-SYNTH,2026-09-13T00:00:00+08:00,0.9,synthetic,not_applicable,,team_generated,false,dev
EVT-N029-03,USER-N029,course_started,2024-11-13T16:00:00Z,SKILL-040,RES-0040,,0,completed,neutral,active,low,开始一项与目标能力相关的课程,1.2.0,synthetic,true,SRC-SYNTH,2026-09-13T00:00:00+08:00,0.9,synthetic,not_applicable,,team_generated,false,dev
EVT-N029-04,USER-N029,task_completed,2024-11-30T16:00:00Z,SKILL-044,RES-0164,,2,completed,positive,progressing,low,完成本周学习任务,1.2.0,synthetic,true,SRC-SYNTH,2026-09-13T00:00:00+08:00,0.9,synthetic,not_applicable,,team_generated,false,dev
EVT-N029-05,USER-N029,skill_practice,2024-12-17T16:00:00Z,SKILL-048,RES-0108,,2,completed,positive,progressing,low,完成技能练习并记录反思,1.2.0,synthetic,true,SRC-SYNTH,2026-09-13T00:00:00+08:00,0.9,synthetic,not_applicable,,team_generated,false,dev
EVT-N029-06,USER-N029,course_completed,2025-01-03T16:00:00Z,SKILL-001,RES-0181,,6,completed,positive,progressing,low,完成课程并提交学习总结,1.2.0,synthetic,true,SRC-SYNTH,2026-09-13T00:00:00+08:00,0.9,synthetic,not_applicable,,team_generated,false,dev
EVT-N029-07,USER-N029,project_started,2025-01-20T16:00:00Z,SKILL-011,RES-0431,,0,completed,neutral,active,low,启动实践项目并确认里程碑,1.2.0,synthetic,true,SRC-SYNTH,2026-09-13T00:00:00+08:00,0.9,synthetic,not_applicable,,team_generated,false,dev
EVT-N029-08,USER-N029,job_viewed,2025-02-06T16:00:00Z,,,JOB-DATA-0087,0,completed,neutral,active,low,查看目标岗位及能力要求,1.2.0,synthetic,true,SRC-SYNTH,2026-09-13T00:00:00+08:00,0.9,synthetic,not_applicable,,team_generated,false,dev
EVT-N029-09,USER-N029,feedback_submitted,2025-02-23T16:00:00Z,SKILL-040,,,0,completed,neutral,active,low,提交计划难度和推荐相关性反馈,1.2.0,synthetic,true,SRC-SYNTH,2026-09-13T00:00:00+08:00,0.9,synthetic,not_applicable,,team_generated,false,dev
EVT-N029-10,USER-N029,task_completed,2025-03-12T16:00:00Z,SKILL-044,RES-0157,,2,completed,positive,progressing,low,完成本周学习任务,1.2.0,synthetic,true,SRC-SYNTH,2026-09-13T00:00:00+08:00,0.9,synthetic,not_applicable,,team_generated,false,dev
EVT-N029-11,USER-N029,project_completed,2025-03-29T16:00:00Z,SKILL-048,RES-0161,,8,completed,positive,progressing,low,完成项目、说明文档和复盘,1.2.0,synthetic,true,SRC-SYNTH,2026-09-13T00:00:00+08:00,0.9,synthetic,not_applicable,,team_generated,false,dev
EVT-N029-12,USER-N029,profile_recalculated,2025-04-15T16:00:00Z,SKILL-001,,,0,completed,neutral,active,low,根据新证据重算画像与岗位匹配度,1.2.0,synthetic,true,SRC-SYNTH,2026-09-13T00:00:00+08:00,0.9,synthetic,not_applicable,,team_generated,false,dev
EVT-N029-13,USER-N029,job_saved,2025-05-02T16:00:00Z,,,JOB-DATA-0013,0,completed,neutral,active,low,收藏一个模拟目标岗位,1.2.0,synthetic,true,SRC-SYNTH,2026-09-13T00:00:00+08:00,0.9,synthetic,not_applicable,,team_generated,false,dev
EVT-N029-14,USER-N029,application_submitted,2025-05-19T16:00:00Z,,,JOB-DATA-0014,0,completed,neutral,active,low,向模拟岗位提交申请,1.2.0,synthetic,true,SRC-SYNTH,2026-09-13T00:00:00+08:00,0.9,synthetic,not_applicable,,team_generated,false,dev
EVT-N029-15,USER-N029,interview_result,2025-06-05T16:00:00Z,,,JOB-DATA-0015,0,completed,disappointed,active,low,记录模拟面试反馈,1.2.0,synthetic,true,SRC-SYNTH,2026-09-13T00:00:00+08:00,0.9,synthetic,not_applicable,,team_generated,false,dev
EVT-N029-16,USER-N029,plan_adjusted,2025-06-22T16:00:00Z,SKILL-044,,,0,completed,neutral,plan_rebalanced,low,根据时间和反馈调整学习计划,1.2.0,synthetic,true,SRC-SYNTH,2026-09-13T00:00:00+08:00,0.9,synthetic,not_applicable,,team_generated,false,dev
EVT-N029-17,USER-N029,skill_practice,2025-07-09T16:00:00Z,SKILL-048,RES-0041,,2,completed,positive,progressing,low,完成技能练习并记录反思,1.2.0,synthetic,true,SRC-SYNTH,2026-09-13T00:00:00+08:00,0.9,synthetic,not_applicable,,team_generated,false,dev
EVT-N029-18,USER-N029,inactivity,2025-07-26T16:00:00Z,SKILL-001,,,-4,attention_needed,frustrated,learning_stalled,medium,超过设定周期未产生学习证据，触发技能衰减,1.2.0,synthetic,true,SRC-SYNTH,2026-09-13T00:00:00+08:00,0.9,synthetic,not_applicable,,team_generated,false,dev
EVT-N029-19,USER-N029,reminder_response,2025-08-12T16:00:00Z,SKILL-011,,,0,completed,neutral,active,low,响应任务提醒并更新完成状态,1.2.0,synthetic,true,SRC-SYNTH,2026-09-13T00:00:00+08:00,0.9,synthetic,not_applicable,,team_generated,false,dev
EVT-N029-20,USER-N029,profile_recalculated,2025-08-29T16:00:00Z,SKILL-014,,,0,completed,neutral,active,low,根据新证据重算画像与岗位匹配度,1.2.0,synthetic,true,SRC-SYNTH,2026-09-13T00:00:00+08:00,0.9,synthetic,not_applicable,,team_generated,false,dev
EVT-N029-21,USER-N029,onboarding,2025-09-15T16:00:00Z,,,,0,completed,neutral,active,low,完成基础信息和学习约束录入,1.2.0,synthetic,true,SRC-SYNTH,2026-09-13T00:00:00+08:00,0.9,synthetic,not_applicable,,team_generated,false,dev
EVT-N029-22,USER-N029,skill_assessment,2025-10-02T16:00:00Z,SKILL-044,,,3,completed,positive,progressing,low,完成能力测评并生成可解释证据,1.2.0,synthetic,true,SRC-SYNTH,2026-09-13T00:00:00+08:00,0.9,synthetic,not_applicable,,team_generated,false,dev
EVT-N029-23,USER-N029,course_started,2025-10-19T16:00:00Z,SKILL-048,RES-0041,,0,completed,neutral,active,low,开始一项与目标能力相关的课程,1.2.0,synthetic,true,SRC-SYNTH,2026-09-13T00:00:00+08:00,0.9,synthetic,not_applicable,,team_generated,false,dev
EVT-N029-24,USER-N029,task_completed,2025-11-05T16:00:00Z,SKILL-001,RES-0167,,2,completed,positive,progressing,low,完成本周学习任务,1.2.0,synthetic,true,SRC-SYNTH,2026-09-13T00:00:00+08:00,0.9,synthetic,not_applicable,,team_generated,false,dev
EVT-N029-25,USER-N029,skill_practice,2025-11-22T16:00:00Z,SKILL-011,RES-0431,,2,completed,positive,progressing,low,完成技能练习并记录反思,1.2.0,synthetic,true,SRC-SYNTH,2026-09-13T00:00:00+08:00,0.9,synthetic,not_applicable,,team_generated,false,dev
EVT-N029-26,USER-N029,course_completed,2025-12-09T16:00:00Z,SKILL-014,RES-0367,,6,completed,positive,progressing,low,完成课程并提交学习总结,1.2.0,synthetic,true,SRC-SYNTH,2026-09-13T00:00:00+08:00,0.9,synthetic,not_applicable,,team_generated,false,dev
EVT-N029-27,USER-N029,project_started,2025-12-26T16:00:00Z,SKILL-040,RES-0146,,0,completed,neutral,active,low,启动实践项目并确认里程碑,1.2.0,synthetic,true,SRC-SYNTH,2026-09-13T00:00:00+08:00,0.9,synthetic,not_applicable,,team_generated,false,dev
EVT-N029-28,USER-N029,job_viewed,2026-01-12T16:00:00Z,,,JOB-DATA-0028,0,completed,neutral,active,low,查看目标岗位及能力要求,1.2.0,synthetic,true,SRC-SYNTH,2026-09-13T00:00:00+08:00,0.9,synthetic,not_applicable,,team_generated,false,dev
EVT-N029-29,USER-N029,feedback_submitted,2026-01-29T16:00:00Z,SKILL-048,,,0,completed,neutral,active,low,提交计划难度和推荐相关性反馈,1.2.0,synthetic,true,SRC-SYNTH,2026-09-13T00:00:00+08:00,0.9,synthetic,not_applicable,,team_generated,false,dev
EVT-N029-30,USER-N029,task_completed,2026-02-15T16:00:00Z,SKILL-001,RES-0541,,2,completed,positive,progressing,low,完成本周学习任务,1.2.0,synthetic,true,SRC-SYNTH,2026-09-13T00:00:00+08:00,0.9,synthetic,not_applicable,,team_generated,false,dev
EVT-N029-31,USER-N029,project_completed,2026-03-04T16:00:00Z,SKILL-011,RES-0424,,8,completed,positive,progressing,low,完成项目、说明文档和复盘,1.2.0,synthetic,true,SRC-SYNTH,2026-09-13T00:00:00+08:00,0.9,synthetic,not_applicable,,team_generated,false,dev
EVT-N029-32,USER-N029,profile_recalculated,2026-03-21T16:00:00Z,SKILL-014,,,0,completed,neutral,active,low,根据新证据重算画像与岗位匹配度,1.2.0,synthetic,true,SRC-SYNTH,2026-09-13T00:00:00+08:00,0.9,synthetic,not_applicable,,team_generated,false,dev
EVT-N029-33,USER-N029,job_saved,2026-04-07T16:00:00Z,,,JOB-DATA-0033,0,completed,neutral,active,low,收藏一个模拟目标岗位,1.2.0,synthetic,true,SRC-SYNTH,2026-09-13T00:00:00+08:00,0.9,synthetic,not_applicable,,team_generated,false,dev
EVT-N029-34,USER-N029,application_submitted,2026-04-24T16:00:00Z,,,JOB-DATA-0034,0,completed,neutral,active,low,向模拟岗位提交申请,1.2.0,synthetic,true,SRC-SYNTH,2026-09-13T00:00:00+08:00,0.9,synthetic,not_applicable,,team_generated,false,dev
EVT-N029-35,USER-N029,interview_result,2026-05-11T16:00:00Z,,,JOB-DATA-0035,0,completed,disappointed,active,low,记录模拟面试反馈,1.2.0,synthetic,true,SRC-SYNTH,2026-09-13T00:00:00+08:00,0.9,synthetic,not_applicable,,team_generated,false,dev
EVT-N029-36,USER-N029,plan_adjusted,2026-05-28T16:00:00Z,SKILL-001,,,0,completed,neutral,plan_rebalanced,low,根据时间和反馈调整学习计划,1.2.0,synthetic,true,SRC-SYNTH,2026-09-13T00:00:00+08:00,0.9,synthetic,not_applicable,,team_generated,false,dev
EVT-N029-37,USER-N029,skill_practice,2026-06-14T16:00:00Z,SKILL-011,RES-0071,,2,completed,positive,progressing,low,完成技能练习并记录反思,1.2.0,synthetic,true,SRC-SYNTH,2026-09-13T00:00:00+08:00,0.9,synthetic,not_applicable,,team_generated,false,dev
EVT-N029-38,USER-N029,inactivity,2026-07-01T16:00:00Z,SKILL-014,,,-4,attention_needed,frustrated,learning_stalled,medium,超过设定周期未产生学习证据，触发技能衰减,1.2.0,synthetic,true,SRC-SYNTH,2026-09-13T00:00:00+08:00,0.9,synthetic,not_applicable,,team_generated,false,dev
EVT-N029-39,USER-N029,reminder_response,2026-07-18T16:00:00Z,SKILL-040,,,0,completed,neutral,active,low,响应任务提醒并更新完成状态,1.2.0,synthetic,true,SRC-SYNTH,2026-09-13T00:00:00+08:00,0.9,synthetic,not_applicable,,team_generated,false,dev
EVT-N029-40,USER-N029,profile_recalculated,2026-08-04T16:00:00Z,SKILL-044,,,0,completed,neutral,active,low,根据新证据重算画像与岗位匹配度,1.2.0,synthetic,true,SRC-SYNTH,2026-09-13T00:00:00+08:00,0.9,synthetic,not_applicable,,team_generated,false,dev
EVT-N030-01,USER-N030,onboarding,2024-10-10T16:00:00Z,,,,0,completed,neutral,active,low,完成基础信息和学习约束录入,1.2.0,synthetic,true,SRC-SYNTH,2026-09-13T00:00:00+08:00,0.9,synthetic,not_applicable,,team_generated,false,dev
EVT-N030-02,USER-N030,skill_assessment,2024-10-27T16:00:00Z,SKILL-048,,,3,completed,positive,progressing,low,完成能力测评并生成可解释证据,1.2.0,synthetic,true,SRC-SYNTH,2026-09-13T00:00:00+08:00,0.9,synthetic,not_applicable,,team_generated,false,dev
EVT-N030-03,USER-N030,course_started,2024-11-13T16:00:00Z,SKILL-001,RES-0181,,0,completed,neutral,active,low,开始一项与目标能力相关的课程,1.2.0,synthetic,true,SRC-SYNTH,2026-09-13T00:00:00+08:00,0.9,synthetic,not_applicable,,team_generated,false,dev
EVT-N030-04,USER-N030,task_completed,2024-11-30T16:00:00Z,SKILL-011,RES-0131,,2,completed,positive,progressing,low,完成本周学习任务,1.2.0,synthetic,true,SRC-SYNTH,2026-09-13T00:00:00+08:00,0.9,synthetic,not_applicable,,team_generated,false,dev
EVT-N030-05,USER-N030,skill_practice,2024-12-17T16:00:00Z,SKILL-019,RES-0005,,2,completed,positive,progressing,low,完成技能练习并记录反思,1.2.0,synthetic,true,SRC-SYNTH,2026-09-13T00:00:00+08:00,0.9,synthetic,not_applicable,,team_generated,false,dev
EVT-N030-06,USER-N030,course_completed,2025-01-03T16:00:00Z,SKILL-022,RES-0128,,6,completed,positive,progressing,low,完成课程并提交学习总结,1.2.0,synthetic,true,SRC-SYNTH,2026-09-13T00:00:00+08:00,0.9,synthetic,not_applicable,,team_generated,false,dev
EVT-N030-07,USER-N030,project_started,2025-01-20T16:00:00Z,SKILL-025,RES-0025,,0,completed,neutral,active,low,启动实践项目并确认里程碑,1.2.0,synthetic,true,SRC-SYNTH,2026-09-13T00:00:00+08:00,0.9,synthetic,not_applicable,,team_generated,false,dev
EVT-N030-08,USER-N030,job_viewed,2025-02-06T16:00:00Z,,,JOB-AI-ALG-0087,0,completed,neutral,active,low,查看目标岗位及能力要求,1.2.0,synthetic,true,SRC-SYNTH,2026-09-13T00:00:00+08:00,0.9,synthetic,not_applicable,,team_generated,false,dev
EVT-N030-09,USER-N030,feedback_submitted,2025-02-23T16:00:00Z,SKILL-001,,,0,completed,neutral,active,low,提交计划难度和推荐相关性反馈,1.2.0,synthetic,true,SRC-SYNTH,2026-09-13T00:00:00+08:00,0.9,synthetic,not_applicable,,team_generated,false,dev
EVT-N030-10,USER-N030,task_completed,2025-03-12T16:00:00Z,SKILL-011,RES-0071,,2,completed,positive,progressing,low,完成本周学习任务,1.2.0,synthetic,true,SRC-SYNTH,2026-09-13T00:00:00+08:00,0.9,synthetic,not_applicable,,team_generated,false,dev
EVT-N030-11,USER-N030,project_completed,2025-03-29T16:00:00Z,SKILL-019,RES-0185,,8,completed,positive,progressing,low,完成项目、说明文档和复盘,1.2.0,synthetic,true,SRC-SYNTH,2026-09-13T00:00:00+08:00,0.9,synthetic,not_applicable,,team_generated,false,dev
EVT-N030-12,USER-N030,profile_recalculated,2025-04-15T16:00:00Z,SKILL-022,,,0,completed,neutral,active,low,根据新证据重算画像与岗位匹配度,1.2.0,synthetic,true,SRC-SYNTH,2026-09-13T00:00:00+08:00,0.9,synthetic,not_applicable,,team_generated,false,dev
EVT-N030-13,USER-N030,job_saved,2025-05-02T16:00:00Z,,,JOB-AI-ALG-0013,0,completed,neutral,active,low,收藏一个模拟目标岗位,1.2.0,synthetic,true,SRC-SYNTH,2026-09-13T00:00:00+08:00,0.9,synthetic,not_applicable,,team_generated,false,dev
EVT-N030-14,USER-N030,application_submitted,2025-05-19T16:00:00Z,,,JOB-AI-ALG-0014,0,completed,neutral,active,low,向模拟岗位提交申请,1.2.0,synthetic,true,SRC-SYNTH,2026-09-13T00:00:00+08:00,0.9,synthetic,not_applicable,,team_generated,false,dev
EVT-N030-15,USER-N030,interview_result,2025-06-05T16:00:00Z,,,JOB-AI-ALG-0015,0,completed,disappointed,active,low,记录模拟面试反馈,1.2.0,synthetic,true,SRC-SYNTH,2026-09-13T00:00:00+08:00,0.9,synthetic,not_applicable,,team_generated,false,dev
EVT-N030-16,USER-N030,plan_adjusted,2025-06-22T16:00:00Z,SKILL-011,,,0,completed,neutral,plan_rebalanced,low,根据时间和反馈调整学习计划,1.2.0,synthetic,true,SRC-SYNTH,2026-09-13T00:00:00+08:00,0.9,synthetic,not_applicable,,team_generated,false,dev
EVT-N030-17,USER-N030,skill_practice,2025-07-09T16:00:00Z,SKILL-019,RES-0003,,2,completed,positive,progressing,low,完成技能练习并记录反思,1.2.0,synthetic,true,SRC-SYNTH,2026-09-13T00:00:00+08:00,0.9,synthetic,not_applicable,,team_generated,false,dev
EVT-N030-18,USER-N030,inactivity,2025-07-26T16:00:00Z,SKILL-022,,,-4,attention_needed,frustrated,learning_stalled,medium,超过设定周期未产生学习证据，触发技能衰减,1.2.0,synthetic,true,SRC-SYNTH,2026-09-13T00:00:00+08:00,0.9,synthetic,not_applicable,,team_generated,false,dev
EVT-N030-19,USER-N030,reminder_response,2025-08-12T16:00:00Z,SKILL-025,,,0,completed,neutral,active,low,响应任务提醒并更新完成状态,1.2.0,synthetic,true,SRC-SYNTH,2026-09-13T00:00:00+08:00,0.9,synthetic,not_applicable,,team_generated,false,dev
EVT-N030-20,USER-N030,profile_recalculated,2025-08-29T16:00:00Z,SKILL-048,,,0,completed,neutral,active,low,根据新证据重算画像与岗位匹配度,1.2.0,synthetic,true,SRC-SYNTH,2026-09-13T00:00:00+08:00,0.9,synthetic,not_applicable,,team_generated,false,dev
EVT-N030-21,USER-N030,onboarding,2025-09-15T16:00:00Z,,,,0,completed,neutral,active,low,完成基础信息和学习约束录入,1.2.0,synthetic,true,SRC-SYNTH,2026-09-13T00:00:00+08:00,0.9,synthetic,not_applicable,,team_generated,false,dev
EVT-N030-22,USER-N030,skill_assessment,2025-10-02T16:00:00Z,SKILL-011,,,3,completed,positive,progressing,low,完成能力测评并生成可解释证据,1.2.0,synthetic,true,SRC-SYNTH,2026-09-13T00:00:00+08:00,0.9,synthetic,not_applicable,,team_generated,false,dev
EVT-N030-23,USER-N030,course_started,2025-10-19T16:00:00Z,SKILL-019,RES-0545,,0,completed,neutral,active,low,开始一项与目标能力相关的课程,1.2.0,synthetic,true,SRC-SYNTH,2026-09-13T00:00:00+08:00,0.9,synthetic,not_applicable,,team_generated,false,dev
EVT-N030-24,USER-N030,task_completed,2025-11-05T16:00:00Z,SKILL-022,RES-0004,,2,completed,positive,progressing,low,完成本周学习任务,1.2.0,synthetic,true,SRC-SYNTH,2026-09-13T00:00:00+08:00,0.9,synthetic,not_applicable,,team_generated,false,dev
EVT-N030-25,USER-N030,skill_practice,2025-11-22T16:00:00Z,SKILL-025,RES-0445,,2,completed,positive,progressing,low,完成技能练习并记录反思,1.2.0,synthetic,true,SRC-SYNTH,2026-09-13T00:00:00+08:00,0.9,synthetic,not_applicable,,team_generated,false,dev
EVT-N030-26,USER-N030,course_completed,2025-12-09T16:00:00Z,SKILL-048,RES-0108,,6,completed,positive,progressing,low,完成课程并提交学习总结,1.2.0,synthetic,true,SRC-SYNTH,2026-09-13T00:00:00+08:00,0.9,synthetic,not_applicable,,team_generated,false,dev
EVT-N030-27,USER-N030,project_started,2025-12-26T16:00:00Z,SKILL-001,RES-0167,,0,completed,neutral,active,low,启动实践项目并确认里程碑,1.2.0,synthetic,true,SRC-SYNTH,2026-09-13T00:00:00+08:00,0.9,synthetic,not_applicable,,team_generated,false,dev
EVT-N030-28,USER-N030,job_viewed,2026-01-12T16:00:00Z,,,JOB-AI-ALG-0028,0,completed,neutral,active,low,查看目标岗位及能力要求,1.2.0,synthetic,true,SRC-SYNTH,2026-09-13T00:00:00+08:00,0.9,synthetic,not_applicable,,team_generated,false,dev
EVT-N030-29,USER-N030,feedback_submitted,2026-01-29T16:00:00Z,SKILL-019,,,0,completed,neutral,active,low,提交计划难度和推荐相关性反馈,1.2.0,synthetic,true,SRC-SYNTH,2026-09-13T00:00:00+08:00,0.9,synthetic,not_applicable,,team_generated,false,dev
EVT-N030-30,USER-N030,task_completed,2026-02-15T16:00:00Z,SKILL-022,RES-0202,,2,completed,positive,progressing,low,完成本周学习任务,1.2.0,synthetic,true,SRC-SYNTH,2026-09-13T00:00:00+08:00,0.9,synthetic,not_applicable,,team_generated,false,dev
EVT-N030-31,USER-N030,project_completed,2026-03-04T16:00:00Z,SKILL-025,RES-0007,,8,completed,positive,progressing,low,完成项目、说明文档和复盘,1.2.0,synthetic,true,SRC-SYNTH,2026-09-13T00:00:00+08:00,0.9,synthetic,not_applicable,,team_generated,false,dev
EVT-N030-32,USER-N030,profile_recalculated,2026-03-21T16:00:00Z,SKILL-048,,,0,completed,neutral,active,low,根据新证据重算画像与岗位匹配度,1.2.0,synthetic,true,SRC-SYNTH,2026-09-13T00:00:00+08:00,0.9,synthetic,not_applicable,,team_generated,false,dev
EVT-N030-33,USER-N030,job_saved,2026-04-07T16:00:00Z,,,JOB-AI-ALG-0033,0,completed,neutral,active,low,收藏一个模拟目标岗位,1.2.0,synthetic,true,SRC-SYNTH,2026-09-13T00:00:00+08:00,0.9,synthetic,not_applicable,,team_generated,false,dev
EVT-N030-34,USER-N030,application_submitted,2026-04-24T16:00:00Z,,,JOB-AI-ALG-0034,0,completed,neutral,active,low,向模拟岗位提交申请,1.2.0,synthetic,true,SRC-SYNTH,2026-09-13T00:00:00+08:00,0.9,synthetic,not_applicable,,team_generated,false,dev
EVT-N030-35,USER-N030,interview_result,2026-05-11T16:00:00Z,,,JOB-AI-ALG-0035,0,completed,disappointed,active,low,记录模拟面试反馈,1.2.0,synthetic,true,SRC-SYNTH,2026-09-13T00:00:00+08:00,0.9,synthetic,not_applicable,,team_generated,false,dev
EVT-N030-36,USER-N030,plan_adjusted,2026-05-28T16:00:00Z,SKILL-022,,,0,completed,neutral,plan_rebalanced,low,根据时间和反馈调整学习计划,1.2.0,synthetic,true,SRC-SYNTH,2026-09-13T00:00:00+08:00,0.9,synthetic,not_applicable,,team_generated,false,dev
EVT-N030-37,USER-N030,skill_practice,2026-06-14T16:00:00Z,SKILL-025,RES-0131,,2,completed,positive,progressing,low,完成技能练习并记录反思,1.2.0,synthetic,true,SRC-SYNTH,2026-09-13T00:00:00+08:00,0.9,synthetic,not_applicable,,team_generated,false,dev
EVT-N030-38,USER-N030,inactivity,2026-07-01T16:00:00Z,SKILL-048,,,-4,attention_needed,frustrated,learning_stalled,medium,超过设定周期未产生学习证据，触发技能衰减,1.2.0,synthetic,true,SRC-SYNTH,2026-09-13T00:00:00+08:00,0.9,synthetic,not_applicable,,team_generated,false,dev
EVT-N030-39,USER-N030,reminder_response,2026-07-18T16:00:00Z,SKILL-001,,,0,completed,neutral,active,low,响应任务提醒并更新完成状态,1.2.0,synthetic,true,SRC-SYNTH,2026-09-13T00:00:00+08:00,0.9,synthetic,not_applicable,,team_generated,false,dev
EVT-N030-40,USER-N030,profile_recalculated,2026-08-04T16:00:00Z,SKILL-011,,,0,completed,neutral,active,low,根据新证据重算画像与岗位匹配度,1.2.0,synthetic,true,SRC-SYNTH,2026-09-13T00:00:00+08:00,0.9,synthetic,not_applicable,,team_generated,false,dev
EVT-N031-01,USER-N031,onboarding,2024-10-10T16:00:00Z,,,,0,completed,neutral,active,low,完成基础信息和学习约束录入,1.2.0,synthetic,true,SRC-SYNTH,2026-09-13T00:00:00+08:00,0.9,synthetic,not_applicable,,team_generated,false,dev
EVT-N031-02,USER-N031,skill_assessment,2024-10-27T16:00:00Z,SKILL-043,,,3,completed,positive,progressing,low,完成能力测评并生成可解释证据,1.2.0,synthetic,true,SRC-SYNTH,2026-09-13T00:00:00+08:00,0.9,synthetic,not_applicable,,team_generated,false,dev
EVT-N031-03,USER-N031,course_started,2024-11-13T16:00:00Z,SKILL-007,RES-0113,,0,completed,neutral,active,low,开始一项与目标能力相关的课程,1.2.0,synthetic,true,SRC-SYNTH,2026-09-13T00:00:00+08:00,0.9,synthetic,not_applicable,,team_generated,false,dev
EVT-N031-04,USER-N031,task_completed,2024-11-30T16:00:00Z,SKILL-025,RES-0009,,2,completed,positive,progressing,low,完成本周学习任务,1.2.0,synthetic,true,SRC-SYNTH,2026-09-13T00:00:00+08:00,0.9,synthetic,not_applicable,,team_generated,false,dev
EVT-N031-05,USER-N031,skill_practice,2024-12-17T16:00:00Z,SKILL-028,RES-0148,,2,completed,positive,progressing,low,完成技能练习并记录反思,1.2.0,synthetic,true,SRC-SYNTH,2026-09-13T00:00:00+08:00,0.9,synthetic,not_applicable,,team_generated,false,dev
EVT-N031-06,USER-N031,course_completed,2025-01-03T16:00:00Z,SKILL-034,RES-0200,,6,completed,positive,progressing,low,完成课程并提交学习总结,1.2.0,synthetic,true,SRC-SYNTH,2026-09-13T00:00:00+08:00,0.9,synthetic,not_applicable,,team_generated,false,dev
EVT-N031-07,USER-N031,project_started,2025-01-20T16:00:00Z,SKILL-037,RES-0203,,0,completed,neutral,active,low,启动实践项目并确认里程碑,1.2.0,synthetic,true,SRC-SYNTH,2026-09-13T00:00:00+08:00,0.9,synthetic,not_applicable,,team_generated,false,dev
EVT-N031-08,USER-N031,job_viewed,2025-02-06T16:00:00Z,,,JOB-AI-APP-0087,0,completed,neutral,active,low,查看目标岗位及能力要求,1.2.0,synthetic,true,SRC-SYNTH,2026-09-13T00:00:00+08:00,0.9,synthetic,not_applicable,,team_generated,false,dev
EVT-N031-09,USER-N031,feedback_submitted,2025-02-23T16:00:00Z,SKILL-007,,,0,completed,neutral,active,low,提交计划难度和推荐相关性反馈,1.2.0,synthetic,true,SRC-SYNTH,2026-09-13T00:00:00+08:00,0.9,synthetic,not_applicable,,team_generated,false,dev
EVT-N031-10,USER-N031,task_completed,2025-03-12T16:00:00Z,SKILL-025,RES-0145,,2,completed,positive,progressing,low,完成本周学习任务,1.2.0,synthetic,true,SRC-SYNTH,2026-09-13T00:00:00+08:00,0.9,synthetic,not_applicable,,team_generated,false,dev
EVT-N031-11,USER-N031,project_completed,2025-03-29T16:00:00Z,SKILL-028,RES-0134,,8,completed,positive,progressing,low,完成项目、说明文档和复盘,1.2.0,synthetic,true,SRC-SYNTH,2026-09-13T00:00:00+08:00,0.9,synthetic,not_applicable,,team_generated,false,dev
EVT-N031-12,USER-N031,profile_recalculated,2025-04-15T16:00:00Z,SKILL-034,,,0,completed,neutral,active,low,根据新证据重算画像与岗位匹配度,1.2.0,synthetic,true,SRC-SYNTH,2026-09-13T00:00:00+08:00,0.9,synthetic,not_applicable,,team_generated,false,dev
EVT-N031-13,USER-N031,job_saved,2025-05-02T16:00:00Z,,,JOB-AI-APP-0013,0,completed,neutral,active,low,收藏一个模拟目标岗位,1.2.0,synthetic,true,SRC-SYNTH,2026-09-13T00:00:00+08:00,0.9,synthetic,not_applicable,,team_generated,false,dev
EVT-N031-14,USER-N031,application_submitted,2025-05-19T16:00:00Z,,,JOB-AI-APP-0014,0,completed,neutral,active,low,向模拟岗位提交申请,1.2.0,synthetic,true,SRC-SYNTH,2026-09-13T00:00:00+08:00,0.9,synthetic,not_applicable,,team_generated,false,dev
EVT-N031-15,USER-N031,interview_result,2025-06-05T16:00:00Z,,,JOB-AI-APP-0015,0,completed,disappointed,active,low,记录模拟面试反馈,1.2.0,synthetic,true,SRC-SYNTH,2026-09-13T00:00:00+08:00,0.9,synthetic,not_applicable,,team_generated,false,dev
EVT-N031-16,USER-N031,plan_adjusted,2025-06-22T16:00:00Z,SKILL-025,,,0,completed,neutral,plan_rebalanced,low,根据时间和反馈调整学习计划,1.2.0,synthetic,true,SRC-SYNTH,2026-09-13T00:00:00+08:00,0.9,synthetic,not_applicable,,team_generated,false,dev
EVT-N031-17,USER-N031,skill_practice,2025-07-09T16:00:00Z,SKILL-028,RES-0448,,2,completed,positive,progressing,low,完成技能练习并记录反思,1.2.0,synthetic,true,SRC-SYNTH,2026-09-13T00:00:00+08:00,0.9,synthetic,not_applicable,,team_generated,false,dev
EVT-N031-18,USER-N031,inactivity,2025-07-26T16:00:00Z,SKILL-034,,,-4,attention_needed,frustrated,learning_stalled,medium,超过设定周期未产生学习证据，触发技能衰减,1.2.0,synthetic,true,SRC-SYNTH,2026-09-13T00:00:00+08:00,0.9,synthetic,not_applicable,,team_generated,false,dev
EVT-N031-19,USER-N031,reminder_response,2025-08-12T16:00:00Z,SKILL-037,,,0,completed,neutral,active,low,响应任务提醒并更新完成状态,1.2.0,synthetic,true,SRC-SYNTH,2026-09-13T00:00:00+08:00,0.9,synthetic,not_applicable,,team_generated,false,dev
EVT-N031-20,USER-N031,profile_recalculated,2025-08-29T16:00:00Z,SKILL-043,,,0,completed,neutral,active,low,根据新证据重算画像与岗位匹配度,1.2.0,synthetic,true,SRC-SYNTH,2026-09-13T00:00:00+08:00,0.9,synthetic,not_applicable,,team_generated,false,dev
EVT-N031-21,USER-N031,onboarding,2025-09-15T16:00:00Z,,,,0,completed,neutral,active,low,完成基础信息和学习约束录入,1.2.0,synthetic,true,SRC-SYNTH,2026-09-13T00:00:00+08:00,0.9,synthetic,not_applicable,,team_generated,false,dev
EVT-N031-22,USER-N031,skill_assessment,2025-10-02T16:00:00Z,SKILL-025,,,3,completed,positive,progressing,low,完成能力测评并生成可解释证据,1.2.0,synthetic,true,SRC-SYNTH,2026-09-13T00:00:00+08:00,0.9,synthetic,not_applicable,,team_generated,false,dev
EVT-N031-23,USER-N031,course_started,2025-10-19T16:00:00Z,SKILL-028,RES-0134,,0,completed,neutral,active,low,开始一项与目标能力相关的课程,1.2.0,synthetic,true,SRC-SYNTH,2026-09-13T00:00:00+08:00,0.9,synthetic,not_applicable,,team_generated,false,dev
EVT-N031-24,USER-N031,task_completed,2025-11-05T16:00:00Z,SKILL-034,RES-0154,,2,completed,positive,progressing,low,完成本周学习任务,1.2.0,synthetic,true,SRC-SYNTH,2026-09-13T00:00:00+08:00,0.9,synthetic,not_applicable,,team_generated,false,dev
EVT-N031-25,USER-N031,skill_practice,2025-11-22T16:00:00Z,SKILL-037,RES-0143,,2,completed,positive,progressing,low,完成技能练习并记录反思,1.2.0,synthetic,true,SRC-SYNTH,2026-09-13T00:00:00+08:00,0.9,synthetic,not_applicable,,team_generated,false,dev
EVT-N031-26,USER-N031,course_completed,2025-12-09T16:00:00Z,SKILL-043,RES-0163,,6,completed,positive,progressing,low,完成课程并提交学习总结,1.2.0,synthetic,true,SRC-SYNTH,2026-09-13T00:00:00+08:00,0.9,synthetic,not_applicable,,team_generated,false,dev
EVT-N031-27,USER-N031,project_started,2025-12-26T16:00:00Z,SKILL-007,RES-0173,,0,completed,neutral,active,low,启动实践项目并确认里程碑,1.2.0,synthetic,true,SRC-SYNTH,2026-09-13T00:00:00+08:00,0.9,synthetic,not_applicable,,team_generated,false,dev
EVT-N031-28,USER-N031,job_viewed,2026-01-12T16:00:00Z,,,JOB-AI-APP-0028,0,completed,neutral,active,low,查看目标岗位及能力要求,1.2.0,synthetic,true,SRC-SYNTH,2026-09-13T00:00:00+08:00,0.9,synthetic,not_applicable,,team_generated,false,dev
EVT-N031-29,USER-N031,feedback_submitted,2026-01-29T16:00:00Z,SKILL-028,,,0,completed,neutral,active,low,提交计划难度和推荐相关性反馈,1.2.0,synthetic,true,SRC-SYNTH,2026-09-13T00:00:00+08:00,0.9,synthetic,not_applicable,,team_generated,false,dev
EVT-N031-30,USER-N031,task_completed,2026-02-15T16:00:00Z,SKILL-034,RES-0440,,2,completed,positive,progressing,low,完成本周学习任务,1.2.0,synthetic,true,SRC-SYNTH,2026-09-13T00:00:00+08:00,0.9,synthetic,not_applicable,,team_generated,false,dev
EVT-N031-31,USER-N031,project_completed,2026-03-04T16:00:00Z,SKILL-037,RES-0143,,8,completed,positive,progressing,low,完成项目、说明文档和复盘,1.2.0,synthetic,true,SRC-SYNTH,2026-09-13T00:00:00+08:00,0.9,synthetic,not_applicable,,team_generated,false,dev
EVT-N031-32,USER-N031,profile_recalculated,2026-03-21T16:00:00Z,SKILL-043,,,0,completed,neutral,active,low,根据新证据重算画像与岗位匹配度,1.2.0,synthetic,true,SRC-SYNTH,2026-09-13T00:00:00+08:00,0.9,synthetic,not_applicable,,team_generated,false,dev
EVT-N031-33,USER-N031,job_saved,2026-04-07T16:00:00Z,,,JOB-AI-APP-0033,0,completed,neutral,active,low,收藏一个模拟目标岗位,1.2.0,synthetic,true,SRC-SYNTH,2026-09-13T00:00:00+08:00,0.9,synthetic,not_applicable,,team_generated,false,dev
EVT-N031-34,USER-N031,application_submitted,2026-04-24T16:00:00Z,,,JOB-AI-APP-0034,0,completed,neutral,active,low,向模拟岗位提交申请,1.2.0,synthetic,true,SRC-SYNTH,2026-09-13T00:00:00+08:00,0.9,synthetic,not_applicable,,team_generated,false,dev
EVT-N031-35,USER-N031,interview_result,2026-05-11T16:00:00Z,,,JOB-AI-APP-0035,0,completed,disappointed,active,low,记录模拟面试反馈,1.2.0,synthetic,true,SRC-SYNTH,2026-09-13T00:00:00+08:00,0.9,synthetic,not_applicable,,team_generated,false,dev
EVT-N031-36,USER-N031,plan_adjusted,2026-05-28T16:00:00Z,SKILL-034,,,0,completed,neutral,plan_rebalanced,low,根据时间和反馈调整学习计划,1.2.0,synthetic,true,SRC-SYNTH,2026-09-13T00:00:00+08:00,0.9,synthetic,not_applicable,,team_generated,false,dev
EVT-N031-37,USER-N031,skill_practice,2026-06-14T16:00:00Z,SKILL-037,RES-0037,,2,completed,positive,progressing,low,完成技能练习并记录反思,1.2.0,synthetic,true,SRC-SYNTH,2026-09-13T00:00:00+08:00,0.9,synthetic,not_applicable,,team_generated,false,dev
EVT-N031-38,USER-N031,inactivity,2026-07-01T16:00:00Z,SKILL-043,,,-4,attention_needed,frustrated,learning_stalled,medium,超过设定周期未产生学习证据，触发技能衰减,1.2.0,synthetic,true,SRC-SYNTH,2026-09-13T00:00:00+08:00,0.9,synthetic,not_applicable,,team_generated,false,dev
EVT-N031-39,USER-N031,reminder_response,2026-07-18T16:00:00Z,SKILL-007,,,0,completed,neutral,active,low,响应任务提醒并更新完成状态,1.2.0,synthetic,true,SRC-SYNTH,2026-09-13T00:00:00+08:00,0.9,synthetic,not_applicable,,team_generated,false,dev
EVT-N031-40,USER-N031,profile_recalculated,2026-08-04T16:00:00Z,SKILL-025,,,0,completed,neutral,active,low,根据新证据重算画像与岗位匹配度,1.2.0,synthetic,true,SRC-SYNTH,2026-09-13T00:00:00+08:00,0.9,synthetic,not_applicable,,team_generated,false,dev
EVT-N032-01,USER-N032,onboarding,2024-10-10T16:00:00Z,,,,0,completed,neutral,active,low,完成基础信息和学习约束录入,1.2.0,synthetic,true,SRC-SYNTH,2026-09-13T00:00:00+08:00,0.9,synthetic,not_applicable,,team_generated,false,dev
EVT-N032-02,USER-N032,skill_assessment,2024-10-27T16:00:00Z,SKILL-054,,,3,completed,positive,progressing,low,完成能力测评并生成可解释证据,1.2.0,synthetic,true,SRC-SYNTH,2026-09-13T00:00:00+08:00,0.9,synthetic,not_applicable,,team_generated,false,dev
EVT-N032-03,USER-N032,course_started,2024-11-13T16:00:00Z,SKILL-010,RES-0190,,0,completed,neutral,active,low,开始一项与目标能力相关的课程,1.2.0,synthetic,true,SRC-SYNTH,2026-09-13T00:00:00+08:00,0.9,synthetic,not_applicable,,team_generated,false,dev
EVT-N032-04,USER-N032,task_completed,2024-11-30T16:00:00Z,SKILL-013,RES-0133,,2,completed,positive,progressing,low,完成本周学习任务,1.2.0,synthetic,true,SRC-SYNTH,2026-09-13T00:00:00+08:00,0.9,synthetic,not_applicable,,team_generated,false,dev
EVT-N032-05,USER-N032,skill_practice,2024-12-17T16:00:00Z,SKILL-016,RES-0182,,2,completed,positive,progressing,low,完成技能练习并记录反思,1.2.0,synthetic,true,SRC-SYNTH,2026-09-13T00:00:00+08:00,0.9,synthetic,not_applicable,,team_generated,false,dev
EVT-N032-06,USER-N032,course_completed,2025-01-03T16:00:00Z,SKILL-043,RES-0163,,6,completed,positive,progressing,low,完成课程并提交学习总结,1.2.0,synthetic,true,SRC-SYNTH,2026-09-13T00:00:00+08:00,0.9,synthetic,not_applicable,,team_generated,false,dev
EVT-N032-07,USER-N032,project_started,2025-01-20T16:00:00Z,SKILL-046,RES-0166,,0,completed,neutral,active,low,启动实践项目并确认里程碑,1.2.0,synthetic,true,SRC-SYNTH,2026-09-13T00:00:00+08:00,0.9,synthetic,not_applicable,,team_generated,false,dev
EVT-N032-08,USER-N032,job_viewed,2025-02-06T16:00:00Z,,,JOB-DATA-0087,0,completed,neutral,active,low,查看目标岗位及能力要求,1.2.0,synthetic,true,SRC-SYNTH,2026-09-13T00:00:00+08:00,0.9,synthetic,not_applicable,,team_generated,false,dev
EVT-N032-09,USER-N032,feedback_submitted,2025-02-23T16:00:00Z,SKILL-010,,,0,completed,neutral,active,low,提交计划难度和推荐相关性反馈,1.2.0,synthetic,true,SRC-SYNTH,2026-09-13T00:00:00+08:00,0.9,synthetic,not_applicable,,team_generated,false,dev
EVT-N032-10,USER-N032,task_completed,2025-03-12T16:00:00Z,SKILL-013,RES-0553,,2,completed,positive,progressing,low,完成本周学习任务,1.2.0,synthetic,true,SRC-SYNTH,2026-09-13T00:00:00+08:00,0.9,synthetic,not_applicable,,team_generated,false,dev
EVT-N032-11,USER-N032,project_completed,2025-03-29T16:00:00Z,SKILL-016,RES-0076,,8,completed,positive,progressing,low,完成项目、说明文档和复盘,1.2.0,synthetic,true,SRC-SYNTH,2026-09-13T00:00:00+08:00,0.9,synthetic,not_applicable,,team_generated,false,dev
EVT-N032-12,USER-N032,profile_recalculated,2025-04-15T16:00:00Z,SKILL-043,,,0,completed,neutral,active,low,根据新证据重算画像与岗位匹配度,1.2.0,synthetic,true,SRC-SYNTH,2026-09-13T00:00:00+08:00,0.9,synthetic,not_applicable,,team_generated,false,dev
EVT-N032-13,USER-N032,job_saved,2025-05-02T16:00:00Z,,,JOB-DATA-0013,0,completed,neutral,active,low,收藏一个模拟目标岗位,1.2.0,synthetic,true,SRC-SYNTH,2026-09-13T00:00:00+08:00,0.9,synthetic,not_applicable,,team_generated,false,dev
EVT-N032-14,USER-N032,application_submitted,2025-05-19T16:00:00Z,,,JOB-DATA-0014,0,completed,neutral,active,low,向模拟岗位提交申请,1.2.0,synthetic,true,SRC-SYNTH,2026-09-13T00:00:00+08:00,0.9,synthetic,not_applicable,,team_generated,false,dev
EVT-N032-15,USER-N032,interview_result,2025-06-05T16:00:00Z,,,JOB-DATA-0015,0,completed,disappointed,active,low,记录模拟面试反馈,1.2.0,synthetic,true,SRC-SYNTH,2026-09-13T00:00:00+08:00,0.9,synthetic,not_applicable,,team_generated,false,dev
EVT-N032-16,USER-N032,plan_adjusted,2025-06-22T16:00:00Z,SKILL-013,,,0,completed,neutral,plan_rebalanced,low,根据时间和反馈调整学习计划,1.2.0,synthetic,true,SRC-SYNTH,2026-09-13T00:00:00+08:00,0.9,synthetic,not_applicable,,team_generated,false,dev
EVT-N032-17,USER-N032,skill_practice,2025-07-09T16:00:00Z,SKILL-016,RES-0542,,2,completed,positive,progressing,low,完成技能练习并记录反思,1.2.0,synthetic,true,SRC-SYNTH,2026-09-13T00:00:00+08:00,0.9,synthetic,not_applicable,,team_generated,false,dev
EVT-N032-18,USER-N032,inactivity,2025-07-26T16:00:00Z,SKILL-043,,,-4,attention_needed,frustrated,learning_stalled,medium,超过设定周期未产生学习证据，触发技能衰减,1.2.0,synthetic,true,SRC-SYNTH,2026-09-13T00:00:00+08:00,0.9,synthetic,not_applicable,,team_generated,false,dev
EVT-N032-19,USER-N032,reminder_response,2025-08-12T16:00:00Z,SKILL-046,,,0,completed,neutral,active,low,响应任务提醒并更新完成状态,1.2.0,synthetic,true,SRC-SYNTH,2026-09-13T00:00:00+08:00,0.9,synthetic,not_applicable,,team_generated,false,dev
EVT-N032-20,USER-N032,profile_recalculated,2025-08-29T16:00:00Z,SKILL-054,,,0,completed,neutral,active,low,根据新证据重算画像与岗位匹配度,1.2.0,synthetic,true,SRC-SYNTH,2026-09-13T00:00:00+08:00,0.9,synthetic,not_applicable,,team_generated,false,dev
EVT-N032-21,USER-N032,onboarding,2025-09-15T16:00:00Z,,,,0,completed,neutral,active,low,完成基础信息和学习约束录入,1.2.0,synthetic,true,SRC-SYNTH,2026-09-13T00:00:00+08:00,0.9,synthetic,not_applicable,,team_generated,false,dev
EVT-N032-22,USER-N032,skill_assessment,2025-10-02T16:00:00Z,SKILL-013,,,3,completed,positive,progressing,low,完成能力测评并生成可解释证据,1.2.0,synthetic,true,SRC-SYNTH,2026-09-13T00:00:00+08:00,0.9,synthetic,not_applicable,,team_generated,false,dev
EVT-N032-23,USER-N032,course_started,2025-10-19T16:00:00Z,SKILL-016,RES-0182,,0,completed,neutral,active,low,开始一项与目标能力相关的课程,1.2.0,synthetic,true,SRC-SYNTH,2026-09-13T00:00:00+08:00,0.9,synthetic,not_applicable,,team_generated,false,dev
EVT-N032-24,USER-N032,task_completed,2025-11-05T16:00:00Z,SKILL-043,RES-0163,,2,completed,positive,progressing,low,完成本周学习任务,1.2.0,synthetic,true,SRC-SYNTH,2026-09-13T00:00:00+08:00,0.9,synthetic,not_applicable,,team_generated,false,dev
EVT-N032-25,USER-N032,skill_practice,2025-11-22T16:00:00Z,SKILL-046,RES-0092,,2,completed,positive,progressing,low,完成技能练习并记录反思,1.2.0,synthetic,true,SRC-SYNTH,2026-09-13T00:00:00+08:00,0.9,synthetic,not_applicable,,team_generated,false,dev
EVT-N032-26,USER-N032,course_completed,2025-12-09T16:00:00Z,SKILL-054,RES-0167,,6,completed,positive,progressing,low,完成课程并提交学习总结,1.2.0,synthetic,true,SRC-SYNTH,2026-09-13T00:00:00+08:00,0.9,synthetic,not_applicable,,team_generated,false,dev
EVT-N032-27,USER-N032,project_started,2025-12-26T16:00:00Z,SKILL-010,RES-0190,,0,completed,neutral,active,low,启动实践项目并确认里程碑,1.2.0,synthetic,true,SRC-SYNTH,2026-09-13T00:00:00+08:00,0.9,synthetic,not_applicable,,team_generated,false,dev
EVT-N032-28,USER-N032,job_viewed,2026-01-12T16:00:00Z,,,JOB-DATA-0028,0,completed,neutral,active,low,查看目标岗位及能力要求,1.2.0,synthetic,true,SRC-SYNTH,2026-09-13T00:00:00+08:00,0.9,synthetic,not_applicable,,team_generated,false,dev
EVT-N032-29,USER-N032,feedback_submitted,2026-01-29T16:00:00Z,SKILL-016,,,0,completed,neutral,active,low,提交计划难度和推荐相关性反馈,1.2.0,synthetic,true,SRC-SYNTH,2026-09-13T00:00:00+08:00,0.9,synthetic,not_applicable,,team_generated,false,dev
EVT-N032-30,USER-N032,task_completed,2026-02-15T16:00:00Z,SKILL-043,RES-0449,,2,completed,positive,progressing,low,完成本周学习任务,1.2.0,synthetic,true,SRC-SYNTH,2026-09-13T00:00:00+08:00,0.9,synthetic,not_applicable,,team_generated,false,dev
EVT-N032-31,USER-N032,project_completed,2026-03-04T16:00:00Z,SKILL-046,RES-0010,,8,completed,positive,progressing,low,完成项目、说明文档和复盘,1.2.0,synthetic,true,SRC-SYNTH,2026-09-13T00:00:00+08:00,0.9,synthetic,not_applicable,,team_generated,false,dev
EVT-N032-32,USER-N032,profile_recalculated,2026-03-21T16:00:00Z,SKILL-054,,,0,completed,neutral,active,low,根据新证据重算画像与岗位匹配度,1.2.0,synthetic,true,SRC-SYNTH,2026-09-13T00:00:00+08:00,0.9,synthetic,not_applicable,,team_generated,false,dev
EVT-N032-33,USER-N032,job_saved,2026-04-07T16:00:00Z,,,JOB-DATA-0033,0,completed,neutral,active,low,收藏一个模拟目标岗位,1.2.0,synthetic,true,SRC-SYNTH,2026-09-13T00:00:00+08:00,0.9,synthetic,not_applicable,,team_generated,false,dev
EVT-N032-34,USER-N032,application_submitted,2026-04-24T16:00:00Z,,,JOB-DATA-0034,0,completed,neutral,active,low,向模拟岗位提交申请,1.2.0,synthetic,true,SRC-SYNTH,2026-09-13T00:00:00+08:00,0.9,synthetic,not_applicable,,team_generated,false,dev
EVT-N032-35,USER-N032,interview_result,2026-05-11T16:00:00Z,,,JOB-DATA-0035,0,completed,disappointed,active,low,记录模拟面试反馈,1.2.0,synthetic,true,SRC-SYNTH,2026-09-13T00:00:00+08:00,0.9,synthetic,not_applicable,,team_generated,false,dev
EVT-N032-36,USER-N032,plan_adjusted,2026-05-28T16:00:00Z,SKILL-043,,,0,completed,neutral,plan_rebalanced,low,根据时间和反馈调整学习计划,1.2.0,synthetic,true,SRC-SYNTH,2026-09-13T00:00:00+08:00,0.9,synthetic,not_applicable,,team_generated,false,dev
EVT-N032-37,USER-N032,skill_practice,2026-06-14T16:00:00Z,SKILL-046,RES-0452,,2,completed,positive,progressing,low,完成技能练习并记录反思,1.2.0,synthetic,true,SRC-SYNTH,2026-09-13T00:00:00+08:00,0.9,synthetic,not_applicable,,team_generated,false,dev
EVT-N032-38,USER-N032,inactivity,2026-07-01T16:00:00Z,SKILL-054,,,-4,attention_needed,frustrated,learning_stalled,medium,超过设定周期未产生学习证据，触发技能衰减,1.2.0,synthetic,true,SRC-SYNTH,2026-09-13T00:00:00+08:00,0.9,synthetic,not_applicable,,team_generated,false,dev
EVT-N032-39,USER-N032,reminder_response,2026-07-18T16:00:00Z,SKILL-010,,,0,completed,neutral,active,low,响应任务提醒并更新完成状态,1.2.0,synthetic,true,SRC-SYNTH,2026-09-13T00:00:00+08:00,0.9,synthetic,not_applicable,,team_generated,false,dev
EVT-N032-40,USER-N032,profile_recalculated,2026-08-04T16:00:00Z,SKILL-013,,,0,completed,neutral,active,low,根据新证据重算画像与岗位匹配度,1.2.0,synthetic,true,SRC-SYNTH,2026-09-13T00:00:00+08:00,0.9,synthetic,not_applicable,,team_generated,false,dev
EVT-N033-01,USER-N033,onboarding,2024-10-10T16:00:00Z,,,,0,completed,neutral,active,low,完成基础信息和学习约束录入,1.2.0,synthetic,true,SRC-SYNTH,2026-09-13T00:00:00+08:00,0.9,synthetic,not_applicable,,team_generated,false,dev
EVT-N033-02,USER-N033,skill_assessment,2024-10-27T16:00:00Z,SKILL-001,,,3,completed,positive,progressing,low,完成能力测评并生成可解释证据,1.2.0,synthetic,true,SRC-SYNTH,2026-09-13T00:00:00+08:00,0.9,synthetic,not_applicable,,team_generated,false,dev
EVT-N033-03,USER-N033,course_started,2024-11-13T16:00:00Z,SKILL-011,RES-0124,,0,completed,neutral,active,low,开始一项与目标能力相关的课程,1.2.0,synthetic,true,SRC-SYNTH,2026-09-13T00:00:00+08:00,0.9,synthetic,not_applicable,,team_generated,false,dev
EVT-N033-04,USER-N033,task_completed,2024-11-30T16:00:00Z,SKILL-019,RES-0004,,2,completed,positive,progressing,low,完成本周学习任务,1.2.0,synthetic,true,SRC-SYNTH,2026-09-13T00:00:00+08:00,0.9,synthetic,not_applicable,,team_generated,false,dev
EVT-N033-05,USER-N033,skill_practice,2024-12-17T16:00:00Z,SKILL-022,RES-0142,,2,completed,positive,progressing,low,完成技能练习并记录反思,1.2.0,synthetic,true,SRC-SYNTH,2026-09-13T00:00:00+08:00,0.9,synthetic,not_applicable,,team_generated,false,dev
EVT-N033-06,USER-N033,course_completed,2025-01-03T16:00:00Z,SKILL-025,RES-0018,,6,completed,positive,progressing,low,完成课程并提交学习总结,1.2.0,synthetic,true,SRC-SYNTH,2026-09-13T00:00:00+08:00,0.9,synthetic,not_applicable,,team_generated,false,dev
EVT-N033-07,USER-N033,project_started,2025-01-20T16:00:00Z,SKILL-048,RES-0168,,0,completed,neutral,active,low,启动实践项目并确认里程碑,1.2.0,synthetic,true,SRC-SYNTH,2026-09-13T00:00:00+08:00,0.9,synthetic,not_applicable,,team_generated,false,dev
EVT-N033-08,USER-N033,job_viewed,2025-02-06T16:00:00Z,,,JOB-AI-ALG-0087,0,completed,neutral,active,low,查看目标岗位及能力要求,1.2.0,synthetic,true,SRC-SYNTH,2026-09-13T00:00:00+08:00,0.9,synthetic,not_applicable,,team_generated,false,dev
EVT-N033-09,USER-N033,feedback_submitted,2025-02-23T16:00:00Z,SKILL-011,,,0,completed,neutral,active,low,提交计划难度和推荐相关性反馈,1.2.0,synthetic,true,SRC-SYNTH,2026-09-13T00:00:00+08:00,0.9,synthetic,not_applicable,,team_generated,false,dev
EVT-N033-10,USER-N033,task_completed,2025-03-12T16:00:00Z,SKILL-019,RES-0139,,2,completed,positive,progressing,low,完成本周学习任务,1.2.0,synthetic,true,SRC-SYNTH,2026-09-13T00:00:00+08:00,0.9,synthetic,not_applicable,,team_generated,false,dev
EVT-N033-11,USER-N033,project_completed,2025-03-29T16:00:00Z,SKILL-022,RES-0001,,8,completed,positive,progressing,low,完成项目、说明文档和复盘,1.2.0,synthetic,true,SRC-SYNTH,2026-09-13T00:00:00+08:00,0.9,synthetic,not_applicable,,team_generated,false,dev
EVT-N033-12,USER-N033,profile_recalculated,2025-04-15T16:00:00Z,SKILL-025,,,0,completed,neutral,active,low,根据新证据重算画像与岗位匹配度,1.2.0,synthetic,true,SRC-SYNTH,2026-09-13T00:00:00+08:00,0.9,synthetic,not_applicable,,team_generated,false,dev
EVT-N033-13,USER-N033,job_saved,2025-05-02T16:00:00Z,,,JOB-AI-ALG-0013,0,completed,neutral,active,low,收藏一个模拟目标岗位,1.2.0,synthetic,true,SRC-SYNTH,2026-09-13T00:00:00+08:00,0.9,synthetic,not_applicable,,team_generated,false,dev
EVT-N033-14,USER-N033,application_submitted,2025-05-19T16:00:00Z,,,JOB-AI-ALG-0014,0,completed,neutral,active,low,向模拟岗位提交申请,1.2.0,synthetic,true,SRC-SYNTH,2026-09-13T00:00:00+08:00,0.9,synthetic,not_applicable,,team_generated,false,dev
EVT-N033-15,USER-N033,interview_result,2025-06-05T16:00:00Z,,,JOB-AI-ALG-0015,0,completed,disappointed,active,low,记录模拟面试反馈,1.2.0,synthetic,true,SRC-SYNTH,2026-09-13T00:00:00+08:00,0.9,synthetic,not_applicable,,team_generated,false,dev
EVT-N033-16,USER-N033,plan_adjusted,2025-06-22T16:00:00Z,SKILL-019,,,0,completed,neutral,plan_rebalanced,low,根据时间和反馈调整学习计划,1.2.0,synthetic,true,SRC-SYNTH,2026-09-13T00:00:00+08:00,0.9,synthetic,not_applicable,,team_generated,false,dev
EVT-N033-17,USER-N033,skill_practice,2025-07-09T16:00:00Z,SKILL-022,RES-0442,,2,completed,positive,progressing,low,完成技能练习并记录反思,1.2.0,synthetic,true,SRC-SYNTH,2026-09-13T00:00:00+08:00,0.9,synthetic,not_applicable,,team_generated,false,dev
EVT-N033-18,USER-N033,inactivity,2025-07-26T16:00:00Z,SKILL-025,,,-4,attention_needed,frustrated,learning_stalled,medium,超过设定周期未产生学习证据，触发技能衰减,1.2.0,synthetic,true,SRC-SYNTH,2026-09-13T00:00:00+08:00,0.9,synthetic,not_applicable,,team_generated,false,dev
EVT-N033-19,USER-N033,reminder_response,2025-08-12T16:00:00Z,SKILL-048,,,0,completed,neutral,active,low,响应任务提醒并更新完成状态,1.2.0,synthetic,true,SRC-SYNTH,2026-09-13T00:00:00+08:00,0.9,synthetic,not_applicable,,team_generated,false,dev
EVT-N033-20,USER-N033,profile_recalculated,2025-08-29T16:00:00Z,SKILL-001,,,0,completed,neutral,active,low,根据新证据重算画像与岗位匹配度,1.2.0,synthetic,true,SRC-SYNTH,2026-09-13T00:00:00+08:00,0.9,synthetic,not_applicable,,team_generated,false,dev
EVT-N033-21,USER-N033,onboarding,2025-09-15T16:00:00Z,,,,0,completed,neutral,active,low,完成基础信息和学习约束录入,1.2.0,synthetic,true,SRC-SYNTH,2026-09-13T00:00:00+08:00,0.9,synthetic,not_applicable,,team_generated,false,dev
EVT-N033-22,USER-N033,skill_assessment,2025-10-02T16:00:00Z,SKILL-019,,,3,completed,positive,progressing,low,完成能力测评并生成可解释证据,1.2.0,synthetic,true,SRC-SYNTH,2026-09-13T00:00:00+08:00,0.9,synthetic,not_applicable,,team_generated,false,dev
EVT-N033-23,USER-N033,course_started,2025-10-19T16:00:00Z,SKILL-022,RES-0002,,0,completed,neutral,active,low,开始一项与目标能力相关的课程,1.2.0,synthetic,true,SRC-SYNTH,2026-09-13T00:00:00+08:00,0.9,synthetic,not_applicable,,team_generated,false,dev
EVT-N033-24,USER-N033,task_completed,2025-11-05T16:00:00Z,SKILL-025,RES-0431,,2,completed,positive,progressing,low,完成本周学习任务,1.2.0,synthetic,true,SRC-SYNTH,2026-09-13T00:00:00+08:00,0.9,synthetic,not_applicable,,team_generated,false,dev
EVT-N033-25,USER-N033,skill_practice,2025-11-22T16:00:00Z,SKILL-048,RES-0041,,2,completed,positive,progressing,low,完成技能练习并记录反思,1.2.0,synthetic,true,SRC-SYNTH,2026-09-13T00:00:00+08:00,0.9,synthetic,not_applicable,,team_generated,false,dev
EVT-N033-26,USER-N033,course_completed,2025-12-09T16:00:00Z,SKILL-001,RES-0121,,6,completed,positive,progressing,low,完成课程并提交学习总结,1.2.0,synthetic,true,SRC-SYNTH,2026-09-13T00:00:00+08:00,0.9,synthetic,not_applicable,,team_generated,false,dev
EVT-N033-27,USER-N033,project_started,2025-12-26T16:00:00Z,SKILL-011,RES-0551,,0,completed,neutral,active,low,启动实践项目并确认里程碑,1.2.0,synthetic,true,SRC-SYNTH,2026-09-13T00:00:00+08:00,0.9,synthetic,not_applicable,,team_generated,false,dev
EVT-N033-28,USER-N033,job_viewed,2026-01-12T16:00:00Z,,,JOB-AI-ALG-0028,0,completed,neutral,active,low,查看目标岗位及能力要求,1.2.0,synthetic,true,SRC-SYNTH,2026-09-13T00:00:00+08:00,0.9,synthetic,not_applicable,,team_generated,false,dev
EVT-N033-29,USER-N033,feedback_submitted,2026-01-29T16:00:00Z,SKILL-022,,,0,completed,neutral,active,low,提交计划难度和推荐相关性反馈,1.2.0,synthetic,true,SRC-SYNTH,2026-09-13T00:00:00+08:00,0.9,synthetic,not_applicable,,team_generated,false,dev
EVT-N033-30,USER-N033,task_completed,2026-02-15T16:00:00Z,SKILL-025,RES-0006,,2,completed,positive,progressing,low,完成本周学习任务,1.2.0,synthetic,true,SRC-SYNTH,2026-09-13T00:00:00+08:00,0.9,synthetic,not_applicable,,team_generated,false,dev
EVT-N033-31,USER-N033,project_completed,2026-03-04T16:00:00Z,SKILL-048,RES-0161,,8,completed,positive,progressing,low,完成项目、说明文档和复盘,1.2.0,synthetic,true,SRC-SYNTH,2026-09-13T00:00:00+08:00,0.9,synthetic,not_applicable,,team_generated,false,dev
EVT-N033-32,USER-N033,profile_recalculated,2026-03-21T16:00:00Z,SKILL-001,,,0,completed,neutral,active,low,根据新证据重算画像与岗位匹配度,1.2.0,synthetic,true,SRC-SYNTH,2026-09-13T00:00:00+08:00,0.9,synthetic,not_applicable,,team_generated,false,dev
EVT-N033-33,USER-N033,job_saved,2026-04-07T16:00:00Z,,,JOB-AI-ALG-0033,0,completed,neutral,active,low,收藏一个模拟目标岗位,1.2.0,synthetic,true,SRC-SYNTH,2026-09-13T00:00:00+08:00,0.9,synthetic,not_applicable,,team_generated,false,dev
EVT-N033-34,USER-N033,application_submitted,2026-04-24T16:00:00Z,,,JOB-AI-ALG-0034,0,completed,neutral,active,low,向模拟岗位提交申请,1.2.0,synthetic,true,SRC-SYNTH,2026-09-13T00:00:00+08:00,0.9,synthetic,not_applicable,,team_generated,false,dev
EVT-N033-35,USER-N033,interview_result,2026-05-11T16:00:00Z,,,JOB-AI-ALG-0035,0,completed,disappointed,active,low,记录模拟面试反馈,1.2.0,synthetic,true,SRC-SYNTH,2026-09-13T00:00:00+08:00,0.9,synthetic,not_applicable,,team_generated,false,dev
EVT-N033-36,USER-N033,plan_adjusted,2026-05-28T16:00:00Z,SKILL-025,,,0,completed,neutral,plan_rebalanced,low,根据时间和反馈调整学习计划,1.2.0,synthetic,true,SRC-SYNTH,2026-09-13T00:00:00+08:00,0.9,synthetic,not_applicable,,team_generated,false,dev
EVT-N033-37,USER-N033,skill_practice,2026-06-14T16:00:00Z,SKILL-048,RES-0041,,2,completed,positive,progressing,low,完成技能练习并记录反思,1.2.0,synthetic,true,SRC-SYNTH,2026-09-13T00:00:00+08:00,0.9,synthetic,not_applicable,,team_generated,false,dev
EVT-N033-38,USER-N033,inactivity,2026-07-01T16:00:00Z,SKILL-001,,,-4,attention_needed,frustrated,learning_stalled,medium,超过设定周期未产生学习证据，触发技能衰减,1.2.0,synthetic,true,SRC-SYNTH,2026-09-13T00:00:00+08:00,0.9,synthetic,not_applicable,,team_generated,false,dev
EVT-N033-39,USER-N033,reminder_response,2026-07-18T16:00:00Z,SKILL-011,,,0,completed,neutral,active,low,响应任务提醒并更新完成状态,1.2.0,synthetic,true,SRC-SYNTH,2026-09-13T00:00:00+08:00,0.9,synthetic,not_applicable,,team_generated,false,dev
EVT-N033-40,USER-N033,profile_recalculated,2026-08-04T16:00:00Z,SKILL-019,,,0,completed,neutral,active,low,根据新证据重算画像与岗位匹配度,1.2.0,synthetic,true,SRC-SYNTH,2026-09-13T00:00:00+08:00,0.9,synthetic,not_applicable,,team_generated,false,dev
EVT-N034-01,USER-N034,onboarding,2024-10-10T16:00:00Z,,,,0,completed,neutral,active,low,完成基础信息和学习约束录入,1.2.0,synthetic,true,SRC-SYNTH,2026-09-13T00:00:00+08:00,0.9,synthetic,not_applicable,,team_generated,false,dev
EVT-N034-02,USER-N034,skill_assessment,2024-10-27T16:00:00Z,SKILL-007,,,3,completed,positive,progressing,low,完成能力测评并生成可解释证据,1.2.0,synthetic,true,SRC-SYNTH,2026-09-13T00:00:00+08:00,0.9,synthetic,not_applicable,,team_generated,false,dev
EVT-N034-03,USER-N034,course_started,2024-11-13T16:00:00Z,SKILL-025,RES-0008,,0,completed,neutral,active,low,开始一项与目标能力相关的课程,1.2.0,synthetic,true,SRC-SYNTH,2026-09-13T00:00:00+08:00,0.9,synthetic,not_applicable,,team_generated,false,dev
EVT-N034-04,USER-N034,task_completed,2024-11-30T16:00:00Z,SKILL-028,RES-0134,,2,completed,positive,progressing,low,完成本周学习任务,1.2.0,synthetic,true,SRC-SYNTH,2026-09-13T00:00:00+08:00,0.9,synthetic,not_applicable,,team_generated,false,dev
EVT-N034-05,USER-N034,skill_practice,2024-12-17T16:00:00Z,SKILL-034,RES-0154,,2,completed,positive,progressing,low,完成技能练习并记录反思,1.2.0,synthetic,true,SRC-SYNTH,2026-09-13T00:00:00+08:00,0.9,synthetic,not_applicable,,team_generated,false,dev
EVT-N034-06,USER-N034,course_completed,2025-01-03T16:00:00Z,SKILL-037,RES-0157,,6,completed,positive,progressing,low,完成课程并提交学习总结,1.2.0,synthetic,true,SRC-SYNTH,2026-09-13T00:00:00+08:00,0.9,synthetic,not_applicable,,team_generated,false,dev
EVT-N034-07,USER-N034,project_started,2025-01-20T16:00:00Z,SKILL-043,RES-0043,,0,completed,neutral,active,low,启动实践项目并确认里程碑,1.2.0,synthetic,true,SRC-SYNTH,2026-09-13T00:00:00+08:00,0.9,synthetic,not_applicable,,team_generated,false,dev
EVT-N034-08,USER-N034,job_viewed,2025-02-06T16:00:00Z,,,JOB-AI-APP-0087,0,completed,neutral,active,low,查看目标岗位及能力要求,1.2.0,synthetic,true,SRC-SYNTH,2026-09-13T00:00:00+08:00,0.9,synthetic,not_applicable,,team_generated,false,dev
EVT-N034-09,USER-N034,feedback_submitted,2025-02-23T16:00:00Z,SKILL-025,,,0,completed,neutral,active,low,提交计划难度和推荐相关性反馈,1.2.0,synthetic,true,SRC-SYNTH,2026-09-13T00:00:00+08:00,0.9,synthetic,not_applicable,,team_generated,false,dev
EVT-N034-10,USER-N034,task_completed,2025-03-12T16:00:00Z,SKILL-028,RES-0314,,2,completed,positive,progressing,low,完成本周学习任务,1.2.0,synthetic,true,SRC-SYNTH,2026-09-13T00:00:00+08:00,0.9,synthetic,not_applicable,,team_generated,false,dev
EVT-N034-11,USER-N034,project_completed,2025-03-29T16:00:00Z,SKILL-034,RES-0034,,8,completed,positive,progressing,low,完成项目、说明文档和复盘,1.2.0,synthetic,true,SRC-SYNTH,2026-09-13T00:00:00+08:00,0.9,synthetic,not_applicable,,team_generated,false,dev
EVT-N034-12,USER-N034,profile_recalculated,2025-04-15T16:00:00Z,SKILL-037,,,0,completed,neutral,active,low,根据新证据重算画像与岗位匹配度,1.2.0,synthetic,true,SRC-SYNTH,2026-09-13T00:00:00+08:00,0.9,synthetic,not_applicable,,team_generated,false,dev
EVT-N034-13,USER-N034,job_saved,2025-05-02T16:00:00Z,,,JOB-AI-APP-0013,0,completed,neutral,active,low,收藏一个模拟目标岗位,1.2.0,synthetic,true,SRC-SYNTH,2026-09-13T00:00:00+08:00,0.9,synthetic,not_applicable,,team_generated,false,dev
EVT-N034-14,USER-N034,application_submitted,2025-05-19T16:00:00Z,,,JOB-AI-APP-0014,0,completed,neutral,active,low,向模拟岗位提交申请,1.2.0,synthetic,true,SRC-SYNTH,2026-09-13T00:00:00+08:00,0.9,synthetic,not_applicable,,team_generated,false,dev
EVT-N034-15,USER-N034,interview_result,2025-06-05T16:00:00Z,,,JOB-AI-APP-0015,0,completed,disappointed,active,low,记录模拟面试反馈,1.2.0,synthetic,true,SRC-SYNTH,2026-09-13T00:00:00+08:00,0.9,synthetic,not_applicable,,team_generated,false,dev
EVT-N034-16,USER-N034,plan_adjusted,2025-06-22T16:00:00Z,SKILL-028,,,0,completed,neutral,plan_rebalanced,low,根据时间和反馈调整学习计划,1.2.0,synthetic,true,SRC-SYNTH,2026-09-13T00:00:00+08:00,0.9,synthetic,not_applicable,,team_generated,false,dev
EVT-N034-17,USER-N034,skill_practice,2025-07-09T16:00:00Z,SKILL-034,RES-0140,,2,completed,positive,progressing,low,完成技能练习并记录反思,1.2.0,synthetic,true,SRC-SYNTH,2026-09-13T00:00:00+08:00,0.9,synthetic,not_applicable,,team_generated,false,dev
EVT-N034-18,USER-N034,inactivity,2025-07-26T16:00:00Z,SKILL-037,,,-4,attention_needed,frustrated,learning_stalled,medium,超过设定周期未产生学习证据，触发技能衰减,1.2.0,synthetic,true,SRC-SYNTH,2026-09-13T00:00:00+08:00,0.9,synthetic,not_applicable,,team_generated,false,dev
EVT-N034-19,USER-N034,reminder_response,2025-08-12T16:00:00Z,SKILL-043,,,0,completed,neutral,active,low,响应任务提醒并更新完成状态,1.2.0,synthetic,true,SRC-SYNTH,2026-09-13T00:00:00+08:00,0.9,synthetic,not_applicable,,team_generated,false,dev
EVT-N034-20,USER-N034,profile_recalculated,2025-08-29T16:00:00Z,SKILL-007,,,0,completed,neutral,active,low,根据新证据重算画像与岗位匹配度,1.2.0,synthetic,true,SRC-SYNTH,2026-09-13T00:00:00+08:00,0.9,synthetic,not_applicable,,team_generated,false,dev
EVT-N034-21,USER-N034,onboarding,2025-09-15T16:00:00Z,,,,0,completed,neutral,active,low,完成基础信息和学习约束录入,1.2.0,synthetic,true,SRC-SYNTH,2026-09-13T00:00:00+08:00,0.9,synthetic,not_applicable,,team_generated,false,dev
EVT-N034-22,USER-N034,skill_assessment,2025-10-02T16:00:00Z,SKILL-028,,,3,completed,positive,progressing,low,完成能力测评并生成可解释证据,1.2.0,synthetic,true,SRC-SYNTH,2026-09-13T00:00:00+08:00,0.9,synthetic,not_applicable,,team_generated,false,dev
EVT-N034-23,USER-N034,course_started,2025-10-19T16:00:00Z,SKILL-034,RES-0140,,0,completed,neutral,active,low,开始一项与目标能力相关的课程,1.2.0,synthetic,true,SRC-SYNTH,2026-09-13T00:00:00+08:00,0.9,synthetic,not_applicable,,team_generated,false,dev
EVT-N034-24,USER-N034,task_completed,2025-11-05T16:00:00Z,SKILL-037,RES-0143,,2,completed,positive,progressing,low,完成本周学习任务,1.2.0,synthetic,true,SRC-SYNTH,2026-09-13T00:00:00+08:00,0.9,synthetic,not_applicable,,team_generated,false,dev
EVT-N034-25,USER-N034,skill_practice,2025-11-22T16:00:00Z,SKILL-043,RES-0149,,2,completed,positive,progressing,low,完成技能练习并记录反思,1.2.0,synthetic,true,SRC-SYNTH,2026-09-13T00:00:00+08:00,0.9,synthetic,not_applicable,,team_generated,false,dev
EVT-N034-26,USER-N034,course_completed,2025-12-09T16:00:00Z,SKILL-007,RES-0127,,6,completed,positive,progressing,low,完成课程并提交学习总结,1.2.0,synthetic,true,SRC-SYNTH,2026-09-13T00:00:00+08:00,0.9,synthetic,not_applicable,,team_generated,false,dev
EVT-N034-27,USER-N034,project_started,2025-12-26T16:00:00Z,SKILL-025,RES-0445,,0,completed,neutral,active,low,启动实践项目并确认里程碑,1.2.0,synthetic,true,SRC-SYNTH,2026-09-13T00:00:00+08:00,0.9,synthetic,not_applicable,,team_generated,false,dev
EVT-N034-28,USER-N034,job_viewed,2026-01-12T16:00:00Z,,,JOB-AI-APP-0028,0,completed,neutral,active,low,查看目标岗位及能力要求,1.2.0,synthetic,true,SRC-SYNTH,2026-09-13T00:00:00+08:00,0.9,synthetic,not_applicable,,team_generated,false,dev
EVT-N034-29,USER-N034,feedback_submitted,2026-01-29T16:00:00Z,SKILL-034,,,0,completed,neutral,active,low,提交计划难度和推荐相关性反馈,1.2.0,synthetic,true,SRC-SYNTH,2026-09-13T00:00:00+08:00,0.9,synthetic,not_applicable,,team_generated,false,dev
EVT-N034-30,USER-N034,task_completed,2026-02-15T16:00:00Z,SKILL-037,RES-0277,,2,completed,positive,progressing,low,完成本周学习任务,1.2.0,synthetic,true,SRC-SYNTH,2026-09-13T00:00:00+08:00,0.9,synthetic,not_applicable,,team_generated,false,dev
EVT-N034-31,USER-N034,project_completed,2026-03-04T16:00:00Z,SKILL-043,RES-0029,,8,completed,positive,progressing,low,完成项目、说明文档和复盘,1.2.0,synthetic,true,SRC-SYNTH,2026-09-13T00:00:00+08:00,0.9,synthetic,not_applicable,,team_generated,false,dev
EVT-N034-32,USER-N034,profile_recalculated,2026-03-21T16:00:00Z,SKILL-007,,,0,completed,neutral,active,low,根据新证据重算画像与岗位匹配度,1.2.0,synthetic,true,SRC-SYNTH,2026-09-13T00:00:00+08:00,0.9,synthetic,not_applicable,,team_generated,false,dev
EVT-N034-33,USER-N034,job_saved,2026-04-07T16:00:00Z,,,JOB-AI-APP-0033,0,completed,neutral,active,low,收藏一个模拟目标岗位,1.2.0,synthetic,true,SRC-SYNTH,2026-09-13T00:00:00+08:00,0.9,synthetic,not_applicable,,team_generated,false,dev
EVT-N034-34,USER-N034,application_submitted,2026-04-24T16:00:00Z,,,JOB-AI-APP-0034,0,completed,neutral,active,low,向模拟岗位提交申请,1.2.0,synthetic,true,SRC-SYNTH,2026-09-13T00:00:00+08:00,0.9,synthetic,not_applicable,,team_generated,false,dev
EVT-N034-35,USER-N034,interview_result,2026-05-11T16:00:00Z,,,JOB-AI-APP-0035,0,completed,disappointed,active,low,记录模拟面试反馈,1.2.0,synthetic,true,SRC-SYNTH,2026-09-13T00:00:00+08:00,0.9,synthetic,not_applicable,,team_generated,false,dev
EVT-N034-36,USER-N034,plan_adjusted,2026-05-28T16:00:00Z,SKILL-037,,,0,completed,neutral,plan_rebalanced,low,根据时间和反馈调整学习计划,1.2.0,synthetic,true,SRC-SYNTH,2026-09-13T00:00:00+08:00,0.9,synthetic,not_applicable,,team_generated,false,dev
EVT-N034-37,USER-N034,skill_practice,2026-06-14T16:00:00Z,SKILL-043,RES-0043,,2,completed,positive,progressing,low,完成技能练习并记录反思,1.2.0,synthetic,true,SRC-SYNTH,2026-09-13T00:00:00+08:00,0.9,synthetic,not_applicable,,team_generated,false,dev
EVT-N034-38,USER-N034,inactivity,2026-07-01T16:00:00Z,SKILL-007,,,-4,attention_needed,frustrated,learning_stalled,medium,超过设定周期未产生学习证据，触发技能衰减,1.2.0,synthetic,true,SRC-SYNTH,2026-09-13T00:00:00+08:00,0.9,synthetic,not_applicable,,team_generated,false,dev
EVT-N034-39,USER-N034,reminder_response,2026-07-18T16:00:00Z,SKILL-025,,,0,completed,neutral,active,low,响应任务提醒并更新完成状态,1.2.0,synthetic,true,SRC-SYNTH,2026-09-13T00:00:00+08:00,0.9,synthetic,not_applicable,,team_generated,false,dev
EVT-N034-40,USER-N034,profile_recalculated,2026-08-04T16:00:00Z,SKILL-028,,,0,completed,neutral,active,low,根据新证据重算画像与岗位匹配度,1.2.0,synthetic,true,SRC-SYNTH,2026-09-13T00:00:00+08:00,0.9,synthetic,not_applicable,,team_generated,false,dev
EVT-N035-01,USER-N035,onboarding,2024-10-10T16:00:00Z,,,,0,completed,neutral,active,low,完成基础信息和学习约束录入,1.2.0,synthetic,true,SRC-SYNTH,2026-09-13T00:00:00+08:00,0.9,synthetic,not_applicable,,team_generated,false,dev
EVT-N035-02,USER-N035,skill_assessment,2024-10-27T16:00:00Z,SKILL-010,,,3,completed,positive,progressing,low,完成能力测评并生成可解释证据,1.2.0,synthetic,true,SRC-SYNTH,2026-09-13T00:00:00+08:00,0.9,synthetic,not_applicable,,team_generated,false,dev
EVT-N035-03,USER-N035,course_started,2024-11-13T16:00:00Z,SKILL-013,RES-0193,,0,completed,neutral,active,low,开始一项与目标能力相关的课程,1.2.0,synthetic,true,SRC-SYNTH,2026-09-13T00:00:00+08:00,0.9,synthetic,not_applicable,,team_generated,false,dev
EVT-N035-04,USER-N035,task_completed,2024-11-30T16:00:00Z,SKILL-016,RES-0136,,2,completed,positive,progressing,low,完成本周学习任务,1.2.0,synthetic,true,SRC-SYNTH,2026-09-13T00:00:00+08:00,0.9,synthetic,not_applicable,,team_generated,false,dev
EVT-N035-05,USER-N035,skill_practice,2024-12-17T16:00:00Z,SKILL-043,RES-0149,,2,completed,positive,progressing,low,完成技能练习并记录反思,1.2.0,synthetic,true,SRC-SYNTH,2026-09-13T00:00:00+08:00,0.9,synthetic,not_applicable,,team_generated,false,dev
EVT-N035-06,USER-N035,course_completed,2025-01-03T16:00:00Z,SKILL-046,RES-0152,,6,completed,positive,progressing,low,完成课程并提交学习总结,1.2.0,synthetic,true,SRC-SYNTH,2026-09-13T00:00:00+08:00,0.9,synthetic,not_applicable,,team_generated,false,dev
EVT-N035-07,USER-N035,project_started,2025-01-20T16:00:00Z,SKILL-054,RES-0174,,0,completed,neutral,active,low,启动实践项目并确认里程碑,1.2.0,synthetic,true,SRC-SYNTH,2026-09-13T00:00:00+08:00,0.9,synthetic,not_applicable,,team_generated,false,dev
EVT-N035-08,USER-N035,job_viewed,2025-02-06T16:00:00Z,,,JOB-DATA-0087,0,completed,neutral,active,low,查看目标岗位及能力要求,1.2.0,synthetic,true,SRC-SYNTH,2026-09-13T00:00:00+08:00,0.9,synthetic,not_applicable,,team_generated,false,dev
EVT-N035-09,USER-N035,feedback_submitted,2025-02-23T16:00:00Z,SKILL-013,,,0,completed,neutral,active,low,提交计划难度和推荐相关性反馈,1.2.0,synthetic,true,SRC-SYNTH,2026-09-13T00:00:00+08:00,0.9,synthetic,not_applicable,,team_generated,false,dev
EVT-N035-10,USER-N035,task_completed,2025-03-12T16:00:00Z,SKILL-016,RES-0556,,2,completed,positive,progressing,low,完成本周学习任务,1.2.0,synthetic,true,SRC-SYNTH,2026-09-13T00:00:00+08:00,0.9,synthetic,not_applicable,,team_generated,false,dev
EVT-N035-11,USER-N035,project_completed,2025-03-29T16:00:00Z,SKILL-043,RES-0029,,8,completed,positive,progressing,low,完成项目、说明文档和复盘,1.2.0,synthetic,true,SRC-SYNTH,2026-09-13T00:00:00+08:00,0.9,synthetic,not_applicable,,team_generated,false,dev
EVT-N035-12,USER-N035,profile_recalculated,2025-04-15T16:00:00Z,SKILL-046,,,0,completed,neutral,active,low,根据新证据重算画像与岗位匹配度,1.2.0,synthetic,true,SRC-SYNTH,2026-09-13T00:00:00+08:00,0.9,synthetic,not_applicable,,team_generated,false,dev
EVT-N035-13,USER-N035,job_saved,2025-05-02T16:00:00Z,,,JOB-DATA-0013,0,completed,neutral,active,low,收藏一个模拟目标岗位,1.2.0,synthetic,true,SRC-SYNTH,2026-09-13T00:00:00+08:00,0.9,synthetic,not_applicable,,team_generated,false,dev
EVT-N035-14,USER-N035,application_submitted,2025-05-19T16:00:00Z,,,JOB-DATA-0014,0,completed,neutral,active,low,向模拟岗位提交申请,1.2.0,synthetic,true,SRC-SYNTH,2026-09-13T00:00:00+08:00,0.9,synthetic,not_applicable,,team_generated,false,dev
EVT-N035-15,USER-N035,interview_result,2025-06-05T16:00:00Z,,,JOB-DATA-0015,0,completed,disappointed,active,low,记录模拟面试反馈,1.2.0,synthetic,true,SRC-SYNTH,2026-09-13T00:00:00+08:00,0.9,synthetic,not_applicable,,team_generated,false,dev
EVT-N035-16,USER-N035,plan_adjusted,2025-06-22T16:00:00Z,SKILL-016,,,0,completed,neutral,plan_rebalanced,low,根据时间和反馈调整学习计划,1.2.0,synthetic,true,SRC-SYNTH,2026-09-13T00:00:00+08:00,0.9,synthetic,not_applicable,,team_generated,false,dev
EVT-N035-17,USER-N035,skill_practice,2025-07-09T16:00:00Z,SKILL-043,RES-0043,,2,completed,positive,progressing,low,完成技能练习并记录反思,1.2.0,synthetic,true,SRC-SYNTH,2026-09-13T00:00:00+08:00,0.9,synthetic,not_applicable,,team_generated,false,dev
EVT-N035-18,USER-N035,inactivity,2025-07-26T16:00:00Z,SKILL-046,,,-4,attention_needed,frustrated,learning_stalled,medium,超过设定周期未产生学习证据，触发技能衰减,1.2.0,synthetic,true,SRC-SYNTH,2026-09-13T00:00:00+08:00,0.9,synthetic,not_applicable,,team_generated,false,dev
EVT-N035-19,USER-N035,reminder_response,2025-08-12T16:00:00Z,SKILL-054,,,0,completed,neutral,active,low,响应任务提醒并更新完成状态,1.2.0,synthetic,true,SRC-SYNTH,2026-09-13T00:00:00+08:00,0.9,synthetic,not_applicable,,team_generated,false,dev
EVT-N035-20,USER-N035,profile_recalculated,2025-08-29T16:00:00Z,SKILL-010,,,0,completed,neutral,active,low,根据新证据重算画像与岗位匹配度,1.2.0,synthetic,true,SRC-SYNTH,2026-09-13T00:00:00+08:00,0.9,synthetic,not_applicable,,team_generated,false,dev
EVT-N035-21,USER-N035,onboarding,2025-09-15T16:00:00Z,,,,0,completed,neutral,active,low,完成基础信息和学习约束录入,1.2.0,synthetic,true,SRC-SYNTH,2026-09-13T00:00:00+08:00,0.9,synthetic,not_applicable,,team_generated,false,dev
EVT-N035-22,USER-N035,skill_assessment,2025-10-02T16:00:00Z,SKILL-016,,,3,completed,positive,progressing,low,完成能力测评并生成可解释证据,1.2.0,synthetic,true,SRC-SYNTH,2026-09-13T00:00:00+08:00,0.9,synthetic,not_applicable,,team_generated,false,dev
EVT-N035-23,USER-N035,course_started,2025-10-19T16:00:00Z,SKILL-043,RES-0149,,0,completed,neutral,active,low,开始一项与目标能力相关的课程,1.2.0,synthetic,true,SRC-SYNTH,2026-09-13T00:00:00+08:00,0.9,synthetic,not_applicable,,team_generated,false,dev
EVT-N035-24,USER-N035,task_completed,2025-11-05T16:00:00Z,SKILL-046,RES-0452,,2,completed,positive,progressing,low,完成本周学习任务,1.2.0,synthetic,true,SRC-SYNTH,2026-09-13T00:00:00+08:00,0.9,synthetic,not_applicable,,team_generated,false,dev
EVT-N035-25,USER-N035,skill_practice,2025-11-22T16:00:00Z,SKILL-054,RES-0005,,2,completed,positive,progressing,low,完成技能练习并记录反思,1.2.0,synthetic,true,SRC-SYNTH,2026-09-13T00:00:00+08:00,0.9,synthetic,not_applicable,,team_generated,false,dev
EVT-N035-26,USER-N035,course_completed,2025-12-09T16:00:00Z,SKILL-010,RES-0176,,6,completed,positive,progressing,low,完成课程并提交学习总结,1.2.0,synthetic,true,SRC-SYNTH,2026-09-13T00:00:00+08:00,0.9,synthetic,not_applicable,,team_generated,false,dev
EVT-N035-27,USER-N035,project_started,2025-12-26T16:00:00Z,SKILL-013,RES-0179,,0,completed,neutral,active,low,启动实践项目并确认里程碑,1.2.0,synthetic,true,SRC-SYNTH,2026-09-13T00:00:00+08:00,0.9,synthetic,not_applicable,,team_generated,false,dev
EVT-N035-28,USER-N035,job_viewed,2026-01-12T16:00:00Z,,,JOB-DATA-0028,0,completed,neutral,active,low,查看目标岗位及能力要求,1.2.0,synthetic,true,SRC-SYNTH,2026-09-13T00:00:00+08:00,0.9,synthetic,not_applicable,,team_generated,false,dev
EVT-N035-29,USER-N035,feedback_submitted,2026-01-29T16:00:00Z,SKILL-043,,,0,completed,neutral,active,low,提交计划难度和推荐相关性反馈,1.2.0,synthetic,true,SRC-SYNTH,2026-09-13T00:00:00+08:00,0.9,synthetic,not_applicable,,team_generated,false,dev
EVT-N035-30,USER-N035,task_completed,2026-02-15T16:00:00Z,SKILL-046,RES-0452,,2,completed,positive,progressing,low,完成本周学习任务,1.2.0,synthetic,true,SRC-SYNTH,2026-09-13T00:00:00+08:00,0.9,synthetic,not_applicable,,team_generated,false,dev
EVT-N035-31,USER-N035,project_completed,2026-03-04T16:00:00Z,SKILL-054,RES-0174,,8,completed,positive,progressing,low,完成项目、说明文档和复盘,1.2.0,synthetic,true,SRC-SYNTH,2026-09-13T00:00:00+08:00,0.9,synthetic,not_applicable,,team_generated,false,dev
EVT-N035-32,USER-N035,profile_recalculated,2026-03-21T16:00:00Z,SKILL-010,,,0,completed,neutral,active,low,根据新证据重算画像与岗位匹配度,1.2.0,synthetic,true,SRC-SYNTH,2026-09-13T00:00:00+08:00,0.9,synthetic,not_applicable,,team_generated,false,dev
EVT-N035-33,USER-N035,job_saved,2026-04-07T16:00:00Z,,,JOB-DATA-0033,0,completed,neutral,active,low,收藏一个模拟目标岗位,1.2.0,synthetic,true,SRC-SYNTH,2026-09-13T00:00:00+08:00,0.9,synthetic,not_applicable,,team_generated,false,dev
EVT-N035-34,USER-N035,application_submitted,2026-04-24T16:00:00Z,,,JOB-DATA-0034,0,completed,neutral,active,low,向模拟岗位提交申请,1.2.0,synthetic,true,SRC-SYNTH,2026-09-13T00:00:00+08:00,0.9,synthetic,not_applicable,,team_generated,false,dev
EVT-N035-35,USER-N035,interview_result,2026-05-11T16:00:00Z,,,JOB-DATA-0035,0,completed,disappointed,active,low,记录模拟面试反馈,1.2.0,synthetic,true,SRC-SYNTH,2026-09-13T00:00:00+08:00,0.9,synthetic,not_applicable,,team_generated,false,dev
EVT-N035-36,USER-N035,plan_adjusted,2026-05-28T16:00:00Z,SKILL-046,,,0,completed,neutral,plan_rebalanced,low,根据时间和反馈调整学习计划,1.2.0,synthetic,true,SRC-SYNTH,2026-09-13T00:00:00+08:00,0.9,synthetic,not_applicable,,team_generated,false,dev
EVT-N035-37,USER-N035,skill_practice,2026-06-14T16:00:00Z,SKILL-054,RES-0005,,2,completed,positive,progressing,low,完成技能练习并记录反思,1.2.0,synthetic,true,SRC-SYNTH,2026-09-13T00:00:00+08:00,0.9,synthetic,not_applicable,,team_generated,false,dev
EVT-N035-38,USER-N035,inactivity,2026-07-01T16:00:00Z,SKILL-010,,,-4,attention_needed,frustrated,learning_stalled,medium,超过设定周期未产生学习证据，触发技能衰减,1.2.0,synthetic,true,SRC-SYNTH,2026-09-13T00:00:00+08:00,0.9,synthetic,not_applicable,,team_generated,false,dev
EVT-N035-39,USER-N035,reminder_response,2026-07-18T16:00:00Z,SKILL-013,,,0,completed,neutral,active,low,响应任务提醒并更新完成状态,1.2.0,synthetic,true,SRC-SYNTH,2026-09-13T00:00:00+08:00,0.9,synthetic,not_applicable,,team_generated,false,dev
EVT-N035-40,USER-N035,profile_recalculated,2026-08-04T16:00:00Z,SKILL-016,,,0,completed,neutral,active,low,根据新证据重算画像与岗位匹配度,1.2.0,synthetic,true,SRC-SYNTH,2026-09-13T00:00:00+08:00,0.9,synthetic,not_applicable,,team_generated,false,dev
EVT-N036-01,USER-N036,onboarding,2024-10-10T16:00:00Z,,,,0,completed,neutral,active,low,完成基础信息和学习约束录入,1.2.0,synthetic,true,SRC-SYNTH,2026-09-13T00:00:00+08:00,0.9,synthetic,not_applicable,,team_generated,false,dev
EVT-N036-02,USER-N036,skill_assessment,2024-10-27T16:00:00Z,SKILL-011,,,3,completed,positive,progressing,low,完成能力测评并生成可解释证据,1.2.0,synthetic,true,SRC-SYNTH,2026-09-13T00:00:00+08:00,0.9,synthetic,not_applicable,,team_generated,false,dev
EVT-N036-03,USER-N036,course_started,2024-11-13T16:00:00Z,SKILL-019,RES-0003,,0,completed,neutral,active,low,开始一项与目标能力相关的课程,1.2.0,synthetic,true,SRC-SYNTH,2026-09-13T00:00:00+08:00,0.9,synthetic,not_applicable,,team_generated,false,dev
EVT-N036-04,USER-N036,task_completed,2024-11-30T16:00:00Z,SKILL-022,RES-0128,,2,completed,positive,progressing,low,完成本周学习任务,1.2.0,synthetic,true,SRC-SYNTH,2026-09-13T00:00:00+08:00,0.9,synthetic,not_applicable,,team_generated,false,dev
EVT-N036-05,USER-N036,skill_practice,2024-12-17T16:00:00Z,SKILL-025,RES-0011,,2,completed,positive,progressing,low,完成技能练习并记录反思,1.2.0,synthetic,true,SRC-SYNTH,2026-09-13T00:00:00+08:00,0.9,synthetic,not_applicable,,team_generated,false,dev
EVT-N036-06,USER-N036,course_completed,2025-01-03T16:00:00Z,SKILL-048,RES-0161,,6,completed,positive,progressing,low,完成课程并提交学习总结,1.2.0,synthetic,true,SRC-SYNTH,2026-09-13T00:00:00+08:00,0.9,synthetic,not_applicable,,team_generated,false,dev
EVT-N036-07,USER-N036,project_started,2025-01-20T16:00:00Z,SKILL-001,RES-0167,,0,completed,neutral,active,low,启动实践项目并确认里程碑,1.2.0,synthetic,true,SRC-SYNTH,2026-09-13T00:00:00+08:00,0.9,synthetic,not_applicable,,team_generated,false,dev
EVT-N036-08,USER-N036,job_viewed,2025-02-06T16:00:00Z,,,JOB-AI-ALG-0087,0,completed,neutral,active,low,查看目标岗位及能力要求,1.2.0,synthetic,true,SRC-SYNTH,2026-09-13T00:00:00+08:00,0.9,synthetic,not_applicable,,team_generated,false,dev
EVT-N036-09,USER-N036,feedback_submitted,2025-02-23T16:00:00Z,SKILL-019,,,0,completed,neutral,active,low,提交计划难度和推荐相关性反馈,1.2.0,synthetic,true,SRC-SYNTH,2026-09-13T00:00:00+08:00,0.9,synthetic,not_applicable,,team_generated,false,dev
EVT-N036-10,USER-N036,task_completed,2025-03-12T16:00:00Z,SKILL-022,RES-0548,,2,completed,positive,progressing,low,完成本周学习任务,1.2.0,synthetic,true,SRC-SYNTH,2026-09-13T00:00:00+08:00,0.9,synthetic,not_applicable,,team_generated,false,dev
EVT-N036-11,USER-N036,project_completed,2025-03-29T16:00:00Z,SKILL-025,RES-0025,,8,completed,positive,progressing,low,完成项目、说明文档和复盘,1.2.0,synthetic,true,SRC-SYNTH,2026-09-13T00:00:00+08:00,0.9,synthetic,not_applicable,,team_generated,false,dev
EVT-N036-12,USER-N036,profile_recalculated,2025-04-15T16:00:00Z,SKILL-048,,,0,completed,neutral,active,low,根据新证据重算画像与岗位匹配度,1.2.0,synthetic,true,SRC-SYNTH,2026-09-13T00:00:00+08:00,0.9,synthetic,not_applicable,,team_generated,false,dev
EVT-N036-13,USER-N036,job_saved,2025-05-02T16:00:00Z,,,JOB-AI-ALG-0013,0,completed,neutral,active,low,收藏一个模拟目标岗位,1.2.0,synthetic,true,SRC-SYNTH,2026-09-13T00:00:00+08:00,0.9,synthetic,not_applicable,,team_generated,false,dev
EVT-N036-14,USER-N036,application_submitted,2025-05-19T16:00:00Z,,,JOB-AI-ALG-0014,0,completed,neutral,active,low,向模拟岗位提交申请,1.2.0,synthetic,true,SRC-SYNTH,2026-09-13T00:00:00+08:00,0.9,synthetic,not_applicable,,team_generated,false,dev
EVT-N036-15,USER-N036,interview_result,2025-06-05T16:00:00Z,,,JOB-AI-ALG-0015,0,completed,disappointed,active,low,记录模拟面试反馈,1.2.0,synthetic,true,SRC-SYNTH,2026-09-13T00:00:00+08:00,0.9,synthetic,not_applicable,,team_generated,false,dev
EVT-N036-16,USER-N036,plan_adjusted,2025-06-22T16:00:00Z,SKILL-022,,,0,completed,neutral,plan_rebalanced,low,根据时间和反馈调整学习计划,1.2.0,synthetic,true,SRC-SYNTH,2026-09-13T00:00:00+08:00,0.9,synthetic,not_applicable,,team_generated,false,dev
EVT-N036-17,USER-N036,skill_practice,2025-07-09T16:00:00Z,SKILL-025,RES-0008,,2,completed,positive,progressing,low,完成技能练习并记录反思,1.2.0,synthetic,true,SRC-SYNTH,2026-09-13T00:00:00+08:00,0.9,synthetic,not_applicable,,team_generated,false,dev
EVT-N036-18,USER-N036,inactivity,2025-07-26T16:00:00Z,SKILL-048,,,-4,attention_needed,frustrated,learning_stalled,medium,超过设定周期未产生学习证据，触发技能衰减,1.2.0,synthetic,true,SRC-SYNTH,2026-09-13T00:00:00+08:00,0.9,synthetic,not_applicable,,team_generated,false,dev
EVT-N036-19,USER-N036,reminder_response,2025-08-12T16:00:00Z,SKILL-001,,,0,completed,neutral,active,low,响应任务提醒并更新完成状态,1.2.0,synthetic,true,SRC-SYNTH,2026-09-13T00:00:00+08:00,0.9,synthetic,not_applicable,,team_generated,false,dev
EVT-N036-20,USER-N036,profile_recalculated,2025-08-29T16:00:00Z,SKILL-011,,,0,completed,neutral,active,low,根据新证据重算画像与岗位匹配度,1.2.0,synthetic,true,SRC-SYNTH,2026-09-13T00:00:00+08:00,0.9,synthetic,not_applicable,,team_generated,false,dev
EVT-N036-21,USER-N036,onboarding,2025-09-15T16:00:00Z,,,,0,completed,neutral,active,low,完成基础信息和学习约束录入,1.2.0,synthetic,true,SRC-SYNTH,2026-09-13T00:00:00+08:00,0.9,synthetic,not_applicable,,team_generated,false,dev
EVT-N036-22,USER-N036,skill_assessment,2025-10-02T16:00:00Z,SKILL-022,,,3,completed,positive,progressing,low,完成能力测评并生成可解释证据,1.2.0,synthetic,true,SRC-SYNTH,2026-09-13T00:00:00+08:00,0.9,synthetic,not_applicable,,team_generated,false,dev
EVT-N036-23,USER-N036,course_started,2025-10-19T16:00:00Z,SKILL-025,RES-0131,,0,completed,neutral,active,low,开始一项与目标能力相关的课程,1.2.0,synthetic,true,SRC-SYNTH,2026-09-13T00:00:00+08:00,0.9,synthetic,not_applicable,,team_generated,false,dev
EVT-N036-24,USER-N036,task_completed,2025-11-05T16:00:00Z,SKILL-048,RES-0168,,2,completed,positive,progressing,low,完成本周学习任务,1.2.0,synthetic,true,SRC-SYNTH,2026-09-13T00:00:00+08:00,0.9,synthetic,not_applicable,,team_generated,false,dev
EVT-N036-25,USER-N036,skill_practice,2025-11-22T16:00:00Z,SKILL-001,RES-0181,,2,completed,positive,progressing,low,完成技能练习并记录反思,1.2.0,synthetic,true,SRC-SYNTH,2026-09-13T00:00:00+08:00,0.9,synthetic,not_applicable,,team_generated,false,dev
EVT-N036-26,USER-N036,course_completed,2025-12-09T16:00:00Z,SKILL-011,RES-0544,,6,completed,positive,progressing,low,完成课程并提交学习总结,1.2.0,synthetic,true,SRC-SYNTH,2026-09-13T00:00:00+08:00,0.9,synthetic,not_applicable,,team_generated,false,dev
EVT-N036-27,USER-N036,project_started,2025-12-26T16:00:00Z,SKILL-019,RES-0003,,0,completed,neutral,active,low,启动实践项目并确认里程碑,1.2.0,synthetic,true,SRC-SYNTH,2026-09-13T00:00:00+08:00,0.9,synthetic,not_applicable,,team_generated,false,dev
EVT-N036-28,USER-N036,job_viewed,2026-01-12T16:00:00Z,,,JOB-AI-ALG-0028,0,completed,neutral,active,low,查看目标岗位及能力要求,1.2.0,synthetic,true,SRC-SYNTH,2026-09-13T00:00:00+08:00,0.9,synthetic,not_applicable,,team_generated,false,dev
EVT-N036-29,USER-N036,feedback_submitted,2026-01-29T16:00:00Z,SKILL-025,,,0,completed,neutral,active,low,提交计划难度和推荐相关性反馈,1.2.0,synthetic,true,SRC-SYNTH,2026-09-13T00:00:00+08:00,0.9,synthetic,not_applicable,,team_generated,false,dev
EVT-N036-30,USER-N036,task_completed,2026-02-15T16:00:00Z,SKILL-048,RES-0108,,2,completed,positive,progressing,low,完成本周学习任务,1.2.0,synthetic,true,SRC-SYNTH,2026-09-13T00:00:00+08:00,0.9,synthetic,not_applicable,,team_generated,false,dev
EVT-N036-31,USER-N036,project_completed,2026-03-04T16:00:00Z,SKILL-001,RES-0121,,8,completed,positive,progressing,low,完成项目、说明文档和复盘,1.2.0,synthetic,true,SRC-SYNTH,2026-09-13T00:00:00+08:00,0.9,synthetic,not_applicable,,team_generated,false,dev
EVT-N036-32,USER-N036,profile_recalculated,2026-03-21T16:00:00Z,SKILL-011,,,0,completed,neutral,active,low,根据新证据重算画像与岗位匹配度,1.2.0,synthetic,true,SRC-SYNTH,2026-09-13T00:00:00+08:00,0.9,synthetic,not_applicable,,team_generated,false,dev
EVT-N036-33,USER-N036,job_saved,2026-04-07T16:00:00Z,,,JOB-AI-ALG-0033,0,completed,neutral,active,low,收藏一个模拟目标岗位,1.2.0,synthetic,true,SRC-SYNTH,2026-09-13T00:00:00+08:00,0.9,synthetic,not_applicable,,team_generated,false,dev
EVT-N036-34,USER-N036,application_submitted,2026-04-24T16:00:00Z,,,JOB-AI-ALG-0034,0,completed,neutral,active,low,向模拟岗位提交申请,1.2.0,synthetic,true,SRC-SYNTH,2026-09-13T00:00:00+08:00,0.9,synthetic,not_applicable,,team_generated,false,dev
EVT-N036-35,USER-N036,interview_result,2026-05-11T16:00:00Z,,,JOB-AI-ALG-0035,0,completed,disappointed,active,low,记录模拟面试反馈,1.2.0,synthetic,true,SRC-SYNTH,2026-09-13T00:00:00+08:00,0.9,synthetic,not_applicable,,team_generated,false,dev
EVT-N036-36,USER-N036,plan_adjusted,2026-05-28T16:00:00Z,SKILL-048,,,0,completed,neutral,plan_rebalanced,low,根据时间和反馈调整学习计划,1.2.0,synthetic,true,SRC-SYNTH,2026-09-13T00:00:00+08:00,0.9,synthetic,not_applicable,,team_generated,false,dev
EVT-N036-37,USER-N036,skill_practice,2026-06-14T16:00:00Z,SKILL-001,RES-0541,,2,completed,positive,progressing,low,完成技能练习并记录反思,1.2.0,synthetic,true,SRC-SYNTH,2026-09-13T00:00:00+08:00,0.9,synthetic,not_applicable,,team_generated,false,dev
EVT-N036-38,USER-N036,inactivity,2026-07-01T16:00:00Z,SKILL-011,,,-4,attention_needed,frustrated,learning_stalled,medium,超过设定周期未产生学习证据，触发技能衰减,1.2.0,synthetic,true,SRC-SYNTH,2026-09-13T00:00:00+08:00,0.9,synthetic,not_applicable,,team_generated,false,dev
EVT-N036-39,USER-N036,reminder_response,2026-07-18T16:00:00Z,SKILL-019,,,0,completed,neutral,active,low,响应任务提醒并更新完成状态,1.2.0,synthetic,true,SRC-SYNTH,2026-09-13T00:00:00+08:00,0.9,synthetic,not_applicable,,team_generated,false,dev
EVT-N036-40,USER-N036,profile_recalculated,2026-08-04T16:00:00Z,SKILL-022,,,0,completed,neutral,active,low,根据新证据重算画像与岗位匹配度,1.2.0,synthetic,true,SRC-SYNTH,2026-09-13T00:00:00+08:00,0.9,synthetic,not_applicable,,team_generated,false,dev
EVT-N037-01,USER-N037,onboarding,2024-10-10T16:00:00Z,,,,0,completed,neutral,active,low,完成基础信息和学习约束录入,1.2.0,synthetic,true,SRC-SYNTH,2026-09-13T00:00:00+08:00,0.9,synthetic,not_applicable,,team_generated,false,dev
EVT-N037-02,USER-N037,skill_assessment,2024-10-27T16:00:00Z,SKILL-025,,,3,completed,positive,progressing,low,完成能力测评并生成可解释证据,1.2.0,synthetic,true,SRC-SYNTH,2026-09-13T00:00:00+08:00,0.9,synthetic,not_applicable,,team_generated,false,dev
EVT-N037-03,USER-N037,course_started,2024-11-13T16:00:00Z,SKILL-028,RES-0148,,0,completed,neutral,active,low,开始一项与目标能力相关的课程,1.2.0,synthetic,true,SRC-SYNTH,2026-09-13T00:00:00+08:00,0.9,synthetic,not_applicable,,team_generated,false,dev
EVT-N037-04,USER-N037,task_completed,2024-11-30T16:00:00Z,SKILL-034,RES-0140,,2,completed,positive,progressing,low,完成本周学习任务,1.2.0,synthetic,true,SRC-SYNTH,2026-09-13T00:00:00+08:00,0.9,synthetic,not_applicable,,team_generated,false,dev
EVT-N037-05,USER-N037,skill_practice,2024-12-17T16:00:00Z,SKILL-037,RES-0143,,2,completed,positive,progressing,low,完成技能练习并记录反思,1.2.0,synthetic,true,SRC-SYNTH,2026-09-13T00:00:00+08:00,0.9,synthetic,not_applicable,,team_generated,false,dev
EVT-N037-06,USER-N037,course_completed,2025-01-03T16:00:00Z,SKILL-043,RES-0163,,6,completed,positive,progressing,low,完成课程并提交学习总结,1.2.0,synthetic,true,SRC-SYNTH,2026-09-13T00:00:00+08:00,0.9,synthetic,not_applicable,,team_generated,false,dev
EVT-N037-07,USER-N037,project_started,2025-01-20T16:00:00Z,SKILL-007,RES-0427,,0,completed,neutral,active,low,启动实践项目并确认里程碑,1.2.0,synthetic,true,SRC-SYNTH,2026-09-13T00:00:00+08:00,0.9,synthetic,not_applicable,,team_generated,false,dev
EVT-N037-08,USER-N037,job_viewed,2025-02-06T16:00:00Z,,,JOB-AI-APP-0087,0,completed,neutral,active,low,查看目标岗位及能力要求,1.2.0,synthetic,true,SRC-SYNTH,2026-09-13T00:00:00+08:00,0.9,synthetic,not_applicable,,team_generated,false,dev
EVT-N037-09,USER-N037,feedback_submitted,2025-02-23T16:00:00Z,SKILL-028,,,0,completed,neutral,active,low,提交计划难度和推荐相关性反馈,1.2.0,synthetic,true,SRC-SYNTH,2026-09-13T00:00:00+08:00,0.9,synthetic,not_applicable,,team_generated,false,dev
EVT-N037-10,USER-N037,task_completed,2025-03-12T16:00:00Z,SKILL-034,RES-0440,,2,completed,positive,progressing,low,完成本周学习任务,1.2.0,synthetic,true,SRC-SYNTH,2026-09-13T00:00:00+08:00,0.9,synthetic,not_applicable,,team_generated,false,dev
EVT-N037-11,USER-N037,project_completed,2025-03-29T16:00:00Z,SKILL-037,RES-0157,,8,completed,positive,progressing,low,完成项目、说明文档和复盘,1.2.0,synthetic,true,SRC-SYNTH,2026-09-13T00:00:00+08:00,0.9,synthetic,not_applicable,,team_generated,false,dev
EVT-N037-12,USER-N037,profile_recalculated,2025-04-15T16:00:00Z,SKILL-043,,,0,completed,neutral,active,low,根据新证据重算画像与岗位匹配度,1.2.0,synthetic,true,SRC-SYNTH,2026-09-13T00:00:00+08:00,0.9,synthetic,not_applicable,,team_generated,false,dev
EVT-N037-13,USER-N037,job_saved,2025-05-02T16:00:00Z,,,JOB-AI-APP-0013,0,completed,neutral,active,low,收藏一个模拟目标岗位,1.2.0,synthetic,true,SRC-SYNTH,2026-09-13T00:00:00+08:00,0.9,synthetic,not_applicable,,team_generated,false,dev
EVT-N037-14,USER-N037,application_submitted,2025-05-19T16:00:00Z,,,JOB-AI-APP-0014,0,completed,neutral,active,low,向模拟岗位提交申请,1.2.0,synthetic,true,SRC-SYNTH,2026-09-13T00:00:00+08:00,0.9,synthetic,not_applicable,,team_generated,false,dev
EVT-N037-15,USER-N037,interview_result,2025-06-05T16:00:00Z,,,JOB-AI-APP-0015,0,completed,disappointed,active,low,记录模拟面试反馈,1.2.0,synthetic,true,SRC-SYNTH,2026-09-13T00:00:00+08:00,0.9,synthetic,not_applicable,,team_generated,false,dev
EVT-N037-16,USER-N037,plan_adjusted,2025-06-22T16:00:00Z,SKILL-034,,,0,completed,neutral,plan_rebalanced,low,根据时间和反馈调整学习计划,1.2.0,synthetic,true,SRC-SYNTH,2026-09-13T00:00:00+08:00,0.9,synthetic,not_applicable,,team_generated,false,dev
EVT-N037-17,USER-N037,skill_practice,2025-07-09T16:00:00Z,SKILL-037,RES-0143,,2,completed,positive,progressing,low,完成技能练习并记录反思,1.2.0,synthetic,true,SRC-SYNTH,2026-09-13T00:00:00+08:00,0.9,synthetic,not_applicable,,team_generated,false,dev
EVT-N037-18,USER-N037,inactivity,2025-07-26T16:00:00Z,SKILL-043,,,-4,attention_needed,frustrated,learning_stalled,medium,超过设定周期未产生学习证据，触发技能衰减,1.2.0,synthetic,true,SRC-SYNTH,2026-09-13T00:00:00+08:00,0.9,synthetic,not_applicable,,team_generated,false,dev
EVT-N037-19,USER-N037,reminder_response,2025-08-12T16:00:00Z,SKILL-007,,,0,completed,neutral,active,low,响应任务提醒并更新完成状态,1.2.0,synthetic,true,SRC-SYNTH,2026-09-13T00:00:00+08:00,0.9,synthetic,not_applicable,,team_generated,false,dev
EVT-N037-20,USER-N037,profile_recalculated,2025-08-29T16:00:00Z,SKILL-025,,,0,completed,neutral,active,low,根据新证据重算画像与岗位匹配度,1.2.0,synthetic,true,SRC-SYNTH,2026-09-13T00:00:00+08:00,0.9,synthetic,not_applicable,,team_generated,false,dev
EVT-N037-21,USER-N037,onboarding,2025-09-15T16:00:00Z,,,,0,completed,neutral,active,low,完成基础信息和学习约束录入,1.2.0,synthetic,true,SRC-SYNTH,2026-09-13T00:00:00+08:00,0.9,synthetic,not_applicable,,team_generated,false,dev
EVT-N037-22,USER-N037,skill_assessment,2025-10-02T16:00:00Z,SKILL-034,,,3,completed,positive,progressing,low,完成能力测评并生成可解释证据,1.2.0,synthetic,true,SRC-SYNTH,2026-09-13T00:00:00+08:00,0.9,synthetic,not_applicable,,team_generated,false,dev
EVT-N037-23,USER-N037,course_started,2025-10-19T16:00:00Z,SKILL-037,RES-0037,,0,completed,neutral,active,low,开始一项与目标能力相关的课程,1.2.0,synthetic,true,SRC-SYNTH,2026-09-13T00:00:00+08:00,0.9,synthetic,not_applicable,,team_generated,false,dev
EVT-N037-24,USER-N037,task_completed,2025-11-05T16:00:00Z,SKILL-043,RES-0163,,2,completed,positive,progressing,low,完成本周学习任务,1.2.0,synthetic,true,SRC-SYNTH,2026-09-13T00:00:00+08:00,0.9,synthetic,not_applicable,,team_generated,false,dev
EVT-N037-25,USER-N037,skill_practice,2025-11-22T16:00:00Z,SKILL-007,RES-0187,,2,completed,positive,progressing,low,完成技能练习并记录反思,1.2.0,synthetic,true,SRC-SYNTH,2026-09-13T00:00:00+08:00,0.9,synthetic,not_applicable,,team_generated,false,dev
EVT-N037-26,USER-N037,course_completed,2025-12-09T16:00:00Z,SKILL-025,RES-0431,,6,completed,positive,progressing,low,完成课程并提交学习总结,1.2.0,synthetic,true,SRC-SYNTH,2026-09-13T00:00:00+08:00,0.9,synthetic,not_applicable,,team_generated,false,dev
EVT-N037-27,USER-N037,project_started,2025-12-26T16:00:00Z,SKILL-028,RES-0554,,0,completed,neutral,active,low,启动实践项目并确认里程碑,1.2.0,synthetic,true,SRC-SYNTH,2026-09-13T00:00:00+08:00,0.9,synthetic,not_applicable,,team_generated,false,dev
EVT-N037-28,USER-N037,job_viewed,2026-01-12T16:00:00Z,,,JOB-AI-APP-0028,0,completed,neutral,active,low,查看目标岗位及能力要求,1.2.0,synthetic,true,SRC-SYNTH,2026-09-13T00:00:00+08:00,0.9,synthetic,not_applicable,,team_generated,false,dev
EVT-N037-29,USER-N037,feedback_submitted,2026-01-29T16:00:00Z,SKILL-037,,,0,completed,neutral,active,low,提交计划难度和推荐相关性反馈,1.2.0,synthetic,true,SRC-SYNTH,2026-09-13T00:00:00+08:00,0.9,synthetic,not_applicable,,team_generated,false,dev
EVT-N037-30,USER-N037,task_completed,2026-02-15T16:00:00Z,SKILL-043,RES-0449,,2,completed,positive,progressing,low,完成本周学习任务,1.2.0,synthetic,true,SRC-SYNTH,2026-09-13T00:00:00+08:00,0.9,synthetic,not_applicable,,team_generated,false,dev
EVT-N037-31,USER-N037,project_completed,2026-03-04T16:00:00Z,SKILL-007,RES-0367,,8,completed,positive,progressing,low,完成项目、说明文档和复盘,1.2.0,synthetic,true,SRC-SYNTH,2026-09-13T00:00:00+08:00,0.9,synthetic,not_applicable,,team_generated,false,dev
EVT-N037-32,USER-N037,profile_recalculated,2026-03-21T16:00:00Z,SKILL-025,,,0,completed,neutral,active,low,根据新证据重算画像与岗位匹配度,1.2.0,synthetic,true,SRC-SYNTH,2026-09-13T00:00:00+08:00,0.9,synthetic,not_applicable,,team_generated,false,dev
EVT-N037-33,USER-N037,job_saved,2026-04-07T16:00:00Z,,,JOB-AI-APP-0033,0,completed,neutral,active,low,收藏一个模拟目标岗位,1.2.0,synthetic,true,SRC-SYNTH,2026-09-13T00:00:00+08:00,0.9,synthetic,not_applicable,,team_generated,false,dev
EVT-N037-34,USER-N037,application_submitted,2026-04-24T16:00:00Z,,,JOB-AI-APP-0034,0,completed,neutral,active,low,向模拟岗位提交申请,1.2.0,synthetic,true,SRC-SYNTH,2026-09-13T00:00:00+08:00,0.9,synthetic,not_applicable,,team_generated,false,dev
EVT-N037-35,USER-N037,interview_result,2026-05-11T16:00:00Z,,,JOB-AI-APP-0035,0,completed,disappointed,active,low,记录模拟面试反馈,1.2.0,synthetic,true,SRC-SYNTH,2026-09-13T00:00:00+08:00,0.9,synthetic,not_applicable,,team_generated,false,dev
EVT-N037-36,USER-N037,plan_adjusted,2026-05-28T16:00:00Z,SKILL-043,,,0,completed,neutral,plan_rebalanced,low,根据时间和反馈调整学习计划,1.2.0,synthetic,true,SRC-SYNTH,2026-09-13T00:00:00+08:00,0.9,synthetic,not_applicable,,team_generated,false,dev
EVT-N037-37,USER-N037,skill_practice,2026-06-14T16:00:00Z,SKILL-007,RES-0547,,2,completed,positive,progressing,low,完成技能练习并记录反思,1.2.0,synthetic,true,SRC-SYNTH,2026-09-13T00:00:00+08:00,0.9,synthetic,not_applicable,,team_generated,false,dev
EVT-N037-38,USER-N037,inactivity,2026-07-01T16:00:00Z,SKILL-025,,,-4,attention_needed,frustrated,learning_stalled,medium,超过设定周期未产生学习证据，触发技能衰减,1.2.0,synthetic,true,SRC-SYNTH,2026-09-13T00:00:00+08:00,0.9,synthetic,not_applicable,,team_generated,false,dev
EVT-N037-39,USER-N037,reminder_response,2026-07-18T16:00:00Z,SKILL-028,,,0,completed,neutral,active,low,响应任务提醒并更新完成状态,1.2.0,synthetic,true,SRC-SYNTH,2026-09-13T00:00:00+08:00,0.9,synthetic,not_applicable,,team_generated,false,dev
EVT-N037-40,USER-N037,profile_recalculated,2026-08-04T16:00:00Z,SKILL-034,,,0,completed,neutral,active,low,根据新证据重算画像与岗位匹配度,1.2.0,synthetic,true,SRC-SYNTH,2026-09-13T00:00:00+08:00,0.9,synthetic,not_applicable,,team_generated,false,dev
EVT-N038-01,USER-N038,onboarding,2024-10-10T16:00:00Z,,,,0,completed,neutral,active,low,完成基础信息和学习约束录入,1.2.0,synthetic,true,SRC-SYNTH,2026-09-13T00:00:00+08:00,0.9,synthetic,not_applicable,,team_generated,false,dev
EVT-N038-02,USER-N038,skill_assessment,2024-10-27T16:00:00Z,SKILL-013,,,3,completed,positive,progressing,low,完成能力测评并生成可解释证据,1.2.0,synthetic,true,SRC-SYNTH,2026-09-13T00:00:00+08:00,0.9,synthetic,not_applicable,,team_generated,false,dev
EVT-N038-03,USER-N038,course_started,2024-11-13T16:00:00Z,SKILL-016,RES-0122,,0,completed,neutral,active,low,开始一项与目标能力相关的课程,1.2.0,synthetic,true,SRC-SYNTH,2026-09-13T00:00:00+08:00,0.9,synthetic,not_applicable,,team_generated,false,dev
EVT-N038-04,USER-N038,task_completed,2024-11-30T16:00:00Z,SKILL-043,RES-0163,,2,completed,positive,progressing,low,完成本周学习任务,1.2.0,synthetic,true,SRC-SYNTH,2026-09-13T00:00:00+08:00,0.9,synthetic,not_applicable,,team_generated,false,dev
EVT-N038-05,USER-N038,skill_practice,2024-12-17T16:00:00Z,SKILL-046,RES-0166,,2,completed,positive,progressing,low,完成技能练习并记录反思,1.2.0,synthetic,true,SRC-SYNTH,2026-09-13T00:00:00+08:00,0.9,synthetic,not_applicable,,team_generated,false,dev
EVT-N038-06,USER-N038,course_completed,2025-01-03T16:00:00Z,SKILL-054,RES-0167,,6,completed,positive,progressing,low,完成课程并提交学习总结,1.2.0,synthetic,true,SRC-SYNTH,2026-09-13T00:00:00+08:00,0.9,synthetic,not_applicable,,team_generated,false,dev
EVT-N038-07,USER-N038,project_started,2025-01-20T16:00:00Z,SKILL-010,RES-0130,,0,completed,neutral,active,low,启动实践项目并确认里程碑,1.2.0,synthetic,true,SRC-SYNTH,2026-09-13T00:00:00+08:00,0.9,synthetic,not_applicable,,team_generated,false,dev
EVT-N038-08,USER-N038,job_viewed,2025-02-06T16:00:00Z,,,JOB-DATA-0087,0,completed,neutral,active,low,查看目标岗位及能力要求,1.2.0,synthetic,true,SRC-SYNTH,2026-09-13T00:00:00+08:00,0.9,synthetic,not_applicable,,team_generated,false,dev
EVT-N038-09,USER-N038,feedback_submitted,2025-02-23T16:00:00Z,SKILL-016,,,0,completed,neutral,active,low,提交计划难度和推荐相关性反馈,1.2.0,synthetic,true,SRC-SYNTH,2026-09-13T00:00:00+08:00,0.9,synthetic,not_applicable,,team_generated,false,dev
EVT-N038-10,USER-N038,task_completed,2025-03-12T16:00:00Z,SKILL-043,RES-0449,,2,completed,positive,progressing,low,完成本周学习任务,1.2.0,synthetic,true,SRC-SYNTH,2026-09-13T00:00:00+08:00,0.9,synthetic,not_applicable,,team_generated,false,dev
EVT-N038-11,USER-N038,project_completed,2025-03-29T16:00:00Z,SKILL-046,RES-0166,,8,completed,positive,progressing,low,完成项目、说明文档和复盘,1.2.0,synthetic,true,SRC-SYNTH,2026-09-13T00:00:00+08:00,0.9,synthetic,not_applicable,,team_generated,false,dev
EVT-N038-12,USER-N038,profile_recalculated,2025-04-15T16:00:00Z,SKILL-054,,,0,completed,neutral,active,low,根据新证据重算画像与岗位匹配度,1.2.0,synthetic,true,SRC-SYNTH,2026-09-13T00:00:00+08:00,0.9,synthetic,not_applicable,,team_generated,false,dev
EVT-N038-13,USER-N038,job_saved,2025-05-02T16:00:00Z,,,JOB-DATA-0013,0,completed,neutral,active,low,收藏一个模拟目标岗位,1.2.0,synthetic,true,SRC-SYNTH,2026-09-13T00:00:00+08:00,0.9,synthetic,not_applicable,,team_generated,false,dev
EVT-N038-14,USER-N038,application_submitted,2025-05-19T16:00:00Z,,,JOB-DATA-0014,0,completed,neutral,active,low,向模拟岗位提交申请,1.2.0,synthetic,true,SRC-SYNTH,2026-09-13T00:00:00+08:00,0.9,synthetic,not_applicable,,team_generated,false,dev
EVT-N038-15,USER-N038,interview_result,2025-06-05T16:00:00Z,,,JOB-DATA-0015,0,completed,disappointed,active,low,记录模拟面试反馈,1.2.0,synthetic,true,SRC-SYNTH,2026-09-13T00:00:00+08:00,0.9,synthetic,not_applicable,,team_generated,false,dev
EVT-N038-16,USER-N038,plan_adjusted,2025-06-22T16:00:00Z,SKILL-043,,,0,completed,neutral,plan_rebalanced,low,根据时间和反馈调整学习计划,1.2.0,synthetic,true,SRC-SYNTH,2026-09-13T00:00:00+08:00,0.9,synthetic,not_applicable,,team_generated,false,dev
EVT-N038-17,USER-N038,skill_practice,2025-07-09T16:00:00Z,SKILL-046,RES-0166,,2,completed,positive,progressing,low,完成技能练习并记录反思,1.2.0,synthetic,true,SRC-SYNTH,2026-09-13T00:00:00+08:00,0.9,synthetic,not_applicable,,team_generated,false,dev
EVT-N038-18,USER-N038,inactivity,2025-07-26T16:00:00Z,SKILL-054,,,-4,attention_needed,frustrated,learning_stalled,medium,超过设定周期未产生学习证据，触发技能衰减,1.2.0,synthetic,true,SRC-SYNTH,2026-09-13T00:00:00+08:00,0.9,synthetic,not_applicable,,team_generated,false,dev
EVT-N038-19,USER-N038,reminder_response,2025-08-12T16:00:00Z,SKILL-010,,,0,completed,neutral,active,low,响应任务提醒并更新完成状态,1.2.0,synthetic,true,SRC-SYNTH,2026-09-13T00:00:00+08:00,0.9,synthetic,not_applicable,,team_generated,false,dev
EVT-N038-20,USER-N038,profile_recalculated,2025-08-29T16:00:00Z,SKILL-013,,,0,completed,neutral,active,low,根据新证据重算画像与岗位匹配度,1.2.0,synthetic,true,SRC-SYNTH,2026-09-13T00:00:00+08:00,0.9,synthetic,not_applicable,,team_generated,false,dev
EVT-N038-21,USER-N038,onboarding,2025-09-15T16:00:00Z,,,,0,completed,neutral,active,low,完成基础信息和学习约束录入,1.2.0,synthetic,true,SRC-SYNTH,2026-09-13T00:00:00+08:00,0.9,synthetic,not_applicable,,team_generated,false,dev
EVT-N038-22,USER-N038,skill_assessment,2025-10-02T16:00:00Z,SKILL-043,,,3,completed,positive,progressing,low,完成能力测评并生成可解释证据,1.2.0,synthetic,true,SRC-SYNTH,2026-09-13T00:00:00+08:00,0.9,synthetic,not_applicable,,team_generated,false,dev
EVT-N038-23,USER-N038,course_started,2025-10-19T16:00:00Z,SKILL-046,RES-0032,,0,completed,neutral,active,low,开始一项与目标能力相关的课程,1.2.0,synthetic,true,SRC-SYNTH,2026-09-13T00:00:00+08:00,0.9,synthetic,not_applicable,,team_generated,false,dev
EVT-N038-24,USER-N038,task_completed,2025-11-05T16:00:00Z,SKILL-054,RES-0594,,2,completed,positive,progressing,low,完成本周学习任务,1.2.0,synthetic,true,SRC-SYNTH,2026-09-13T00:00:00+08:00,0.9,synthetic,not_applicable,,team_generated,false,dev
EVT-N038-25,USER-N038,skill_practice,2025-11-22T16:00:00Z,SKILL-010,RES-0190,,2,completed,positive,progressing,low,完成技能练习并记录反思,1.2.0,synthetic,true,SRC-SYNTH,2026-09-13T00:00:00+08:00,0.9,synthetic,not_applicable,,team_generated,false,dev
EVT-N038-26,USER-N038,course_completed,2025-12-09T16:00:00Z,SKILL-013,RES-0133,,6,completed,positive,progressing,low,完成课程并提交学习总结,1.2.0,synthetic,true,SRC-SYNTH,2026-09-13T00:00:00+08:00,0.9,synthetic,not_applicable,,team_generated,false,dev
EVT-N038-27,USER-N038,project_started,2025-12-26T16:00:00Z,SKILL-016,RES-0422,,0,completed,neutral,active,low,启动实践项目并确认里程碑,1.2.0,synthetic,true,SRC-SYNTH,2026-09-13T00:00:00+08:00,0.9,synthetic,not_applicable,,team_generated,false,dev
EVT-N038-28,USER-N038,job_viewed,2026-01-12T16:00:00Z,,,JOB-DATA-0028,0,completed,neutral,active,low,查看目标岗位及能力要求,1.2.0,synthetic,true,SRC-SYNTH,2026-09-13T00:00:00+08:00,0.9,synthetic,not_applicable,,team_generated,false,dev
EVT-N038-29,USER-N038,feedback_submitted,2026-01-29T16:00:00Z,SKILL-046,,,0,completed,neutral,active,low,提交计划难度和推荐相关性反馈,1.2.0,synthetic,true,SRC-SYNTH,2026-09-13T00:00:00+08:00,0.9,synthetic,not_applicable,,team_generated,false,dev
EVT-N038-30,USER-N038,task_completed,2026-02-15T16:00:00Z,SKILL-054,RES-0167,,2,completed,positive,progressing,low,完成本周学习任务,1.2.0,synthetic,true,SRC-SYNTH,2026-09-13T00:00:00+08:00,0.9,synthetic,not_applicable,,team_generated,false,dev
EVT-N038-31,USER-N038,project_completed,2026-03-04T16:00:00Z,SKILL-010,RES-0130,,8,completed,positive,progressing,low,完成项目、说明文档和复盘,1.2.0,synthetic,true,SRC-SYNTH,2026-09-13T00:00:00+08:00,0.9,synthetic,not_applicable,,team_generated,false,dev
EVT-N038-32,USER-N038,profile_recalculated,2026-03-21T16:00:00Z,SKILL-013,,,0,completed,neutral,active,low,根据新证据重算画像与岗位匹配度,1.2.0,synthetic,true,SRC-SYNTH,2026-09-13T00:00:00+08:00,0.9,synthetic,not_applicable,,team_generated,false,dev
EVT-N038-33,USER-N038,job_saved,2026-04-07T16:00:00Z,,,JOB-DATA-0033,0,completed,neutral,active,low,收藏一个模拟目标岗位,1.2.0,synthetic,true,SRC-SYNTH,2026-09-13T00:00:00+08:00,0.9,synthetic,not_applicable,,team_generated,false,dev
EVT-N038-34,USER-N038,application_submitted,2026-04-24T16:00:00Z,,,JOB-DATA-0034,0,completed,neutral,active,low,向模拟岗位提交申请,1.2.0,synthetic,true,SRC-SYNTH,2026-09-13T00:00:00+08:00,0.9,synthetic,not_applicable,,team_generated,false,dev
EVT-N038-35,USER-N038,interview_result,2026-05-11T16:00:00Z,,,JOB-DATA-0035,0,completed,disappointed,active,low,记录模拟面试反馈,1.2.0,synthetic,true,SRC-SYNTH,2026-09-13T00:00:00+08:00,0.9,synthetic,not_applicable,,team_generated,false,dev
EVT-N038-36,USER-N038,plan_adjusted,2026-05-28T16:00:00Z,SKILL-054,,,0,completed,neutral,plan_rebalanced,low,根据时间和反馈调整学习计划,1.2.0,synthetic,true,SRC-SYNTH,2026-09-13T00:00:00+08:00,0.9,synthetic,not_applicable,,team_generated,false,dev
EVT-N038-37,USER-N038,skill_practice,2026-06-14T16:00:00Z,SKILL-010,RES-0550,,2,completed,positive,progressing,low,完成技能练习并记录反思,1.2.0,synthetic,true,SRC-SYNTH,2026-09-13T00:00:00+08:00,0.9,synthetic,not_applicable,,team_generated,false,dev
EVT-N038-38,USER-N038,inactivity,2026-07-01T16:00:00Z,SKILL-013,,,-4,attention_needed,frustrated,learning_stalled,medium,超过设定周期未产生学习证据，触发技能衰减,1.2.0,synthetic,true,SRC-SYNTH,2026-09-13T00:00:00+08:00,0.9,synthetic,not_applicable,,team_generated,false,dev
EVT-N038-39,USER-N038,reminder_response,2026-07-18T16:00:00Z,SKILL-016,,,0,completed,neutral,active,low,响应任务提醒并更新完成状态,1.2.0,synthetic,true,SRC-SYNTH,2026-09-13T00:00:00+08:00,0.9,synthetic,not_applicable,,team_generated,false,dev
EVT-N038-40,USER-N038,profile_recalculated,2026-08-04T16:00:00Z,SKILL-043,,,0,completed,neutral,active,low,根据新证据重算画像与岗位匹配度,1.2.0,synthetic,true,SRC-SYNTH,2026-09-13T00:00:00+08:00,0.9,synthetic,not_applicable,,team_generated,false,dev
EVT-N039-01,USER-N039,onboarding,2024-10-10T16:00:00Z,,,,0,completed,neutral,active,low,完成基础信息和学习约束录入,1.2.0,synthetic,true,SRC-SYNTH,2026-09-13T00:00:00+08:00,0.9,synthetic,not_applicable,,team_generated,false,dev
EVT-N039-02,USER-N039,skill_assessment,2024-10-27T16:00:00Z,SKILL-019,,,3,completed,positive,progressing,low,完成能力测评并生成可解释证据,1.2.0,synthetic,true,SRC-SYNTH,2026-09-13T00:00:00+08:00,0.9,synthetic,not_applicable,,team_generated,false,dev
EVT-N039-03,USER-N039,course_started,2024-11-13T16:00:00Z,SKILL-022,RES-0004,,0,completed,neutral,active,low,开始一项与目标能力相关的课程,1.2.0,synthetic,true,SRC-SYNTH,2026-09-13T00:00:00+08:00,0.9,synthetic,not_applicable,,team_generated,false,dev
EVT-N039-04,USER-N039,task_completed,2024-11-30T16:00:00Z,SKILL-025,RES-0009,,2,completed,positive,progressing,low,完成本周学习任务,1.2.0,synthetic,true,SRC-SYNTH,2026-09-13T00:00:00+08:00,0.9,synthetic,not_applicable,,team_generated,false,dev
EVT-N039-05,USER-N039,skill_practice,2024-12-17T16:00:00Z,SKILL-048,RES-0108,,2,completed,positive,progressing,low,完成技能练习并记录反思,1.2.0,synthetic,true,SRC-SYNTH,2026-09-13T00:00:00+08:00,0.9,synthetic,not_applicable,,team_generated,false,dev
EVT-N039-06,USER-N039,course_completed,2025-01-03T16:00:00Z,SKILL-001,RES-0181,,6,completed,positive,progressing,low,完成课程并提交学习总结,1.2.0,synthetic,true,SRC-SYNTH,2026-09-13T00:00:00+08:00,0.9,synthetic,not_applicable,,team_generated,false,dev
EVT-N039-07,USER-N039,project_started,2025-01-20T16:00:00Z,SKILL-011,RES-0431,,0,completed,neutral,active,low,启动实践项目并确认里程碑,1.2.0,synthetic,true,SRC-SYNTH,2026-09-13T00:00:00+08:00,0.9,synthetic,not_applicable,,team_generated,false,dev
EVT-N039-08,USER-N039,job_viewed,2025-02-06T16:00:00Z,,,JOB-AI-ALG-0087,0,completed,neutral,active,low,查看目标岗位及能力要求,1.2.0,synthetic,true,SRC-SYNTH,2026-09-13T00:00:00+08:00,0.9,synthetic,not_applicable,,team_generated,false,dev
EVT-N039-09,USER-N039,feedback_submitted,2025-02-23T16:00:00Z,SKILL-022,,,0,completed,neutral,active,low,提交计划难度和推荐相关性反馈,1.2.0,synthetic,true,SRC-SYNTH,2026-09-13T00:00:00+08:00,0.9,synthetic,not_applicable,,team_generated,false,dev
EVT-N039-10,USER-N039,task_completed,2025-03-12T16:00:00Z,SKILL-025,RES-0145,,2,completed,positive,progressing,low,完成本周学习任务,1.2.0,synthetic,true,SRC-SYNTH,2026-09-13T00:00:00+08:00,0.9,synthetic,not_applicable,,team_generated,false,dev
EVT-N039-11,USER-N039,project_completed,2025-03-29T16:00:00Z,SKILL-048,RES-0161,,8,completed,positive,progressing,low,完成项目、说明文档和复盘,1.2.0,synthetic,true,SRC-SYNTH,2026-09-13T00:00:00+08:00,0.9,synthetic,not_applicable,,team_generated,false,dev
EVT-N039-12,USER-N039,profile_recalculated,2025-04-15T16:00:00Z,SKILL-001,,,0,completed,neutral,active,low,根据新证据重算画像与岗位匹配度,1.2.0,synthetic,true,SRC-SYNTH,2026-09-13T00:00:00+08:00,0.9,synthetic,not_applicable,,team_generated,false,dev
EVT-N039-13,USER-N039,job_saved,2025-05-02T16:00:00Z,,,JOB-AI-ALG-0013,0,completed,neutral,active,low,收藏一个模拟目标岗位,1.2.0,synthetic,true,SRC-SYNTH,2026-09-13T00:00:00+08:00,0.9,synthetic,not_applicable,,team_generated,false,dev
EVT-N039-14,USER-N039,application_submitted,2025-05-19T16:00:00Z,,,JOB-AI-ALG-0014,0,completed,neutral,active,low,向模拟岗位提交申请,1.2.0,synthetic,true,SRC-SYNTH,2026-09-13T00:00:00+08:00,0.9,synthetic,not_applicable,,team_generated,false,dev
EVT-N039-15,USER-N039,interview_result,2025-06-05T16:00:00Z,,,JOB-AI-ALG-0015,0,completed,disappointed,active,low,记录模拟面试反馈,1.2.0,synthetic,true,SRC-SYNTH,2026-09-13T00:00:00+08:00,0.9,synthetic,not_applicable,,team_generated,false,dev
EVT-N039-16,USER-N039,plan_adjusted,2025-06-22T16:00:00Z,SKILL-025,,,0,completed,neutral,plan_rebalanced,low,根据时间和反馈调整学习计划,1.2.0,synthetic,true,SRC-SYNTH,2026-09-13T00:00:00+08:00,0.9,synthetic,not_applicable,,team_generated,false,dev
EVT-N039-17,USER-N039,skill_practice,2025-07-09T16:00:00Z,SKILL-048,RES-0041,,2,completed,positive,progressing,low,完成技能练习并记录反思,1.2.0,synthetic,true,SRC-SYNTH,2026-09-13T00:00:00+08:00,0.9,synthetic,not_applicable,,team_generated,false,dev
EVT-N039-18,USER-N039,inactivity,2025-07-26T16:00:00Z,SKILL-001,,,-4,attention_needed,frustrated,learning_stalled,medium,超过设定周期未产生学习证据，触发技能衰减,1.2.0,synthetic,true,SRC-SYNTH,2026-09-13T00:00:00+08:00,0.9,synthetic,not_applicable,,team_generated,false,dev
EVT-N039-19,USER-N039,reminder_response,2025-08-12T16:00:00Z,SKILL-011,,,0,completed,neutral,active,low,响应任务提醒并更新完成状态,1.2.0,synthetic,true,SRC-SYNTH,2026-09-13T00:00:00+08:00,0.9,synthetic,not_applicable,,team_generated,false,dev
EVT-N039-20,USER-N039,profile_recalculated,2025-08-29T16:00:00Z,SKILL-019,,,0,completed,neutral,active,low,根据新证据重算画像与岗位匹配度,1.2.0,synthetic,true,SRC-SYNTH,2026-09-13T00:00:00+08:00,0.9,synthetic,not_applicable,,team_generated,false,dev
EVT-N039-21,USER-N039,onboarding,2025-09-15T16:00:00Z,,,,0,completed,neutral,active,low,完成基础信息和学习约束录入,1.2.0,synthetic,true,SRC-SYNTH,2026-09-13T00:00:00+08:00,0.9,synthetic,not_applicable,,team_generated,false,dev
EVT-N039-22,USER-N039,skill_assessment,2025-10-02T16:00:00Z,SKILL-025,,,3,completed,positive,progressing,low,完成能力测评并生成可解释证据,1.2.0,synthetic,true,SRC-SYNTH,2026-09-13T00:00:00+08:00,0.9,synthetic,not_applicable,,team_generated,false,dev
EVT-N039-23,USER-N039,course_started,2025-10-19T16:00:00Z,SKILL-048,RES-0041,,0,completed,neutral,active,low,开始一项与目标能力相关的课程,1.2.0,synthetic,true,SRC-SYNTH,2026-09-13T00:00:00+08:00,0.9,synthetic,not_applicable,,team_generated,false,dev
EVT-N039-24,USER-N039,task_completed,2025-11-05T16:00:00Z,SKILL-001,RES-0167,,2,completed,positive,progressing,low,完成本周学习任务,1.2.0,synthetic,true,SRC-SYNTH,2026-09-13T00:00:00+08:00,0.9,synthetic,not_applicable,,team_generated,false,dev
EVT-N039-25,USER-N039,skill_practice,2025-11-22T16:00:00Z,SKILL-011,RES-0431,,2,completed,positive,progressing,low,完成技能练习并记录反思,1.2.0,synthetic,true,SRC-SYNTH,2026-09-13T00:00:00+08:00,0.9,synthetic,not_applicable,,team_generated,false,dev
EVT-N039-26,USER-N039,course_completed,2025-12-09T16:00:00Z,SKILL-019,RES-0002,,6,completed,positive,progressing,low,完成课程并提交学习总结,1.2.0,synthetic,true,SRC-SYNTH,2026-09-13T00:00:00+08:00,0.9,synthetic,not_applicable,,team_generated,false,dev
EVT-N039-27,USER-N039,project_started,2025-12-26T16:00:00Z,SKILL-022,RES-0128,,0,completed,neutral,active,low,启动实践项目并确认里程碑,1.2.0,synthetic,true,SRC-SYNTH,2026-09-13T00:00:00+08:00,0.9,synthetic,not_applicable,,team_generated,false,dev
EVT-N039-28,USER-N039,job_viewed,2026-01-12T16:00:00Z,,,JOB-AI-ALG-0028,0,completed,neutral,active,low,查看目标岗位及能力要求,1.2.0,synthetic,true,SRC-SYNTH,2026-09-13T00:00:00+08:00,0.9,synthetic,not_applicable,,team_generated,false,dev
EVT-N039-29,USER-N039,feedback_submitted,2026-01-29T16:00:00Z,SKILL-048,,,0,completed,neutral,active,low,提交计划难度和推荐相关性反馈,1.2.0,synthetic,true,SRC-SYNTH,2026-09-13T00:00:00+08:00,0.9,synthetic,not_applicable,,team_generated,false,dev
EVT-N039-30,USER-N039,task_completed,2026-02-15T16:00:00Z,SKILL-001,RES-0541,,2,completed,positive,progressing,low,完成本周学习任务,1.2.0,synthetic,true,SRC-SYNTH,2026-09-13T00:00:00+08:00,0.9,synthetic,not_applicable,,team_generated,false,dev
EVT-N039-31,USER-N039,project_completed,2026-03-04T16:00:00Z,SKILL-011,RES-0424,,8,completed,positive,progressing,low,完成项目、说明文档和复盘,1.2.0,synthetic,true,SRC-SYNTH,2026-09-13T00:00:00+08:00,0.9,synthetic,not_applicable,,team_generated,false,dev
EVT-N039-32,USER-N039,profile_recalculated,2026-03-21T16:00:00Z,SKILL-019,,,0,completed,neutral,active,low,根据新证据重算画像与岗位匹配度,1.2.0,synthetic,true,SRC-SYNTH,2026-09-13T00:00:00+08:00,0.9,synthetic,not_applicable,,team_generated,false,dev
EVT-N039-33,USER-N039,job_saved,2026-04-07T16:00:00Z,,,JOB-AI-ALG-0033,0,completed,neutral,active,low,收藏一个模拟目标岗位,1.2.0,synthetic,true,SRC-SYNTH,2026-09-13T00:00:00+08:00,0.9,synthetic,not_applicable,,team_generated,false,dev
EVT-N039-34,USER-N039,application_submitted,2026-04-24T16:00:00Z,,,JOB-AI-ALG-0034,0,completed,neutral,active,low,向模拟岗位提交申请,1.2.0,synthetic,true,SRC-SYNTH,2026-09-13T00:00:00+08:00,0.9,synthetic,not_applicable,,team_generated,false,dev
EVT-N039-35,USER-N039,interview_result,2026-05-11T16:00:00Z,,,JOB-AI-ALG-0035,0,completed,disappointed,active,low,记录模拟面试反馈,1.2.0,synthetic,true,SRC-SYNTH,2026-09-13T00:00:00+08:00,0.9,synthetic,not_applicable,,team_generated,false,dev
EVT-N039-36,USER-N039,plan_adjusted,2026-05-28T16:00:00Z,SKILL-001,,,0,completed,neutral,plan_rebalanced,low,根据时间和反馈调整学习计划,1.2.0,synthetic,true,SRC-SYNTH,2026-09-13T00:00:00+08:00,0.9,synthetic,not_applicable,,team_generated,false,dev
EVT-N039-37,USER-N039,skill_practice,2026-06-14T16:00:00Z,SKILL-011,RES-0071,,2,completed,positive,progressing,low,完成技能练习并记录反思,1.2.0,synthetic,true,SRC-SYNTH,2026-09-13T00:00:00+08:00,0.9,synthetic,not_applicable,,team_generated,false,dev
EVT-N039-38,USER-N039,inactivity,2026-07-01T16:00:00Z,SKILL-019,,,-4,attention_needed,frustrated,learning_stalled,medium,超过设定周期未产生学习证据，触发技能衰减,1.2.0,synthetic,true,SRC-SYNTH,2026-09-13T00:00:00+08:00,0.9,synthetic,not_applicable,,team_generated,false,dev
EVT-N039-39,USER-N039,reminder_response,2026-07-18T16:00:00Z,SKILL-022,,,0,completed,neutral,active,low,响应任务提醒并更新完成状态,1.2.0,synthetic,true,SRC-SYNTH,2026-09-13T00:00:00+08:00,0.9,synthetic,not_applicable,,team_generated,false,dev
EVT-N039-40,USER-N039,profile_recalculated,2026-08-04T16:00:00Z,SKILL-025,,,0,completed,neutral,active,low,根据新证据重算画像与岗位匹配度,1.2.0,synthetic,true,SRC-SYNTH,2026-09-13T00:00:00+08:00,0.9,synthetic,not_applicable,,team_generated,false,dev
EVT-N040-01,USER-N040,onboarding,2024-10-10T16:00:00Z,,,,0,completed,neutral,active,low,完成基础信息和学习约束录入,1.2.0,synthetic,true,SRC-SYNTH,2026-09-13T00:00:00+08:00,0.9,synthetic,not_applicable,,team_generated,false,dev
EVT-N040-02,USER-N040,skill_assessment,2024-10-27T16:00:00Z,SKILL-039,,,3,completed,positive,progressing,low,完成能力测评并生成可解释证据,1.2.0,synthetic,true,SRC-SYNTH,2026-09-13T00:00:00+08:00,0.9,synthetic,not_applicable,,team_generated,false,dev
EVT-N040-03,USER-N040,course_started,2024-11-13T16:00:00Z,SKILL-001,RES-0181,,0,completed,neutral,active,low,开始一项与目标能力相关的课程,1.2.0,synthetic,true,SRC-SYNTH,2026-09-13T00:00:00+08:00,0.9,synthetic,not_applicable,,team_generated,false,dev
EVT-N040-04,USER-N040,task_completed,2024-11-30T16:00:00Z,SKILL-009,RES-0129,,2,completed,positive,progressing,low,完成本周学习任务,1.2.0,synthetic,true,SRC-SYNTH,2026-09-13T00:00:00+08:00,0.9,synthetic,not_applicable,,team_generated,false,dev
EVT-N040-05,USER-N040,skill_practice,2024-12-17T16:00:00Z,SKILL-027,RES-0147,,2,completed,positive,progressing,low,完成技能练习并记录反思,1.2.0,synthetic,true,SRC-SYNTH,2026-09-13T00:00:00+08:00,0.9,synthetic,not_applicable,,team_generated,false,dev
EVT-N040-06,USER-N040,course_completed,2025-01-03T16:00:00Z,SKILL-030,RES-0143,,6,completed,positive,progressing,low,完成课程并提交学习总结,1.2.0,synthetic,true,SRC-SYNTH,2026-09-13T00:00:00+08:00,0.9,synthetic,not_applicable,,team_generated,false,dev
EVT-N040-07,USER-N040,project_started,2025-01-20T16:00:00Z,SKILL-036,RES-0036,,0,completed,neutral,active,low,启动实践项目并确认里程碑,1.2.0,synthetic,true,SRC-SYNTH,2026-09-13T00:00:00+08:00,0.9,synthetic,not_applicable,,team_generated,false,dev
EVT-N040-08,USER-N040,job_viewed,2025-02-06T16:00:00Z,,,JOB-AI-APP-0087,0,completed,neutral,active,low,查看目标岗位及能力要求,1.2.0,synthetic,true,SRC-SYNTH,2026-09-13T00:00:00+08:00,0.9,synthetic,not_applicable,,team_generated,false,dev
EVT-N040-09,USER-N040,feedback_submitted,2025-02-23T16:00:00Z,SKILL-001,,,0,completed,neutral,active,low,提交计划难度和推荐相关性反馈,1.2.0,synthetic,true,SRC-SYNTH,2026-09-13T00:00:00+08:00,0.9,synthetic,not_applicable,,team_generated,false,dev
EVT-N040-10,USER-N040,task_completed,2025-03-12T16:00:00Z,SKILL-009,RES-0129,,2,completed,positive,progressing,low,完成本周学习任务,1.2.0,synthetic,true,SRC-SYNTH,2026-09-13T00:00:00+08:00,0.9,synthetic,not_applicable,,team_generated,false,dev
EVT-N040-11,USER-N040,project_completed,2025-03-29T16:00:00Z,SKILL-027,RES-0027,,8,completed,positive,progressing,low,完成项目、说明文档和复盘,1.2.0,synthetic,true,SRC-SYNTH,2026-09-13T00:00:00+08:00,0.9,synthetic,not_applicable,,team_generated,false,dev
EVT-N040-12,USER-N040,profile_recalculated,2025-04-15T16:00:00Z,SKILL-030,,,0,completed,neutral,active,low,根据新证据重算画像与岗位匹配度,1.2.0,synthetic,true,SRC-SYNTH,2026-09-13T00:00:00+08:00,0.9,synthetic,not_applicable,,team_generated,false,dev
EVT-N040-13,USER-N040,job_saved,2025-05-02T16:00:00Z,,,JOB-AI-APP-0013,0,completed,neutral,active,low,收藏一个模拟目标岗位,1.2.0,synthetic,true,SRC-SYNTH,2026-09-13T00:00:00+08:00,0.9,synthetic,not_applicable,,team_generated,false,dev
EVT-N040-14,USER-N040,application_submitted,2025-05-19T16:00:00Z,,,JOB-AI-APP-0014,0,completed,neutral,active,low,向模拟岗位提交申请,1.2.0,synthetic,true,SRC-SYNTH,2026-09-13T00:00:00+08:00,0.9,synthetic,not_applicable,,team_generated,false,dev
EVT-N040-15,USER-N040,interview_result,2025-06-05T16:00:00Z,,,JOB-AI-APP-0015,0,completed,disappointed,active,low,记录模拟面试反馈,1.2.0,synthetic,true,SRC-SYNTH,2026-09-13T00:00:00+08:00,0.9,synthetic,not_applicable,,team_generated,false,dev
EVT-N040-16,USER-N040,plan_adjusted,2025-06-22T16:00:00Z,SKILL-009,,,0,completed,neutral,plan_rebalanced,low,根据时间和反馈调整学习计划,1.2.0,synthetic,true,SRC-SYNTH,2026-09-13T00:00:00+08:00,0.9,synthetic,not_applicable,,team_generated,false,dev
EVT-N040-17,USER-N040,skill_practice,2025-07-09T16:00:00Z,SKILL-027,RES-0447,,2,completed,positive,progressing,low,完成技能练习并记录反思,1.2.0,synthetic,true,SRC-SYNTH,2026-09-13T00:00:00+08:00,0.9,synthetic,not_applicable,,team_generated,false,dev
EVT-N040-18,USER-N040,inactivity,2025-07-26T16:00:00Z,SKILL-030,,,-4,attention_needed,frustrated,learning_stalled,medium,超过设定周期未产生学习证据，触发技能衰减,1.2.0,synthetic,true,SRC-SYNTH,2026-09-13T00:00:00+08:00,0.9,synthetic,not_applicable,,team_generated,false,dev
EVT-N040-19,USER-N040,reminder_response,2025-08-12T16:00:00Z,SKILL-036,,,0,completed,neutral,active,low,响应任务提醒并更新完成状态,1.2.0,synthetic,true,SRC-SYNTH,2026-09-13T00:00:00+08:00,0.9,synthetic,not_applicable,,team_generated,false,dev
EVT-N040-20,USER-N040,profile_recalculated,2025-08-29T16:00:00Z,SKILL-039,,,0,completed,neutral,active,low,根据新证据重算画像与岗位匹配度,1.2.0,synthetic,true,SRC-SYNTH,2026-09-13T00:00:00+08:00,0.9,synthetic,not_applicable,,team_generated,false,dev
EVT-N040-21,USER-N040,onboarding,2025-09-15T16:00:00Z,,,,0,completed,neutral,active,low,完成基础信息和学习约束录入,1.2.0,synthetic,true,SRC-SYNTH,2026-09-13T00:00:00+08:00,0.9,synthetic,not_applicable,,team_generated,false,dev
EVT-N040-22,USER-N040,skill_assessment,2025-10-02T16:00:00Z,SKILL-009,,,3,completed,positive,progressing,low,完成能力测评并生成可解释证据,1.2.0,synthetic,true,SRC-SYNTH,2026-09-13T00:00:00+08:00,0.9,synthetic,not_applicable,,team_generated,false,dev
EVT-N040-23,USER-N040,course_started,2025-10-19T16:00:00Z,SKILL-027,RES-0018,,0,completed,neutral,active,low,开始一项与目标能力相关的课程,1.2.0,synthetic,true,SRC-SYNTH,2026-09-13T00:00:00+08:00,0.9,synthetic,not_applicable,,team_generated,false,dev
EVT-N040-24,USER-N040,task_completed,2025-11-05T16:00:00Z,SKILL-030,RES-0030,,2,completed,positive,progressing,low,完成本周学习任务,1.2.0,synthetic,true,SRC-SYNTH,2026-09-13T00:00:00+08:00,0.9,synthetic,not_applicable,,team_generated,false,dev
EVT-N040-25,USER-N040,skill_practice,2025-11-22T16:00:00Z,SKILL-036,RES-0149,,2,completed,positive,progressing,low,完成技能练习并记录反思,1.2.0,synthetic,true,SRC-SYNTH,2026-09-13T00:00:00+08:00,0.9,synthetic,not_applicable,,team_generated,false,dev
EVT-N040-26,USER-N040,course_completed,2025-12-09T16:00:00Z,SKILL-039,RES-0159,,6,completed,positive,progressing,low,完成课程并提交学习总结,1.2.0,synthetic,true,SRC-SYNTH,2026-09-13T00:00:00+08:00,0.9,synthetic,not_applicable,,team_generated,false,dev
EVT-N040-27,USER-N040,project_started,2025-12-26T16:00:00Z,SKILL-001,RES-0167,,0,completed,neutral,active,low,启动实践项目并确认里程碑,1.2.0,synthetic,true,SRC-SYNTH,2026-09-13T00:00:00+08:00,0.9,synthetic,not_applicable,,team_generated,false,dev
EVT-N040-28,USER-N040,job_viewed,2026-01-12T16:00:00Z,,,JOB-AI-APP-0028,0,completed,neutral,active,low,查看目标岗位及能力要求,1.2.0,synthetic,true,SRC-SYNTH,2026-09-13T00:00:00+08:00,0.9,synthetic,not_applicable,,team_generated,false,dev
EVT-N040-29,USER-N040,feedback_submitted,2026-01-29T16:00:00Z,SKILL-027,,,0,completed,neutral,active,low,提交计划难度和推荐相关性反馈,1.2.0,synthetic,true,SRC-SYNTH,2026-09-13T00:00:00+08:00,0.9,synthetic,not_applicable,,team_generated,false,dev
EVT-N040-30,USER-N040,task_completed,2026-02-15T16:00:00Z,SKILL-030,RES-0330,,2,completed,positive,progressing,low,完成本周学习任务,1.2.0,synthetic,true,SRC-SYNTH,2026-09-13T00:00:00+08:00,0.9,synthetic,not_applicable,,team_generated,false,dev
EVT-N040-31,USER-N040,project_completed,2026-03-04T16:00:00Z,SKILL-036,RES-0029,,8,completed,positive,progressing,low,完成项目、说明文档和复盘,1.2.0,synthetic,true,SRC-SYNTH,2026-09-13T00:00:00+08:00,0.9,synthetic,not_applicable,,team_generated,false,dev
EVT-N040-32,USER-N040,profile_recalculated,2026-03-21T16:00:00Z,SKILL-039,,,0,completed,neutral,active,low,根据新证据重算画像与岗位匹配度,1.2.0,synthetic,true,SRC-SYNTH,2026-09-13T00:00:00+08:00,0.9,synthetic,not_applicable,,team_generated,false,dev
EVT-N040-33,USER-N040,job_saved,2026-04-07T16:00:00Z,,,JOB-AI-APP-0033,0,completed,neutral,active,low,收藏一个模拟目标岗位,1.2.0,synthetic,true,SRC-SYNTH,2026-09-13T00:00:00+08:00,0.9,synthetic,not_applicable,,team_generated,false,dev
EVT-N040-34,USER-N040,application_submitted,2026-04-24T16:00:00Z,,,JOB-AI-APP-0034,0,completed,neutral,active,low,向模拟岗位提交申请,1.2.0,synthetic,true,SRC-SYNTH,2026-09-13T00:00:00+08:00,0.9,synthetic,not_applicable,,team_generated,false,dev
EVT-N040-35,USER-N040,interview_result,2026-05-11T16:00:00Z,,,JOB-AI-APP-0035,0,completed,disappointed,active,low,记录模拟面试反馈,1.2.0,synthetic,true,SRC-SYNTH,2026-09-13T00:00:00+08:00,0.9,synthetic,not_applicable,,team_generated,false,dev
EVT-N040-36,USER-N040,plan_adjusted,2026-05-28T16:00:00Z,SKILL-030,,,0,completed,neutral,plan_rebalanced,low,根据时间和反馈调整学习计划,1.2.0,synthetic,true,SRC-SYNTH,2026-09-13T00:00:00+08:00,0.9,synthetic,not_applicable,,team_generated,false,dev
EVT-N040-37,USER-N040,skill_practice,2026-06-14T16:00:00Z,SKILL-036,RES-0036,,2,completed,positive,progressing,low,完成技能练习并记录反思,1.2.0,synthetic,true,SRC-SYNTH,2026-09-13T00:00:00+08:00,0.9,synthetic,not_applicable,,team_generated,false,dev
EVT-N040-38,USER-N040,inactivity,2026-07-01T16:00:00Z,SKILL-039,,,-4,attention_needed,frustrated,learning_stalled,medium,超过设定周期未产生学习证据，触发技能衰减,1.2.0,synthetic,true,SRC-SYNTH,2026-09-13T00:00:00+08:00,0.9,synthetic,not_applicable,,team_generated,false,dev
EVT-N040-39,USER-N040,reminder_response,2026-07-18T16:00:00Z,SKILL-001,,,0,completed,neutral,active,low,响应任务提醒并更新完成状态,1.2.0,synthetic,true,SRC-SYNTH,2026-09-13T00:00:00+08:00,0.9,synthetic,not_applicable,,team_generated,false,dev
EVT-N040-40,USER-N040,profile_recalculated,2026-08-04T16:00:00Z,SKILL-009,,,0,completed,neutral,active,low,根据新证据重算画像与岗位匹配度,1.2.0,synthetic,true,SRC-SYNTH,2026-09-13T00:00:00+08:00,0.9,synthetic,not_applicable,,team_generated,false,dev
EVT-N041-01,USER-N041,onboarding,2024-10-10T16:00:00Z,,,,0,completed,neutral,active,low,完成基础信息和学习约束录入,1.2.0,synthetic,true,SRC-SYNTH,2026-09-13T00:00:00+08:00,0.9,synthetic,not_applicable,,team_generated,false,dev
EVT-N041-02,USER-N041,skill_assessment,2024-10-27T16:00:00Z,SKILL-049,,,3,completed,positive,progressing,low,完成能力测评并生成可解释证据,1.2.0,synthetic,true,SRC-SYNTH,2026-09-13T00:00:00+08:00,0.9,synthetic,not_applicable,,team_generated,false,dev
EVT-N041-03,USER-N041,course_started,2024-11-13T16:00:00Z,SKILL-009,RES-0122,,0,completed,neutral,active,low,开始一项与目标能力相关的课程,1.2.0,synthetic,true,SRC-SYNTH,2026-09-13T00:00:00+08:00,0.9,synthetic,not_applicable,,team_generated,false,dev
EVT-N041-04,USER-N041,task_completed,2024-11-30T16:00:00Z,SKILL-012,RES-0132,,2,completed,positive,progressing,low,完成本周学习任务,1.2.0,synthetic,true,SRC-SYNTH,2026-09-13T00:00:00+08:00,0.9,synthetic,not_applicable,,team_generated,false,dev
EVT-N041-05,USER-N041,skill_practice,2024-12-17T16:00:00Z,SKILL-015,RES-0135,,2,completed,positive,progressing,low,完成技能练习并记录反思,1.2.0,synthetic,true,SRC-SYNTH,2026-09-13T00:00:00+08:00,0.9,synthetic,not_applicable,,team_generated,false,dev
EVT-N041-06,USER-N041,course_completed,2025-01-03T16:00:00Z,SKILL-041,RES-0161,,6,completed,positive,progressing,low,完成课程并提交学习总结,1.2.0,synthetic,true,SRC-SYNTH,2026-09-13T00:00:00+08:00,0.9,synthetic,not_applicable,,team_generated,false,dev
EVT-N041-07,USER-N041,project_started,2025-01-20T16:00:00Z,SKILL-045,RES-0038,,0,completed,neutral,active,low,启动实践项目并确认里程碑,1.2.0,synthetic,true,SRC-SYNTH,2026-09-13T00:00:00+08:00,0.9,synthetic,not_applicable,,team_generated,false,dev
EVT-N041-08,USER-N041,job_viewed,2025-02-06T16:00:00Z,,,JOB-DATA-0087,0,completed,neutral,active,low,查看目标岗位及能力要求,1.2.0,synthetic,true,SRC-SYNTH,2026-09-13T00:00:00+08:00,0.9,synthetic,not_applicable,,team_generated,false,dev
EVT-N041-09,USER-N041,feedback_submitted,2025-02-23T16:00:00Z,SKILL-009,,,0,completed,neutral,active,low,提交计划难度和推荐相关性反馈,1.2.0,synthetic,true,SRC-SYNTH,2026-09-13T00:00:00+08:00,0.9,synthetic,not_applicable,,team_generated,false,dev
EVT-N041-10,USER-N041,task_completed,2025-03-12T16:00:00Z,SKILL-012,RES-0125,,2,completed,positive,progressing,low,完成本周学习任务,1.2.0,synthetic,true,SRC-SYNTH,2026-09-13T00:00:00+08:00,0.9,synthetic,not_applicable,,team_generated,false,dev
EVT-N041-11,USER-N041,project_completed,2025-03-29T16:00:00Z,SKILL-015,RES-0188,,8,completed,positive,progressing,low,完成项目、说明文档和复盘,1.2.0,synthetic,true,SRC-SYNTH,2026-09-13T00:00:00+08:00,0.9,synthetic,not_applicable,,team_generated,false,dev
EVT-N041-12,USER-N041,profile_recalculated,2025-04-15T16:00:00Z,SKILL-041,,,0,completed,neutral,active,low,根据新证据重算画像与岗位匹配度,1.2.0,synthetic,true,SRC-SYNTH,2026-09-13T00:00:00+08:00,0.9,synthetic,not_applicable,,team_generated,false,dev
EVT-N041-13,USER-N041,job_saved,2025-05-02T16:00:00Z,,,JOB-DATA-0013,0,completed,neutral,active,low,收藏一个模拟目标岗位,1.2.0,synthetic,true,SRC-SYNTH,2026-09-13T00:00:00+08:00,0.9,synthetic,not_applicable,,team_generated,false,dev
EVT-N041-14,USER-N041,application_submitted,2025-05-19T16:00:00Z,,,JOB-DATA-0014,0,completed,neutral,active,low,向模拟岗位提交申请,1.2.0,synthetic,true,SRC-SYNTH,2026-09-13T00:00:00+08:00,0.9,synthetic,not_applicable,,team_generated,false,dev
EVT-N041-15,USER-N041,interview_result,2025-06-05T16:00:00Z,,,JOB-DATA-0015,0,completed,disappointed,active,low,记录模拟面试反馈,1.2.0,synthetic,true,SRC-SYNTH,2026-09-13T00:00:00+08:00,0.9,synthetic,not_applicable,,team_generated,false,dev
EVT-N041-16,USER-N041,plan_adjusted,2025-06-22T16:00:00Z,SKILL-012,,,0,completed,neutral,plan_rebalanced,low,根据时间和反馈调整学习计划,1.2.0,synthetic,true,SRC-SYNTH,2026-09-13T00:00:00+08:00,0.9,synthetic,not_applicable,,team_generated,false,dev
EVT-N041-17,USER-N041,skill_practice,2025-07-09T16:00:00Z,SKILL-015,RES-0128,,2,completed,positive,progressing,low,完成技能练习并记录反思,1.2.0,synthetic,true,SRC-SYNTH,2026-09-13T00:00:00+08:00,0.9,synthetic,not_applicable,,team_generated,false,dev
EVT-N041-18,USER-N041,inactivity,2025-07-26T16:00:00Z,SKILL-041,,,-4,attention_needed,frustrated,learning_stalled,medium,超过设定周期未产生学习证据，触发技能衰减,1.2.0,synthetic,true,SRC-SYNTH,2026-09-13T00:00:00+08:00,0.9,synthetic,not_applicable,,team_generated,false,dev
EVT-N041-19,USER-N041,reminder_response,2025-08-12T16:00:00Z,SKILL-045,,,0,completed,neutral,active,low,响应任务提醒并更新完成状态,1.2.0,synthetic,true,SRC-SYNTH,2026-09-13T00:00:00+08:00,0.9,synthetic,not_applicable,,team_generated,false,dev
EVT-N041-20,USER-N041,profile_recalculated,2025-08-29T16:00:00Z,SKILL-049,,,0,completed,neutral,active,low,根据新证据重算画像与岗位匹配度,1.2.0,synthetic,true,SRC-SYNTH,2026-09-13T00:00:00+08:00,0.9,synthetic,not_applicable,,team_generated,false,dev
EVT-N041-21,USER-N041,onboarding,2025-09-15T16:00:00Z,,,,0,completed,neutral,active,low,完成基础信息和学习约束录入,1.2.0,synthetic,true,SRC-SYNTH,2026-09-13T00:00:00+08:00,0.9,synthetic,not_applicable,,team_generated,false,dev
EVT-N041-22,USER-N041,skill_assessment,2025-10-02T16:00:00Z,SKILL-012,,,3,completed,positive,progressing,low,完成能力测评并生成可解释证据,1.2.0,synthetic,true,SRC-SYNTH,2026-09-13T00:00:00+08:00,0.9,synthetic,not_applicable,,team_generated,false,dev
EVT-N041-23,USER-N041,course_started,2025-10-19T16:00:00Z,SKILL-015,RES-0128,,0,completed,neutral,active,low,开始一项与目标能力相关的课程,1.2.0,synthetic,true,SRC-SYNTH,2026-09-13T00:00:00+08:00,0.9,synthetic,not_applicable,,team_generated,false,dev
EVT-N041-24,USER-N041,task_completed,2025-11-05T16:00:00Z,SKILL-041,RES-0161,,2,completed,positive,progressing,low,完成本周学习任务,1.2.0,synthetic,true,SRC-SYNTH,2026-09-13T00:00:00+08:00,0.9,synthetic,not_applicable,,team_generated,false,dev
EVT-N041-25,USER-N041,skill_practice,2025-11-22T16:00:00Z,SKILL-045,RES-0158,,2,completed,positive,progressing,low,完成技能练习并记录反思,1.2.0,synthetic,true,SRC-SYNTH,2026-09-13T00:00:00+08:00,0.9,synthetic,not_applicable,,team_generated,false,dev
EVT-N041-26,USER-N041,course_completed,2025-12-09T16:00:00Z,SKILL-049,RES-0169,,6,completed,positive,progressing,low,完成课程并提交学习总结,1.2.0,synthetic,true,SRC-SYNTH,2026-09-13T00:00:00+08:00,0.9,synthetic,not_applicable,,team_generated,false,dev
EVT-N041-27,USER-N041,project_started,2025-12-26T16:00:00Z,SKILL-009,RES-0182,,0,completed,neutral,active,low,启动实践项目并确认里程碑,1.2.0,synthetic,true,SRC-SYNTH,2026-09-13T00:00:00+08:00,0.9,synthetic,not_applicable,,team_generated,false,dev
EVT-N041-28,USER-N041,job_viewed,2026-01-12T16:00:00Z,,,JOB-DATA-0028,0,completed,neutral,active,low,查看目标岗位及能力要求,1.2.0,synthetic,true,SRC-SYNTH,2026-09-13T00:00:00+08:00,0.9,synthetic,not_applicable,,team_generated,false,dev
EVT-N041-29,USER-N041,feedback_submitted,2026-01-29T16:00:00Z,SKILL-015,,,0,completed,neutral,active,low,提交计划难度和推荐相关性反馈,1.2.0,synthetic,true,SRC-SYNTH,2026-09-13T00:00:00+08:00,0.9,synthetic,not_applicable,,team_generated,false,dev
EVT-N041-30,USER-N041,task_completed,2026-02-15T16:00:00Z,SKILL-041,RES-0041,,2,completed,positive,progressing,low,完成本周学习任务,1.2.0,synthetic,true,SRC-SYNTH,2026-09-13T00:00:00+08:00,0.9,synthetic,not_applicable,,team_generated,false,dev
EVT-N041-31,USER-N041,project_completed,2026-03-04T16:00:00Z,SKILL-045,RES-0038,,8,completed,positive,progressing,low,完成项目、说明文档和复盘,1.2.0,synthetic,true,SRC-SYNTH,2026-09-13T00:00:00+08:00,0.9,synthetic,not_applicable,,team_generated,false,dev
EVT-N041-32,USER-N041,profile_recalculated,2026-03-21T16:00:00Z,SKILL-049,,,0,completed,neutral,active,low,根据新证据重算画像与岗位匹配度,1.2.0,synthetic,true,SRC-SYNTH,2026-09-13T00:00:00+08:00,0.9,synthetic,not_applicable,,team_generated,false,dev
EVT-N041-33,USER-N041,job_saved,2026-04-07T16:00:00Z,,,JOB-DATA-0033,0,completed,neutral,active,low,收藏一个模拟目标岗位,1.2.0,synthetic,true,SRC-SYNTH,2026-09-13T00:00:00+08:00,0.9,synthetic,not_applicable,,team_generated,false,dev
EVT-N041-34,USER-N041,application_submitted,2026-04-24T16:00:00Z,,,JOB-DATA-0034,0,completed,neutral,active,low,向模拟岗位提交申请,1.2.0,synthetic,true,SRC-SYNTH,2026-09-13T00:00:00+08:00,0.9,synthetic,not_applicable,,team_generated,false,dev
EVT-N041-35,USER-N041,interview_result,2026-05-11T16:00:00Z,,,JOB-DATA-0035,0,completed,disappointed,active,low,记录模拟面试反馈,1.2.0,synthetic,true,SRC-SYNTH,2026-09-13T00:00:00+08:00,0.9,synthetic,not_applicable,,team_generated,false,dev
EVT-N041-36,USER-N041,plan_adjusted,2026-05-28T16:00:00Z,SKILL-041,,,0,completed,neutral,plan_rebalanced,low,根据时间和反馈调整学习计划,1.2.0,synthetic,true,SRC-SYNTH,2026-09-13T00:00:00+08:00,0.9,synthetic,not_applicable,,team_generated,false,dev
EVT-N041-37,USER-N041,skill_practice,2026-06-14T16:00:00Z,SKILL-045,RES-0038,,2,completed,positive,progressing,low,完成技能练习并记录反思,1.2.0,synthetic,true,SRC-SYNTH,2026-09-13T00:00:00+08:00,0.9,synthetic,not_applicable,,team_generated,false,dev
EVT-N041-38,USER-N041,inactivity,2026-07-01T16:00:00Z,SKILL-049,,,-4,attention_needed,frustrated,learning_stalled,medium,超过设定周期未产生学习证据，触发技能衰减,1.2.0,synthetic,true,SRC-SYNTH,2026-09-13T00:00:00+08:00,0.9,synthetic,not_applicable,,team_generated,false,dev
EVT-N041-39,USER-N041,reminder_response,2026-07-18T16:00:00Z,SKILL-009,,,0,completed,neutral,active,low,响应任务提醒并更新完成状态,1.2.0,synthetic,true,SRC-SYNTH,2026-09-13T00:00:00+08:00,0.9,synthetic,not_applicable,,team_generated,false,dev
EVT-N041-40,USER-N041,profile_recalculated,2026-08-04T16:00:00Z,SKILL-012,,,0,completed,neutral,active,low,根据新证据重算画像与岗位匹配度,1.2.0,synthetic,true,SRC-SYNTH,2026-09-13T00:00:00+08:00,0.9,synthetic,not_applicable,,team_generated,false,dev
EVT-N042-01,USER-N042,onboarding,2024-10-10T16:00:00Z,,,,0,completed,neutral,active,low,完成基础信息和学习约束录入,1.2.0,synthetic,true,SRC-SYNTH,2026-09-13T00:00:00+08:00,0.9,synthetic,not_applicable,,team_generated,false,dev
EVT-N042-02,USER-N042,skill_assessment,2024-10-27T16:00:00Z,SKILL-054,,,3,completed,positive,progressing,low,完成能力测评并生成可解释证据,1.2.0,synthetic,true,SRC-SYNTH,2026-09-13T00:00:00+08:00,0.9,synthetic,not_applicable,,team_generated,false,dev
EVT-N042-03,USER-N042,course_started,2024-11-13T16:00:00Z,SKILL-010,RES-0190,,0,completed,neutral,active,low,开始一项与目标能力相关的课程,1.2.0,synthetic,true,SRC-SYNTH,2026-09-13T00:00:00+08:00,0.9,synthetic,not_applicable,,team_generated,false,dev
EVT-N042-04,USER-N042,task_completed,2024-11-30T16:00:00Z,SKILL-018,RES-0138,,2,completed,positive,progressing,low,完成本周学习任务,1.2.0,synthetic,true,SRC-SYNTH,2026-09-13T00:00:00+08:00,0.9,synthetic,not_applicable,,team_generated,false,dev
EVT-N042-05,USER-N042,skill_practice,2024-12-17T16:00:00Z,SKILL-021,RES-0141,,2,completed,positive,progressing,low,完成技能练习并记录反思,1.2.0,synthetic,true,SRC-SYNTH,2026-09-13T00:00:00+08:00,0.9,synthetic,not_applicable,,team_generated,false,dev
EVT-N042-06,USER-N042,course_completed,2025-01-03T16:00:00Z,SKILL-024,RES-0197,,6,completed,positive,progressing,low,完成课程并提交学习总结,1.2.0,synthetic,true,SRC-SYNTH,2026-09-13T00:00:00+08:00,0.9,synthetic,not_applicable,,team_generated,false,dev
EVT-N042-07,USER-N042,project_started,2025-01-20T16:00:00Z,SKILL-036,RES-0036,,0,completed,neutral,active,low,启动实践项目并确认里程碑,1.2.0,synthetic,true,SRC-SYNTH,2026-09-13T00:00:00+08:00,0.9,synthetic,not_applicable,,team_generated,false,dev
EVT-N042-08,USER-N042,job_viewed,2025-02-06T16:00:00Z,,,JOB-AI-ALG-0087,0,completed,neutral,active,low,查看目标岗位及能力要求,1.2.0,synthetic,true,SRC-SYNTH,2026-09-13T00:00:00+08:00,0.9,synthetic,not_applicable,,team_generated,false,dev
EVT-N042-09,USER-N042,feedback_submitted,2025-02-23T16:00:00Z,SKILL-010,,,0,completed,neutral,active,low,提交计划难度和推荐相关性反馈,1.2.0,synthetic,true,SRC-SYNTH,2026-09-13T00:00:00+08:00,0.9,synthetic,not_applicable,,team_generated,false,dev
EVT-N042-10,USER-N042,task_completed,2025-03-12T16:00:00Z,SKILL-018,RES-0131,,2,completed,positive,progressing,low,完成本周学习任务,1.2.0,synthetic,true,SRC-SYNTH,2026-09-13T00:00:00+08:00,0.9,synthetic,not_applicable,,team_generated,false,dev
EVT-N042-11,USER-N042,project_completed,2025-03-29T16:00:00Z,SKILL-021,RES-0004,,8,completed,positive,progressing,low,完成项目、说明文档和复盘,1.2.0,synthetic,true,SRC-SYNTH,2026-09-13T00:00:00+08:00,0.9,synthetic,not_applicable,,team_generated,false,dev
EVT-N042-12,USER-N042,profile_recalculated,2025-04-15T16:00:00Z,SKILL-024,,,0,completed,neutral,active,low,根据新证据重算画像与岗位匹配度,1.2.0,synthetic,true,SRC-SYNTH,2026-09-13T00:00:00+08:00,0.9,synthetic,not_applicable,,team_generated,false,dev
EVT-N042-13,USER-N042,job_saved,2025-05-02T16:00:00Z,,,JOB-AI-ALG-0013,0,completed,neutral,active,low,收藏一个模拟目标岗位,1.2.0,synthetic,true,SRC-SYNTH,2026-09-13T00:00:00+08:00,0.9,synthetic,not_applicable,,team_generated,false,dev
EVT-N042-14,USER-N042,application_submitted,2025-05-19T16:00:00Z,,,JOB-AI-ALG-0014,0,completed,neutral,active,low,向模拟岗位提交申请,1.2.0,synthetic,true,SRC-SYNTH,2026-09-13T00:00:00+08:00,0.9,synthetic,not_applicable,,team_generated,false,dev
EVT-N042-15,USER-N042,interview_result,2025-06-05T16:00:00Z,,,JOB-AI-ALG-0015,0,completed,disappointed,active,low,记录模拟面试反馈,1.2.0,synthetic,true,SRC-SYNTH,2026-09-13T00:00:00+08:00,0.9,synthetic,not_applicable,,team_generated,false,dev
EVT-N042-16,USER-N042,plan_adjusted,2025-06-22T16:00:00Z,SKILL-018,,,0,completed,neutral,plan_rebalanced,low,根据时间和反馈调整学习计划,1.2.0,synthetic,true,SRC-SYNTH,2026-09-13T00:00:00+08:00,0.9,synthetic,not_applicable,,team_generated,false,dev
EVT-N042-17,USER-N042,skill_practice,2025-07-09T16:00:00Z,SKILL-021,RES-0314,,2,completed,positive,progressing,low,完成技能练习并记录反思,1.2.0,synthetic,true,SRC-SYNTH,2026-09-13T00:00:00+08:00,0.9,synthetic,not_applicable,,team_generated,false,dev
EVT-N042-18,USER-N042,inactivity,2025-07-26T16:00:00Z,SKILL-024,,,-4,attention_needed,frustrated,learning_stalled,medium,超过设定周期未产生学习证据，触发技能衰减,1.2.0,synthetic,true,SRC-SYNTH,2026-09-13T00:00:00+08:00,0.9,synthetic,not_applicable,,team_generated,false,dev
EVT-N042-19,USER-N042,reminder_response,2025-08-12T16:00:00Z,SKILL-036,,,0,completed,neutral,active,low,响应任务提醒并更新完成状态,1.2.0,synthetic,true,SRC-SYNTH,2026-09-13T00:00:00+08:00,0.9,synthetic,not_applicable,,team_generated,false,dev
EVT-N042-20,USER-N042,profile_recalculated,2025-08-29T16:00:00Z,SKILL-054,,,0,completed,neutral,active,low,根据新证据重算画像与岗位匹配度,1.2.0,synthetic,true,SRC-SYNTH,2026-09-13T00:00:00+08:00,0.9,synthetic,not_applicable,,team_generated,false,dev
EVT-N042-21,USER-N042,onboarding,2025-09-15T16:00:00Z,,,,0,completed,neutral,active,low,完成基础信息和学习约束录入,1.2.0,synthetic,true,SRC-SYNTH,2026-09-13T00:00:00+08:00,0.9,synthetic,not_applicable,,team_generated,false,dev
EVT-N042-22,USER-N042,skill_assessment,2025-10-02T16:00:00Z,SKILL-018,,,3,completed,positive,progressing,low,完成能力测评并生成可解释证据,1.2.0,synthetic,true,SRC-SYNTH,2026-09-13T00:00:00+08:00,0.9,synthetic,not_applicable,,team_generated,false,dev
EVT-N042-23,USER-N042,course_started,2025-10-19T16:00:00Z,SKILL-021,RES-0134,,0,completed,neutral,active,low,开始一项与目标能力相关的课程,1.2.0,synthetic,true,SRC-SYNTH,2026-09-13T00:00:00+08:00,0.9,synthetic,not_applicable,,team_generated,false,dev
EVT-N042-24,USER-N042,task_completed,2025-11-05T16:00:00Z,SKILL-024,RES-0144,,2,completed,positive,progressing,low,完成本周学习任务,1.2.0,synthetic,true,SRC-SYNTH,2026-09-13T00:00:00+08:00,0.9,synthetic,not_applicable,,team_generated,false,dev
EVT-N042-25,USER-N042,skill_practice,2025-11-22T16:00:00Z,SKILL-036,RES-0149,,2,completed,positive,progressing,low,完成技能练习并记录反思,1.2.0,synthetic,true,SRC-SYNTH,2026-09-13T00:00:00+08:00,0.9,synthetic,not_applicable,,team_generated,false,dev
EVT-N042-26,USER-N042,course_completed,2025-12-09T16:00:00Z,SKILL-054,RES-0167,,6,completed,positive,progressing,low,完成课程并提交学习总结,1.2.0,synthetic,true,SRC-SYNTH,2026-09-13T00:00:00+08:00,0.9,synthetic,not_applicable,,team_generated,false,dev
EVT-N042-27,USER-N042,project_started,2025-12-26T16:00:00Z,SKILL-010,RES-0190,,0,completed,neutral,active,low,启动实践项目并确认里程碑,1.2.0,synthetic,true,SRC-SYNTH,2026-09-13T00:00:00+08:00,0.9,synthetic,not_applicable,,team_generated,false,dev
EVT-N042-28,USER-N042,job_viewed,2026-01-12T16:00:00Z,,,JOB-AI-ALG-0028,0,completed,neutral,active,low,查看目标岗位及能力要求,1.2.0,synthetic,true,SRC-SYNTH,2026-09-13T00:00:00+08:00,0.9,synthetic,not_applicable,,team_generated,false,dev
EVT-N042-29,USER-N042,feedback_submitted,2026-01-29T16:00:00Z,SKILL-021,,,0,completed,neutral,active,low,提交计划难度和推荐相关性反馈,1.2.0,synthetic,true,SRC-SYNTH,2026-09-13T00:00:00+08:00,0.9,synthetic,not_applicable,,team_generated,false,dev
EVT-N042-30,USER-N042,task_completed,2026-02-15T16:00:00Z,SKILL-024,RES-0137,,2,completed,positive,progressing,low,完成本周学习任务,1.2.0,synthetic,true,SRC-SYNTH,2026-09-13T00:00:00+08:00,0.9,synthetic,not_applicable,,team_generated,false,dev
EVT-N042-31,USER-N042,project_completed,2026-03-04T16:00:00Z,SKILL-036,RES-0029,,8,completed,positive,progressing,low,完成项目、说明文档和复盘,1.2.0,synthetic,true,SRC-SYNTH,2026-09-13T00:00:00+08:00,0.9,synthetic,not_applicable,,team_generated,false,dev
EVT-N042-32,USER-N042,profile_recalculated,2026-03-21T16:00:00Z,SKILL-054,,,0,completed,neutral,active,low,根据新证据重算画像与岗位匹配度,1.2.0,synthetic,true,SRC-SYNTH,2026-09-13T00:00:00+08:00,0.9,synthetic,not_applicable,,team_generated,false,dev
EVT-N042-33,USER-N042,job_saved,2026-04-07T16:00:00Z,,,JOB-AI-ALG-0033,0,completed,neutral,active,low,收藏一个模拟目标岗位,1.2.0,synthetic,true,SRC-SYNTH,2026-09-13T00:00:00+08:00,0.9,synthetic,not_applicable,,team_generated,false,dev
EVT-N042-34,USER-N042,application_submitted,2026-04-24T16:00:00Z,,,JOB-AI-ALG-0034,0,completed,neutral,active,low,向模拟岗位提交申请,1.2.0,synthetic,true,SRC-SYNTH,2026-09-13T00:00:00+08:00,0.9,synthetic,not_applicable,,team_generated,false,dev
EVT-N042-35,USER-N042,interview_result,2026-05-11T16:00:00Z,,,JOB-AI-ALG-0035,0,completed,disappointed,active,low,记录模拟面试反馈,1.2.0,synthetic,true,SRC-SYNTH,2026-09-13T00:00:00+08:00,0.9,synthetic,not_applicable,,team_generated,false,dev
EVT-N042-36,USER-N042,plan_adjusted,2026-05-28T16:00:00Z,SKILL-024,,,0,completed,neutral,plan_rebalanced,low,根据时间和反馈调整学习计划,1.2.0,synthetic,true,SRC-SYNTH,2026-09-13T00:00:00+08:00,0.9,synthetic,not_applicable,,team_generated,false,dev
EVT-N042-37,USER-N042,skill_practice,2026-06-14T16:00:00Z,SKILL-036,RES-0036,,2,completed,positive,progressing,low,完成技能练习并记录反思,1.2.0,synthetic,true,SRC-SYNTH,2026-09-13T00:00:00+08:00,0.9,synthetic,not_applicable,,team_generated,false,dev
EVT-N042-38,USER-N042,inactivity,2026-07-01T16:00:00Z,SKILL-054,,,-4,attention_needed,frustrated,learning_stalled,medium,超过设定周期未产生学习证据，触发技能衰减,1.2.0,synthetic,true,SRC-SYNTH,2026-09-13T00:00:00+08:00,0.9,synthetic,not_applicable,,team_generated,false,dev
EVT-N042-39,USER-N042,reminder_response,2026-07-18T16:00:00Z,SKILL-010,,,0,completed,neutral,active,low,响应任务提醒并更新完成状态,1.2.0,synthetic,true,SRC-SYNTH,2026-09-13T00:00:00+08:00,0.9,synthetic,not_applicable,,team_generated,false,dev
EVT-N042-40,USER-N042,profile_recalculated,2026-08-04T16:00:00Z,SKILL-018,,,0,completed,neutral,active,low,根据新证据重算画像与岗位匹配度,1.2.0,synthetic,true,SRC-SYNTH,2026-09-13T00:00:00+08:00,0.9,synthetic,not_applicable,,team_generated,false,dev
EVT-N043-01,USER-N043,onboarding,2024-10-10T16:00:00Z,,,,0,completed,neutral,active,low,完成基础信息和学习约束录入,1.2.0,synthetic,true,SRC-SYNTH,2026-09-13T00:00:00+08:00,0.9,synthetic,not_applicable,,team_generated,false,dev
EVT-N043-02,USER-N043,skill_assessment,2024-10-27T16:00:00Z,SKILL-001,,,3,completed,positive,progressing,low,完成能力测评并生成可解释证据,1.2.0,synthetic,true,SRC-SYNTH,2026-09-13T00:00:00+08:00,0.9,synthetic,not_applicable,,team_generated,false,dev
EVT-N043-03,USER-N043,course_started,2024-11-13T16:00:00Z,SKILL-009,RES-0122,,0,completed,neutral,active,low,开始一项与目标能力相关的课程,1.2.0,synthetic,true,SRC-SYNTH,2026-09-13T00:00:00+08:00,0.9,synthetic,not_applicable,,team_generated,false,dev
EVT-N043-04,USER-N043,task_completed,2024-11-30T16:00:00Z,SKILL-027,RES-0140,,2,completed,positive,progressing,low,完成本周学习任务,1.2.0,synthetic,true,SRC-SYNTH,2026-09-13T00:00:00+08:00,0.9,synthetic,not_applicable,,team_generated,false,dev
EVT-N043-05,USER-N043,skill_practice,2024-12-17T16:00:00Z,SKILL-030,RES-0203,,2,completed,positive,progressing,low,完成技能练习并记录反思,1.2.0,synthetic,true,SRC-SYNTH,2026-09-13T00:00:00+08:00,0.9,synthetic,not_applicable,,team_generated,false,dev
EVT-N043-06,USER-N043,course_completed,2025-01-03T16:00:00Z,SKILL-036,RES-0156,,6,completed,positive,progressing,low,完成课程并提交学习总结,1.2.0,synthetic,true,SRC-SYNTH,2026-09-13T00:00:00+08:00,0.9,synthetic,not_applicable,,team_generated,false,dev
EVT-N043-07,USER-N043,project_started,2025-01-20T16:00:00Z,SKILL-039,RES-0452,,0,completed,neutral,active,low,启动实践项目并确认里程碑,1.2.0,synthetic,true,SRC-SYNTH,2026-09-13T00:00:00+08:00,0.9,synthetic,not_applicable,,team_generated,false,dev
EVT-N043-08,USER-N043,job_viewed,2025-02-06T16:00:00Z,,,JOB-AI-APP-0087,0,completed,neutral,active,low,查看目标岗位及能力要求,1.2.0,synthetic,true,SRC-SYNTH,2026-09-13T00:00:00+08:00,0.9,synthetic,not_applicable,,team_generated,false,dev
EVT-N043-09,USER-N043,feedback_submitted,2025-02-23T16:00:00Z,SKILL-009,,,0,completed,neutral,active,low,提交计划难度和推荐相关性反馈,1.2.0,synthetic,true,SRC-SYNTH,2026-09-13T00:00:00+08:00,0.9,synthetic,not_applicable,,team_generated,false,dev
EVT-N043-10,USER-N043,task_completed,2025-03-12T16:00:00Z,SKILL-027,RES-0018,,2,completed,positive,progressing,low,完成本周学习任务,1.2.0,synthetic,true,SRC-SYNTH,2026-09-13T00:00:00+08:00,0.9,synthetic,not_applicable,,team_generated,false,dev
EVT-N043-11,USER-N043,project_completed,2025-03-29T16:00:00Z,SKILL-030,RES-0143,,8,completed,positive,progressing,low,完成项目、说明文档和复盘,1.2.0,synthetic,true,SRC-SYNTH,2026-09-13T00:00:00+08:00,0.9,synthetic,not_applicable,,team_generated,false,dev
EVT-N043-12,USER-N043,profile_recalculated,2025-04-15T16:00:00Z,SKILL-036,,,0,completed,neutral,active,low,根据新证据重算画像与岗位匹配度,1.2.0,synthetic,true,SRC-SYNTH,2026-09-13T00:00:00+08:00,0.9,synthetic,not_applicable,,team_generated,false,dev
EVT-N043-13,USER-N043,job_saved,2025-05-02T16:00:00Z,,,JOB-AI-APP-0013,0,completed,neutral,active,low,收藏一个模拟目标岗位,1.2.0,synthetic,true,SRC-SYNTH,2026-09-13T00:00:00+08:00,0.9,synthetic,not_applicable,,team_generated,false,dev
EVT-N043-14,USER-N043,application_submitted,2025-05-19T16:00:00Z,,,JOB-AI-APP-0014,0,completed,neutral,active,low,向模拟岗位提交申请,1.2.0,synthetic,true,SRC-SYNTH,2026-09-13T00:00:00+08:00,0.9,synthetic,not_applicable,,team_generated,false,dev
EVT-N043-15,USER-N043,interview_result,2025-06-05T16:00:00Z,,,JOB-AI-APP-0015,0,completed,disappointed,active,low,记录模拟面试反馈,1.2.0,synthetic,true,SRC-SYNTH,2026-09-13T00:00:00+08:00,0.9,synthetic,not_applicable,,team_generated,false,dev
EVT-N043-16,USER-N043,plan_adjusted,2025-06-22T16:00:00Z,SKILL-027,,,0,completed,neutral,plan_rebalanced,low,根据时间和反馈调整学习计划,1.2.0,synthetic,true,SRC-SYNTH,2026-09-13T00:00:00+08:00,0.9,synthetic,not_applicable,,team_generated,false,dev
EVT-N043-17,USER-N043,skill_practice,2025-07-09T16:00:00Z,SKILL-030,RES-0450,,2,completed,positive,progressing,low,完成技能练习并记录反思,1.2.0,synthetic,true,SRC-SYNTH,2026-09-13T00:00:00+08:00,0.9,synthetic,not_applicable,,team_generated,false,dev
EVT-N043-18,USER-N043,inactivity,2025-07-26T16:00:00Z,SKILL-036,,,-4,attention_needed,frustrated,learning_stalled,medium,超过设定周期未产生学习证据，触发技能衰减,1.2.0,synthetic,true,SRC-SYNTH,2026-09-13T00:00:00+08:00,0.9,synthetic,not_applicable,,team_generated,false,dev
EVT-N043-19,USER-N043,reminder_response,2025-08-12T16:00:00Z,SKILL-039,,,0,completed,neutral,active,low,响应任务提醒并更新完成状态,1.2.0,synthetic,true,SRC-SYNTH,2026-09-13T00:00:00+08:00,0.9,synthetic,not_applicable,,team_generated,false,dev
EVT-N043-20,USER-N043,profile_recalculated,2025-08-29T16:00:00Z,SKILL-001,,,0,completed,neutral,active,low,根据新证据重算画像与岗位匹配度,1.2.0,synthetic,true,SRC-SYNTH,2026-09-13T00:00:00+08:00,0.9,synthetic,not_applicable,,team_generated,false,dev
EVT-N043-21,USER-N043,onboarding,2025-09-15T16:00:00Z,,,,0,completed,neutral,active,low,完成基础信息和学习约束录入,1.2.0,synthetic,true,SRC-SYNTH,2026-09-13T00:00:00+08:00,0.9,synthetic,not_applicable,,team_generated,false,dev
EVT-N043-22,USER-N043,skill_assessment,2025-10-02T16:00:00Z,SKILL-027,,,3,completed,positive,progressing,low,完成能力测评并生成可解释证据,1.2.0,synthetic,true,SRC-SYNTH,2026-09-13T00:00:00+08:00,0.9,synthetic,not_applicable,,team_generated,false,dev
EVT-N043-23,USER-N043,course_started,2025-10-19T16:00:00Z,SKILL-030,RES-0023,,0,completed,neutral,active,low,开始一项与目标能力相关的课程,1.2.0,synthetic,true,SRC-SYNTH,2026-09-13T00:00:00+08:00,0.9,synthetic,not_applicable,,team_generated,false,dev
EVT-N043-24,USER-N043,task_completed,2025-11-05T16:00:00Z,SKILL-036,RES-0156,,2,completed,positive,progressing,low,完成本周学习任务,1.2.0,synthetic,true,SRC-SYNTH,2026-09-13T00:00:00+08:00,0.9,synthetic,not_applicable,,team_generated,false,dev
EVT-N043-25,USER-N043,skill_practice,2025-11-22T16:00:00Z,SKILL-039,RES-0152,,2,completed,positive,progressing,low,完成技能练习并记录反思,1.2.0,synthetic,true,SRC-SYNTH,2026-09-13T00:00:00+08:00,0.9,synthetic,not_applicable,,team_generated,false,dev
EVT-N043-26,USER-N043,course_completed,2025-12-09T16:00:00Z,SKILL-001,RES-0121,,6,completed,positive,progressing,low,完成课程并提交学习总结,1.2.0,synthetic,true,SRC-SYNTH,2026-09-13T00:00:00+08:00,0.9,synthetic,not_applicable,,team_generated,false,dev
EVT-N043-27,USER-N043,project_started,2025-12-26T16:00:00Z,SKILL-009,RES-0182,,0,completed,neutral,active,low,启动实践项目并确认里程碑,1.2.0,synthetic,true,SRC-SYNTH,2026-09-13T00:00:00+08:00,0.9,synthetic,not_applicable,,team_generated,false,dev
EVT-N043-28,USER-N043,job_viewed,2026-01-12T16:00:00Z,,,JOB-AI-APP-0028,0,completed,neutral,active,low,查看目标岗位及能力要求,1.2.0,synthetic,true,SRC-SYNTH,2026-09-13T00:00:00+08:00,0.9,synthetic,not_applicable,,team_generated,false,dev
EVT-N043-29,USER-N043,feedback_submitted,2026-01-29T16:00:00Z,SKILL-030,,,0,completed,neutral,active,low,提交计划难度和推荐相关性反馈,1.2.0,synthetic,true,SRC-SYNTH,2026-09-13T00:00:00+08:00,0.9,synthetic,not_applicable,,team_generated,false,dev
EVT-N043-30,USER-N043,task_completed,2026-02-15T16:00:00Z,SKILL-036,RES-0449,,2,completed,positive,progressing,low,完成本周学习任务,1.2.0,synthetic,true,SRC-SYNTH,2026-09-13T00:00:00+08:00,0.9,synthetic,not_applicable,,team_generated,false,dev
EVT-N043-31,USER-N043,project_completed,2026-03-04T16:00:00Z,SKILL-039,RES-0092,,8,completed,positive,progressing,low,完成项目、说明文档和复盘,1.2.0,synthetic,true,SRC-SYNTH,2026-09-13T00:00:00+08:00,0.9,synthetic,not_applicable,,team_generated,false,dev
EVT-N043-32,USER-N043,profile_recalculated,2026-03-21T16:00:00Z,SKILL-001,,,0,completed,neutral,active,low,根据新证据重算画像与岗位匹配度,1.2.0,synthetic,true,SRC-SYNTH,2026-09-13T00:00:00+08:00,0.9,synthetic,not_applicable,,team_generated,false,dev
EVT-N043-33,USER-N043,job_saved,2026-04-07T16:00:00Z,,,JOB-AI-APP-0033,0,completed,neutral,active,low,收藏一个模拟目标岗位,1.2.0,synthetic,true,SRC-SYNTH,2026-09-13T00:00:00+08:00,0.9,synthetic,not_applicable,,team_generated,false,dev
EVT-N043-34,USER-N043,application_submitted,2026-04-24T16:00:00Z,,,JOB-AI-APP-0034,0,completed,neutral,active,low,向模拟岗位提交申请,1.2.0,synthetic,true,SRC-SYNTH,2026-09-13T00:00:00+08:00,0.9,synthetic,not_applicable,,team_generated,false,dev
EVT-N043-35,USER-N043,interview_result,2026-05-11T16:00:00Z,,,JOB-AI-APP-0035,0,completed,disappointed,active,low,记录模拟面试反馈,1.2.0,synthetic,true,SRC-SYNTH,2026-09-13T00:00:00+08:00,0.9,synthetic,not_applicable,,team_generated,false,dev
EVT-N043-36,USER-N043,plan_adjusted,2026-05-28T16:00:00Z,SKILL-036,,,0,completed,neutral,plan_rebalanced,low,根据时间和反馈调整学习计划,1.2.0,synthetic,true,SRC-SYNTH,2026-09-13T00:00:00+08:00,0.9,synthetic,not_applicable,,team_generated,false,dev
EVT-N043-37,USER-N043,skill_practice,2026-06-14T16:00:00Z,SKILL-039,RES-0039,,2,completed,positive,progressing,low,完成技能练习并记录反思,1.2.0,synthetic,true,SRC-SYNTH,2026-09-13T00:00:00+08:00,0.9,synthetic,not_applicable,,team_generated,false,dev
EVT-N043-38,USER-N043,inactivity,2026-07-01T16:00:00Z,SKILL-001,,,-4,attention_needed,frustrated,learning_stalled,medium,超过设定周期未产生学习证据，触发技能衰减,1.2.0,synthetic,true,SRC-SYNTH,2026-09-13T00:00:00+08:00,0.9,synthetic,not_applicable,,team_generated,false,dev
EVT-N043-39,USER-N043,reminder_response,2026-07-18T16:00:00Z,SKILL-009,,,0,completed,neutral,active,low,响应任务提醒并更新完成状态,1.2.0,synthetic,true,SRC-SYNTH,2026-09-13T00:00:00+08:00,0.9,synthetic,not_applicable,,team_generated,false,dev
EVT-N043-40,USER-N043,profile_recalculated,2026-08-04T16:00:00Z,SKILL-027,,,0,completed,neutral,active,low,根据新证据重算画像与岗位匹配度,1.2.0,synthetic,true,SRC-SYNTH,2026-09-13T00:00:00+08:00,0.9,synthetic,not_applicable,,team_generated,false,dev
EVT-N044-01,USER-N044,onboarding,2024-10-10T16:00:00Z,,,,0,completed,neutral,active,low,完成基础信息和学习约束录入,1.2.0,synthetic,true,SRC-SYNTH,2026-09-13T00:00:00+08:00,0.9,synthetic,not_applicable,,team_generated,false,dev
EVT-N044-02,USER-N044,skill_assessment,2024-10-27T16:00:00Z,SKILL-009,,,3,completed,positive,progressing,low,完成能力测评并生成可解释证据,1.2.0,synthetic,true,SRC-SYNTH,2026-09-13T00:00:00+08:00,0.9,synthetic,not_applicable,,team_generated,false,dev
EVT-N044-03,USER-N044,course_started,2024-11-13T16:00:00Z,SKILL-012,RES-0125,,0,completed,neutral,active,low,开始一项与目标能力相关的课程,1.2.0,synthetic,true,SRC-SYNTH,2026-09-13T00:00:00+08:00,0.9,synthetic,not_applicable,,team_generated,false,dev
EVT-N044-04,USER-N044,task_completed,2024-11-30T16:00:00Z,SKILL-015,RES-0128,,2,completed,positive,progressing,low,完成本周学习任务,1.2.0,synthetic,true,SRC-SYNTH,2026-09-13T00:00:00+08:00,0.9,synthetic,not_applicable,,team_generated,false,dev
EVT-N044-05,USER-N044,skill_practice,2024-12-17T16:00:00Z,SKILL-041,RES-0154,,2,completed,positive,progressing,low,完成技能练习并记录反思,1.2.0,synthetic,true,SRC-SYNTH,2026-09-13T00:00:00+08:00,0.9,synthetic,not_applicable,,team_generated,false,dev
EVT-N044-06,USER-N044,course_completed,2025-01-03T16:00:00Z,SKILL-045,RES-0165,,6,completed,positive,progressing,low,完成课程并提交学习总结,1.2.0,synthetic,true,SRC-SYNTH,2026-09-13T00:00:00+08:00,0.9,synthetic,not_applicable,,team_generated,false,dev
EVT-N044-07,USER-N044,project_started,2025-01-20T16:00:00Z,SKILL-049,RES-0589,,0,completed,neutral,active,low,启动实践项目并确认里程碑,1.2.0,synthetic,true,SRC-SYNTH,2026-09-13T00:00:00+08:00,0.9,synthetic,not_applicable,,team_generated,false,dev
EVT-N044-08,USER-N044,job_viewed,2025-02-06T16:00:00Z,,,JOB-DATA-0087,0,completed,neutral,active,low,查看目标岗位及能力要求,1.2.0,synthetic,true,SRC-SYNTH,2026-09-13T00:00:00+08:00,0.9,synthetic,not_applicable,,team_generated,false,dev
EVT-N044-09,USER-N044,feedback_submitted,2025-02-23T16:00:00Z,SKILL-012,,,0,completed,neutral,active,low,提交计划难度和推荐相关性反馈,1.2.0,synthetic,true,SRC-SYNTH,2026-09-13T00:00:00+08:00,0.9,synthetic,not_applicable,,team_generated,false,dev
EVT-N044-10,USER-N044,task_completed,2025-03-12T16:00:00Z,SKILL-015,RES-0135,,2,completed,positive,progressing,low,完成本周学习任务,1.2.0,synthetic,true,SRC-SYNTH,2026-09-13T00:00:00+08:00,0.9,synthetic,not_applicable,,team_generated,false,dev
EVT-N044-11,USER-N044,project_completed,2025-03-29T16:00:00Z,SKILL-041,RES-0154,,8,completed,positive,progressing,low,完成项目、说明文档和复盘,1.2.0,synthetic,true,SRC-SYNTH,2026-09-13T00:00:00+08:00,0.9,synthetic,not_applicable,,team_generated,false,dev
EVT-N044-12,USER-N044,profile_recalculated,2025-04-15T16:00:00Z,SKILL-045,,,0,completed,neutral,active,low,根据新证据重算画像与岗位匹配度,1.2.0,synthetic,true,SRC-SYNTH,2026-09-13T00:00:00+08:00,0.9,synthetic,not_applicable,,team_generated,false,dev
EVT-N044-13,USER-N044,job_saved,2025-05-02T16:00:00Z,,,JOB-DATA-0013,0,completed,neutral,active,low,收藏一个模拟目标岗位,1.2.0,synthetic,true,SRC-SYNTH,2026-09-13T00:00:00+08:00,0.9,synthetic,not_applicable,,team_generated,false,dev
EVT-N044-14,USER-N044,application_submitted,2025-05-19T16:00:00Z,,,JOB-DATA-0014,0,completed,neutral,active,low,向模拟岗位提交申请,1.2.0,synthetic,true,SRC-SYNTH,2026-09-13T00:00:00+08:00,0.9,synthetic,not_applicable,,team_generated,false,dev
EVT-N044-15,USER-N044,interview_result,2025-06-05T16:00:00Z,,,JOB-DATA-0015,0,completed,disappointed,active,low,记录模拟面试反馈,1.2.0,synthetic,true,SRC-SYNTH,2026-09-13T00:00:00+08:00,0.9,synthetic,not_applicable,,team_generated,false,dev
EVT-N044-16,USER-N044,plan_adjusted,2025-06-22T16:00:00Z,SKILL-015,,,0,completed,neutral,plan_rebalanced,low,根据时间和反馈调整学习计划,1.2.0,synthetic,true,SRC-SYNTH,2026-09-13T00:00:00+08:00,0.9,synthetic,not_applicable,,team_generated,false,dev
EVT-N044-17,USER-N044,skill_practice,2025-07-09T16:00:00Z,SKILL-041,RES-0034,,2,completed,positive,progressing,low,完成技能练习并记录反思,1.2.0,synthetic,true,SRC-SYNTH,2026-09-13T00:00:00+08:00,0.9,synthetic,not_applicable,,team_generated,false,dev
EVT-N044-18,USER-N044,inactivity,2025-07-26T16:00:00Z,SKILL-045,,,-4,attention_needed,frustrated,learning_stalled,medium,超过设定周期未产生学习证据，触发技能衰减,1.2.0,synthetic,true,SRC-SYNTH,2026-09-13T00:00:00+08:00,0.9,synthetic,not_applicable,,team_generated,false,dev
EVT-N044-19,USER-N044,reminder_response,2025-08-12T16:00:00Z,SKILL-049,,,0,completed,neutral,active,low,响应任务提醒并更新完成状态,1.2.0,synthetic,true,SRC-SYNTH,2026-09-13T00:00:00+08:00,0.9,synthetic,not_applicable,,team_generated,false,dev
EVT-N044-20,USER-N044,profile_recalculated,2025-08-29T16:00:00Z,SKILL-009,,,0,completed,neutral,active,low,根据新证据重算画像与岗位匹配度,1.2.0,synthetic,true,SRC-SYNTH,2026-09-13T00:00:00+08:00,0.9,synthetic,not_applicable,,team_generated,false,dev
EVT-N044-21,USER-N044,onboarding,2025-09-15T16:00:00Z,,,,0,completed,neutral,active,low,完成基础信息和学习约束录入,1.2.0,synthetic,true,SRC-SYNTH,2026-09-13T00:00:00+08:00,0.9,synthetic,not_applicable,,team_generated,false,dev
EVT-N044-22,USER-N044,skill_assessment,2025-10-02T16:00:00Z,SKILL-015,,,3,completed,positive,progressing,low,完成能力测评并生成可解释证据,1.2.0,synthetic,true,SRC-SYNTH,2026-09-13T00:00:00+08:00,0.9,synthetic,not_applicable,,team_generated,false,dev
EVT-N044-23,USER-N044,course_started,2025-10-19T16:00:00Z,SKILL-041,RES-0154,,0,completed,neutral,active,low,开始一项与目标能力相关的课程,1.2.0,synthetic,true,SRC-SYNTH,2026-09-13T00:00:00+08:00,0.9,synthetic,not_applicable,,team_generated,false,dev
EVT-N044-24,USER-N044,task_completed,2025-11-05T16:00:00Z,SKILL-045,RES-0165,,2,completed,positive,progressing,low,完成本周学习任务,1.2.0,synthetic,true,SRC-SYNTH,2026-09-13T00:00:00+08:00,0.9,synthetic,not_applicable,,team_generated,false,dev
EVT-N044-25,USER-N044,skill_practice,2025-11-22T16:00:00Z,SKILL-049,RES-0155,,2,completed,positive,progressing,low,完成技能练习并记录反思,1.2.0,synthetic,true,SRC-SYNTH,2026-09-13T00:00:00+08:00,0.9,synthetic,not_applicable,,team_generated,false,dev
EVT-N044-26,USER-N044,course_completed,2025-12-09T16:00:00Z,SKILL-009,RES-0129,,6,completed,positive,progressing,low,完成课程并提交学习总结,1.2.0,synthetic,true,SRC-SYNTH,2026-09-13T00:00:00+08:00,0.9,synthetic,not_applicable,,team_generated,false,dev
EVT-N044-27,USER-N044,project_started,2025-12-26T16:00:00Z,SKILL-012,RES-0552,,0,completed,neutral,active,low,启动实践项目并确认里程碑,1.2.0,synthetic,true,SRC-SYNTH,2026-09-13T00:00:00+08:00,0.9,synthetic,not_applicable,,team_generated,false,dev
EVT-N044-28,USER-N044,job_viewed,2026-01-12T16:00:00Z,,,JOB-DATA-0028,0,completed,neutral,active,low,查看目标岗位及能力要求,1.2.0,synthetic,true,SRC-SYNTH,2026-09-13T00:00:00+08:00,0.9,synthetic,not_applicable,,team_generated,false,dev
EVT-N044-29,USER-N044,feedback_submitted,2026-01-29T16:00:00Z,SKILL-041,,,0,completed,neutral,active,low,提交计划难度和推荐相关性反馈,1.2.0,synthetic,true,SRC-SYNTH,2026-09-13T00:00:00+08:00,0.9,synthetic,not_applicable,,team_generated,false,dev
EVT-N044-30,USER-N044,task_completed,2026-02-15T16:00:00Z,SKILL-045,RES-0165,,2,completed,positive,progressing,low,完成本周学习任务,1.2.0,synthetic,true,SRC-SYNTH,2026-09-13T00:00:00+08:00,0.9,synthetic,not_applicable,,team_generated,false,dev
EVT-N044-31,USER-N044,project_completed,2026-03-04T16:00:00Z,SKILL-049,RES-0335,,8,completed,positive,progressing,low,完成项目、说明文档和复盘,1.2.0,synthetic,true,SRC-SYNTH,2026-09-13T00:00:00+08:00,0.9,synthetic,not_applicable,,team_generated,false,dev
EVT-N044-32,USER-N044,profile_recalculated,2026-03-21T16:00:00Z,SKILL-009,,,0,completed,neutral,active,low,根据新证据重算画像与岗位匹配度,1.2.0,synthetic,true,SRC-SYNTH,2026-09-13T00:00:00+08:00,0.9,synthetic,not_applicable,,team_generated,false,dev
EVT-N044-33,USER-N044,job_saved,2026-04-07T16:00:00Z,,,JOB-DATA-0033,0,completed,neutral,active,low,收藏一个模拟目标岗位,1.2.0,synthetic,true,SRC-SYNTH,2026-09-13T00:00:00+08:00,0.9,synthetic,not_applicable,,team_generated,false,dev
EVT-N044-34,USER-N044,application_submitted,2026-04-24T16:00:00Z,,,JOB-DATA-0034,0,completed,neutral,active,low,向模拟岗位提交申请,1.2.0,synthetic,true,SRC-SYNTH,2026-09-13T00:00:00+08:00,0.9,synthetic,not_applicable,,team_generated,false,dev
EVT-N044-35,USER-N044,interview_result,2026-05-11T16:00:00Z,,,JOB-DATA-0035,0,completed,disappointed,active,low,记录模拟面试反馈,1.2.0,synthetic,true,SRC-SYNTH,2026-09-13T00:00:00+08:00,0.9,synthetic,not_applicable,,team_generated,false,dev
EVT-N044-36,USER-N044,plan_adjusted,2026-05-28T16:00:00Z,SKILL-045,,,0,completed,neutral,plan_rebalanced,low,根据时间和反馈调整学习计划,1.2.0,synthetic,true,SRC-SYNTH,2026-09-13T00:00:00+08:00,0.9,synthetic,not_applicable,,team_generated,false,dev
EVT-N044-37,USER-N044,skill_practice,2026-06-14T16:00:00Z,SKILL-049,RES-0515,,2,completed,positive,progressing,low,完成技能练习并记录反思,1.2.0,synthetic,true,SRC-SYNTH,2026-09-13T00:00:00+08:00,0.9,synthetic,not_applicable,,team_generated,false,dev
EVT-N044-38,USER-N044,inactivity,2026-07-01T16:00:00Z,SKILL-009,,,-4,attention_needed,frustrated,learning_stalled,medium,超过设定周期未产生学习证据，触发技能衰减,1.2.0,synthetic,true,SRC-SYNTH,2026-09-13T00:00:00+08:00,0.9,synthetic,not_applicable,,team_generated,false,dev
EVT-N044-39,USER-N044,reminder_response,2026-07-18T16:00:00Z,SKILL-012,,,0,completed,neutral,active,low,响应任务提醒并更新完成状态,1.2.0,synthetic,true,SRC-SYNTH,2026-09-13T00:00:00+08:00,0.9,synthetic,not_applicable,,team_generated,false,dev
EVT-N044-40,USER-N044,profile_recalculated,2026-08-04T16:00:00Z,SKILL-015,,,0,completed,neutral,active,low,根据新证据重算画像与岗位匹配度,1.2.0,synthetic,true,SRC-SYNTH,2026-09-13T00:00:00+08:00,0.9,synthetic,not_applicable,,team_generated,false,dev
