job_skill_id,job_id,skill_id,required_score,importance_weight,requirement_type,schema_version,origin,is_synthetic,source_ids,generated_at,confidence,claim_level,verification_status,last_verified_at,license_scope,is_market_fact,data_split
JOB-AI-ALG-0001-SKILL-002,JOB-AI-ALG-0001,SKILL-002,72,0.076923,required,1.1.0,synthetic,true,SRC-SYNTH,2026-09-05T00:00:00+08:00,0.88,synthetic,not_applicable,,team_generated,false,dev
JOB-AI-ALG-0001-SKILL-010,JOB-AI-ALG-0001,SKILL-010,71,0.076923,required,1.1.0,synthetic,true,SRC-SYNTH,2026-09-05T00:00:00+08:00,0.88,synthetic,not_applicable,,team_generated,false,dev
JOB-AI-ALG-0001-SKILL-011,JOB-AI-ALG-0001,SKILL-011,71,0.076923,required,1.1.0,synthetic,true,SRC-SYNTH,2026-09-05T00:00:00+08:00,0.88,synthetic,not_applicable,,team_generated,false,dev
JOB-AI-ALG-0001-SKILL-017,JOB-AI-ALG-0001,SKILL-017,70,0.076923,required,1.1.0,synthetic,true,SRC-SYNTH,2026-09-05T00:00:00+08:00,0.88,synthetic,not_applicable,,team_generated,false,dev
JOB-AI-ALG-0001-SKILL-018,JOB-AI-ALG-0001,SKILL-018,65,0.076923,required,1.1.0,synthetic,true,SRC-SYNTH,2026-09-05T00:00:00+08:00,0.88,synthetic,not_applicable,,team_generated,false,dev
JOB-AI-ALG-0001-SKILL-019,JOB-AI-ALG-0001,SKILL-019,65,0.076923,required,1.1.0,synthetic,true,SRC-SYNTH,2026-09-05T00:00:00+08:00,0.88,synthetic,not_applicable,,team_generated,false,dev
JOB-AI-ALG-0001-SKILL-020,JOB-AI-ALG-0001,SKILL-020,64,0.076923,required,1.1.0,synthetic,true,SRC-SYNTH,2026-09-05T00:00:00+08:00,0.88,synthetic,not_applicable,,team_generated,false,dev
JOB-AI-ALG-0001-SKILL-021,JOB-AI-ALG-0001,SKILL-021,64,0.076923,required,1.1.0,synthetic,true,SRC-SYNTH,2026-09-05T00:00:00+08:00,0.88,synthetic,not_applicable,,team_generated,false,dev
JOB-AI-ALG-0001-SKILL-022,JOB-AI-ALG-0001,SKILL-022,63,0.076923,required,1.1.0,synthetic,true,SRC-SYNTH,2026-09-05T00:00:00+08:00,0.88,synthetic,not_applicable,,team_generated,false,dev
JOB-AI-ALG-0001-SKILL-023,JOB-AI-ALG-0001,SKILL-023,54,0.076923,preferred,1.1.0,synthetic,true,SRC-SYNTH,2026-09-05T00:00:00+08:00,0.88,synthetic,not_applicable,,team_generated,false,dev
JOB-AI-ALG-0001-SKILL-024,JOB-AI-ALG-0001,SKILL-024,54,0.076923,preferred,1.1.0,synthetic,true,SRC-SYNTH,2026-09-05T00:00:00+08:00,0.88,synthetic,not_applicable,,team_generated,false,dev
JOB-AI-ALG-0001-SKILL-025,JOB-AI-ALG-0001,SKILL-025,53,0.076923,preferred,1.1.0,synthetic,true,SRC-SYNTH,2026-09-05T00:00:00+08:00,0.88,synthetic,not_applicable,,team_generated,false,dev
JOB-AI-ALG-0001-SKILL-033,JOB-AI-ALG-0001,SKILL-033,53,0.076924,preferred,1.1.0,synthetic,true,SRC-SYNTH,2026-09-05T00:00:00+08:00,0.88,synthetic,not_applicable,,team_generated,false,dev
JOB-AI-ALG-0002-SKILL-010,JOB-AI-ALG-0002,SKILL-010,71,0.071429,required,1.1.0,synthetic,true,SRC-SYNTH,2026-09-05T00:00:00+08:00,0.88,synthetic,not_applicable,,team_generated,false,dev
JOB-AI-ALG-0002-SKILL-011,JOB-AI-ALG-0002,SKILL-011,71,0.071429,required,1.1.0,synthetic,true,SRC-SYNTH,2026-09-05T00:00:00+08:00,0.88,synthetic,not_applicable,,team_generated,false,dev
JOB-AI-ALG-0002-SKILL-017,JOB-AI-ALG-0002,SKILL-017,70,0.071429,required,1.1.0,synthetic,true,SRC-SYNTH,2026-09-05T00:00:00+08:00,0.88,synthetic,not_applicable,,team_generated,false,dev
JOB-AI-ALG-0002-SKILL-018,JOB-AI-ALG-0002,SKILL-018,65,0.071429,required,1.1.0,synthetic,true,SRC-SYNTH,2026-09-05T00:00:00+08:00,0.88,synthetic,not_applicable,,team_generated,false,dev
JOB-AI-ALG-0002-SKILL-019,JOB-AI-ALG-0002,SKILL-019,65,0.071429,required,1.1.0,synthetic,true,SRC-SYNTH,2026-09-05T00:00:00+08:00,0.88,synthetic,not_applicable,,team_generated,false,dev
JOB-AI-ALG-0002-SKILL-020,JOB-AI-ALG-0002,SKILL-020,64,0.071429,required,1.1.0,synthetic,true,SRC-SYNTH,2026-09-05T00:00:00+08:00,0.88,synthetic,not_applicable,,team_generated,false,dev
JOB-AI-ALG-0002-SKILL-021,JOB-AI-ALG-0002,SKILL-021,64,0.071429,required,1.1.0,synthetic,true,SRC-SYNTH,2026-09-05T00:00:00+08:00,0.88,synthetic,not_applicable,,team_generated,false,dev
JOB-AI-ALG-0002-SKILL-022,JOB-AI-ALG-0002,SKILL-022,63,0.071429,required,1.1.0,synthetic,true,SRC-SYNTH,2026-09-05T00:00:00+08:00,0.88,synthetic,not_applicable,,team_generated,false,dev
JOB-AI-ALG-0002-SKILL-023,JOB-AI-ALG-0002,SKILL-023,54,0.071429,required,1.1.0,synthetic,true,SRC-SYNTH,2026-09-05T00:00:00+08:00,0.88,synthetic,not_applicable,,team_generated,false,dev
JOB-AI-ALG-0002-SKILL-024,JOB-AI-ALG-0002,SKILL-024,54,0.071429,required,1.1.0,synthetic,true,SRC-SYNTH,2026-09-05T00:00:00+08:00,0.88,synthetic,not_applicable,,team_generated,false,dev
JOB-AI-ALG-0002-SKILL-025,JOB-AI-ALG-0002,SKILL-025,53,0.071429,preferred,1.1.0,synthetic,true,SRC-SYNTH,2026-09-05T00:00:00+08:00,0.88,synthetic,not_applicable,,team_generated,false,dev
JOB-AI-ALG-0002-SKILL-033,JOB-AI-ALG-0002,SKILL-033,53,0.071429,preferred,1.1.0,synthetic,true,SRC-SYNTH,2026-09-05T00:00:00+08:00,0.88,synthetic,not_applicable,,team_generated,false,dev
JOB-AI-ALG-0002-SKILL-036,JOB-AI-ALG-0002,SKILL-036,52,0.071429,preferred,1.1.0,synthetic,true,SRC-SYNTH,2026-09-05T00:00:00+08:00,0.88,synthetic,not_applicable,,team_generated,false,dev
JOB-AI-ALG-0002-SKILL-048,JOB-AI-ALG-0002,SKILL-048,47,0.071423,preferred,1.1.0,synthetic,true,SRC-SYNTH,2026-09-05T00:00:00+08:00,0.88,synthetic,not_applicable,,team_generated,false,dev
JOB-AI-ALG-0003-SKILL-011,JOB-AI-ALG-0003,SKILL-011,71,0.066667,required,1.1.0,synthetic,true,SRC-SYNTH,2026-09-05T00:00:00+08:00,0.88,synthetic,not_applicable,,team_generated,false,dev
JOB-AI-ALG-0003-SKILL-017,JOB-AI-ALG-0003,SKILL-017,70,0.066667,required,1.1.0,synthetic,true,SRC-SYNTH,2026-09-05T00:00:00+08:00,0.88,synthetic,not_applicable,,team_generated,false,dev
JOB-AI-ALG-0003-SKILL-018,JOB-AI-ALG-0003,SKILL-018,65,0.066667,required,1.1.0,synthetic,true,SRC-SYNTH,2026-09-05T00:00:00+08:00,0.88,synthetic,not_applicable,,team_generated,false,dev
JOB-AI-ALG-0003-SKILL-019,JOB-AI-ALG-0003,SKILL-019,65,0.066667,required,1.1.0,synthetic,true,SRC-SYNTH,2026-09-05T00:00:00+08:00,0.88,synthetic,not_applicable,,team_generated,false,dev
JOB-AI-ALG-0003-SKILL-020,JOB-AI-ALG-0003,SKILL-020,64,0.066667,required,1.1.0,synthetic,true,SRC-SYNTH,2026-09-05T00:00:00+08:00,0.88,synthetic,not_applicable,,team_generated,false,dev
JOB-AI-ALG-0003-SKILL-021,JOB-AI-ALG-0003,SKILL-021,64,0.066667,required,1.1.0,synthetic,true,SRC-SYNTH,2026-09-05T00:00:00+08:00,0.88,synthetic,not_applicable,,team_generated,false,dev
JOB-AI-ALG-0003-SKILL-022,JOB-AI-ALG-0003,SKILL-022,63,0.066667,required,1.1.0,synthetic,true,SRC-SYNTH,2026-09-05T00:00:00+08:00,0.88,synthetic,not_applicable,,team_generated,false,dev
JOB-AI-ALG-0003-SKILL-023,JOB-AI-ALG-0003,SKILL-023,54,0.066667,required,1.1.0,synthetic,true,SRC-SYNTH,2026-09-05T00:00:00+08:00,0.88,synthetic,not_applicable,,team_generated,false,dev
JOB-AI-ALG-0003-SKILL-024,JOB-AI-ALG-0003,SKILL-024,54,0.066667,required,1.1.0,synthetic,true,SRC-SYNTH,2026-09-05T00:00:00+08:00,0.88,synthetic,not_applicable,,team_generated,false,dev
JOB-AI-ALG-0003-SKILL-025,JOB-AI-ALG-0003,SKILL-025,53,0.066667,required,1.1.0,synthetic,true,SRC-SYNTH,2026-09-05T00:00:00+08:00,0.88,synthetic,not_applicable,,team_generated,false,dev
JOB-AI-ALG-0003-SKILL-033,JOB-AI-ALG-0003,SKILL-033,53,0.066667,preferred,1.1.0,synthetic,true,SRC-SYNTH,2026-09-05T00:00:00+08:00,0.88,synthetic,not_applicable,,team_generated,false,dev
JOB-AI-ALG-0003-SKILL-036,JOB-AI-ALG-0003,SKILL-036,52,0.066667,preferred,1.1.0,synthetic,true,SRC-SYNTH,2026-09-05T00:00:00+08:00,0.88,synthetic,not_applicable,,team_generated,false,dev
JOB-AI-ALG-0003-SKILL-048,JOB-AI-ALG-0003,SKILL-048,47,0.066667,preferred,1.1.0,synthetic,true,SRC-SYNTH,2026-09-05T00:00:00+08:00,0.88,synthetic,not_applicable,,team_generated,false,dev
JOB-AI-ALG-0003-SKILL-058,JOB-AI-ALG-0003,SKILL-058,47,0.066667,preferred,1.1.0,synthetic,true,SRC-SYNTH,2026-09-05T00:00:00+08:00,0.88,synthetic,not_applicable,,team_generated,false,dev
JOB-AI-ALG-0003-SKILL-054,JOB-AI-ALG-0003,SKILL-054,47,0.066662,preferred,1.1.0,synthetic,true,SRC-SYNTH,2026-09-05T00:00:00+08:00,0.88,synthetic,not_applicable,,team_generated,false,dev
JOB-AI-ALG-0004-SKILL-017,JOB-AI-ALG-0004,SKILL-017,70,0.0625,required,1.1.0,synthetic,true,SRC-SYNTH,2026-09-05T00:00:00+08:00,0.88,synthetic,not_applicable,,team_generated,false,dev
JOB-AI-ALG-0004-SKILL-018,JOB-AI-ALG-0004,SKILL-018,65,0.0625,required,1.1.0,synthetic,true,SRC-SYNTH,2026-09-05T00:00:00+08:00,0.88,synthetic,not_applicable,,team_generated,false,dev
JOB-AI-ALG-0004-SKILL-019,JOB-AI-ALG-0004,SKILL-019,65,0.0625,required,1.1.0,synthetic,true,SRC-SYNTH,2026-09-05T00:00:00+08:00,0.88,synthetic,not_applicable,,team_generated,false,dev
JOB-AI-ALG-0004-SKILL-020,JOB-AI-ALG-0004,SKILL-020,64,0.0625,required,1.1.0,synthetic,true,SRC-SYNTH,2026-09-05T00:00:00+08:00,0.88,synthetic,not_applicable,,team_generated,false,dev
JOB-AI-ALG-0004-SKILL-021,JOB-AI-ALG-0004,SKILL-021,64,0.0625,required,1.1.0,synthetic,true,SRC-SYNTH,2026-09-05T00:00:00+08:00,0.88,synthetic,not_applicable,,team_generated,false,dev
JOB-AI-ALG-0004-SKILL-022,JOB-AI-ALG-0004,SKILL-022,63,0.0625,required,1.1.0,synthetic,true,SRC-SYNTH,2026-09-05T00:00:00+08:00,0.88,synthetic,not_applicable,,team_generated,false,dev
JOB-AI-ALG-0004-SKILL-023,JOB-AI-ALG-0004,SKILL-023,54,0.0625,required,1.1.0,synthetic,true,SRC-SYNTH,2026-09-05T00:00:00+08:00,0.88,synthetic,not_applicable,,team_generated,false,dev
JOB-AI-ALG-0004-SKILL-024,JOB-AI-ALG-0004,SKILL-024,54,0.0625,required,1.1.0,synthetic,true,SRC-SYNTH,2026-09-05T00:00:00+08:00,0.88,synthetic,not_applicable,,team_generated,false,dev
JOB-AI-ALG-0004-SKILL-025,JOB-AI-ALG-0004,SKILL-025,53,0.0625,required,1.1.0,synthetic,true,SRC-SYNTH,2026-09-05T00:00:00+08:00,0.88,synthetic,not_applicable,,team_generated,false,dev
JOB-AI-ALG-0004-SKILL-033,JOB-AI-ALG-0004,SKILL-033,53,0.0625,required,1.1.0,synthetic,true,SRC-SYNTH,2026-09-05T00:00:00+08:00,0.88,synthetic,not_applicable,,team_generated,false,dev
JOB-AI-ALG-0004-SKILL-036,JOB-AI-ALG-0004,SKILL-036,52,0.0625,required,1.1.0,synthetic,true,SRC-SYNTH,2026-09-05T00:00:00+08:00,0.88,synthetic,not_applicable,,team_generated,false,dev
JOB-AI-ALG-0004-SKILL-048,JOB-AI-ALG-0004,SKILL-048,47,0.0625,preferred,1.1.0,synthetic,true,SRC-SYNTH,2026-09-05T00:00:00+08:00,0.88,synthetic,not_applicable,,team_generated,false,dev
JOB-AI-ALG-0004-SKILL-058,JOB-AI-ALG-0004,SKILL-058,47,0.0625,preferred,1.1.0,synthetic,true,SRC-SYNTH,2026-09-05T00:00:00+08:00,0.88,synthetic,not_applicable,,team_generated,false,dev
JOB-AI-ALG-0004-SKILL-054,JOB-AI-ALG-0004,SKILL-054,47,0.0625,preferred,1.1.0,synthetic,true,SRC-SYNTH,2026-09-05T00:00:00+08:00,0.88,synthetic,not_applicable,,team_generated,false,dev
JOB-AI-ALG-0004-SKILL-001,JOB-AI-ALG-0004,SKILL-001,75,0.0625,preferred,1.1.0,synthetic,true,SRC-SYNTH,2026-09-05T00:00:00+08:00,0.88,synthetic,not_applicable,,team_generated,false,dev
JOB-AI-ALG-0004-SKILL-002,JOB-AI-ALG-0004,SKILL-002,75,0.0625,preferred,1.1.0,synthetic,true,SRC-SYNTH,2026-09-05T00:00:00+08:00,0.88,synthetic,not_applicable,,team_generated,false,dev
JOB-AI-ALG-0005-SKILL-018,JOB-AI-ALG-0005,SKILL-018,65,0.058824,required,1.1.0,synthetic,true,SRC-SYNTH,2026-09-05T00:00:00+08:00,0.88,synthetic,not_applicable,,team_generated,false,dev
JOB-AI-ALG-0005-SKILL-019,JOB-AI-ALG-0005,SKILL-019,65,0.058824,required,1.1.0,synthetic,true,SRC-SYNTH,2026-09-05T00:00:00+08:00,0.88,synthetic,not_applicable,,team_generated,false,dev
JOB-AI-ALG-0005-SKILL-020,JOB-AI-ALG-0005,SKILL-020,64,0.058824,required,1.1.0,synthetic,true,SRC-SYNTH,2026-09-05T00:00:00+08:00,0.88,synthetic,not_applicable,,team_generated,false,dev
JOB-AI-ALG-0005-SKILL-021,JOB-AI-ALG-0005,SKILL-021,64,0.058824,required,1.1.0,synthetic,true,SRC-SYNTH,2026-09-05T00:00:00+08:00,0.88,synthetic,not_applicable,,team_generated,false,dev
JOB-AI-ALG-0005-SKILL-022,JOB-AI-ALG-0005,SKILL-022,63,0.058824,required,1.1.0,synthetic,true,SRC-SYNTH,2026-09-05T00:00:00+08:00,0.88,synthetic,not_applicable,,team_generated,false,dev
JOB-AI-ALG-0005-SKILL-023,JOB-AI-ALG-0005,SKILL-023,54,0.058824,required,1.1.0,synthetic,true,SRC-SYNTH,2026-09-05T00:00:00+08:00,0.88,synthetic,not_applicable,,team_generated,false,dev
JOB-AI-ALG-0005-SKILL-024,JOB-AI-ALG-0005,SKILL-024,54,0.058824,required,1.1.0,synthetic,true,SRC-SYNTH,2026-09-05T00:00:00+08:00,0.88,synthetic,not_applicable,,team_generated,false,dev
JOB-AI-ALG-0005-SKILL-025,JOB-AI-ALG-0005,SKILL-025,53,0.058824,required,1.1.0,synthetic,true,SRC-SYNTH,2026-09-05T00:00:00+08:00,0.88,synthetic,not_applicable,,team_generated,false,dev
JOB-AI-ALG-0005-SKILL-033,JOB-AI-ALG-0005,SKILL-033,53,0.058824,required,1.1.0,synthetic,true,SRC-SYNTH,2026-09-05T00:00:00+08:00,0.88,synthetic,not_applicable,,team_generated,false,dev
JOB-AI-ALG-0005-SKILL-036,JOB-AI-ALG-0005,SKILL-036,52,0.058824,required,1.1.0,synthetic,true,SRC-SYNTH,2026-09-05T00:00:00+08:00,0.88,synthetic,not_applicable,,team_generated,false,dev
JOB-AI-ALG-0005-SKILL-048,JOB-AI-ALG-0005,SKILL-048,47,0.058824,required,1.1.0,synthetic,true,SRC-SYNTH,2026-09-05T00:00:00+08:00,0.88,synthetic,not_applicable,,team_generated,false,dev
JOB-AI-ALG-0005-SKILL-058,JOB-AI-ALG-0005,SKILL-058,47,0.058824,required,1.1.0,synthetic,true,SRC-SYNTH,2026-09-05T00:00:00+08:00,0.88,synthetic,not_applicable,,team_generated,false,dev
JOB-AI-ALG-0005-SKILL-054,JOB-AI-ALG-0005,SKILL-054,47,0.058824,preferred,1.1.0,synthetic,true,SRC-SYNTH,2026-09-05T00:00:00+08:00,0.88,synthetic,not_applicable,,team_generated,false,dev
JOB-AI-ALG-0005-SKILL-001,JOB-AI-ALG-0005,SKILL-001,75,0.058824,preferred,1.1.0,synthetic,true,SRC-SYNTH,2026-09-05T00:00:00+08:00,0.88,synthetic,not_applicable,,team_generated,false,dev
JOB-AI-ALG-0005-SKILL-002,JOB-AI-ALG-0005,SKILL-002,75,0.058824,preferred,1.1.0,synthetic,true,SRC-SYNTH,2026-09-05T00:00:00+08:00,0.88,synthetic,not_applicable,,team_generated,false,dev
JOB-AI-ALG-0005-SKILL-010,JOB-AI-ALG-0005,SKILL-010,69,0.058824,preferred,1.1.0,synthetic,true,SRC-SYNTH,2026-09-05T00:00:00+08:00,0.88,synthetic,not_applicable,,team_generated,false,dev
JOB-AI-ALG-0005-SKILL-011,JOB-AI-ALG-0005,SKILL-011,69,0.058816,preferred,1.1.0,synthetic,true,SRC-SYNTH,2026-09-05T00:00:00+08:00,0.88,synthetic,not_applicable,,team_generated,false,dev
JOB-AI-ALG-0006-SKILL-019,JOB-AI-ALG-0006,SKILL-019,65,0.055556,required,1.1.0,synthetic,true,SRC-SYNTH,2026-09-05T00:00:00+08:00,0.88,synthetic,not_applicable,,team_generated,false,dev
JOB-AI-ALG-0006-SKILL-020,JOB-AI-ALG-0006,SKILL-020,64,0.055556,required,1.1.0,synthetic,true,SRC-SYNTH,2026-09-05T00:00:00+08:00,0.88,synthetic,not_applicable,,team_generated,false,dev
JOB-AI-ALG-0006-SKILL-021,JOB-AI-ALG-0006,SKILL-021,64,0.055556,required,1.1.0,synthetic,true,SRC-SYNTH,2026-09-05T00:00:00+08:00,0.88,synthetic,not_applicable,,team_generated,false,dev
JOB-AI-ALG-0006-SKILL-022,JOB-AI-ALG-0006,SKILL-022,63,0.055556,required,1.1.0,synthetic,true,SRC-SYNTH,2026-09-05T00:00:00+08:00,0.88,synthetic,not_applicable,,team_generated,false,dev
JOB-AI-ALG-0006-SKILL-023,JOB-AI-ALG-0006,SKILL-023,54,0.055556,required,1.1.0,synthetic,true,SRC-SYNTH,2026-09-05T00:00:00+08:00,0.88,synthetic,not_applicable,,team_generated,false,dev
JOB-AI-ALG-0006-SKILL-024,JOB-AI-ALG-0006,SKILL-024,54,0.055556,required,1.1.0,synthetic,true,SRC-SYNTH,2026-09-05T00:00:00+08:00,0.88,synthetic,not_applicable,,team_generated,false,dev
JOB-AI-ALG-0006-SKILL-025,JOB-AI-ALG-0006,SKILL-025,53,0.055556,required,1.1.0,synthetic,true,SRC-SYNTH,2026-09-05T00:00:00+08:00,0.88,synthetic,not_applicable,,team_generated,false,dev
JOB-AI-ALG-0006-SKILL-033,JOB-AI-ALG-0006,SKILL-033,53,0.055556,required,1.1.0,synthetic,true,SRC-SYNTH,2026-09-05T00:00:00+08:00,0.88,synthetic,not_applicable,,team_generated,false,dev
JOB-AI-ALG-0006-SKILL-036,JOB-AI-ALG-0006,SKILL-036,52,0.055556,required,1.1.0,synthetic,true,SRC-SYNTH,2026-09-05T00:00:00+08:00,0.88,synthetic,not_applicable,,team_generated,false,dev
JOB-AI-ALG-0006-SKILL-048,JOB-AI-ALG-0006,SKILL-048,47,0.055556,required,1.1.0,synthetic,true,SRC-SYNTH,2026-09-05T00:00:00+08:00,0.88,synthetic,not_applicable,,team_generated,false,dev
JOB-AI-ALG-0006-SKILL-058,JOB-AI-ALG-0006,SKILL-058,47,0.055556,required,1.1.0,synthetic,true,SRC-SYNTH,2026-09-05T00:00:00+08:00,0.88,synthetic,not_applicable,,team_generated,false,dev
JOB-AI-ALG-0006-SKILL-054,JOB-AI-ALG-0006,SKILL-054,47,0.055556,required,1.1.0,synthetic,true,SRC-SYNTH,2026-09-05T00:00:00+08:00,0.88,synthetic,not_applicable,,team_generated,false,dev
JOB-AI-ALG-0006-SKILL-001,JOB-AI-ALG-0006,SKILL-001,75,0.055556,preferred,1.1.0,synthetic,true,SRC-SYNTH,2026-09-05T00:00:00+08:00,0.88,synthetic,not_applicable,,team_generated,false,dev
JOB-AI-ALG-0006-SKILL-002,JOB-AI-ALG-0006,SKILL-002,75,0.055556,preferred,1.1.0,synthetic,true,SRC-SYNTH,2026-09-05T00:00:00+08:00,0.88,synthetic,not_applicable,,team_generated,false,dev
JOB-AI-ALG-0006-SKILL-010,JOB-AI-ALG-0006,SKILL-010,69,0.055556,preferred,1.1.0,synthetic,true,SRC-SYNTH,2026-09-05T00:00:00+08:00,0.88,synthetic,not_applicable,,team_generated,false,dev
JOB-AI-ALG-0006-SKILL-011,JOB-AI-ALG-0006,SKILL-011,69,0.055556,preferred,1.1.0,synthetic,true,SRC-SYNTH,2026-09-05T00:00:00+08:00,0.88,synthetic,not_applicable,,team_generated,false,dev
JOB-AI-ALG-0006-SKILL-017,JOB-AI-ALG-0006,SKILL-017,68,0.055556,preferred,1.1.0,synthetic,true,SRC-SYNTH,2026-09-05T00:00:00+08:00,0.88,synthetic,not_applicable,,team_generated,false,dev
JOB-AI-ALG-0006-SKILL-018,JOB-AI-ALG-0006,SKILL-018,68,0.055548,preferred,1.1.0,synthetic,true,SRC-SYNTH,2026-09-05T00:00:00+08:00,0.88,synthetic,not_applicable,,team_generated,false,dev
JOB-AI-ALG-0007-SKILL-020,JOB-AI-ALG-0007,SKILL-020,64,0.083333,required,1.1.0,synthetic,true,SRC-SYNTH,2026-09-05T00:00:00+08:00,0.88,synthetic,not_applicable,,team_generated,false,dev
JOB-AI-ALG-0007-SKILL-021,JOB-AI-ALG-0007,SKILL-021,64,0.083333,required,1.1.0,synthetic,true,SRC-SYNTH,2026-09-05T00:00:00+08:00,0.88,synthetic,not_applicable,,team_generated,false,dev
JOB-AI-ALG-0007-SKILL-022,JOB-AI-ALG-0007,SKILL-022,63,0.083333,required,1.1.0,synthetic,true,SRC-SYNTH,2026-09-05T00:00:00+08:00,0.88,synthetic,not_applicable,,team_generated,false,dev
JOB-AI-ALG-0007-SKILL-023,JOB-AI-ALG-0007,SKILL-023,54,0.083333,required,1.1.0,synthetic,true,SRC-SYNTH,2026-09-05T00:00:00+08:00,0.88,synthetic,not_applicable,,team_generated,false,dev
JOB-AI-ALG-0007-SKILL-024,JOB-AI-ALG-0007,SKILL-024,54,0.083333,required,1.1.0,synthetic,true,SRC-SYNTH,2026-09-05T00:00:00+08:00,0.88,synthetic,not_applicable,,team_generated,false,dev
JOB-AI-ALG-0007-SKILL-025,JOB-AI-ALG-0007,SKILL-025,53,0.083333,required,1.1.0,synthetic,true,SRC-SYNTH,2026-09-05T00:00:00+08:00,0.88,synthetic,not_applicable,,team_generated,false,dev
JOB-AI-ALG-0007-SKILL-033,JOB-AI-ALG-0007,SKILL-033,53,0.083333,required,1.1.0,synthetic,true,SRC-SYNTH,2026-09-05T00:00:00+08:00,0.88,synthetic,not_applicable,,team_generated,false,dev
JOB-AI-ALG-0007-SKILL-036,JOB-AI-ALG-0007,SKILL-036,52,0.083333,required,1.1.0,synthetic,true,SRC-SYNTH,2026-09-05T00:00:00+08:00,0.88,synthetic,not_applicable,,team_generated,false,dev
JOB-AI-ALG-0007-SKILL-048,JOB-AI-ALG-0007,SKILL-048,47,0.083333,preferred,1.1.0,synthetic,true,SRC-SYNTH,2026-09-05T00:00:00+08:00,0.88,synthetic,not_applicable,,team_generated,false,dev
JOB-AI-ALG-0007-SKILL-058,JOB-AI-ALG-0007,SKILL-058,47,0.083333,preferred,1.1.0,synthetic,true,SRC-SYNTH,2026-09-05T00:00:00+08:00,0.88,synthetic,not_applicable,,team_generated,false,dev
JOB-AI-ALG-0007-SKILL-054,JOB-AI-ALG-0007,SKILL-054,47,0.083333,preferred,1.1.0,synthetic,true,SRC-SYNTH,2026-09-05T00:00:00+08:00,0.88,synthetic,not_applicable,,team_generated,false,dev
JOB-AI-ALG-0007-SKILL-001,JOB-AI-ALG-0007,SKILL-001,75,0.083337,preferred,1.1.0,synthetic,true,SRC-SYNTH,2026-09-05T00:00:00+08:00,0.88,synthetic,not_applicable,,team_generated,false,dev
JOB-AI-ALG-0008-SKILL-021,JOB-AI-ALG-0008,SKILL-021,64,0.076923,required,1.1.0,synthetic,true,SRC-SYNTH,2026-09-05T00:00:00+08:00,0.88,synthetic,not_applicable,,team_generated,false,dev
JOB-AI-ALG-0008-SKILL-022,JOB-AI-ALG-0008,SKILL-022,63,0.076923,required,1.1.0,synthetic,true,SRC-SYNTH,2026-09-05T00:00:00+08:00,0.88,synthetic,not_applicable,,team_generated,false,dev
JOB-AI-ALG-0008-SKILL-023,JOB-AI-ALG-0008,SKILL-023,54,0.076923,required,1.1.0,synthetic,true,SRC-SYNTH,2026-09-05T00:00:00+08:00,0.88,synthetic,not_applicable,,team_generated,false,dev
JOB-AI-ALG-0008-SKILL-024,JOB-AI-ALG-0008,SKILL-024,54,0.076923,required,1.1.0,synthetic,true,SRC-SYNTH,2026-09-05T00:00:00+08:00,0.88,synthetic,not_applicable,,team_generated,false,dev
JOB-AI-ALG-0008-SKILL-025,JOB-AI-ALG-0008,SKILL-025,53,0.076923,required,1.1.0,synthetic,true,SRC-SYNTH,2026-09-05T00:00:00+08:00,0.88,synthetic,not_applicable,,team_generated,false,dev
JOB-AI-ALG-0008-SKILL-033,JOB-AI-ALG-0008,SKILL-033,53,0.076923,required,1.1.0,synthetic,true,SRC-SYNTH,2026-09-05T00:00:00+08:00,0.88,synthetic,not_applicable,,team_generated,false,dev
JOB-AI-ALG-0008-SKILL-036,JOB-AI-ALG-0008,SKILL-036,52,0.076923,required,1.1.0,synthetic,true,SRC-SYNTH,2026-09-05T00:00:00+08:00,0.88,synthetic,not_applicable,,team_generated,false,dev
JOB-AI-ALG-0008-SKILL-048,JOB-AI-ALG-0008,SKILL-048,47,0.076923,required,1.1.0,synthetic,true,SRC-SYNTH,2026-09-05T00:00:00+08:00,0.88,synthetic,not_applicable,,team_generated,false,dev
JOB-AI-ALG-0008-SKILL-058,JOB-AI-ALG-0008,SKILL-058,47,0.076923,required,1.1.0,synthetic,true,SRC-SYNTH,2026-09-05T00:00:00+08:00,0.88,synthetic,not_applicable,,team_generated,false,dev
JOB-AI-ALG-0008-SKILL-054,JOB-AI-ALG-0008,SKILL-054,47,0.076923,preferred,1.1.0,synthetic,true,SRC-SYNTH,2026-09-05T00:00:00+08:00,0.88,synthetic,not_applicable,,team_generated,false,dev
JOB-AI-ALG-0008-SKILL-001,JOB-AI-ALG-0008,SKILL-001,75,0.076923,preferred,1.1.0,synthetic,true,SRC-SYNTH,2026-09-05T00:00:00+08:00,0.88,synthetic,not_applicable,,team_generated,false,dev
JOB-AI-ALG-0008-SKILL-002,JOB-AI-ALG-0008,SKILL-002,75,0.076923,preferred,1.1.0,synthetic,true,SRC-SYNTH,2026-09-05T00:00:00+08:00,0.88,synthetic,not_applicable,,team_generated,false,dev
JOB-AI-ALG-0008-SKILL-010,JOB-AI-ALG-0008,SKILL-010,69,0.076924,preferred,1.1.0,synthetic,true,SRC-SYNTH,2026-09-05T00:00:00+08:00,0.88,synthetic,not_applicable,,team_generated,false,dev
JOB-AI-ALG-0009-SKILL-022,JOB-AI-ALG-0009,SKILL-022,63,0.071429,required,1.1.0,synthetic,true,SRC-SYNTH,2026-09-05T00:00:00+08:00,0.88,synthetic,not_applicable,,team_generated,false,dev
JOB-AI-ALG-0009-SKILL-023,JOB-AI-ALG-0009,SKILL-023,54,0.071429,required,1.1.0,synthetic,true,SRC-SYNTH,2026-09-05T00:00:00+08:00,0.88,synthetic,not_applicable,,team_generated,false,dev
JOB-AI-ALG-0009-SKILL-024,JOB-AI-ALG-0009,SKILL-024,54,0.071429,required,1.1.0,synthetic,true,SRC-SYNTH,2026-09-05T00:00:00+08:00,0.88,synthetic,not_applicable,,team_generated,false,dev
JOB-AI-ALG-0009-SKILL-025,JOB-AI-ALG-0009,SKILL-025,53,0.071429,required,1.1.0,synthetic,true,SRC-SYNTH,2026-09-05T00:00:00+08:00,0.88,synthetic,not_applicable,,team_generated,false,dev
JOB-AI-ALG-0009-SKILL-033,JOB-AI-ALG-0009,SKILL-033,53,0.071429,required,1.1.0,synthetic,true,SRC-SYNTH,2026-09-05T00:00:00+08:00,0.88,synthetic,not_applicable,,team_generated,false,dev
JOB-AI-ALG-0009-SKILL-036,JOB-AI-ALG-0009,SKILL-036,52,0.071429,required,1.1.0,synthetic,true,SRC-SYNTH,2026-09-05T00:00:00+08:00,0.88,synthetic,not_applicable,,team_generated,false,dev
JOB-AI-ALG-0009-SKILL-048,JOB-AI-ALG-0009,SKILL-048,47,0.071429,required,1.1.0,synthetic,true,SRC-SYNTH,2026-09-05T00:00:00+08:00,0.88,synthetic,not_applicable,,team_generated,false,dev
JOB-AI-ALG-0009-SKILL-058,JOB-AI-ALG-0009,SKILL-058,47,0.071429,required,1.1.0,synthetic,true,SRC-SYNTH,2026-09-05T00:00:00+08:00,0.88,synthetic,not_applicable,,team_generated,false,dev
JOB-AI-ALG-0009-SKILL-054,JOB-AI-ALG-0009,SKILL-054,47,0.071429,required,1.1.0,synthetic,true,SRC-SYNTH,2026-09-05T00:00:00+08:00,0.88,synthetic,not_applicable,,team_generated,false,dev
JOB-AI-ALG-0009-SKILL-001,JOB-AI-ALG-0009,SKILL-001,75,0.071429,required,1.1.0,synthetic,true,SRC-SYNTH,2026-09-05T00:00:00+08:00,0.88,synthetic,not_applicable,,team_generated,false,dev
JOB-AI-ALG-0009-SKILL-002,JOB-AI-ALG-0009,SKILL-002,75,0.071429,preferred,1.1.0,synthetic,true,SRC-SYNTH,2026-09-05T00:00:00+08:00,0.88,synthetic,not_applicable,,team_generated,false,dev
JOB-AI-ALG-0009-SKILL-010,JOB-AI-ALG-0009,SKILL-010,69,0.071429,preferred,1.1.0,synthetic,true,SRC-SYNTH,2026-09-05T00:00:00+08:00,0.88,synthetic,not_applicable,,team_generated,false,dev
JOB-AI-ALG-0009-SKILL-011,JOB-AI-ALG-0009,SKILL-011,69,0.071429,preferred,1.1.0,synthetic,true,SRC-SYNTH,2026-09-05T00:00:00+08:00,0.88,synthetic,not_applicable,,team_generated,false,dev
JOB-AI-ALG-0009-SKILL-017,JOB-AI-ALG-0009,SKILL-017,68,0.071423,preferred,1.1.0,synthetic,true,SRC-SYNTH,2026-09-05T00:00:00+08:00,0.88,synthetic,not_applicable,,team_generated,false,dev
JOB-AI-ALG-0010-SKILL-023,JOB-AI-ALG-0010,SKILL-023,54,0.066667,required,1.1.0,synthetic,true,SRC-SYNTH,2026-09-05T00:00:00+08:00,0.88,synthetic,not_applicable,,team_generated,false,dev
JOB-AI-ALG-0010-SKILL-024,JOB-AI-ALG-0010,SKILL-024,54,0.066667,required,1.1.0,synthetic,true,SRC-SYNTH,2026-09-05T00:00:00+08:00,0.88,synthetic,not_applicable,,team_generated,false,dev
JOB-AI-ALG-0010-SKILL-025,JOB-AI-ALG-0010,SKILL-025,53,0.066667,required,1.1.0,synthetic,true,SRC-SYNTH,2026-09-05T00:00:00+08:00,0.88,synthetic,not_applicable,,team_generated,false,dev
JOB-AI-ALG-0010-SKILL-033,JOB-AI-ALG-0010,SKILL-033,53,0.066667,required,1.1.0,synthetic,true,SRC-SYNTH,2026-09-05T00:00:00+08:00,0.88,synthetic,not_applicable,,team_generated,false,dev
JOB-AI-ALG-0010-SKILL-036,JOB-AI-ALG-0010,SKILL-036,52,0.066667,required,1.1.0,synthetic,true,SRC-SYNTH,2026-09-05T00:00:00+08:00,0.88,synthetic,not_applicable,,team_generated,false,dev
JOB-AI-ALG-0010-SKILL-048,JOB-AI-ALG-0010,SKILL-048,47,0.066667,required,1.1.0,synthetic,true,SRC-SYNTH,2026-09-05T00:00:00+08:00,0.88,synthetic,not_applicable,,team_generated,false,dev
JOB-AI-ALG-0010-SKILL-058,JOB-AI-ALG-0010,SKILL-058,47,0.066667,required,1.1.0,synthetic,true,SRC-SYNTH,2026-09-05T00:00:00+08:00,0.88,synthetic,not_applicable,,team_generated,false,dev
JOB-AI-ALG-0010-SKILL-054,JOB-AI-ALG-0010,SKILL-054,47,0.066667,required,1.1.0,synthetic,true,SRC-SYNTH,2026-09-05T00:00:00+08:00,0.88,synthetic,not_applicable,,team_generated,false,dev
JOB-AI-ALG-0010-SKILL-001,JOB-AI-ALG-0010,SKILL-001,75,0.066667,required,1.1.0,synthetic,true,SRC-SYNTH,2026-09-05T00:00:00+08:00,0.88,synthetic,not_applicable,,team_generated,false,dev
JOB-AI-ALG-0010-SKILL-002,JOB-AI-ALG-0010,SKILL-002,75,0.066667,required,1.1.0,synthetic,true,SRC-SYNTH,2026-09-05T00:00:00+08:00,0.88,synthetic,not_applicable,,team_generated,false,dev
JOB-AI-ALG-0010-SKILL-010,JOB-AI-ALG-0010,SKILL-010,69,0.066667,preferred,1.1.0,synthetic,true,SRC-SYNTH,2026-09-05T00:00:00+08:00,0.88,synthetic,not_applicable,,team_generated,false,dev
JOB-AI-ALG-0010-SKILL-011,JOB-AI-ALG-0010,SKILL-011,69,0.066667,preferred,1.1.0,synthetic,true,SRC-SYNTH,2026-09-05T00:00:00+08:00,0.88,synthetic,not_applicable,,team_generated,false,dev
JOB-AI-ALG-0010-SKILL-017,JOB-AI-ALG-0010,SKILL-017,68,0.066667,preferred,1.1.0,synthetic,true,SRC-SYNTH,2026-09-05T00:00:00+08:00,0.88,synthetic,not_applicable,,team_generated,false,dev
JOB-AI-ALG-0010-SKILL-018,JOB-AI-ALG-0010,SKILL-018,68,0.066667,preferred,1.1.0,synthetic,true,SRC-SYNTH,2026-09-05T00:00:00+08:00,0.88,synthetic,not_applicable,,team_generated,false,dev
JOB-AI-ALG-0010-SKILL-019,JOB-AI-ALG-0010,SKILL-019,68,0.066662,preferred,1.1.0,synthetic,true,SRC-SYNTH,2026-09-05T00:00:00+08:00,0.88,synthetic,not_applicable,,team_generated,false,dev
JOB-AI-ALG-0011-SKILL-024,JOB-AI-ALG-0011,SKILL-024,54,0.0625,required,1.1.0,synthetic,true,SRC-SYNTH,2026-09-05T00:00:00+08:00,0.88,synthetic,not_applicable,,team_generated,false,dev
JOB-AI-ALG-0011-SKILL-025,JOB-AI-ALG-0011,SKILL-025,53,0.0625,required,1.1.0,synthetic,true,SRC-SYNTH,2026-09-05T00:00:00+08:00,0.88,synthetic,not_applicable,,team_generated,false,dev
JOB-AI-ALG-0011-SKILL-033,JOB-AI-ALG-0011,SKILL-033,53,0.0625,required,1.1.0,synthetic,true,SRC-SYNTH,2026-09-05T00:00:00+08:00,0.88,synthetic,not_applicable,,team_generated,false,dev
JOB-AI-ALG-0011-SKILL-036,JOB-AI-ALG-0011,SKILL-036,52,0.0625,required,1.1.0,synthetic,true,SRC-SYNTH,2026-09-05T00:00:00+08:00,0.88,synthetic,not_applicable,,team_generated,false,dev
JOB-AI-ALG-0011-SKILL-048,JOB-AI-ALG-0011,SKILL-048,47,0.0625,required,1.1.0,synthetic,true,SRC-SYNTH,2026-09-05T00:00:00+08:00,0.88,synthetic,not_applicable,,team_generated,false,dev
JOB-AI-ALG-0011-SKILL-058,JOB-AI-ALG-0011,SKILL-058,47,0.0625,required,1.1.0,synthetic,true,SRC-SYNTH,2026-09-05T00:00:00+08:00,0.88,synthetic,not_applicable,,team_generated,false,dev
JOB-AI-ALG-0011-SKILL-054,JOB-AI-ALG-0011,SKILL-054,47,0.0625,required,1.1.0,synthetic,true,SRC-SYNTH,2026-09-05T00:00:00+08:00,0.88,synthetic,not_applicable,,team_generated,false,dev
JOB-AI-ALG-0011-SKILL-001,JOB-AI-ALG-0011,SKILL-001,75,0.0625,required,1.1.0,synthetic,true,SRC-SYNTH,2026-09-05T00:00:00+08:00,0.88,synthetic,not_applicable,,team_generated,false,dev
JOB-AI-ALG-0011-SKILL-002,JOB-AI-ALG-0011,SKILL-002,75,0.0625,required,1.1.0,synthetic,true,SRC-SYNTH,2026-09-05T00:00:00+08:00,0.88,synthetic,not_applicable,,team_generated,false,dev
JOB-AI-ALG-0011-SKILL-010,JOB-AI-ALG-0011,SKILL-010,69,0.0625,required,1.1.0,synthetic,true,SRC-SYNTH,2026-09-05T00:00:00+08:00,0.88,synthetic,not_applicable,,team_generated,false,dev
JOB-AI-ALG-0011-SKILL-011,JOB-AI-ALG-0011,SKILL-011,69,0.0625,required,1.1.0,synthetic,true,SRC-SYNTH,2026-09-05T00:00:00+08:00,0.88,synthetic,not_applicable,,team_generated,false,dev
JOB-AI-ALG-0011-SKILL-017,JOB-AI-ALG-0011,SKILL-017,68,0.0625,preferred,1.1.0,synthetic,true,SRC-SYNTH,2026-09-05T00:00:00+08:00,0.88,synthetic,not_applicable,,team_generated,false,dev
JOB-AI-ALG-0011-SKILL-018,JOB-AI-ALG-0011,SKILL-018,68,0.0625,preferred,1.1.0,synthetic,true,SRC-SYNTH,2026-09-05T00:00:00+08:00,0.88,synthetic,not_applicable,,team_generated,false,dev
JOB-AI-ALG-0011-SKILL-019,JOB-AI-ALG-0011,SKILL-019,68,0.0625,preferred,1.1.0,synthetic,true,SRC-SYNTH,2026-09-05T00:00:00+08:00,0.88,synthetic,not_applicable,,team_generated,false,dev
JOB-AI-ALG-0011-SKILL-020,JOB-AI-ALG-0011,SKILL-020,62,0.0625,preferred,1.1.0,synthetic,true,SRC-SYNTH,2026-09-05T00:00:00+08:00,0.88,synthetic,not_applicable,,team_generated,false,dev
JOB-AI-ALG-0011-SKILL-021,JOB-AI-ALG-0011,SKILL-021,62,0.0625,preferred,1.1.0,synthetic,true,SRC-SYNTH,2026-09-05T00:00:00+08:00,0.88,synthetic,not_applicable,,team_generated,false,dev
JOB-AI-ALG-0012-SKILL-025,JOB-AI-ALG-0012,SKILL-025,53,0.058824,required,1.1.0,synthetic,true,SRC-SYNTH,2026-09-05T00:00:00+08:00,0.88,synthetic,not_applicable,,team_generated,false,dev
JOB-AI-ALG-0012-SKILL-033,JOB-AI-ALG-0012,SKILL-033,53,0.058824,required,1.1.0,synthetic,true,SRC-SYNTH,2026-09-05T00:00:00+08:00,0.88,synthetic,not_applicable,,team_generated,false,dev
JOB-AI-ALG-0012-SKILL-036,JOB-AI-ALG-0012,SKILL-036,52,0.058824,required,1.1.0,synthetic,true,SRC-SYNTH,2026-09-05T00:00:00+08:00,0.88,synthetic,not_applicable,,team_generated,false,dev
JOB-AI-ALG-0012-SKILL-048,JOB-AI-ALG-0012,SKILL-048,47,0.058824,required,1.1.0,synthetic,true,SRC-SYNTH,2026-09-05T00:00:00+08:00,0.88,synthetic,not_applicable,,team_generated,false,dev
JOB-AI-ALG-0012-SKILL-058,JOB-AI-ALG-0012,SKILL-058,47,0.058824,required,1.1.0,synthetic,true,SRC-SYNTH,2026-09-05T00:00:00+08:00,0.88,synthetic,not_applicable,,team_generated,false,dev
JOB-AI-ALG-0012-SKILL-054,JOB-AI-ALG-0012,SKILL-054,47,0.058824,required,1.1.0,synthetic,true,SRC-SYNTH,2026-09-05T00:00:00+08:00,0.88,synthetic,not_applicable,,team_generated,false,dev
JOB-AI-ALG-0012-SKILL-001,JOB-AI-ALG-0012,SKILL-001,75,0.058824,required,1.1.0,synthetic,true,SRC-SYNTH,2026-09-05T00:00:00+08:00,0.88,synthetic,not_applicable,,team_generated,false,dev
JOB-AI-ALG-0012-SKILL-002,JOB-AI-ALG-0012,SKILL-002,75,0.058824,required,1.1.0,synthetic,true,SRC-SYNTH,2026-09-05T00:00:00+08:00,0.88,synthetic,not_applicable,,team_generated,false,dev
JOB-AI-ALG-0012-SKILL-010,JOB-AI-ALG-0012,SKILL-010,69,0.058824,required,1.1.0,synthetic,true,SRC-SYNTH,2026-09-05T00:00:00+08:00,0.88,synthetic,not_applicable,,team_generated,false,dev
JOB-AI-ALG-0012-SKILL-011,JOB-AI-ALG-0012,SKILL-011,69,0.058824,required,1.1.0,synthetic,true,SRC-SYNTH,2026-09-05T00:00:00+08:00,0.88,synthetic,not_applicable,,team_generated,false,dev
JOB-AI-ALG-0012-SKILL-017,JOB-AI-ALG-0012,SKILL-017,68,0.058824,required,1.1.0,synthetic,true,SRC-SYNTH,2026-09-05T00:00:00+08:00,0.88,synthetic,not_applicable,,team_generated,false,dev
JOB-AI-ALG-0012-SKILL-018,JOB-AI-ALG-0012,SKILL-018,68,0.058824,required,1.1.0,synthetic,true,SRC-SYNTH,2026-09-05T00:00:00+08:00,0.88,synthetic,not_applicable,,team_generated,false,dev
JOB-AI-ALG-0012-SKILL-019,JOB-AI-ALG-0012,SKILL-019,68,0.058824,preferred,1.1.0,synthetic,true,SRC-SYNTH,2026-09-05T00:00:00+08:00,0.88,synthetic,not_applicable,,team_generated,false,dev
JOB-AI-ALG-0012-SKILL-020,JOB-AI-ALG-0012,SKILL-020,62,0.058824,preferred,1.1.0,synthetic,true,SRC-SYNTH,2026-09-05T00:00:00+08:00,0.88,synthetic,not_applicable,,team_generated,false,dev
JOB-AI-ALG-0012-SKILL-021,JOB-AI-ALG-0012,SKILL-021,62,0.058824,preferred,1.1.0,synthetic,true,SRC-SYNTH,2026-09-05T00:00:00+08:00,0.88,synthetic,not_applicable,,team_generated,false,dev
JOB-AI-ALG-0012-SKILL-022,JOB-AI-ALG-0012,SKILL-022,61,0.058824,preferred,1.1.0,synthetic,true,SRC-SYNTH,2026-09-05T00:00:00+08:00,0.88,synthetic,not_applicable,,team_generated,false,dev
JOB-AI-ALG-0012-SKILL-023,JOB-AI-ALG-0012,SKILL-023,57,0.058816,preferred,1.1.0,synthetic,true,SRC-SYNTH,2026-09-05T00:00:00+08:00,0.88,synthetic,not_applicable,,team_generated,false,dev
JOB-AI-ALG-0013-SKILL-033,JOB-AI-ALG-0013,SKILL-033,53,0.055556,required,1.1.0,synthetic,true,SRC-SYNTH,2026-09-05T00:00:00+08:00,0.88,synthetic,not_applicable,,team_generated,false,dev
JOB-AI-ALG-0013-SKILL-036,JOB-AI-ALG-0013,SKILL-036,52,0.055556,required,1.1.0,synthetic,true,SRC-SYNTH,2026-09-05T00:00:00+08:00,0.88,synthetic,not_applicable,,team_generated,false,dev
JOB-AI-ALG-0013-SKILL-048,JOB-AI-ALG-0013,SKILL-048,47,0.055556,required,1.1.0,synthetic,true,SRC-SYNTH,2026-09-05T00:00:00+08:00,0.88,synthetic,not_applicable,,team_generated,false,dev
JOB-AI-ALG-0013-SKILL-058,JOB-AI-ALG-0013,SKILL-058,47,0.055556,required,1.1.0,synthetic,true,SRC-SYNTH,2026-09-05T00:00:00+08:00,0.88,synthetic,not_applicable,,team_generated,false,dev
JOB-AI-ALG-0013-SKILL-054,JOB-AI-ALG-0013,SKILL-054,47,0.055556,required,1.1.0,synthetic,true,SRC-SYNTH,2026-09-05T00:00:00+08:00,0.88,synthetic,not_applicable,,team_generated,false,dev
JOB-AI-ALG-0013-SKILL-001,JOB-AI-ALG-0013,SKILL-001,75,0.055556,required,1.1.0,synthetic,true,SRC-SYNTH,2026-09-05T00:00:00+08:00,0.88,synthetic,not_applicable,,team_generated,false,dev
JOB-AI-ALG-0013-SKILL-002,JOB-AI-ALG-0013,SKILL-002,75,0.055556,required,1.1.0,synthetic,true,SRC-SYNTH,2026-09-05T00:00:00+08:00,0.88,synthetic,not_applicable,,team_generated,false,dev
JOB-AI-ALG-0013-SKILL-010,JOB-AI-ALG-0013,SKILL-010,69,0.055556,required,1.1.0,synthetic,true,SRC-SYNTH,2026-09-05T00:00:00+08:00,0.88,synthetic,not_applicable,,team_generated,false,dev
JOB-AI-ALG-0013-SKILL-011,JOB-AI-ALG-0013,SKILL-011,69,0.055556,required,1.1.0,synthetic,true,SRC-SYNTH,2026-09-05T00:00:00+08:00,0.88,synthetic,not_applicable,,team_generated,false,dev
JOB-AI-ALG-0013-SKILL-017,JOB-AI-ALG-0013,SKILL-017,68,0.055556,required,1.1.0,synthetic,true,SRC-SYNTH,2026-09-05T00:00:00+08:00,0.88,synthetic,not_applicable,,team_generated,false,dev
JOB-AI-ALG-0013-SKILL-018,JOB-AI-ALG-0013,SKILL-018,68,0.055556,required,1.1.0,synthetic,true,SRC-SYNTH,2026-09-05T00:00:00+08:00,0.88,synthetic,not_applicable,,team_generated,false,dev
JOB-AI-ALG-0013-SKILL-019,JOB-AI-ALG-0013,SKILL-019,68,0.055556,required,1.1.0,synthetic,true,SRC-SYNTH,2026-09-05T00:00:00+08:00,0.88,synthetic,not_applicable,,team_generated,false,dev
JOB-AI-ALG-0013-SKILL-020,JOB-AI-ALG-0013,SKILL-020,62,0.055556,preferred,1.1.0,synthetic,true,SRC-SYNTH,2026-09-05T00:00:00+08:00,0.88,synthetic,not_applicable,,team_generated,false,dev
JOB-AI-ALG-0013-SKILL-021,JOB-AI-ALG-0013,SKILL-021,62,0.055556,preferred,1.1.0,synthetic,true,SRC-SYNTH,2026-09-05T00:00:00+08:00,0.88,synthetic,not_applicable,,team_generated,false,dev
JOB-AI-ALG-0013-SKILL-022,JOB-AI-ALG-0013,SKILL-022,61,0.055556,preferred,1.1.0,synthetic,true,SRC-SYNTH,2026-09-05T00:00:00+08:00,0.88,synthetic,not_applicable,,team_generated,false,dev
JOB-AI-ALG-0013-SKILL-023,JOB-AI-ALG-0013,SKILL-023,57,0.055556,preferred,1.1.0,synthetic,true,SRC-SYNTH,2026-09-05T00:00:00+08:00,0.88,synthetic,not_applicable,,team_generated,false,dev
JOB-AI-ALG-0013-SKILL-024,JOB-AI-ALG-0013,SKILL-024,57,0.055556,preferred,1.1.0,synthetic,true,SRC-SYNTH,2026-09-05T00:00:00+08:00,0.88,synthetic,not_applicable,,team_generated,false,dev
JOB-AI-ALG-0013-SKILL-025,JOB-AI-ALG-0013,SKILL-025,51,0.055548,preferred,1.1.0,synthetic,true,SRC-SYNTH,2026-09-05T00:00:00+08:00,0.88,synthetic,not_applicable,,team_generated,false,dev
JOB-AI-ALG-0014-SKILL-036,JOB-AI-ALG-0014,SKILL-036,52,0.083333,required,1.1.0,synthetic,true,SRC-SYNTH,2026-09-05T00:00:00+08:00,0.88,synthetic,not_applicable,,team_generated,false,dev
JOB-AI-ALG-0014-SKILL-048,JOB-AI-ALG-0014,SKILL-048,47,0.083333,required,1.1.0,synthetic,true,SRC-SYNTH,2026-09-05T00:00:00+08:00,0.88,synthetic,not_applicable,,team_generated,false,dev
JOB-AI-ALG-0014-SKILL-058,JOB-AI-ALG-0014,SKILL-058,47,0.083333,required,1.1.0,synthetic,true,SRC-SYNTH,2026-09-05T00:00:00+08:00,0.88,synthetic,not_applicable,,team_generated,false,dev
JOB-AI-ALG-0014-SKILL-054,JOB-AI-ALG-0014,SKILL-054,47,0.083333,required,1.1.0,synthetic,true,SRC-SYNTH,2026-09-05T00:00:00+08:00,0.88,synthetic,not_applicable,,team_generated,false,dev
JOB-AI-ALG-0014-SKILL-001,JOB-AI-ALG-0014,SKILL-001,75,0.083333,required,1.1.0,synthetic,true,SRC-SYNTH,2026-09-05T00:00:00+08:00,0.88,synthetic,not_applicable,,team_generated,false,dev
JOB-AI-ALG-0014-SKILL-002,JOB-AI-ALG-0014,SKILL-002,75,0.083333,required,1.1.0,synthetic,true,SRC-SYNTH,2026-09-05T00:00:00+08:00,0.88,synthetic,not_applicable,,team_generated,false,dev
JOB-AI-ALG-0014-SKILL-010,JOB-AI-ALG-0014,SKILL-010,69,0.083333,required,1.1.0,synthetic,true,SRC-SYNTH,2026-09-05T00:00:00+08:00,0.88,synthetic,not_applicable,,team_generated,false,dev
JOB-AI-ALG-0014-SKILL-011,JOB-AI-ALG-0014,SKILL-011,69,0.083333,required,1.1.0,synthetic,true,SRC-SYNTH,2026-09-05T00:00:00+08:00,0.88,synthetic,not_applicable,,team_generated,false,dev
JOB-AI-ALG-0014-SKILL-017,JOB-AI-ALG-0014,SKILL-017,68,0.083333,preferred,1.1.0,synthetic,true,SRC-SYNTH,2026-09-05T00:00:00+08:00,0.88,synthetic,not_applicable,,team_generated,false,dev
JOB-AI-ALG-0014-SKILL-018,JOB-AI-ALG-0014,SKILL-018,68,0.083333,preferred,1.1.0,synthetic,true,SRC-SYNTH,2026-09-05T00:00:00+08:00,0.88,synthetic,not_applicable,,team_generated,false,dev
JOB-AI-ALG-0014-SKILL-019,JOB-AI-ALG-0014,SKILL-019,68,0.083333,preferred,1.1.0,synthetic,true,SRC-SYNTH,2026-09-05T00:00:00+08:00,0.88,synthetic,not_applicable,,team_generated,false,dev
JOB-AI-ALG-0014-SKILL-020,JOB-AI-ALG-0014,SKILL-020,62,0.083337,preferred,1.1.0,synthetic,true,SRC-SYNTH,2026-09-05T00:00:00+08:00,0.88,synthetic,not_applicable,,team_generated,false,dev
JOB-AI-ALG-0015-SKILL-048,JOB-AI-ALG-0015,SKILL-048,47,0.076923,required,1.1.0,synthetic,true,SRC-SYNTH,2026-09-05T00:00:00+08:00,0.88,synthetic,not_applicable,,team_generated,false,dev
JOB-AI-ALG-0015-SKILL-058,JOB-AI-ALG-0015,SKILL-058,47,0.076923,required,1.1.0,synthetic,true,SRC-SYNTH,2026-09-05T00:00:00+08:00,0.88,synthetic,not_applicable,,team_generated,false,dev
JOB-AI-ALG-0015-SKILL-054,JOB-AI-ALG-0015,SKILL-054,47,0.076923,required,1.1.0,synthetic,true,SRC-SYNTH,2026-09-05T00:00:00+08:00,0.88,synthetic,not_applicable,,team_generated,false,dev
JOB-AI-ALG-0015-SKILL-001,JOB-AI-ALG-0015,SKILL-001,75,0.076923,required,1.1.0,synthetic,true,SRC-SYNTH,2026-09-05T00:00:00+08:00,0.88,synthetic,not_applicable,,team_generated,false,dev
JOB-AI-ALG-0015-SKILL-002,JOB-AI-ALG-0015,SKILL-002,75,0.076923,required,1.1.0,synthetic,true,SRC-SYNTH,2026-09-05T00:00:00+08:00,0.88,synthetic,not_applicable,,team_generated,false,dev
JOB-AI-ALG-0015-SKILL-010,JOB-AI-ALG-0015,SKILL-010,69,0.076923,required,1.1.0,synthetic,true,SRC-SYNTH,2026-09-05T00:00:00+08:00,0.88,synthetic,not_applicable,,team_generated,false,dev
JOB-AI-ALG-0015-SKILL-011,JOB-AI-ALG-0015,SKILL-011,69,0.076923,required,1.1.0,synthetic,true,SRC-SYNTH,2026-09-05T00:00:00+08:00,0.88,synthetic,not_applicable,,team_generated,false,dev
JOB-AI-ALG-0015-SKILL-017,JOB-AI-ALG-0015,SKILL-017,68,0.076923,required,1.1.0,synthetic,true,SRC-SYNTH,2026-09-05T00:00:00+08:00,0.88,synthetic,not_applicable,,team_generated,false,dev
JOB-AI-ALG-0015-SKILL-018,JOB-AI-ALG-0015,SKILL-018,68,0.076923,required,1.1.0,synthetic,true,SRC-SYNTH,2026-09-05T00:00:00+08:00,0.88,synthetic,not_applicable,,team_generated,false,dev
JOB-AI-ALG-0015-SKILL-019,JOB-AI-ALG-0015,SKILL-019,68,0.076923,preferred,1.1.0,synthetic,true,SRC-SYNTH,2026-09-05T00:00:00+08:00,0.88,synthetic,not_applicable,,team_generated,false,dev
JOB-AI-ALG-0015-SKILL-020,JOB-AI-ALG-0015,SKILL-020,62,0.076923,preferred,1.1.0,synthetic,true,SRC-SYNTH,2026-09-05T00:00:00+08:00,0.88,synthetic,not_applicable,,team_generated,false,dev
JOB-AI-ALG-0015-SKILL-021,JOB-AI-ALG-0015,SKILL-021,62,0.076923,preferred,1.1.0,synthetic,true,SRC-SYNTH,2026-09-05T00:00:00+08:00,0.88,synthetic,not_applicable,,team_generated,false,dev
JOB-AI-ALG-0015-SKILL-022,JOB-AI-ALG-0015,SKILL-022,61,0.076924,preferred,1.1.0,synthetic,true,SRC-SYNTH,2026-09-05T00:00:00+08:00,0.88,synthetic,not_applicable,,team_generated,false,dev
JOB-AI-ALG-0016-SKILL-058,JOB-AI-ALG-0016,SKILL-058,47,0.071429,required,1.1.0,synthetic,true,SRC-SYNTH,2026-09-05T00:00:00+08:00,0.88,synthetic,not_applicable,,team_generated,false,dev
JOB-AI-ALG-0016-SKILL-054,JOB-AI-ALG-0016,SKILL-054,47,0.071429,required,1.1.0,synthetic,true,SRC-SYNTH,2026-09-05T00:00:00+08:00,0.88,synthetic,not_applicable,,team_generated,false,dev
JOB-AI-ALG-0016-SKILL-001,JOB-AI-ALG-0016,SKILL-001,75,0.071429,required,1.1.0,synthetic,true,SRC-SYNTH,2026-09-05T00:00:00+08:00,0.88,synthetic,not_applicable,,team_generated,false,dev
JOB-AI-ALG-0016-SKILL-002,JOB-AI-ALG-0016,SKILL-002,75,0.071429,required,1.1.0,synthetic,true,SRC-SYNTH,2026-09-05T00:00:00+08:00,0.88,synthetic,not_applicable,,team_generated,false,dev
JOB-AI-ALG-0016-SKILL-010,JOB-AI-ALG-0016,SKILL-010,69,0.071429,required,1.1.0,synthetic,true,SRC-SYNTH,2026-09-05T00:00:00+08:00,0.88,synthetic,not_applicable,,team_generated,false,dev
JOB-AI-ALG-0016-SKILL-011,JOB-AI-ALG-0016,SKILL-011,69,0.071429,required,1.1.0,synthetic,true,SRC-SYNTH,2026-09-05T00:00:00+08:00,0.88,synthetic,not_applicable,,team_generated,false,dev
JOB-AI-ALG-0016-SKILL-017,JOB-AI-ALG-0016,SKILL-017,68,0.071429,required,1.1.0,synthetic,true,SRC-SYNTH,2026-09-05T00:00:00+08:00,0.88,synthetic,not_applicable,,team_generated,false,dev
JOB-AI-ALG-0016-SKILL-018,JOB-AI-ALG-0016,SKILL-018,68,0.071429,required,1.1.0,synthetic,true,SRC-SYNTH,2026-09-05T00:00:00+08:00,0.88,synthetic,not_applicable,,team_generated,false,dev
JOB-AI-ALG-0016-SKILL-019,JOB-AI-ALG-0016,SKILL-019,68,0.071429,required,1.1.0,synthetic,true,SRC-SYNTH,2026-09-05T00:00:00+08:00,0.88,synthetic,not_applicable,,team_generated,false,dev
JOB-AI-ALG-0016-SKILL-020,JOB-AI-ALG-0016,SKILL-020,62,0.071429,required,1.1.0,synthetic,true,SRC-SYNTH,2026-09-05T00:00:00+08:00,0.88,synthetic,not_applicable,,team_generated,false,dev
JOB-AI-ALG-0016-SKILL-021,JOB-AI-ALG-0016,SKILL-021,62,0.071429,preferred,1.1.0,synthetic,true,SRC-SYNTH,2026-09-05T00:00:00+08:00,0.88,synthetic,not_applicable,,team_generated,false,dev
JOB-AI-ALG-0016-SKILL-022,JOB-AI-ALG-0016,SKILL-022,61,0.071429,preferred,1.1.0,synthetic,true,SRC-SYNTH,2026-09-05T00:00:00+08:00,0.88,synthetic,not_applicable,,team_generated,false,dev
JOB-AI-ALG-0016-SKILL-023,JOB-AI-ALG-0016,SKILL-023,57,0.071429,preferred,1.1.0,synthetic,true,SRC-SYNTH,2026-09-05T00:00:00+08:00,0.88,synthetic,not_applicable,,team_generated,false,dev
JOB-AI-ALG-0016-SKILL-024,JOB-AI-ALG-0016,SKILL-024,57,0.071423,preferred,1.1.0,synthetic,true,SRC-SYNTH,2026-09-05T00:00:00+08:00,0.88,synthetic,not_applicable,,team_generated,false,dev
JOB-AI-ALG-0017-SKILL-054,JOB-AI-ALG-0017,SKILL-054,47,0.066667,required,1.1.0,synthetic,true,SRC-SYNTH,2026-09-05T00:00:00+08:00,0.88,synthetic,not_applicable,,team_generated,false,dev
JOB-AI-ALG-0017-SKILL-001,JOB-AI-ALG-0017,SKILL-001,75,0.066667,required,1.1.0,synthetic,true,SRC-SYNTH,2026-09-05T00:00:00+08:00,0.88,synthetic,not_applicable,,team_generated,false,dev
JOB-AI-ALG-0017-SKILL-002,JOB-AI-ALG-0017,SKILL-002,75,0.066667,required,1.1.0,synthetic,true,SRC-SYNTH,2026-09-05T00:00:00+08:00,0.88,synthetic,not_applicable,,team_generated,false,dev
JOB-AI-ALG-0017-SKILL-010,JOB-AI-ALG-0017,SKILL-010,69,0.066667,required,1.1.0,synthetic,true,SRC-SYNTH,2026-09-05T00:00:00+08:00,0.88,synthetic,not_applicable,,team_generated,false,dev
JOB-AI-ALG-0017-SKILL-011,JOB-AI-ALG-0017,SKILL-011,69,0.066667,required,1.1.0,synthetic,true,SRC-SYNTH,2026-09-05T00:00:00+08:00,0.88,synthetic,not_applicable,,team_generated,false,dev
JOB-AI-ALG-0017-SKILL-017,JOB-AI-ALG-0017,SKILL-017,68,0.066667,required,1.1.0,synthetic,true,SRC-SYNTH,2026-09-05T00:00:00+08:00,0.88,synthetic,not_applicable,,team_generated,false,dev
JOB-AI-ALG-0017-SKILL-018,JOB-AI-ALG-0017,SKILL-018,68,0.066667,required,1.1.0,synthetic,true,SRC-SYNTH,2026-09-05T00:00:00+08:00,0.88,synthetic,not_applicable,,team_generated,false,dev
JOB-AI-ALG-0017-SKILL-019,JOB-AI-ALG-0017,SKILL-019,68,0.066667,required,1.1.0,synthetic,true,SRC-SYNTH,2026-09-05T00:00:00+08:00,0.88,synthetic,not_applicable,,team_generated,false,dev
JOB-AI-ALG-0017-SKILL-020,JOB-AI-ALG-0017,SKILL-020,62,0.066667,required,1.1.0,synthetic,true,SRC-SYNTH,2026-09-05T00:00:00+08:00,0.88,synthetic,not_applicable,,team_generated,false,dev
JOB-AI-ALG-0017-SKILL-021,JOB-AI-ALG-0017,SKILL-021,62,0.066667,required,1.1.0,synthetic,true,SRC-SYNTH,2026-09-05T00:00:00+08:00,0.88,synthetic,not_applicable,,team_generated,false,dev
JOB-AI-ALG-0017-SKILL-022,JOB-AI-ALG-0017,SKILL-022,61,0.066667,preferred,1.1.0,synthetic,true,SRC-SYNTH,2026-09-05T00:00:00+08:00,0.88,synthetic,not_applicable,,team_generated,false,dev
JOB-AI-ALG-0017-SKILL-023,JOB-AI-ALG-0017,SKILL-023,57,0.066667,preferred,1.1.0,synthetic,true,SRC-SYNTH,2026-09-05T00:00:00+08:00,0.88,synthetic,not_applicable,,team_generated,false,dev
JOB-AI-ALG-0017-SKILL-024,JOB-AI-ALG-0017,SKILL-024,57,0.066667,preferred,1.1.0,synthetic,true,SRC-SYNTH,2026-09-05T00:00:00+08:00,0.88,synthetic,not_applicable,,team_generated,false,dev
JOB-AI-ALG-0017-SKILL-025,JOB-AI-ALG-0017,SKILL-025,51,0.066667,preferred,1.1.0,synthetic,true,SRC-SYNTH,2026-09-05T00:00:00+08:00,0.88,synthetic,not_applicable,,team_generated,false,dev
JOB-AI-ALG-0017-SKILL-033,JOB-AI-ALG-0017,SKILL-033,51,0.066662,preferred,1.1.0,synthetic,true,SRC-SYNTH,2026-09-05T00:00:00+08:00,0.88,synthetic,not_applicable,,team_generated,false,dev
JOB-AI-ALG-0018-SKILL-001,JOB-AI-ALG-0018,SKILL-001,75,0.0625,required,1.1.0,synthetic,true,SRC-SYNTH,2026-09-05T00:00:00+08:00,0.88,synthetic,not_applicable,,team_generated,false,dev
JOB-AI-ALG-0018-SKILL-002,JOB-AI-ALG-0018,SKILL-002,75,0.0625,required,1.1.0,synthetic,true,SRC-SYNTH,2026-09-05T00:00:00+08:00,0.88,synthetic,not_applicable,,team_generated,false,dev
JOB-AI-ALG-0018-SKILL-010,JOB-AI-ALG-0018,SKILL-010,69,0.0625,required,1.1.0,synthetic,true,SRC-SYNTH,2026-09-05T00:00:00+08:00,0.88,synthetic,not_applicable,,team_generated,false,dev
JOB-AI-ALG-0018-SKILL-011,JOB-AI-ALG-0018,SKILL-011,69,0.0625,required,1.1.0,synthetic,true,SRC-SYNTH,2026-09-05T00:00:00+08:00,0.88,synthetic,not_applicable,,team_generated,false,dev
JOB-AI-ALG-0018-SKILL-017,JOB-AI-ALG-0018,SKILL-017,68,0.0625,required,1.1.0,synthetic,true,SRC-SYNTH,2026-09-05T00:00:00+08:00,0.88,synthetic,not_applicable,,team_generated,false,dev
JOB-AI-ALG-0018-SKILL-018,JOB-AI-ALG-0018,SKILL-018,68,0.0625,required,1.1.0,synthetic,true,SRC-SYNTH,2026-09-05T00:00:00+08:00,0.88,synthetic,not_applicable,,team_generated,false,dev
JOB-AI-ALG-0018-SKILL-019,JOB-AI-ALG-0018,SKILL-019,68,0.0625,required,1.1.0,synthetic,true,SRC-SYNTH,2026-09-05T00:00:00+08:00,0.88,synthetic,not_applicable,,team_generated,false,dev
JOB-AI-ALG-0018-SKILL-020,JOB-AI-ALG-0018,SKILL-020,62,0.0625,required,1.1.0,synthetic,true,SRC-SYNTH,2026-09-05T00:00:00+08:00,0.88,synthetic,not_applicable,,team_generated,false,dev
JOB-AI-ALG-0018-SKILL-021,JOB-AI-ALG-0018,SKILL-021,62,0.0625,required,1.1.0,synthetic,true,SRC-SYNTH,2026-09-05T00:00:00+08:00,0.88,synthetic,not_applicable,,team_generated,false,dev
JOB-AI-ALG-0018-SKILL-022,JOB-AI-ALG-0018,SKILL-022,61,0.0625,required,1.1.0,synthetic,true,SRC-SYNTH,2026-09-05T00:00:00+08:00,0.88,synthetic,not_applicable,,team_generated,false,dev
JOB-AI-ALG-0018-SKILL-023,JOB-AI-ALG-0018,SKILL-023,57,0.0625,required,1.1.0,synthetic,true,SRC-SYNTH,2026-09-05T00:00:00+08:00,0.88,synthetic,not_applicable,,team_generated,false,dev
JOB-AI-ALG-0018-SKILL-024,JOB-AI-ALG-0018,SKILL-024,57,0.0625,preferred,1.1.0,synthetic,true,SRC-SYNTH,2026-09-05T00:00:00+08:00,0.88,synthetic,not_applicable,,team_generated,false,dev
JOB-AI-ALG-0018-SKILL-025,JOB-AI-ALG-0018,SKILL-025,51,0.0625,preferred,1.1.0,synthetic,true,SRC-SYNTH,2026-09-05T00:00:00+08:00,0.88,synthetic,not_applicable,,team_generated,false,dev
JOB-AI-ALG-0018-SKILL-033,JOB-AI-ALG-0018,SKILL-033,51,0.0625,preferred,1.1.0,synthetic,true,SRC-SYNTH,2026-09-05T00:00:00+08:00,0.88,synthetic,not_applicable,,team_generated,false,dev
JOB-AI-ALG-0018-SKILL-036,JOB-AI-ALG-0018,SKILL-036,50,0.0625,preferred,1.1.0,synthetic,true,SRC-SYNTH,2026-09-05T00:00:00+08:00,0.88,synthetic,not_applicable,,team_generated,false,dev
JOB-AI-ALG-0018-SKILL-048,JOB-AI-ALG-0018,SKILL-048,50,0.0625,preferred,1.1.0,synthetic,true,SRC-SYNTH,2026-09-05T00:00:00+08:00,0.88,synthetic,not_applicable,,team_generated,false,dev
JOB-AI-ALG-0019-SKILL-002,JOB-AI-ALG-0019,SKILL-002,75,0.058824,required,1.1.0,synthetic,true,SRC-SYNTH,2026-09-05T00:00:00+08:00,0.88,synthetic,not_applicable,,team_generated,false,dev
JOB-AI-ALG-0019-SKILL-010,JOB-AI-ALG-0019,SKILL-010,69,0.058824,required,1.1.0,synthetic,true,SRC-SYNTH,2026-09-05T00:00:00+08:00,0.88,synthetic,not_applicable,,team_generated,false,dev
JOB-AI-ALG-0019-SKILL-011,JOB-AI-ALG-0019,SKILL-011,69,0.058824,required,1.1.0,synthetic,true,SRC-SYNTH,2026-09-05T00:00:00+08:00,0.88,synthetic,not_applicable,,team_generated,false,dev
JOB-AI-ALG-0019-SKILL-017,JOB-AI-ALG-0019,SKILL-017,68,0.058824,required,1.1.0,synthetic,true,SRC-SYNTH,2026-09-05T00:00:00+08:00,0.88,synthetic,not_applicable,,team_generated,false,dev
JOB-AI-ALG-0019-SKILL-018,JOB-AI-ALG-0019,SKILL-018,68,0.058824,required,1.1.0,synthetic,true,SRC-SYNTH,2026-09-05T00:00:00+08:00,0.88,synthetic,not_applicable,,team_generated,false,dev
JOB-AI-ALG-0019-SKILL-019,JOB-AI-ALG-0019,SKILL-019,68,0.058824,required,1.1.0,synthetic,true,SRC-SYNTH,2026-09-05T00:00:00+08:00,0.88,synthetic,not_applicable,,team_generated,false,dev
JOB-AI-ALG-0019-SKILL-020,JOB-AI-ALG-0019,SKILL-020,62,0.058824,required,1.1.0,synthetic,true,SRC-SYNTH,2026-09-05T00:00:00+08:00,0.88,synthetic,not_applicable,,team_generated,false,dev
JOB-AI-ALG-0019-SKILL-021,JOB-AI-ALG-0019,SKILL-021,62,0.058824,required,1.1.0,synthetic,true,SRC-SYNTH,2026-09-05T00:00:00+08:00,0.88,synthetic,not_applicable,,team_generated,false,dev
JOB-AI-ALG-0019-SKILL-022,JOB-AI-ALG-0019,SKILL-022,61,0.058824,required,1.1.0,synthetic,true,SRC-SYNTH,2026-09-05T00:00:00+08:00,0.88,synthetic,not_applicable,,team_generated,false,dev
JOB-AI-ALG-0019-SKILL-023,JOB-AI-ALG-0019,SKILL-023,57,0.058824,required,1.1.0,synthetic,true,SRC-SYNTH,2026-09-05T00:00:00+08:00,0.88,synthetic,not_applicable,,team_generated,false,dev
JOB-AI-ALG-0019-SKILL-024,JOB-AI-ALG-0019,SKILL-024,57,0.058824,required,1.1.0,synthetic,true,SRC-SYNTH,2026-09-05T00:00:00+08:00,0.88,synthetic,not_applicable,,team_generated,false,dev
JOB-AI-ALG-0019-SKILL-025,JOB-AI-ALG-0019,SKILL-025,51,0.058824,required,1.1.0,synthetic,true,SRC-SYNTH,2026-09-05T00:00:00+08:00,0.88,synthetic,not_applicable,,team_generated,false,dev
JOB-AI-ALG-0019-SKILL-033,JOB-AI-ALG-0019,SKILL-033,51,0.058824,preferred,1.1.0,synthetic,true,SRC-SYNTH,2026-09-05T00:00:00+08:00,0.88,synthetic,not_applicable,,team_generated,false,dev
JOB-AI-ALG-0019-SKILL-036,JOB-AI-ALG-0019,SKILL-036,50,0.058824,preferred,1.1.0,synthetic,true,SRC-SYNTH,2026-09-05T00:00:00+08:00,0.88,synthetic,not_applicable,,team_generated,false,dev
JOB-AI-ALG-0019-SKILL-048,JOB-AI-ALG-0019,SKILL-048,50,0.058824,preferred,1.1.0,synthetic,true,SRC-SYNTH,2026-09-05T00:00:00+08:00,0.88,synthetic,not_applicable,,team_generated,false,dev
JOB-AI-ALG-0019-SKILL-058,JOB-AI-ALG-0019,SKILL-058,50,0.058824,preferred,1.1.0,synthetic,true,SRC-SYNTH,2026-09-05T00:00:00+08:00,0.88,synthetic,not_applicable,,team_generated,false,dev
JOB-AI-ALG-0019-SKILL-054,JOB-AI-ALG-0019,SKILL-054,45,0.058816,preferred,1.1.0,synthetic,true,SRC-SYNTH,2026-09-05T00:00:00+08:00,0.88,synthetic,not_applicable,,team_generated,false,dev
JOB-AI-ALG-0020-SKILL-010,JOB-AI-ALG-0020,SKILL-010,69,0.055556,required,1.1.0,synthetic,true,SRC-SYNTH,2026-09-05T00:00:00+08:00,0.88,synthetic,not_applicable,,team_generated,false,dev
JOB-AI-ALG-0020-SKILL-011,JOB-AI-ALG-0020,SKILL-011,69,0.055556,required,1.1.0,synthetic,true,SRC-SYNTH,2026-09-05T00:00:00+08:00,0.88,synthetic,not_applicable,,team_generated,false,dev
JOB-AI-ALG-0020-SKILL-017,JOB-AI-ALG-0020,SKILL-017,68,0.055556,required,1.1.0,synthetic,true,SRC-SYNTH,2026-09-05T00:00:00+08:00,0.88,synthetic,not_applicable,,team_generated,false,dev
JOB-AI-ALG-0020-SKILL-018,JOB-AI-ALG-0020,SKILL-018,68,0.055556,required,1.1.0,synthetic,true,SRC-SYNTH,2026-09-05T00:00:00+08:00,0.88,synthetic,not_applicable,,team_generated,false,dev
JOB-AI-ALG-0020-SKILL-019,JOB-AI-ALG-0020,SKILL-019,68,0.055556,required,1.1.0,synthetic,true,SRC-SYNTH,2026-09-05T00:00:00+08:00,0.88,synthetic,not_applicable,,team_generated,false,dev
JOB-AI-ALG-0020-SKILL-020,JOB-AI-ALG-0020,SKILL-020,62,0.055556,required,1.1.0,synthetic,true,SRC-SYNTH,2026-09-05T00:00:00+08:00,0.88,synthetic,not_applicable,,team_generated,false,dev
JOB-AI-ALG-0020-SKILL-021,JOB-AI-ALG-0020,SKILL-021,62,0.055556,required,1.1.0,synthetic,true,SRC-SYNTH,2026-09-05T00:00:00+08:00,0.88,synthetic,not_applicable,,team_generated,false,dev
JOB-AI-ALG-0020-SKILL-022,JOB-AI-ALG-0020,SKILL-022,61,0.055556,required,1.1.0,synthetic,true,SRC-SYNTH,2026-09-05T00:00:00+08:00,0.88,synthetic,not_applicable,,team_generated,false,dev
JOB-AI-ALG-0020-SKILL-023,JOB-AI-ALG-0020,SKILL-023,57,0.055556,required,1.1.0,synthetic,true,SRC-SYNTH,2026-09-05T00:00:00+08:00,0.88,synthetic,not_applicable,,team_generated,false,dev
JOB-AI-ALG-0020-SKILL-024,JOB-AI-ALG-0020,SKILL-024,57,0.055556,required,1.1.0,synthetic,true,SRC-SYNTH,2026-09-05T00:00:00+08:00,0.88,synthetic,not_applicable,,team_generated,false,dev
JOB-AI-ALG-0020-SKILL-025,JOB-AI-ALG-0020,SKILL-025,51,0.055556,required,1.1.0,synthetic,true,SRC-SYNTH,2026-09-05T00:00:00+08:00,0.88,synthetic,not_applicable,,team_generated,false,dev
JOB-AI-ALG-0020-SKILL-033,JOB-AI-ALG-0020,SKILL-033,51,0.055556,required,1.1.0,synthetic,true,SRC-SYNTH,2026-09-05T00:00:00+08:00,0.88,synthetic,not_applicable,,team_generated,false,dev
JOB-AI-ALG-0020-SKILL-036,JOB-AI-ALG-0020,SKILL-036,50,0.055556,preferred,1.1.0,synthetic,true,SRC-SYNTH,2026-09-05T00:00:00+08:00,0.88,synthetic,not_applicable,,team_generated,false,dev
JOB-AI-ALG-0020-SKILL-048,JOB-AI-ALG-0020,SKILL-048,50,0.055556,preferred,1.1.0,synthetic,true,SRC-SYNTH,2026-09-05T00:00:00+08:00,0.88,synthetic,not_applicable,,team_generated,false,dev
JOB-AI-ALG-0020-SKILL-058,JOB-AI-ALG-0020,SKILL-058,50,0.055556,preferred,1.1.0,synthetic,true,SRC-SYNTH,2026-09-05T00:00:00+08:00,0.88,synthetic,not_applicable,,team_generated,false,dev
JOB-AI-ALG-0020-SKILL-054,JOB-AI-ALG-0020,SKILL-054,45,0.055556,preferred,1.1.0,synthetic,true,SRC-SYNTH,2026-09-05T00:00:00+08:00,0.88,synthetic,not_applicable,,team_generated,false,dev
JOB-AI-ALG-0020-SKILL-001,JOB-AI-ALG-0020,SKILL-001,73,0.055556,preferred,1.1.0,synthetic,true,SRC-SYNTH,2026-09-05T00:00:00+08:00,0.88,synthetic,not_applicable,,team_generated,false,dev
JOB-AI-ALG-0020-SKILL-002,JOB-AI-ALG-0020,SKILL-002,73,0.055548,preferred,1.1.0,synthetic,true,SRC-SYNTH,2026-09-05T00:00:00+08:00,0.88,synthetic,not_applicable,,team_generated,false,dev
JOB-AI-ALG-0021-SKILL-011,JOB-AI-ALG-0021,SKILL-011,69,0.083333,required,1.1.0,synthetic,true,SRC-SYNTH,2026-09-05T00:00:00+08:00,0.88,synthetic,not_applicable,,team_generated,false,dev
JOB-AI-ALG-0021-SKILL-017,JOB-AI-ALG-0021,SKILL-017,68,0.083333,required,1.1.0,synthetic,true,SRC-SYNTH,2026-09-05T00:00:00+08:00,0.88,synthetic,not_applicable,,team_generated,false,dev
JOB-AI-ALG-0021-SKILL-018,JOB-AI-ALG-0021,SKILL-018,68,0.083333,required,1.1.0,synthetic,true,SRC-SYNTH,2026-09-05T00:00:00+08:00,0.88,synthetic,not_applicable,,team_generated,false,dev
JOB-AI-ALG-0021-SKILL-019,JOB-AI-ALG-0021,SKILL-019,68,0.083333,required,1.1.0,synthetic,true,SRC-SYNTH,2026-09-05T00:00:00+08:00,0.88,synthetic,not_applicable,,team_generated,false,dev
JOB-AI-ALG-0021-SKILL-020,JOB-AI-ALG-0021,SKILL-020,62,0.083333,required,1.1.0,synthetic,true,SRC-SYNTH,2026-09-05T00:00:00+08:00,0.88,synthetic,not_applicable,,team_generated,false,dev
JOB-AI-ALG-0021-SKILL-021,JOB-AI-ALG-0021,SKILL-021,62,0.083333,required,1.1.0,synthetic,true,SRC-SYNTH,2026-09-05T00:00:00+08:00,0.88,synthetic,not_applicable,,team_generated,false,dev
JOB-AI-ALG-0021-SKILL-022,JOB-AI-ALG-0021,SKILL-022,61,0.083333,required,1.1.0,synthetic,true,SRC-SYNTH,2026-09-05T00:00:00+08:00,0.88,synthetic,not_applicable,,team_generated,false,dev
JOB-AI-ALG-0021-SKILL-023,JOB-AI-ALG-0021,SKILL-023,57,0.083333,required,1.1.0,synthetic,true,SRC-SYNTH,2026-09-05T00:00:00+08:00,0.88,synthetic,not_applicable,,team_generated,false,dev
JOB-AI-ALG-0021-SKILL-024,JOB-AI-ALG-0021,SKILL-024,57,0.083333,preferred,1.1.0,synthetic,true,SRC-SYNTH,2026-09-05T00:00:00+08:00,0.88,synthetic,not_applicable,,team_generated,false,dev
JOB-AI-ALG-0021-SKILL-025,JOB-AI-ALG-0021,SKILL-025,51,0.083333,preferred,1.1.0,synthetic,true,SRC-SYNTH,2026-09-05T00:00:00+08:00,0.88,synthetic,not_applicable,,team_generated,false,dev
JOB-AI-ALG-0021-SKILL-033,JOB-AI-ALG-0021,SKILL-033,51,0.083333,preferred,1.1.0,synthetic,true,SRC-SYNTH,2026-09-05T00:00:00+08:00,0.88,synthetic,not_applicable,,team_generated,false,dev
JOB-AI-ALG-0021-SKILL-036,JOB-AI-ALG-0021,SKILL-036,50,0.083337,preferred,1.1.0,synthetic,true,SRC-SYNTH,2026-09-05T00:00:00+08:00,0.88,synthetic,not_applicable,,team_generated,false,dev
JOB-AI-ALG-0022-SKILL-017,JOB-AI-ALG-0022,SKILL-017,68,0.076923,required,1.1.0,synthetic,true,SRC-SYNTH,2026-09-05T00:00:00+08:00,0.88,synthetic,not_applicable,,team_generated,false,dev
JOB-AI-ALG-0022-SKILL-018,JOB-AI-ALG-0022,SKILL-018,68,0.076923,required,1.1.0,synthetic,true,SRC-SYNTH,2026-09-05T00:00:00+08:00,0.88,synthetic,not_applicable,,team_generated,false,dev
JOB-AI-ALG-0022-SKILL-019,JOB-AI-ALG-0022,SKILL-019,68,0.076923,required,1.1.0,synthetic,true,SRC-SYNTH,2026-09-05T00:00:00+08:00,0.88,synthetic,not_applicable,,team_generated,false,dev
JOB-AI-ALG-0022-SKILL-020,JOB-AI-ALG-0022,SKILL-020,62,0.076923,required,1.1.0,synthetic,true,SRC-SYNTH,2026-09-05T00:00:00+08:00,0.88,synthetic,not_applicable,,team_generated,false,dev
JOB-AI-ALG-0022-SKILL-021,JOB-AI-ALG-0022,SKILL-021,62,0.076923,required,1.1.0,synthetic,true,SRC-SYNTH,2026-09-05T00:00:00+08:00,0.88,synthetic,not_applicable,,team_generated,false,dev
JOB-AI-ALG-0022-SKILL-022,JOB-AI-ALG-0022,SKILL-022,61,0.076923,required,1.1.0,synthetic,true,SRC-SYNTH,2026-09-05T00:00:00+08:00,0.88,synthetic,not_applicable,,team_generated,false,dev
JOB-AI-ALG-0022-SKILL-023,JOB-AI-ALG-0022,SKILL-023,57,0.076923,required,1.1.0,synthetic,true,SRC-SYNTH,2026-09-05T00:00:00+08:00,0.88,synthetic,not_applicable,,team_generated,false,dev
JOB-AI-ALG-0022-SKILL-024,JOB-AI-ALG-0022,SKILL-024,57,0.076923,required,1.1.0,synthetic,true,SRC-SYNTH,2026-09-05T00:00:00+08:00,0.88,synthetic,not_applicable,,team_generated,false,dev
JOB-AI-ALG-0022-SKILL-025,JOB-AI-ALG-0022,SKILL-025,51,0.076923,required,1.1.0,synthetic,true,SRC-SYNTH,2026-09-05T00:00:00+08:00,0.88,synthetic,not_applicable,,team_generated,false,dev
JOB-AI-ALG-0022-SKILL-033,JOB-AI-ALG-0022,SKILL-033,51,0.076923,preferred,1.1.0,synthetic,true,SRC-SYNTH,2026-09-05T00:00:00+08:00,0.88,synthetic,not_applicable,,team_generated,false,dev
JOB-AI-ALG-0022-SKILL-036,JOB-AI-ALG-0022,SKILL-036,50,0.076923,preferred,1.1.0,synthetic,true,SRC-SYNTH,2026-09-05T00:00:00+08:00,0.88,synthetic,not_applicable,,team_generated,false,dev
JOB-AI-ALG-0022-SKILL-048,JOB-AI-ALG-0022,SKILL-048,50,0.076923,preferred,1.1.0,synthetic,true,SRC-SYNTH,2026-09-05T00:00:00+08:00,0.88,synthetic,not_applicable,,team_generated,false,dev
JOB-AI-ALG-0022-SKILL-058,JOB-AI-ALG-0022,SKILL-058,50,0.076924,preferred,1.1.0,synthetic,true,SRC-SYNTH,2026-09-05T00:00:00+08:00,0.88,synthetic,not_applicable,,team_generated,false,dev
JOB-AI-ALG-0023-SKILL-018,JOB-AI-ALG-0023,SKILL-018,68,0.071429,required,1.1.0,synthetic,true,SRC-SYNTH,2026-09-05T00:00:00+08:00,0.88,synthetic,not_applicable,,team_generated,false,dev
JOB-AI-ALG-0023-SKILL-019,JOB-AI-ALG-0023,SKILL-019,68,0.071429,required,1.1.0,synthetic,true,SRC-SYNTH,2026-09-05T00:00:00+08:00,0.88,synthetic,not_applicable,,team_generated,false,dev
JOB-AI-ALG-0023-SKILL-020,JOB-AI-ALG-0023,SKILL-020,62,0.071429,required,1.1.0,synthetic,true,SRC-SYNTH,2026-09-05T00:00:00+08:00,0.88,synthetic,not_applicable,,team_generated,false,dev
JOB-AI-ALG-0023-SKILL-021,JOB-AI-ALG-0023,SKILL-021,62,0.071429,required,1.1.0,synthetic,true,SRC-SYNTH,2026-09-05T00:00:00+08:00,0.88,synthetic,not_applicable,,team_generated,false,dev
JOB-AI-ALG-0023-SKILL-022,JOB-AI-ALG-0023,SKILL-022,61,0.071429,required,1.1.0,synthetic,true,SRC-SYNTH,2026-09-05T00:00:00+08:00,0.88,synthetic,not_applicable,,team_generated,false,dev
JOB-AI-ALG-0023-SKILL-023,JOB-AI-ALG-0023,SKILL-023,57,0.071429,required,1.1.0,synthetic,true,SRC-SYNTH,2026-09-05T00:00:00+08:00,0.88,synthetic,not_applicable,,team_generated,false,dev
JOB-AI-ALG-0023-SKILL-024,JOB-AI-ALG-0023,SKILL-024,57,0.071429,required,1.1.0,synthetic,true,SRC-SYNTH,2026-09-05T00:00:00+08:00,0.88,synthetic,not_applicable,,team_generated,false,dev
JOB-AI-ALG-0023-SKILL-025,JOB-AI-ALG-0023,SKILL-025,51,0.071429,required,1.1.0,synthetic,true,SRC-SYNTH,2026-09-05T00:00:00+08:00,0.88,synthetic,not_applicable,,team_generated,false,dev
JOB-AI-ALG-0023-SKILL-033,JOB-AI-ALG-0023,SKILL-033,51,0.071429,required,1.1.0,synthetic,true,SRC-SYNTH,2026-09-05T00:00:00+08:00,0.88,synthetic,not_applicable,,team_generated,false,dev
JOB-AI-ALG-0023-SKILL-036,JOB-AI-ALG-0023,SKILL-036,50,0.071429,required,1.1.0,synthetic,true,SRC-SYNTH,2026-09-05T00:00:00+08:00,0.88,synthetic,not_applicable,,team_generated,false,dev
JOB-AI-ALG-0023-SKILL-048,JOB-AI-ALG-0023,SKILL-048,50,0.071429,preferred,1.1.0,synthetic,true,SRC-SYNTH,2026-09-05T00:00:00+08:00,0.88,synthetic,not_applicable,,team_generated,false,dev
JOB-AI-ALG-0023-SKILL-058,JOB-AI-ALG-0023,SKILL-058,50,0.071429,preferred,1.1.0,synthetic,true,SRC-SYNTH,2026-09-05T00:00:00+08:00,0.88,synthetic,not_applicable,,team_generated,false,dev
JOB-AI-ALG-0023-SKILL-054,JOB-AI-ALG-0023,SKILL-054,45,0.071429,preferred,1.1.0,synthetic,true,SRC-SYNTH,2026-09-05T00:00:00+08:00,0.88,synthetic,not_applicable,,team_generated,false,dev
JOB-AI-ALG-0023-SKILL-001,JOB-AI-ALG-0023,SKILL-001,73,0.071423,preferred,1.1.0,synthetic,true,SRC-SYNTH,2026-09-05T00:00:00+08:00,0.88,synthetic,not_applicable,,team_generated,false,dev
JOB-AI-ALG-0024-SKILL-019,JOB-AI-ALG-0024,SKILL-019,68,0.066667,required,1.1.0,synthetic,true,SRC-SYNTH,2026-09-05T00:00:00+08:00,0.88,synthetic,not_applicable,,team_generated,false,dev
JOB-AI-ALG-0024-SKILL-020,JOB-AI-ALG-0024,SKILL-020,62,0.066667,required,1.1.0,synthetic,true,SRC-SYNTH,2026-09-05T00:00:00+08:00,0.88,synthetic,not_applicable,,team_generated,false,dev
JOB-AI-ALG-0024-SKILL-021,JOB-AI-ALG-0024,SKILL-021,62,0.066667,required,1.1.0,synthetic,true,SRC-SYNTH,2026-09-05T00:00:00+08:00,0.88,synthetic,not_applicable,,team_generated,false,dev
JOB-AI-ALG-0024-SKILL-022,JOB-AI-ALG-0024,SKILL-022,61,0.066667,required,1.1.0,synthetic,true,SRC-SYNTH,2026-09-05T00:00:00+08:00,0.88,synthetic,not_applicable,,team_generated,false,dev
JOB-AI-ALG-0024-SKILL-023,JOB-AI-ALG-0024,SKILL-023,57,0.066667,required,1.1.0,synthetic,true,SRC-SYNTH,2026-09-05T00:00:00+08:00,0.88,synthetic,not_applicable,,team_generated,false,dev
JOB-AI-ALG-0024-SKILL-024,JOB-AI-ALG-0024,SKILL-024,57,0.066667,required,1.1.0,synthetic,true,SRC-SYNTH,2026-09-05T00:00:00+08:00,0.88,synthetic,not_applicable,,team_generated,false,dev
JOB-AI-ALG-0024-SKILL-025,JOB-AI-ALG-0024,SKILL-025,51,0.066667,required,1.1.0,synthetic,true,SRC-SYNTH,2026-09-05T00:00:00+08:00,0.88,synthetic,not_applicable,,team_generated,false,dev
JOB-AI-ALG-0024-SKILL-033,JOB-AI-ALG-0024,SKILL-033,51,0.066667,required,1.1.0,synthetic,true,SRC-SYNTH,2026-09-05T00:00:00+08:00,0.88,synthetic,not_applicable,,team_generated,false,dev
JOB-AI-ALG-0024-SKILL-036,JOB-AI-ALG-0024,SKILL-036,50,0.066667,required,1.1.0,synthetic,true,SRC-SYNTH,2026-09-05T00:00:00+08:00,0.88,synthetic,not_applicable,,team_generated,false,dev
JOB-AI-ALG-0024-SKILL-048,JOB-AI-ALG-0024,SKILL-048,50,0.066667,required,1.1.0,synthetic,true,SRC-SYNTH,2026-09-05T00:00:00+08:00,0.88,synthetic,not_applicable,,team_generated,false,dev
JOB-AI-ALG-0024-SKILL-058,JOB-AI-ALG-0024,SKILL-058,50,0.066667,preferred,1.1.0,synthetic,true,SRC-SYNTH,2026-09-05T00:00:00+08:00,0.88,synthetic,not_applicable,,team_generated,false,dev
JOB-AI-ALG-0024-SKILL-054,JOB-AI-ALG-0024,SKILL-054,45,0.066667,preferred,1.1.0,synthetic,true,SRC-SYNTH,2026-09-05T00:00:00+08:00,0.88,synthetic,not_applicable,,team_generated,false,dev
JOB-AI-ALG-0024-SKILL-001,JOB-AI-ALG-0024,SKILL-001,73,0.066667,preferred,1.1.0,synthetic,true,SRC-SYNTH,2026-09-05T00:00:00+08:00,0.88,synthetic,not_applicable,,team_generated,false,dev
JOB-AI-ALG-0024-SKILL-002,JOB-AI-ALG-0024,SKILL-002,73,0.066667,preferred,1.1.0,synthetic,true,SRC-SYNTH,2026-09-05T00:00:00+08:00,0.88,synthetic,not_applicable,,team_generated,false,dev
JOB-AI-ALG-0024-SKILL-010,JOB-AI-ALG-0024,SKILL-010,72,0.066662,preferred,1.1.0,synthetic,true,SRC-SYNTH,2026-09-05T00:00:00+08:00,0.88,synthetic,not_applicable,,team_generated,false,dev
JOB-AI-ALG-0025-SKILL-020,JOB-AI-ALG-0025,SKILL-020,62,0.0625,required,1.1.0,synthetic,true,SRC-SYNTH,2026-09-05T00:00:00+08:00,0.88,synthetic,not_applicable,,team_generated,false,dev
JOB-AI-ALG-0025-SKILL-021,JOB-AI-ALG-0025,SKILL-021,62,0.0625,required,1.1.0,synthetic,true,SRC-SYNTH,2026-09-05T00:00:00+08:00,0.88,synthetic,not_applicable,,team_generated,false,dev
JOB-AI-ALG-0025-SKILL-022,JOB-AI-ALG-0025,SKILL-022,61,0.0625,required,1.1.0,synthetic,true,SRC-SYNTH,2026-09-05T00:00:00+08:00,0.88,synthetic,not_applicable,,team_generated,false,dev
JOB-AI-ALG-0025-SKILL-023,JOB-AI-ALG-0025,SKILL-023,57,0.0625,required,1.1.0,synthetic,true,SRC-SYNTH,2026-09-05T00:00:00+08:00,0.88,synthetic,not_applicable,,team_generated,false,dev
JOB-AI-ALG-0025-SKILL-024,JOB-AI-ALG-0025,SKILL-024,57,0.0625,required,1.1.0,synthetic,true,SRC-SYNTH,2026-09-05T00:00:00+08:00,0.88,synthetic,not_applicable,,team_generated,false,dev
JOB-AI-ALG-0025-SKILL-025,JOB-AI-ALG-0025,SKILL-025,51,0.0625,required,1.1.0,synthetic,true,SRC-SYNTH,2026-09-05T00:00:00+08:00,0.88,synthetic,not_applicable,,team_generated,false,dev
JOB-AI-ALG-0025-SKILL-033,JOB-AI-ALG-0025,SKILL-033,51,0.0625,required,1.1.0,synthetic,true,SRC-SYNTH,2026-09-05T00:00:00+08:00,0.88,synthetic,not_applicable,,team_generated,false,dev
JOB-AI-ALG-0025-SKILL-036,JOB-AI-ALG-0025,SKILL-036,50,0.0625,required,1.1.0,synthetic,true,SRC-SYNTH,2026-09-05T00:00:00+08:00,0.88,synthetic,not_applicable,,team_generated,false,dev
JOB-AI-ALG-0025-SKILL-048,JOB-AI-ALG-0025,SKILL-048,50,0.0625,required,1.1.0,synthetic,true,SRC-SYNTH,2026-09-05T00:00:00+08:00,0.88,synthetic,not_applicable,,team_generated,false,dev
JOB-AI-ALG-0025-SKILL-058,JOB-AI-ALG-0025,SKILL-058,50,0.0625,required,1.1.0,synthetic,true,SRC-SYNTH,2026-09-05T00:00:00+08:00,0.88,synthetic,not_applicable,,team_generated,false,dev
JOB-AI-ALG-0025-SKILL-054,JOB-AI-ALG-0025,SKILL-054,45,0.0625,required,1.1.0,synthetic,true,SRC-SYNTH,2026-09-05T00:00:00+08:00,0.88,synthetic,not_applicable,,team_generated,false,dev
JOB-AI-ALG-0025-SKILL-001,JOB-AI-ALG-0025,SKILL-001,73,0.0625,preferred,1.1.0,synthetic,true,SRC-SYNTH,2026-09-05T00:00:00+08:00,0.88,synthetic,not_applicable,,team_generated,false,dev
JOB-AI-ALG-0025-SKILL-002,JOB-AI-ALG-0025,SKILL-002,73,0.0625,preferred,1.1.0,synthetic,true,SRC-SYNTH,2026-09-05T00:00:00+08:00,0.88,synthetic,not_applicable,,team_generated,false,dev
JOB-AI-ALG-0025-SKILL-010,JOB-AI-ALG-0025,SKILL-010,72,0.0625,preferred,1.1.0,synthetic,true,SRC-SYNTH,2026-09-05T00:00:00+08:00,0.88,synthetic,not_applicable,,team_generated,false,dev
JOB-AI-ALG-0025-SKILL-011,JOB-AI-ALG-0025,SKILL-011,72,0.0625,preferred,1.1.0,synthetic,true,SRC-SYNTH,2026-09-05T00:00:00+08:00,0.88,synthetic,not_applicable,,team_generated,false,dev
JOB-AI-ALG-0025-SKILL-017,JOB-AI-ALG-0025,SKILL-017,66,0.0625,preferred,1.1.0,synthetic,true,SRC-SYNTH,2026-09-05T00:00:00+08:00,0.88,synthetic,not_applicable,,team_generated,false,dev
JOB-AI-ALG-0026-SKILL-021,JOB-AI-ALG-0026,SKILL-021,62,0.058824,required,1.1.0,synthetic,true,SRC-SYNTH,2026-09-05T00:00:00+08:00,0.88,synthetic,not_applicable,,team_generated,false,dev
JOB-AI-ALG-0026-SKILL-022,JOB-AI-ALG-0026,SKILL-022,61,0.058824,required,1.1.0,synthetic,true,SRC-SYNTH,2026-09-05T00:00:00+08:00,0.88,synthetic,not_applicable,,team_generated,false,dev
JOB-AI-ALG-0026-SKILL-023,JOB-AI-ALG-0026,SKILL-023,57,0.058824,required,1.1.0,synthetic,true,SRC-SYNTH,2026-09-05T00:00:00+08:00,0.88,synthetic,not_applicable,,team_generated,false,dev
JOB-AI-ALG-0026-SKILL-024,JOB-AI-ALG-0026,SKILL-024,57,0.058824,required,1.1.0,synthetic,true,SRC-SYNTH,2026-09-05T00:00:00+08:00,0.88,synthetic,not_applicable,,team_generated,false,dev
JOB-AI-ALG-0026-SKILL-025,JOB-AI-ALG-0026,SKILL-025,51,0.058824,required,1.1.0,synthetic,true,SRC-SYNTH,2026-09-05T00:00:00+08:00,0.88,synthetic,not_applicable,,team_generated,false,dev
JOB-AI-ALG-0026-SKILL-033,JOB-AI-ALG-0026,SKILL-033,51,0.058824,required,1.1.0,synthetic,true,SRC-SYNTH,2026-09-05T00:00:00+08:00,0.88,synthetic,not_applicable,,team_generated,false,dev
JOB-AI-ALG-0026-SKILL-036,JOB-AI-ALG-0026,SKILL-036,50,0.058824,required,1.1.0,synthetic,true,SRC-SYNTH,2026-09-05T00:00:00+08:00,0.88,synthetic,not_applicable,,team_generated,false,dev
JOB-AI-ALG-0026-SKILL-048,JOB-AI-ALG-0026,SKILL-048,50,0.058824,required,1.1.0,synthetic,true,SRC-SYNTH,2026-09-05T00:00:00+08:00,0.88,synthetic,not_applicable,,team_generated,false,dev
JOB-AI-ALG-0026-SKILL-058,JOB-AI-ALG-0026,SKILL-058,50,0.058824,required,1.1.0,synthetic,true,SRC-SYNTH,2026-09-05T00:00:00+08:00,0.88,synthetic,not_applicable,,team_generated,false,dev
JOB-AI-ALG-0026-SKILL-054,JOB-AI-ALG-0026,SKILL-054,45,0.058824,required,1.1.0,synthetic,true,SRC-SYNTH,2026-09-05T00:00:00+08:00,0.88,synthetic,not_applicable,,team_generated,false,dev
JOB-AI-ALG-0026-SKILL-001,JOB-AI-ALG-0026,SKILL-001,73,0.058824,required,1.1.0,synthetic,true,SRC-SYNTH,2026-09-05T00:00:00+08:00,0.88,synthetic,not_applicable,,team_generated,false,dev
JOB-AI-ALG-0026-SKILL-002,JOB-AI-ALG-0026,SKILL-002,73,0.058824,required,1.1.0,synthetic,true,SRC-SYNTH,2026-09-05T00:00:00+08:00,0.88,synthetic,not_applicable,,team_generated,false,dev
JOB-AI-ALG-0026-SKILL-010,JOB-AI-ALG-0026,SKILL-010,72,0.058824,preferred,1.1.0,synthetic,true,SRC-SYNTH,2026-09-05T00:00:00+08:00,0.88,synthetic,not_applicable,,team_generated,false,dev
JOB-AI-ALG-0026-SKILL-011,JOB-AI-ALG-0026,SKILL-011,72,0.058824,preferred,1.1.0,synthetic,true,SRC-SYNTH,2026-09-05T00:00:00+08:00,0.88,synthetic,not_applicable,,team_generated,false,dev
JOB-AI-ALG-0026-SKILL-017,JOB-AI-ALG-0026,SKILL-017,66,0.058824,preferred,1.1.0,synthetic,true,SRC-SYNTH,2026-09-05T00:00:00+08:00,0.88,synthetic,not_applicable,,team_generated,false,dev
JOB-AI-ALG-0026-SKILL-018,JOB-AI-ALG-0026,SKILL-018,66,0.058824,preferred,1.1.0,synthetic,true,SRC-SYNTH,2026-09-05T00:00:00+08:00,0.88,synthetic,not_applicable,,team_generated,false,dev
JOB-AI-ALG-0026-SKILL-019,JOB-AI-ALG-0026,SKILL-019,66,0.058816,preferred,1.1.0,synthetic,true,SRC-SYNTH,2026-09-05T00:00:00+08:00,0.88,synthetic,not_applicable,,team_generated,false,dev
JOB-AI-ALG-0027-SKILL-022,JOB-AI-ALG-0027,SKILL-022,61,0.055556,required,1.1.0,synthetic,true,SRC-SYNTH,2026-09-05T00:00:00+08:00,0.88,synthetic,not_applicable,,team_generated,false,dev
JOB-AI-ALG-0027-SKILL-023,JOB-AI-ALG-0027,SKILL-023,57,0.055556,required,1.1.0,synthetic,true,SRC-SYNTH,2026-09-05T00:00:00+08:00,0.88,synthetic,not_applicable,,team_generated,false,dev
JOB-AI-ALG-0027-SKILL-024,JOB-AI-ALG-0027,SKILL-024,57,0.055556,required,1.1.0,synthetic,true,SRC-SYNTH,2026-09-05T00:00:00+08:00,0.88,synthetic,not_applicable,,team_generated,false,dev
JOB-AI-ALG-0027-SKILL-025,JOB-AI-ALG-0027,SKILL-025,51,0.055556,required,1.1.0,synthetic,true,SRC-SYNTH,2026-09-05T00:00:00+08:00,0.88,synthetic,not_applicable,,team_generated,false,dev
JOB-AI-ALG-0027-SKILL-033,JOB-AI-ALG-0027,SKILL-033,51,0.055556,required,1.1.0,synthetic,true,SRC-SYNTH,2026-09-05T00:00:00+08:00,0.88,synthetic,not_applicable,,team_generated,false,dev
JOB-AI-ALG-0027-SKILL-036,JOB-AI-ALG-0027,SKILL-036,50,0.055556,required,1.1.0,synthetic,true,SRC-SYNTH,2026-09-05T00:00:00+08:00,0.88,synthetic,not_applicable,,team_generated,false,dev
JOB-AI-ALG-0027-SKILL-048,JOB-AI-ALG-0027,SKILL-048,50,0.055556,required,1.1.0,synthetic,true,SRC-SYNTH,2026-09-05T00:00:00+08:00,0.88,synthetic,not_applicable,,team_generated,false,dev
JOB-AI-ALG-0027-SKILL-058,JOB-AI-ALG-0027,SKILL-058,50,0.055556,required,1.1.0,synthetic,true,SRC-SYNTH,2026-09-05T00:00:00+08:00,0.88,synthetic,not_applicable,,team_generated,false,dev
JOB-AI-ALG-0027-SKILL-054,JOB-AI-ALG-0027,SKILL-054,45,0.055556,required,1.1.0,synthetic,true,SRC-SYNTH,2026-09-05T00:00:00+08:00,0.88,synthetic,not_applicable,,team_generated,false,dev
JOB-AI-ALG-0027-SKILL-001,JOB-AI-ALG-0027,SKILL-001,73,0.055556,required,1.1.0,synthetic,true,SRC-SYNTH,2026-09-05T00:00:00+08:00,0.88,synthetic,not_applicable,,team_generated,false,dev
JOB-AI-ALG-0027-SKILL-002,JOB-AI-ALG-0027,SKILL-002,73,0.055556,required,1.1.0,synthetic,true,SRC-SYNTH,2026-09-05T00:00:00+08:00,0.88,synthetic,not_applicable,,team_generated,false,dev
JOB-AI-ALG-0027-SKILL-010,JOB-AI-ALG-0027,SKILL-010,72,0.055556,required,1.1.0,synthetic,true,SRC-SYNTH,2026-09-05T00:00:00+08:00,0.88,synthetic,not_applicable,,team_generated,false,dev
JOB-AI-ALG-0027-SKILL-011,JOB-AI-ALG-0027,SKILL-011,72,0.055556,preferred,1.1.0,synthetic,true,SRC-SYNTH,2026-09-05T00:00:00+08:00,0.88,synthetic,not_applicable,,team_generated,false,dev
JOB-AI-ALG-0027-SKILL-017,JOB-AI-ALG-0027,SKILL-017,66,0.055556,preferred,1.1.0,synthetic,true,SRC-SYNTH,2026-09-05T00:00:00+08:00,0.88,synthetic,not_applicable,,team_generated,false,dev
JOB-AI-ALG-0027-SKILL-018,JOB-AI-ALG-0027,SKILL-018,66,0.055556,preferred,1.1.0,synthetic,true,SRC-SYNTH,2026-09-05T00:00:00+08:00,0.88,synthetic,not_applicable,,team_generated,false,dev
JOB-AI-ALG-0027-SKILL-019,JOB-AI-ALG-0027,SKILL-019,66,0.055556,preferred,1.1.0,synthetic,true,SRC-SYNTH,2026-09-05T00:00:00+08:00,0.88,synthetic,not_applicable,,team_generated,false,dev
JOB-AI-ALG-0027-SKILL-020,JOB-AI-ALG-0027,SKILL-020,65,0.055556,preferred,1.1.0,synthetic,true,SRC-SYNTH,2026-09-05T00:00:00+08:00,0.88,synthetic,not_applicable,,team_generated,false,dev
JOB-AI-ALG-0027-SKILL-021,JOB-AI-ALG-0027,SKILL-021,65,0.055548,preferred,1.1.0,synthetic,true,SRC-SYNTH,2026-09-05T00:00:00+08:00,0.88,synthetic,not_applicable,,team_generated,false,dev
JOB-AI-ALG-0028-SKILL-023,JOB-AI-ALG-0028,SKILL-023,57,0.083333,required,1.1.0,synthetic,true,SRC-SYNTH,2026-09-05T00:00:00+08:00,0.88,synthetic,not_applicable,,team_generated,false,dev
JOB-AI-ALG-0028-SKILL-024,JOB-AI-ALG-0028,SKILL-024,57,0.083333,required,1.1.0,synthetic,true,SRC-SYNTH,2026-09-05T00:00:00+08:00,0.88,synthetic,not_applicable,,team_generated,false,dev
JOB-AI-ALG-0028-SKILL-025,JOB-AI-ALG-0028,SKILL-025,51,0.083333,required,1.1.0,synthetic,true,SRC-SYNTH,2026-09-05T00:00:00+08:00,0.88,synthetic,not_applicable,,team_generated,false,dev
JOB-AI-ALG-0028-SKILL-033,JOB-AI-ALG-0028,SKILL-033,51,0.083333,required,1.1.0,synthetic,true,SRC-SYNTH,2026-09-05T00:00:00+08:00,0.88,synthetic,not_applicable,,team_generated,false,dev
JOB-AI-ALG-0028-SKILL-036,JOB-AI-ALG-0028,SKILL-036,50,0.083333,required,1.1.0,synthetic,true,SRC-SYNTH,2026-09-05T00:00:00+08:00,0.88,synthetic,not_applicable,,team_generated,false,dev
JOB-AI-ALG-0028-SKILL-048,JOB-AI-ALG-0028,SKILL-048,50,0.083333,required,1.1.0,synthetic,true,SRC-SYNTH,2026-09-05T00:00:00+08:00,0.88,synthetic,not_applicable,,team_generated,false,dev
JOB-AI-ALG-0028-SKILL-058,JOB-AI-ALG-0028,SKILL-058,50,0.083333,required,1.1.0,synthetic,true,SRC-SYNTH,2026-09-05T00:00:00+08:00,0.88,synthetic,not_applicable,,team_generated,false,dev
JOB-AI-ALG-0028-SKILL-054,JOB-AI-ALG-0028,SKILL-054,45,0.083333,required,1.1.0,synthetic,true,SRC-SYNTH,2026-09-05T00:00:00+08:00,0.88,synthetic,not_applicable,,team_generated,false,dev
JOB-AI-ALG-0028-SKILL-001,JOB-AI-ALG-0028,SKILL-001,73,0.083333,preferred,1.1.0,synthetic,true,SRC-SYNTH,2026-09-05T00:00:00+08:00,0.88,synthetic,not_applicable,,team_generated,false,dev
JOB-AI-ALG-0028-SKILL-002,JOB-AI-ALG-0028,SKILL-002,73,0.083333,preferred,1.1.0,synthetic,true,SRC-SYNTH,2026-09-05T00:00:00+08:00,0.88,synthetic,not_applicable,,team_generated,false,dev
JOB-AI-ALG-0028-SKILL-010,JOB-AI-ALG-0028,SKILL-010,72,0.083333,preferred,1.1.0,synthetic,true,SRC-SYNTH,2026-09-05T00:00:00+08:00,0.88,synthetic,not_applicable,,team_generated,false,dev
JOB-AI-ALG-0028-SKILL-011,JOB-AI-ALG-0028,SKILL-011,72,0.083337,preferred,1.1.0,synthetic,true,SRC-SYNTH,2026-09-05T00:00:00+08:00,0.88,synthetic,not_applicable,,team_generated,false,dev
JOB-AI-ALG-0029-SKILL-024,JOB-AI-ALG-0029,SKILL-024,57,0.076923,required,1.1.0,synthetic,true,SRC-SYNTH,2026-09-05T00:00:00+08:00,0.88,synthetic,not_applicable,,team_generated,false,dev
JOB-AI-ALG-0029-SKILL-025,JOB-AI-ALG-0029,SKILL-025,51,0.076923,required,1.1.0,synthetic,true,SRC-SYNTH,2026-09-05T00:00:00+08:00,0.88,synthetic,not_applicable,,team_generated,false,dev
JOB-AI-ALG-0029-SKILL-033,JOB-AI-ALG-0029,SKILL-033,51,0.076923,required,1.1.0,synthetic,true,SRC-SYNTH,2026-09-05T00:00:00+08:00,0.88,synthetic,not_applicable,,team_generated,false,dev
JOB-AI-ALG-0029-SKILL-036,JOB-AI-ALG-0029,SKILL-036,50,0.076923,required,1.1.0,synthetic,true,SRC-SYNTH,2026-09-05T00:00:00+08:00,0.88,synthetic,not_applicable,,team_generated,false,dev
JOB-AI-ALG-0029-SKILL-048,JOB-AI-ALG-0029,SKILL-048,50,0.076923,required,1.1.0,synthetic,true,SRC-SYNTH,2026-09-05T00:00:00+08:00,0.88,synthetic,not_applicable,,team_generated,false,dev
JOB-AI-ALG-0029-SKILL-058,JOB-AI-ALG-0029,SKILL-058,50,0.076923,required,1.1.0,synthetic,true,SRC-SYNTH,2026-09-05T00:00:00+08:00,0.88,synthetic,not_applicable,,team_generated,false,dev
JOB-AI-ALG-0029-SKILL-054,JOB-AI-ALG-0029,SKILL-054,45,0.076923,required,1.1.0,synthetic,true,SRC-SYNTH,2026-09-05T00:00:00+08:00,0.88,synthetic,not_applicable,,team_generated,false,dev
JOB-AI-ALG-0029-SKILL-001,JOB-AI-ALG-0029,SKILL-001,73,0.076923,required,1.1.0,synthetic,true,SRC-SYNTH,2026-09-05T00:00:00+08:00,0.88,synthetic,not_applicable,,team_generated,false,dev
JOB-AI-ALG-0029-SKILL-002,JOB-AI-ALG-0029,SKILL-002,73,0.076923,required,1.1.0,synthetic,true,SRC-SYNTH,2026-09-05T00:00:00+08:00,0.88,synthetic,not_applicable,,team_generated,false,dev
JOB-AI-ALG-0029-SKILL-010,JOB-AI-ALG-0029,SKILL-010,72,0.076923,preferred,1.1.0,synthetic,true,SRC-SYNTH,2026-09-05T00:00:00+08:00,0.88,synthetic,not_applicable,,team_generated,false,dev
JOB-AI-ALG-0029-SKILL-011,JOB-AI-ALG-0029,SKILL-011,72,0.076923,preferred,1.1.0,synthetic,true,SRC-SYNTH,2026-09-05T00:00:00+08:00,0.88,synthetic,not_applicable,,team_generated,false,dev
JOB-AI-ALG-0029-SKILL-017,JOB-AI-ALG-0029,SKILL-017,66,0.076923,preferred,1.1.0,synthetic,true,SRC-SYNTH,2026-09-05T00:00:00+08:00,0.88,synthetic,not_applicable,,team_generated,false,dev
JOB-AI-ALG-0029-SKILL-018,JOB-AI-ALG-0029,SKILL-018,66,0.076924,preferred,1.1.0,synthetic,true,SRC-SYNTH,2026-09-05T00:00:00+08:00,0.88,synthetic,not_applicable,,team_generated,false,dev
JOB-AI-ALG-0030-SKILL-025,JOB-AI-ALG-0030,SKILL-025,51,0.071429,required,1.1.0,synthetic,true,SRC-SYNTH,2026-09-05T00:00:00+08:00,0.88,synthetic,not_applicable,,team_generated,false,dev
JOB-AI-ALG-0030-SKILL-033,JOB-AI-ALG-0030,SKILL-033,51,0.071429,required,1.1.0,synthetic,true,SRC-SYNTH,2026-09-05T00:00:00+08:00,0.88,synthetic,not_applicable,,team_generated,false,dev
JOB-AI-ALG-0030-SKILL-036,JOB-AI-ALG-0030,SKILL-036,50,0.071429,required,1.1.0,synthetic,true,SRC-SYNTH,2026-09-05T00:00:00+08:00,0.88,synthetic,not_applicable,,team_generated,false,dev
JOB-AI-ALG-0030-SKILL-048,JOB-AI-ALG-0030,SKILL-048,50,0.071429,required,1.1.0,synthetic,true,SRC-SYNTH,2026-09-05T00:00:00+08:00,0.88,synthetic,not_applicable,,team_generated,false,dev
JOB-AI-ALG-0030-SKILL-058,JOB-AI-ALG-0030,SKILL-058,50,0.071429,required,1.1.0,synthetic,true,SRC-SYNTH,2026-09-05T00:00:00+08:00,0.88,synthetic,not_applicable,,team_generated,false,dev
JOB-AI-ALG-0030-SKILL-054,JOB-AI-ALG-0030,SKILL-054,45,0.071429,required,1.1.0,synthetic,true,SRC-SYNTH,2026-09-05T00:00:00+08:00,0.88,synthetic,not_applicable,,team_generated,false,dev
JOB-AI-ALG-0030-SKILL-001,JOB-AI-ALG-0030,SKILL-001,73,0.071429,required,1.1.0,synthetic,true,SRC-SYNTH,2026-09-05T00:00:00+08:00,0.88,synthetic,not_applicable,,team_generated,false,dev
JOB-AI-ALG-0030-SKILL-002,JOB-AI-ALG-0030,SKILL-002,73,0.071429,required,1.1.0,synthetic,true,SRC-SYNTH,2026-09-05T00:00:00+08:00,0.88,synthetic,not_applicable,,team_generated,false,dev
JOB-AI-ALG-0030-SKILL-010,JOB-AI-ALG-0030,SKILL-010,72,0.071429,required,1.1.0,synthetic,true,SRC-SYNTH,2026-09-05T00:00:00+08:00,0.88,synthetic,not_applicable,,team_generated,false,dev
JOB-AI-ALG-0030-SKILL-011,JOB-AI-ALG-0030,SKILL-011,72,0.071429,required,1.1.0,synthetic,true,SRC-SYNTH,2026-09-05T00:00:00+08:00,0.88,synthetic,not_applicable,,team_generated,false,dev
JOB-AI-ALG-0030-SKILL-017,JOB-AI-ALG-0030,SKILL-017,66,0.071429,preferred,1.1.0,synthetic,true,SRC-SYNTH,2026-09-05T00:00:00+08:00,0.88,synthetic,not_applicable,,team_generated,false,dev
JOB-AI-ALG-0030-SKILL-018,JOB-AI-ALG-0030,SKILL-018,66,0.071429,preferred,1.1.0,synthetic,true,SRC-SYNTH,2026-09-05T00:00:00+08:00,0.88,synthetic,not_applicable,,team_generated,false,dev
JOB-AI-ALG-0030-SKILL-019,JOB-AI-ALG-0030,SKILL-019,66,0.071429,preferred,1.1.0,synthetic,true,SRC-SYNTH,2026-09-05T00:00:00+08:00,0.88,synthetic,not_applicable,,team_generated,false,dev
JOB-AI-ALG-0030-SKILL-020,JOB-AI-ALG-0030,SKILL-020,65,0.071423,preferred,1.1.0,synthetic,true,SRC-SYNTH,2026-09-05T00:00:00+08:00,0.88,synthetic,not_applicable,,team_generated,false,dev
JOB-AI-ALG-0031-SKILL-033,JOB-AI-ALG-0031,SKILL-033,51,0.066667,required,1.1.0,synthetic,true,SRC-SYNTH,2026-09-05T00:00:00+08:00,0.88,synthetic,not_applicable,,team_generated,false,dev
JOB-AI-ALG-0031-SKILL-036,JOB-AI-ALG-0031,SKILL-036,50,0.066667,required,1.1.0,synthetic,true,SRC-SYNTH,2026-09-05T00:00:00+08:00,0.88,synthetic,not_applicable,,team_generated,false,dev
JOB-AI-ALG-0031-SKILL-048,JOB-AI-ALG-0031,SKILL-048,50,0.066667,required,1.1.0,synthetic,true,SRC-SYNTH,2026-09-05T00:00:00+08:00,0.88,synthetic,not_applicable,,team_generated,false,dev
JOB-AI-ALG-0031-SKILL-058,JOB-AI-ALG-0031,SKILL-058,50,0.066667,required,1.1.0,synthetic,true,SRC-SYNTH,2026-09-05T00:00:00+08:00,0.88,synthetic,not_applicable,,team_generated,false,dev
JOB-AI-ALG-0031-SKILL-054,JOB-AI-ALG-0031,SKILL-054,45,0.066667,required,1.1.0,synthetic,true,SRC-SYNTH,2026-09-05T00:00:00+08:00,0.88,synthetic,not_applicable,,team_generated,false,dev
JOB-AI-ALG-0031-SKILL-001,JOB-AI-ALG-0031,SKILL-001,73,0.066667,required,1.1.0,synthetic,true,SRC-SYNTH,2026-09-05T00:00:00+08:00,0.88,synthetic,not_applicable,,team_generated,false,dev
JOB-AI-ALG-0031-SKILL-002,JOB-AI-ALG-0031,SKILL-002,73,0.066667,required,1.1.0,synthetic,true,SRC-SYNTH,2026-09-05T00:00:00+08:00,0.88,synthetic,not_applicable,,team_generated,false,dev
JOB-AI-ALG-0031-SKILL-010,JOB-AI-ALG-0031,SKILL-010,72,0.066667,required,1.1.0,synthetic,true,SRC-SYNTH,2026-09-05T00:00:00+08:00,0.88,synthetic,not_applicable,,team_generated,false,dev
JOB-AI-ALG-0031-SKILL-011,JOB-AI-ALG-0031,SKILL-011,72,0.066667,required,1.1.0,synthetic,true,SRC-SYNTH,2026-09-05T00:00:00+08:00,0.88,synthetic,not_applicable,,team_generated,false,dev
JOB-AI-ALG-0031-SKILL-017,JOB-AI-ALG-0031,SKILL-017,66,0.066667,required,1.1.0,synthetic,true,SRC-SYNTH,2026-09-05T00:00:00+08:00,0.88,synthetic,not_applicable,,team_generated,false,dev
JOB-AI-ALG-0031-SKILL-018,JOB-AI-ALG-0031,SKILL-018,66,0.066667,preferred,1.1.0,synthetic,true,SRC-SYNTH,2026-09-05T00:00:00+08:00,0.88,synthetic,not_applicable,,team_generated,false,dev
JOB-AI-ALG-0031-SKILL-019,JOB-AI-ALG-0031,SKILL-019,66,0.066667,preferred,1.1.0,synthetic,true,SRC-SYNTH,2026-09-05T00:00:00+08:00,0.88,synthetic,not_applicable,,team_generated,false,dev
JOB-AI-ALG-0031-SKILL-020,JOB-AI-ALG-0031,SKILL-020,65,0.066667,preferred,1.1.0,synthetic,true,SRC-SYNTH,2026-09-05T00:00:00+08:00,0.88,synthetic,not_applicable,,team_generated,false,dev
JOB-AI-ALG-0031-SKILL-021,JOB-AI-ALG-0031,SKILL-021,65,0.066667,preferred,1.1.0,synthetic,true,SRC-SYNTH,2026-09-05T00:00:00+08:00,0.88,synthetic,not_applicable,,team_generated,false,dev
JOB-AI-ALG-0031-SKILL-022,JOB-AI-ALG-0031,SKILL-022,59,0.066662,preferred,1.1.0,synthetic,true,SRC-SYNTH,2026-09-05T00:00:00+08:00,0.88,synthetic,not_applicable,,team_generated,false,dev
JOB-AI-ALG-0032-SKILL-036,JOB-AI-ALG-0032,SKILL-036,50,0.0625,required,1.1.0,synthetic,true,SRC-SYNTH,2026-09-05T00:00:00+08:00,0.88,synthetic,not_applicable,,team_generated,false,dev
JOB-AI-ALG-0032-SKILL-048,JOB-AI-ALG-0032,SKILL-048,50,0.0625,required,1.1.0,synthetic,true,SRC-SYNTH,2026-09-05T00:00:00+08:00,0.88,synthetic,not_applicable,,team_generated,false,dev
JOB-AI-ALG-0032-SKILL-058,JOB-AI-ALG-0032,SKILL-058,50,0.0625,required,1.1.0,synthetic,true,SRC-SYNTH,2026-09-05T00:00:00+08:00,0.88,synthetic,not_applicable,,team_generated,false,dev
JOB-AI-ALG-0032-SKILL-054,JOB-AI-ALG-0032,SKILL-054,45,0.0625,required,1.1.0,synthetic,true,SRC-SYNTH,2026-09-05T00:00:00+08:00,0.88,synthetic,not_applicable,,team_generated,false,dev
JOB-AI-ALG-0032-SKILL-001,JOB-AI-ALG-0032,SKILL-001,73,0.0625,required,1.1.0,synthetic,true,SRC-SYNTH,2026-09-05T00:00:00+08:00,0.88,synthetic,not_applicable,,team_generated,false,dev
JOB-AI-ALG-0032-SKILL-002,JOB-AI-ALG-0032,SKILL-002,73,0.0625,required,1.1.0,synthetic,true,SRC-SYNTH,2026-09-05T00:00:00+08:00,0.88,synthetic,not_applicable,,team_generated,false,dev
JOB-AI-ALG-0032-SKILL-010,JOB-AI-ALG-0032,SKILL-010,72,0.0625,required,1.1.0,synthetic,true,SRC-SYNTH,2026-09-05T00:00:00+08:00,0.88,synthetic,not_applicable,,team_generated,false,dev
JOB-AI-ALG-0032-SKILL-011,JOB-AI-ALG-0032,SKILL-011,72,0.0625,required,1.1.0,synthetic,true,SRC-SYNTH,2026-09-05T00:00:00+08:00,0.88,synthetic,not_applicable,,team_generated,false,dev
JOB-AI-ALG-0032-SKILL-017,JOB-AI-ALG-0032,SKILL-017,66,0.0625,required,1.1.0,synthetic,true,SRC-SYNTH,2026-09-05T00:00:00+08:00,0.88,synthetic,not_applicable,,team_generated,false,dev
JOB-AI-ALG-0032-SKILL-018,JOB-AI-ALG-0032,SKILL-018,66,0.0625,required,1.1.0,synthetic,true,SRC-SYNTH,2026-09-05T00:00:00+08:00,0.88,synthetic,not_applicable,,team_generated,false,dev
JOB-AI-ALG-0032-SKILL-019,JOB-AI-ALG-0032,SKILL-019,66,0.0625,required,1.1.0,synthetic,true,SRC-SYNTH,2026-09-05T00:00:00+08:00,0.88,synthetic,not_applicable,,team_generated,false,dev
JOB-AI-ALG-0032-SKILL-020,JOB-AI-ALG-0032,SKILL-020,65,0.0625,preferred,1.1.0,synthetic,true,SRC-SYNTH,2026-09-05T00:00:00+08:00,0.88,synthetic,not_applicable,,team_generated,false,dev
JOB-AI-ALG-0032-SKILL-021,JOB-AI-ALG-0032,SKILL-021,65,0.0625,preferred,1.1.0,synthetic,true,SRC-SYNTH,2026-09-05T00:00:00+08:00,0.88,synthetic,not_applicable,,team_generated,false,dev
JOB-AI-ALG-0032-SKILL-022,JOB-AI-ALG-0032,SKILL-022,59,0.0625,preferred,1.1.0,synthetic,true,SRC-SYNTH,2026-09-05T00:00:00+08:00,0.88,synthetic,not_applicable,,team_generated,false,dev
JOB-AI-ALG-0032-SKILL-023,JOB-AI-ALG-0032,SKILL-023,55,0.0625,preferred,1.1.0,synthetic,true,SRC-SYNTH,2026-09-05T00:00:00+08:00,0.88,synthetic,not_applicable,,team_generated,false,dev
JOB-AI-ALG-0032-SKILL-024,JOB-AI-ALG-0032,SKILL-024,55,0.0625,preferred,1.1.0,synthetic,true,SRC-SYNTH,2026-09-05T00:00:00+08:00,0.88,synthetic,not_applicable,,team_generated,false,dev
JOB-AI-ALG-0033-SKILL-048,JOB-AI-ALG-0033,SKILL-048,50,0.058824,required,1.1.0,synthetic,true,SRC-SYNTH,2026-09-05T00:00:00+08:00,0.88,synthetic,not_applicable,,team_generated,false,dev
JOB-AI-ALG-0033-SKILL-058,JOB-AI-ALG-0033,SKILL-058,50,0.058824,required,1.1.0,synthetic,true,SRC-SYNTH,2026-09-05T00:00:00+08:00,0.88,synthetic,not_applicable,,team_generated,false,dev
JOB-AI-ALG-0033-SKILL-054,JOB-AI-ALG-0033,SKILL-054,45,0.058824,required,1.1.0,synthetic,true,SRC-SYNTH,2026-09-05T00:00:00+08:00,0.88,synthetic,not_applicable,,team_generated,false,dev
JOB-AI-ALG-0033-SKILL-001,JOB-AI-ALG-0033,SKILL-001,73,0.058824,required,1.1.0,synthetic,true,SRC-SYNTH,2026-09-05T00:00:00+08:00,0.88,synthetic,not_applicable,,team_generated,false,dev
JOB-AI-ALG-0033-SKILL-002,JOB-AI-ALG-0033,SKILL-002,73,0.058824,required,1.1.0,synthetic,true,SRC-SYNTH,2026-09-05T00:00:00+08:00,0.88,synthetic,not_applicable,,team_generated,false,dev
JOB-AI-ALG-0033-SKILL-010,JOB-AI-ALG-0033,SKILL-010,72,0.058824,required,1.1.0,synthetic,true,SRC-SYNTH,2026-09-05T00:00:00+08:00,0.88,synthetic,not_applicable,,team_generated,false,dev
JOB-AI-ALG-0033-SKILL-011,JOB-AI-ALG-0033,SKILL-011,72,0.058824,required,1.1.0,synthetic,true,SRC-SYNTH,2026-09-05T00:00:00+08:00,0.88,synthetic,not_applicable,,team_generated,false,dev
JOB-AI-ALG-0033-SKILL-017,JOB-AI-ALG-0033,SKILL-017,66,0.058824,required,1.1.0,synthetic,true,SRC-SYNTH,2026-09-05T00:00:00+08:00,0.88,synthetic,not_applicable,,team_generated,false,dev
JOB-AI-ALG-0033-SKILL-018,JOB-AI-ALG-0033,SKILL-018,66,0.058824,required,1.1.0,synthetic,true,SRC-SYNTH,2026-09-05T00:00:00+08:00,0.88,synthetic,not_applicable,,team_generated,false,dev
JOB-AI-ALG-0033-SKILL-019,JOB-AI-ALG-0033,SKILL-019,66,0.058824,required,1.1.0,synthetic,true,SRC-SYNTH,2026-09-05T00:00:00+08:00,0.88,synthetic,not_applicable,,team_generated,false,dev
JOB-AI-ALG-0033-SKILL-020,JOB-AI-ALG-0033,SKILL-020,65,0.058824,required,1.1.0,synthetic,true,SRC-SYNTH,2026-09-05T00:00:00+08:00,0.88,synthetic,not_applicable,,team_generated,false,dev
JOB-AI-ALG-0033-SKILL-021,JOB-AI-ALG-0033,SKILL-021,65,0.058824,required,1.1.0,synthetic,true,SRC-SYNTH,2026-09-05T00:00:00+08:00,0.88,synthetic,not_applicable,,team_generated,false,dev
JOB-AI-ALG-0033-SKILL-022,JOB-AI-ALG-0033,SKILL-022,59,0.058824,preferred,1.1.0,synthetic,true,SRC-SYNTH,2026-09-05T00:00:00+08:00,0.88,synthetic,not_applicable,,team_generated,false,dev
JOB-AI-ALG-0033-SKILL-023,JOB-AI-ALG-0033,SKILL-023,55,0.058824,preferred,1.1.0,synthetic,true,SRC-SYNTH,2026-09-05T00:00:00+08:00,0.88,synthetic,not_applicable,,team_generated,false,dev
JOB-AI-ALG-0033-SKILL-024,JOB-AI-ALG-0033,SKILL-024,55,0.058824,preferred,1.1.0,synthetic,true,SRC-SYNTH,2026-09-05T00:00:00+08:00,0.88,synthetic,not_applicable,,team_generated,false,dev
JOB-AI-ALG-0033-SKILL-025,JOB-AI-ALG-0033,SKILL-025,54,0.058824,preferred,1.1.0,synthetic,true,SRC-SYNTH,2026-09-05T00:00:00+08:00,0.88,synthetic,not_applicable,,team_generated,false,dev
JOB-AI-ALG-0033-SKILL-033,JOB-AI-ALG-0033,SKILL-033,54,0.058816,preferred,1.1.0,synthetic,true,SRC-SYNTH,2026-09-05T00:00:00+08:00,0.88,synthetic,not_applicable,,team_generated,false,dev
JOB-AI-ALG-0034-SKILL-058,JOB-AI-ALG-0034,SKILL-058,50,0.055556,required,1.1.0,synthetic,true,SRC-SYNTH,2026-09-05T00:00:00+08:00,0.88,synthetic,not_applicable,,team_generated,false,dev
JOB-AI-ALG-0034-SKILL-054,JOB-AI-ALG-0034,SKILL-054,45,0.055556,required,1.1.0,synthetic,true,SRC-SYNTH,2026-09-05T00:00:00+08:00,0.88,synthetic,not_applicable,,team_generated,false,dev
JOB-AI-ALG-0034-SKILL-001,JOB-AI-ALG-0034,SKILL-001,73,0.055556,required,1.1.0,synthetic,true,SRC-SYNTH,2026-09-05T00:00:00+08:00,0.88,synthetic,not_applicable,,team_generated,false,dev
JOB-AI-ALG-0034-SKILL-002,JOB-AI-ALG-0034,SKILL-002,73,0.055556,required,1.1.0,synthetic,true,SRC-SYNTH,2026-09-05T00:00:00+08:00,0.88,synthetic,not_applicable,,team_generated,false,dev
JOB-AI-ALG-0034-SKILL-010,JOB-AI-ALG-0034,SKILL-010,72,0.055556,required,1.1.0,synthetic,true,SRC-SYNTH,2026-09-05T00:00:00+08:00,0.88,synthetic,not_applicable,,team_generated,false,dev
JOB-AI-ALG-0034-SKILL-011,JOB-AI-ALG-0034,SKILL-011,72,0.055556,required,1.1.0,synthetic,true,SRC-SYNTH,2026-09-05T00:00:00+08:00,0.88,synthetic,not_applicable,,team_generated,false,dev
JOB-AI-ALG-0034-SKILL-017,JOB-AI-ALG-0034,SKILL-017,66,0.055556,required,1.1.0,synthetic,true,SRC-SYNTH,2026-09-05T00:00:00+08:00,0.88,synthetic,not_applicable,,team_generated,false,dev
JOB-AI-ALG-0034-SKILL-018,JOB-AI-ALG-0034,SKILL-018,66,0.055556,required,1.1.0,synthetic,true,SRC-SYNTH,2026-09-05T00:00:00+08:00,0.88,synthetic,not_applicable,,team_generated,false,dev
JOB-AI-ALG-0034-SKILL-019,JOB-AI-ALG-0034,SKILL-019,66,0.055556,required,1.1.0,synthetic,true,SRC-SYNTH,2026-09-05T00:00:00+08:00,0.88,synthetic,not_applicable,,team_generated,false,dev
JOB-AI-ALG-0034-SKILL-020,JOB-AI-ALG-0034,SKILL-020,65,0.055556,required,1.1.0,synthetic,true,SRC-SYNTH,2026-09-05T00:00:00+08:00,0.88,synthetic,not_applicable,,team_generated,false,dev
JOB-AI-ALG-0034-SKILL-021,JOB-AI-ALG-0034,SKILL-021,65,0.055556,required,1.1.0,synthetic,true,SRC-SYNTH,2026-09-05T00:00:00+08:00,0.88,synthetic,not_applicable,,team_generated,false,dev
JOB-AI-ALG-0034-SKILL-022,JOB-AI-ALG-0034,SKILL-022,59,0.055556,required,1.1.0,synthetic,true,SRC-SYNTH,2026-09-05T00:00:00+08:00,0.88,synthetic,not_applicable,,team_generated,false,dev
JOB-AI-ALG-0034-SKILL-023,JOB-AI-ALG-0034,SKILL-023,55,0.055556,preferred,1.1.0,synthetic,true,SRC-SYNTH,2026-09-05T00:00:00+08:00,0.88,synthetic,not_applicable,,team_generated,false,dev
JOB-AI-ALG-0034-SKILL-024,JOB-AI-ALG-0034,SKILL-024,55,0.055556,preferred,1.1.0,synthetic,true,SRC-SYNTH,2026-09-05T00:00:00+08:00,0.88,synthetic,not_applicable,,team_generated,false,dev
JOB-AI-ALG-0034-SKILL-025,JOB-AI-ALG-0034,SKILL-025,54,0.055556,preferred,1.1.0,synthetic,true,SRC-SYNTH,2026-09-05T00:00:00+08:00,0.88,synthetic,not_applicable,,team_generated,false,dev
JOB-AI-ALG-0034-SKILL-033,JOB-AI-ALG-0034,SKILL-033,54,0.055556,preferred,1.1.0,synthetic,true,SRC-SYNTH,2026-09-05T00:00:00+08:00,0.88,synthetic,not_applicable,,team_generated,false,dev
JOB-AI-ALG-0034-SKILL-036,JOB-AI-ALG-0034,SKILL-036,48,0.055556,preferred,1.1.0,synthetic,true,SRC-SYNTH,2026-09-05T00:00:00+08:00,0.88,synthetic,not_applicable,,team_generated,false,dev
JOB-AI-ALG-0034-SKILL-048,JOB-AI-ALG-0034,SKILL-048,48,0.055548,preferred,1.1.0,synthetic,true,SRC-SYNTH,2026-09-05T00:00:00+08:00,0.88,synthetic,not_applicable,,team_generated,false,dev
JOB-AI-ALG-0035-SKILL-054,JOB-AI-ALG-0035,SKILL-054,45,0.083333,required,1.1.0,synthetic,true,SRC-SYNTH,2026-09-05T00:00:00+08:00,0.88,synthetic,not_applicable,,team_generated,false,dev
JOB-AI-ALG-0035-SKILL-001,JOB-AI-ALG-0035,SKILL-001,73,0.083333,required,1.1.0,synthetic,true,SRC-SYNTH,2026-09-05T00:00:00+08:00,0.88,synthetic,not_applicable,,team_generated,false,dev
JOB-AI-ALG-0035-SKILL-002,JOB-AI-ALG-0035,SKILL-002,73,0.083333,required,1.1.0,synthetic,true,SRC-SYNTH,2026-09-05T00:00:00+08:00,0.88,synthetic,not_applicable,,team_generated,false,dev
JOB-AI-ALG-0035-SKILL-010,JOB-AI-ALG-0035,SKILL-010,72,0.083333,required,1.1.0,synthetic,true,SRC-SYNTH,2026-09-05T00:00:00+08:00,0.88,synthetic,not_applicable,,team_generated,false,dev
JOB-AI-ALG-0035-SKILL-011,JOB-AI-ALG-0035,SKILL-011,72,0.083333,required,1.1.0,synthetic,true,SRC-SYNTH,2026-09-05T00:00:00+08:00,0.88,synthetic,not_applicable,,team_generated,false,dev
JOB-AI-ALG-0035-SKILL-017,JOB-AI-ALG-0035,SKILL-017,66,0.083333,required,1.1.0,synthetic,true,SRC-SYNTH,2026-09-05T00:00:00+08:00,0.88,synthetic,not_applicable,,team_generated,false,dev
JOB-AI-ALG-0035-SKILL-018,JOB-AI-ALG-0035,SKILL-018,66,0.083333,required,1.1.0,synthetic,true,SRC-SYNTH,2026-09-05T00:00:00+08:00,0.88,synthetic,not_applicable,,team_generated,false,dev
JOB-AI-ALG-0035-SKILL-019,JOB-AI-ALG-0035,SKILL-019,66,0.083333,required,1.1.0,synthetic,true,SRC-SYNTH,2026-09-05T00:00:00+08:00,0.88,synthetic,not_applicable,,team_generated,false,dev
JOB-AI-ALG-0035-SKILL-020,JOB-AI-ALG-0035,SKILL-020,65,0.083333,preferred,1.1.0,synthetic,true,SRC-SYNTH,2026-09-05T00:00:00+08:00,0.88,synthetic,not_applicable,,team_generated,false,dev
JOB-AI-ALG-0035-SKILL-021,JOB-AI-ALG-0035,SKILL-021,65,0.083333,preferred,1.1.0,synthetic,true,SRC-SYNTH,2026-09-05T00:00:00+08:00,0.88,synthetic,not_applicable,,team_generated,false,dev
JOB-AI-ALG-0035-SKILL-022,JOB-AI-ALG-0035,SKILL-022,59,0.083333,preferred,1.1.0,synthetic,true,SRC-SYNTH,2026-09-05T00:00:00+08:00,0.88,synthetic,not_applicable,,team_generated,false,dev
JOB-AI-ALG-0035-SKILL-023,JOB-AI-ALG-0035,SKILL-023,55,0.083337,preferred,1.1.0,synthetic,true,SRC-SYNTH,2026-09-05T00:00:00+08:00,0.88,synthetic,not_applicable,,team_generated,false,dev
JOB-AI-ALG-0036-SKILL-001,JOB-AI-ALG-0036,SKILL-001,73,0.076923,required,1.1.0,synthetic,true,SRC-SYNTH,2026-09-05T00:00:00+08:00,0.88,synthetic,not_applicable,,team_generated,false,dev
JOB-AI-ALG-0036-SKILL-002,JOB-AI-ALG-0036,SKILL-002,73,0.076923,required,1.1.0,synthetic,true,SRC-SYNTH,2026-09-05T00:00:00+08:00,0.88,synthetic,not_applicable,,team_generated,false,dev
JOB-AI-ALG-0036-SKILL-010,JOB-AI-ALG-0036,SKILL-010,72,0.076923,required,1.1.0,synthetic,true,SRC-SYNTH,2026-09-05T00:00:00+08:00,0.88,synthetic,not_applicable,,team_generated,false,dev
JOB-AI-ALG-0036-SKILL-011,JOB-AI-ALG-0036,SKILL-011,72,0.076923,required,1.1.0,synthetic,true,SRC-SYNTH,2026-09-05T00:00:00+08:00,0.88,synthetic,not_applicable,,team_generated,false,dev
JOB-AI-ALG-0036-SKILL-017,JOB-AI-ALG-0036,SKILL-017,66,0.076923,required,1.1.0,synthetic,true,SRC-SYNTH,2026-09-05T00:00:00+08:00,0.88,synthetic,not_applicable,,team_generated,false,dev
JOB-AI-ALG-0036-SKILL-018,JOB-AI-ALG-0036,SKILL-018,66,0.076923,required,1.1.0,synthetic,true,SRC-SYNTH,2026-09-05T00:00:00+08:00,0.88,synthetic,not_applicable,,team_generated,false,dev
JOB-AI-ALG-0036-SKILL-019,JOB-AI-ALG-0036,SKILL-019,66,0.076923,required,1.1.0,synthetic,true,SRC-SYNTH,2026-09-05T00:00:00+08:00,0.88,synthetic,not_applicable,,team_generated,false,dev
JOB-AI-ALG-0036-SKILL-020,JOB-AI-ALG-0036,SKILL-020,65,0.076923,required,1.1.0,synthetic,true,SRC-SYNTH,2026-09-05T00:00:00+08:00,0.88,synthetic,not_applicable,,team_generated,false,dev
JOB-AI-ALG-0036-SKILL-021,JOB-AI-ALG-0036,SKILL-021,65,0.076923,required,1.1.0,synthetic,true,SRC-SYNTH,2026-09-05T00:00:00+08:00,0.88,synthetic,not_applicable,,team_generated,false,dev
JOB-AI-ALG-0036-SKILL-022,JOB-AI-ALG-0036,SKILL-022,59,0.076923,preferred,1.1.0,synthetic,true,SRC-SYNTH,2026-09-05T00:00:00+08:00,0.88,synthetic,not_applicable,,team_generated,false,dev
JOB-AI-ALG-0036-SKILL-023,JOB-AI-ALG-0036,SKILL-023,55,0.076923,preferred,1.1.0,synthetic,true,SRC-SYNTH,2026-09-05T00:00:00+08:00,0.88,synthetic,not_applicable,,team_generated,false,dev
JOB-AI-ALG-0036-SKILL-024,JOB-AI-ALG-0036,SKILL-024,55,0.076923,preferred,1.1.0,synthetic,true,SRC-SYNTH,2026-09-05T00:00:00+08:00,0.88,synthetic,not_applicable,,team_generated,false,dev
JOB-AI-ALG-0036-SKILL-025,JOB-AI-ALG-0036,SKILL-025,54,0.076924,preferred,1.1.0,synthetic,true,SRC-SYNTH,2026-09-05T00:00:00+08:00,0.88,synthetic,not_applicable,,team_generated,false,dev
JOB-AI-ALG-0037-SKILL-002,JOB-AI-ALG-0037,SKILL-002,73,0.071429,required,1.1.0,synthetic,true,SRC-SYNTH,2026-09-05T00:00:00+08:00,0.88,synthetic,not_applicable,,team_generated,false,dev
JOB-AI-ALG-0037-SKILL-010,JOB-AI-ALG-0037,SKILL-010,72,0.071429,required,1.1.0,synthetic,true,SRC-SYNTH,2026-09-05T00:00:00+08:00,0.88,synthetic,not_applicable,,team_generated,false,dev
JOB-AI-ALG-0037-SKILL-011,JOB-AI-ALG-0037,SKILL-011,72,0.071429,required,1.1.0,synthetic,true,SRC-SYNTH,2026-09-05T00:00:00+08:00,0.88,synthetic,not_applicable,,team_generated,false,dev
JOB-AI-ALG-0037-SKILL-017,JOB-AI-ALG-0037,SKILL-017,66,0.071429,required,1.1.0,synthetic,true,SRC-SYNTH,2026-09-05T00:00:00+08:00,0.88,synthetic,not_applicable,,team_generated,false,dev
JOB-AI-ALG-0037-SKILL-018,JOB-AI-ALG-0037,SKILL-018,66,0.071429,required,1.1.0,synthetic,true,SRC-SYNTH,2026-09-05T00:00:00+08:00,0.88,synthetic,not_applicable,,team_generated,false,dev
JOB-AI-ALG-0037-SKILL-019,JOB-AI-ALG-0037,SKILL-019,66,0.071429,required,1.1.0,synthetic,true,SRC-SYNTH,2026-09-05T00:00:00+08:00,0.88,synthetic,not_applicable,,team_generated,false,dev
JOB-AI-ALG-0037-SKILL-020,JOB-AI-ALG-0037,SKILL-020,65,0.071429,required,1.1.0,synthetic,true,SRC-SYNTH,2026-09-05T00:00:00+08:00,0.88,synthetic,not_applicable,,team_generated,false,dev
JOB-AI-ALG-0037-SKILL-021,JOB-AI-ALG-0037,SKILL-021,65,0.071429,required,1.1.0,synthetic,true,SRC-SYNTH,2026-09-05T00:00:00+08:00,0.88,synthetic,not_applicable,,team_generated,false,dev
JOB-AI-ALG-0037-SKILL-022,JOB-AI-ALG-0037,SKILL-022,59,0.071429,required,1.1.0,synthetic,true,SRC-SYNTH,2026-09-05T00:00:00+08:00,0.88,synthetic,not_applicable,,team_generated,false,dev
JOB-AI-ALG-0037-SKILL-023,JOB-AI-ALG-0037,SKILL-023,55,0.071429,required,1.1.0,synthetic,true,SRC-SYNTH,2026-09-05T00:00:00+08:00,0.88,synthetic,not_applicable,,team_generated,false,dev
JOB-AI-ALG-0037-SKILL-024,JOB-AI-ALG-0037,SKILL-024,55,0.071429,preferred,1.1.0,synthetic,true,SRC-SYNTH,2026-09-05T00:00:00+08:00,0.88,synthetic,not_applicable,,team_generated,false,dev
JOB-AI-ALG-0037-SKILL-025,JOB-AI-ALG-0037,SKILL-025,54,0.071429,preferred,1.1.0,synthetic,true,SRC-SYNTH,2026-09-05T00:00:00+08:00,0.88,synthetic,not_applicable,,team_generated,false,dev
JOB-AI-ALG-0037-SKILL-033,JOB-AI-ALG-0037,SKILL-033,54,0.071429,preferred,1.1.0,synthetic,true,SRC-SYNTH,2026-09-05T00:00:00+08:00,0.88,synthetic,not_applicable,,team_generated,false,dev
JOB-AI-ALG-0037-SKILL-036,JOB-AI-ALG-0037,SKILL-036,48,0.071423,preferred,1.1.0,synthetic,true,SRC-SYNTH,2026-09-05T00:00:00+08:00,0.88,synthetic,not_applicable,,team_generated,false,dev
JOB-AI-ALG-0038-SKILL-010,JOB-AI-ALG-0038,SKILL-010,72,0.066667,required,1.1.0,synthetic,true,SRC-SYNTH,2026-09-05T00:00:00+08:00,0.88,synthetic,not_applicable,,team_generated,false,dev
JOB-AI-ALG-0038-SKILL-011,JOB-AI-ALG-0038,SKILL-011,72,0.066667,required,1.1.0,synthetic,true,SRC-SYNTH,2026-09-05T00:00:00+08:00,0.88,synthetic,not_applicable,,team_generated,false,dev
JOB-AI-ALG-0038-SKILL-017,JOB-AI-ALG-0038,SKILL-017,66,0.066667,required,1.1.0,synthetic,true,SRC-SYNTH,2026-09-05T00:00:00+08:00,0.88,synthetic,not_applicable,,team_generated,false,dev
JOB-AI-ALG-0038-SKILL-018,JOB-AI-ALG-0038,SKILL-018,66,0.066667,required,1.1.0,synthetic,true,SRC-SYNTH,2026-09-05T00:00:00+08:00,0.88,synthetic,not_applicable,,team_generated,false,dev
JOB-AI-ALG-0038-SKILL-019,JOB-AI-ALG-0038,SKILL-019,66,0.066667,required,1.1.0,synthetic,true,SRC-SYNTH,2026-09-05T00:00:00+08:00,0.88,synthetic,not_applicable,,team_generated,false,dev
JOB-AI-ALG-0038-SKILL-020,JOB-AI-ALG-0038,SKILL-020,65,0.066667,required,1.1.0,synthetic,true,SRC-SYNTH,2026-09-05T00:00:00+08:00,0.88,synthetic,not_applicable,,team_generated,false,dev
JOB-AI-ALG-0038-SKILL-021,JOB-AI-ALG-0038,SKILL-021,65,0.066667,required,1.1.0,synthetic,true,SRC-SYNTH,2026-09-05T00:00:00+08:00,0.88,synthetic,not_applicable,,team_generated,false,dev
JOB-AI-ALG-0038-SKILL-022,JOB-AI-ALG-0038,SKILL-022,59,0.066667,required,1.1.0,synthetic,true,SRC-SYNTH,2026-09-05T00:00:00+08:00,0.88,synthetic,not_applicable,,team_generated,false,dev
JOB-AI-ALG-0038-SKILL-023,JOB-AI-ALG-0038,SKILL-023,55,0.066667,required,1.1.0,synthetic,true,SRC-SYNTH,2026-09-05T00:00:00+08:00,0.88,synthetic,not_applicable,,team_generated,false,dev
JOB-AI-ALG-0038-SKILL-024,JOB-AI-ALG-0038,SKILL-024,55,0.066667,required,1.1.0,synthetic,true,SRC-SYNTH,2026-09-05T00:00:00+08:00,0.88,synthetic,not_applicable,,team_generated,false,dev
JOB-AI-ALG-0038-SKILL-025,JOB-AI-ALG-0038,SKILL-025,54,0.066667,preferred,1.1.0,synthetic,true,SRC-SYNTH,2026-09-05T00:00:00+08:00,0.88,synthetic,not_applicable,,team_generated,false,dev
JOB-AI-ALG-0038-SKILL-033,JOB-AI-ALG-0038,SKILL-033,54,0.066667,preferred,1.1.0,synthetic,true,SRC-SYNTH,2026-09-05T00:00:00+08:00,0.88,synthetic,not_applicable,,team_generated,false,dev
JOB-AI-ALG-0038-SKILL-036,JOB-AI-ALG-0038,SKILL-036,48,0.066667,preferred,1.1.0,synthetic,true,SRC-SYNTH,2026-09-05T00:00:00+08:00,0.88,synthetic,not_applicable,,team_generated,false,dev
JOB-AI-ALG-0038-SKILL-048,JOB-AI-ALG-0038,SKILL-048,48,0.066667,preferred,1.1.0,synthetic,true,SRC-SYNTH,2026-09-05T00:00:00+08:00,0.88,synthetic,not_applicable,,team_generated,false,dev
JOB-AI-ALG-0038-SKILL-058,JOB-AI-ALG-0038,SKILL-058,48,0.066662,preferred,1.1.0,synthetic,true,SRC-SYNTH,2026-09-05T00:00:00+08:00,0.88,synthetic,not_applicable,,team_generated,false,dev
JOB-AI-ALG-0039-SKILL-011,JOB-AI-ALG-0039,SKILL-011,72,0.0625,required,1.1.0,synthetic,true,SRC-SYNTH,2026-09-05T00:00:00+08:00,0.88,synthetic,not_applicable,,team_generated,false,dev
JOB-AI-ALG-0039-SKILL-017,JOB-AI-ALG-0039,SKILL-017,66,0.0625,required,1.1.0,synthetic,true,SRC-SYNTH,2026-09-05T00:00:00+08:00,0.88,synthetic,not_applicable,,team_generated,false,dev
JOB-AI-ALG-0039-SKILL-018,JOB-AI-ALG-0039,SKILL-018,66,0.0625,required,1.1.0,synthetic,true,SRC-SYNTH,2026-09-05T00:00:00+08:00,0.88,synthetic,not_applicable,,team_generated,false,dev
JOB-AI-ALG-0039-SKILL-019,JOB-AI-ALG-0039,SKILL-019,66,0.0625,required,1.1.0,synthetic,true,SRC-SYNTH,2026-09-05T00:00:00+08:00,0.88,synthetic,not_applicable,,team_generated,false,dev
JOB-AI-ALG-0039-SKILL-020,JOB-AI-ALG-0039,SKILL-020,65,0.0625,required,1.1.0,synthetic,true,SRC-SYNTH,2026-09-05T00:00:00+08:00,0.88,synthetic,not_applicable,,team_generated,false,dev
JOB-AI-ALG-0039-SKILL-021,JOB-AI-ALG-0039,SKILL-021,65,0.0625,required,1.1.0,synthetic,true,SRC-SYNTH,2026-09-05T00:00:00+08:00,0.88,synthetic,not_applicable,,team_generated,false,dev
JOB-AI-ALG-0039-SKILL-022,JOB-AI-ALG-0039,SKILL-022,59,0.0625,required,1.1.0,synthetic,true,SRC-SYNTH,2026-09-05T00:00:00+08:00,0.88,synthetic,not_applicable,,team_generated,false,dev
JOB-AI-ALG-0039-SKILL-023,JOB-AI-ALG-0039,SKILL-023,55,0.0625,required,1.1.0,synthetic,true,SRC-SYNTH,2026-09-05T00:00:00+08:00,0.88,synthetic,not_applicable,,team_generated,false,dev
JOB-AI-ALG-0039-SKILL-024,JOB-AI-ALG-0039,SKILL-024,55,0.0625,required,1.1.0,synthetic,true,SRC-SYNTH,2026-09-05T00:00:00+08:00,0.88,synthetic,not_applicable,,team_generated,false,dev
JOB-AI-ALG-0039-SKILL-025,JOB-AI-ALG-0039,SKILL-025,54,0.0625,required,1.1.0,synthetic,true,SRC-SYNTH,2026-09-05T00:00:00+08:00,0.88,synthetic,not_applicable,,team_generated,false,dev
JOB-AI-ALG-0039-SKILL-033,JOB-AI-ALG-0039,SKILL-033,54,0.0625,required,1.1.0,synthetic,true,SRC-SYNTH,2026-09-05T00:00:00+08:00,0.88,synthetic,not_applicable,,team_generated,false,dev
JOB-AI-ALG-0039-SKILL-036,JOB-AI-ALG-0039,SKILL-036,48,0.0625,preferred,1.1.0,synthetic,true,SRC-SYNTH,2026-09-05T00:00:00+08:00,0.88,synthetic,not_applicable,,team_generated,false,dev
JOB-AI-ALG-0039-SKILL-048,JOB-AI-ALG-0039,SKILL-048,48,0.0625,preferred,1.1.0,synthetic,true,SRC-SYNTH,2026-09-05T00:00:00+08:00,0.88,synthetic,not_applicable,,team_generated,false,dev
JOB-AI-ALG-0039-SKILL-058,JOB-AI-ALG-0039,SKILL-058,48,0.0625,preferred,1.1.0,synthetic,true,SRC-SYNTH,2026-09-05T00:00:00+08:00,0.88,synthetic,not_applicable,,team_generated,false,dev
JOB-AI-ALG-0039-SKILL-054,JOB-AI-ALG-0039,SKILL-054,48,0.0625,preferred,1.1.0,synthetic,true,SRC-SYNTH,2026-09-05T00:00:00+08:00,0.88,synthetic,not_applicable,,team_generated,false,dev
JOB-AI-ALG-0039-SKILL-001,JOB-AI-ALG-0039,SKILL-001,76,0.0625,preferred,1.1.0,synthetic,true,SRC-SYNTH,2026-09-05T00:00:00+08:00,0.88,synthetic,not_applicable,,team_generated,false,dev
JOB-AI-ALG-0040-SKILL-017,JOB-AI-ALG-0040,SKILL-017,66,0.058824,required,1.1.0,synthetic,true,SRC-SYNTH,2026-09-05T00:00:00+08:00,0.88,synthetic,not_applicable,,team_generated,false,dev
JOB-AI-ALG-0040-SKILL-018,JOB-AI-ALG-0040,SKILL-018,66,0.058824,required,1.1.0,synthetic,true,SRC-SYNTH,2026-09-05T00:00:00+08:00,0.88,synthetic,not_applicable,,team_generated,false,dev
JOB-AI-ALG-0040-SKILL-019,JOB-AI-ALG-0040,SKILL-019,66,0.058824,required,1.1.0,synthetic,true,SRC-SYNTH,2026-09-05T00:00:00+08:00,0.88,synthetic,not_applicable,,team_generated,false,dev
JOB-AI-ALG-0040-SKILL-020,JOB-AI-ALG-0040,SKILL-020,65,0.058824,required,1.1.0,synthetic,true,SRC-SYNTH,2026-09-05T00:00:00+08:00,0.88,synthetic,not_applicable,,team_generated,false,dev
JOB-AI-ALG-0040-SKILL-021,JOB-AI-ALG-0040,SKILL-021,65,0.058824,required,1.1.0,synthetic,true,SRC-SYNTH,2026-09-05T00:00:00+08:00,0.88,synthetic,not_applicable,,team_generated,false,dev
JOB-AI-ALG-0040-SKILL-022,JOB-AI-ALG-0040,SKILL-022,59,0.058824,required,1.1.0,synthetic,true,SRC-SYNTH,2026-09-05T00:00:00+08:00,0.88,synthetic,not_applicable,,team_generated,false,dev
JOB-AI-ALG-0040-SKILL-023,JOB-AI-ALG-0040,SKILL-023,55,0.058824,required,1.1.0,synthetic,true,SRC-SYNTH,2026-09-05T00:00:00+08:00,0.88,synthetic,not_applicable,,team_generated,false,dev
JOB-AI-ALG-0040-SKILL-024,JOB-AI-ALG-0040,SKILL-024,55,0.058824,required,1.1.0,synthetic,true,SRC-SYNTH,2026-09-05T00:00:00+08:00,0.88,synthetic,not_applicable,,team_generated,false,dev
JOB-AI-ALG-0040-SKILL-025,JOB-AI-ALG-0040,SKILL-025,54,0.058824,required,1.1.0,synthetic,true,SRC-SYNTH,2026-09-05T00:00:00+08:00,0.88,synthetic,not_applicable,,team_generated,false,dev
JOB-AI-ALG-0040-SKILL-033,JOB-AI-ALG-0040,SKILL-033,54,0.058824,required,1.1.0,synthetic,true,SRC-SYNTH,2026-09-05T00:00:00+08:00,0.88,synthetic,not_applicable,,team_generated,false,dev
JOB-AI-ALG-0040-SKILL-036,JOB-AI-ALG-0040,SKILL-036,48,0.058824,required,1.1.0,synthetic,true,SRC-SYNTH,2026-09-05T00:00:00+08:00,0.88,synthetic,not_applicable,,team_generated,false,dev
JOB-AI-ALG-0040-SKILL-048,JOB-AI-ALG-0040,SKILL-048,48,0.058824,required,1.1.0,synthetic,true,SRC-SYNTH,2026-09-05T00:00:00+08:00,0.88,synthetic,not_applicable,,team_generated,false,dev
JOB-AI-ALG-0040-SKILL-058,JOB-AI-ALG-0040,SKILL-058,48,0.058824,preferred,1.1.0,synthetic,true,SRC-SYNTH,2026-09-05T00:00:00+08:00,0.88,synthetic,not_applicable,,team_generated,false,dev
JOB-AI-ALG-0040-SKILL-054,JOB-AI-ALG-0040,SKILL-054,48,0.058824,preferred,1.1.0,synthetic,true,SRC-SYNTH,2026-09-05T00:00:00+08:00,0.88,synthetic,not_applicable,,team_generated,false,dev
JOB-AI-ALG-0040-SKILL-001,JOB-AI-ALG-0040,SKILL-001,76,0.058824,preferred,1.1.0,synthetic,true,SRC-SYNTH,2026-09-05T00:00:00+08:00,0.88,synthetic,not_applicable,,team_generated,false,dev
JOB-AI-ALG-0040-SKILL-002,JOB-AI-ALG-0040,SKILL-002,71,0.058824,preferred,1.1.0,synthetic,true,SRC-SYNTH,2026-09-05T00:00:00+08:00,0.88,synthetic,not_applicable,,team_generated,false,dev
JOB-AI-ALG-0040-SKILL-010,JOB-AI-ALG-0040,SKILL-010,70,0.058816,preferred,1.1.0,synthetic,true,SRC-SYNTH,2026-09-05T00:00:00+08:00,0.88,synthetic,not_applicable,,team_generated,false,dev
JOB-AI-ALG-0041-SKILL-018,JOB-AI-ALG-0041,SKILL-018,66,0.055556,required,1.1.0,synthetic,true,SRC-SYNTH,2026-09-05T00:00:00+08:00,0.88,synthetic,not_applicable,,team_generated,false,dev
JOB-AI-ALG-0041-SKILL-019,JOB-AI-ALG-0041,SKILL-019,66,0.055556,required,1.1.0,synthetic,true,SRC-SYNTH,2026-09-05T00:00:00+08:00,0.88,synthetic,not_applicable,,team_generated,false,dev
JOB-AI-ALG-0041-SKILL-020,JOB-AI-ALG-0041,SKILL-020,65,0.055556,required,1.1.0,synthetic,true,SRC-SYNTH,2026-09-05T00:00:00+08:00,0.88,synthetic,not_applicable,,team_generated,false,dev
JOB-AI-ALG-0041-SKILL-021,JOB-AI-ALG-0041,SKILL-021,65,0.055556,required,1.1.0,synthetic,true,SRC-SYNTH,2026-09-05T00:00:00+08:00,0.88,synthetic,not_applicable,,team_generated,false,dev
JOB-AI-ALG-0041-SKILL-022,JOB-AI-ALG-0041,SKILL-022,59,0.055556,required,1.1.0,synthetic,true,SRC-SYNTH,2026-09-05T00:00:00+08:00,0.88,synthetic,not_applicable,,team_generated,false,dev
JOB-AI-ALG-0041-SKILL-023,JOB-AI-ALG-0041,SKILL-023,55,0.055556,required,1.1.0,synthetic,true,SRC-SYNTH,2026-09-05T00:00:00+08:00,0.88,synthetic,not_applicable,,team_generated,false,dev
JOB-AI-ALG-0041-SKILL-024,JOB-AI-ALG-0041,SKILL-024,55,0.055556,required,1.1.0,synthetic,true,SRC-SYNTH,2026-09-05T00:00:00+08:00,0.88,synthetic,not_applicable,,team_generated,false,dev
JOB-AI-ALG-0041-SKILL-025,JOB-AI-ALG-0041,SKILL-025,54,0.055556,required,1.1.0,synthetic,true,SRC-SYNTH,2026-09-05T00:00:00+08:00,0.88,synthetic,not_applicable,,team_generated,false,dev
JOB-AI-ALG-0041-SKILL-033,JOB-AI-ALG-0041,SKILL-033,54,0.055556,required,1.1.0,synthetic,true,SRC-SYNTH,2026-09-05T00:00:00+08:00,0.88,synthetic,not_applicable,,team_generated,false,dev
JOB-AI-ALG-0041-SKILL-036,JOB-AI-ALG-0041,SKILL-036,48,0.055556,required,1.1.0,synthetic,true,SRC-SYNTH,2026-09-05T00:00:00+08:00,0.88,synthetic,not_applicable,,team_generated,false,dev
JOB-AI-ALG-0041-SKILL-048,JOB-AI-ALG-0041,SKILL-048,48,0.055556,required,1.1.0,synthetic,true,SRC-SYNTH,2026-09-05T00:00:00+08:00,0.88,synthetic,not_applicable,,team_generated,false,dev
JOB-AI-ALG-0041-SKILL-058,JOB-AI-ALG-0041,SKILL-058,48,0.055556,required,1.1.0,synthetic,true,SRC-SYNTH,2026-09-05T00:00:00+08:00,0.88,synthetic,not_applicable,,team_generated,false,dev
JOB-AI-ALG-0041-SKILL-054,JOB-AI-ALG-0041,SKILL-054,48,0.055556,preferred,1.1.0,synthetic,true,SRC-SYNTH,2026-09-05T00:00:00+08:00,0.88,synthetic,not_applicable,,team_generated,false,dev
JOB-AI-ALG-0041-SKILL-001,JOB-AI-ALG-0041,SKILL-001,76,0.055556,preferred,1.1.0,synthetic,true,SRC-SYNTH,2026-09-05T00:00:00+08:00,0.88,synthetic,not_applicable,,team_generated,false,dev
JOB-AI-ALG-0041-SKILL-002,JOB-AI-ALG-0041,SKILL-002,71,0.055556,preferred,1.1.0,synthetic,true,SRC-SYNTH,2026-09-05T00:00:00+08:00,0.88,synthetic,not_applicable,,team_generated,false,dev
JOB-AI-ALG-0041-SKILL-010,JOB-AI-ALG-0041,SKILL-010,70,0.055556,preferred,1.1.0,synthetic,true,SRC-SYNTH,2026-09-05T00:00:00+08:00,0.88,synthetic,not_applicable,,team_generated,false,dev
JOB-AI-ALG-0041-SKILL-011,JOB-AI-ALG-0041,SKILL-011,70,0.055556,preferred,1.1.0,synthetic,true,SRC-SYNTH,2026-09-05T00:00:00+08:00,0.88,synthetic,not_applicable,,team_generated,false,dev
JOB-AI-ALG-0041-SKILL-017,JOB-AI-ALG-0041,SKILL-017,69,0.055548,preferred,1.1.0,synthetic,true,SRC-SYNTH,2026-09-05T00:00:00+08:00,0.88,synthetic,not_applicable,,team_generated,false,dev
JOB-AI-ALG-0042-SKILL-019,JOB-AI-ALG-0042,SKILL-019,66,0.083333,required,1.1.0,synthetic,true,SRC-SYNTH,2026-09-05T00:00:00+08:00,0.88,synthetic,not_applicable,,team_generated,false,dev
JOB-AI-ALG-0042-SKILL-020,JOB-AI-ALG-0042,SKILL-020,65,0.083333,required,1.1.0,synthetic,true,SRC-SYNTH,2026-09-05T00:00:00+08:00,0.88,synthetic,not_applicable,,team_generated,false,dev
JOB-AI-ALG-0042-SKILL-021,JOB-AI-ALG-0042,SKILL-021,65,0.083333,required,1.1.0,synthetic,true,SRC-SYNTH,2026-09-05T00:00:00+08:00,0.88,synthetic,not_applicable,,team_generated,false,dev
JOB-AI-ALG-0042-SKILL-022,JOB-AI-ALG-0042,SKILL-022,59,0.083333,required,1.1.0,synthetic,true,SRC-SYNTH,2026-09-05T00:00:00+08:00,0.88,synthetic,not_applicable,,team_generated,false,dev
JOB-AI-ALG-0042-SKILL-023,JOB-AI-ALG-0042,SKILL-023,55,0.083333,required,1.1.0,synthetic,true,SRC-SYNTH,2026-09-05T00:00:00+08:00,0.88,synthetic,not_applicable,,team_generated,false,dev
JOB-AI-ALG-0042-SKILL-024,JOB-AI-ALG-0042,SKILL-024,55,0.083333,required,1.1.0,synthetic,true,SRC-SYNTH,2026-09-05T00:00:00+08:00,0.88,synthetic,not_applicable,,team_generated,false,dev
JOB-AI-ALG-0042-SKILL-025,JOB-AI-ALG-0042,SKILL-025,54,0.083333,required,1.1.0,synthetic,true,SRC-SYNTH,2026-09-05T00:00:00+08:00,0.88,synthetic,not_applicable,,team_generated,false,dev
JOB-AI-ALG-0042-SKILL-033,JOB-AI-ALG-0042,SKILL-033,54,0.083333,required,1.1.0,synthetic,true,SRC-SYNTH,2026-09-05T00:00:00+08:00,0.88,synthetic,not_applicable,,team_generated,false,dev
JOB-AI-ALG-0042-SKILL-036,JOB-AI-ALG-0042,SKILL-036,48,0.083333,preferred,1.1.0,synthetic,true,SRC-SYNTH,2026-09-05T00:00:00+08:00,0.88,synthetic,not_applicable,,team_generated,false,dev
JOB-AI-ALG-0042-SKILL-048,JOB-AI-ALG-0042,SKILL-048,48,0.083333,preferred,1.1.0,synthetic,true,SRC-SYNTH,2026-09-05T00:00:00+08:00,0.88,synthetic,not_applicable,,team_generated,false,dev
JOB-AI-ALG-0042-SKILL-058,JOB-AI-ALG-0042,SKILL-058,48,0.083333,preferred,1.1.0,synthetic,true,SRC-SYNTH,2026-09-05T00:00:00+08:00,0.88,synthetic,not_applicable,,team_generated,false,dev
JOB-AI-ALG-0042-SKILL-054,JOB-AI-ALG-0042,SKILL-054,48,0.083337,preferred,1.1.0,synthetic,true,SRC-SYNTH,2026-09-05T00:00:00+08:00,0.88,synthetic,not_applicable,,team_generated,false,dev
JOB-AI-ALG-0043-SKILL-020,JOB-AI-ALG-0043,SKILL-020,65,0.076923,required,1.1.0,synthetic,true,SRC-SYNTH,2026-09-05T00:00:00+08:00,0.88,synthetic,not_applicable,,team_generated,false,dev
JOB-AI-ALG-0043-SKILL-021,JOB-AI-ALG-0043,SKILL-021,65,0.076923,required,1.1.0,synthetic,true,SRC-SYNTH,2026-09-05T00:00:00+08:00,0.88,synthetic,not_applicable,,team_generated,false,dev
JOB-AI-ALG-0043-SKILL-022,JOB-AI-ALG-0043,SKILL-022,59,0.076923,required,1.1.0,synthetic,true,SRC-SYNTH,2026-09-05T00:00:00+08:00,0.88,synthetic,not_applicable,,team_generated,false,dev
JOB-AI-ALG-0043-SKILL-023,JOB-AI-ALG-0043,SKILL-023,55,0.076923,required,1.1.0,synthetic,true,SRC-SYNTH,2026-09-05T00:00:00+08:00,0.88,synthetic,not_applicable,,team_generated,false,dev
JOB-AI-ALG-0043-SKILL-024,JOB-AI-ALG-0043,SKILL-024,55,0.076923,required,1.1.0,synthetic,true,SRC-SYNTH,2026-09-05T00:00:00+08:00,0.88,synthetic,not_applicable,,team_generated,false,dev
JOB-AI-ALG-0043-SKILL-025,JOB-AI-ALG-0043,SKILL-025,54,0.076923,required,1.1.0,synthetic,true,SRC-SYNTH,2026-09-05T00:00:00+08:00,0.88,synthetic,not_applicable,,team_generated,false,dev
JOB-AI-ALG-0043-SKILL-033,JOB-AI-ALG-0043,SKILL-033,54,0.076923,required,1.1.0,synthetic,true,SRC-SYNTH,2026-09-05T00:00:00+08:00,0.88,synthetic,not_applicable,,team_generated,false,dev
JOB-AI-ALG-0043-SKILL-036,JOB-AI-ALG-0043,SKILL-036,48,0.076923,required,1.1.0,synthetic,true,SRC-SYNTH,2026-09-05T00:00:00+08:00,0.88,synthetic,not_applicable,,team_generated,false,dev
JOB-AI-ALG-0043-SKILL-048,JOB-AI-ALG-0043,SKILL-048,48,0.076923,required,1.1.0,synthetic,true,SRC-SYNTH,2026-09-05T00:00:00+08:00,0.88,synthetic,not_applicable,,team_generated,false,dev
JOB-AI-ALG-0043-SKILL-058,JOB-AI-ALG-0043,SKILL-058,48,0.076923,preferred,1.1.0,synthetic,true,SRC-SYNTH,2026-09-05T00:00:00+08:00,0.88,synthetic,not_applicable,,team_generated,false,dev
JOB-AI-ALG-0043-SKILL-054,JOB-AI-ALG-0043,SKILL-054,48,0.076923,preferred,1.1.0,synthetic,true,SRC-SYNTH,2026-09-05T00:00:00+08:00,0.88,synthetic,not_applicable,,team_generated,false,dev
JOB-AI-ALG-0043-SKILL-001,JOB-AI-ALG-0043,SKILL-001,76,0.076923,preferred,1.1.0,synthetic,true,SRC-SYNTH,2026-09-05T00:00:00+08:00,0.88,synthetic,not_applicable,,team_generated,false,dev
JOB-AI-ALG-0043-SKILL-002,JOB-AI-ALG-0043,SKILL-002,71,0.076924,preferred,1.1.0,synthetic,true,SRC-SYNTH,2026-09-05T00:00:00+08:00,0.88,synthetic,not_applicable,,team_generated,false,dev
JOB-AI-ALG-0044-SKILL-021,JOB-AI-ALG-0044,SKILL-021,65,0.071429,required,1.1.0,synthetic,true,SRC-SYNTH,2026-09-05T00:00:00+08:00,0.88,synthetic,not_applicable,,team_generated,false,dev
JOB-AI-ALG-0044-SKILL-022,JOB-AI-ALG-0044,SKILL-022,59,0.071429,required,1.1.0,synthetic,true,SRC-SYNTH,2026-09-05T00:00:00+08:00,0.88,synthetic,not_applicable,,team_generated,false,dev
JOB-AI-ALG-0044-SKILL-023,JOB-AI-ALG-0044,SKILL-023,55,0.071429,required,1.1.0,synthetic,true,SRC-SYNTH,2026-09-05T00:00:00+08:00,0.88,synthetic,not_applicable,,team_generated,false,dev
JOB-AI-ALG-0044-SKILL-024,JOB-AI-ALG-0044,SKILL-024,55,0.071429,required,1.1.0,synthetic,true,SRC-SYNTH,2026-09-05T00:00:00+08:00,0.88,synthetic,not_applicable,,team_generated,false,dev
JOB-AI-ALG-0044-SKILL-025,JOB-AI-ALG-0044,SKILL-025,54,0.071429,required,1.1.0,synthetic,true,SRC-SYNTH,2026-09-05T00:00:00+08:00,0.88,synthetic,not_applicable,,team_generated,false,dev
JOB-AI-ALG-0044-SKILL-033,JOB-AI-ALG-0044,SKILL-033,54,0.071429,required,1.1.0,synthetic,true,SRC-SYNTH,2026-09-05T00:00:00+08:00,0.88,synthetic,not_applicable,,team_generated,false,dev
JOB-AI-ALG-0044-SKILL-036,JOB-AI-ALG-0044,SKILL-036,48,0.071429,required,1.1.0,synthetic,true,SRC-SYNTH,2026-09-05T00:00:00+08:00,0.88,synthetic,not_applicable,,team_generated,false,dev
JOB-AI-ALG-0044-SKILL-048,JOB-AI-ALG-0044,SKILL-048,48,0.071429,required,1.1.0,synthetic,true,SRC-SYNTH,2026-09-05T00:00:00+08:00,0.88,synthetic,not_applicable,,team_generated,false,dev
JOB-AI-ALG-0044-SKILL-058,JOB-AI-ALG-0044,SKILL-058,48,0.071429,required,1.1.0,synthetic,true,SRC-SYNTH,2026-09-05T00:00:00+08:00,0.88,synthetic,not_applicable,,team_generated,false,dev
JOB-AI-ALG-0044-SKILL-054,JOB-AI-ALG-0044,SKILL-054,48,0.071429,required,1.1.0,synthetic,true,SRC-SYNTH,2026-09-05T00:00:00+08:00,0.88,synthetic,not_applicable,,team_generated,false,dev
JOB-AI-ALG-0044-SKILL-001,JOB-AI-ALG-0044,SKILL-001,76,0.071429,preferred,1.1.0,synthetic,true,SRC-SYNTH,2026-09-05T00:00:00+08:00,0.88,synthetic,not_applicable,,team_generated,false,dev
JOB-AI-ALG-0044-SKILL-002,JOB-AI-ALG-0044,SKILL-002,71,0.071429,preferred,1.1.0,synthetic,true,SRC-SYNTH,2026-09-05T00:00:00+08:00,0.88,synthetic,not_applicable,,team_generated,false,dev
JOB-AI-ALG-0044-SKILL-010,JOB-AI-ALG-0044,SKILL-010,70,0.071429,preferred,1.1.0,synthetic,true,SRC-SYNTH,2026-09-05T00:00:00+08:00,0.88,synthetic,not_applicable,,team_generated,false,dev
JOB-AI-ALG-0044-SKILL-011,JOB-AI-ALG-0044,SKILL-011,70,0.071423,preferred,1.1.0,synthetic,true,SRC-SYNTH,2026-09-05T00:00:00+08:00,0.88,synthetic,not_applicable,,team_generated,false,dev
JOB-AI-ALG-0045-SKILL-022,JOB-AI-ALG-0045,SKILL-022,59,0.066667,required,1.1.0,synthetic,true,SRC-SYNTH,2026-09-05T00:00:00+08:00,0.88,synthetic,not_applicable,,team_generated,false,dev
JOB-AI-ALG-0045-SKILL-023,JOB-AI-ALG-0045,SKILL-023,55,0.066667,required,1.1.0,synthetic,true,SRC-SYNTH,2026-09-05T00:00:00+08:00,0.88,synthetic,not_applicable,,team_generated,false,dev
JOB-AI-ALG-0045-SKILL-024,JOB-AI-ALG-0045,SKILL-024,55,0.066667,required,1.1.0,synthetic,true,SRC-SYNTH,2026-09-05T00:00:00+08:00,0.88,synthetic,not_applicable,,team_generated,false,dev
JOB-AI-ALG-0045-SKILL-025,JOB-AI-ALG-0045,SKILL-025,54,0.066667,required,1.1.0,synthetic,true,SRC-SYNTH,2026-09-05T00:00:00+08:00,0.88,synthetic,not_applicable,,team_generated,false,dev
JOB-AI-ALG-0045-SKILL-033,JOB-AI-ALG-0045,SKILL-033,54,0.066667,required,1.1.0,synthetic,true,SRC-SYNTH,2026-09-05T00:00:00+08:00,0.88,synthetic,not_applicable,,team_generated,false,dev
JOB-AI-ALG-0045-SKILL-036,JOB-AI-ALG-0045,SKILL-036,48,0.066667,required,1.1.0,synthetic,true,SRC-SYNTH,2026-09-05T00:00:00+08:00,0.88,synthetic,not_applicable,,team_generated,false,dev
JOB-AI-ALG-0045-SKILL-048,JOB-AI-ALG-0045,SKILL-048,48,0.066667,required,1.1.0,synthetic,true,SRC-SYNTH,2026-09-05T00:00:00+08:00,0.88,synthetic,not_applicable,,team_generated,false,dev
JOB-AI-ALG-0045-SKILL-058,JOB-AI-ALG-0045,SKILL-058,48,0.066667,required,1.1.0,synthetic,true,SRC-SYNTH,2026-09-05T00:00:00+08:00,0.88,synthetic,not_applicable,,team_generated,false,dev
JOB-AI-ALG-0045-SKILL-054,JOB-AI-ALG-0045,SKILL-054,48,0.066667,required,1.1.0,synthetic,true,SRC-SYNTH,2026-09-05T00:00:00+08:00,0.88,synthetic,not_applicable,,team_generated,false,dev
JOB-AI-ALG-0045-SKILL-001,JOB-AI-ALG-0045,SKILL-001,76,0.066667,required,1.1.0,synthetic,true,SRC-SYNTH,2026-09-05T00:00:00+08:00,0.88,synthetic,not_applicable,,team_generated,false,dev
JOB-AI-ALG-0045-SKILL-002,JOB-AI-ALG-0045,SKILL-002,71,0.066667,preferred,1.1.0,synthetic,true,SRC-SYNTH,2026-09-05T00:00:00+08:00,0.88,synthetic,not_applicable,,team_generated,false,dev
JOB-AI-ALG-0045-SKILL-010,JOB-AI-ALG-0045,SKILL-010,70,0.066667,preferred,1.1.0,synthetic,true,SRC-SYNTH,2026-09-05T00:00:00+08:00,0.88,synthetic,not_applicable,,team_generated,false,dev
JOB-AI-ALG-0045-SKILL-011,JOB-AI-ALG-0045,SKILL-011,70,0.066667,preferred,1.1.0,synthetic,true,SRC-SYNTH,2026-09-05T00:00:00+08:00,0.88,synthetic,not_applicable,,team_generated,false,dev
JOB-AI-ALG-0045-SKILL-017,JOB-AI-ALG-0045,SKILL-017,69,0.066667,preferred,1.1.0,synthetic,true,SRC-SYNTH,2026-09-05T00:00:00+08:00,0.88,synthetic,not_applicable,,team_generated,false,dev
JOB-AI-ALG-0045-SKILL-018,JOB-AI-ALG-0045,SKILL-018,69,0.066662,preferred,1.1.0,synthetic,true,SRC-SYNTH,2026-09-05T00:00:00+08:00,0.88,synthetic,not_applicable,,team_generated,false,dev
JOB-AI-ALG-0046-SKILL-023,JOB-AI-ALG-0046,SKILL-023,55,0.0625,required,1.1.0,synthetic,true,SRC-SYNTH,2026-09-05T00:00:00+08:00,0.88,synthetic,not_applicable,,team_generated,false,dev
JOB-AI-ALG-0046-SKILL-024,JOB-AI-ALG-0046,SKILL-024,55,0.0625,required,1.1.0,synthetic,true,SRC-SYNTH,2026-09-05T00:00:00+08:00,0.88,synthetic,not_applicable,,team_generated,false,dev
JOB-AI-ALG-0046-SKILL-025,JOB-AI-ALG-0046,SKILL-025,54,0.0625,required,1.1.0,synthetic,true,SRC-SYNTH,2026-09-05T00:00:00+08:00,0.88,synthetic,not_applicable,,team_generated,false,dev
JOB-AI-ALG-0046-SKILL-033,JOB-AI-ALG-0046,SKILL-033,54,0.0625,required,1.1.0,synthetic,true,SRC-SYNTH,2026-09-05T00:00:00+08:00,0.88,synthetic,not_applicable,,team_generated,false,dev
JOB-AI-ALG-0046-SKILL-036,JOB-AI-ALG-0046,SKILL-036,48,0.0625,required,1.1.0,synthetic,true,SRC-SYNTH,2026-09-05T00:00:00+08:00,0.88,synthetic,not_applicable,,team_generated,false,dev
JOB-AI-ALG-0046-SKILL-048,JOB-AI-ALG-0046,SKILL-048,48,0.0625,required,1.1.0,synthetic,true,SRC-SYNTH,2026-09-05T00:00:00+08:00,0.88,synthetic,not_applicable,,team_generated,false,dev
JOB-AI-ALG-0046-SKILL-058,JOB-AI-ALG-0046,SKILL-058,48,0.0625,required,1.1.0,synthetic,true,SRC-SYNTH,2026-09-05T00:00:00+08:00,0.88,synthetic,not_applicable,,team_generated,false,dev
JOB-AI-ALG-0046-SKILL-054,JOB-AI-ALG-0046,SKILL-054,48,0.0625,required,1.1.0,synthetic,true,SRC-SYNTH,2026-09-05T00:00:00+08:00,0.88,synthetic,not_applicable,,team_generated,false,dev
JOB-AI-ALG-0046-SKILL-001,JOB-AI-ALG-0046,SKILL-001,76,0.0625,required,1.1.0,synthetic,true,SRC-SYNTH,2026-09-05T00:00:00+08:00,0.88,synthetic,not_applicable,,team_generated,false,dev
JOB-AI-ALG-0046-SKILL-002,JOB-AI-ALG-0046,SKILL-002,71,0.0625,required,1.1.0,synthetic,true,SRC-SYNTH,2026-09-05T00:00:00+08:00,0.88,synthetic,not_applicable,,team_generated,false,dev
JOB-AI-ALG-0046-SKILL-010,JOB-AI-ALG-0046,SKILL-010,70,0.0625,required,1.1.0,synthetic,true,SRC-SYNTH,2026-09-05T00:00:00+08:00,0.88,synthetic,not_applicable,,team_generated,false,dev
JOB-AI-ALG-0046-SKILL-011,JOB-AI-ALG-0046,SKILL-011,70,0.0625,preferred,1.1.0,synthetic,true,SRC-SYNTH,2026-09-05T00:00:00+08:00,0.88,synthetic,not_applicable,,team_generated,false,dev
JOB-AI-ALG-0046-SKILL-017,JOB-AI-ALG-0046,SKILL-017,69,0.0625,preferred,1.1.0,synthetic,true,SRC-SYNTH,2026-09-05T00:00:00+08:00,0.88,synthetic,not_applicable,,team_generated,false,dev
JOB-AI-ALG-0046-SKILL-018,JOB-AI-ALG-0046,SKILL-018,69,0.0625,preferred,1.1.0,synthetic,true,SRC-SYNTH,2026-09-05T00:00:00+08:00,0.88,synthetic,not_applicable,,team_generated,false,dev
JOB-AI-ALG-0046-SKILL-019,JOB-AI-ALG-0046,SKILL-019,64,0.0625,preferred,1.1.0,synthetic,true,SRC-SYNTH,2026-09-05T00:00:00+08:00,0.88,synthetic,not_applicable,,team_generated,false,dev
JOB-AI-ALG-0046-SKILL-020,JOB-AI-ALG-0046,SKILL-020,63,0.0625,preferred,1.1.0,synthetic,true,SRC-SYNTH,2026-09-05T00:00:00+08:00,0.88,synthetic,not_applicable,,team_generated,false,dev
JOB-AI-ALG-0047-SKILL-024,JOB-AI-ALG-0047,SKILL-024,55,0.058824,required,1.1.0,synthetic,true,SRC-SYNTH,2026-09-05T00:00:00+08:00,0.88,synthetic,not_applicable,,team_generated,false,dev
JOB-AI-ALG-0047-SKILL-025,JOB-AI-ALG-0047,SKILL-025,54,0.058824,required,1.1.0,synthetic,true,SRC-SYNTH,2026-09-05T00:00:00+08:00,0.88,synthetic,not_applicable,,team_generated,false,dev
JOB-AI-ALG-0047-SKILL-033,JOB-AI-ALG-0047,SKILL-033,54,0.058824,required,1.1.0,synthetic,true,SRC-SYNTH,2026-09-05T00:00:00+08:00,0.88,synthetic,not_applicable,,team_generated,false,dev
JOB-AI-ALG-0047-SKILL-036,JOB-AI-ALG-0047,SKILL-036,48,0.058824,required,1.1.0,synthetic,true,SRC-SYNTH,2026-09-05T00:00:00+08:00,0.88,synthetic,not_applicable,,team_generated,false,dev
JOB-AI-ALG-0047-SKILL-048,JOB-AI-ALG-0047,SKILL-048,48,0.058824,required,1.1.0,synthetic,true,SRC-SYNTH,2026-09-05T00:00:00+08:00,0.88,synthetic,not_applicable,,team_generated,false,dev
JOB-AI-ALG-0047-SKILL-058,JOB-AI-ALG-0047,SKILL-058,48,0.058824,required,1.1.0,synthetic,true,SRC-SYNTH,2026-09-05T00:00:00+08:00,0.88,synthetic,not_applicable,,team_generated,false,dev
JOB-AI-ALG-0047-SKILL-054,JOB-AI-ALG-0047,SKILL-054,48,0.058824,required,1.1.0,synthetic,true,SRC-SYNTH,2026-09-05T00:00:00+08:00,0.88,synthetic,not_applicable,,team_generated,false,dev
JOB-AI-ALG-0047-SKILL-001,JOB-AI-ALG-0047,SKILL-001,76,0.058824,required,1.1.0,synthetic,true,SRC-SYNTH,2026-09-05T00:00:00+08:00,0.88,synthetic,not_applicable,,team_generated,false,dev
JOB-AI-ALG-0047-SKILL-002,JOB-AI-ALG-0047,SKILL-002,71,0.058824,required,1.1.0,synthetic,true,SRC-SYNTH,2026-09-05T00:00:00+08:00,0.88,synthetic,not_applicable,,team_generated,false,dev
JOB-AI-ALG-0047-SKILL-010,JOB-AI-ALG-0047,SKILL-010,70,0.058824,required,1.1.0,synthetic,true,SRC-SYNTH,2026-09-05T00:00:00+08:00,0.88,synthetic,not_applicable,,team_generated,false,dev
JOB-AI-ALG-0047-SKILL-011,JOB-AI-ALG-0047,SKILL-011,70,0.058824,required,1.1.0,synthetic,true,SRC-SYNTH,2026-09-05T00:00:00+08:00,0.88,synthetic,not_applicable,,team_generated,false,dev
JOB-AI-ALG-0047-SKILL-017,JOB-AI-ALG-0047,SKILL-017,69,0.058824,required,1.1.0,synthetic,true,SRC-SYNTH,2026-09-05T00:00:00+08:00,0.88,synthetic,not_applicable,,team_generated,false,dev
JOB-AI-ALG-0047-SKILL-018,JOB-AI-ALG-0047,SKILL-018,69,0.058824,preferred,1.1.0,synthetic,true,SRC-SYNTH,2026-09-05T00:00:00+08:00,0.88,synthetic,not_applicable,,team_generated,false,dev
JOB-AI-ALG-0047-SKILL-019,JOB-AI-ALG-0047,SKILL-019,64,0.058824,preferred,1.1.0,synthetic,true,SRC-SYNTH,2026-09-05T00:00:00+08:00,0.88,synthetic,not_applicable,,team_generated,false,dev
JOB-AI-ALG-0047-SKILL-020,JOB-AI-ALG-0047,SKILL-020,63,0.058824,preferred,1.1.0,synthetic,true,SRC-SYNTH,2026-09-05T00:00:00+08:00,0.88,synthetic,not_applicable,,team_generated,false,dev
JOB-AI-ALG-0047-SKILL-021,JOB-AI-ALG-0047,SKILL-021,63,0.058824,preferred,1.1.0,synthetic,true,SRC-SYNTH,2026-09-05T00:00:00+08:00,0.88,synthetic,not_applicable,,team_generated,false,dev
JOB-AI-ALG-0047-SKILL-022,JOB-AI-ALG-0047,SKILL-022,62,0.058816,preferred,1.1.0,synthetic,true,SRC-SYNTH,2026-09-05T00:00:00+08:00,0.88,synthetic,not_applicable,,team_generated,false,dev
JOB-AI-ALG-0048-SKILL-025,JOB-AI-ALG-0048,SKILL-025,54,0.055556,required,1.1.0,synthetic,true,SRC-SYNTH,2026-09-05T00:00:00+08:00,0.88,synthetic,not_applicable,,team_generated,false,dev
JOB-AI-ALG-0048-SKILL-033,JOB-AI-ALG-0048,SKILL-033,54,0.055556,required,1.1.0,synthetic,true,SRC-SYNTH,2026-09-05T00:00:00+08:00,0.88,synthetic,not_applicable,,team_generated,false,dev
JOB-AI-ALG-0048-SKILL-036,JOB-AI-ALG-0048,SKILL-036,48,0.055556,required,1.1.0,synthetic,true,SRC-SYNTH,2026-09-05T00:00:00+08:00,0.88,synthetic,not_applicable,,team_generated,false,dev
JOB-AI-ALG-0048-SKILL-048,JOB-AI-ALG-0048,SKILL-048,48,0.055556,required,1.1.0,synthetic,true,SRC-SYNTH,2026-09-05T00:00:00+08:00,0.88,synthetic,not_applicable,,team_generated,false,dev
JOB-AI-ALG-0048-SKILL-058,JOB-AI-ALG-0048,SKILL-058,48,0.055556,required,1.1.0,synthetic,true,SRC-SYNTH,2026-09-05T00:00:00+08:00,0.88,synthetic,not_applicable,,team_generated,false,dev
JOB-AI-ALG-0048-SKILL-054,JOB-AI-ALG-0048,SKILL-054,48,0.055556,required,1.1.0,synthetic,true,SRC-SYNTH,2026-09-05T00:00:00+08:00,0.88,synthetic,not_applicable,,team_generated,false,dev
JOB-AI-ALG-0048-SKILL-001,JOB-AI-ALG-0048,SKILL-001,76,0.055556,required,1.1.0,synthetic,true,SRC-SYNTH,2026-09-05T00:00:00+08:00,0.88,synthetic,not_applicable,,team_generated,false,dev
JOB-AI-ALG-0048-SKILL-002,JOB-AI-ALG-0048,SKILL-002,71,0.055556,required,1.1.0,synthetic,true,SRC-SYNTH,2026-09-05T00:00:00+08:00,0.88,synthetic,not_applicable,,team_generated,false,dev
JOB-AI-ALG-0048-SKILL-010,JOB-AI-ALG-0048,SKILL-010,70,0.055556,required,1.1.0,synthetic,true,SRC-SYNTH,2026-09-05T00:00:00+08:00,0.88,synthetic,not_applicable,,team_generated,false,dev
JOB-AI-ALG-0048-SKILL-011,JOB-AI-ALG-0048,SKILL-011,70,0.055556,required,1.1.0,synthetic,true,SRC-SYNTH,2026-09-05T00:00:00+08:00,0.88,synthetic,not_applicable,,team_generated,false,dev
JOB-AI-ALG-0048-SKILL-017,JOB-AI-ALG-0048,SKILL-017,69,0.055556,required,1.1.0,synthetic,true,SRC-SYNTH,2026-09-05T00:00:00+08:00,0.88,synthetic,not_applicable,,team_generated,false,dev
JOB-AI-ALG-0048-SKILL-018,JOB-AI-ALG-0048,SKILL-018,69,0.055556,required,1.1.0,synthetic,true,SRC-SYNTH,2026-09-05T00:00:00+08:00,0.88,synthetic,not_applicable,,team_generated,false,dev
JOB-AI-ALG-0048-SKILL-019,JOB-AI-ALG-0048,SKILL-019,64,0.055556,preferred,1.1.0,synthetic,true,SRC-SYNTH,2026-09-05T00:00:00+08:00,0.88,synthetic,not_applicable,,team_generated,false,dev
JOB-AI-ALG-0048-SKILL-020,JOB-AI-ALG-0048,SKILL-020,63,0.055556,preferred,1.1.0,synthetic,true,SRC-SYNTH,2026-09-05T00:00:00+08:00,0.88,synthetic,not_applicable,,team_generated,false,dev
JOB-AI-ALG-0048-SKILL-021,JOB-AI-ALG-0048,SKILL-021,63,0.055556,preferred,1.1.0,synthetic,true,SRC-SYNTH,2026-09-05T00:00:00+08:00,0.88,synthetic,not_applicable,,team_generated,false,dev
JOB-AI-ALG-0048-SKILL-022,JOB-AI-ALG-0048,SKILL-022,62,0.055556,preferred,1.1.0,synthetic,true,SRC-SYNTH,2026-09-05T00:00:00+08:00,0.88,synthetic,not_applicable,,team_generated,false,dev
JOB-AI-ALG-0048-SKILL-023,JOB-AI-ALG-0048,SKILL-023,58,0.055556,preferred,1.1.0,synthetic,true,SRC-SYNTH,2026-09-05T00:00:00+08:00,0.88,synthetic,not_applicable,,team_generated,false,dev
JOB-AI-ALG-0048-SKILL-024,JOB-AI-ALG-0048,SKILL-024,53,0.055548,preferred,1.1.0,synthetic,true,SRC-SYNTH,2026-09-05T00:00:00+08:00,0.88,synthetic,not_applicable,,team_generated,false,dev
JOB-AI-ALG-0049-SKILL-033,JOB-AI-ALG-0049,SKILL-033,54,0.083333,required,1.1.0,synthetic,true,SRC-SYNTH,2026-09-05T00:00:00+08:00,0.88,synthetic,not_applicable,,team_generated,false,dev
JOB-AI-ALG-0049-SKILL-036,JOB-AI-ALG-0049,SKILL-036,48,0.083333,required,1.1.0,synthetic,true,SRC-SYNTH,2026-09-05T00:00:00+08:00,0.88,synthetic,not_applicable,,team_generated,false,dev
JOB-AI-ALG-0049-SKILL-048,JOB-AI-ALG-0049,SKILL-048,48,0.083333,required,1.1.0,synthetic,true,SRC-SYNTH,2026-09-05T00:00:00+08:00,0.88,synthetic,not_applicable,,team_generated,false,dev
JOB-AI-ALG-0049-SKILL-058,JOB-AI-ALG-0049,SKILL-058,48,0.083333,required,1.1.0,synthetic,true,SRC-SYNTH,2026-09-05T00:00:00+08:00,0.88,synthetic,not_applicable,,team_generated,false,dev
JOB-AI-ALG-0049-SKILL-054,JOB-AI-ALG-0049,SKILL-054,48,0.083333,required,1.1.0,synthetic,true,SRC-SYNTH,2026-09-05T00:00:00+08:00,0.88,synthetic,not_applicable,,team_generated,false,dev
JOB-AI-ALG-0049-SKILL-001,JOB-AI-ALG-0049,SKILL-001,76,0.083333,required,1.1.0,synthetic,true,SRC-SYNTH,2026-09-05T00:00:00+08:00,0.88,synthetic,not_applicable,,team_generated,false,dev
JOB-AI-ALG-0049-SKILL-002,JOB-AI-ALG-0049,SKILL-002,71,0.083333,required,1.1.0,synthetic,true,SRC-SYNTH,2026-09-05T00:00:00+08:00,0.88,synthetic,not_applicable,,team_generated,false,dev
JOB-AI-ALG-0049-SKILL-010,JOB-AI-ALG-0049,SKILL-010,70,0.083333,required,1.1.0,synthetic,true,SRC-SYNTH,2026-09-05T00:00:00+08:00,0.88,synthetic,not_applicable,,team_generated,false,dev
JOB-AI-ALG-0049-SKILL-011,JOB-AI-ALG-0049,SKILL-011,70,0.083333,preferred,1.1.0,synthetic,true,SRC-SYNTH,2026-09-05T00:00:00+08:00,0.88,synthetic,not_applicable,,team_generated,false,dev
JOB-AI-ALG-0049-SKILL-017,JOB-AI-ALG-0049,SKILL-017,69,0.083333,preferred,1.1.0,synthetic,true,SRC-SYNTH,2026-09-05T00:00:00+08:00,0.88,synthetic,not_applicable,,team_generated,false,dev
JOB-AI-ALG-0049-SKILL-018,JOB-AI-ALG-0049,SKILL-018,69,0.083333,preferred,1.1.0,synthetic,true,SRC-SYNTH,2026-09-05T00:00:00+08:00,0.88,synthetic,not_applicable,,team_generated,false,dev
JOB-AI-ALG-0049-SKILL-019,JOB-AI-ALG-0049,SKILL-019,64,0.083337,preferred,1.1.0,synthetic,true,SRC-SYNTH,2026-09-05T00:00:00+08:00,0.88,synthetic,not_applicable,,team_generated,false,dev
JOB-AI-ALG-0050-SKILL-036,JOB-AI-ALG-0050,SKILL-036,48,0.076923,required,1.1.0,synthetic,true,SRC-SYNTH,2026-09-05T00:00:00+08:00,0.88,synthetic,not_applicable,,team_generated,false,dev
JOB-AI-ALG-0050-SKILL-048,JOB-AI-ALG-0050,SKILL-048,48,0.076923,required,1.1.0,synthetic,true,SRC-SYNTH,2026-09-05T00:00:00+08:00,0.88,synthetic,not_applicable,,team_generated,false,dev
JOB-AI-ALG-0050-SKILL-058,JOB-AI-ALG-0050,SKILL-058,48,0.076923,required,1.1.0,synthetic,true,SRC-SYNTH,2026-09-05T00:00:00+08:00,0.88,synthetic,not_applicable,,team_generated,false,dev
JOB-AI-ALG-0050-SKILL-054,JOB-AI-ALG-0050,SKILL-054,48,0.076923,required,1.1.0,synthetic,true,SRC-SYNTH,2026-09-05T00:00:00+08:00,0.88,synthetic,not_applicable,,team_generated,false,dev
JOB-AI-ALG-0050-SKILL-001,JOB-AI-ALG-0050,SKILL-001,76,0.076923,required,1.1.0,synthetic,true,SRC-SYNTH,2026-09-05T00:00:00+08:00,0.88,synthetic,not_applicable,,team_generated,false,dev
JOB-AI-ALG-0050-SKILL-002,JOB-AI-ALG-0050,SKILL-002,71,0.076923,required,1.1.0,synthetic,true,SRC-SYNTH,2026-09-05T00:00:00+08:00,0.88,synthetic,not_applicable,,team_generated,false,dev
JOB-AI-ALG-0050-SKILL-010,JOB-AI-ALG-0050,SKILL-010,70,0.076923,required,1.1.0,synthetic,true,SRC-SYNTH,2026-09-05T00:00:00+08:00,0.88,synthetic,not_applicable,,team_generated,false,dev
JOB-AI-ALG-0050-SKILL-011,JOB-AI-ALG-0050,SKILL-011,70,0.076923,required,1.1.0,synthetic,true,SRC-SYNTH,2026-09-05T00:00:00+08:00,0.88,synthetic,not_applicable,,team_generated,false,dev
JOB-AI-ALG-0050-SKILL-017,JOB-AI-ALG-0050,SKILL-017,69,0.076923,required,1.1.0,synthetic,true,SRC-SYNTH,2026-09-05T00:00:00+08:00,0.88,synthetic,not_applicable,,team_generated,false,dev
JOB-AI-ALG-0050-SKILL-018,JOB-AI-ALG-0050,SKILL-018,69,0.076923,preferred,1.1.0,synthetic,true,SRC-SYNTH,2026-09-05T00:00:00+08:00,0.88,synthetic,not_applicable,,team_generated,false,dev
JOB-AI-ALG-0050-SKILL-019,JOB-AI-ALG-0050,SKILL-019,64,0.076923,preferred,1.1.0,synthetic,true,SRC-SYNTH,2026-09-05T00:00:00+08:00,0.88,synthetic,not_applicable,,team_generated,false,dev
JOB-AI-ALG-0050-SKILL-020,JOB-AI-ALG-0050,SKILL-020,63,0.076923,preferred,1.1.0,synthetic,true,SRC-SYNTH,2026-09-05T00:00:00+08:00,0.88,synthetic,not_applicable,,team_generated,false,dev
JOB-AI-ALG-0050-SKILL-021,JOB-AI-ALG-0050,SKILL-021,63,0.076924,preferred,1.1.0,synthetic,true,SRC-SYNTH,2026-09-05T00:00:00+08:00,0.88,synthetic,not_applicable,,team_generated,false,dev
JOB-AI-ALG-0051-SKILL-048,JOB-AI-ALG-0051,SKILL-048,48,0.071429,required,1.1.0,synthetic,true,SRC-SYNTH,2026-09-05T00:00:00+08:00,0.88,synthetic,not_applicable,,team_generated,false,dev
JOB-AI-ALG-0051-SKILL-058,JOB-AI-ALG-0051,SKILL-058,48,0.071429,required,1.1.0,synthetic,true,SRC-SYNTH,2026-09-05T00:00:00+08:00,0.88,synthetic,not_applicable,,team_generated,false,dev
JOB-AI-ALG-0051-SKILL-054,JOB-AI-ALG-0051,SKILL-054,48,0.071429,required,1.1.0,synthetic,true,SRC-SYNTH,2026-09-05T00:00:00+08:00,0.88,synthetic,not_applicable,,team_generated,false,dev
JOB-AI-ALG-0051-SKILL-001,JOB-AI-ALG-0051,SKILL-001,76,0.071429,required,1.1.0,synthetic,true,SRC-SYNTH,2026-09-05T00:00:00+08:00,0.88,synthetic,not_applicable,,team_generated,false,dev
JOB-AI-ALG-0051-SKILL-002,JOB-AI-ALG-0051,SKILL-002,71,0.071429,required,1.1.0,synthetic,true,SRC-SYNTH,2026-09-05T00:00:00+08:00,0.88,synthetic,not_applicable,,team_generated,false,dev
JOB-AI-ALG-0051-SKILL-010,JOB-AI-ALG-0051,SKILL-010,70,0.071429,required,1.1.0,synthetic,true,SRC-SYNTH,2026-09-05T00:00:00+08:00,0.88,synthetic,not_applicable,,team_generated,false,dev
JOB-AI-ALG-0051-SKILL-011,JOB-AI-ALG-0051,SKILL-011,70,0.071429,required,1.1.0,synthetic,true,SRC-SYNTH,2026-09-05T00:00:00+08:00,0.88,synthetic,not_applicable,,team_generated,false,dev
JOB-AI-ALG-0051-SKILL-017,JOB-AI-ALG-0051,SKILL-017,69,0.071429,required,1.1.0,synthetic,true,SRC-SYNTH,2026-09-05T00:00:00+08:00,0.88,synthetic,not_applicable,,team_generated,false,dev
JOB-AI-ALG-0051-SKILL-018,JOB-AI-ALG-0051,SKILL-018,69,0.071429,required,1.1.0,synthetic,true,SRC-SYNTH,2026-09-05T00:00:00+08:00,0.88,synthetic,not_applicable,,team_generated,false,dev
JOB-AI-ALG-0051-SKILL-019,JOB-AI-ALG-0051,SKILL-019,64,0.071429,required,1.1.0,synthetic,true,SRC-SYNTH,2026-09-05T00:00:00+08:00,0.88,synthetic,not_applicable,,team_generated,false,dev
JOB-AI-ALG-0051-SKILL-020,JOB-AI-ALG-0051,SKILL-020,63,0.071429,preferred,1.1.0,synthetic,true,SRC-SYNTH,2026-09-05T00:00:00+08:00,0.88,synthetic,not_applicable,,team_generated,false,dev
JOB-AI-ALG-0051-SKILL-021,JOB-AI-ALG-0051,SKILL-021,63,0.071429,preferred,1.1.0,synthetic,true,SRC-SYNTH,2026-09-05T00:00:00+08:00,0.88,synthetic,not_applicable,,team_generated,false,dev
JOB-AI-ALG-0051-SKILL-022,JOB-AI-ALG-0051,SKILL-022,62,0.071429,preferred,1.1.0,synthetic,true,SRC-SYNTH,2026-09-05T00:00:00+08:00,0.88,synthetic,not_applicable,,team_generated,false,dev
JOB-AI-ALG-0051-SKILL-023,JOB-AI-ALG-0051,SKILL-023,58,0.071423,preferred,1.1.0,synthetic,true,SRC-SYNTH,2026-09-05T00:00:00+08:00,0.88,synthetic,not_applicable,,team_generated,false,dev
JOB-AI-ALG-0052-SKILL-058,JOB-AI-ALG-0052,SKILL-058,48,0.066667,required,1.1.0,synthetic,true,SRC-SYNTH,2026-09-05T00:00:00+08:00,0.88,synthetic,not_applicable,,team_generated,false,dev
JOB-AI-ALG-0052-SKILL-054,JOB-AI-ALG-0052,SKILL-054,48,0.066667,required,1.1.0,synthetic,true,SRC-SYNTH,2026-09-05T00:00:00+08:00,0.88,synthetic,not_applicable,,team_generated,false,dev
JOB-AI-ALG-0052-SKILL-001,JOB-AI-ALG-0052,SKILL-001,76,0.066667,required,1.1.0,synthetic,true,SRC-SYNTH,2026-09-05T00:00:00+08:00,0.88,synthetic,not_applicable,,team_generated,false,dev
JOB-AI-ALG-0052-SKILL-002,JOB-AI-ALG-0052,SKILL-002,71,0.066667,required,1.1.0,synthetic,true,SRC-SYNTH,2026-09-05T00:00:00+08:00,0.88,synthetic,not_applicable,,team_generated,false,dev
JOB-AI-ALG-0052-SKILL-010,JOB-AI-ALG-0052,SKILL-010,70,0.066667,required,1.1.0,synthetic,true,SRC-SYNTH,2026-09-05T00:00:00+08:00,0.88,synthetic,not_applicable,,team_generated,false,dev
JOB-AI-ALG-0052-SKILL-011,JOB-AI-ALG-0052,SKILL-011,70,0.066667,required,1.1.0,synthetic,true,SRC-SYNTH,2026-09-05T00:00:00+08:00,0.88,synthetic,not_applicable,,team_generated,false,dev
JOB-AI-ALG-0052-SKILL-017,JOB-AI-ALG-0052,SKILL-017,69,0.066667,required,1.1.0,synthetic,true,SRC-SYNTH,2026-09-05T00:00:00+08:00,0.88,synthetic,not_applicable,,team_generated,false,dev
JOB-AI-ALG-0052-SKILL-018,JOB-AI-ALG-0052,SKILL-018,69,0.066667,required,1.1.0,synthetic,true,SRC-SYNTH,2026-09-05T00:00:00+08:00,0.88,synthetic,not_applicable,,team_generated,false,dev
JOB-AI-ALG-0052-SKILL-019,JOB-AI-ALG-0052,SKILL-019,64,0.066667,required,1.1.0,synthetic,true,SRC-SYNTH,2026-09-05T00:00:00+08:00,0.88,synthetic,not_applicable,,team_generated,false,dev
JOB-AI-ALG-0052-SKILL-020,JOB-AI-ALG-0052,SKILL-020,63,0.066667,required,1.1.0,synthetic,true,SRC-SYNTH,2026-09-05T00:00:00+08:00,0.88,synthetic,not_applicable,,team_generated,false,dev
JOB-AI-ALG-0052-SKILL-021,JOB-AI-ALG-0052,SKILL-021,63,0.066667,preferred,1.1.0,synthetic,true,SRC-SYNTH,2026-09-05T00:00:00+08:00,0.88,synthetic,not_applicable,,team_generated,false,dev
JOB-AI-ALG-0052-SKILL-022,JOB-AI-ALG-0052,SKILL-022,62,0.066667,preferred,1.1.0,synthetic,true,SRC-SYNTH,2026-09-05T00:00:00+08:00,0.88,synthetic,not_applicable,,team_generated,false,dev
JOB-AI-ALG-0052-SKILL-023,JOB-AI-ALG-0052,SKILL-023,58,0.066667,preferred,1.1.0,synthetic,true,SRC-SYNTH,2026-09-05T00:00:00+08:00,0.88,synthetic,not_applicable,,team_generated,false,dev
JOB-AI-ALG-0052-SKILL-024,JOB-AI-ALG-0052,SKILL-024,53,0.066667,preferred,1.1.0,synthetic,true,SRC-SYNTH,2026-09-05T00:00:00+08:00,0.88,synthetic,not_applicable,,team_generated,false,dev
JOB-AI-ALG-0052-SKILL-025,JOB-AI-ALG-0052,SKILL-025,52,0.066662,preferred,1.1.0,synthetic,true,SRC-SYNTH,2026-09-05T00:00:00+08:00,0.88,synthetic,not_applicable,,team_generated,false,dev
JOB-AI-ALG-0053-SKILL-054,JOB-AI-ALG-0053,SKILL-054,48,0.0625,required,1.1.0,synthetic,true,SRC-SYNTH,2026-09-05T00:00:00+08:00,0.88,synthetic,not_applicable,,team_generated,false,dev
JOB-AI-ALG-0053-SKILL-001,JOB-AI-ALG-0053,SKILL-001,76,0.0625,required,1.1.0,synthetic,true,SRC-SYNTH,2026-09-05T00:00:00+08:00,0.88,synthetic,not_applicable,,team_generated,false,dev
JOB-AI-ALG-0053-SKILL-002,JOB-AI-ALG-0053,SKILL-002,71,0.0625,required,1.1.0,synthetic,true,SRC-SYNTH,2026-09-05T00:00:00+08:00,0.88,synthetic,not_applicable,,team_generated,false,dev
JOB-AI-ALG-0053-SKILL-010,JOB-AI-ALG-0053,SKILL-010,70,0.0625,required,1.1.0,synthetic,true,SRC-SYNTH,2026-09-05T00:00:00+08:00,0.88,synthetic,not_applicable,,team_generated,false,dev
JOB-AI-ALG-0053-SKILL-011,JOB-AI-ALG-0053,SKILL-011,70,0.0625,required,1.1.0,synthetic,true,SRC-SYNTH,2026-09-05T00:00:00+08:00,0.88,synthetic,not_applicable,,team_generated,false,dev
JOB-AI-ALG-0053-SKILL-017,JOB-AI-ALG-0053,SKILL-017,69,0.0625,required,1.1.0,synthetic,true,SRC-SYNTH,2026-09-05T00:00:00+08:00,0.88,synthetic,not_applicable,,team_generated,false,dev
JOB-AI-ALG-0053-SKILL-018,JOB-AI-ALG-0053,SKILL-018,69,0.0625,required,1.1.0,synthetic,true,SRC-SYNTH,2026-09-05T00:00:00+08:00,0.88,synthetic,not_applicable,,team_generated,false,dev
JOB-AI-ALG-0053-SKILL-019,JOB-AI-ALG-0053,SKILL-019,64,0.0625,required,1.1.0,synthetic,true,SRC-SYNTH,2026-09-05T00:00:00+08:00,0.88,synthetic,not_applicable,,team_generated,false,dev
JOB-AI-ALG-0053-SKILL-020,JOB-AI-ALG-0053,SKILL-020,63,0.0625,required,1.1.0,synthetic,true,SRC-SYNTH,2026-09-05T00:00:00+08:00,0.88,synthetic,not_applicable,,team_generated,false,dev
JOB-AI-ALG-0053-SKILL-021,JOB-AI-ALG-0053,SKILL-021,63,0.0625,required,1.1.0,synthetic,true,SRC-SYNTH,2026-09-05T00:00:00+08:00,0.88,synthetic,not_applicable,,team_generated,false,dev
JOB-AI-ALG-0053-SKILL-022,JOB-AI-ALG-0053,SKILL-022,62,0.0625,required,1.1.0,synthetic,true,SRC-SYNTH,2026-09-05T00:00:00+08:00,0.88,synthetic,not_applicable,,team_generated,false,dev
JOB-AI-ALG-0053-SKILL-023,JOB-AI-ALG-0053,SKILL-023,58,0.0625,preferred,1.1.0,synthetic,true,SRC-SYNTH,2026-09-05T00:00:00+08:00,0.88,synthetic,not_applicable,,team_generated,false,dev
JOB-AI-ALG-0053-SKILL-024,JOB-AI-ALG-0053,SKILL-024,53,0.0625,preferred,1.1.0,synthetic,true,SRC-SYNTH,2026-09-05T00:00:00+08:00,0.88,synthetic,not_applicable,,team_generated,false,dev
JOB-AI-ALG-0053-SKILL-025,JOB-AI-ALG-0053,SKILL-025,52,0.0625,preferred,1.1.0,synthetic,true,SRC-SYNTH,2026-09-05T00:00:00+08:00,0.88,synthetic,not_applicable,,team_generated,false,dev
JOB-AI-ALG-0053-SKILL-033,JOB-AI-ALG-0053,SKILL-033,52,0.0625,preferred,1.1.0,synthetic,true,SRC-SYNTH,2026-09-05T00:00:00+08:00,0.88,synthetic,not_applicable,,team_generated,false,dev
JOB-AI-ALG-0053-SKILL-036,JOB-AI-ALG-0053,SKILL-036,51,0.0625,preferred,1.1.0,synthetic,true,SRC-SYNTH,2026-09-05T00:00:00+08:00,0.88,synthetic,not_applicable,,team_generated,false,dev
JOB-AI-ALG-0054-SKILL-001,JOB-AI-ALG-0054,SKILL-001,76,0.058824,required,1.1.0,synthetic,true,SRC-SYNTH,2026-09-05T00:00:00+08:00,0.88,synthetic,not_applicable,,team_generated,false,dev
JOB-AI-ALG-0054-SKILL-002,JOB-AI-ALG-0054,SKILL-002,71,0.058824,required,1.1.0,synthetic,true,SRC-SYNTH,2026-09-05T00:00:00+08:00,0.88,synthetic,not_applicable,,team_generated,false,dev
JOB-AI-ALG-0054-SKILL-010,JOB-AI-ALG-0054,SKILL-010,70,0.058824,required,1.1.0,synthetic,true,SRC-SYNTH,2026-09-05T00:00:00+08:00,0.88,synthetic,not_applicable,,team_generated,false,dev
JOB-AI-ALG-0054-SKILL-011,JOB-AI-ALG-0054,SKILL-011,70,0.058824,required,1.1.0,synthetic,true,SRC-SYNTH,2026-09-05T00:00:00+08:00,0.88,synthetic,not_applicable,,team_generated,false,dev
JOB-AI-ALG-0054-SKILL-017,JOB-AI-ALG-0054,SKILL-017,69,0.058824,required,1.1.0,synthetic,true,SRC-SYNTH,2026-09-05T00:00:00+08:00,0.88,synthetic,not_applicable,,team_generated,false,dev
JOB-AI-ALG-0054-SKILL-018,JOB-AI-ALG-0054,SKILL-018,69,0.058824,required,1.1.0,synthetic,true,SRC-SYNTH,2026-09-05T00:00:00+08:00,0.88,synthetic,not_applicable,,team_generated,false,dev
JOB-AI-ALG-0054-SKILL-019,JOB-AI-ALG-0054,SKILL-019,64,0.058824,required,1.1.0,synthetic,true,SRC-SYNTH,2026-09-05T00:00:00+08:00,0.88,synthetic,not_applicable,,team_generated,false,dev
JOB-AI-ALG-0054-SKILL-020,JOB-AI-ALG-0054,SKILL-020,63,0.058824,required,1.1.0,synthetic,true,SRC-SYNTH,2026-09-05T00:00:00+08:00,0.88,synthetic,not_applicable,,team_generated,false,dev
JOB-AI-ALG-0054-SKILL-021,JOB-AI-ALG-0054,SKILL-021,63,0.058824,required,1.1.0,synthetic,true,SRC-SYNTH,2026-09-05T00:00:00+08:00,0.88,synthetic,not_applicable,,team_generated,false,dev
JOB-AI-ALG-0054-SKILL-022,JOB-AI-ALG-0054,SKILL-022,62,0.058824,required,1.1.0,synthetic,true,SRC-SYNTH,2026-09-05T00:00:00+08:00,0.88,synthetic,not_applicable,,team_generated,false,dev
JOB-AI-ALG-0054-SKILL-023,JOB-AI-ALG-0054,SKILL-023,58,0.058824,required,1.1.0,synthetic,true,SRC-SYNTH,2026-09-05T00:00:00+08:00,0.88,synthetic,not_applicable,,team_generated,false,dev
JOB-AI-ALG-0054-SKILL-024,JOB-AI-ALG-0054,SKILL-024,53,0.058824,required,1.1.0,synthetic,true,SRC-SYNTH,2026-09-05T00:00:00+08:00,0.88,synthetic,not_applicable,,team_generated,false,dev
JOB-AI-ALG-0054-SKILL-025,JOB-AI-ALG-0054,SKILL-025,52,0.058824,preferred,1.1.0,synthetic,true,SRC-SYNTH,2026-09-05T00:00:00+08:00,0.88,synthetic,not_applicable,,team_generated,false,dev
JOB-AI-ALG-0054-SKILL-033,JOB-AI-ALG-0054,SKILL-033,52,0.058824,preferred,1.1.0,synthetic,true,SRC-SYNTH,2026-09-05T00:00:00+08:00,0.88,synthetic,not_applicable,,team_generated,false,dev
JOB-AI-ALG-0054-SKILL-036,JOB-AI-ALG-0054,SKILL-036,51,0.058824,preferred,1.1.0,synthetic,true,SRC-SYNTH,2026-09-05T00:00:00+08:00,0.88,synthetic,not_applicable,,team_generated,false,dev
JOB-AI-ALG-0054-SKILL-048,JOB-AI-ALG-0054,SKILL-048,51,0.058824,preferred,1.1.0,synthetic,true,SRC-SYNTH,2026-09-05T00:00:00+08:00,0.88,synthetic,not_applicable,,team_generated,false,dev
JOB-AI-ALG-0054-SKILL-058,JOB-AI-ALG-0054,SKILL-058,46,0.058816,preferred,1.1.0,synthetic,true,SRC-SYNTH,2026-09-05T00:00:00+08:00,0.88,synthetic,not_applicable,,team_generated,false,dev
JOB-AI-ALG-0055-SKILL-002,JOB-AI-ALG-0055,SKILL-002,71,0.055556,required,1.1.0,synthetic,true,SRC-SYNTH,2026-09-05T00:00:00+08:00,0.88,synthetic,not_applicable,,team_generated,false,dev
JOB-AI-ALG-0055-SKILL-010,JOB-AI-ALG-0055,SKILL-010,70,0.055556,required,1.1.0,synthetic,true,SRC-SYNTH,2026-09-05T00:00:00+08:00,0.88,synthetic,not_applicable,,team_generated,false,dev
JOB-AI-ALG-0055-SKILL-011,JOB-AI-ALG-0055,SKILL-011,70,0.055556,required,1.1.0,synthetic,true,SRC-SYNTH,2026-09-05T00:00:00+08:00,0.88,synthetic,not_applicable,,team_generated,false,dev
JOB-AI-ALG-0055-SKILL-017,JOB-AI-ALG-0055,SKILL-017,69,0.055556,required,1.1.0,synthetic,true,SRC-SYNTH,2026-09-05T00:00:00+08:00,0.88,synthetic,not_applicable,,team_generated,false,dev
JOB-AI-ALG-0055-SKILL-018,JOB-AI-ALG-0055,SKILL-018,69,0.055556,required,1.1.0,synthetic,true,SRC-SYNTH,2026-09-05T00:00:00+08:00,0.88,synthetic,not_applicable,,team_generated,false,dev
JOB-AI-ALG-0055-SKILL-019,JOB-AI-ALG-0055,SKILL-019,64,0.055556,required,1.1.0,synthetic,true,SRC-SYNTH,2026-09-05T00:00:00+08:00,0.88,synthetic,not_applicable,,team_generated,false,dev
JOB-AI-ALG-0055-SKILL-020,JOB-AI-ALG-0055,SKILL-020,63,0.055556,required,1.1.0,synthetic,true,SRC-SYNTH,2026-09-05T00:00:00+08:00,0.88,synthetic,not_applicable,,team_generated,false,dev
JOB-AI-ALG-0055-SKILL-021,JOB-AI-ALG-0055,SKILL-021,63,0.055556,required,1.1.0,synthetic,true,SRC-SYNTH,2026-09-05T00:00:00+08:00,0.88,synthetic,not_applicable,,team_generated,false,dev
JOB-AI-ALG-0055-SKILL-022,JOB-AI-ALG-0055,SKILL-022,62,0.055556,required,1.1.0,synthetic,true,SRC-SYNTH,2026-09-05T00:00:00+08:00,0.88,synthetic,not_applicable,,team_generated,false,dev
JOB-AI-ALG-0055-SKILL-023,JOB-AI-ALG-0055,SKILL-023,58,0.055556,required,1.1.0,synthetic,true,SRC-SYNTH,2026-09-05T00:00:00+08:00,0.88,synthetic,not_applicable,,team_generated,false,dev
JOB-AI-ALG-0055-SKILL-024,JOB-AI-ALG-0055,SKILL-024,53,0.055556,required,1.1.0,synthetic,true,SRC-SYNTH,2026-09-05T00:00:00+08:00,0.88,synthetic,not_applicable,,team_generated,false,dev
JOB-AI-ALG-0055-SKILL-025,JOB-AI-ALG-0055,SKILL-025,52,0.055556,required,1.1.0,synthetic,true,SRC-SYNTH,2026-09-05T00:00:00+08:00,0.88,synthetic,not_applicable,,team_generated,false,dev
JOB-AI-ALG-0055-SKILL-033,JOB-AI-ALG-0055,SKILL-033,52,0.055556,preferred,1.1.0,synthetic,true,SRC-SYNTH,2026-09-05T00:00:00+08:00,0.88,synthetic,not_applicable,,team_generated,false,dev
JOB-AI-ALG-0055-SKILL-036,JOB-AI-ALG-0055,SKILL-036,51,0.055556,preferred,1.1.0,synthetic,true,SRC-SYNTH,2026-09-05T00:00:00+08:00,0.88,synthetic,not_applicable,,team_generated,false,dev
JOB-AI-ALG-0055-SKILL-048,JOB-AI-ALG-0055,SKILL-048,51,0.055556,preferred,1.1.0,synthetic,true,SRC-SYNTH,2026-09-05T00:00:00+08:00,0.88,synthetic,not_applicable,,team_generated,false,dev
JOB-AI-ALG-0055-SKILL-058,JOB-AI-ALG-0055,SKILL-058,46,0.055556,preferred,1.1.0,synthetic,true,SRC-SYNTH,2026-09-05T00:00:00+08:00,0.88,synthetic,not_applicable,,team_generated,false,dev
JOB-AI-ALG-0055-SKILL-054,JOB-AI-ALG-0055,SKILL-054,46,0.055556,preferred,1.1.0,synthetic,true,SRC-SYNTH,2026-09-05T00:00:00+08:00,0.88,synthetic,not_applicable,,team_generated,false,dev
JOB-AI-ALG-0055-SKILL-001,JOB-AI-ALG-0055,SKILL-001,74,0.055548,preferred,1.1.0,synthetic,true,SRC-SYNTH,2026-09-05T00:00:00+08:00,0.88,synthetic,not_applicable,,team_generated,false,dev
JOB-AI-ALG-0056-SKILL-010,JOB-AI-ALG-0056,SKILL-010,70,0.083333,required,1.1.0,synthetic,true,SRC-SYNTH,2026-09-05T00:00:00+08:00,0.88,synthetic,not_applicable,,team_generated,false,dev
JOB-AI-ALG-0056-SKILL-011,JOB-AI-ALG-0056,SKILL-011,70,0.083333,required,1.1.0,synthetic,true,SRC-SYNTH,2026-09-05T00:00:00+08:00,0.88,synthetic,not_applicable,,team_generated,false,dev
JOB-AI-ALG-0056-SKILL-017,JOB-AI-ALG-0056,SKILL-017,69,0.083333,required,1.1.0,synthetic,true,SRC-SYNTH,2026-09-05T00:00:00+08:00,0.88,synthetic,not_applicable,,team_generated,false,dev
JOB-AI-ALG-0056-SKILL-018,JOB-AI-ALG-0056,SKILL-018,69,0.083333,required,1.1.0,synthetic,true,SRC-SYNTH,2026-09-05T00:00:00+08:00,0.88,synthetic,not_applicable,,team_generated,false,dev
JOB-AI-ALG-0056-SKILL-019,JOB-AI-ALG-0056,SKILL-019,64,0.083333,required,1.1.0,synthetic,true,SRC-SYNTH,2026-09-05T00:00:00+08:00,0.88,synthetic,not_applicable,,team_generated,false,dev
JOB-AI-ALG-0056-SKILL-020,JOB-AI-ALG-0056,SKILL-020,63,0.083333,required,1.1.0,synthetic,true,SRC-SYNTH,2026-09-05T00:00:00+08:00,0.88,synthetic,not_applicable,,team_generated,false,dev
JOB-AI-ALG-0056-SKILL-021,JOB-AI-ALG-0056,SKILL-021,63,0.083333,required,1.1.0,synthetic,true,SRC-SYNTH,2026-09-05T00:00:00+08:00,0.88,synthetic,not_applicable,,team_generated,false,dev
JOB-AI-ALG-0056-SKILL-022,JOB-AI-ALG-0056,SKILL-022,62,0.083333,required,1.1.0,synthetic,true,SRC-SYNTH,2026-09-05T00:00:00+08:00,0.88,synthetic,not_applicable,,team_generated,false,dev
JOB-AI-ALG-0056-SKILL-023,JOB-AI-ALG-0056,SKILL-023,58,0.083333,preferred,1.1.0,synthetic,true,SRC-SYNTH,2026-09-05T00:00:00+08:00,0.88,synthetic,not_applicable,,team_generated,false,dev
JOB-AI-ALG-0056-SKILL-024,JOB-AI-ALG-0056,SKILL-024,53,0.083333,preferred,1.1.0,synthetic,true,SRC-SYNTH,2026-09-05T00:00:00+08:00,0.88,synthetic,not_applicable,,team_generated,false,dev
JOB-AI-ALG-0056-SKILL-025,JOB-AI-ALG-0056,SKILL-025,52,0.083333,preferred,1.1.0,synthetic,true,SRC-SYNTH,2026-09-05T00:00:00+08:00,0.88,synthetic,not_applicable,,team_generated,false,dev
JOB-AI-ALG-0056-SKILL-033,JOB-AI-ALG-0056,SKILL-033,52,0.083337,preferred,1.1.0,synthetic,true,SRC-SYNTH,2026-09-05T00:00:00+08:00,0.88,synthetic,not_applicable,,team_generated,false,dev
JOB-AI-ALG-0057-SKILL-011,JOB-AI-ALG-0057,SKILL-011,70,0.076923,required,1.1.0,synthetic,true,SRC-SYNTH,2026-09-05T00:00:00+08:00,0.88,synthetic,not_applicable,,team_generated,false,dev
JOB-AI-ALG-0057-SKILL-017,JOB-AI-ALG-0057,SKILL-017,69,0.076923,required,1.1.0,synthetic,true,SRC-SYNTH,2026-09-05T00:00:00+08:00,0.88,synthetic,not_applicable,,team_generated,false,dev
JOB-AI-ALG-0057-SKILL-018,JOB-AI-ALG-0057,SKILL-018,69,0.076923,required,1.1.0,synthetic,true,SRC-SYNTH,2026-09-05T00:00:00+08:00,0.88,synthetic,not_applicable,,team_generated,false,dev
JOB-AI-ALG-0057-SKILL-019,JOB-AI-ALG-0057,SKILL-019,64,0.076923,required,1.1.0,synthetic,true,SRC-SYNTH,2026-09-05T00:00:00+08:00,0.88,synthetic,not_applicable,,team_generated,false,dev
JOB-AI-ALG-0057-SKILL-020,JOB-AI-ALG-0057,SKILL-020,63,0.076923,required,1.1.0,synthetic,true,SRC-SYNTH,2026-09-05T00:00:00+08:00,0.88,synthetic,not_applicable,,team_generated,false,dev
JOB-AI-ALG-0057-SKILL-021,JOB-AI-ALG-0057,SKILL-021,63,0.076923,required,1.1.0,synthetic,true,SRC-SYNTH,2026-09-05T00:00:00+08:00,0.88,synthetic,not_applicable,,team_generated,false,dev
JOB-AI-ALG-0057-SKILL-022,JOB-AI-ALG-0057,SKILL-022,62,0.076923,required,1.1.0,synthetic,true,SRC-SYNTH,2026-09-05T00:00:00+08:00,0.88,synthetic,not_applicable,,team_generated,false,dev
JOB-AI-ALG-0057-SKILL-023,JOB-AI-ALG-0057,SKILL-023,58,0.076923,required,1.1.0,synthetic,true,SRC-SYNTH,2026-09-05T00:00:00+08:00,0.88,synthetic,not_applicable,,team_generated,false,dev
JOB-AI-ALG-0057-SKILL-024,JOB-AI-ALG-0057,SKILL-024,53,0.076923,required,1.1.0,synthetic,true,SRC-SYNTH,2026-09-05T00:00:00+08:00,0.88,synthetic,not_applicable,,team_generated,false,dev
JOB-AI-ALG-0057-SKILL-025,JOB-AI-ALG-0057,SKILL-025,52,0.076923,preferred,1.1.0,synthetic,true,SRC-SYNTH,2026-09-05T00:00:00+08:00,0.88,synthetic,not_applicable,,team_generated,false,dev
JOB-AI-ALG-0057-SKILL-033,JOB-AI-ALG-0057,SKILL-033,52,0.076923,preferred,1.1.0,synthetic,true,SRC-SYNTH,2026-09-05T00:00:00+08:00,0.88,synthetic,not_applicable,,team_generated,false,dev
JOB-AI-ALG-0057-SKILL-036,JOB-AI-ALG-0057,SKILL-036,51,0.076923,preferred,1.1.0,synthetic,true,SRC-SYNTH,2026-09-05T00:00:00+08:00,0.88,synthetic,not_applicable,,team_generated,false,dev
JOB-AI-ALG-0057-SKILL-048,JOB-AI-ALG-0057,SKILL-048,51,0.076924,preferred,1.1.0,synthetic,true,SRC-SYNTH,2026-09-05T00:00:00+08:00,0.88,synthetic,not_applicable,,team_generated,false,dev
JOB-AI-ALG-0058-SKILL-017,JOB-AI-ALG-0058,SKILL-017,69,0.071429,required,1.1.0,synthetic,true,SRC-SYNTH,2026-09-05T00:00:00+08:00,0.88,synthetic,not_applicable,,team_generated,false,dev
JOB-AI-ALG-0058-SKILL-018,JOB-AI-ALG-0058,SKILL-018,69,0.071429,required,1.1.0,synthetic,true,SRC-SYNTH,2026-09-05T00:00:00+08:00,0.88,synthetic,not_applicable,,team_generated,false,dev
JOB-AI-ALG-0058-SKILL-019,JOB-AI-ALG-0058,SKILL-019,64,0.071429,required,1.1.0,synthetic,true,SRC-SYNTH,2026-09-05T00:00:00+08:00,0.88,synthetic,not_applicable,,team_generated,false,dev
JOB-AI-ALG-0058-SKILL-020,JOB-AI-ALG-0058,SKILL-020,63,0.071429,required,1.1.0,synthetic,true,SRC-SYNTH,2026-09-05T00:00:00+08:00,0.88,synthetic,not_applicable,,team_generated,false,dev
JOB-AI-ALG-0058-SKILL-021,JOB-AI-ALG-0058,SKILL-021,63,0.071429,required,1.1.0,synthetic,true,SRC-SYNTH,2026-09-05T00:00:00+08:00,0.88,synthetic,not_applicable,,team_generated,false,dev
JOB-AI-ALG-0058-SKILL-022,JOB-AI-ALG-0058,SKILL-022,62,0.071429,required,1.1.0,synthetic,true,SRC-SYNTH,2026-09-05T00:00:00+08:00,0.88,synthetic,not_applicable,,team_generated,false,dev
JOB-AI-ALG-0058-SKILL-023,JOB-AI-ALG-0058,SKILL-023,58,0.071429,required,1.1.0,synthetic,true,SRC-SYNTH,2026-09-05T00:00:00+08:00,0.88,synthetic,not_applicable,,team_generated,false,dev
JOB-AI-ALG-0058-SKILL-024,JOB-AI-ALG-0058,SKILL-024,53,0.071429,required,1.1.0,synthetic,true,SRC-SYNTH,2026-09-05T00:00:00+08:00,0.88,synthetic,not_applicable,,team_generated,false,dev
JOB-AI-ALG-0058-SKILL-025,JOB-AI-ALG-0058,SKILL-025,52,0.071429,required,1.1.0,synthetic,true,SRC-SYNTH,2026-09-05T00:00:00+08:00,0.88,synthetic,not_applicable,,team_generated,false,dev
JOB-AI-ALG-0058-SKILL-033,JOB-AI-ALG-0058,SKILL-033,52,0.071429,required,1.1.0,synthetic,true,SRC-SYNTH,2026-09-05T00:00:00+08:00,0.88,synthetic,not_applicable,,team_generated,false,dev
JOB-AI-ALG-0058-SKILL-036,JOB-AI-ALG-0058,SKILL-036,51,0.071429,preferred,1.1.0,synthetic,true,SRC-SYNTH,2026-09-05T00:00:00+08:00,0.88,synthetic,not_applicable,,team_generated,false,dev
JOB-AI-ALG-0058-SKILL-048,JOB-AI-ALG-0058,SKILL-048,51,0.071429,preferred,1.1.0,synthetic,true,SRC-SYNTH,2026-09-05T00:00:00+08:00,0.88,synthetic,not_applicable,,team_generated,false,dev
JOB-AI-ALG-0058-SKILL-058,JOB-AI-ALG-0058,SKILL-058,46,0.071429,preferred,1.1.0,synthetic,true,SRC-SYNTH,2026-09-05T00:00:00+08:00,0.88,synthetic,not_applicable,,team_generated,false,dev
JOB-AI-ALG-0058-SKILL-054,JOB-AI-ALG-0058,SKILL-054,46,0.071423,preferred,1.1.0,synthetic,true,SRC-SYNTH,2026-09-05T00:00:00+08:00,0.88,synthetic,not_applicable,,team_generated,false,dev
JOB-AI-ALG-0059-SKILL-018,JOB-AI-ALG-0059,SKILL-018,69,0.066667,required,1.1.0,synthetic,true,SRC-SYNTH,2026-09-05T00:00:00+08:00,0.88,synthetic,not_applicable,,team_generated,false,dev
JOB-AI-ALG-0059-SKILL-019,JOB-AI-ALG-0059,SKILL-019,64,0.066667,required,1.1.0,synthetic,true,SRC-SYNTH,2026-09-05T00:00:00+08:00,0.88,synthetic,not_applicable,,team_generated,false,dev
JOB-AI-ALG-0059-SKILL-020,JOB-AI-ALG-0059,SKILL-020,63,0.066667,required,1.1.0,synthetic,true,SRC-SYNTH,2026-09-05T00:00:00+08:00,0.88,synthetic,not_applicable,,team_generated,false,dev
JOB-AI-ALG-0059-SKILL-021,JOB-AI-ALG-0059,SKILL-021,63,0.066667,required,1.1.0,synthetic,true,SRC-SYNTH,2026-09-05T00:00:00+08:00,0.88,synthetic,not_applicable,,team_generated,false,dev
JOB-AI-ALG-0059-SKILL-022,JOB-AI-ALG-0059,SKILL-022,62,0.066667,required,1.1.0,synthetic,true,SRC-SYNTH,2026-09-05T00:00:00+08:00,0.88,synthetic,not_applicable,,team_generated,false,dev
JOB-AI-ALG-0059-SKILL-023,JOB-AI-ALG-0059,SKILL-023,58,0.066667,required,1.1.0,synthetic,true,SRC-SYNTH,2026-09-05T00:00:00+08:00,0.88,synthetic,not_applicable,,team_generated,false,dev
JOB-AI-ALG-0059-SKILL-024,JOB-AI-ALG-0059,SKILL-024,53,0.066667,required,1.1.0,synthetic,true,SRC-SYNTH,2026-09-05T00:00:00+08:00,0.88,synthetic,not_applicable,,team_generated,false,dev
JOB-AI-ALG-0059-SKILL-025,JOB-AI-ALG-0059,SKILL-025,52,0.066667,required,1.1.0,synthetic,true,SRC-SYNTH,2026-09-05T00:00:00+08:00,0.88,synthetic,not_applicable,,team_generated,false,dev
JOB-AI-ALG-0059-SKILL-033,JOB-AI-ALG-0059,SKILL-033,52,0.066667,required,1.1.0,synthetic,true,SRC-SYNTH,2026-09-05T00:00:00+08:00,0.88,synthetic,not_applicable,,team_generated,false,dev
JOB-AI-ALG-0059-SKILL-036,JOB-AI-ALG-0059,SKILL-036,51,0.066667,required,1.1.0,synthetic,true,SRC-SYNTH,2026-09-05T00:00:00+08:00,0.88,synthetic,not_applicable,,team_generated,false,dev
JOB-AI-ALG-0059-SKILL-048,JOB-AI-ALG-0059,SKILL-048,51,0.066667,preferred,1.1.0,synthetic,true,SRC-SYNTH,2026-09-05T00:00:00+08:00,0.88,synthetic,not_applicable,,team_generated,false,dev
JOB-AI-ALG-0059-SKILL-058,JOB-AI-ALG-0059,SKILL-058,46,0.066667,preferred,1.1.0,synthetic,true,SRC-SYNTH,2026-09-05T00:00:00+08:00,0.88,synthetic,not_applicable,,team_generated,false,dev
JOB-AI-ALG-0059-SKILL-054,JOB-AI-ALG-0059,SKILL-054,46,0.066667,preferred,1.1.0,synthetic,true,SRC-SYNTH,2026-09-05T00:00:00+08:00,0.88,synthetic,not_applicable,,team_generated,false,dev
JOB-AI-ALG-0059-SKILL-001,JOB-AI-ALG-0059,SKILL-001,74,0.066667,preferred,1.1.0,synthetic,true,SRC-SYNTH,2026-09-05T00:00:00+08:00,0.88,synthetic,not_applicable,,team_generated,false,dev
JOB-AI-ALG-0059-SKILL-002,JOB-AI-ALG-0059,SKILL-002,74,0.066662,preferred,1.1.0,synthetic,true,SRC-SYNTH,2026-09-05T00:00:00+08:00,0.88,synthetic,not_applicable,,team_generated,false,dev
JOB-AI-ALG-0060-SKILL-019,JOB-AI-ALG-0060,SKILL-019,64,0.0625,required,1.1.0,synthetic,true,SRC-SYNTH,2026-09-05T00:00:00+08:00,0.88,synthetic,not_applicable,,team_generated,false,dev
JOB-AI-ALG-0060-SKILL-020,JOB-AI-ALG-0060,SKILL-020,63,0.0625,required,1.1.0,synthetic,true,SRC-SYNTH,2026-09-05T00:00:00+08:00,0.88,synthetic,not_applicable,,team_generated,false,dev
JOB-AI-ALG-0060-SKILL-021,JOB-AI-ALG-0060,SKILL-021,63,0.0625,required,1.1.0,synthetic,true,SRC-SYNTH,2026-09-05T00:00:00+08:00,0.88,synthetic,not_applicable,,team_generated,false,dev
JOB-AI-ALG-0060-SKILL-022,JOB-AI-ALG-0060,SKILL-022,62,0.0625,required,1.1.0,synthetic,true,SRC-SYNTH,2026-09-05T00:00:00+08:00,0.88,synthetic,not_applicable,,team_generated,false,dev
JOB-AI-ALG-0060-SKILL-023,JOB-AI-ALG-0060,SKILL-023,58,0.0625,required,1.1.0,synthetic,true,SRC-SYNTH,2026-09-05T00:00:00+08:00,0.88,synthetic,not_applicable,,team_generated,false,dev
JOB-AI-ALG-0060-SKILL-024,JOB-AI-ALG-0060,SKILL-024,53,0.0625,required,1.1.0,synthetic,true,SRC-SYNTH,2026-09-05T00:00:00+08:00,0.88,synthetic,not_applicable,,team_generated,false,dev
JOB-AI-ALG-0060-SKILL-025,JOB-AI-ALG-0060,SKILL-025,52,0.0625,required,1.1.0,synthetic,true,SRC-SYNTH,2026-09-05T00:00:00+08:00,0.88,synthetic,not_applicable,,team_generated,false,dev
JOB-AI-ALG-0060-SKILL-033,JOB-AI-ALG-0060,SKILL-033,52,0.0625,required,1.1.0,synthetic,true,SRC-SYNTH,2026-09-05T00:00:00+08:00,0.88,synthetic,not_applicable,,team_generated,false,dev
JOB-AI-ALG-0060-SKILL-036,JOB-AI-ALG-0060,SKILL-036,51,0.0625,required,1.1.0,synthetic,true,SRC-SYNTH,2026-09-05T00:00:00+08:00,0.88,synthetic,not_applicable,,team_generated,false,dev
JOB-AI-ALG-0060-SKILL-048,JOB-AI-ALG-0060,SKILL-048,51,0.0625,required,1.1.0,synthetic,true,SRC-SYNTH,2026-09-05T00:00:00+08:00,0.88,synthetic,not_applicable,,team_generated,false,dev
JOB-AI-ALG-0060-SKILL-058,JOB-AI-ALG-0060,SKILL-058,46,0.0625,required,1.1.0,synthetic,true,SRC-SYNTH,2026-09-05T00:00:00+08:00,0.88,synthetic,not_applicable,,team_generated,false,dev
JOB-AI-ALG-0060-SKILL-054,JOB-AI-ALG-0060,SKILL-054,46,0.0625,preferred,1.1.0,synthetic,true,SRC-SYNTH,2026-09-05T00:00:00+08:00,0.88,synthetic,not_applicable,,team_generated,false,dev
JOB-AI-ALG-0060-SKILL-001,JOB-AI-ALG-0060,SKILL-001,74,0.0625,preferred,1.1.0,synthetic,true,SRC-SYNTH,2026-09-05T00:00:00+08:00,0.88,synthetic,not_applicable,,team_generated,false,dev
JOB-AI-ALG-0060-SKILL-002,JOB-AI-ALG-0060,SKILL-002,74,0.0625,preferred,1.1.0,synthetic,true,SRC-SYNTH,2026-09-05T00:00:00+08:00,0.88,synthetic,not_applicable,,team_generated,false,dev
JOB-AI-ALG-0060-SKILL-010,JOB-AI-ALG-0060,SKILL-010,73,0.0625,preferred,1.1.0,synthetic,true,SRC-SYNTH,2026-09-05T00:00:00+08:00,0.88,synthetic,not_applicable,,team_generated,false,dev
JOB-AI-ALG-0060-SKILL-011,JOB-AI-ALG-0060,SKILL-011,68,0.0625,preferred,1.1.0,synthetic,true,SRC-SYNTH,2026-09-05T00:00:00+08:00,0.88,synthetic,not_applicable,,team_generated,false,dev
JOB-AI-ALG-0061-SKILL-020,JOB-AI-ALG-0061,SKILL-020,63,0.058824,required,1.1.0,synthetic,true,SRC-SYNTH,2026-09-05T00:00:00+08:00,0.88,synthetic,not_applicable,,team_generated,false,dev
JOB-AI-ALG-0061-SKILL-021,JOB-AI-ALG-0061,SKILL-021,63,0.058824,required,1.1.0,synthetic,true,SRC-SYNTH,2026-09-05T00:00:00+08:00,0.88,synthetic,not_applicable,,team_generated,false,dev
JOB-AI-ALG-0061-SKILL-022,JOB-AI-ALG-0061,SKILL-022,62,0.058824,required,1.1.0,synthetic,true,SRC-SYNTH,2026-09-05T00:00:00+08:00,0.88,synthetic,not_applicable,,team_generated,false,dev
JOB-AI-ALG-0061-SKILL-023,JOB-AI-ALG-0061,SKILL-023,58,0.058824,required,1.1.0,synthetic,true,SRC-SYNTH,2026-09-05T00:00:00+08:00,0.88,synthetic,not_applicable,,team_generated,false,dev
JOB-AI-ALG-0061-SKILL-024,JOB-AI-ALG-0061,SKILL-024,53,0.058824,required,1.1.0,synthetic,true,SRC-SYNTH,2026-09-05T00:00:00+08:00,0.88,synthetic,not_applicable,,team_generated,false,dev
JOB-AI-ALG-0061-SKILL-025,JOB-AI-ALG-0061,SKILL-025,52,0.058824,required,1.1.0,synthetic,true,SRC-SYNTH,2026-09-05T00:00:00+08:00,0.88,synthetic,not_applicable,,team_generated,false,dev
JOB-AI-ALG-0061-SKILL-033,JOB-AI-ALG-0061,SKILL-033,52,0.058824,required,1.1.0,synthetic,true,SRC-SYNTH,2026-09-05T00:00:00+08:00,0.88,synthetic,not_applicable,,team_generated,false,dev
JOB-AI-ALG-0061-SKILL-036,JOB-AI-ALG-0061,SKILL-036,51,0.058824,required,1.1.0,synthetic,true,SRC-SYNTH,2026-09-05T00:00:00+08:00,0.88,synthetic,not_applicable,,team_generated,false,dev
JOB-AI-ALG-0061-SKILL-048,JOB-AI-ALG-0061,SKILL-048,51,0.058824,required,1.1.0,synthetic,true,SRC-SYNTH,2026-09-05T00:00:00+08:00,0.88,synthetic,not_applicable,,team_generated,false,dev
JOB-AI-ALG-0061-SKILL-058,JOB-AI-ALG-0061,SKILL-058,46,0.058824,required,1.1.0,synthetic,true,SRC-SYNTH,2026-09-05T00:00:00+08:00,0.88,synthetic,not_applicable,,team_generated,false,dev
JOB-AI-ALG-0061-SKILL-054,JOB-AI-ALG-0061,SKILL-054,46,0.058824,required,1.1.0,synthetic,true,SRC-SYNTH,2026-09-05T00:00:00+08:00,0.88,synthetic,not_applicable,,team_generated,false,dev
JOB-AI-ALG-0061-SKILL-001,JOB-AI-ALG-0061,SKILL-001,74,0.058824,required,1.1.0,synthetic,true,SRC-SYNTH,2026-09-05T00:00:00+08:00,0.88,synthetic,not_applicable,,team_generated,false,dev
JOB-AI-ALG-0061-SKILL-002,JOB-AI-ALG-0061,SKILL-002,74,0.058824,preferred,1.1.0,synthetic,true,SRC-SYNTH,2026-09-05T00:00:00+08:00,0.88,synthetic,not_applicable,,team_generated,false,dev
JOB-AI-ALG-0061-SKILL-010,JOB-AI-ALG-0061,SKILL-010,73,0.058824,preferred,1.1.0,synthetic,true,SRC-SYNTH,2026-09-05T00:00:00+08:00,0.88,synthetic,not_applicable,,team_generated,false,dev
JOB-AI-ALG-0061-SKILL-011,JOB-AI-ALG-0061,SKILL-011,68,0.058824,preferred,1.1.0,synthetic,true,SRC-SYNTH,2026-09-05T00:00:00+08:00,0.88,synthetic,not_applicable,,team_generated,false,dev
JOB-AI-ALG-0061-SKILL-017,JOB-AI-ALG-0061,SKILL-017,67,0.058824,preferred,1.1.0,synthetic,true,SRC-SYNTH,2026-09-05T00:00:00+08:00,0.88,synthetic,not_applicable,,team_generated,false,dev
JOB-AI-ALG-0061-SKILL-018,JOB-AI-ALG-0061,SKILL-018,67,0.058816,preferred,1.1.0,synthetic,true,SRC-SYNTH,2026-09-05T00:00:00+08:00,0.88,synthetic,not_applicable,,team_generated,false,dev
JOB-AI-ALG-0062-SKILL-021,JOB-AI-ALG-0062,SKILL-021,63,0.055556,required,1.1.0,synthetic,true,SRC-SYNTH,2026-09-05T00:00:00+08:00,0.88,synthetic,not_applicable,,team_generated,false,dev
JOB-AI-ALG-0062-SKILL-022,JOB-AI-ALG-0062,SKILL-022,62,0.055556,required,1.1.0,synthetic,true,SRC-SYNTH,2026-09-05T00:00:00+08:00,0.88,synthetic,not_applicable,,team_generated,false,dev
JOB-AI-ALG-0062-SKILL-023,JOB-AI-ALG-0062,SKILL-023,58,0.055556,required,1.1.0,synthetic,true,SRC-SYNTH,2026-09-05T00:00:00+08:00,0.88,synthetic,not_applicable,,team_generated,false,dev
JOB-AI-ALG-0062-SKILL-024,JOB-AI-ALG-0062,SKILL-024,53,0.055556,required,1.1.0,synthetic,true,SRC-SYNTH,2026-09-05T00:00:00+08:00,0.88,synthetic,not_applicable,,team_generated,false,dev
JOB-AI-ALG-0062-SKILL-025,JOB-AI-ALG-0062,SKILL-025,52,0.055556,required,1.1.0,synthetic,true,SRC-SYNTH,2026-09-05T00:00:00+08:00,0.88,synthetic,not_applicable,,team_generated,false,dev
JOB-AI-ALG-0062-SKILL-033,JOB-AI-ALG-0062,SKILL-033,52,0.055556,required,1.1.0,synthetic,true,SRC-SYNTH,2026-09-05T00:00:00+08:00,0.88,synthetic,not_applicable,,team_generated,false,dev
JOB-AI-ALG-0062-SKILL-036,JOB-AI-ALG-0062,SKILL-036,51,0.055556,required,1.1.0,synthetic,true,SRC-SYNTH,2026-09-05T00:00:00+08:00,0.88,synthetic,not_applicable,,team_generated,false,dev
JOB-AI-ALG-0062-SKILL-048,JOB-AI-ALG-0062,SKILL-048,51,0.055556,required,1.1.0,synthetic,true,SRC-SYNTH,2026-09-05T00:00:00+08:00,0.88,synthetic,not_applicable,,team_generated,false,dev
JOB-AI-ALG-0062-SKILL-058,JOB-AI-ALG-0062,SKILL-058,46,0.055556,required,1.1.0,synthetic,true,SRC-SYNTH,2026-09-05T00:00:00+08:00,0.88,synthetic,not_applicable,,team_generated,false,dev
JOB-AI-ALG-0062-SKILL-054,JOB-AI-ALG-0062,SKILL-054,46,0.055556,required,1.1.0,synthetic,true,SRC-SYNTH,2026-09-05T00:00:00+08:00,0.88,synthetic,not_applicable,,team_generated,false,dev
JOB-AI-ALG-0062-SKILL-001,JOB-AI-ALG-0062,SKILL-001,74,0.055556,required,1.1.0,synthetic,true,SRC-SYNTH,2026-09-05T00:00:00+08:00,0.88,synthetic,not_applicable,,team_generated,false,dev
JOB-AI-ALG-0062-SKILL-002,JOB-AI-ALG-0062,SKILL-002,74,0.055556,required,1.1.0,synthetic,true,SRC-SYNTH,2026-09-05T00:00:00+08:00,0.88,synthetic,not_applicable,,team_generated,false,dev
JOB-AI-ALG-0062-SKILL-010,JOB-AI-ALG-0062,SKILL-010,73,0.055556,preferred,1.1.0,synthetic,true,SRC-SYNTH,2026-09-05T00:00:00+08:00,0.88,synthetic,not_applicable,,team_generated,false,dev
JOB-AI-ALG-0062-SKILL-011,JOB-AI-ALG-0062,SKILL-011,68,0.055556,preferred,1.1.0,synthetic,true,SRC-SYNTH,2026-09-05T00:00:00+08:00,0.88,synthetic,not_applicable,,team_generated,false,dev
JOB-AI-ALG-0062-SKILL-017,JOB-AI-ALG-0062,SKILL-017,67,0.055556,preferred,1.1.0,synthetic,true,SRC-SYNTH,2026-09-05T00:00:00+08:00,0.88,synthetic,not_applicable,,team_generated,false,dev
JOB-AI-ALG-0062-SKILL-018,JOB-AI-ALG-0062,SKILL-018,67,0.055556,preferred,1.1.0,synthetic,true,SRC-SYNTH,2026-09-05T00:00:00+08:00,0.88,synthetic,not_applicable,,team_generated,false,dev
JOB-AI-ALG-0062-SKILL-019,JOB-AI-ALG-0062,SKILL-019,67,0.055556,preferred,1.1.0,synthetic,true,SRC-SYNTH,2026-09-05T00:00:00+08:00,0.88,synthetic,not_applicable,,team_generated,false,dev
JOB-AI-ALG-0062-SKILL-020,JOB-AI-ALG-0062,SKILL-020,66,0.055548,preferred,1.1.0,synthetic,true,SRC-SYNTH,2026-09-05T00:00:00+08:00,0.88,synthetic,not_applicable,,team_generated,false,dev
JOB-AI-ALG-0063-SKILL-022,JOB-AI-ALG-0063,SKILL-022,62,0.083333,required,1.1.0,synthetic,true,SRC-SYNTH,2026-09-05T00:00:00+08:00,0.88,synthetic,not_applicable,,team_generated,false,dev
JOB-AI-ALG-0063-SKILL-023,JOB-AI-ALG-0063,SKILL-023,58,0.083333,required,1.1.0,synthetic,true,SRC-SYNTH,2026-09-05T00:00:00+08:00,0.88,synthetic,not_applicable,,team_generated,false,dev
JOB-AI-ALG-0063-SKILL-024,JOB-AI-ALG-0063,SKILL-024,53,0.083333,required,1.1.0,synthetic,true,SRC-SYNTH,2026-09-05T00:00:00+08:00,0.88,synthetic,not_applicable,,team_generated,false,dev
JOB-AI-ALG-0063-SKILL-025,JOB-AI-ALG-0063,SKILL-025,52,0.083333,required,1.1.0,synthetic,true,SRC-SYNTH,2026-09-05T00:00:00+08:00,0.88,synthetic,not_applicable,,team_generated,false,dev
JOB-AI-ALG-0063-SKILL-033,JOB-AI-ALG-0063,SKILL-033,52,0.083333,required,1.1.0,synthetic,true,SRC-SYNTH,2026-09-05T00:00:00+08:00,0.88,synthetic,not_applicable,,team_generated,false,dev
JOB-AI-ALG-0063-SKILL-036,JOB-AI-ALG-0063,SKILL-036,51,0.083333,required,1.1.0,synthetic,true,SRC-SYNTH,2026-09-05T00:00:00+08:00,0.88,synthetic,not_applicable,,team_generated,false,dev
JOB-AI-ALG-0063-SKILL-048,JOB-AI-ALG-0063,SKILL-048,51,0.083333,required,1.1.0,synthetic,true,SRC-SYNTH,2026-09-05T00:00:00+08:00,0.88,synthetic,not_applicable,,team_generated,false,dev
JOB-AI-ALG-0063-SKILL-058,JOB-AI-ALG-0063,SKILL-058,46,0.083333,required,1.1.0,synthetic,true,SRC-SYNTH,2026-09-05T00:00:00+08:00,0.88,synthetic,not_applicable,,team_generated,false,dev
JOB-AI-ALG-0063-SKILL-054,JOB-AI-ALG-0063,SKILL-054,46,0.083333,preferred,1.1.0,synthetic,true,SRC-SYNTH,2026-09-05T00:00:00+08:00,0.88,synthetic,not_applicable,,team_generated,false,dev
JOB-AI-ALG-0063-SKILL-001,JOB-AI-ALG-0063,SKILL-001,74,0.083333,preferred,1.1.0,synthetic,true,SRC-SYNTH,2026-09-05T00:00:00+08:00,0.88,synthetic,not_applicable,,team_generated,false,dev
JOB-AI-ALG-0063-SKILL-002,JOB-AI-ALG-0063,SKILL-002,74,0.083333,preferred,1.1.0,synthetic,true,SRC-SYNTH,2026-09-05T00:00:00+08:00,0.88,synthetic,not_applicable,,team_generated,false,dev
JOB-AI-ALG-0063-SKILL-010,JOB-AI-ALG-0063,SKILL-010,73,0.083337,preferred,1.1.0,synthetic,true,SRC-SYNTH,2026-09-05T00:00:00+08:00,0.88,synthetic,not_applicable,,team_generated,false,dev
JOB-AI-ALG-0064-SKILL-023,JOB-AI-ALG-0064,SKILL-023,58,0.076923,required,1.1.0,synthetic,true,SRC-SYNTH,2026-09-05T00:00:00+08:00,0.88,synthetic,not_applicable,,team_generated,false,dev
JOB-AI-ALG-0064-SKILL-024,JOB-AI-ALG-0064,SKILL-024,53,0.076923,required,1.1.0,synthetic,true,SRC-SYNTH,2026-09-05T00:00:00+08:00,0.88,synthetic,not_applicable,,team_generated,false,dev
JOB-AI-ALG-0064-SKILL-025,JOB-AI-ALG-0064,SKILL-025,52,0.076923,required,1.1.0,synthetic,true,SRC-SYNTH,2026-09-05T00:00:00+08:00,0.88,synthetic,not_applicable,,team_generated,false,dev
JOB-AI-ALG-0064-SKILL-033,JOB-AI-ALG-0064,SKILL-033,52,0.076923,required,1.1.0,synthetic,true,SRC-SYNTH,2026-09-05T00:00:00+08:00,0.88,synthetic,not_applicable,,team_generated,false,dev
JOB-AI-ALG-0064-SKILL-036,JOB-AI-ALG-0064,SKILL-036,51,0.076923,required,1.1.0,synthetic,true,SRC-SYNTH,2026-09-05T00:00:00+08:00,0.88,synthetic,not_applicable,,team_generated,false,dev
JOB-AI-ALG-0064-SKILL-048,JOB-AI-ALG-0064,SKILL-048,51,0.076923,required,1.1.0,synthetic,true,SRC-SYNTH,2026-09-05T00:00:00+08:00,0.88,synthetic,not_applicable,,team_generated,false,dev
JOB-AI-ALG-0064-SKILL-058,JOB-AI-ALG-0064,SKILL-058,46,0.076923,required,1.1.0,synthetic,true,SRC-SYNTH,2026-09-05T00:00:00+08:00,0.88,synthetic,not_applicable,,team_generated,false,dev
JOB-AI-ALG-0064-SKILL-054,JOB-AI-ALG-0064,SKILL-054,46,0.076923,required,1.1.0,synthetic,true,SRC-SYNTH,2026-09-05T00:00:00+08:00,0.88,synthetic,not_applicable,,team_generated,false,dev
JOB-AI-ALG-0064-SKILL-001,JOB-AI-ALG-0064,SKILL-001,74,0.076923,required,1.1.0,synthetic,true,SRC-SYNTH,2026-09-05T00:00:00+08:00,0.88,synthetic,not_applicable,,team_generated,false,dev
JOB-AI-ALG-0064-SKILL-002,JOB-AI-ALG-0064,SKILL-002,74,0.076923,preferred,1.1.0,synthetic,true,SRC-SYNTH,2026-09-05T00:00:00+08:00,0.88,synthetic,not_applicable,,team_generated,false,dev
JOB-AI-ALG-0064-SKILL-010,JOB-AI-ALG-0064,SKILL-010,73,0.076923,preferred,1.1.0,synthetic,true,SRC-SYNTH,2026-09-05T00:00:00+08:00,0.88,synthetic,not_applicable,,team_generated,false,dev
JOB-AI-ALG-0064-SKILL-011,JOB-AI-ALG-0064,SKILL-011,68,0.076923,preferred,1.1.0,synthetic,true,SRC-SYNTH,2026-09-05T00:00:00+08:00,0.88,synthetic,not_applicable,,team_generated,false,dev
JOB-AI-ALG-0064-SKILL-017,JOB-AI-ALG-0064,SKILL-017,67,0.076924,preferred,1.1.0,synthetic,true,SRC-SYNTH,2026-09-05T00:00:00+08:00,0.88,synthetic,not_applicable,,team_generated,false,dev
JOB-AI-ALG-0065-SKILL-024,JOB-AI-ALG-0065,SKILL-024,53,0.071429,required,1.1.0,synthetic,true,SRC-SYNTH,2026-09-05T00:00:00+08:00,0.88,synthetic,not_applicable,,team_generated,false,dev
JOB-AI-ALG-0065-SKILL-025,JOB-AI-ALG-0065,SKILL-025,52,0.071429,required,1.1.0,synthetic,true,SRC-SYNTH,2026-09-05T00:00:00+08:00,0.88,synthetic,not_applicable,,team_generated,false,dev
JOB-AI-ALG-0065-SKILL-033,JOB-AI-ALG-0065,SKILL-033,52,0.071429,required,1.1.0,synthetic,true,SRC-SYNTH,2026-09-05T00:00:00+08:00,0.88,synthetic,not_applicable,,team_generated,false,dev
JOB-AI-ALG-0065-SKILL-036,JOB-AI-ALG-0065,SKILL-036,51,0.071429,required,1.1.0,synthetic,true,SRC-SYNTH,2026-09-05T00:00:00+08:00,0.88,synthetic,not_applicable,,team_generated,false,dev
JOB-AI-ALG-0065-SKILL-048,JOB-AI-ALG-0065,SKILL-048,51,0.071429,required,1.1.0,synthetic,true,SRC-SYNTH,2026-09-05T00:00:00+08:00,0.88,synthetic,not_applicable,,team_generated,false,dev
JOB-AI-ALG-0065-SKILL-058,JOB-AI-ALG-0065,SKILL-058,46,0.071429,required,1.1.0,synthetic,true,SRC-SYNTH,2026-09-05T00:00:00+08:00,0.88,synthetic,not_applicable,,team_generated,false,dev
JOB-AI-ALG-0065-SKILL-054,JOB-AI-ALG-0065,SKILL-054,46,0.071429,required,1.1.0,synthetic,true,SRC-SYNTH,2026-09-05T00:00:00+08:00,0.88,synthetic,not_applicable,,team_generated,false,dev
JOB-AI-ALG-0065-SKILL-001,JOB-AI-ALG-0065,SKILL-001,74,0.071429,required,1.1.0,synthetic,true,SRC-SYNTH,2026-09-05T00:00:00+08:00,0.88,synthetic,not_applicable,,team_generated,false,dev
JOB-AI-ALG-0065-SKILL-002,JOB-AI-ALG-0065,SKILL-002,74,0.071429,required,1.1.0,synthetic,true,SRC-SYNTH,2026-09-05T00:00:00+08:00,0.88,synthetic,not_applicable,,team_generated,false,dev
JOB-AI-ALG-0065-SKILL-010,JOB-AI-ALG-0065,SKILL-010,73,0.071429,required,1.1.0,synthetic,true,SRC-SYNTH,2026-09-05T00:00:00+08:00,0.88,synthetic,not_applicable,,team_generated,false,dev
JOB-AI-ALG-0065-SKILL-011,JOB-AI-ALG-0065,SKILL-011,68,0.071429,preferred,1.1.0,synthetic,true,SRC-SYNTH,2026-09-05T00:00:00+08:00,0.88,synthetic,not_applicable,,team_generated,false,dev
JOB-AI-ALG-0065-SKILL-017,JOB-AI-ALG-0065,SKILL-017,67,0.071429,preferred,1.1.0,synthetic,true,SRC-SYNTH,2026-09-05T00:00:00+08:00,0.88,synthetic,not_applicable,,team_generated,false,dev
JOB-AI-ALG-0065-SKILL-018,JOB-AI-ALG-0065,SKILL-018,67,0.071429,preferred,1.1.0,synthetic,true,SRC-SYNTH,2026-09-05T00:00:00+08:00,0.88,synthetic,not_applicable,,team_generated,false,dev
JOB-AI-ALG-0065-SKILL-019,JOB-AI-ALG-0065,SKILL-019,67,0.071423,preferred,1.1.0,synthetic,true,SRC-SYNTH,2026-09-05T00:00:00+08:00,0.88,synthetic,not_applicable,,team_generated,false,dev
JOB-AI-ALG-0066-SKILL-025,JOB-AI-ALG-0066,SKILL-025,52,0.066667,required,1.1.0,synthetic,true,SRC-SYNTH,2026-09-05T00:00:00+08:00,0.88,synthetic,not_applicable,,team_generated,false,dev
JOB-AI-ALG-0066-SKILL-033,JOB-AI-ALG-0066,SKILL-033,52,0.066667,required,1.1.0,synthetic,true,SRC-SYNTH,2026-09-05T00:00:00+08:00,0.88,synthetic,not_applicable,,team_generated,false,dev
JOB-AI-ALG-0066-SKILL-036,JOB-AI-ALG-0066,SKILL-036,51,0.066667,required,1.1.0,synthetic,true,SRC-SYNTH,2026-09-05T00:00:00+08:00,0.88,synthetic,not_applicable,,team_generated,false,dev
JOB-AI-ALG-0066-SKILL-048,JOB-AI-ALG-0066,SKILL-048,51,0.066667,required,1.1.0,synthetic,true,SRC-SYNTH,2026-09-05T00:00:00+08:00,0.88,synthetic,not_applicable,,team_generated,false,dev
JOB-AI-ALG-0066-SKILL-058,JOB-AI-ALG-0066,SKILL-058,46,0.066667,required,1.1.0,synthetic,true,SRC-SYNTH,2026-09-05T00:00:00+08:00,0.88,synthetic,not_applicable,,team_generated,false,dev
JOB-AI-ALG-0066-SKILL-054,JOB-AI-ALG-0066,SKILL-054,46,0.066667,required,1.1.0,synthetic,true,SRC-SYNTH,2026-09-05T00:00:00+08:00,0.88,synthetic,not_applicable,,team_generated,false,dev
JOB-AI-ALG-0066-SKILL-001,JOB-AI-ALG-0066,SKILL-001,74,0.066667,required,1.1.0,synthetic,true,SRC-SYNTH,2026-09-05T00:00:00+08:00,0.88,synthetic,not_applicable,,team_generated,false,dev
JOB-AI-ALG-0066-SKILL-002,JOB-AI-ALG-0066,SKILL-002,74,0.066667,required,1.1.0,synthetic,true,SRC-SYNTH,2026-09-05T00:00:00+08:00,0.88,synthetic,not_applicable,,team_generated,false,dev
JOB-AI-ALG-0066-SKILL-010,JOB-AI-ALG-0066,SKILL-010,73,0.066667,required,1.1.0,synthetic,true,SRC-SYNTH,2026-09-05T00:00:00+08:00,0.88,synthetic,not_applicable,,team_generated,false,dev
JOB-AI-ALG-0066-SKILL-011,JOB-AI-ALG-0066,SKILL-011,68,0.066667,required,1.1.0,synthetic,true,SRC-SYNTH,2026-09-05T00:00:00+08:00,0.88,synthetic,not_applicable,,team_generated,false,dev
JOB-AI-ALG-0066-SKILL-017,JOB-AI-ALG-0066,SKILL-017,67,0.066667,preferred,1.1.0,synthetic,true,SRC-SYNTH,2026-09-05T00:00:00+08:00,0.88,synthetic,not_applicable,,team_generated,false,dev
JOB-AI-ALG-0066-SKILL-018,JOB-AI-ALG-0066,SKILL-018,67,0.066667,preferred,1.1.0,synthetic,true,SRC-SYNTH,2026-09-05T00:00:00+08:00,0.88,synthetic,not_applicable,,team_generated,false,dev
JOB-AI-ALG-0066-SKILL-019,JOB-AI-ALG-0066,SKILL-019,67,0.066667,preferred,1.1.0,synthetic,true,SRC-SYNTH,2026-09-05T00:00:00+08:00,0.88,synthetic,not_applicable,,team_generated,false,dev
JOB-AI-ALG-0066-SKILL-020,JOB-AI-ALG-0066,SKILL-020,66,0.066667,preferred,1.1.0,synthetic,true,SRC-SYNTH,2026-09-05T00:00:00+08:00,0.88,synthetic,not_applicable,,team_generated,false,dev
JOB-AI-ALG-0066-SKILL-021,JOB-AI-ALG-0066,SKILL-021,61,0.066662,preferred,1.1.0,synthetic,true,SRC-SYNTH,2026-09-05T00:00:00+08:00,0.88,synthetic,not_applicable,,team_generated,false,dev
JOB-AI-ALG-0067-SKILL-033,JOB-AI-ALG-0067,SKILL-033,52,0.0625,required,1.1.0,synthetic,true,SRC-SYNTH,2026-09-05T00:00:00+08:00,0.88,synthetic,not_applicable,,team_generated,false,dev
JOB-AI-ALG-0067-SKILL-036,JOB-AI-ALG-0067,SKILL-036,51,0.0625,required,1.1.0,synthetic,true,SRC-SYNTH,2026-09-05T00:00:00+08:00,0.88,synthetic,not_applicable,,team_generated,false,dev
JOB-AI-ALG-0067-SKILL-048,JOB-AI-ALG-0067,SKILL-048,51,0.0625,required,1.1.0,synthetic,true,SRC-SYNTH,2026-09-05T00:00:00+08:00,0.88,synthetic,not_applicable,,team_generated,false,dev
JOB-AI-ALG-0067-SKILL-058,JOB-AI-ALG-0067,SKILL-058,46,0.0625,required,1.1.0,synthetic,true,SRC-SYNTH,2026-09-05T00:00:00+08:00,0.88,synthetic,not_applicable,,team_generated,false,dev
JOB-AI-ALG-0067-SKILL-054,JOB-AI-ALG-0067,SKILL-054,46,0.0625,required,1.1.0,synthetic,true,SRC-SYNTH,2026-09-05T00:00:00+08:00,0.88,synthetic,not_applicable,,team_generated,false,dev
JOB-AI-ALG-0067-SKILL-001,JOB-AI-ALG-0067,SKILL-001,74,0.0625,required,1.1.0,synthetic,true,SRC-SYNTH,2026-09-05T00:00:00+08:00,0.88,synthetic,not_applicable,,team_generated,false,dev
JOB-AI-ALG-0067-SKILL-002,JOB-AI-ALG-0067,SKILL-002,74,0.0625,required,1.1.0,synthetic,true,SRC-SYNTH,2026-09-05T00:00:00+08:00,0.88,synthetic,not_applicable,,team_generated,false,dev
JOB-AI-ALG-0067-SKILL-010,JOB-AI-ALG-0067,SKILL-010,73,0.0625,required,1.1.0,synthetic,true,SRC-SYNTH,2026-09-05T00:00:00+08:00,0.88,synthetic,not_applicable,,team_generated,false,dev
JOB-AI-ALG-0067-SKILL-011,JOB-AI-ALG-0067,SKILL-011,68,0.0625,required,1.1.0,synthetic,true,SRC-SYNTH,2026-09-05T00:00:00+08:00,0.88,synthetic,not_applicable,,team_generated,false,dev
JOB-AI-ALG-0067-SKILL-017,JOB-AI-ALG-0067,SKILL-017,67,0.0625,required,1.1.0,synthetic,true,SRC-SYNTH,2026-09-05T00:00:00+08:00,0.88,synthetic,not_applicable,,team_generated,false,dev
JOB-AI-ALG-0067-SKILL-018,JOB-AI-ALG-0067,SKILL-018,67,0.0625,required,1.1.0,synthetic,true,SRC-SYNTH,2026-09-05T00:00:00+08:00,0.88,synthetic,not_applicable,,team_generated,false,dev
JOB-AI-ALG-0067-SKILL-019,JOB-AI-ALG-0067,SKILL-019,67,0.0625,preferred,1.1.0,synthetic,true,SRC-SYNTH,2026-09-05T00:00:00+08:00,0.88,synthetic,not_applicable,,team_generated,false,dev
JOB-AI-ALG-0067-SKILL-020,JOB-AI-ALG-0067,SKILL-020,66,0.0625,preferred,1.1.0,synthetic,true,SRC-SYNTH,2026-09-05T00:00:00+08:00,0.88,synthetic,not_applicable,,team_generated,false,dev
JOB-AI-ALG-0067-SKILL-021,JOB-AI-ALG-0067,SKILL-021,61,0.0625,preferred,1.1.0,synthetic,true,SRC-SYNTH,2026-09-05T00:00:00+08:00,0.88,synthetic,not_applicable,,team_generated,false,dev
JOB-AI-ALG-0067-SKILL-022,JOB-AI-ALG-0067,SKILL-022,60,0.0625,preferred,1.1.0,synthetic,true,SRC-SYNTH,2026-09-05T00:00:00+08:00,0.88,synthetic,not_applicable,,team_generated,false,dev
JOB-AI-ALG-0067-SKILL-023,JOB-AI-ALG-0067,SKILL-023,56,0.0625,preferred,1.1.0,synthetic,true,SRC-SYNTH,2026-09-05T00:00:00+08:00,0.88,synthetic,not_applicable,,team_generated,false,dev
JOB-AI-ALG-0068-SKILL-036,JOB-AI-ALG-0068,SKILL-036,51,0.058824,required,1.1.0,synthetic,true,SRC-SYNTH,2026-09-05T00:00:00+08:00,0.88,synthetic,not_applicable,,team_generated,false,dev
JOB-AI-ALG-0068-SKILL-048,JOB-AI-ALG-0068,SKILL-048,51,0.058824,required,1.1.0,synthetic,true,SRC-SYNTH,2026-09-05T00:00:00+08:00,0.88,synthetic,not_applicable,,team_generated,false,dev
JOB-AI-ALG-0068-SKILL-058,JOB-AI-ALG-0068,SKILL-058,46,0.058824,required,1.1.0,synthetic,true,SRC-SYNTH,2026-09-05T00:00:00+08:00,0.88,synthetic,not_applicable,,team_generated,false,dev
JOB-AI-ALG-0068-SKILL-054,JOB-AI-ALG-0068,SKILL-054,46,0.058824,required,1.1.0,synthetic,true,SRC-SYNTH,2026-09-05T00:00:00+08:00,0.88,synthetic,not_applicable,,team_generated,false,dev
JOB-AI-ALG-0068-SKILL-001,JOB-AI-ALG-0068,SKILL-001,74,0.058824,required,1.1.0,synthetic,true,SRC-SYNTH,2026-09-05T00:00:00+08:00,0.88,synthetic,not_applicable,,team_generated,false,dev
JOB-AI-ALG-0068-SKILL-002,JOB-AI-ALG-0068,SKILL-002,74,0.058824,required,1.1.0,synthetic,true,SRC-SYNTH,2026-09-05T00:00:00+08:00,0.88,synthetic,not_applicable,,team_generated,false,dev
JOB-AI-ALG-0068-SKILL-010,JOB-AI-ALG-0068,SKILL-010,73,0.058824,required,1.1.0,synthetic,true,SRC-SYNTH,2026-09-05T00:00:00+08:00,0.88,synthetic,not_applicable,,team_generated,false,dev
JOB-AI-ALG-0068-SKILL-011,JOB-AI-ALG-0068,SKILL-011,68,0.058824,required,1.1.0,synthetic,true,SRC-SYNTH,2026-09-05T00:00:00+08:00,0.88,synthetic,not_applicable,,team_generated,false,dev
JOB-AI-ALG-0068-SKILL-017,JOB-AI-ALG-0068,SKILL-017,67,0.058824,required,1.1.0,synthetic,true,SRC-SYNTH,2026-09-05T00:00:00+08:00,0.88,synthetic,not_applicable,,team_generated,false,dev
JOB-AI-ALG-0068-SKILL-018,JOB-AI-ALG-0068,SKILL-018,67,0.058824,required,1.1.0,synthetic,true,SRC-SYNTH,2026-09-05T00:00:00+08:00,0.88,synthetic,not_applicable,,team_generated,false,dev
JOB-AI-ALG-0068-SKILL-019,JOB-AI-ALG-0068,SKILL-019,67,0.058824,required,1.1.0,synthetic,true,SRC-SYNTH,2026-09-05T00:00:00+08:00,0.88,synthetic,not_applicable,,team_generated,false,dev
JOB-AI-ALG-0068-SKILL-020,JOB-AI-ALG-0068,SKILL-020,66,0.058824,required,1.1.0,synthetic,true,SRC-SYNTH,2026-09-05T00:00:00+08:00,0.88,synthetic,not_applicable,,team_generated,false,dev
JOB-AI-ALG-0068-SKILL-021,JOB-AI-ALG-0068,SKILL-021,61,0.058824,preferred,1.1.0,synthetic,true,SRC-SYNTH,2026-09-05T00:00:00+08:00,0.88,synthetic,not_applicable,,team_generated,false,dev
JOB-AI-ALG-0068-SKILL-022,JOB-AI-ALG-0068,SKILL-022,60,0.058824,preferred,1.1.0,synthetic,true,SRC-SYNTH,2026-09-05T00:00:00+08:00,0.88,synthetic,not_applicable,,team_generated,false,dev
JOB-AI-ALG-0068-SKILL-023,JOB-AI-ALG-0068,SKILL-023,56,0.058824,preferred,1.1.0,synthetic,true,SRC-SYNTH,2026-09-05T00:00:00+08:00,0.88,synthetic,not_applicable,,team_generated,false,dev
JOB-AI-ALG-0068-SKILL-024,JOB-AI-ALG-0068,SKILL-024,56,0.058824,preferred,1.1.0,synthetic,true,SRC-SYNTH,2026-09-05T00:00:00+08:00,0.88,synthetic,not_applicable,,team_generated,false,dev
JOB-AI-ALG-0068-SKILL-025,JOB-AI-ALG-0068,SKILL-025,55,0.058816,preferred,1.1.0,synthetic,true,SRC-SYNTH,2026-09-05T00:00:00+08:00,0.88,synthetic,not_applicable,,team_generated,false,dev
JOB-AI-ALG-0069-SKILL-048,JOB-AI-ALG-0069,SKILL-048,51,0.055556,required,1.1.0,synthetic,true,SRC-SYNTH,2026-09-05T00:00:00+08:00,0.88,synthetic,not_applicable,,team_generated,false,dev
JOB-AI-ALG-0069-SKILL-058,JOB-AI-ALG-0069,SKILL-058,46,0.055556,required,1.1.0,synthetic,true,SRC-SYNTH,2026-09-05T00:00:00+08:00,0.88,synthetic,not_applicable,,team_generated,false,dev
JOB-AI-ALG-0069-SKILL-054,JOB-AI-ALG-0069,SKILL-054,46,0.055556,required,1.1.0,synthetic,true,SRC-SYNTH,2026-09-05T00:00:00+08:00,0.88,synthetic,not_applicable,,team_generated,false,dev
JOB-AI-ALG-0069-SKILL-001,JOB-AI-ALG-0069,SKILL-001,74,0.055556,required,1.1.0,synthetic,true,SRC-SYNTH,2026-09-05T00:00:00+08:00,0.88,synthetic,not_applicable,,team_generated,false,dev
JOB-AI-ALG-0069-SKILL-002,JOB-AI-ALG-0069,SKILL-002,74,0.055556,required,1.1.0,synthetic,true,SRC-SYNTH,2026-09-05T00:00:00+08:00,0.88,synthetic,not_applicable,,team_generated,false,dev
JOB-AI-ALG-0069-SKILL-010,JOB-AI-ALG-0069,SKILL-010,73,0.055556,required,1.1.0,synthetic,true,SRC-SYNTH,2026-09-05T00:00:00+08:00,0.88,synthetic,not_applicable,,team_generated,false,dev
JOB-AI-ALG-0069-SKILL-011,JOB-AI-ALG-0069,SKILL-011,68,0.055556,required,1.1.0,synthetic,true,SRC-SYNTH,2026-09-05T00:00:00+08:00,0.88,synthetic,not_applicable,,team_generated,false,dev
JOB-AI-ALG-0069-SKILL-017,JOB-AI-ALG-0069,SKILL-017,67,0.055556,required,1.1.0,synthetic,true,SRC-SYNTH,2026-09-05T00:00:00+08:00,0.88,synthetic,not_applicable,,team_generated,false,dev
JOB-AI-ALG-0069-SKILL-018,JOB-AI-ALG-0069,SKILL-018,67,0.055556,required,1.1.0,synthetic,true,SRC-SYNTH,2026-09-05T00:00:00+08:00,0.88,synthetic,not_applicable,,team_generated,false,dev
JOB-AI-ALG-0069-SKILL-019,JOB-AI-ALG-0069,SKILL-019,67,0.055556,required,1.1.0,synthetic,true,SRC-SYNTH,2026-09-05T00:00:00+08:00,0.88,synthetic,not_applicable,,team_generated,false,dev
JOB-AI-ALG-0069-SKILL-020,JOB-AI-ALG-0069,SKILL-020,66,0.055556,required,1.1.0,synthetic,true,SRC-SYNTH,2026-09-05T00:00:00+08:00,0.88,synthetic,not_applicable,,team_generated,false,dev
JOB-AI-ALG-0069-SKILL-021,JOB-AI-ALG-0069,SKILL-021,61,0.055556,required,1.1.0,synthetic,true,SRC-SYNTH,2026-09-05T00:00:00+08:00,0.88,synthetic,not_applicable,,team_generated,false,dev
JOB-AI-ALG-0069-SKILL-022,JOB-AI-ALG-0069,SKILL-022,60,0.055556,preferred,1.1.0,synthetic,true,SRC-SYNTH,2026-09-05T00:00:00+08:00,0.88,synthetic,not_applicable,,team_generated,false,dev
JOB-AI-ALG-0069-SKILL-023,JOB-AI-ALG-0069,SKILL-023,56,0.055556,preferred,1.1.0,synthetic,true,SRC-SYNTH,2026-09-05T00:00:00+08:00,0.88,synthetic,not_applicable,,team_generated,false,dev
JOB-AI-ALG-0069-SKILL-024,JOB-AI-ALG-0069,SKILL-024,56,0.055556,preferred,1.1.0,synthetic,true,SRC-SYNTH,2026-09-05T00:00:00+08:00,0.88,synthetic,not_applicable,,team_generated,false,dev
JOB-AI-ALG-0069-SKILL-025,JOB-AI-ALG-0069,SKILL-025,55,0.055556,preferred,1.1.0,synthetic,true,SRC-SYNTH,2026-09-05T00:00:00+08:00,0.88,synthetic,not_applicable,,team_generated,false,dev
JOB-AI-ALG-0069-SKILL-033,JOB-AI-ALG-0069,SKILL-033,50,0.055556,preferred,1.1.0,synthetic,true,SRC-SYNTH,2026-09-05T00:00:00+08:00,0.88,synthetic,not_applicable,,team_generated,false,dev
JOB-AI-ALG-0069-SKILL-036,JOB-AI-ALG-0069,SKILL-036,49,0.055548,preferred,1.1.0,synthetic,true,SRC-SYNTH,2026-09-05T00:00:00+08:00,0.88,synthetic,not_applicable,,team_generated,false,dev
JOB-AI-ALG-0070-SKILL-058,JOB-AI-ALG-0070,SKILL-058,46,0.083333,required,1.1.0,synthetic,true,SRC-SYNTH,2026-09-05T00:00:00+08:00,0.88,synthetic,not_applicable,,team_generated,false,dev
JOB-AI-ALG-0070-SKILL-054,JOB-AI-ALG-0070,SKILL-054,46,0.083333,required,1.1.0,synthetic,true,SRC-SYNTH,2026-09-05T00:00:00+08:00,0.88,synthetic,not_applicable,,team_generated,false,dev
JOB-AI-ALG-0070-SKILL-001,JOB-AI-ALG-0070,SKILL-001,74,0.083333,required,1.1.0,synthetic,true,SRC-SYNTH,2026-09-05T00:00:00+08:00,0.88,synthetic,not_applicable,,team_generated,false,dev
JOB-AI-ALG-0070-SKILL-002,JOB-AI-ALG-0070,SKILL-002,74,0.083333,required,1.1.0,synthetic,true,SRC-SYNTH,2026-09-05T00:00:00+08:00,0.88,synthetic,not_applicable,,team_generated,false,dev
JOB-AI-ALG-0070-SKILL-010,JOB-AI-ALG-0070,SKILL-010,73,0.083333,required,1.1.0,synthetic,true,SRC-SYNTH,2026-09-05T00:00:00+08:00,0.88,synthetic,not_applicable,,team_generated,false,dev
JOB-AI-ALG-0070-SKILL-011,JOB-AI-ALG-0070,SKILL-011,68,0.083333,required,1.1.0,synthetic,true,SRC-SYNTH,2026-09-05T00:00:00+08:00,0.88,synthetic,not_applicable,,team_generated,false,dev
JOB-AI-ALG-0070-SKILL-017,JOB-AI-ALG-0070,SKILL-017,67,0.083333,required,1.1.0,synthetic,true,SRC-SYNTH,2026-09-05T00:00:00+08:00,0.88,synthetic,not_applicable,,team_generated,false,dev
JOB-AI-ALG-0070-SKILL-018,JOB-AI-ALG-0070,SKILL-018,67,0.083333,required,1.1.0,synthetic,true,SRC-SYNTH,2026-09-05T00:00:00+08:00,0.88,synthetic,not_applicable,,team_generated,false,dev
JOB-AI-ALG-0070-SKILL-019,JOB-AI-ALG-0070,SKILL-019,67,0.083333,preferred,1.1.0,synthetic,true,SRC-SYNTH,2026-09-05T00:00:00+08:00,0.88,synthetic,not_applicable,,team_generated,false,dev
JOB-AI-ALG-0070-SKILL-020,JOB-AI-ALG-0070,SKILL-020,66,0.083333,preferred,1.1.0,synthetic,true,SRC-SYNTH,2026-09-05T00:00:00+08:00,0.88,synthetic,not_applicable,,team_generated,false,dev
JOB-AI-ALG-0070-SKILL-021,JOB-AI-ALG-0070,SKILL-021,61,0.083333,preferred,1.1.0,synthetic,true,SRC-SYNTH,2026-09-05T00:00:00+08:00,0.88,synthetic,not_applicable,,team_generated,false,dev
JOB-AI-ALG-0070-SKILL-022,JOB-AI-ALG-0070,SKILL-022,60,0.083337,preferred,1.1.0,synthetic,true,SRC-SYNTH,2026-09-05T00:00:00+08:00,0.88,synthetic,not_applicable,,team_generated,false,dev
JOB-AI-ALG-0071-SKILL-054,JOB-AI-ALG-0071,SKILL-054,46,0.076923,required,1.1.0,synthetic,true,SRC-SYNTH,2026-09-05T00:00:00+08:00,0.88,synthetic,not_applicable,,team_generated,false,dev
JOB-AI-ALG-0071-SKILL-001,JOB-AI-ALG-0071,SKILL-001,74,0.076923,required,1.1.0,synthetic,true,SRC-SYNTH,2026-09-05T00:00:00+08:00,0.88,synthetic,not_applicable,,team_generated,false,dev
JOB-AI-ALG-0071-SKILL-002,JOB-AI-ALG-0071,SKILL-002,74,0.076923,required,1.1.0,synthetic,true,SRC-SYNTH,2026-09-05T00:00:00+08:00,0.88,synthetic,not_applicable,,team_generated,false,dev
JOB-AI-ALG-0071-SKILL-010,JOB-AI-ALG-0071,SKILL-010,73,0.076923,required,1.1.0,synthetic,true,SRC-SYNTH,2026-09-05T00:00:00+08:00,0.88,synthetic,not_applicable,,team_generated,false,dev
JOB-AI-ALG-0071-SKILL-011,JOB-AI-ALG-0071,SKILL-011,68,0.076923,required,1.1.0,synthetic,true,SRC-SYNTH,2026-09-05T00:00:00+08:00,0.88,synthetic,not_applicable,,team_generated,false,dev
JOB-AI-ALG-0071-SKILL-017,JOB-AI-ALG-0071,SKILL-017,67,0.076923,required,1.1.0,synthetic,true,SRC-SYNTH,2026-09-05T00:00:00+08:00,0.88,synthetic,not_applicable,,team_generated,false,dev
JOB-AI-ALG-0071-SKILL-018,JOB-AI-ALG-0071,SKILL-018,67,0.076923,required,1.1.0,synthetic,true,SRC-SYNTH,2026-09-05T00:00:00+08:00,0.88,synthetic,not_applicable,,team_generated,false,dev
JOB-AI-ALG-0071-SKILL-019,JOB-AI-ALG-0071,SKILL-019,67,0.076923,required,1.1.0,synthetic,true,SRC-SYNTH,2026-09-05T00:00:00+08:00,0.88,synthetic,not_applicable,,team_generated,false,dev
JOB-AI-ALG-0071-SKILL-020,JOB-AI-ALG-0071,SKILL-020,66,0.076923,required,1.1.0,synthetic,true,SRC-SYNTH,2026-09-05T00:00:00+08:00,0.88,synthetic,not_applicable,,team_generated,false,dev
JOB-AI-ALG-0071-SKILL-021,JOB-AI-ALG-0071,SKILL-021,61,0.076923,preferred,1.1.0,synthetic,true,SRC-SYNTH,2026-09-05T00:00:00+08:00,0.88,synthetic,not_applicable,,team_generated,false,dev
JOB-AI-ALG-0071-SKILL-022,JOB-AI-ALG-0071,SKILL-022,60,0.076923,preferred,1.1.0,synthetic,true,SRC-SYNTH,2026-09-05T00:00:00+08:00,0.88,synthetic,not_applicable,,team_generated,false,dev
JOB-AI-ALG-0071-SKILL-023,JOB-AI-ALG-0071,SKILL-023,56,0.076923,preferred,1.1.0,synthetic,true,SRC-SYNTH,2026-09-05T00:00:00+08:00,0.88,synthetic,not_applicable,,team_generated,false,dev
JOB-AI-ALG-0071-SKILL-024,JOB-AI-ALG-0071,SKILL-024,56,0.076924,preferred,1.1.0,synthetic,true,SRC-SYNTH,2026-09-05T00:00:00+08:00,0.88,synthetic,not_applicable,,team_generated,false,dev
JOB-AI-ALG-0072-SKILL-001,JOB-AI-ALG-0072,SKILL-001,74,0.071429,required,1.1.0,synthetic,true,SRC-SYNTH,2026-09-05T00:00:00+08:00,0.88,synthetic,not_applicable,,team_generated,false,dev
JOB-AI-ALG-0072-SKILL-002,JOB-AI-ALG-0072,SKILL-002,74,0.071429,required,1.1.0,synthetic,true,SRC-SYNTH,2026-09-05T00:00:00+08:00,0.88,synthetic,not_applicable,,team_generated,false,dev
JOB-AI-ALG-0072-SKILL-010,JOB-AI-ALG-0072,SKILL-010,73,0.071429,required,1.1.0,synthetic,true,SRC-SYNTH,2026-09-05T00:00:00+08:00,0.88,synthetic,not_applicable,,team_generated,false,dev
JOB-AI-ALG-0072-SKILL-011,JOB-AI-ALG-0072,SKILL-011,68,0.071429,required,1.1.0,synthetic,true,SRC-SYNTH,2026-09-05T00:00:00+08:00,0.88,synthetic,not_applicable,,team_generated,false,dev
JOB-AI-ALG-0072-SKILL-017,JOB-AI-ALG-0072,SKILL-017,67,0.071429,required,1.1.0,synthetic,true,SRC-SYNTH,2026-09-05T00:00:00+08:00,0.88,synthetic,not_applicable,,team_generated,false,dev
JOB-AI-ALG-0072-SKILL-018,JOB-AI-ALG-0072,SKILL-018,67,0.071429,required,1.1.0,synthetic,true,SRC-SYNTH,2026-09-05T00:00:00+08:00,0.88,synthetic,not_applicable,,team_generated,false,dev
JOB-AI-ALG-0072-SKILL-019,JOB-AI-ALG-0072,SKILL-019,67,0.071429,required,1.1.0,synthetic,true,SRC-SYNTH,2026-09-05T00:00:00+08:00,0.88,synthetic,not_applicable,,team_generated,false,dev
JOB-AI-ALG-0072-SKILL-020,JOB-AI-ALG-0072,SKILL-020,66,0.071429,required,1.1.0,synthetic,true,SRC-SYNTH,2026-09-05T00:00:00+08:00,0.88,synthetic,not_applicable,,team_generated,false,dev
JOB-AI-ALG-0072-SKILL-021,JOB-AI-ALG-0072,SKILL-021,61,0.071429,required,1.1.0,synthetic,true,SRC-SYNTH,2026-09-05T00:00:00+08:00,0.88,synthetic,not_applicable,,team_generated,false,dev
JOB-AI-ALG-0072-SKILL-022,JOB-AI-ALG-0072,SKILL-022,60,0.071429,required,1.1.0,synthetic,true,SRC-SYNTH,2026-09-05T00:00:00+08:00,0.88,synthetic,not_applicable,,team_generated,false,dev
JOB-AI-ALG-0072-SKILL-023,JOB-AI-ALG-0072,SKILL-023,56,0.071429,preferred,1.1.0,synthetic,true,SRC-SYNTH,2026-09-05T00:00:00+08:00,0.88,synthetic,not_applicable,,team_generated,false,dev
JOB-AI-ALG-0072-SKILL-024,JOB-AI-ALG-0072,SKILL-024,56,0.071429,preferred,1.1.0,synthetic,true,SRC-SYNTH,2026-09-05T00:00:00+08:00,0.88,synthetic,not_applicable,,team_generated,false,dev
JOB-AI-ALG-0072-SKILL-025,JOB-AI-ALG-0072,SKILL-025,55,0.071429,preferred,1.1.0,synthetic,true,SRC-SYNTH,2026-09-05T00:00:00+08:00,0.88,synthetic,not_applicable,,team_generated,false,dev
JOB-AI-ALG-0072-SKILL-033,JOB-AI-ALG-0072,SKILL-033,50,0.071423,preferred,1.1.0,synthetic,true,SRC-SYNTH,2026-09-05T00:00:00+08:00,0.88,synthetic,not_applicable,,team_generated,false,dev
JOB-AI-ALG-0073-SKILL-002,JOB-AI-ALG-0073,SKILL-002,74,0.066667,required,1.1.0,synthetic,true,SRC-SYNTH,2026-09-05T00:00:00+08:00,0.88,synthetic,not_applicable,,team_generated,false,dev
JOB-AI-ALG-0073-SKILL-010,JOB-AI-ALG-0073,SKILL-010,73,0.066667,required,1.1.0,synthetic,true,SRC-SYNTH,2026-09-05T00:00:00+08:00,0.88,synthetic,not_applicable,,team_generated,false,dev
JOB-AI-ALG-0073-SKILL-011,JOB-AI-ALG-0073,SKILL-011,68,0.066667,required,1.1.0,synthetic,true,SRC-SYNTH,2026-09-05T00:00:00+08:00,0.88,synthetic,not_applicable,,team_generated,false,dev
JOB-AI-ALG-0073-SKILL-017,JOB-AI-ALG-0073,SKILL-017,67,0.066667,required,1.1.0,synthetic,true,SRC-SYNTH,2026-09-05T00:00:00+08:00,0.88,synthetic,not_applicable,,team_generated,false,dev
JOB-AI-ALG-0073-SKILL-018,JOB-AI-ALG-0073,SKILL-018,67,0.066667,required,1.1.0,synthetic,true,SRC-SYNTH,2026-09-05T00:00:00+08:00,0.88,synthetic,not_applicable,,team_generated,false,dev
JOB-AI-ALG-0073-SKILL-019,JOB-AI-ALG-0073,SKILL-019,67,0.066667,required,1.1.0,synthetic,true,SRC-SYNTH,2026-09-05T00:00:00+08:00,0.88,synthetic,not_applicable,,team_generated,false,dev
JOB-AI-ALG-0073-SKILL-020,JOB-AI-ALG-0073,SKILL-020,66,0.066667,required,1.1.0,synthetic,true,SRC-SYNTH,2026-09-05T00:00:00+08:00,0.88,synthetic,not_applicable,,team_generated,false,dev
JOB-AI-ALG-0073-SKILL-021,JOB-AI-ALG-0073,SKILL-021,61,0.066667,required,1.1.0,synthetic,true,SRC-SYNTH,2026-09-05T00:00:00+08:00,0.88,synthetic,not_applicable,,team_generated,false,dev
JOB-AI-ALG-0073-SKILL-022,JOB-AI-ALG-0073,SKILL-022,60,0.066667,required,1.1.0,synthetic,true,SRC-SYNTH,2026-09-05T00:00:00+08:00,0.88,synthetic,not_applicable,,team_generated,false,dev
JOB-AI-ALG-0073-SKILL-023,JOB-AI-ALG-0073,SKILL-023,56,0.066667,required,1.1.0,synthetic,true,SRC-SYNTH,2026-09-05T00:00:00+08:00,0.88,synthetic,not_applicable,,team_generated,false,dev
JOB-AI-ALG-0073-SKILL-024,JOB-AI-ALG-0073,SKILL-024,56,0.066667,preferred,1.1.0,synthetic,true,SRC-SYNTH,2026-09-05T00:00:00+08:00,0.88,synthetic,not_applicable,,team_generated,false,dev
JOB-AI-ALG-0073-SKILL-025,JOB-AI-ALG-0073,SKILL-025,55,0.066667,preferred,1.1.0,synthetic,true,SRC-SYNTH,2026-09-05T00:00:00+08:00,0.88,synthetic,not_applicable,,team_generated,false,dev
JOB-AI-ALG-0073-SKILL-033,JOB-AI-ALG-0073,SKILL-033,50,0.066667,preferred,1.1.0,synthetic,true,SRC-SYNTH,2026-09-05T00:00:00+08:00,0.88,synthetic,not_applicable,,team_generated,false,dev
JOB-AI-ALG-0073-SKILL-036,JOB-AI-ALG-0073,SKILL-036,49,0.066667,preferred,1.1.0,synthetic,true,SRC-SYNTH,2026-09-05T00:00:00+08:00,0.88,synthetic,not_applicable,,team_generated,false,dev
JOB-AI-ALG-0073-SKILL-048,JOB-AI-ALG-0073,SKILL-048,49,0.066662,preferred,1.1.0,synthetic,true,SRC-SYNTH,2026-09-05T00:00:00+08:00,0.88,synthetic,not_applicable,,team_generated,false,dev
JOB-AI-ALG-0074-SKILL-010,JOB-AI-ALG-0074,SKILL-010,73,0.0625,required,1.1.0,synthetic,true,SRC-SYNTH,2026-09-05T00:00:00+08:00,0.88,synthetic,not_applicable,,team_generated,false,dev
JOB-AI-ALG-0074-SKILL-011,JOB-AI-ALG-0074,SKILL-011,68,0.0625,required,1.1.0,synthetic,true,SRC-SYNTH,2026-09-05T00:00:00+08:00,0.88,synthetic,not_applicable,,team_generated,false,dev
JOB-AI-ALG-0074-SKILL-017,JOB-AI-ALG-0074,SKILL-017,67,0.0625,required,1.1.0,synthetic,true,SRC-SYNTH,2026-09-05T00:00:00+08:00,0.88,synthetic,not_applicable,,team_generated,false,dev
JOB-AI-ALG-0074-SKILL-018,JOB-AI-ALG-0074,SKILL-018,67,0.0625,required,1.1.0,synthetic,true,SRC-SYNTH,2026-09-05T00:00:00+08:00,0.88,synthetic,not_applicable,,team_generated,false,dev
JOB-AI-ALG-0074-SKILL-019,JOB-AI-ALG-0074,SKILL-019,67,0.0625,required,1.1.0,synthetic,true,SRC-SYNTH,2026-09-05T00:00:00+08:00,0.88,synthetic,not_applicable,,team_generated,false,dev
JOB-AI-ALG-0074-SKILL-020,JOB-AI-ALG-0074,SKILL-020,66,0.0625,required,1.1.0,synthetic,true,SRC-SYNTH,2026-09-05T00:00:00+08:00,0.88,synthetic,not_applicable,,team_generated,false,dev
JOB-AI-ALG-0074-SKILL-021,JOB-AI-ALG-0074,SKILL-021,61,0.0625,required,1.1.0,synthetic,true,SRC-SYNTH,2026-09-05T00:00:00+08:00,0.88,synthetic,not_applicable,,team_generated,false,dev
JOB-AI-ALG-0074-SKILL-022,JOB-AI-ALG-0074,SKILL-022,60,0.0625,required,1.1.0,synthetic,true,SRC-SYNTH,2026-09-05T00:00:00+08:00,0.88,synthetic,not_applicable,,team_generated,false,dev
JOB-AI-ALG-0074-SKILL-023,JOB-AI-ALG-0074,SKILL-023,56,0.0625,required,1.1.0,synthetic,true,SRC-SYNTH,2026-09-05T00:00:00+08:00,0.88,synthetic,not_applicable,,team_generated,false,dev
JOB-AI-ALG-0074-SKILL-024,JOB-AI-ALG-0074,SKILL-024,56,0.0625,required,1.1.0,synthetic,true,SRC-SYNTH,2026-09-05T00:00:00+08:00,0.88,synthetic,not_applicable,,team_generated,false,dev
JOB-AI-ALG-0074-SKILL-025,JOB-AI-ALG-0074,SKILL-025,55,0.0625,required,1.1.0,synthetic,true,SRC-SYNTH,2026-09-05T00:00:00+08:00,0.88,synthetic,not_applicable,,team_generated,false,dev
JOB-AI-ALG-0074-SKILL-033,JOB-AI-ALG-0074,SKILL-033,50,0.0625,preferred,1.1.0,synthetic,true,SRC-SYNTH,2026-09-05T00:00:00+08:00,0.88,synthetic,not_applicable,,team_generated,false,dev
JOB-AI-ALG-0074-SKILL-036,JOB-AI-ALG-0074,SKILL-036,49,0.0625,preferred,1.1.0,synthetic,true,SRC-SYNTH,2026-09-05T00:00:00+08:00,0.88,synthetic,not_applicable,,team_generated,false,dev
JOB-AI-ALG-0074-SKILL-048,JOB-AI-ALG-0074,SKILL-048,49,0.0625,preferred,1.1.0,synthetic,true,SRC-SYNTH,2026-09-05T00:00:00+08:00,0.88,synthetic,not_applicable,,team_generated,false,dev
JOB-AI-ALG-0074-SKILL-058,JOB-AI-ALG-0074,SKILL-058,49,0.0625,preferred,1.1.0,synthetic,true,SRC-SYNTH,2026-09-05T00:00:00+08:00,0.88,synthetic,not_applicable,,team_generated,false,dev
JOB-AI-ALG-0074-SKILL-054,JOB-AI-ALG-0074,SKILL-054,49,0.0625,preferred,1.1.0,synthetic,true,SRC-SYNTH,2026-09-05T00:00:00+08:00,0.88,synthetic,not_applicable,,team_generated,false,dev
JOB-AI-ALG-0075-SKILL-011,JOB-AI-ALG-0075,SKILL-011,68,0.058824,required,1.1.0,synthetic,true,SRC-SYNTH,2026-09-05T00:00:00+08:00,0.88,synthetic,not_applicable,,team_generated,false,dev
JOB-AI-ALG-0075-SKILL-017,JOB-AI-ALG-0075,SKILL-017,67,0.058824,required,1.1.0,synthetic,true,SRC-SYNTH,2026-09-05T00:00:00+08:00,0.88,synthetic,not_applicable,,team_generated,false,dev
JOB-AI-ALG-0075-SKILL-018,JOB-AI-ALG-0075,SKILL-018,67,0.058824,required,1.1.0,synthetic,true,SRC-SYNTH,2026-09-05T00:00:00+08:00,0.88,synthetic,not_applicable,,team_generated,false,dev
JOB-AI-ALG-0075-SKILL-019,JOB-AI-ALG-0075,SKILL-019,67,0.058824,required,1.1.0,synthetic,true,SRC-SYNTH,2026-09-05T00:00:00+08:00,0.88,synthetic,not_applicable,,team_generated,false,dev
JOB-AI-ALG-0075-SKILL-020,JOB-AI-ALG-0075,SKILL-020,66,0.058824,required,1.1.0,synthetic,true,SRC-SYNTH,2026-09-05T00:00:00+08:00,0.88,synthetic,not_applicable,,team_generated,false,dev
JOB-AI-ALG-0075-SKILL-021,JOB-AI-ALG-0075,SKILL-021,61,0.058824,required,1.1.0,synthetic,true,SRC-SYNTH,2026-09-05T00:00:00+08:00,0.88,synthetic,not_applicable,,team_generated,false,dev
JOB-AI-ALG-0075-SKILL-022,JOB-AI-ALG-0075,SKILL-022,60,0.058824,required,1.1.0,synthetic,true,SRC-SYNTH,2026-09-05T00:00:00+08:00,0.88,synthetic,not_applicable,,team_generated,false,dev
JOB-AI-ALG-0075-SKILL-023,JOB-AI-ALG-0075,SKILL-023,56,0.058824,required,1.1.0,synthetic,true,SRC-SYNTH,2026-09-05T00:00:00+08:00,0.88,synthetic,not_applicable,,team_generated,false,dev
JOB-AI-ALG-0075-SKILL-024,JOB-AI-ALG-0075,SKILL-024,56,0.058824,required,1.1.0,synthetic,true,SRC-SYNTH,2026-09-05T00:00:00+08:00,0.88,synthetic,not_applicable,,team_generated,false,dev
JOB-AI-ALG-0075-SKILL-025,JOB-AI-ALG-0075,SKILL-025,55,0.058824,required,1.1.0,synthetic,true,SRC-SYNTH,2026-09-05T00:00:00+08:00,0.88,synthetic,not_applicable,,team_generated,false,dev
JOB-AI-ALG-0075-SKILL-033,JOB-AI-ALG-0075,SKILL-033,50,0.058824,required,1.1.0,synthetic,true,SRC-SYNTH,2026-09-05T00:00:00+08:00,0.88,synthetic,not_applicable,,team_generated,false,dev
JOB-AI-ALG-0075-SKILL-036,JOB-AI-ALG-0075,SKILL-036,49,0.058824,required,1.1.0,synthetic,true,SRC-SYNTH,2026-09-05T00:00:00+08:00,0.88,synthetic,not_applicable,,team_generated,false,dev
JOB-AI-ALG-0075-SKILL-048,JOB-AI-ALG-0075,SKILL-048,49,0.058824,preferred,1.1.0,synthetic,true,SRC-SYNTH,2026-09-05T00:00:00+08:00,0.88,synthetic,not_applicable,,team_generated,false,dev
JOB-AI-ALG-0075-SKILL-058,JOB-AI-ALG-0075,SKILL-058,49,0.058824,preferred,1.1.0,synthetic,true,SRC-SYNTH,2026-09-05T00:00:00+08:00,0.88,synthetic,not_applicable,,team_generated,false,dev
JOB-AI-ALG-0075-SKILL-054,JOB-AI-ALG-0075,SKILL-054,49,0.058824,preferred,1.1.0,synthetic,true,SRC-SYNTH,2026-09-05T00:00:00+08:00,0.88,synthetic,not_applicable,,team_generated,false,dev
JOB-AI-ALG-0075-SKILL-001,JOB-AI-ALG-0075,SKILL-001,72,0.058824,preferred,1.1.0,synthetic,true,SRC-SYNTH,2026-09-05T00:00:00+08:00,0.88,synthetic,not_applicable,,team_generated,false,dev
JOB-AI-ALG-0075-SKILL-002,JOB-AI-ALG-0075,SKILL-002,72,0.058816,preferred,1.1.0,synthetic,true,SRC-SYNTH,2026-09-05T00:00:00+08:00,0.88,synthetic,not_applicable,,team_generated,false,dev
JOB-AI-ALG-0076-SKILL-017,JOB-AI-ALG-0076,SKILL-017,67,0.055556,required,1.1.0,synthetic,true,SRC-SYNTH,2026-09-05T00:00:00+08:00,0.88,synthetic,not_applicable,,team_generated,false,dev
JOB-AI-ALG-0076-SKILL-018,JOB-AI-ALG-0076,SKILL-018,67,0.055556,required,1.1.0,synthetic,true,SRC-SYNTH,2026-09-05T00:00:00+08:00,0.88,synthetic,not_applicable,,team_generated,false,dev
JOB-AI-ALG-0076-SKILL-019,JOB-AI-ALG-0076,SKILL-019,67,0.055556,required,1.1.0,synthetic,true,SRC-SYNTH,2026-09-05T00:00:00+08:00,0.88,synthetic,not_applicable,,team_generated,false,dev
JOB-AI-ALG-0076-SKILL-020,JOB-AI-ALG-0076,SKILL-020,66,0.055556,required,1.1.0,synthetic,true,SRC-SYNTH,2026-09-05T00:00:00+08:00,0.88,synthetic,not_applicable,,team_generated,false,dev
JOB-AI-ALG-0076-SKILL-021,JOB-AI-ALG-0076,SKILL-021,61,0.055556,required,1.1.0,synthetic,true,SRC-SYNTH,2026-09-05T00:00:00+08:00,0.88,synthetic,not_applicable,,team_generated,false,dev
JOB-AI-ALG-0076-SKILL-022,JOB-AI-ALG-0076,SKILL-022,60,0.055556,required,1.1.0,synthetic,true,SRC-SYNTH,2026-09-05T00:00:00+08:00,0.88,synthetic,not_applicable,,team_generated,false,dev
JOB-AI-ALG-0076-SKILL-023,JOB-AI-ALG-0076,SKILL-023,56,0.055556,required,1.1.0,synthetic,true,SRC-SYNTH,2026-09-05T00:00:00+08:00,0.88,synthetic,not_applicable,,team_generated,false,dev
JOB-AI-ALG-0076-SKILL-024,JOB-AI-ALG-0076,SKILL-024,56,0.055556,required,1.1.0,synthetic,true,SRC-SYNTH,2026-09-05T00:00:00+08:00,0.88,synthetic,not_applicable,,team_generated,false,dev
JOB-AI-ALG-0076-SKILL-025,JOB-AI-ALG-0076,SKILL-025,55,0.055556,required,1.1.0,synthetic,true,SRC-SYNTH,2026-09-05T00:00:00+08:00,0.88,synthetic,not_applicable,,team_generated,false,dev
JOB-AI-ALG-0076-SKILL-033,JOB-AI-ALG-0076,SKILL-033,50,0.055556,required,1.1.0,synthetic,true,SRC-SYNTH,2026-09-05T00:00:00+08:00,0.88,synthetic,not_applicable,,team_generated,false,dev
JOB-AI-ALG-0076-SKILL-036,JOB-AI-ALG-0076,SKILL-036,49,0.055556,required,1.1.0,synthetic,true,SRC-SYNTH,2026-09-05T00:00:00+08:00,0.88,synthetic,not_applicable,,team_generated,false,dev
JOB-AI-ALG-0076-SKILL-048,JOB-AI-ALG-0076,SKILL-048,49,0.055556,required,1.1.0,synthetic,true,SRC-SYNTH,2026-09-05T00:00:00+08:00,0.88,synthetic,not_applicable,,team_generated,false,dev
JOB-AI-ALG-0076-SKILL-058,JOB-AI-ALG-0076,SKILL-058,49,0.055556,preferred,1.1.0,synthetic,true,SRC-SYNTH,2026-09-05T00:00:00+08:00,0.88,synthetic,not_applicable,,team_generated,false,dev
JOB-AI-ALG-0076-SKILL-054,JOB-AI-ALG-0076,SKILL-054,49,0.055556,preferred,1.1.0,synthetic,true,SRC-SYNTH,2026-09-05T00:00:00+08:00,0.88,synthetic,not_applicable,,team_generated,false,dev
JOB-AI-ALG-0076-SKILL-001,JOB-AI-ALG-0076,SKILL-001,72,0.055556,preferred,1.1.0,synthetic,true,SRC-SYNTH,2026-09-05T00:00:00+08:00,0.88,synthetic,not_applicable,,team_generated,false,dev
JOB-AI-ALG-0076-SKILL-002,JOB-AI-ALG-0076,SKILL-002,72,0.055556,preferred,1.1.0,synthetic,true,SRC-SYNTH,2026-09-05T00:00:00+08:00,0.88,synthetic,not_applicable,,team_generated,false,dev
JOB-AI-ALG-0076-SKILL-010,JOB-AI-ALG-0076,SKILL-010,71,0.055556,preferred,1.1.0,synthetic,true,SRC-SYNTH,2026-09-05T00:00:00+08:00,0.88,synthetic,not_applicable,,team_generated,false,dev
JOB-AI-ALG-0076-SKILL-011,JOB-AI-ALG-0076,SKILL-011,71,0.055548,preferred,1.1.0,synthetic,true,SRC-SYNTH,2026-09-05T00:00:00+08:00,0.88,synthetic,not_applicable,,team_generated,false,dev
JOB-AI-ALG-0077-SKILL-018,JOB-AI-ALG-0077,SKILL-018,67,0.083333,required,1.1.0,synthetic,true,SRC-SYNTH,2026-09-05T00:00:00+08:00,0.88,synthetic,not_applicable,,team_generated,false,dev
JOB-AI-ALG-0077-SKILL-019,JOB-AI-ALG-0077,SKILL-019,67,0.083333,required,1.1.0,synthetic,true,SRC-SYNTH,2026-09-05T00:00:00+08:00,0.88,synthetic,not_applicable,,team_generated,false,dev
JOB-AI-ALG-0077-SKILL-020,JOB-AI-ALG-0077,SKILL-020,66,0.083333,required,1.1.0,synthetic,true,SRC-SYNTH,2026-09-05T00:00:00+08:00,0.88,synthetic,not_applicable,,team_generated,false,dev
JOB-AI-ALG-0077-SKILL-021,JOB-AI-ALG-0077,SKILL-021,61,0.083333,required,1.1.0,synthetic,true,SRC-SYNTH,2026-09-05T00:00:00+08:00,0.88,synthetic,not_applicable,,team_generated,false,dev
JOB-AI-ALG-0077-SKILL-022,JOB-AI-ALG-0077,SKILL-022,60,0.083333,required,1.1.0,synthetic,true,SRC-SYNTH,2026-09-05T00:00:00+08:00,0.88,synthetic,not_applicable,,team_generated,false,dev
JOB-AI-ALG-0077-SKILL-023,JOB-AI-ALG-0077,SKILL-023,56,0.083333,required,1.1.0,synthetic,true,SRC-SYNTH,2026-09-05T00:00:00+08:00,0.88,synthetic,not_applicable,,team_generated,false,dev
JOB-AI-ALG-0077-SKILL-024,JOB-AI-ALG-0077,SKILL-024,56,0.083333,required,1.1.0,synthetic,true,SRC-SYNTH,2026-09-05T00:00:00+08:00,0.88,synthetic,not_applicable,,team_generated,false,dev
JOB-AI-ALG-0077-SKILL-025,JOB-AI-ALG-0077,SKILL-025,55,0.083333,required,1.1.0,synthetic,true,SRC-SYNTH,2026-09-05T00:00:00+08:00,0.88,synthetic,not_applicable,,team_generated,false,dev
JOB-AI-ALG-0077-SKILL-033,JOB-AI-ALG-0077,SKILL-033,50,0.083333,preferred,1.1.0,synthetic,true,SRC-SYNTH,2026-09-05T00:00:00+08:00,0.88,synthetic,not_applicable,,team_generated,false,dev
JOB-AI-ALG-0077-SKILL-036,JOB-AI-ALG-0077,SKILL-036,49,0.083333,preferred,1.1.0,synthetic,true,SRC-SYNTH,2026-09-05T00:00:00+08:00,0.88,synthetic,not_applicable,,team_generated,false,dev
JOB-AI-ALG-0077-SKILL-048,JOB-AI-ALG-0077,SKILL-048,49,0.083333,preferred,1.1.0,synthetic,true,SRC-SYNTH,2026-09-05T00:00:00+08:00,0.88,synthetic,not_applicable,,team_generated,false,dev
JOB-AI-ALG-0077-SKILL-058,JOB-AI-ALG-0077,SKILL-058,49,0.083337,preferred,1.1.0,synthetic,true,SRC-SYNTH,2026-09-05T00:00:00+08:00,0.88,synthetic,not_applicable,,team_generated,false,dev
JOB-AI-ALG-0078-SKILL-019,JOB-AI-ALG-0078,SKILL-019,67,0.076923,required,1.1.0,synthetic,true,SRC-SYNTH,2026-09-05T00:00:00+08:00,0.88,synthetic,not_applicable,,team_generated,false,dev
JOB-AI-ALG-0078-SKILL-020,JOB-AI-ALG-0078,SKILL-020,66,0.076923,required,1.1.0,synthetic,true,SRC-SYNTH,2026-09-05T00:00:00+08:00,0.88,synthetic,not_applicable,,team_generated,false,dev
JOB-AI-ALG-0078-SKILL-021,JOB-AI-ALG-0078,SKILL-021,61,0.076923,required,1.1.0,synthetic,true,SRC-SYNTH,2026-09-05T00:00:00+08:00,0.88,synthetic,not_applicable,,team_generated,false,dev
JOB-AI-ALG-0078-SKILL-022,JOB-AI-ALG-0078,SKILL-022,60,0.076923,required,1.1.0,synthetic,true,SRC-SYNTH,2026-09-05T00:00:00+08:00,0.88,synthetic,not_applicable,,team_generated,false,dev
JOB-AI-ALG-0078-SKILL-023,JOB-AI-ALG-0078,SKILL-023,56,0.076923,required,1.1.0,synthetic,true,SRC-SYNTH,2026-09-05T00:00:00+08:00,0.88,synthetic,not_applicable,,team_generated,false,dev
JOB-AI-ALG-0078-SKILL-024,JOB-AI-ALG-0078,SKILL-024,56,0.076923,required,1.1.0,synthetic,true,SRC-SYNTH,2026-09-05T00:00:00+08:00,0.88,synthetic,not_applicable,,team_generated,false,dev
JOB-AI-ALG-0078-SKILL-025,JOB-AI-ALG-0078,SKILL-025,55,0.076923,required,1.1.0,synthetic,true,SRC-SYNTH,2026-09-05T00:00:00+08:00,0.88,synthetic,not_applicable,,team_generated,false,dev
JOB-AI-ALG-0078-SKILL-033,JOB-AI-ALG-0078,SKILL-033,50,0.076923,required,1.1.0,synthetic,true,SRC-SYNTH,2026-09-05T00:00:00+08:00,0.88,synthetic,not_applicable,,team_generated,false,dev
JOB-AI-ALG-0078-SKILL-036,JOB-AI-ALG-0078,SKILL-036,49,0.076923,required,1.1.0,synthetic,true,SRC-SYNTH,2026-09-05T00:00:00+08:00,0.88,synthetic,not_applicable,,team_generated,false,dev
JOB-AI-ALG-0078-SKILL-048,JOB-AI-ALG-0078,SKILL-048,49,0.076923,preferred,1.1.0,synthetic,true,SRC-SYNTH,2026-09-05T00:00:00+08:00,0.88,synthetic,not_applicable,,team_generated,false,dev
JOB-AI-ALG-0078-SKILL-058,JOB-AI-ALG-0078,SKILL-058,49,0.076923,preferred,1.1.0,synthetic,true,SRC-SYNTH,2026-09-05T00:00:00+08:00,0.88,synthetic,not_applicable,,team_generated,false,dev
JOB-AI-ALG-0078-SKILL-054,JOB-AI-ALG-0078,SKILL-054,49,0.076923,preferred,1.1.0,synthetic,true,SRC-SYNTH,2026-09-05T00:00:00+08:00,0.88,synthetic,not_applicable,,team_generated,false,dev
JOB-AI-ALG-0078-SKILL-001,JOB-AI-ALG-0078,SKILL-001,72,0.076924,preferred,1.1.0,synthetic,true,SRC-SYNTH,2026-09-05T00:00:00+08:00,0.88,synthetic,not_applicable,,team_generated,false,dev
JOB-AI-ALG-0079-SKILL-020,JOB-AI-ALG-0079,SKILL-020,66,0.071429,required,1.1.0,synthetic,true,SRC-SYNTH,2026-09-05T00:00:00+08:00,0.88,synthetic,not_applicable,,team_generated,false,dev
JOB-AI-ALG-0079-SKILL-021,JOB-AI-ALG-0079,SKILL-021,61,0.071429,required,1.1.0,synthetic,true,SRC-SYNTH,2026-09-05T00:00:00+08:00,0.88,synthetic,not_applicable,,team_generated,false,dev
JOB-AI-ALG-0079-SKILL-022,JOB-AI-ALG-0079,SKILL-022,60,0.071429,required,1.1.0,synthetic,true,SRC-SYNTH,2026-09-05T00:00:00+08:00,0.88,synthetic,not_applicable,,team_generated,false,dev
JOB-AI-ALG-0079-SKILL-023,JOB-AI-ALG-0079,SKILL-023,56,0.071429,required,1.1.0,synthetic,true,SRC-SYNTH,2026-09-05T00:00:00+08:00,0.88,synthetic,not_applicable,,team_generated,false,dev
JOB-AI-ALG-0079-SKILL-024,JOB-AI-ALG-0079,SKILL-024,56,0.071429,required,1.1.0,synthetic,true,SRC-SYNTH,2026-09-05T00:00:00+08:00,0.88,synthetic,not_applicable,,team_generated,false,dev
JOB-AI-ALG-0079-SKILL-025,JOB-AI-ALG-0079,SKILL-025,55,0.071429,required,1.1.0,synthetic,true,SRC-SYNTH,2026-09-05T00:00:00+08:00,0.88,synthetic,not_applicable,,team_generated,false,dev
JOB-AI-ALG-0079-SKILL-033,JOB-AI-ALG-0079,SKILL-033,50,0.071429,required,1.1.0,synthetic,true,SRC-SYNTH,2026-09-05T00:00:00+08:00,0.88,synthetic,not_applicable,,team_generated,false,dev
JOB-AI-ALG-0079-SKILL-036,JOB-AI-ALG-0079,SKILL-036,49,0.071429,required,1.1.0,synthetic,true,SRC-SYNTH,2026-09-05T00:00:00+08:00,0.88,synthetic,not_applicable,,team_generated,false,dev
JOB-AI-ALG-0079-SKILL-048,JOB-AI-ALG-0079,SKILL-048,49,0.071429,required,1.1.0,synthetic,true,SRC-SYNTH,2026-09-05T00:00:00+08:00,0.88,synthetic,not_applicable,,team_generated,false,dev
JOB-AI-ALG-0079-SKILL-058,JOB-AI-ALG-0079,SKILL-058,49,0.071429,required,1.1.0,synthetic,true,SRC-SYNTH,2026-09-05T00:00:00+08:00,0.88,synthetic,not_applicable,,team_generated,false,dev
JOB-AI-ALG-0079-SKILL-054,JOB-AI-ALG-0079,SKILL-054,49,0.071429,preferred,1.1.0,synthetic,true,SRC-SYNTH,2026-09-05T00:00:00+08:00,0.88,synthetic,not_applicable,,team_generated,false,dev
JOB-AI-ALG-0079-SKILL-001,JOB-AI-ALG-0079,SKILL-001,72,0.071429,preferred,1.1.0,synthetic,true,SRC-SYNTH,2026-09-05T00:00:00+08:00,0.88,synthetic,not_applicable,,team_generated,false,dev
JOB-AI-ALG-0079-SKILL-002,JOB-AI-ALG-0079,SKILL-002,72,0.071429,preferred,1.1.0,synthetic,true,SRC-SYNTH,2026-09-05T00:00:00+08:00,0.88,synthetic,not_applicable,,team_generated,false,dev
JOB-AI-ALG-0079-SKILL-010,JOB-AI-ALG-0079,SKILL-010,71,0.071423,preferred,1.1.0,synthetic,true,SRC-SYNTH,2026-09-05T00:00:00+08:00,0.88,synthetic,not_applicable,,team_generated,false,dev
JOB-AI-ALG-0080-SKILL-021,JOB-AI-ALG-0080,SKILL-021,61,0.066667,required,1.1.0,synthetic,true,SRC-SYNTH,2026-09-05T00:00:00+08:00,0.88,synthetic,not_applicable,,team_generated,false,dev
JOB-AI-ALG-0080-SKILL-022,JOB-AI-ALG-0080,SKILL-022,60,0.066667,required,1.1.0,synthetic,true,SRC-SYNTH,2026-09-05T00:00:00+08:00,0.88,synthetic,not_applicable,,team_generated,false,dev
JOB-AI-ALG-0080-SKILL-023,JOB-AI-ALG-0080,SKILL-023,56,0.066667,required,1.1.0,synthetic,true,SRC-SYNTH,2026-09-05T00:00:00+08:00,0.88,synthetic,not_applicable,,team_generated,false,dev
JOB-AI-ALG-0080-SKILL-024,JOB-AI-ALG-0080,SKILL-024,56,0.066667,required,1.1.0,synthetic,true,SRC-SYNTH,2026-09-05T00:00:00+08:00,0.88,synthetic,not_applicable,,team_generated,false,dev
JOB-AI-ALG-0080-SKILL-025,JOB-AI-ALG-0080,SKILL-025,55,0.066667,required,1.1.0,synthetic,true,SRC-SYNTH,2026-09-05T00:00:00+08:00,0.88,synthetic,not_applicable,,team_generated,false,dev
JOB-AI-ALG-0080-SKILL-033,JOB-AI-ALG-0080,SKILL-033,50,0.066667,required,1.1.0,synthetic,true,SRC-SYNTH,2026-09-05T00:00:00+08:00,0.88,synthetic,not_applicable,,team_generated,false,dev
JOB-AI-ALG-0080-SKILL-036,JOB-AI-ALG-0080,SKILL-036,49,0.066667,required,1.1.0,synthetic,true,SRC-SYNTH,2026-09-05T00:00:00+08:00,0.88,synthetic,not_applicable,,team_generated,false,dev
JOB-AI-ALG-0080-SKILL-048,JOB-AI-ALG-0080,SKILL-048,49,0.066667,required,1.1.0,synthetic,true,SRC-SYNTH,2026-09-05T00:00:00+08:00,0.88,synthetic,not_applicable,,team_generated,false,dev
JOB-AI-ALG-0080-SKILL-058,JOB-AI-ALG-0080,SKILL-058,49,0.066667,required,1.1.0,synthetic,true,SRC-SYNTH,2026-09-05T00:00:00+08:00,0.88,synthetic,not_applicable,,team_generated,false,dev
JOB-AI-ALG-0080-SKILL-054,JOB-AI-ALG-0080,SKILL-054,49,0.066667,required,1.1.0,synthetic,true,SRC-SYNTH,2026-09-05T00:00:00+08:00,0.88,synthetic,not_applicable,,team_generated,false,dev
JOB-AI-ALG-0080-SKILL-001,JOB-AI-ALG-0080,SKILL-001,72,0.066667,preferred,1.1.0,synthetic,true,SRC-SYNTH,2026-09-05T00:00:00+08:00,0.88,synthetic,not_applicable,,team_generated,false,dev
JOB-AI-ALG-0080-SKILL-002,JOB-AI-ALG-0080,SKILL-002,72,0.066667,preferred,1.1.0,synthetic,true,SRC-SYNTH,2026-09-05T00:00:00+08:00,0.88,synthetic,not_applicable,,team_generated,false,dev
JOB-AI-ALG-0080-SKILL-010,JOB-AI-ALG-0080,SKILL-010,71,0.066667,preferred,1.1.0,synthetic,true,SRC-SYNTH,2026-09-05T00:00:00+08:00,0.88,synthetic,not_applicable,,team_generated,false,dev
JOB-AI-ALG-0080-SKILL-011,JOB-AI-ALG-0080,SKILL-011,71,0.066667,preferred,1.1.0,synthetic,true,SRC-SYNTH,2026-09-05T00:00:00+08:00,0.88,synthetic,not_applicable,,team_generated,false,dev
JOB-AI-ALG-0080-SKILL-017,JOB-AI-ALG-0080,SKILL-017,70,0.066662,preferred,1.1.0,synthetic,true,SRC-SYNTH,2026-09-05T00:00:00+08:00,0.88,synthetic,not_applicable,,team_generated,false,dev
JOB-AI-ALG-0081-SKILL-022,JOB-AI-ALG-0081,SKILL-022,60,0.0625,required,1.1.0,synthetic,true,SRC-SYNTH,2026-09-05T00:00:00+08:00,0.88,synthetic,not_applicable,,team_generated,false,dev
JOB-AI-ALG-0081-SKILL-023,JOB-AI-ALG-0081,SKILL-023,56,0.0625,required,1.1.0,synthetic,true,SRC-SYNTH,2026-09-05T00:00:00+08:00,0.88,synthetic,not_applicable,,team_generated,false,dev
JOB-AI-ALG-0081-SKILL-024,JOB-AI-ALG-0081,SKILL-024,56,0.0625,required,1.1.0,synthetic,true,SRC-SYNTH,2026-09-05T00:00:00+08:00,0.88,synthetic,not_applicable,,team_generated,false,dev
JOB-AI-ALG-0081-SKILL-025,JOB-AI-ALG-0081,SKILL-025,55,0.0625,required,1.1.0,synthetic,true,SRC-SYNTH,2026-09-05T00:00:00+08:00,0.88,synthetic,not_applicable,,team_generated,false,dev
JOB-AI-ALG-0081-SKILL-033,JOB-AI-ALG-0081,SKILL-033,50,0.0625,required,1.1.0,synthetic,true,SRC-SYNTH,2026-09-05T00:00:00+08:00,0.88,synthetic,not_applicable,,team_generated,false,dev
JOB-AI-ALG-0081-SKILL-036,JOB-AI-ALG-0081,SKILL-036,49,0.0625,required,1.1.0,synthetic,true,SRC-SYNTH,2026-09-05T00:00:00+08:00,0.88,synthetic,not_applicable,,team_generated,false,dev
JOB-AI-ALG-0081-SKILL-048,JOB-AI-ALG-0081,SKILL-048,49,0.0625,required,1.1.0,synthetic,true,SRC-SYNTH,2026-09-05T00:00:00+08:00,0.88,synthetic,not_applicable,,team_generated,false,dev
JOB-AI-ALG-0081-SKILL-058,JOB-AI-ALG-0081,SKILL-058,49,0.0625,required,1.1.0,synthetic,true,SRC-SYNTH,2026-09-05T00:00:00+08:00,0.88,synthetic,not_applicable,,team_generated,false,dev
JOB-AI-ALG-0081-SKILL-054,JOB-AI-ALG-0081,SKILL-054,49,0.0625,required,1.1.0,synthetic,true,SRC-SYNTH,2026-09-05T00:00:00+08:00,0.88,synthetic,not_applicable,,team_generated,false,dev
JOB-AI-ALG-0081-SKILL-001,JOB-AI-ALG-0081,SKILL-001,72,0.0625,required,1.1.0,synthetic,true,SRC-SYNTH,2026-09-05T00:00:00+08:00,0.88,synthetic,not_applicable,,team_generated,false,dev
JOB-AI-ALG-0081-SKILL-002,JOB-AI-ALG-0081,SKILL-002,72,0.0625,required,1.1.0,synthetic,true,SRC-SYNTH,2026-09-05T00:00:00+08:00,0.88,synthetic,not_applicable,,team_generated,false,dev
JOB-AI-ALG-0081-SKILL-010,JOB-AI-ALG-0081,SKILL-010,71,0.0625,preferred,1.1.0,synthetic,true,SRC-SYNTH,2026-09-05T00:00:00+08:00,0.88,synthetic,not_applicable,,team_generated,false,dev
JOB-AI-ALG-0081-SKILL-011,JOB-AI-ALG-0081,SKILL-011,71,0.0625,preferred,1.1.0,synthetic,true,SRC-SYNTH,2026-09-05T00:00:00+08:00,0.88,synthetic,not_applicable,,team_generated,false,dev
JOB-AI-ALG-0081-SKILL-017,JOB-AI-ALG-0081,SKILL-017,70,0.0625,preferred,1.1.0,synthetic,true,SRC-SYNTH,2026-09-05T00:00:00+08:00,0.88,synthetic,not_applicable,,team_generated,false,dev
JOB-AI-ALG-0081-SKILL-018,JOB-AI-ALG-0081,SKILL-018,65,0.0625,preferred,1.1.0,synthetic,true,SRC-SYNTH,2026-09-05T00:00:00+08:00,0.88,synthetic,not_applicable,,team_generated,false,dev
JOB-AI-ALG-0081-SKILL-019,JOB-AI-ALG-0081,SKILL-019,65,0.0625,preferred,1.1.0,synthetic,true,SRC-SYNTH,2026-09-05T00:00:00+08:00,0.88,synthetic,not_applicable,,team_generated,false,dev
JOB-AI-ALG-0082-SKILL-023,JOB-AI-ALG-0082,SKILL-023,56,0.058824,required,1.1.0,synthetic,true,SRC-SYNTH,2026-09-05T00:00:00+08:00,0.88,synthetic,not_applicable,,team_generated,false,dev
JOB-AI-ALG-0082-SKILL-024,JOB-AI-ALG-0082,SKILL-024,56,0.058824,required,1.1.0,synthetic,true,SRC-SYNTH,2026-09-05T00:00:00+08:00,0.88,synthetic,not_applicable,,team_generated,false,dev
JOB-AI-ALG-0082-SKILL-025,JOB-AI-ALG-0082,SKILL-025,55,0.058824,required,1.1.0,synthetic,true,SRC-SYNTH,2026-09-05T00:00:00+08:00,0.88,synthetic,not_applicable,,team_generated,false,dev
JOB-AI-ALG-0082-SKILL-033,JOB-AI-ALG-0082,SKILL-033,50,0.058824,required,1.1.0,synthetic,true,SRC-SYNTH,2026-09-05T00:00:00+08:00,0.88,synthetic,not_applicable,,team_generated,false,dev
JOB-AI-ALG-0082-SKILL-036,JOB-AI-ALG-0082,SKILL-036,49,0.058824,required,1.1.0,synthetic,true,SRC-SYNTH,2026-09-05T00:00:00+08:00,0.88,synthetic,not_applicable,,team_generated,false,dev
JOB-AI-ALG-0082-SKILL-048,JOB-AI-ALG-0082,SKILL-048,49,0.058824,required,1.1.0,synthetic,true,SRC-SYNTH,2026-09-05T00:00:00+08:00,0.88,synthetic,not_applicable,,team_generated,false,dev
JOB-AI-ALG-0082-SKILL-058,JOB-AI-ALG-0082,SKILL-058,49,0.058824,required,1.1.0,synthetic,true,SRC-SYNTH,2026-09-05T00:00:00+08:00,0.88,synthetic,not_applicable,,team_generated,false,dev
JOB-AI-ALG-0082-SKILL-054,JOB-AI-ALG-0082,SKILL-054,49,0.058824,required,1.1.0,synthetic,true,SRC-SYNTH,2026-09-05T00:00:00+08:00,0.88,synthetic,not_applicable,,team_generated,false,dev
JOB-AI-ALG-0082-SKILL-001,JOB-AI-ALG-0082,SKILL-001,72,0.058824,required,1.1.0,synthetic,true,SRC-SYNTH,2026-09-05T00:00:00+08:00,0.88,synthetic,not_applicable,,team_generated,false,dev
JOB-AI-ALG-0082-SKILL-002,JOB-AI-ALG-0082,SKILL-002,72,0.058824,required,1.1.0,synthetic,true,SRC-SYNTH,2026-09-05T00:00:00+08:00,0.88,synthetic,not_applicable,,team_generated,false,dev
JOB-AI-ALG-0082-SKILL-010,JOB-AI-ALG-0082,SKILL-010,71,0.058824,required,1.1.0,synthetic,true,SRC-SYNTH,2026-09-05T00:00:00+08:00,0.88,synthetic,not_applicable,,team_generated,false,dev
JOB-AI-ALG-0082-SKILL-011,JOB-AI-ALG-0082,SKILL-011,71,0.058824,required,1.1.0,synthetic,true,SRC-SYNTH,2026-09-05T00:00:00+08:00,0.88,synthetic,not_applicable,,team_generated,false,dev
JOB-AI-ALG-0082-SKILL-017,JOB-AI-ALG-0082,SKILL-017,70,0.058824,preferred,1.1.0,synthetic,true,SRC-SYNTH,2026-09-05T00:00:00+08:00,0.88,synthetic,not_applicable,,team_generated,false,dev
JOB-AI-ALG-0082-SKILL-018,JOB-AI-ALG-0082,SKILL-018,65,0.058824,preferred,1.1.0,synthetic,true,SRC-SYNTH,2026-09-05T00:00:00+08:00,0.88,synthetic,not_applicable,,team_generated,false,dev
JOB-AI-ALG-0082-SKILL-019,JOB-AI-ALG-0082,SKILL-019,65,0.058824,preferred,1.1.0,synthetic,true,SRC-SYNTH,2026-09-05T00:00:00+08:00,0.88,synthetic,not_applicable,,team_generated,false,dev
JOB-AI-ALG-0082-SKILL-020,JOB-AI-ALG-0082,SKILL-020,64,0.058824,preferred,1.1.0,synthetic,true,SRC-SYNTH,2026-09-05T00:00:00+08:00,0.88,synthetic,not_applicable,,team_generated,false,dev
JOB-AI-ALG-0082-SKILL-021,JOB-AI-ALG-0082,SKILL-021,64,0.058816,preferred,1.1.0,synthetic,true,SRC-SYNTH,2026-09-05T00:00:00+08:00,0.88,synthetic,not_applicable,,team_generated,false,dev
JOB-AI-ALG-0083-SKILL-024,JOB-AI-ALG-0083,SKILL-024,56,0.055556,required,1.1.0,synthetic,true,SRC-SYNTH,2026-09-05T00:00:00+08:00,0.88,synthetic,not_applicable,,team_generated,false,dev
JOB-AI-ALG-0083-SKILL-025,JOB-AI-ALG-0083,SKILL-025,55,0.055556,required,1.1.0,synthetic,true,SRC-SYNTH,2026-09-05T00:00:00+08:00,0.88,synthetic,not_applicable,,team_generated,false,dev
JOB-AI-ALG-0083-SKILL-033,JOB-AI-ALG-0083,SKILL-033,50,0.055556,required,1.1.0,synthetic,true,SRC-SYNTH,2026-09-05T00:00:00+08:00,0.88,synthetic,not_applicable,,team_generated,false,dev
JOB-AI-ALG-0083-SKILL-036,JOB-AI-ALG-0083,SKILL-036,49,0.055556,required,1.1.0,synthetic,true,SRC-SYNTH,2026-09-05T00:00:00+08:00,0.88,synthetic,not_applicable,,team_generated,false,dev
JOB-AI-ALG-0083-SKILL-048,JOB-AI-ALG-0083,SKILL-048,49,0.055556,required,1.1.0,synthetic,true,SRC-SYNTH,2026-09-05T00:00:00+08:00,0.88,synthetic,not_applicable,,team_generated,false,dev
JOB-AI-ALG-0083-SKILL-058,JOB-AI-ALG-0083,SKILL-058,49,0.055556,required,1.1.0,synthetic,true,SRC-SYNTH,2026-09-05T00:00:00+08:00,0.88,synthetic,not_applicable,,team_generated,false,dev
JOB-AI-ALG-0083-SKILL-054,JOB-AI-ALG-0083,SKILL-054,49,0.055556,required,1.1.0,synthetic,true,SRC-SYNTH,2026-09-05T00:00:00+08:00,0.88,synthetic,not_applicable,,team_generated,false,dev
JOB-AI-ALG-0083-SKILL-001,JOB-AI-ALG-0083,SKILL-001,72,0.055556,required,1.1.0,synthetic,true,SRC-SYNTH,2026-09-05T00:00:00+08:00,0.88,synthetic,not_applicable,,team_generated,false,dev
JOB-AI-ALG-0083-SKILL-002,JOB-AI-ALG-0083,SKILL-002,72,0.055556,required,1.1.0,synthetic,true,SRC-SYNTH,2026-09-05T00:00:00+08:00,0.88,synthetic,not_applicable,,team_generated,false,dev
JOB-AI-ALG-0083-SKILL-010,JOB-AI-ALG-0083,SKILL-010,71,0.055556,required,1.1.0,synthetic,true,SRC-SYNTH,2026-09-05T00:00:00+08:00,0.88,synthetic,not_applicable,,team_generated,false,dev
JOB-AI-ALG-0083-SKILL-011,JOB-AI-ALG-0083,SKILL-011,71,0.055556,required,1.1.0,synthetic,true,SRC-SYNTH,2026-09-05T00:00:00+08:00,0.88,synthetic,not_applicable,,team_generated,false,dev
JOB-AI-ALG-0083-SKILL-017,JOB-AI-ALG-0083,SKILL-017,70,0.055556,required,1.1.0,synthetic,true,SRC-SYNTH,2026-09-05T00:00:00+08:00,0.88,synthetic,not_applicable,,team_generated,false,dev
JOB-AI-ALG-0083-SKILL-018,JOB-AI-ALG-0083,SKILL-018,65,0.055556,preferred,1.1.0,synthetic,true,SRC-SYNTH,2026-09-05T00:00:00+08:00,0.88,synthetic,not_applicable,,team_generated,false,dev
JOB-AI-ALG-0083-SKILL-019,JOB-AI-ALG-0083,SKILL-019,65,0.055556,preferred,1.1.0,synthetic,true,SRC-SYNTH,2026-09-05T00:00:00+08:00,0.88,synthetic,not_applicable,,team_generated,false,dev
JOB-AI-ALG-0083-SKILL-020,JOB-AI-ALG-0083,SKILL-020,64,0.055556,preferred,1.1.0,synthetic,true,SRC-SYNTH,2026-09-05T00:00:00+08:00,0.88,synthetic,not_applicable,,team_generated,false,dev
JOB-AI-ALG-0083-SKILL-021,JOB-AI-ALG-0083,SKILL-021,64,0.055556,preferred,1.1.0,synthetic,true,SRC-SYNTH,2026-09-05T00:00:00+08:00,0.88,synthetic,not_applicable,,team_generated,false,dev
JOB-AI-ALG-0083-SKILL-022,JOB-AI-ALG-0083,SKILL-022,63,0.055556,preferred,1.1.0,synthetic,true,SRC-SYNTH,2026-09-05T00:00:00+08:00,0.88,synthetic,not_applicable,,team_generated,false,dev
JOB-AI-ALG-0083-SKILL-023,JOB-AI-ALG-0083,SKILL-023,54,0.055548,preferred,1.1.0,synthetic,true,SRC-SYNTH,2026-09-05T00:00:00+08:00,0.88,synthetic,not_applicable,,team_generated,false,dev
JOB-AI-ALG-0084-SKILL-025,JOB-AI-ALG-0084,SKILL-025,55,0.083333,required,1.1.0,synthetic,true,SRC-SYNTH,2026-09-05T00:00:00+08:00,0.88,synthetic,not_applicable,,team_generated,false,dev
JOB-AI-ALG-0084-SKILL-033,JOB-AI-ALG-0084,SKILL-033,50,0.083333,required,1.1.0,synthetic,true,SRC-SYNTH,2026-09-05T00:00:00+08:00,0.88,synthetic,not_applicable,,team_generated,false,dev
JOB-AI-ALG-0084-SKILL-036,JOB-AI-ALG-0084,SKILL-036,49,0.083333,required,1.1.0,synthetic,true,SRC-SYNTH,2026-09-05T00:00:00+08:00,0.88,synthetic,not_applicable,,team_generated,false,dev
JOB-AI-ALG-0084-SKILL-048,JOB-AI-ALG-0084,SKILL-048,49,0.083333,required,1.1.0,synthetic,true,SRC-SYNTH,2026-09-05T00:00:00+08:00,0.88,synthetic,not_applicable,,team_generated,false,dev
JOB-AI-ALG-0084-SKILL-058,JOB-AI-ALG-0084,SKILL-058,49,0.083333,required,1.1.0,synthetic,true,SRC-SYNTH,2026-09-05T00:00:00+08:00,0.88,synthetic,not_applicable,,team_generated,false,dev
JOB-AI-ALG-0084-SKILL-054,JOB-AI-ALG-0084,SKILL-054,49,0.083333,required,1.1.0,synthetic,true,SRC-SYNTH,2026-09-05T00:00:00+08:00,0.88,synthetic,not_applicable,,team_generated,false,dev
JOB-AI-ALG-0084-SKILL-001,JOB-AI-ALG-0084,SKILL-001,72,0.083333,required,1.1.0,synthetic,true,SRC-SYNTH,2026-09-05T00:00:00+08:00,0.88,synthetic,not_applicable,,team_generated,false,dev
JOB-AI-ALG-0084-SKILL-002,JOB-AI-ALG-0084,SKILL-002,72,0.083333,required,1.1.0,synthetic,true,SRC-SYNTH,2026-09-05T00:00:00+08:00,0.88,synthetic,not_applicable,,team_generated,false,dev
JOB-AI-ALG-0084-SKILL-010,JOB-AI-ALG-0084,SKILL-010,71,0.083333,preferred,1.1.0,synthetic,true,SRC-SYNTH,2026-09-05T00:00:00+08:00,0.88,synthetic,not_applicable,,team_generated,false,dev
JOB-AI-ALG-0084-SKILL-011,JOB-AI-ALG-0084,SKILL-011,71,0.083333,preferred,1.1.0,synthetic,true,SRC-SYNTH,2026-09-05T00:00:00+08:00,0.88,synthetic,not_applicable,,team_generated,false,dev
JOB-AI-ALG-0084-SKILL-017,JOB-AI-ALG-0084,SKILL-017,70,0.083333,preferred,1.1.0,synthetic,true,SRC-SYNTH,2026-09-05T00:00:00+08:00,0.88,synthetic,not_applicable,,team_generated,false,dev
JOB-AI-ALG-0084-SKILL-018,JOB-AI-ALG-0084,SKILL-018,65,0.083337,preferred,1.1.0,synthetic,true,SRC-SYNTH,2026-09-05T00:00:00+08:00,0.88,synthetic,not_applicable,,team_generated,false,dev
JOB-AI-ALG-0085-SKILL-033,JOB-AI-ALG-0085,SKILL-033,50,0.076923,required,1.1.0,synthetic,true,SRC-SYNTH,2026-09-05T00:00:00+08:00,0.88,synthetic,not_applicable,,team_generated,false,dev
JOB-AI-ALG-0085-SKILL-036,JOB-AI-ALG-0085,SKILL-036,49,0.076923,required,1.1.0,synthetic,true,SRC-SYNTH,2026-09-05T00:00:00+08:00,0.88,synthetic,not_applicable,,team_generated,false,dev
JOB-AI-ALG-0085-SKILL-048,JOB-AI-ALG-0085,SKILL-048,49,0.076923,required,1.1.0,synthetic,true,SRC-SYNTH,2026-09-05T00:00:00+08:00,0.88,synthetic,not_applicable,,team_generated,false,dev
JOB-AI-ALG-0085-SKILL-058,JOB-AI-ALG-0085,SKILL-058,49,0.076923,required,1.1.0,synthetic,true,SRC-SYNTH,2026-09-05T00:00:00+08:00,0.88,synthetic,not_applicable,,team_generated,false,dev
JOB-AI-ALG-0085-SKILL-054,JOB-AI-ALG-0085,SKILL-054,49,0.076923,required,1.1.0,synthetic,true,SRC-SYNTH,2026-09-05T00:00:00+08:00,0.88,synthetic,not_applicable,,team_generated,false,dev
JOB-AI-ALG-0085-SKILL-001,JOB-AI-ALG-0085,SKILL-001,72,0.076923,required,1.1.0,synthetic,true,SRC-SYNTH,2026-09-05T00:00:00+08:00,0.88,synthetic,not_applicable,,team_generated,false,dev
JOB-AI-ALG-0085-SKILL-002,JOB-AI-ALG-0085,SKILL-002,72,0.076923,required,1.1.0,synthetic,true,SRC-SYNTH,2026-09-05T00:00:00+08:00,0.88,synthetic,not_applicable,,team_generated,false,dev
JOB-AI-ALG-0085-SKILL-010,JOB-AI-ALG-0085,SKILL-010,71,0.076923,required,1.1.0,synthetic,true,SRC-SYNTH,2026-09-05T00:00:00+08:00,0.88,synthetic,not_applicable,,team_generated,false,dev
JOB-AI-ALG-0085-SKILL-011,JOB-AI-ALG-0085,SKILL-011,71,0.076923,required,1.1.0,synthetic,true,SRC-SYNTH,2026-09-05T00:00:00+08:00,0.88,synthetic,not_applicable,,team_generated,false,dev
JOB-AI-ALG-0085-SKILL-017,JOB-AI-ALG-0085,SKILL-017,70,0.076923,preferred,1.1.0,synthetic,true,SRC-SYNTH,2026-09-05T00:00:00+08:00,0.88,synthetic,not_applicable,,team_generated,false,dev
JOB-AI-ALG-0085-SKILL-018,JOB-AI-ALG-0085,SKILL-018,65,0.076923,preferred,1.1.0,synthetic,true,SRC-SYNTH,2026-09-05T00:00:00+08:00,0.88,synthetic,not_applicable,,team_generated,false,dev
JOB-AI-ALG-0085-SKILL-019,JOB-AI-ALG-0085,SKILL-019,65,0.076923,preferred,1.1.0,synthetic,true,SRC-SYNTH,2026-09-05T00:00:00+08:00,0.88,synthetic,not_applicable,,team_generated,false,dev
JOB-AI-ALG-0085-SKILL-020,JOB-AI-ALG-0085,SKILL-020,64,0.076924,preferred,1.1.0,synthetic,true,SRC-SYNTH,2026-09-05T00:00:00+08:00,0.88,synthetic,not_applicable,,team_generated,false,dev
JOB-AI-ALG-0086-SKILL-036,JOB-AI-ALG-0086,SKILL-036,49,0.071429,required,1.1.0,synthetic,true,SRC-SYNTH,2026-09-05T00:00:00+08:00,0.88,synthetic,not_applicable,,team_generated,false,dev
JOB-AI-ALG-0086-SKILL-048,JOB-AI-ALG-0086,SKILL-048,49,0.071429,required,1.1.0,synthetic,true,SRC-SYNTH,2026-09-05T00:00:00+08:00,0.88,synthetic,not_applicable,,team_generated,false,dev
JOB-AI-ALG-0086-SKILL-058,JOB-AI-ALG-0086,SKILL-058,49,0.071429,required,1.1.0,synthetic,true,SRC-SYNTH,2026-09-05T00:00:00+08:00,0.88,synthetic,not_applicable,,team_generated,false,dev
JOB-AI-ALG-0086-SKILL-054,JOB-AI-ALG-0086,SKILL-054,49,0.071429,required,1.1.0,synthetic,true,SRC-SYNTH,2026-09-05T00:00:00+08:00,0.88,synthetic,not_applicable,,team_generated,false,dev
JOB-AI-ALG-0086-SKILL-001,JOB-AI-ALG-0086,SKILL-001,72,0.071429,required,1.1.0,synthetic,true,SRC-SYNTH,2026-09-05T00:00:00+08:00,0.88,synthetic,not_applicable,,team_generated,false,dev
JOB-AI-ALG-0086-SKILL-002,JOB-AI-ALG-0086,SKILL-002,72,0.071429,required,1.1.0,synthetic,true,SRC-SYNTH,2026-09-05T00:00:00+08:00,0.88,synthetic,not_applicable,,team_generated,false,dev
JOB-AI-ALG-0086-SKILL-010,JOB-AI-ALG-0086,SKILL-010,71,0.071429,required,1.1.0,synthetic,true,SRC-SYNTH,2026-09-05T00:00:00+08:00,0.88,synthetic,not_applicable,,team_generated,false,dev
JOB-AI-ALG-0086-SKILL-011,JOB-AI-ALG-0086,SKILL-011,71,0.071429,required,1.1.0,synthetic,true,SRC-SYNTH,2026-09-05T00:00:00+08:00,0.88,synthetic,not_applicable,,team_generated,false,dev
JOB-AI-ALG-0086-SKILL-017,JOB-AI-ALG-0086,SKILL-017,70,0.071429,required,1.1.0,synthetic,true,SRC-SYNTH,2026-09-05T00:00:00+08:00,0.88,synthetic,not_applicable,,team_generated,false,dev
JOB-AI-ALG-0086-SKILL-018,JOB-AI-ALG-0086,SKILL-018,65,0.071429,required,1.1.0,synthetic,true,SRC-SYNTH,2026-09-05T00:00:00+08:00,0.88,synthetic,not_applicable,,team_generated,false,dev
JOB-AI-ALG-0086-SKILL-019,JOB-AI-ALG-0086,SKILL-019,65,0.071429,preferred,1.1.0,synthetic,true,SRC-SYNTH,2026-09-05T00:00:00+08:00,0.88,synthetic,not_applicable,,team_generated,false,dev
JOB-AI-ALG-0086-SKILL-020,JOB-AI-ALG-0086,SKILL-020,64,0.071429,preferred,1.1.0,synthetic,true,SRC-SYNTH,2026-09-05T00:00:00+08:00,0.88,synthetic,not_applicable,,team_generated,false,dev
JOB-AI-ALG-0086-SKILL-021,JOB-AI-ALG-0086,SKILL-021,64,0.071429,preferred,1.1.0,synthetic,true,SRC-SYNTH,2026-09-05T00:00:00+08:00,0.88,synthetic,not_applicable,,team_generated,false,dev
JOB-AI-ALG-0086-SKILL-022,JOB-AI-ALG-0086,SKILL-022,63,0.071423,preferred,1.1.0,synthetic,true,SRC-SYNTH,2026-09-05T00:00:00+08:00,0.88,synthetic,not_applicable,,team_generated,false,dev
JOB-AI-ALG-0087-SKILL-048,JOB-AI-ALG-0087,SKILL-048,49,0.066667,required,1.1.0,synthetic,true,SRC-SYNTH,2026-09-05T00:00:00+08:00,0.88,synthetic,not_applicable,,team_generated,false,dev
JOB-AI-ALG-0087-SKILL-058,JOB-AI-ALG-0087,SKILL-058,49,0.066667,required,1.1.0,synthetic,true,SRC-SYNTH,2026-09-05T00:00:00+08:00,0.88,synthetic,not_applicable,,team_generated,false,dev
JOB-AI-ALG-0087-SKILL-054,JOB-AI-ALG-0087,SKILL-054,49,0.066667,required,1.1.0,synthetic,true,SRC-SYNTH,2026-09-05T00:00:00+08:00,0.88,synthetic,not_applicable,,team_generated,false,dev
JOB-AI-ALG-0087-SKILL-001,JOB-AI-ALG-0087,SKILL-001,72,0.066667,required,1.1.0,synthetic,true,SRC-SYNTH,2026-09-05T00:00:00+08:00,0.88,synthetic,not_applicable,,team_generated,false,dev
JOB-AI-ALG-0087-SKILL-002,JOB-AI-ALG-0087,SKILL-002,72,0.066667,required,1.1.0,synthetic,true,SRC-SYNTH,2026-09-05T00:00:00+08:00,0.88,synthetic,not_applicable,,team_generated,false,dev
JOB-AI-ALG-0087-SKILL-010,JOB-AI-ALG-0087,SKILL-010,71,0.066667,required,1.1.0,synthetic,true,SRC-SYNTH,2026-09-05T00:00:00+08:00,0.88,synthetic,not_applicable,,team_generated,false,dev
JOB-AI-ALG-0087-SKILL-011,JOB-AI-ALG-0087,SKILL-011,71,0.066667,required,1.1.0,synthetic,true,SRC-SYNTH,2026-09-05T00:00:00+08:00,0.88,synthetic,not_applicable,,team_generated,false,dev
JOB-AI-ALG-0087-SKILL-017,JOB-AI-ALG-0087,SKILL-017,70,0.066667,required,1.1.0,synthetic,true,SRC-SYNTH,2026-09-05T00:00:00+08:00,0.88,synthetic,not_applicable,,team_generated,false,dev
JOB-AI-ALG-0087-SKILL-018,JOB-AI-ALG-0087,SKILL-018,65,0.066667,required,1.1.0,synthetic,true,SRC-SYNTH,2026-09-05T00:00:00+08:00,0.88,synthetic,not_applicable,,team_generated,false,dev
JOB-AI-ALG-0087-SKILL-019,JOB-AI-ALG-0087,SKILL-019,65,0.066667,required,1.1.0,synthetic,true,SRC-SYNTH,2026-09-05T00:00:00+08:00,0.88,synthetic,not_applicable,,team_generated,false,dev
JOB-AI-ALG-0087-SKILL-020,JOB-AI-ALG-0087,SKILL-020,64,0.066667,preferred,1.1.0,synthetic,true,SRC-SYNTH,2026-09-05T00:00:00+08:00,0.88,synthetic,not_applicable,,team_generated,false,dev
JOB-AI-ALG-0087-SKILL-021,JOB-AI-ALG-0087,SKILL-021,64,0.066667,preferred,1.1.0,synthetic,true,SRC-SYNTH,2026-09-05T00:00:00+08:00,0.88,synthetic,not_applicable,,team_generated,false,dev
JOB-AI-ALG-0087-SKILL-022,JOB-AI-ALG-0087,SKILL-022,63,0.066667,preferred,1.1.0,synthetic,true,SRC-SYNTH,2026-09-05T00:00:00+08:00,0.88,synthetic,not_applicable,,team_generated,false,dev
JOB-AI-ALG-0087-SKILL-023,JOB-AI-ALG-0087,SKILL-023,54,0.066667,preferred,1.1.0,synthetic,true,SRC-SYNTH,2026-09-05T00:00:00+08:00,0.88,synthetic,not_applicable,,team_generated,false,dev
JOB-AI-ALG-0087-SKILL-024,JOB-AI-ALG-0087,SKILL-024,54,0.066662,preferred,1.1.0,synthetic,true,SRC-SYNTH,2026-09-05T00:00:00+08:00,0.88,synthetic,not_applicable,,team_generated,false,dev
JOB-AI-ALG-0088-SKILL-058,JOB-AI-ALG-0088,SKILL-058,49,0.0625,required,1.1.0,synthetic,true,SRC-SYNTH,2026-09-05T00:00:00+08:00,0.88,synthetic,not_applicable,,team_generated,false,dev
JOB-AI-ALG-0088-SKILL-054,JOB-AI-ALG-0088,SKILL-054,49,0.0625,required,1.1.0,synthetic,true,SRC-SYNTH,2026-09-05T00:00:00+08:00,0.88,synthetic,not_applicable,,team_generated,false,dev
JOB-AI-ALG-0088-SKILL-001,JOB-AI-ALG-0088,SKILL-001,72,0.0625,required,1.1.0,synthetic,true,SRC-SYNTH,2026-09-05T00:00:00+08:00,0.88,synthetic,not_applicable,,team_generated,false,dev
JOB-AI-ALG-0088-SKILL-002,JOB-AI-ALG-0088,SKILL-002,72,0.0625,required,1.1.0,synthetic,true,SRC-SYNTH,2026-09-05T00:00:00+08:00,0.88,synthetic,not_applicable,,team_generated,false,dev
JOB-AI-ALG-0088-SKILL-010,JOB-AI-ALG-0088,SKILL-010,71,0.0625,required,1.1.0,synthetic,true,SRC-SYNTH,2026-09-05T00:00:00+08:00,0.88,synthetic,not_applicable,,team_generated,false,dev
JOB-AI-ALG-0088-SKILL-011,JOB-AI-ALG-0088,SKILL-011,71,0.0625,required,1.1.0,synthetic,true,SRC-SYNTH,2026-09-05T00:00:00+08:00,0.88,synthetic,not_applicable,,team_generated,false,dev
JOB-AI-ALG-0088-SKILL-017,JOB-AI-ALG-0088,SKILL-017,70,0.0625,required,1.1.0,synthetic,true,SRC-SYNTH,2026-09-05T00:00:00+08:00,0.88,synthetic,not_applicable,,team_generated,false,dev
JOB-AI-ALG-0088-SKILL-018,JOB-AI-ALG-0088,SKILL-018,65,0.0625,required,1.1.0,synthetic,true,SRC-SYNTH,2026-09-05T00:00:00+08:00,0.88,synthetic,not_applicable,,team_generated,false,dev
JOB-AI-ALG-0088-SKILL-019,JOB-AI-ALG-0088,SKILL-019,65,0.0625,required,1.1.0,synthetic,true,SRC-SYNTH,2026-09-05T00:00:00+08:00,0.88,synthetic,not_applicable,,team_generated,false,dev
JOB-AI-ALG-0088-SKILL-020,JOB-AI-ALG-0088,SKILL-020,64,0.0625,required,1.1.0,synthetic,true,SRC-SYNTH,2026-09-05T00:00:00+08:00,0.88,synthetic,not_applicable,,team_generated,false,dev
JOB-AI-ALG-0088-SKILL-021,JOB-AI-ALG-0088,SKILL-021,64,0.0625,required,1.1.0,synthetic,true,SRC-SYNTH,2026-09-05T00:00:00+08:00,0.88,synthetic,not_applicable,,team_generated,false,dev
JOB-AI-ALG-0088-SKILL-022,JOB-AI-ALG-0088,SKILL-022,63,0.0625,preferred,1.1.0,synthetic,true,SRC-SYNTH,2026-09-05T00:00:00+08:00,0.88,synthetic,not_applicable,,team_generated,false,dev
JOB-AI-ALG-0088-SKILL-023,JOB-AI-ALG-0088,SKILL-023,54,0.0625,preferred,1.1.0,synthetic,true,SRC-SYNTH,2026-09-05T00:00:00+08:00,0.88,synthetic,not_applicable,,team_generated,false,dev
JOB-AI-ALG-0088-SKILL-024,JOB-AI-ALG-0088,SKILL-024,54,0.0625,preferred,1.1.0,synthetic,true,SRC-SYNTH,2026-09-05T00:00:00+08:00,0.88,synthetic,not_applicable,,team_generated,false,dev
JOB-AI-ALG-0088-SKILL-025,JOB-AI-ALG-0088,SKILL-025,53,0.0625,preferred,1.1.0,synthetic,true,SRC-SYNTH,2026-09-05T00:00:00+08:00,0.88,synthetic,not_applicable,,team_generated,false,dev
JOB-AI-ALG-0088-SKILL-033,JOB-AI-ALG-0088,SKILL-033,53,0.0625,preferred,1.1.0,synthetic,true,SRC-SYNTH,2026-09-05T00:00:00+08:00,0.88,synthetic,not_applicable,,team_generated,false,dev
JOB-AI-ALG-0089-SKILL-054,JOB-AI-ALG-0089,SKILL-054,49,0.058824,required,1.1.0,synthetic,true,SRC-SYNTH,2026-09-05T00:00:00+08:00,0.88,synthetic,not_applicable,,team_generated,false,dev
JOB-AI-ALG-0089-SKILL-001,JOB-AI-ALG-0089,SKILL-001,72,0.058824,required,1.1.0,synthetic,true,SRC-SYNTH,2026-09-05T00:00:00+08:00,0.88,synthetic,not_applicable,,team_generated,false,dev
JOB-AI-ALG-0089-SKILL-002,JOB-AI-ALG-0089,SKILL-002,72,0.058824,required,1.1.0,synthetic,true,SRC-SYNTH,2026-09-05T00:00:00+08:00,0.88,synthetic,not_applicable,,team_generated,false,dev
JOB-AI-ALG-0089-SKILL-010,JOB-AI-ALG-0089,SKILL-010,71,0.058824,required,1.1.0,synthetic,true,SRC-SYNTH,2026-09-05T00:00:00+08:00,0.88,synthetic,not_applicable,,team_generated,false,dev
JOB-AI-ALG-0089-SKILL-011,JOB-AI-ALG-0089,SKILL-011,71,0.058824,required,1.1.0,synthetic,true,SRC-SYNTH,2026-09-05T00:00:00+08:00,0.88,synthetic,not_applicable,,team_generated,false,dev
JOB-AI-ALG-0089-SKILL-017,JOB-AI-ALG-0089,SKILL-017,70,0.058824,required,1.1.0,synthetic,true,SRC-SYNTH,2026-09-05T00:00:00+08:00,0.88,synthetic,not_applicable,,team_generated,false,dev
JOB-AI-ALG-0089-SKILL-018,JOB-AI-ALG-0089,SKILL-018,65,0.058824,required,1.1.0,synthetic,true,SRC-SYNTH,2026-09-05T00:00:00+08:00,0.88,synthetic,not_applicable,,team_generated,false,dev
JOB-AI-ALG-0089-SKILL-019,JOB-AI-ALG-0089,SKILL-019,65,0.058824,required,1.1.0,synthetic,true,SRC-SYNTH,2026-09-05T00:00:00+08:00,0.88,synthetic,not_applicable,,team_generated,false,dev
JOB-AI-ALG-0089-SKILL-020,JOB-AI-ALG-0089,SKILL-020,64,0.058824,required,1.1.0,synthetic,true,SRC-SYNTH,2026-09-05T00:00:00+08:00,0.88,synthetic,not_applicable,,team_generated,false,dev
JOB-AI-ALG-0089-SKILL-021,JOB-AI-ALG-0089,SKILL-021,64,0.058824,required,1.1.0,synthetic,true,SRC-SYNTH,2026-09-05T00:00:00+08:00,0.88,synthetic,not_applicable,,team_generated,false,dev
JOB-AI-ALG-0089-SKILL-022,JOB-AI-ALG-0089,SKILL-022,63,0.058824,required,1.1.0,synthetic,true,SRC-SYNTH,2026-09-05T00:00:00+08:00,0.88,synthetic,not_applicable,,team_generated,false,dev
JOB-AI-ALG-0089-SKILL-023,JOB-AI-ALG-0089,SKILL-023,54,0.058824,required,1.1.0,synthetic,true,SRC-SYNTH,2026-09-05T00:00:00+08:00,0.88,synthetic,not_applicable,,team_generated,false,dev
JOB-AI-ALG-0089-SKILL-024,JOB-AI-ALG-0089,SKILL-024,54,0.058824,preferred,1.1.0,synthetic,true,SRC-SYNTH,2026-09-05T00:00:00+08:00,0.88,synthetic,not_applicable,,team_generated,false,dev
JOB-AI-ALG-0089-SKILL-025,JOB-AI-ALG-0089,SKILL-025,53,0.058824,preferred,1.1.0,synthetic,true,SRC-SYNTH,2026-09-05T00:00:00+08:00,0.88,synthetic,not_applicable,,team_generated,false,dev
JOB-AI-ALG-0089-SKILL-033,JOB-AI-ALG-0089,SKILL-033,53,0.058824,preferred,1.1.0,synthetic,true,SRC-SYNTH,2026-09-05T00:00:00+08:00,0.88,synthetic,not_applicable,,team_generated,false,dev
JOB-AI-ALG-0089-SKILL-036,JOB-AI-ALG-0089,SKILL-036,52,0.058824,preferred,1.1.0,synthetic,true,SRC-SYNTH,2026-09-05T00:00:00+08:00,0.88,synthetic,not_applicable,,team_generated,false,dev
JOB-AI-ALG-0089-SKILL-048,JOB-AI-ALG-0089,SKILL-048,47,0.058816,preferred,1.1.0,synthetic,true,SRC-SYNTH,2026-09-05T00:00:00+08:00,0.88,synthetic,not_applicable,,team_generated,false,dev
JOB-AI-ALG-0090-SKILL-001,JOB-AI-ALG-0090,SKILL-001,72,0.055556,required,1.1.0,synthetic,true,SRC-SYNTH,2026-09-05T00:00:00+08:00,0.88,synthetic,not_applicable,,team_generated,false,dev
JOB-AI-ALG-0090-SKILL-002,JOB-AI-ALG-0090,SKILL-002,72,0.055556,required,1.1.0,synthetic,true,SRC-SYNTH,2026-09-05T00:00:00+08:00,0.88,synthetic,not_applicable,,team_generated,false,dev
JOB-AI-ALG-0090-SKILL-010,JOB-AI-ALG-0090,SKILL-010,71,0.055556,required,1.1.0,synthetic,true,SRC-SYNTH,2026-09-05T00:00:00+08:00,0.88,synthetic,not_applicable,,team_generated,false,dev
JOB-AI-ALG-0090-SKILL-011,JOB-AI-ALG-0090,SKILL-011,71,0.055556,required,1.1.0,synthetic,true,SRC-SYNTH,2026-09-05T00:00:00+08:00,0.88,synthetic,not_applicable,,team_generated,false,dev
JOB-AI-ALG-0090-SKILL-017,JOB-AI-ALG-0090,SKILL-017,70,0.055556,required,1.1.0,synthetic,true,SRC-SYNTH,2026-09-05T00:00:00+08:00,0.88,synthetic,not_applicable,,team_generated,false,dev
JOB-AI-ALG-0090-SKILL-018,JOB-AI-ALG-0090,SKILL-018,65,0.055556,required,1.1.0,synthetic,true,SRC-SYNTH,2026-09-05T00:00:00+08:00,0.88,synthetic,not_applicable,,team_generated,false,dev
JOB-AI-ALG-0090-SKILL-019,JOB-AI-ALG-0090,SKILL-019,65,0.055556,required,1.1.0,synthetic,true,SRC-SYNTH,2026-09-05T00:00:00+08:00,0.88,synthetic,not_applicable,,team_generated,false,dev
JOB-AI-ALG-0090-SKILL-020,JOB-AI-ALG-0090,SKILL-020,64,0.055556,required,1.1.0,synthetic,true,SRC-SYNTH,2026-09-05T00:00:00+08:00,0.88,synthetic,not_applicable,,team_generated,false,dev
JOB-AI-ALG-0090-SKILL-021,JOB-AI-ALG-0090,SKILL-021,64,0.055556,required,1.1.0,synthetic,true,SRC-SYNTH,2026-09-05T00:00:00+08:00,0.88,synthetic,not_applicable,,team_generated,false,dev
JOB-AI-ALG-0090-SKILL-022,JOB-AI-ALG-0090,SKILL-022,63,0.055556,required,1.1.0,synthetic,true,SRC-SYNTH,2026-09-05T00:00:00+08:00,0.88,synthetic,not_applicable,,team_generated,false,dev
JOB-AI-ALG-0090-SKILL-023,JOB-AI-ALG-0090,SKILL-023,54,0.055556,required,1.1.0,synthetic,true,SRC-SYNTH,2026-09-05T00:00:00+08:00,0.88,synthetic,not_applicable,,team_generated,false,dev
JOB-AI-ALG-0090-SKILL-024,JOB-AI-ALG-0090,SKILL-024,54,0.055556,required,1.1.0,synthetic,true,SRC-SYNTH,2026-09-05T00:00:00+08:00,0.88,synthetic,not_applicable,,team_generated,false,dev
JOB-AI-ALG-0090-SKILL-025,JOB-AI-ALG-0090,SKILL-025,53,0.055556,preferred,1.1.0,synthetic,true,SRC-SYNTH,2026-09-05T00:00:00+08:00,0.88,synthetic,not_applicable,,team_generated,false,dev
JOB-AI-ALG-0090-SKILL-033,JOB-AI-ALG-0090,SKILL-033,53,0.055556,preferred,1.1.0,synthetic,true,SRC-SYNTH,2026-09-05T00:00:00+08:00,0.88,synthetic,not_applicable,,team_generated,false,dev
JOB-AI-ALG-0090-SKILL-036,JOB-AI-ALG-0090,SKILL-036,52,0.055556,preferred,1.1.0,synthetic,true,SRC-SYNTH,2026-09-05T00:00:00+08:00,0.88,synthetic,not_applicable,,team_generated,false,dev
JOB-AI-ALG-0090-SKILL-048,JOB-AI-ALG-0090,SKILL-048,47,0.055556,preferred,1.1.0,synthetic,true,SRC-SYNTH,2026-09-05T00:00:00+08:00,0.88,synthetic,not_applicable,,team_generated,false,dev
JOB-AI-ALG-0090-SKILL-058,JOB-AI-ALG-0090,SKILL-058,47,0.055556,preferred,1.1.0,synthetic,true,SRC-SYNTH,2026-09-05T00:00:00+08:00,0.88,synthetic,not_applicable,,team_generated,false,dev
JOB-AI-ALG-0090-SKILL-054,JOB-AI-ALG-0090,SKILL-054,47,0.055548,preferred,1.1.0,synthetic,true,SRC-SYNTH,2026-09-05T00:00:00+08:00,0.88,synthetic,not_applicable,,team_generated,false,dev
JOB-AI-ALG-0091-SKILL-002,JOB-AI-ALG-0091,SKILL-002,72,0.083333,required,1.1.0,synthetic,true,SRC-SYNTH,2026-09-05T00:00:00+08:00,0.88,synthetic,not_applicable,,team_generated,false,dev
JOB-AI-ALG-0091-SKILL-010,JOB-AI-ALG-0091,SKILL-010,71,0.083333,required,1.1.0,synthetic,true,SRC-SYNTH,2026-09-05T00:00:00+08:00,0.88,synthetic,not_applicable,,team_generated,false,dev
JOB-AI-ALG-0091-SKILL-011,JOB-AI-ALG-0091,SKILL-011,71,0.083333,required,1.1.0,synthetic,true,SRC-SYNTH,2026-09-05T00:00:00+08:00,0.88,synthetic,not_applicable,,team_generated,false,dev
JOB-AI-ALG-0091-SKILL-017,JOB-AI-ALG-0091,SKILL-017,70,0.083333,required,1.1.0,synthetic,true,SRC-SYNTH,2026-09-05T00:00:00+08:00,0.88,synthetic,not_applicable,,team_generated,false,dev
JOB-AI-ALG-0091-SKILL-018,JOB-AI-ALG-0091,SKILL-018,65,0.083333,required,1.1.0,synthetic,true,SRC-SYNTH,2026-09-05T00:00:00+08:00,0.88,synthetic,not_applicable,,team_generated,false,dev
JOB-AI-ALG-0091-SKILL-019,JOB-AI-ALG-0091,SKILL-019,65,0.083333,required,1.1.0,synthetic,true,SRC-SYNTH,2026-09-05T00:00:00+08:00,0.88,synthetic,not_applicable,,team_generated,false,dev
JOB-AI-ALG-0091-SKILL-020,JOB-AI-ALG-0091,SKILL-020,64,0.083333,required,1.1.0,synthetic,true,SRC-SYNTH,2026-09-05T00:00:00+08:00,0.88,synthetic,not_applicable,,team_generated,false,dev
JOB-AI-ALG-0091-SKILL-021,JOB-AI-ALG-0091,SKILL-021,64,0.083333,required,1.1.0,synthetic,true,SRC-SYNTH,2026-09-05T00:00:00+08:00,0.88,synthetic,not_applicable,,team_generated,false,dev
JOB-AI-ALG-0091-SKILL-022,JOB-AI-ALG-0091,SKILL-022,63,0.083333,preferred,1.1.0,synthetic,true,SRC-SYNTH,2026-09-05T00:00:00+08:00,0.88,synthetic,not_applicable,,team_generated,false,dev
JOB-AI-ALG-0091-SKILL-023,JOB-AI-ALG-0091,SKILL-023,54,0.083333,preferred,1.1.0,synthetic,true,SRC-SYNTH,2026-09-05T00:00:00+08:00,0.88,synthetic,not_applicable,,team_generated,false,dev
JOB-AI-ALG-0091-SKILL-024,JOB-AI-ALG-0091,SKILL-024,54,0.083333,preferred,1.1.0,synthetic,true,SRC-SYNTH,2026-09-05T00:00:00+08:00,0.88,synthetic,not_applicable,,team_generated,false,dev
JOB-AI-ALG-0091-SKILL-025,JOB-AI-ALG-0091,SKILL-025,53,0.083337,preferred,1.1.0,synthetic,true,SRC-SYNTH,2026-09-05T00:00:00+08:00,0.88,synthetic,not_applicable,,team_generated,false,dev
JOB-AI-ALG-0092-SKILL-010,JOB-AI-ALG-0092,SKILL-010,71,0.076923,required,1.1.0,synthetic,true,SRC-SYNTH,2026-09-05T00:00:00+08:00,0.88,synthetic,not_applicable,,team_generated,false,dev
JOB-AI-ALG-0092-SKILL-011,JOB-AI-ALG-0092,SKILL-011,71,0.076923,required,1.1.0,synthetic,true,SRC-SYNTH,2026-09-05T00:00:00+08:00,0.88,synthetic,not_applicable,,team_generated,false,dev
JOB-AI-ALG-0092-SKILL-017,JOB-AI-ALG-0092,SKILL-017,70,0.076923,required,1.1.0,synthetic,true,SRC-SYNTH,2026-09-05T00:00:00+08:00,0.88,synthetic,not_applicable,,team_generated,false,dev
JOB-AI-ALG-0092-SKILL-018,JOB-AI-ALG-0092,SKILL-018,65,0.076923,required,1.1.0,synthetic,true,SRC-SYNTH,2026-09-05T00:00:00+08:00,0.88,synthetic,not_applicable,,team_generated,false,dev
JOB-AI-ALG-0092-SKILL-019,JOB-AI-ALG-0092,SKILL-019,65,0.076923,required,1.1.0,synthetic,true,SRC-SYNTH,2026-09-05T00:00:00+08:00,0.88,synthetic,not_applicable,,team_generated,false,dev
JOB-AI-ALG-0092-SKILL-020,JOB-AI-ALG-0092,SKILL-020,64,0.076923,required,1.1.0,synthetic,true,SRC-SYNTH,2026-09-05T00:00:00+08:00,0.88,synthetic,not_applicable,,team_generated,false,dev
JOB-AI-ALG-0092-SKILL-021,JOB-AI-ALG-0092,SKILL-021,64,0.076923,required,1.1.0,synthetic,true,SRC-SYNTH,2026-09-05T00:00:00+08:00,0.88,synthetic,not_applicable,,team_generated,false,dev
JOB-AI-ALG-0092-SKILL-022,JOB-AI-ALG-0092,SKILL-022,63,0.076923,required,1.1.0,synthetic,true,SRC-SYNTH,2026-09-05T00:00:00+08:00,0.88,synthetic,not_applicable,,team_generated,false,dev
JOB-AI-ALG-0092-SKILL-023,JOB-AI-ALG-0092,SKILL-023,54,0.076923,required,1.1.0,synthetic,true,SRC-SYNTH,2026-09-05T00:00:00+08:00,0.88,synthetic,not_applicable,,team_generated,false,dev
JOB-AI-ALG-0092-SKILL-024,JOB-AI-ALG-0092,SKILL-024,54,0.076923,preferred,1.1.0,synthetic,true,SRC-SYNTH,2026-09-05T00:00:00+08:00,0.88,synthetic,not_applicable,,team_generated,false,dev
JOB-AI-ALG-0092-SKILL-025,JOB-AI-ALG-0092,SKILL-025,53,0.076923,preferred,1.1.0,synthetic,true,SRC-SYNTH,2026-09-05T00:00:00+08:00,0.88,synthetic,not_applicable,,team_generated,false,dev
JOB-AI-ALG-0092-SKILL-033,JOB-AI-ALG-0092,SKILL-033,53,0.076923,preferred,1.1.0,synthetic,true,SRC-SYNTH,2026-09-05T00:00:00+08:00,0.88,synthetic,not_applicable,,team_generated,false,dev
JOB-AI-ALG-0092-SKILL-036,JOB-AI-ALG-0092,SKILL-036,52,0.076924,preferred,1.1.0,synthetic,true,SRC-SYNTH,2026-09-05T00:00:00+08:00,0.88,synthetic,not_applicable,,team_generated,false,dev
JOB-AI-ALG-0093-SKILL-011,JOB-AI-ALG-0093,SKILL-011,71,0.071429,required,1.1.0,synthetic,true,SRC-SYNTH,2026-09-05T00:00:00+08:00,0.88,synthetic,not_applicable,,team_generated,false,dev
JOB-AI-ALG-0093-SKILL-017,JOB-AI-ALG-0093,SKILL-017,70,0.071429,required,1.1.0,synthetic,true,SRC-SYNTH,2026-09-05T00:00:00+08:00,0.88,synthetic,not_applicable,,team_generated,false,dev
JOB-AI-ALG-0093-SKILL-018,JOB-AI-ALG-0093,SKILL-018,65,0.071429,required,1.1.0,synthetic,true,SRC-SYNTH,2026-09-05T00:00:00+08:00,0.88,synthetic,not_applicable,,team_generated,false,dev
JOB-AI-ALG-0093-SKILL-019,JOB-AI-ALG-0093,SKILL-019,65,0.071429,required,1.1.0,synthetic,true,SRC-SYNTH,2026-09-05T00:00:00+08:00,0.88,synthetic,not_applicable,,team_generated,false,dev
JOB-AI-ALG-0093-SKILL-020,JOB-AI-ALG-0093,SKILL-020,64,0.071429,required,1.1.0,synthetic,true,SRC-SYNTH,2026-09-05T00:00:00+08:00,0.88,synthetic,not_applicable,,team_generated,false,dev
JOB-AI-ALG-0093-SKILL-021,JOB-AI-ALG-0093,SKILL-021,64,0.071429,required,1.1.0,synthetic,true,SRC-SYNTH,2026-09-05T00:00:00+08:00,0.88,synthetic,not_applicable,,team_generated,false,dev
JOB-AI-ALG-0093-SKILL-022,JOB-AI-ALG-0093,SKILL-022,63,0.071429,required,1.1.0,synthetic,true,SRC-SYNTH,2026-09-05T00:00:00+08:00,0.88,synthetic,not_applicable,,team_generated,false,dev
JOB-AI-ALG-0093-SKILL-023,JOB-AI-ALG-0093,SKILL-023,54,0.071429,required,1.1.0,synthetic,true,SRC-SYNTH,2026-09-05T00:00:00+08:00,0.88,synthetic,not_applicable,,team_generated,false,dev
JOB-AI-ALG-0093-SKILL-024,JOB-AI-ALG-0093,SKILL-024,54,0.071429,required,1.1.0,synthetic,true,SRC-SYNTH,2026-09-05T00:00:00+08:00,0.88,synthetic,not_applicable,,team_generated,false,dev
JOB-AI-ALG-0093-SKILL-025,JOB-AI-ALG-0093,SKILL-025,53,0.071429,required,1.1.0,synthetic,true,SRC-SYNTH,2026-09-05T00:00:00+08:00,0.88,synthetic,not_applicable,,team_generated,false,dev
JOB-AI-ALG-0093-SKILL-033,JOB-AI-ALG-0093,SKILL-033,53,0.071429,preferred,1.1.0,synthetic,true,SRC-SYNTH,2026-09-05T00:00:00+08:00,0.88,synthetic,not_applicable,,team_generated,false,dev
JOB-AI-ALG-0093-SKILL-036,JOB-AI-ALG-0093,SKILL-036,52,0.071429,preferred,1.1.0,synthetic,true,SRC-SYNTH,2026-09-05T00:00:00+08:00,0.88,synthetic,not_applicable,,team_generated,false,dev
JOB-AI-ALG-0093-SKILL-048,JOB-AI-ALG-0093,SKILL-048,47,0.071429,preferred,1.1.0,synthetic,true,SRC-SYNTH,2026-09-05T00:00:00+08:00,0.88,synthetic,not_applicable,,team_generated,false,dev
JOB-AI-ALG-0093-SKILL-058,JOB-AI-ALG-0093,SKILL-058,47,0.071423,preferred,1.1.0,synthetic,true,SRC-SYNTH,2026-09-05T00:00:00+08:00,0.88,synthetic,not_applicable,,team_generated,false,dev
JOB-AI-ALG-0094-SKILL-017,JOB-AI-ALG-0094,SKILL-017,70,0.066667,required,1.1.0,synthetic,true,SRC-SYNTH,2026-09-05T00:00:00+08:00,0.88,synthetic,not_applicable,,team_generated,false,dev
JOB-AI-ALG-0094-SKILL-018,JOB-AI-ALG-0094,SKILL-018,65,0.066667,required,1.1.0,synthetic,true,SRC-SYNTH,2026-09-05T00:00:00+08:00,0.88,synthetic,not_applicable,,team_generated,false,dev
JOB-AI-ALG-0094-SKILL-019,JOB-AI-ALG-0094,SKILL-019,65,0.066667,required,1.1.0,synthetic,true,SRC-SYNTH,2026-09-05T00:00:00+08:00,0.88,synthetic,not_applicable,,team_generated,false,dev
JOB-AI-ALG-0094-SKILL-020,JOB-AI-ALG-0094,SKILL-020,64,0.066667,required,1.1.0,synthetic,true,SRC-SYNTH,2026-09-05T00:00:00+08:00,0.88,synthetic,not_applicable,,team_generated,false,dev
JOB-AI-ALG-0094-SKILL-021,JOB-AI-ALG-0094,SKILL-021,64,0.066667,required,1.1.0,synthetic,true,SRC-SYNTH,2026-09-05T00:00:00+08:00,0.88,synthetic,not_applicable,,team_generated,false,dev
JOB-AI-ALG-0094-SKILL-022,JOB-AI-ALG-0094,SKILL-022,63,0.066667,required,1.1.0,synthetic,true,SRC-SYNTH,2026-09-05T00:00:00+08:00,0.88,synthetic,not_applicable,,team_generated,false,dev
JOB-AI-ALG-0094-SKILL-023,JOB-AI-ALG-0094,SKILL-023,54,0.066667,required,1.1.0,synthetic,true,SRC-SYNTH,2026-09-05T00:00:00+08:00,0.88,synthetic,not_applicable,,team_generated,false,dev
JOB-AI-ALG-0094-SKILL-024,JOB-AI-ALG-0094,SKILL-024,54,0.066667,required,1.1.0,synthetic,true,SRC-SYNTH,2026-09-05T00:00:00+08:00,0.88,synthetic,not_applicable,,team_generated,false,dev
JOB-AI-ALG-0094-SKILL-025,JOB-AI-ALG-0094,SKILL-025,53,0.066667,required,1.1.0,synthetic,true,SRC-SYNTH,2026-09-05T00:00:00+08:00,0.88,synthetic,not_applicable,,team_generated,false,dev
JOB-AI-ALG-0094-SKILL-033,JOB-AI-ALG-0094,SKILL-033,53,0.066667,required,1.1.0,synthetic,true,SRC-SYNTH,2026-09-05T00:00:00+08:00,0.88,synthetic,not_applicable,,team_generated,false,dev
JOB-AI-ALG-0094-SKILL-036,JOB-AI-ALG-0094,SKILL-036,52,0.066667,preferred,1.1.0,synthetic,true,SRC-SYNTH,2026-09-05T00:00:00+08:00,0.88,synthetic,not_applicable,,team_generated,false,dev
JOB-AI-ALG-0094-SKILL-048,JOB-AI-ALG-0094,SKILL-048,47,0.066667,preferred,1.1.0,synthetic,true,SRC-SYNTH,2026-09-05T00:00:00+08:00,0.88,synthetic,not_applicable,,team_generated,false,dev
JOB-AI-ALG-0094-SKILL-058,JOB-AI-ALG-0094,SKILL-058,47,0.066667,preferred,1.1.0,synthetic,true,SRC-SYNTH,2026-09-05T00:00:00+08:00,0.88,synthetic,not_applicable,,team_generated,false,dev
JOB-AI-ALG-0094-SKILL-054,JOB-AI-ALG-0094,SKILL-054,47,0.066667,preferred,1.1.0,synthetic,true,SRC-SYNTH,2026-09-05T00:00:00+08:00,0.88,synthetic,not_applicable,,team_generated,false,dev
JOB-AI-ALG-0094-SKILL-001,JOB-AI-ALG-0094,SKILL-001,75,0.066662,preferred,1.1.0,synthetic,true,SRC-SYNTH,2026-09-05T00:00:00+08:00,0.88,synthetic,not_applicable,,team_generated,false,dev
JOB-AI-ALG-0095-SKILL-018,JOB-AI-ALG-0095,SKILL-018,65,0.0625,required,1.1.0,synthetic,true,SRC-SYNTH,2026-09-05T00:00:00+08:00,0.88,synthetic,not_applicable,,team_generated,false,dev
JOB-AI-ALG-0095-SKILL-019,JOB-AI-ALG-0095,SKILL-019,65,0.0625,required,1.1.0,synthetic,true,SRC-SYNTH,2026-09-05T00:00:00+08:00,0.88,synthetic,not_applicable,,team_generated,false,dev
JOB-AI-ALG-0095-SKILL-020,JOB-AI-ALG-0095,SKILL-020,64,0.0625,required,1.1.0,synthetic,true,SRC-SYNTH,2026-09-05T00:00:00+08:00,0.88,synthetic,not_applicable,,team_generated,false,dev
JOB-AI-ALG-0095-SKILL-021,JOB-AI-ALG-0095,SKILL-021,64,0.0625,required,1.1.0,synthetic,true,SRC-SYNTH,2026-09-05T00:00:00+08:00,0.88,synthetic,not_applicable,,team_generated,false,dev
JOB-AI-ALG-0095-SKILL-022,JOB-AI-ALG-0095,SKILL-022,63,0.0625,required,1.1.0,synthetic,true,SRC-SYNTH,2026-09-05T00:00:00+08:00,0.88,synthetic,not_applicable,,team_generated,false,dev
JOB-AI-ALG-0095-SKILL-023,JOB-AI-ALG-0095,SKILL-023,54,0.0625,required,1.1.0,synthetic,true,SRC-SYNTH,2026-09-05T00:00:00+08:00,0.88,synthetic,not_applicable,,team_generated,false,dev
JOB-AI-ALG-0095-SKILL-024,JOB-AI-ALG-0095,SKILL-024,54,0.0625,required,1.1.0,synthetic,true,SRC-SYNTH,2026-09-05T00:00:00+08:00,0.88,synthetic,not_applicable,,team_generated,false,dev
JOB-AI-ALG-0095-SKILL-025,JOB-AI-ALG-0095,SKILL-025,53,0.0625,required,1.1.0,synthetic,true,SRC-SYNTH,2026-09-05T00:00:00+08:00,0.88,synthetic,not_applicable,,team_generated,false,dev
JOB-AI-ALG-0095-SKILL-033,JOB-AI-ALG-0095,SKILL-033,53,0.0625,required,1.1.0,synthetic,true,SRC-SYNTH,2026-09-05T00:00:00+08:00,0.88,synthetic,not_applicable,,team_generated,false,dev
JOB-AI-ALG-0095-SKILL-036,JOB-AI-ALG-0095,SKILL-036,52,0.0625,required,1.1.0,synthetic,true,SRC-SYNTH,2026-09-05T00:00:00+08:00,0.88,synthetic,not_applicable,,team_generated,false,dev
JOB-AI-ALG-0095-SKILL-048,JOB-AI-ALG-0095,SKILL-048,47,0.0625,required,1.1.0,synthetic,true,SRC-SYNTH,2026-09-05T00:00:00+08:00,0.88,synthetic,not_applicable,,team_generated,false,dev
JOB-AI-ALG-0095-SKILL-058,JOB-AI-ALG-0095,SKILL-058,47,0.0625,preferred,1.1.0,synthetic,true,SRC-SYNTH,2026-09-05T00:00:00+08:00,0.88,synthetic,not_applicable,,team_generated,false,dev
JOB-AI-ALG-0095-SKILL-054,JOB-AI-ALG-0095,SKILL-054,47,0.0625,preferred,1.1.0,synthetic,true,SRC-SYNTH,2026-09-05T00:00:00+08:00,0.88,synthetic,not_applicable,,team_generated,false,dev
JOB-AI-ALG-0095-SKILL-001,JOB-AI-ALG-0095,SKILL-001,75,0.0625,preferred,1.1.0,synthetic,true,SRC-SYNTH,2026-09-05T00:00:00+08:00,0.88,synthetic,not_applicable,,team_generated,false,dev
JOB-AI-ALG-0095-SKILL-002,JOB-AI-ALG-0095,SKILL-002,75,0.0625,preferred,1.1.0,synthetic,true,SRC-SYNTH,2026-09-05T00:00:00+08:00,0.88,synthetic,not_applicable,,team_generated,false,dev
JOB-AI-ALG-0095-SKILL-010,JOB-AI-ALG-0095,SKILL-010,69,0.0625,preferred,1.1.0,synthetic,true,SRC-SYNTH,2026-09-05T00:00:00+08:00,0.88,synthetic,not_applicable,,team_generated,false,dev
JOB-AI-ALG-0096-SKILL-019,JOB-AI-ALG-0096,SKILL-019,65,0.058824,required,1.1.0,synthetic,true,SRC-SYNTH,2026-09-05T00:00:00+08:00,0.88,synthetic,not_applicable,,team_generated,false,dev
JOB-AI-ALG-0096-SKILL-020,JOB-AI-ALG-0096,SKILL-020,64,0.058824,required,1.1.0,synthetic,true,SRC-SYNTH,2026-09-05T00:00:00+08:00,0.88,synthetic,not_applicable,,team_generated,false,dev
JOB-AI-ALG-0096-SKILL-021,JOB-AI-ALG-0096,SKILL-021,64,0.058824,required,1.1.0,synthetic,true,SRC-SYNTH,2026-09-05T00:00:00+08:00,0.88,synthetic,not_applicable,,team_generated,false,dev
JOB-AI-ALG-0096-SKILL-022,JOB-AI-ALG-0096,SKILL-022,63,0.058824,required,1.1.0,synthetic,true,SRC-SYNTH,2026-09-05T00:00:00+08:00,0.88,synthetic,not_applicable,,team_generated,false,dev
JOB-AI-ALG-0096-SKILL-023,JOB-AI-ALG-0096,SKILL-023,54,0.058824,required,1.1.0,synthetic,true,SRC-SYNTH,2026-09-05T00:00:00+08:00,0.88,synthetic,not_applicable,,team_generated,false,dev
JOB-AI-ALG-0096-SKILL-024,JOB-AI-ALG-0096,SKILL-024,54,0.058824,required,1.1.0,synthetic,true,SRC-SYNTH,2026-09-05T00:00:00+08:00,0.88,synthetic,not_applicable,,team_generated,false,dev
JOB-AI-ALG-0096-SKILL-025,JOB-AI-ALG-0096,SKILL-025,53,0.058824,required,1.1.0,synthetic,true,SRC-SYNTH,2026-09-05T00:00:00+08:00,0.88,synthetic,not_applicable,,team_generated,false,dev
JOB-AI-ALG-0096-SKILL-033,JOB-AI-ALG-0096,SKILL-033,53,0.058824,required,1.1.0,synthetic,true,SRC-SYNTH,2026-09-05T00:00:00+08:00,0.88,synthetic,not_applicable,,team_generated,false,dev
JOB-AI-ALG-0096-SKILL-036,JOB-AI-ALG-0096,SKILL-036,52,0.058824,required,1.1.0,synthetic,true,SRC-SYNTH,2026-09-05T00:00:00+08:00,0.88,synthetic,not_applicable,,team_generated,false,dev
JOB-AI-ALG-0096-SKILL-048,JOB-AI-ALG-0096,SKILL-048,47,0.058824,required,1.1.0,synthetic,true,SRC-SYNTH,2026-09-05T00:00:00+08:00,0.88,synthetic,not_applicable,,team_generated,false,dev
JOB-AI-ALG-0096-SKILL-058,JOB-AI-ALG-0096,SKILL-058,47,0.058824,required,1.1.0,synthetic,true,SRC-SYNTH,2026-09-05T00:00:00+08:00,0.88,synthetic,not_applicable,,team_generated,false,dev
JOB-AI-ALG-0096-SKILL-054,JOB-AI-ALG-0096,SKILL-054,47,0.058824,required,1.1.0,synthetic,true,SRC-SYNTH,2026-09-05T00:00:00+08:00,0.88,synthetic,not_applicable,,team_generated,false,dev
JOB-AI-ALG-0096-SKILL-001,JOB-AI-ALG-0096,SKILL-001,75,0.058824,preferred,1.1.0,synthetic,true,SRC-SYNTH,2026-09-05T00:00:00+08:00,0.88,synthetic,not_applicable,,team_generated,false,dev
JOB-AI-ALG-0096-SKILL-002,JOB-AI-ALG-0096,SKILL-002,75,0.058824,preferred,1.1.0,synthetic,true,SRC-SYNTH,2026-09-05T00:00:00+08:00,0.88,synthetic,not_applicable,,team_generated,false,dev
JOB-AI-ALG-0096-SKILL-010,JOB-AI-ALG-0096,SKILL-010,69,0.058824,preferred,1.1.0,synthetic,true,SRC-SYNTH,2026-09-05T00:00:00+08:00,0.88,synthetic,not_applicable,,team_generated,false,dev
JOB-AI-ALG-0096-SKILL-011,JOB-AI-ALG-0096,SKILL-011,69,0.058824,preferred,1.1.0,synthetic,true,SRC-SYNTH,2026-09-05T00:00:00+08:00,0.88,synthetic,not_applicable,,team_generated,false,dev
JOB-AI-ALG-0096-SKILL-017,JOB-AI-ALG-0096,SKILL-017,68,0.058816,preferred,1.1.0,synthetic,true,SRC-SYNTH,2026-09-05T00:00:00+08:00,0.88,synthetic,not_applicable,,team_generated,false,dev
JOB-AI-ALG-0097-SKILL-020,JOB-AI-ALG-0097,SKILL-020,64,0.055556,required,1.1.0,synthetic,true,SRC-SYNTH,2026-09-05T00:00:00+08:00,0.88,synthetic,not_applicable,,team_generated,false,dev
JOB-AI-ALG-0097-SKILL-021,JOB-AI-ALG-0097,SKILL-021,64,0.055556,required,1.1.0,synthetic,true,SRC-SYNTH,2026-09-05T00:00:00+08:00,0.88,synthetic,not_applicable,,team_generated,false,dev
JOB-AI-ALG-0097-SKILL-022,JOB-AI-ALG-0097,SKILL-022,63,0.055556,required,1.1.0,synthetic,true,SRC-SYNTH,2026-09-05T00:00:00+08:00,0.88,synthetic,not_applicable,,team_generated,false,dev
JOB-AI-ALG-0097-SKILL-023,JOB-AI-ALG-0097,SKILL-023,54,0.055556,required,1.1.0,synthetic,true,SRC-SYNTH,2026-09-05T00:00:00+08:00,0.88,synthetic,not_applicable,,team_generated,false,dev
JOB-AI-ALG-0097-SKILL-024,JOB-AI-ALG-0097,SKILL-024,54,0.055556,required,1.1.0,synthetic,true,SRC-SYNTH,2026-09-05T00:00:00+08:00,0.88,synthetic,not_applicable,,team_generated,false,dev
JOB-AI-ALG-0097-SKILL-025,JOB-AI-ALG-0097,SKILL-025,53,0.055556,required,1.1.0,synthetic,true,SRC-SYNTH,2026-09-05T00:00:00+08:00,0.88,synthetic,not_applicable,,team_generated,false,dev
JOB-AI-ALG-0097-SKILL-033,JOB-AI-ALG-0097,SKILL-033,53,0.055556,required,1.1.0,synthetic,true,SRC-SYNTH,2026-09-05T00:00:00+08:00,0.88,synthetic,not_applicable,,team_generated,false,dev
JOB-AI-ALG-0097-SKILL-036,JOB-AI-ALG-0097,SKILL-036,52,0.055556,required,1.1.0,synthetic,true,SRC-SYNTH,2026-09-05T00:00:00+08:00,0.88,synthetic,not_applicable,,team_generated,false,dev
JOB-AI-ALG-0097-SKILL-048,JOB-AI-ALG-0097,SKILL-048,47,0.055556,required,1.1.0,synthetic,true,SRC-SYNTH,2026-09-05T00:00:00+08:00,0.88,synthetic,not_applicable,,team_generated,false,dev
JOB-AI-ALG-0097-SKILL-058,JOB-AI-ALG-0097,SKILL-058,47,0.055556,required,1.1.0,synthetic,true,SRC-SYNTH,2026-09-05T00:00:00+08:00,0.88,synthetic,not_applicable,,team_generated,false,dev
JOB-AI-ALG-0097-SKILL-054,JOB-AI-ALG-0097,SKILL-054,47,0.055556,required,1.1.0,synthetic,true,SRC-SYNTH,2026-09-05T00:00:00+08:00,0.88,synthetic,not_applicable,,team_generated,false,dev
JOB-AI-ALG-0097-SKILL-001,JOB-AI-ALG-0097,SKILL-001,75,0.055556,required,1.1.0,synthetic,true,SRC-SYNTH,2026-09-05T00:00:00+08:00,0.88,synthetic,not_applicable,,team_generated,false,dev
JOB-AI-ALG-0097-SKILL-002,JOB-AI-ALG-0097,SKILL-002,75,0.055556,preferred,1.1.0,synthetic,true,SRC-SYNTH,2026-09-05T00:00:00+08:00,0.88,synthetic,not_applicable,,team_generated,false,dev
JOB-AI-ALG-0097-SKILL-010,JOB-AI-ALG-0097,SKILL-010,69,0.055556,preferred,1.1.0,synthetic,true,SRC-SYNTH,2026-09-05T00:00:00+08:00,0.88,synthetic,not_applicable,,team_generated,false,dev
JOB-AI-ALG-0097-SKILL-011,JOB-AI-ALG-0097,SKILL-011,69,0.055556,preferred,1.1.0,synthetic,true,SRC-SYNTH,2026-09-05T00:00:00+08:00,0.88,synthetic,not_applicable,,team_generated,false,dev
JOB-AI-ALG-0097-SKILL-017,JOB-AI-ALG-0097,SKILL-017,68,0.055556,preferred,1.1.0,synthetic,true,SRC-SYNTH,2026-09-05T00:00:00+08:00,0.88,synthetic,not_applicable,,team_generated,false,dev
JOB-AI-ALG-0097-SKILL-018,JOB-AI-ALG-0097,SKILL-018,68,0.055556,preferred,1.1.0,synthetic,true,SRC-SYNTH,2026-09-05T00:00:00+08:00,0.88,synthetic,not_applicable,,team_generated,false,dev
JOB-AI-ALG-0097-SKILL-019,JOB-AI-ALG-0097,SKILL-019,68,0.055548,preferred,1.1.0,synthetic,true,SRC-SYNTH,2026-09-05T00:00:00+08:00,0.88,synthetic,not_applicable,,team_generated,false,dev
JOB-AI-ALG-0098-SKILL-021,JOB-AI-ALG-0098,SKILL-021,64,0.083333,required,1.1.0,synthetic,true,SRC-SYNTH,2026-09-05T00:00:00+08:00,0.88,synthetic,not_applicable,,team_generated,false,dev
JOB-AI-ALG-0098-SKILL-022,JOB-AI-ALG-0098,SKILL-022,63,0.083333,required,1.1.0,synthetic,true,SRC-SYNTH,2026-09-05T00:00:00+08:00,0.88,synthetic,not_applicable,,team_generated,false,dev
JOB-AI-ALG-0098-SKILL-023,JOB-AI-ALG-0098,SKILL-023,54,0.083333,required,1.1.0,synthetic,true,SRC-SYNTH,2026-09-05T00:00:00+08:00,0.88,synthetic,not_applicable,,team_generated,false,dev
JOB-AI-ALG-0098-SKILL-024,JOB-AI-ALG-0098,SKILL-024,54,0.083333,required,1.1.0,synthetic,true,SRC-SYNTH,2026-09-05T00:00:00+08:00,0.88,synthetic,not_applicable,,team_generated,false,dev
JOB-AI-ALG-0098-SKILL-025,JOB-AI-ALG-0098,SKILL-025,53,0.083333,required,1.1.0,synthetic,true,SRC-SYNTH,2026-09-05T00:00:00+08:00,0.88,synthetic,not_applicable,,team_generated,false,dev
JOB-AI-ALG-0098-SKILL-033,JOB-AI-ALG-0098,SKILL-033,53,0.083333,required,1.1.0,synthetic,true,SRC-SYNTH,2026-09-05T00:00:00+08:00,0.88,synthetic,not_applicable,,team_generated,false,dev
JOB-AI-ALG-0098-SKILL-036,JOB-AI-ALG-0098,SKILL-036,52,0.083333,required,1.1.0,synthetic,true,SRC-SYNTH,2026-09-05T00:00:00+08:00,0.88,synthetic,not_applicable,,team_generated,false,dev
JOB-AI-ALG-0098-SKILL-048,JOB-AI-ALG-0098,SKILL-048,47,0.083333,required,1.1.0,synthetic,true,SRC-SYNTH,2026-09-05T00:00:00+08:00,0.88,synthetic,not_applicable,,team_generated,false,dev
JOB-AI-ALG-0098-SKILL-058,JOB-AI-ALG-0098,SKILL-058,47,0.083333,preferred,1.1.0,synthetic,true,SRC-SYNTH,2026-09-05T00:00:00+08:00,0.88,synthetic,not_applicable,,team_generated,false,dev
JOB-AI-ALG-0098-SKILL-054,JOB-AI-ALG-0098,SKILL-054,47,0.083333,preferred,1.1.0,synthetic,true,SRC-SYNTH,2026-09-05T00:00:00+08:00,0.88,synthetic,not_applicable,,team_generated,false,dev
JOB-AI-ALG-0098-SKILL-001,JOB-AI-ALG-0098,SKILL-001,75,0.083333,preferred,1.1.0,synthetic,true,SRC-SYNTH,2026-09-05T00:00:00+08:00,0.88,synthetic,not_applicable,,team_generated,false,dev
JOB-AI-ALG-0098-SKILL-002,JOB-AI-ALG-0098,SKILL-002,75,0.083337,preferred,1.1.0,synthetic,true,SRC-SYNTH,2026-09-05T00:00:00+08:00,0.88,synthetic,not_applicable,,team_generated,false,dev
JOB-AI-ALG-0099-SKILL-022,JOB-AI-ALG-0099,SKILL-022,63,0.076923,required,1.1.0,synthetic,true,SRC-SYNTH,2026-09-05T00:00:00+08:00,0.88,synthetic,not_applicable,,team_generated,false,dev
JOB-AI-ALG-0099-SKILL-023,JOB-AI-ALG-0099,SKILL-023,54,0.076923,required,1.1.0,synthetic,true,SRC-SYNTH,2026-09-05T00:00:00+08:00,0.88,synthetic,not_applicable,,team_generated,false,dev
JOB-AI-ALG-0099-SKILL-024,JOB-AI-ALG-0099,SKILL-024,54,0.076923,required,1.1.0,synthetic,true,SRC-SYNTH,2026-09-05T00:00:00+08:00,0.88,synthetic,not_applicable,,team_generated,false,dev
JOB-AI-ALG-0099-SKILL-025,JOB-AI-ALG-0099,SKILL-025,53,0.076923,required,1.1.0,synthetic,true,SRC-SYNTH,2026-09-05T00:00:00+08:00,0.88,synthetic,not_applicable,,team_generated,false,dev
JOB-AI-ALG-0099-SKILL-033,JOB-AI-ALG-0099,SKILL-033,53,0.076923,required,1.1.0,synthetic,true,SRC-SYNTH,2026-09-05T00:00:00+08:00,0.88,synthetic,not_applicable,,team_generated,false,dev
JOB-AI-ALG-0099-SKILL-036,JOB-AI-ALG-0099,SKILL-036,52,0.076923,required,1.1.0,synthetic,true,SRC-SYNTH,2026-09-05T00:00:00+08:00,0.88,synthetic,not_applicable,,team_generated,false,dev
JOB-AI-ALG-0099-SKILL-048,JOB-AI-ALG-0099,SKILL-048,47,0.076923,required,1.1.0,synthetic,true,SRC-SYNTH,2026-09-05T00:00:00+08:00,0.88,synthetic,not_applicable,,team_generated,false,dev
JOB-AI-ALG-0099-SKILL-058,JOB-AI-ALG-0099,SKILL-058,47,0.076923,required,1.1.0,synthetic,true,SRC-SYNTH,2026-09-05T00:00:00+08:00,0.88,synthetic,not_applicable,,team_generated,false,dev
JOB-AI-ALG-0099-SKILL-054,JOB-AI-ALG-0099,SKILL-054,47,0.076923,required,1.1.0,synthetic,true,SRC-SYNTH,2026-09-05T00:00:00+08:00,0.88,synthetic,not_applicable,,team_generated,false,dev
JOB-AI-ALG-0099-SKILL-001,JOB-AI-ALG-0099,SKILL-001,75,0.076923,preferred,1.1.0,synthetic,true,SRC-SYNTH,2026-09-05T00:00:00+08:00,0.88,synthetic,not_applicable,,team_generated,false,dev
JOB-AI-ALG-0099-SKILL-002,JOB-AI-ALG-0099,SKILL-002,75,0.076923,preferred,1.1.0,synthetic,true,SRC-SYNTH,2026-09-05T00:00:00+08:00,0.88,synthetic,not_applicable,,team_generated,false,dev
JOB-AI-ALG-0099-SKILL-010,JOB-AI-ALG-0099,SKILL-010,69,0.076923,preferred,1.1.0,synthetic,true,SRC-SYNTH,2026-09-05T00:00:00+08:00,0.88,synthetic,not_applicable,,team_generated,false,dev
JOB-AI-ALG-0099-SKILL-011,JOB-AI-ALG-0099,SKILL-011,69,0.076924,preferred,1.1.0,synthetic,true,SRC-SYNTH,2026-09-05T00:00:00+08:00,0.88,synthetic,not_applicable,,team_generated,false,dev
JOB-AI-ALG-0100-SKILL-023,JOB-AI-ALG-0100,SKILL-023,54,0.071429,required,1.1.0,synthetic,true,SRC-SYNTH,2026-09-05T00:00:00+08:00,0.88,synthetic,not_applicable,,team_generated,false,dev
JOB-AI-ALG-0100-SKILL-024,JOB-AI-ALG-0100,SKILL-024,54,0.071429,required,1.1.0,synthetic,true,SRC-SYNTH,2026-09-05T00:00:00+08:00,0.88,synthetic,not_applicable,,team_generated,false,dev
JOB-AI-ALG-0100-SKILL-025,JOB-AI-ALG-0100,SKILL-025,53,0.071429,required,1.1.0,synthetic,true,SRC-SYNTH,2026-09-05T00:00:00+08:00,0.88,synthetic,not_applicable,,team_generated,false,dev
JOB-AI-ALG-0100-SKILL-033,JOB-AI-ALG-0100,SKILL-033,53,0.071429,required,1.1.0,synthetic,true,SRC-SYNTH,2026-09-05T00:00:00+08:00,0.88,synthetic,not_applicable,,team_generated,false,dev
JOB-AI-ALG-0100-SKILL-036,JOB-AI-ALG-0100,SKILL-036,52,0.071429,required,1.1.0,synthetic,true,SRC-SYNTH,2026-09-05T00:00:00+08:00,0.88,synthetic,not_applicable,,team_generated,false,dev
JOB-AI-ALG-0100-SKILL-048,JOB-AI-ALG-0100,SKILL-048,47,0.071429,required,1.1.0,synthetic,true,SRC-SYNTH,2026-09-05T00:00:00+08:00,0.88,synthetic,not_applicable,,team_generated,false,dev
JOB-AI-ALG-0100-SKILL-058,JOB-AI-ALG-0100,SKILL-058,47,0.071429,required,1.1.0,synthetic,true,SRC-SYNTH,2026-09-05T00:00:00+08:00,0.88,synthetic,not_applicable,,team_generated,false,dev
JOB-AI-ALG-0100-SKILL-054,JOB-AI-ALG-0100,SKILL-054,47,0.071429,required,1.1.0,synthetic,true,SRC-SYNTH,2026-09-05T00:00:00+08:00,0.88,synthetic,not_applicable,,team_generated,false,dev
JOB-AI-ALG-0100-SKILL-001,JOB-AI-ALG-0100,SKILL-001,75,0.071429,required,1.1.0,synthetic,true,SRC-SYNTH,2026-09-05T00:00:00+08:00,0.88,synthetic,not_applicable,,team_generated,false,dev
JOB-AI-ALG-0100-SKILL-002,JOB-AI-ALG-0100,SKILL-002,75,0.071429,required,1.1.0,synthetic,true,SRC-SYNTH,2026-09-05T00:00:00+08:00,0.88,synthetic,not_applicable,,team_generated,false,dev
JOB-AI-ALG-0100-SKILL-010,JOB-AI-ALG-0100,SKILL-010,69,0.071429,preferred,1.1.0,synthetic,true,SRC-SYNTH,2026-09-05T00:00:00+08:00,0.88,synthetic,not_applicable,,team_generated,false,dev
JOB-AI-ALG-0100-SKILL-011,JOB-AI-ALG-0100,SKILL-011,69,0.071429,preferred,1.1.0,synthetic,true,SRC-SYNTH,2026-09-05T00:00:00+08:00,0.88,synthetic,not_applicable,,team_generated,false,dev
JOB-AI-ALG-0100-SKILL-017,JOB-AI-ALG-0100,SKILL-017,68,0.071429,preferred,1.1.0,synthetic,true,SRC-SYNTH,2026-09-05T00:00:00+08:00,0.88,synthetic,not_applicable,,team_generated,false,dev
JOB-AI-ALG-0100-SKILL-018,JOB-AI-ALG-0100,SKILL-018,68,0.071423,preferred,1.1.0,synthetic,true,SRC-SYNTH,2026-09-05T00:00:00+08:00,0.88,synthetic,not_applicable,,team_generated,false,dev
JOB-AI-APP-0001-SKILL-007,JOB-AI-APP-0001,SKILL-007,68,0.076923,required,1.1.0,synthetic,true,SRC-SYNTH,2026-09-05T00:00:00+08:00,0.88,synthetic,not_applicable,,team_generated,false,dev
JOB-AI-APP-0001-SKILL-008,JOB-AI-APP-0001,SKILL-008,67,0.076923,required,1.1.0,synthetic,true,SRC-SYNTH,2026-09-05T00:00:00+08:00,0.88,synthetic,not_applicable,,team_generated,false,dev
JOB-AI-APP-0001-SKILL-009,JOB-AI-APP-0001,SKILL-009,67,0.076923,required,1.1.0,synthetic,true,SRC-SYNTH,2026-09-05T00:00:00+08:00,0.88,synthetic,not_applicable,,team_generated,false,dev
JOB-AI-APP-0001-SKILL-025,JOB-AI-APP-0001,SKILL-025,66,0.076923,required,1.1.0,synthetic,true,SRC-SYNTH,2026-09-05T00:00:00+08:00,0.88,synthetic,not_applicable,,team_generated,false,dev
JOB-AI-APP-0001-SKILL-026,JOB-AI-APP-0001,SKILL-026,61,0.076923,required,1.1.0,synthetic,true,SRC-SYNTH,2026-09-05T00:00:00+08:00,0.88,synthetic,not_applicable,,team_generated,false,dev
JOB-AI-APP-0001-SKILL-027,JOB-AI-APP-0001,SKILL-027,61,0.076923,required,1.1.0,synthetic,true,SRC-SYNTH,2026-09-05T00:00:00+08:00,0.88,synthetic,not_applicable,,team_generated,false,dev
JOB-AI-APP-0001-SKILL-028,JOB-AI-APP-0001,SKILL-028,60,0.076923,required,1.1.0,synthetic,true,SRC-SYNTH,2026-09-05T00:00:00+08:00,0.88,synthetic,not_applicable,,team_generated,false,dev
JOB-AI-APP-0001-SKILL-029,JOB-AI-APP-0001,SKILL-029,60,0.076923,required,1.1.0,synthetic,true,SRC-SYNTH,2026-09-05T00:00:00+08:00,0.88,synthetic,not_applicable,,team_generated,false,dev
JOB-AI-APP-0001-SKILL-030,JOB-AI-APP-0001,SKILL-030,59,0.076923,required,1.1.0,synthetic,true,SRC-SYNTH,2026-09-05T00:00:00+08:00,0.88,synthetic,not_applicable,,team_generated,false,dev
JOB-AI-APP-0001-SKILL-034,JOB-AI-APP-0001,SKILL-034,54,0.076923,preferred,1.1.0,synthetic,true,SRC-SYNTH,2026-09-05T00:00:00+08:00,0.88,synthetic,not_applicable,,team_generated,false,dev
JOB-AI-APP-0001-SKILL-035,JOB-AI-APP-0001,SKILL-035,54,0.076923,preferred,1.1.0,synthetic,true,SRC-SYNTH,2026-09-05T00:00:00+08:00,0.88,synthetic,not_applicable,,team_generated,false,dev
JOB-AI-APP-0001-SKILL-036,JOB-AI-APP-0001,SKILL-036,53,0.076923,preferred,1.1.0,synthetic,true,SRC-SYNTH,2026-09-05T00:00:00+08:00,0.88,synthetic,not_applicable,,team_generated,false,dev
JOB-AI-APP-0001-SKILL-037,JOB-AI-APP-0001,SKILL-037,53,0.076924,preferred,1.1.0,synthetic,true,SRC-SYNTH,2026-09-05T00:00:00+08:00,0.88,synthetic,not_applicable,,team_generated,false,dev
JOB-AI-APP-0002-SKILL-008,JOB-AI-APP-0002,SKILL-008,67,0.071429,required,1.1.0,synthetic,true,SRC-SYNTH,2026-09-05T00:00:00+08:00,0.88,synthetic,not_applicable,,team_generated,false,dev
JOB-AI-APP-0002-SKILL-009,JOB-AI-APP-0002,SKILL-009,67,0.071429,required,1.1.0,synthetic,true,SRC-SYNTH,2026-09-05T00:00:00+08:00,0.88,synthetic,not_applicable,,team_generated,false,dev
JOB-AI-APP-0002-SKILL-025,JOB-AI-APP-0002,SKILL-025,66,0.071429,required,1.1.0,synthetic,true,SRC-SYNTH,2026-09-05T00:00:00+08:00,0.88,synthetic,not_applicable,,team_generated,false,dev
JOB-AI-APP-0002-SKILL-026,JOB-AI-APP-0002,SKILL-026,61,0.071429,required,1.1.0,synthetic,true,SRC-SYNTH,2026-09-05T00:00:00+08:00,0.88,synthetic,not_applicable,,team_generated,false,dev
JOB-AI-APP-0002-SKILL-027,JOB-AI-APP-0002,SKILL-027,61,0.071429,required,1.1.0,synthetic,true,SRC-SYNTH,2026-09-05T00:00:00+08:00,0.88,synthetic,not_applicable,,team_generated,false,dev
JOB-AI-APP-0002-SKILL-028,JOB-AI-APP-0002,SKILL-028,60,0.071429,required,1.1.0,synthetic,true,SRC-SYNTH,2026-09-05T00:00:00+08:00,0.88,synthetic,not_applicable,,team_generated,false,dev
JOB-AI-APP-0002-SKILL-029,JOB-AI-APP-0002,SKILL-029,60,0.071429,required,1.1.0,synthetic,true,SRC-SYNTH,2026-09-05T00:00:00+08:00,0.88,synthetic,not_applicable,,team_generated,false,dev
JOB-AI-APP-0002-SKILL-030,JOB-AI-APP-0002,SKILL-030,59,0.071429,required,1.1.0,synthetic,true,SRC-SYNTH,2026-09-05T00:00:00+08:00,0.88,synthetic,not_applicable,,team_generated,false,dev
JOB-AI-APP-0002-SKILL-034,JOB-AI-APP-0002,SKILL-034,54,0.071429,required,1.1.0,synthetic,true,SRC-SYNTH,2026-09-05T00:00:00+08:00,0.88,synthetic,not_applicable,,team_generated,false,dev
JOB-AI-APP-0002-SKILL-035,JOB-AI-APP-0002,SKILL-035,54,0.071429,required,1.1.0,synthetic,true,SRC-SYNTH,2026-09-05T00:00:00+08:00,0.88,synthetic,not_applicable,,team_generated,false,dev
JOB-AI-APP-0002-SKILL-036,JOB-AI-APP-0002,SKILL-036,53,0.071429,preferred,1.1.0,synthetic,true,SRC-SYNTH,2026-09-05T00:00:00+08:00,0.88,synthetic,not_applicable,,team_generated,false,dev
JOB-AI-APP-0002-SKILL-037,JOB-AI-APP-0002,SKILL-037,53,0.071429,preferred,1.1.0,synthetic,true,SRC-SYNTH,2026-09-05T00:00:00+08:00,0.88,synthetic,not_applicable,,team_generated,false,dev
JOB-AI-APP-0002-SKILL-038,JOB-AI-APP-0002,SKILL-038,52,0.071429,preferred,1.1.0,synthetic,true,SRC-SYNTH,2026-09-05T00:00:00+08:00,0.88,synthetic,not_applicable,,team_generated,false,dev
JOB-AI-APP-0002-SKILL-039,JOB-AI-APP-0002,SKILL-039,47,0.071423,preferred,1.1.0,synthetic,true,SRC-SYNTH,2026-09-05T00:00:00+08:00,0.88,synthetic,not_applicable,,team_generated,false,dev
JOB-AI-APP-0003-SKILL-009,JOB-AI-APP-0003,SKILL-009,67,0.066667,required,1.1.0,synthetic,true,SRC-SYNTH,2026-09-05T00:00:00+08:00,0.88,synthetic,not_applicable,,team_generated,false,dev
JOB-AI-APP-0003-SKILL-025,JOB-AI-APP-0003,SKILL-025,66,0.066667,required,1.1.0,synthetic,true,SRC-SYNTH,2026-09-05T00:00:00+08:00,0.88,synthetic,not_applicable,,team_generated,false,dev
JOB-AI-APP-0003-SKILL-026,JOB-AI-APP-0003,SKILL-026,61,0.066667,required,1.1.0,synthetic,true,SRC-SYNTH,2026-09-05T00:00:00+08:00,0.88,synthetic,not_applicable,,team_generated,false,dev
JOB-AI-APP-0003-SKILL-027,JOB-AI-APP-0003,SKILL-027,61,0.066667,required,1.1.0,synthetic,true,SRC-SYNTH,2026-09-05T00:00:00+08:00,0.88,synthetic,not_applicable,,team_generated,false,dev
JOB-AI-APP-0003-SKILL-028,JOB-AI-APP-0003,SKILL-028,60,0.066667,required,1.1.0,synthetic,true,SRC-SYNTH,2026-09-05T00:00:00+08:00,0.88,synthetic,not_applicable,,team_generated,false,dev
JOB-AI-APP-0003-SKILL-029,JOB-AI-APP-0003,SKILL-029,60,0.066667,required,1.1.0,synthetic,true,SRC-SYNTH,2026-09-05T00:00:00+08:00,0.88,synthetic,not_applicable,,team_generated,false,dev
JOB-AI-APP-0003-SKILL-030,JOB-AI-APP-0003,SKILL-030,59,0.066667,required,1.1.0,synthetic,true,SRC-SYNTH,2026-09-05T00:00:00+08:00,0.88,synthetic,not_applicable,,team_generated,false,dev
JOB-AI-APP-0003-SKILL-034,JOB-AI-APP-0003,SKILL-034,54,0.066667,required,1.1.0,synthetic,true,SRC-SYNTH,2026-09-05T00:00:00+08:00,0.88,synthetic,not_applicable,,team_generated,false,dev
JOB-AI-APP-0003-SKILL-035,JOB-AI-APP-0003,SKILL-035,54,0.066667,required,1.1.0,synthetic,true,SRC-SYNTH,2026-09-05T00:00:00+08:00,0.88,synthetic,not_applicable,,team_generated,false,dev
JOB-AI-APP-0003-SKILL-036,JOB-AI-APP-0003,SKILL-036,53,0.066667,required,1.1.0,synthetic,true,SRC-SYNTH,2026-09-05T00:00:00+08:00,0.88,synthetic,not_applicable,,team_generated,false,dev
JOB-AI-APP-0003-SKILL-037,JOB-AI-APP-0003,SKILL-037,53,0.066667,preferred,1.1.0,synthetic,true,SRC-SYNTH,2026-09-05T00:00:00+08:00,0.88,synthetic,not_applicable,,team_generated,false,dev
JOB-AI-APP-0003-SKILL-038,JOB-AI-APP-0003,SKILL-038,52,0.066667,preferred,1.1.0,synthetic,true,SRC-SYNTH,2026-09-05T00:00:00+08:00,0.88,synthetic,not_applicable,,team_generated,false,dev
JOB-AI-APP-0003-SKILL-039,JOB-AI-APP-0003,SKILL-039,47,0.066667,preferred,1.1.0,synthetic,true,SRC-SYNTH,2026-09-05T00:00:00+08:00,0.88,synthetic,not_applicable,,team_generated,false,dev
JOB-AI-APP-0003-SKILL-043,JOB-AI-APP-0003,SKILL-043,47,0.066667,preferred,1.1.0,synthetic,true,SRC-SYNTH,2026-09-05T00:00:00+08:00,0.88,synthetic,not_applicable,,team_generated,false,dev
JOB-AI-APP-0003-SKILL-050,JOB-AI-APP-0003,SKILL-050,47,0.066662,preferred,1.1.0,synthetic,true,SRC-SYNTH,2026-09-05T00:00:00+08:00,0.88,synthetic,not_applicable,,team_generated,false,dev
JOB-AI-APP-0004-SKILL-025,JOB-AI-APP-0004,SKILL-025,66,0.0625,required,1.1.0,synthetic,true,SRC-SYNTH,2026-09-05T00:00:00+08:00,0.88,synthetic,not_applicable,,team_generated,false,dev
JOB-AI-APP-0004-SKILL-026,JOB-AI-APP-0004,SKILL-026,61,0.0625,required,1.1.0,synthetic,true,SRC-SYNTH,2026-09-05T00:00:00+08:00,0.88,synthetic,not_applicable,,team_generated,false,dev
JOB-AI-APP-0004-SKILL-027,JOB-AI-APP-0004,SKILL-027,61,0.0625,required,1.1.0,synthetic,true,SRC-SYNTH,2026-09-05T00:00:00+08:00,0.88,synthetic,not_applicable,,team_generated,false,dev
JOB-AI-APP-0004-SKILL-028,JOB-AI-APP-0004,SKILL-028,60,0.0625,required,1.1.0,synthetic,true,SRC-SYNTH,2026-09-05T00:00:00+08:00,0.88,synthetic,not_applicable,,team_generated,false,dev
JOB-AI-APP-0004-SKILL-029,JOB-AI-APP-0004,SKILL-029,60,0.0625,required,1.1.0,synthetic,true,SRC-SYNTH,2026-09-05T00:00:00+08:00,0.88,synthetic,not_applicable,,team_generated,false,dev
JOB-AI-APP-0004-SKILL-030,JOB-AI-APP-0004,SKILL-030,59,0.0625,required,1.1.0,synthetic,true,SRC-SYNTH,2026-09-05T00:00:00+08:00,0.88,synthetic,not_applicable,,team_generated,false,dev
JOB-AI-APP-0004-SKILL-034,JOB-AI-APP-0004,SKILL-034,54,0.0625,required,1.1.0,synthetic,true,SRC-SYNTH,2026-09-05T00:00:00+08:00,0.88,synthetic,not_applicable,,team_generated,false,dev
JOB-AI-APP-0004-SKILL-035,JOB-AI-APP-0004,SKILL-035,54,0.0625,required,1.1.0,synthetic,true,SRC-SYNTH,2026-09-05T00:00:00+08:00,0.88,synthetic,not_applicable,,team_generated,false,dev
JOB-AI-APP-0004-SKILL-036,JOB-AI-APP-0004,SKILL-036,53,0.0625,required,1.1.0,synthetic,true,SRC-SYNTH,2026-09-05T00:00:00+08:00,0.88,synthetic,not_applicable,,team_generated,false,dev
JOB-AI-APP-0004-SKILL-037,JOB-AI-APP-0004,SKILL-037,53,0.0625,required,1.1.0,synthetic,true,SRC-SYNTH,2026-09-05T00:00:00+08:00,0.88,synthetic,not_applicable,,team_generated,false,dev
JOB-AI-APP-0004-SKILL-038,JOB-AI-APP-0004,SKILL-038,52,0.0625,required,1.1.0,synthetic,true,SRC-SYNTH,2026-09-05T00:00:00+08:00,0.88,synthetic,not_applicable,,team_generated,false,dev
JOB-AI-APP-0004-SKILL-039,JOB-AI-APP-0004,SKILL-039,47,0.0625,preferred,1.1.0,synthetic,true,SRC-SYNTH,2026-09-05T00:00:00+08:00,0.88,synthetic,not_applicable,,team_generated,false,dev
JOB-AI-APP-0004-SKILL-043,JOB-AI-APP-0004,SKILL-043,47,0.0625,preferred,1.1.0,synthetic,true,SRC-SYNTH,2026-09-05T00:00:00+08:00,0.88,synthetic,not_applicable,,team_generated,false,dev
JOB-AI-APP-0004-SKILL-050,JOB-AI-APP-0004,SKILL-050,47,0.0625,preferred,1.1.0,synthetic,true,SRC-SYNTH,2026-09-05T00:00:00+08:00,0.88,synthetic,not_applicable,,team_generated,false,dev
JOB-AI-APP-0004-SKILL-001,JOB-AI-APP-0004,SKILL-001,71,0.0625,preferred,1.1.0,synthetic,true,SRC-SYNTH,2026-09-05T00:00:00+08:00,0.88,synthetic,not_applicable,,team_generated,false,dev
JOB-AI-APP-0004-SKILL-007,JOB-AI-APP-0004,SKILL-007,71,0.0625,preferred,1.1.0,synthetic,true,SRC-SYNTH,2026-09-05T00:00:00+08:00,0.88,synthetic,not_applicable,,team_generated,false,dev
JOB-AI-APP-0005-SKILL-026,JOB-AI-APP-0005,SKILL-026,61,0.058824,required,1.1.0,synthetic,true,SRC-SYNTH,2026-09-05T00:00:00+08:00,0.88,synthetic,not_applicable,,team_generated,false,dev
JOB-AI-APP-0005-SKILL-027,JOB-AI-APP-0005,SKILL-027,61,0.058824,required,1.1.0,synthetic,true,SRC-SYNTH,2026-09-05T00:00:00+08:00,0.88,synthetic,not_applicable,,team_generated,false,dev
JOB-AI-APP-0005-SKILL-028,JOB-AI-APP-0005,SKILL-028,60,0.058824,required,1.1.0,synthetic,true,SRC-SYNTH,2026-09-05T00:00:00+08:00,0.88,synthetic,not_applicable,,team_generated,false,dev
JOB-AI-APP-0005-SKILL-029,JOB-AI-APP-0005,SKILL-029,60,0.058824,required,1.1.0,synthetic,true,SRC-SYNTH,2026-09-05T00:00:00+08:00,0.88,synthetic,not_applicable,,team_generated,false,dev
JOB-AI-APP-0005-SKILL-030,JOB-AI-APP-0005,SKILL-030,59,0.058824,required,1.1.0,synthetic,true,SRC-SYNTH,2026-09-05T00:00:00+08:00,0.88,synthetic,not_applicable,,team_generated,false,dev
JOB-AI-APP-0005-SKILL-034,JOB-AI-APP-0005,SKILL-034,54,0.058824,required,1.1.0,synthetic,true,SRC-SYNTH,2026-09-05T00:00:00+08:00,0.88,synthetic,not_applicable,,team_generated,false,dev
JOB-AI-APP-0005-SKILL-035,JOB-AI-APP-0005,SKILL-035,54,0.058824,required,1.1.0,synthetic,true,SRC-SYNTH,2026-09-05T00:00:00+08:00,0.88,synthetic,not_applicable,,team_generated,false,dev
JOB-AI-APP-0005-SKILL-036,JOB-AI-APP-0005,SKILL-036,53,0.058824,required,1.1.0,synthetic,true,SRC-SYNTH,2026-09-05T00:00:00+08:00,0.88,synthetic,not_applicable,,team_generated,false,dev
JOB-AI-APP-0005-SKILL-037,JOB-AI-APP-0005,SKILL-037,53,0.058824,required,1.1.0,synthetic,true,SRC-SYNTH,2026-09-05T00:00:00+08:00,0.88,synthetic,not_applicable,,team_generated,false,dev
JOB-AI-APP-0005-SKILL-038,JOB-AI-APP-0005,SKILL-038,52,0.058824,required,1.1.0,synthetic,true,SRC-SYNTH,2026-09-05T00:00:00+08:00,0.88,synthetic,not_applicable,,team_generated,false,dev
JOB-AI-APP-0005-SKILL-039,JOB-AI-APP-0005,SKILL-039,47,0.058824,required,1.1.0,synthetic,true,SRC-SYNTH,2026-09-05T00:00:00+08:00,0.88,synthetic,not_applicable,,team_generated,false,dev
JOB-AI-APP-0005-SKILL-043,JOB-AI-APP-0005,SKILL-043,47,0.058824,required,1.1.0,synthetic,true,SRC-SYNTH,2026-09-05T00:00:00+08:00,0.88,synthetic,not_applicable,,team_generated,false,dev
JOB-AI-APP-0005-SKILL-050,JOB-AI-APP-0005,SKILL-050,47,0.058824,preferred,1.1.0,synthetic,true,SRC-SYNTH,2026-09-05T00:00:00+08:00,0.88,synthetic,not_applicable,,team_generated,false,dev
JOB-AI-APP-0005-SKILL-001,JOB-AI-APP-0005,SKILL-001,71,0.058824,preferred,1.1.0,synthetic,true,SRC-SYNTH,2026-09-05T00:00:00+08:00,0.88,synthetic,not_applicable,,team_generated,false,dev
JOB-AI-APP-0005-SKILL-007,JOB-AI-APP-0005,SKILL-007,71,0.058824,preferred,1.1.0,synthetic,true,SRC-SYNTH,2026-09-05T00:00:00+08:00,0.88,synthetic,not_applicable,,team_generated,false,dev
JOB-AI-APP-0005-SKILL-008,JOB-AI-APP-0005,SKILL-008,65,0.058824,preferred,1.1.0,synthetic,true,SRC-SYNTH,2026-09-05T00:00:00+08:00,0.88,synthetic,not_applicable,,team_generated,false,dev
JOB-AI-APP-0005-SKILL-009,JOB-AI-APP-0005,SKILL-009,65,0.058816,preferred,1.1.0,synthetic,true,SRC-SYNTH,2026-09-05T00:00:00+08:00,0.88,synthetic,not_applicable,,team_generated,false,dev
JOB-AI-APP-0006-SKILL-027,JOB-AI-APP-0006,SKILL-027,61,0.055556,required,1.1.0,synthetic,true,SRC-SYNTH,2026-09-05T00:00:00+08:00,0.88,synthetic,not_applicable,,team_generated,false,dev
JOB-AI-APP-0006-SKILL-028,JOB-AI-APP-0006,SKILL-028,60,0.055556,required,1.1.0,synthetic,true,SRC-SYNTH,2026-09-05T00:00:00+08:00,0.88,synthetic,not_applicable,,team_generated,false,dev
JOB-AI-APP-0006-SKILL-029,JOB-AI-APP-0006,SKILL-029,60,0.055556,required,1.1.0,synthetic,true,SRC-SYNTH,2026-09-05T00:00:00+08:00,0.88,synthetic,not_applicable,,team_generated,false,dev
JOB-AI-APP-0006-SKILL-030,JOB-AI-APP-0006,SKILL-030,59,0.055556,required,1.1.0,synthetic,true,SRC-SYNTH,2026-09-05T00:00:00+08:00,0.88,synthetic,not_applicable,,team_generated,false,dev
JOB-AI-APP-0006-SKILL-034,JOB-AI-APP-0006,SKILL-034,54,0.055556,required,1.1.0,synthetic,true,SRC-SYNTH,2026-09-05T00:00:00+08:00,0.88,synthetic,not_applicable,,team_generated,false,dev
JOB-AI-APP-0006-SKILL-035,JOB-AI-APP-0006,SKILL-035,54,0.055556,required,1.1.0,synthetic,true,SRC-SYNTH,2026-09-05T00:00:00+08:00,0.88,synthetic,not_applicable,,team_generated,false,dev
JOB-AI-APP-0006-SKILL-036,JOB-AI-APP-0006,SKILL-036,53,0.055556,required,1.1.0,synthetic,true,SRC-SYNTH,2026-09-05T00:00:00+08:00,0.88,synthetic,not_applicable,,team_generated,false,dev
JOB-AI-APP-0006-SKILL-037,JOB-AI-APP-0006,SKILL-037,53,0.055556,required,1.1.0,synthetic,true,SRC-SYNTH,2026-09-05T00:00:00+08:00,0.88,synthetic,not_applicable,,team_generated,false,dev
JOB-AI-APP-0006-SKILL-038,JOB-AI-APP-0006,SKILL-038,52,0.055556,required,1.1.0,synthetic,true,SRC-SYNTH,2026-09-05T00:00:00+08:00,0.88,synthetic,not_applicable,,team_generated,false,dev
JOB-AI-APP-0006-SKILL-039,JOB-AI-APP-0006,SKILL-039,47,0.055556,required,1.1.0,synthetic,true,SRC-SYNTH,2026-09-05T00:00:00+08:00,0.88,synthetic,not_applicable,,team_generated,false,dev
JOB-AI-APP-0006-SKILL-043,JOB-AI-APP-0006,SKILL-043,47,0.055556,required,1.1.0,synthetic,true,SRC-SYNTH,2026-09-05T00:00:00+08:00,0.88,synthetic,not_applicable,,team_generated,false,dev
JOB-AI-APP-0006-SKILL-050,JOB-AI-APP-0006,SKILL-050,47,0.055556,required,1.1.0,synthetic,true,SRC-SYNTH,2026-09-05T00:00:00+08:00,0.88,synthetic,not_applicable,,team_generated,false,dev
JOB-AI-APP-0006-SKILL-001,JOB-AI-APP-0006,SKILL-001,71,0.055556,preferred,1.1.0,synthetic,true,SRC-SYNTH,2026-09-05T00:00:00+08:00,0.88,synthetic,not_applicable,,team_generated,false,dev
JOB-AI-APP-0006-SKILL-007,JOB-AI-APP-0006,SKILL-007,71,0.055556,preferred,1.1.0,synthetic,true,SRC-SYNTH,2026-09-05T00:00:00+08:00,0.88,synthetic,not_applicable,,team_generated,false,dev
JOB-AI-APP-0006-SKILL-008,JOB-AI-APP-0006,SKILL-008,65,0.055556,preferred,1.1.0,synthetic,true,SRC-SYNTH,2026-09-05T00:00:00+08:00,0.88,synthetic,not_applicable,,team_generated,false,dev
JOB-AI-APP-0006-SKILL-009,JOB-AI-APP-0006,SKILL-009,65,0.055556,preferred,1.1.0,synthetic,true,SRC-SYNTH,2026-09-05T00:00:00+08:00,0.88,synthetic,not_applicable,,team_generated,false,dev
JOB-AI-APP-0006-SKILL-025,JOB-AI-APP-0006,SKILL-025,64,0.055556,preferred,1.1.0,synthetic,true,SRC-SYNTH,2026-09-05T00:00:00+08:00,0.88,synthetic,not_applicable,,team_generated,false,dev
JOB-AI-APP-0006-SKILL-026,JOB-AI-APP-0006,SKILL-026,64,0.055548,preferred,1.1.0,synthetic,true,SRC-SYNTH,2026-09-05T00:00:00+08:00,0.88,synthetic,not_applicable,,team_generated,false,dev
JOB-AI-APP-0007-SKILL-028,JOB-AI-APP-0007,SKILL-028,60,0.083333,required,1.1.0,synthetic,true,SRC-SYNTH,2026-09-05T00:00:00+08:00,0.88,synthetic,not_applicable,,team_generated,false,dev
JOB-AI-APP-0007-SKILL-029,JOB-AI-APP-0007,SKILL-029,60,0.083333,required,1.1.0,synthetic,true,SRC-SYNTH,2026-09-05T00:00:00+08:00,0.88,synthetic,not_applicable,,team_generated,false,dev
JOB-AI-APP-0007-SKILL-030,JOB-AI-APP-0007,SKILL-030,59,0.083333,required,1.1.0,synthetic,true,SRC-SYNTH,2026-09-05T00:00:00+08:00,0.88,synthetic,not_applicable,,team_generated,false,dev
JOB-AI-APP-0007-SKILL-034,JOB-AI-APP-0007,SKILL-034,54,0.083333,required,1.1.0,synthetic,true,SRC-SYNTH,2026-09-05T00:00:00+08:00,0.88,synthetic,not_applicable,,team_generated,false,dev
JOB-AI-APP-0007-SKILL-035,JOB-AI-APP-0007,SKILL-035,54,0.083333,required,1.1.0,synthetic,true,SRC-SYNTH,2026-09-05T00:00:00+08:00,0.88,synthetic,not_applicable,,team_generated,false,dev
JOB-AI-APP-0007-SKILL-036,JOB-AI-APP-0007,SKILL-036,53,0.083333,required,1.1.0,synthetic,true,SRC-SYNTH,2026-09-05T00:00:00+08:00,0.88,synthetic,not_applicable,,team_generated,false,dev
JOB-AI-APP-0007-SKILL-037,JOB-AI-APP-0007,SKILL-037,53,0.083333,required,1.1.0,synthetic,true,SRC-SYNTH,2026-09-05T00:00:00+08:00,0.88,synthetic,not_applicable,,team_generated,false,dev
JOB-AI-APP-0007-SKILL-038,JOB-AI-APP-0007,SKILL-038,52,0.083333,required,1.1.0,synthetic,true,SRC-SYNTH,2026-09-05T00:00:00+08:00,0.88,synthetic,not_applicable,,team_generated,false,dev
JOB-AI-APP-0007-SKILL-039,JOB-AI-APP-0007,SKILL-039,47,0.083333,preferred,1.1.0,synthetic,true,SRC-SYNTH,2026-09-05T00:00:00+08:00,0.88,synthetic,not_applicable,,team_generated,false,dev
JOB-AI-APP-0007-SKILL-043,JOB-AI-APP-0007,SKILL-043,47,0.083333,preferred,1.1.0,synthetic,true,SRC-SYNTH,2026-09-05T00:00:00+08:00,0.88,synthetic,not_applicable,,team_generated,false,dev
JOB-AI-APP-0007-SKILL-050,JOB-AI-APP-0007,SKILL-050,47,0.083333,preferred,1.1.0,synthetic,true,SRC-SYNTH,2026-09-05T00:00:00+08:00,0.88,synthetic,not_applicable,,team_generated,false,dev
JOB-AI-APP-0007-SKILL-001,JOB-AI-APP-0007,SKILL-001,71,0.083337,preferred,1.1.0,synthetic,true,SRC-SYNTH,2026-09-05T00:00:00+08:00,0.88,synthetic,not_applicable,,team_generated,false,dev
JOB-AI-APP-0008-SKILL-029,JOB-AI-APP-0008,SKILL-029,60,0.076923,required,1.1.0,synthetic,true,SRC-SYNTH,2026-09-05T00:00:00+08:00,0.88,synthetic,not_applicable,,team_generated,false,dev
JOB-AI-APP-0008-SKILL-030,JOB-AI-APP-0008,SKILL-030,59,0.076923,required,1.1.0,synthetic,true,SRC-SYNTH,2026-09-05T00:00:00+08:00,0.88,synthetic,not_applicable,,team_generated,false,dev
JOB-AI-APP-0008-SKILL-034,JOB-AI-APP-0008,SKILL-034,54,0.076923,required,1.1.0,synthetic,true,SRC-SYNTH,2026-09-05T00:00:00+08:00,0.88,synthetic,not_applicable,,team_generated,false,dev
JOB-AI-APP-0008-SKILL-035,JOB-AI-APP-0008,SKILL-035,54,0.076923,required,1.1.0,synthetic,true,SRC-SYNTH,2026-09-05T00:00:00+08:00,0.88,synthetic,not_applicable,,team_generated,false,dev
JOB-AI-APP-0008-SKILL-036,JOB-AI-APP-0008,SKILL-036,53,0.076923,required,1.1.0,synthetic,true,SRC-SYNTH,2026-09-05T00:00:00+08:00,0.88,synthetic,not_applicable,,team_generated,false,dev
JOB-AI-APP-0008-SKILL-037,JOB-AI-APP-0008,SKILL-037,53,0.076923,required,1.1.0,synthetic,true,SRC-SYNTH,2026-09-05T00:00:00+08:00,0.88,synthetic,not_applicable,,team_generated,false,dev
JOB-AI-APP-0008-SKILL-038,JOB-AI-APP-0008,SKILL-038,52,0.076923,required,1.1.0,synthetic,true,SRC-SYNTH,2026-09-05T00:00:00+08:00,0.88,synthetic,not_applicable,,team_generated,false,dev
JOB-AI-APP-0008-SKILL-039,JOB-AI-APP-0008,SKILL-039,47,0.076923,required,1.1.0,synthetic,true,SRC-SYNTH,2026-09-05T00:00:00+08:00,0.88,synthetic,not_applicable,,team_generated,false,dev
JOB-AI-APP-0008-SKILL-043,JOB-AI-APP-0008,SKILL-043,47,0.076923,required,1.1.0,synthetic,true,SRC-SYNTH,2026-09-05T00:00:00+08:00,0.88,synthetic,not_applicable,,team_generated,false,dev
JOB-AI-APP-0008-SKILL-050,JOB-AI-APP-0008,SKILL-050,47,0.076923,preferred,1.1.0,synthetic,true,SRC-SYNTH,2026-09-05T00:00:00+08:00,0.88,synthetic,not_applicable,,team_generated,false,dev
JOB-AI-APP-0008-SKILL-001,JOB-AI-APP-0008,SKILL-001,71,0.076923,preferred,1.1.0,synthetic,true,SRC-SYNTH,2026-09-05T00:00:00+08:00,0.88,synthetic,not_applicable,,team_generated,false,dev
JOB-AI-APP-0008-SKILL-007,JOB-AI-APP-0008,SKILL-007,71,0.076923,preferred,1.1.0,synthetic,true,SRC-SYNTH,2026-09-05T00:00:00+08:00,0.88,synthetic,not_applicable,,team_generated,false,dev
JOB-AI-APP-0008-SKILL-008,JOB-AI-APP-0008,SKILL-008,65,0.076924,preferred,1.1.0,synthetic,true,SRC-SYNTH,2026-09-05T00:00:00+08:00,0.88,synthetic,not_applicable,,team_generated,false,dev
JOB-AI-APP-0009-SKILL-030,JOB-AI-APP-0009,SKILL-030,59,0.071429,required,1.1.0,synthetic,true,SRC-SYNTH,2026-09-05T00:00:00+08:00,0.88,synthetic,not_applicable,,team_generated,false,dev
JOB-AI-APP-0009-SKILL-034,JOB-AI-APP-0009,SKILL-034,54,0.071429,required,1.1.0,synthetic,true,SRC-SYNTH,2026-09-05T00:00:00+08:00,0.88,synthetic,not_applicable,,team_generated,false,dev
JOB-AI-APP-0009-SKILL-035,JOB-AI-APP-0009,SKILL-035,54,0.071429,required,1.1.0,synthetic,true,SRC-SYNTH,2026-09-05T00:00:00+08:00,0.88,synthetic,not_applicable,,team_generated,false,dev
JOB-AI-APP-0009-SKILL-036,JOB-AI-APP-0009,SKILL-036,53,0.071429,required,1.1.0,synthetic,true,SRC-SYNTH,2026-09-05T00:00:00+08:00,0.88,synthetic,not_applicable,,team_generated,false,dev
JOB-AI-APP-0009-SKILL-037,JOB-AI-APP-0009,SKILL-037,53,0.071429,required,1.1.0,synthetic,true,SRC-SYNTH,2026-09-05T00:00:00+08:00,0.88,synthetic,not_applicable,,team_generated,false,dev
JOB-AI-APP-0009-SKILL-038,JOB-AI-APP-0009,SKILL-038,52,0.071429,required,1.1.0,synthetic,true,SRC-SYNTH,2026-09-05T00:00:00+08:00,0.88,synthetic,not_applicable,,team_generated,false,dev
JOB-AI-APP-0009-SKILL-039,JOB-AI-APP-0009,SKILL-039,47,0.071429,required,1.1.0,synthetic,true,SRC-SYNTH,2026-09-05T00:00:00+08:00,0.88,synthetic,not_applicable,,team_generated,false,dev
JOB-AI-APP-0009-SKILL-043,JOB-AI-APP-0009,SKILL-043,47,0.071429,required,1.1.0,synthetic,true,SRC-SYNTH,2026-09-05T00:00:00+08:00,0.88,synthetic,not_applicable,,team_generated,false,dev
JOB-AI-APP-0009-SKILL-050,JOB-AI-APP-0009,SKILL-050,47,0.071429,required,1.1.0,synthetic,true,SRC-SYNTH,2026-09-05T00:00:00+08:00,0.88,synthetic,not_applicable,,team_generated,false,dev
JOB-AI-APP-0009-SKILL-001,JOB-AI-APP-0009,SKILL-001,71,0.071429,required,1.1.0,synthetic,true,SRC-SYNTH,2026-09-05T00:00:00+08:00,0.88,synthetic,not_applicable,,team_generated,false,dev
JOB-AI-APP-0009-SKILL-007,JOB-AI-APP-0009,SKILL-007,71,0.071429,preferred,1.1.0,synthetic,true,SRC-SYNTH,2026-09-05T00:00:00+08:00,0.88,synthetic,not_applicable,,team_generated,false,dev
JOB-AI-APP-0009-SKILL-008,JOB-AI-APP-0009,SKILL-008,65,0.071429,preferred,1.1.0,synthetic,true,SRC-SYNTH,2026-09-05T00:00:00+08:00,0.88,synthetic,not_applicable,,team_generated,false,dev
JOB-AI-APP-0009-SKILL-009,JOB-AI-APP-0009,SKILL-009,65,0.071429,preferred,1.1.0,synthetic,true,SRC-SYNTH,2026-09-05T00:00:00+08:00,0.88,synthetic,not_applicable,,team_generated,false,dev
JOB-AI-APP-0009-SKILL-025,JOB-AI-APP-0009,SKILL-025,64,0.071423,preferred,1.1.0,synthetic,true,SRC-SYNTH,2026-09-05T00:00:00+08:00,0.88,synthetic,not_applicable,,team_generated,false,dev
JOB-AI-APP-0010-SKILL-034,JOB-AI-APP-0010,SKILL-034,54,0.066667,required,1.1.0,synthetic,true,SRC-SYNTH,2026-09-05T00:00:00+08:00,0.88,synthetic,not_applicable,,team_generated,false,dev
JOB-AI-APP-0010-SKILL-035,JOB-AI-APP-0010,SKILL-035,54,0.066667,required,1.1.0,synthetic,true,SRC-SYNTH,2026-09-05T00:00:00+08:00,0.88,synthetic,not_applicable,,team_generated,false,dev
JOB-AI-APP-0010-SKILL-036,JOB-AI-APP-0010,SKILL-036,53,0.066667,required,1.1.0,synthetic,true,SRC-SYNTH,2026-09-05T00:00:00+08:00,0.88,synthetic,not_applicable,,team_generated,false,dev
JOB-AI-APP-0010-SKILL-037,JOB-AI-APP-0010,SKILL-037,53,0.066667,required,1.1.0,synthetic,true,SRC-SYNTH,2026-09-05T00:00:00+08:00,0.88,synthetic,not_applicable,,team_generated,false,dev
JOB-AI-APP-0010-SKILL-038,JOB-AI-APP-0010,SKILL-038,52,0.066667,required,1.1.0,synthetic,true,SRC-SYNTH,2026-09-05T00:00:00+08:00,0.88,synthetic,not_applicable,,team_generated,false,dev
JOB-AI-APP-0010-SKILL-039,JOB-AI-APP-0010,SKILL-039,47,0.066667,required,1.1.0,synthetic,true,SRC-SYNTH,2026-09-05T00:00:00+08:00,0.88,synthetic,not_applicable,,team_generated,false,dev
JOB-AI-APP-0010-SKILL-043,JOB-AI-APP-0010,SKILL-043,47,0.066667,required,1.1.0,synthetic,true,SRC-SYNTH,2026-09-05T00:00:00+08:00,0.88,synthetic,not_applicable,,team_generated,false,dev
JOB-AI-APP-0010-SKILL-050,JOB-AI-APP-0010,SKILL-050,47,0.066667,required,1.1.0,synthetic,true,SRC-SYNTH,2026-09-05T00:00:00+08:00,0.88,synthetic,not_applicable,,team_generated,false,dev
JOB-AI-APP-0010-SKILL-001,JOB-AI-APP-0010,SKILL-001,71,0.066667,required,1.1.0,synthetic,true,SRC-SYNTH,2026-09-05T00:00:00+08:00,0.88,synthetic,not_applicable,,team_generated,false,dev
JOB-AI-APP-0010-SKILL-007,JOB-AI-APP-0010,SKILL-007,71,0.066667,required,1.1.0,synthetic,true,SRC-SYNTH,2026-09-05T00:00:00+08:00,0.88,synthetic,not_applicable,,team_generated,false,dev
JOB-AI-APP-0010-SKILL-008,JOB-AI-APP-0010,SKILL-008,65,0.066667,preferred,1.1.0,synthetic,true,SRC-SYNTH,2026-09-05T00:00:00+08:00,0.88,synthetic,not_applicable,,team_generated,false,dev
JOB-AI-APP-0010-SKILL-009,JOB-AI-APP-0010,SKILL-009,65,0.066667,preferred,1.1.0,synthetic,true,SRC-SYNTH,2026-09-05T00:00:00+08:00,0.88,synthetic,not_applicable,,team_generated,false,dev
JOB-AI-APP-0010-SKILL-025,JOB-AI-APP-0010,SKILL-025,64,0.066667,preferred,1.1.0,synthetic,true,SRC-SYNTH,2026-09-05T00:00:00+08:00,0.88,synthetic,not_applicable,,team_generated,false,dev
JOB-AI-APP-0010-SKILL-026,JOB-AI-APP-0010,SKILL-026,64,0.066667,preferred,1.1.0,synthetic,true,SRC-SYNTH,2026-09-05T00:00:00+08:00,0.88,synthetic,not_applicable,,team_generated,false,dev
JOB-AI-APP-0010-SKILL-027,JOB-AI-APP-0010,SKILL-027,64,0.066662,preferred,1.1.0,synthetic,true,SRC-SYNTH,2026-09-05T00:00:00+08:00,0.88,synthetic,not_applicable,,team_generated,false,dev
JOB-AI-APP-0011-SKILL-035,JOB-AI-APP-0011,SKILL-035,54,0.0625,required,1.1.0,synthetic,true,SRC-SYNTH,2026-09-05T00:00:00+08:00,0.88,synthetic,not_applicable,,team_generated,false,dev
JOB-AI-APP-0011-SKILL-036,JOB-AI-APP-0011,SKILL-036,53,0.0625,required,1.1.0,synthetic,true,SRC-SYNTH,2026-09-05T00:00:00+08:00,0.88,synthetic,not_applicable,,team_generated,false,dev
JOB-AI-APP-0011-SKILL-037,JOB-AI-APP-0011,SKILL-037,53,0.0625,required,1.1.0,synthetic,true,SRC-SYNTH,2026-09-05T00:00:00+08:00,0.88,synthetic,not_applicable,,team_generated,false,dev
JOB-AI-APP-0011-SKILL-038,JOB-AI-APP-0011,SKILL-038,52,0.0625,required,1.1.0,synthetic,true,SRC-SYNTH,2026-09-05T00:00:00+08:00,0.88,synthetic,not_applicable,,team_generated,false,dev
JOB-AI-APP-0011-SKILL-039,JOB-AI-APP-0011,SKILL-039,47,0.0625,required,1.1.0,synthetic,true,SRC-SYNTH,2026-09-05T00:00:00+08:00,0.88,synthetic,not_applicable,,team_generated,false,dev
JOB-AI-APP-0011-SKILL-043,JOB-AI-APP-0011,SKILL-043,47,0.0625,required,1.1.0,synthetic,true,SRC-SYNTH,2026-09-05T00:00:00+08:00,0.88,synthetic,not_applicable,,team_generated,false,dev
JOB-AI-APP-0011-SKILL-050,JOB-AI-APP-0011,SKILL-050,47,0.0625,required,1.1.0,synthetic,true,SRC-SYNTH,2026-09-05T00:00:00+08:00,0.88,synthetic,not_applicable,,team_generated,false,dev
JOB-AI-APP-0011-SKILL-001,JOB-AI-APP-0011,SKILL-001,71,0.0625,required,1.1.0,synthetic,true,SRC-SYNTH,2026-09-05T00:00:00+08:00,0.88,synthetic,not_applicable,,team_generated,false,dev
JOB-AI-APP-0011-SKILL-007,JOB-AI-APP-0011,SKILL-007,71,0.0625,required,1.1.0,synthetic,true,SRC-SYNTH,2026-09-05T00:00:00+08:00,0.88,synthetic,not_applicable,,team_generated,false,dev
JOB-AI-APP-0011-SKILL-008,JOB-AI-APP-0011,SKILL-008,65,0.0625,required,1.1.0,synthetic,true,SRC-SYNTH,2026-09-05T00:00:00+08:00,0.88,synthetic,not_applicable,,team_generated,false,dev
JOB-AI-APP-0011-SKILL-009,JOB-AI-APP-0011,SKILL-009,65,0.0625,required,1.1.0,synthetic,true,SRC-SYNTH,2026-09-05T00:00:00+08:00,0.88,synthetic,not_applicable,,team_generated,false,dev
JOB-AI-APP-0011-SKILL-025,JOB-AI-APP-0011,SKILL-025,64,0.0625,preferred,1.1.0,synthetic,true,SRC-SYNTH,2026-09-05T00:00:00+08:00,0.88,synthetic,not_applicable,,team_generated,false,dev
JOB-AI-APP-0011-SKILL-026,JOB-AI-APP-0011,SKILL-026,64,0.0625,preferred,1.1.0,synthetic,true,SRC-SYNTH,2026-09-05T00:00:00+08:00,0.88,synthetic,not_applicable,,team_generated,false,dev
JOB-AI-APP-0011-SKILL-027,JOB-AI-APP-0011,SKILL-027,64,0.0625,preferred,1.1.0,synthetic,true,SRC-SYNTH,2026-09-05T00:00:00+08:00,0.88,synthetic,not_applicable,,team_generated,false,dev
JOB-AI-APP-0011-SKILL-028,JOB-AI-APP-0011,SKILL-028,58,0.0625,preferred,1.1.0,synthetic,true,SRC-SYNTH,2026-09-05T00:00:00+08:00,0.88,synthetic,not_applicable,,team_generated,false,dev
JOB-AI-APP-0011-SKILL-029,JOB-AI-APP-0011,SKILL-029,58,0.0625,preferred,1.1.0,synthetic,true,SRC-SYNTH,2026-09-05T00:00:00+08:00,0.88,synthetic,not_applicable,,team_generated,false,dev
JOB-AI-APP-0012-SKILL-036,JOB-AI-APP-0012,SKILL-036,53,0.058824,required,1.1.0,synthetic,true,SRC-SYNTH,2026-09-05T00:00:00+08:00,0.88,synthetic,not_applicable,,team_generated,false,dev
JOB-AI-APP-0012-SKILL-037,JOB-AI-APP-0012,SKILL-037,53,0.058824,required,1.1.0,synthetic,true,SRC-SYNTH,2026-09-05T00:00:00+08:00,0.88,synthetic,not_applicable,,team_generated,false,dev
JOB-AI-APP-0012-SKILL-038,JOB-AI-APP-0012,SKILL-038,52,0.058824,required,1.1.0,synthetic,true,SRC-SYNTH,2026-09-05T00:00:00+08:00,0.88,synthetic,not_applicable,,team_generated,false,dev
JOB-AI-APP-0012-SKILL-039,JOB-AI-APP-0012,SKILL-039,47,0.058824,required,1.1.0,synthetic,true,SRC-SYNTH,2026-09-05T00:00:00+08:00,0.88,synthetic,not_applicable,,team_generated,false,dev
JOB-AI-APP-0012-SKILL-043,JOB-AI-APP-0012,SKILL-043,47,0.058824,required,1.1.0,synthetic,true,SRC-SYNTH,2026-09-05T00:00:00+08:00,0.88,synthetic,not_applicable,,team_generated,false,dev
JOB-AI-APP-0012-SKILL-050,JOB-AI-APP-0012,SKILL-050,47,0.058824,required,1.1.0,synthetic,true,SRC-SYNTH,2026-09-05T00:00:00+08:00,0.88,synthetic,not_applicable,,team_generated,false,dev
JOB-AI-APP-0012-SKILL-001,JOB-AI-APP-0012,SKILL-001,71,0.058824,required,1.1.0,synthetic,true,SRC-SYNTH,2026-09-05T00:00:00+08:00,0.88,synthetic,not_applicable,,team_generated,false,dev
JOB-AI-APP-0012-SKILL-007,JOB-AI-APP-0012,SKILL-007,71,0.058824,required,1.1.0,synthetic,true,SRC-SYNTH,2026-09-05T00:00:00+08:00,0.88,synthetic,not_applicable,,team_generated,false,dev
JOB-AI-APP-0012-SKILL-008,JOB-AI-APP-0012,SKILL-008,65,0.058824,required,1.1.0,synthetic,true,SRC-SYNTH,2026-09-05T00:00:00+08:00,0.88,synthetic,not_applicable,,team_generated,false,dev
JOB-AI-APP-0012-SKILL-009,JOB-AI-APP-0012,SKILL-009,65,0.058824,required,1.1.0,synthetic,true,SRC-SYNTH,2026-09-05T00:00:00+08:00,0.88,synthetic,not_applicable,,team_generated,false,dev
JOB-AI-APP-0012-SKILL-025,JOB-AI-APP-0012,SKILL-025,64,0.058824,required,1.1.0,synthetic,true,SRC-SYNTH,2026-09-05T00:00:00+08:00,0.88,synthetic,not_applicable,,team_generated,false,dev
JOB-AI-APP-0012-SKILL-026,JOB-AI-APP-0012,SKILL-026,64,0.058824,required,1.1.0,synthetic,true,SRC-SYNTH,2026-09-05T00:00:00+08:00,0.88,synthetic,not_applicable,,team_generated,false,dev
JOB-AI-APP-0012-SKILL-027,JOB-AI-APP-0012,SKILL-027,64,0.058824,preferred,1.1.0,synthetic,true,SRC-SYNTH,2026-09-05T00:00:00+08:00,0.88,synthetic,not_applicable,,team_generated,false,dev
JOB-AI-APP-0012-SKILL-028,JOB-AI-APP-0012,SKILL-028,58,0.058824,preferred,1.1.0,synthetic,true,SRC-SYNTH,2026-09-05T00:00:00+08:00,0.88,synthetic,not_applicable,,team_generated,false,dev
JOB-AI-APP-0012-SKILL-029,JOB-AI-APP-0012,SKILL-029,58,0.058824,preferred,1.1.0,synthetic,true,SRC-SYNTH,2026-09-05T00:00:00+08:00,0.88,synthetic,not_applicable,,team_generated,false,dev
JOB-AI-APP-0012-SKILL-030,JOB-AI-APP-0012,SKILL-030,57,0.058824,preferred,1.1.0,synthetic,true,SRC-SYNTH,2026-09-05T00:00:00+08:00,0.88,synthetic,not_applicable,,team_generated,false,dev
JOB-AI-APP-0012-SKILL-034,JOB-AI-APP-0012,SKILL-034,57,0.058816,preferred,1.1.0,synthetic,true,SRC-SYNTH,2026-09-05T00:00:00+08:00,0.88,synthetic,not_applicable,,team_generated,false,dev
JOB-AI-APP-0013-SKILL-037,JOB-AI-APP-0013,SKILL-037,53,0.055556,required,1.1.0,synthetic,true,SRC-SYNTH,2026-09-05T00:00:00+08:00,0.88,synthetic,not_applicable,,team_generated,false,dev
JOB-AI-APP-0013-SKILL-038,JOB-AI-APP-0013,SKILL-038,52,0.055556,required,1.1.0,synthetic,true,SRC-SYNTH,2026-09-05T00:00:00+08:00,0.88,synthetic,not_applicable,,team_generated,false,dev
JOB-AI-APP-0013-SKILL-039,JOB-AI-APP-0013,SKILL-039,47,0.055556,required,1.1.0,synthetic,true,SRC-SYNTH,2026-09-05T00:00:00+08:00,0.88,synthetic,not_applicable,,team_generated,false,dev
JOB-AI-APP-0013-SKILL-043,JOB-AI-APP-0013,SKILL-043,47,0.055556,required,1.1.0,synthetic,true,SRC-SYNTH,2026-09-05T00:00:00+08:00,0.88,synthetic,not_applicable,,team_generated,false,dev
JOB-AI-APP-0013-SKILL-050,JOB-AI-APP-0013,SKILL-050,47,0.055556,required,1.1.0,synthetic,true,SRC-SYNTH,2026-09-05T00:00:00+08:00,0.88,synthetic,not_applicable,,team_generated,false,dev
JOB-AI-APP-0013-SKILL-001,JOB-AI-APP-0013,SKILL-001,71,0.055556,required,1.1.0,synthetic,true,SRC-SYNTH,2026-09-05T00:00:00+08:00,0.88,synthetic,not_applicable,,team_generated,false,dev
JOB-AI-APP-0013-SKILL-007,JOB-AI-APP-0013,SKILL-007,71,0.055556,required,1.1.0,synthetic,true,SRC-SYNTH,2026-09-05T00:00:00+08:00,0.88,synthetic,not_applicable,,team_generated,false,dev
JOB-AI-APP-0013-SKILL-008,JOB-AI-APP-0013,SKILL-008,65,0.055556,required,1.1.0,synthetic,true,SRC-SYNTH,2026-09-05T00:00:00+08:00,0.88,synthetic,not_applicable,,team_generated,false,dev
JOB-AI-APP-0013-SKILL-009,JOB-AI-APP-0013,SKILL-009,65,0.055556,required,1.1.0,synthetic,true,SRC-SYNTH,2026-09-05T00:00:00+08:00,0.88,synthetic,not_applicable,,team_generated,false,dev
JOB-AI-APP-0013-SKILL-025,JOB-AI-APP-0013,SKILL-025,64,0.055556,required,1.1.0,synthetic,true,SRC-SYNTH,2026-09-05T00:00:00+08:00,0.88,synthetic,not_applicable,,team_generated,false,dev
JOB-AI-APP-0013-SKILL-026,JOB-AI-APP-0013,SKILL-026,64,0.055556,required,1.1.0,synthetic,true,SRC-SYNTH,2026-09-05T00:00:00+08:00,0.88,synthetic,not_applicable,,team_generated,false,dev
JOB-AI-APP-0013-SKILL-027,JOB-AI-APP-0013,SKILL-027,64,0.055556,required,1.1.0,synthetic,true,SRC-SYNTH,2026-09-05T00:00:00+08:00,0.88,synthetic,not_applicable,,team_generated,false,dev
JOB-AI-APP-0013-SKILL-028,JOB-AI-APP-0013,SKILL-028,58,0.055556,preferred,1.1.0,synthetic,true,SRC-SYNTH,2026-09-05T00:00:00+08:00,0.88,synthetic,not_applicable,,team_generated,false,dev
JOB-AI-APP-0013-SKILL-029,JOB-AI-APP-0013,SKILL-029,58,0.055556,preferred,1.1.0,synthetic,true,SRC-SYNTH,2026-09-05T00:00:00+08:00,0.88,synthetic,not_applicable,,team_generated,false,dev
JOB-AI-APP-0013-SKILL-030,JOB-AI-APP-0013,SKILL-030,57,0.055556,preferred,1.1.0,synthetic,true,SRC-SYNTH,2026-09-05T00:00:00+08:00,0.88,synthetic,not_applicable,,team_generated,false,dev
JOB-AI-APP-0013-SKILL-034,JOB-AI-APP-0013,SKILL-034,57,0.055556,preferred,1.1.0,synthetic,true,SRC-SYNTH,2026-09-05T00:00:00+08:00,0.88,synthetic,not_applicable,,team_generated,false,dev
JOB-AI-APP-0013-SKILL-035,JOB-AI-APP-0013,SKILL-035,57,0.055556,preferred,1.1.0,synthetic,true,SRC-SYNTH,2026-09-05T00:00:00+08:00,0.88,synthetic,not_applicable,,team_generated,false,dev
JOB-AI-APP-0013-SKILL-036,JOB-AI-APP-0013,SKILL-036,51,0.055548,preferred,1.1.0,synthetic,true,SRC-SYNTH,2026-09-05T00:00:00+08:00,0.88,synthetic,not_applicable,,team_generated,false,dev
JOB-AI-APP-0014-SKILL-038,JOB-AI-APP-0014,SKILL-038,52,0.083333,required,1.1.0,synthetic,true,SRC-SYNTH,2026-09-05T00:00:00+08:00,0.88,synthetic,not_applicable,,team_generated,false,dev
JOB-AI-APP-0014-SKILL-039,JOB-AI-APP-0014,SKILL-039,47,0.083333,required,1.1.0,synthetic,true,SRC-SYNTH,2026-09-05T00:00:00+08:00,0.88,synthetic,not_applicable,,team_generated,false,dev
JOB-AI-APP-0014-SKILL-043,JOB-AI-APP-0014,SKILL-043,47,0.083333,required,1.1.0,synthetic,true,SRC-SYNTH,2026-09-05T00:00:00+08:00,0.88,synthetic,not_applicable,,team_generated,false,dev
JOB-AI-APP-0014-SKILL-050,JOB-AI-APP-0014,SKILL-050,47,0.083333,required,1.1.0,synthetic,true,SRC-SYNTH,2026-09-05T00:00:00+08:00,0.88,synthetic,not_applicable,,team_generated,false,dev
JOB-AI-APP-0014-SKILL-001,JOB-AI-APP-0014,SKILL-001,71,0.083333,required,1.1.0,synthetic,true,SRC-SYNTH,2026-09-05T00:00:00+08:00,0.88,synthetic,not_applicable,,team_generated,false,dev
JOB-AI-APP-0014-SKILL-007,JOB-AI-APP-0014,SKILL-007,71,0.083333,required,1.1.0,synthetic,true,SRC-SYNTH,2026-09-05T00:00:00+08:00,0.88,synthetic,not_applicable,,team_generated,false,dev
JOB-AI-APP-0014-SKILL-008,JOB-AI-APP-0014,SKILL-008,65,0.083333,required,1.1.0,synthetic,true,SRC-SYNTH,2026-09-05T00:00:00+08:00,0.88,synthetic,not_applicable,,team_generated,false,dev
JOB-AI-APP-0014-SKILL-009,JOB-AI-APP-0014,SKILL-009,65,0.083333,required,1.1.0,synthetic,true,SRC-SYNTH,2026-09-05T00:00:00+08:00,0.88,synthetic,not_applicable,,team_generated,false,dev
JOB-AI-APP-0014-SKILL-025,JOB-AI-APP-0014,SKILL-025,64,0.083333,preferred,1.1.0,synthetic,true,SRC-SYNTH,2026-09-05T00:00:00+08:00,0.88,synthetic,not_applicable,,team_generated,false,dev
JOB-AI-APP-0014-SKILL-026,JOB-AI-APP-0014,SKILL-026,64,0.083333,preferred,1.1.0,synthetic,true,SRC-SYNTH,2026-09-05T00:00:00+08:00,0.88,synthetic,not_applicable,,team_generated,false,dev
JOB-AI-APP-0014-SKILL-027,JOB-AI-APP-0014,SKILL-027,64,0.083333,preferred,1.1.0,synthetic,true,SRC-SYNTH,2026-09-05T00:00:00+08:00,0.88,synthetic,not_applicable,,team_generated,false,dev
JOB-AI-APP-0014-SKILL-028,JOB-AI-APP-0014,SKILL-028,58,0.083337,preferred,1.1.0,synthetic,true,SRC-SYNTH,2026-09-05T00:00:00+08:00,0.88,synthetic,not_applicable,,team_generated,false,dev
JOB-AI-APP-0015-SKILL-039,JOB-AI-APP-0015,SKILL-039,47,0.076923,required,1.1.0,synthetic,true,SRC-SYNTH,2026-09-05T00:00:00+08:00,0.88,synthetic,not_applicable,,team_generated,false,dev
JOB-AI-APP-0015-SKILL-043,JOB-AI-APP-0015,SKILL-043,47,0.076923,required,1.1.0,synthetic,true,SRC-SYNTH,2026-09-05T00:00:00+08:00,0.88,synthetic,not_applicable,,team_generated,false,dev
JOB-AI-APP-0015-SKILL-050,JOB-AI-APP-0015,SKILL-050,47,0.076923,required,1.1.0,synthetic,true,SRC-SYNTH,2026-09-05T00:00:00+08:00,0.88,synthetic,not_applicable,,team_generated,false,dev
JOB-AI-APP-0015-SKILL-001,JOB-AI-APP-0015,SKILL-001,71,0.076923,required,1.1.0,synthetic,true,SRC-SYNTH,2026-09-05T00:00:00+08:00,0.88,synthetic,not_applicable,,team_generated,false,dev
JOB-AI-APP-0015-SKILL-007,JOB-AI-APP-0015,SKILL-007,71,0.076923,required,1.1.0,synthetic,true,SRC-SYNTH,2026-09-05T00:00:00+08:00,0.88,synthetic,not_applicable,,team_generated,false,dev
JOB-AI-APP-0015-SKILL-008,JOB-AI-APP-0015,SKILL-008,65,0.076923,required,1.1.0,synthetic,true,SRC-SYNTH,2026-09-05T00:00:00+08:00,0.88,synthetic,not_applicable,,team_generated,false,dev
JOB-AI-APP-0015-SKILL-009,JOB-AI-APP-0015,SKILL-009,65,0.076923,required,1.1.0,synthetic,true,SRC-SYNTH,2026-09-05T00:00:00+08:00,0.88,synthetic,not_applicable,,team_generated,false,dev
JOB-AI-APP-0015-SKILL-025,JOB-AI-APP-0015,SKILL-025,64,0.076923,required,1.1.0,synthetic,true,SRC-SYNTH,2026-09-05T00:00:00+08:00,0.88,synthetic,not_applicable,,team_generated,false,dev
JOB-AI-APP-0015-SKILL-026,JOB-AI-APP-0015,SKILL-026,64,0.076923,required,1.1.0,synthetic,true,SRC-SYNTH,2026-09-05T00:00:00+08:00,0.88,synthetic,not_applicable,,team_generated,false,dev
JOB-AI-APP-0015-SKILL-027,JOB-AI-APP-0015,SKILL-027,64,0.076923,preferred,1.1.0,synthetic,true,SRC-SYNTH,2026-09-05T00:00:00+08:00,0.88,synthetic,not_applicable,,team_generated,false,dev
JOB-AI-APP-0015-SKILL-028,JOB-AI-APP-0015,SKILL-028,58,0.076923,preferred,1.1.0,synthetic,true,SRC-SYNTH,2026-09-05T00:00:00+08:00,0.88,synthetic,not_applicable,,team_generated,false,dev
JOB-AI-APP-0015-SKILL-029,JOB-AI-APP-0015,SKILL-029,58,0.076923,preferred,1.1.0,synthetic,true,SRC-SYNTH,2026-09-05T00:00:00+08:00,0.88,synthetic,not_applicable,,team_generated,false,dev
JOB-AI-APP-0015-SKILL-030,JOB-AI-APP-0015,SKILL-030,57,0.076924,preferred,1.1.0,synthetic,true,SRC-SYNTH,2026-09-05T00:00:00+08:00,0.88,synthetic,not_applicable,,team_generated,false,dev
JOB-AI-APP-0016-SKILL-043,JOB-AI-APP-0016,SKILL-043,47,0.071429,required,1.1.0,synthetic,true,SRC-SYNTH,2026-09-05T00:00:00+08:00,0.88,synthetic,not_applicable,,team_generated,false,dev
JOB-AI-APP-0016-SKILL-050,JOB-AI-APP-0016,SKILL-050,47,0.071429,required,1.1.0,synthetic,true,SRC-SYNTH,2026-09-05T00:00:00+08:00,0.88,synthetic,not_applicable,,team_generated,false,dev
JOB-AI-APP-0016-SKILL-001,JOB-AI-APP-0016,SKILL-001,71,0.071429,required,1.1.0,synthetic,true,SRC-SYNTH,2026-09-05T00:00:00+08:00,0.88,synthetic,not_applicable,,team_generated,false,dev
JOB-AI-APP-0016-SKILL-007,JOB-AI-APP-0016,SKILL-007,71,0.071429,required,1.1.0,synthetic,true,SRC-SYNTH,2026-09-05T00:00:00+08:00,0.88,synthetic,not_applicable,,team_generated,false,dev
JOB-AI-APP-0016-SKILL-008,JOB-AI-APP-0016,SKILL-008,65,0.071429,required,1.1.0,synthetic,true,SRC-SYNTH,2026-09-05T00:00:00+08:00,0.88,synthetic,not_applicable,,team_generated,false,dev
JOB-AI-APP-0016-SKILL-009,JOB-AI-APP-0016,SKILL-009,65,0.071429,required,1.1.0,synthetic,true,SRC-SYNTH,2026-09-05T00:00:00+08:00,0.88,synthetic,not_applicable,,team_generated,false,dev
JOB-AI-APP-0016-SKILL-025,JOB-AI-APP-0016,SKILL-025,64,0.071429,required,1.1.0,synthetic,true,SRC-SYNTH,2026-09-05T00:00:00+08:00,0.88,synthetic,not_applicable,,team_generated,false,dev
JOB-AI-APP-0016-SKILL-026,JOB-AI-APP-0016,SKILL-026,64,0.071429,required,1.1.0,synthetic,true,SRC-SYNTH,2026-09-05T00:00:00+08:00,0.88,synthetic,not_applicable,,team_generated,false,dev
JOB-AI-APP-0016-SKILL-027,JOB-AI-APP-0016,SKILL-027,64,0.071429,required,1.1.0,synthetic,true,SRC-SYNTH,2026-09-05T00:00:00+08:00,0.88,synthetic,not_applicable,,team_generated,false,dev
JOB-AI-APP-0016-SKILL-028,JOB-AI-APP-0016,SKILL-028,58,0.071429,required,1.1.0,synthetic,true,SRC-SYNTH,2026-09-05T00:00:00+08:00,0.88,synthetic,not_applicable,,team_generated,false,dev
JOB-AI-APP-0016-SKILL-029,JOB-AI-APP-0016,SKILL-029,58,0.071429,preferred,1.1.0,synthetic,true,SRC-SYNTH,2026-09-05T00:00:00+08:00,0.88,synthetic,not_applicable,,team_generated,false,dev
JOB-AI-APP-0016-SKILL-030,JOB-AI-APP-0016,SKILL-030,57,0.071429,preferred,1.1.0,synthetic,true,SRC-SYNTH,2026-09-05T00:00:00+08:00,0.88,synthetic,not_applicable,,team_generated,false,dev
JOB-AI-APP-0016-SKILL-034,JOB-AI-APP-0016,SKILL-034,57,0.071429,preferred,1.1.0,synthetic,true,SRC-SYNTH,2026-09-05T00:00:00+08:00,0.88,synthetic,not_applicable,,team_generated,false,dev
JOB-AI-APP-0016-SKILL-035,JOB-AI-APP-0016,SKILL-035,57,0.071423,preferred,1.1.0,synthetic,true,SRC-SYNTH,2026-09-05T00:00:00+08:00,0.88,synthetic,not_applicable,,team_generated,false,dev
JOB-AI-APP-0017-SKILL-050,JOB-AI-APP-0017,SKILL-050,47,0.066667,required,1.1.0,synthetic,true,SRC-SYNTH,2026-09-05T00:00:00+08:00,0.88,synthetic,not_applicable,,team_generated,false,dev
JOB-AI-APP-0017-SKILL-001,JOB-AI-APP-0017,SKILL-001,71,0.066667,required,1.1.0,synthetic,true,SRC-SYNTH,2026-09-05T00:00:00+08:00,0.88,synthetic,not_applicable,,team_generated,false,dev
JOB-AI-APP-0017-SKILL-007,JOB-AI-APP-0017,SKILL-007,71,0.066667,required,1.1.0,synthetic,true,SRC-SYNTH,2026-09-05T00:00:00+08:00,0.88,synthetic,not_applicable,,team_generated,false,dev
JOB-AI-APP-0017-SKILL-008,JOB-AI-APP-0017,SKILL-008,65,0.066667,required,1.1.0,synthetic,true,SRC-SYNTH,2026-09-05T00:00:00+08:00,0.88,synthetic,not_applicable,,team_generated,false,dev
JOB-AI-APP-0017-SKILL-009,JOB-AI-APP-0017,SKILL-009,65,0.066667,required,1.1.0,synthetic,true,SRC-SYNTH,2026-09-05T00:00:00+08:00,0.88,synthetic,not_applicable,,team_generated,false,dev
JOB-AI-APP-0017-SKILL-025,JOB-AI-APP-0017,SKILL-025,64,0.066667,required,1.1.0,synthetic,true,SRC-SYNTH,2026-09-05T00:00:00+08:00,0.88,synthetic,not_applicable,,team_generated,false,dev
JOB-AI-APP-0017-SKILL-026,JOB-AI-APP-0017,SKILL-026,64,0.066667,required,1.1.0,synthetic,true,SRC-SYNTH,2026-09-05T00:00:00+08:00,0.88,synthetic,not_applicable,,team_generated,false,dev
JOB-AI-APP-0017-SKILL-027,JOB-AI-APP-0017,SKILL-027,64,0.066667,required,1.1.0,synthetic,true,SRC-SYNTH,2026-09-05T00:00:00+08:00,0.88,synthetic,not_applicable,,team_generated,false,dev
JOB-AI-APP-0017-SKILL-028,JOB-AI-APP-0017,SKILL-028,58,0.066667,required,1.1.0,synthetic,true,SRC-SYNTH,2026-09-05T00:00:00+08:00,0.88,synthetic,not_applicable,,team_generated,false,dev
JOB-AI-APP-0017-SKILL-029,JOB-AI-APP-0017,SKILL-029,58,0.066667,required,1.1.0,synthetic,true,SRC-SYNTH,2026-09-05T00:00:00+08:00,0.88,synthetic,not_applicable,,team_generated,false,dev
JOB-AI-APP-0017-SKILL-030,JOB-AI-APP-0017,SKILL-030,57,0.066667,preferred,1.1.0,synthetic,true,SRC-SYNTH,2026-09-05T00:00:00+08:00,0.88,synthetic,not_applicable,,team_generated,false,dev
JOB-AI-APP-0017-SKILL-034,JOB-AI-APP-0017,SKILL-034,57,0.066667,preferred,1.1.0,synthetic,true,SRC-SYNTH,2026-09-05T00:00:00+08:00,0.88,synthetic,not_applicable,,team_generated,false,dev
JOB-AI-APP-0017-SKILL-035,JOB-AI-APP-0017,SKILL-035,57,0.066667,preferred,1.1.0,synthetic,true,SRC-SYNTH,2026-09-05T00:00:00+08:00,0.88,synthetic,not_applicable,,team_generated,false,dev
JOB-AI-APP-0017-SKILL-036,JOB-AI-APP-0017,SKILL-036,51,0.066667,preferred,1.1.0,synthetic,true,SRC-SYNTH,2026-09-05T00:00:00+08:00,0.88,synthetic,not_applicable,,team_generated,false,dev
JOB-AI-APP-0017-SKILL-037,JOB-AI-APP-0017,SKILL-037,51,0.066662,preferred,1.1.0,synthetic,true,SRC-SYNTH,2026-09-05T00:00:00+08:00,0.88,synthetic,not_applicable,,team_generated,false,dev
JOB-AI-APP-0018-SKILL-001,JOB-AI-APP-0018,SKILL-001,71,0.0625,required,1.1.0,synthetic,true,SRC-SYNTH,2026-09-05T00:00:00+08:00,0.88,synthetic,not_applicable,,team_generated,false,dev
JOB-AI-APP-0018-SKILL-007,JOB-AI-APP-0018,SKILL-007,71,0.0625,required,1.1.0,synthetic,true,SRC-SYNTH,2026-09-05T00:00:00+08:00,0.88,synthetic,not_applicable,,team_generated,false,dev
JOB-AI-APP-0018-SKILL-008,JOB-AI-APP-0018,SKILL-008,65,0.0625,required,1.1.0,synthetic,true,SRC-SYNTH,2026-09-05T00:00:00+08:00,0.88,synthetic,not_applicable,,team_generated,false,dev
JOB-AI-APP-0018-SKILL-009,JOB-AI-APP-0018,SKILL-009,65,0.0625,required,1.1.0,synthetic,true,SRC-SYNTH,2026-09-05T00:00:00+08:00,0.88,synthetic,not_applicable,,team_generated,false,dev
JOB-AI-APP-0018-SKILL-025,JOB-AI-APP-0018,SKILL-025,64,0.0625,required,1.1.0,synthetic,true,SRC-SYNTH,2026-09-05T00:00:00+08:00,0.88,synthetic,not_applicable,,team_generated,false,dev
JOB-AI-APP-0018-SKILL-026,JOB-AI-APP-0018,SKILL-026,64,0.0625,required,1.1.0,synthetic,true,SRC-SYNTH,2026-09-05T00:00:00+08:00,0.88,synthetic,not_applicable,,team_generated,false,dev
JOB-AI-APP-0018-SKILL-027,JOB-AI-APP-0018,SKILL-027,64,0.0625,required,1.1.0,synthetic,true,SRC-SYNTH,2026-09-05T00:00:00+08:00,0.88,synthetic,not_applicable,,team_generated,false,dev
JOB-AI-APP-0018-SKILL-028,JOB-AI-APP-0018,SKILL-028,58,0.0625,required,1.1.0,synthetic,true,SRC-SYNTH,2026-09-05T00:00:00+08:00,0.88,synthetic,not_applicable,,team_generated,false,dev
JOB-AI-APP-0018-SKILL-029,JOB-AI-APP-0018,SKILL-029,58,0.0625,required,1.1.0,synthetic,true,SRC-SYNTH,2026-09-05T00:00:00+08:00,0.88,synthetic,not_applicable,,team_generated,false,dev
JOB-AI-APP-0018-SKILL-030,JOB-AI-APP-0018,SKILL-030,57,0.0625,required,1.1.0,synthetic,true,SRC-SYNTH,2026-09-05T00:00:00+08:00,0.88,synthetic,not_applicable,,team_generated,false,dev
JOB-AI-APP-0018-SKILL-034,JOB-AI-APP-0018,SKILL-034,57,0.0625,required,1.1.0,synthetic,true,SRC-SYNTH,2026-09-05T00:00:00+08:00,0.88,synthetic,not_applicable,,team_generated,false,dev
JOB-AI-APP-0018-SKILL-035,JOB-AI-APP-0018,SKILL-035,57,0.0625,preferred,1.1.0,synthetic,true,SRC-SYNTH,2026-09-05T00:00:00+08:00,0.88,synthetic,not_applicable,,team_generated,false,dev
JOB-AI-APP-0018-SKILL-036,JOB-AI-APP-0018,SKILL-036,51,0.0625,preferred,1.1.0,synthetic,true,SRC-SYNTH,2026-09-05T00:00:00+08:00,0.88,synthetic,not_applicable,,team_generated,false,dev
JOB-AI-APP-0018-SKILL-037,JOB-AI-APP-0018,SKILL-037,51,0.0625,preferred,1.1.0,synthetic,true,SRC-SYNTH,2026-09-05T00:00:00+08:00,0.88,synthetic,not_applicable,,team_generated,false,dev
JOB-AI-APP-0018-SKILL-038,JOB-AI-APP-0018,SKILL-038,50,0.0625,preferred,1.1.0,synthetic,true,SRC-SYNTH,2026-09-05T00:00:00+08:00,0.88,synthetic,not_applicable,,team_generated,false,dev
JOB-AI-APP-0018-SKILL-039,JOB-AI-APP-0018,SKILL-039,50,0.0625,preferred,1.1.0,synthetic,true,SRC-SYNTH,2026-09-05T00:00:00+08:00,0.88,synthetic,not_applicable,,team_generated,false,dev
JOB-AI-APP-0019-SKILL-007,JOB-AI-APP-0019,SKILL-007,71,0.058824,required,1.1.0,synthetic,true,SRC-SYNTH,2026-09-05T00:00:00+08:00,0.88,synthetic,not_applicable,,team_generated,false,dev
JOB-AI-APP-0019-SKILL-008,JOB-AI-APP-0019,SKILL-008,65,0.058824,required,1.1.0,synthetic,true,SRC-SYNTH,2026-09-05T00:00:00+08:00,0.88,synthetic,not_applicable,,team_generated,false,dev
JOB-AI-APP-0019-SKILL-009,JOB-AI-APP-0019,SKILL-009,65,0.058824,required,1.1.0,synthetic,true,SRC-SYNTH,2026-09-05T00:00:00+08:00,0.88,synthetic,not_applicable,,team_generated,false,dev
JOB-AI-APP-0019-SKILL-025,JOB-AI-APP-0019,SKILL-025,64,0.058824,required,1.1.0,synthetic,true,SRC-SYNTH,2026-09-05T00:00:00+08:00,0.88,synthetic,not_applicable,,team_generated,false,dev
JOB-AI-APP-0019-SKILL-026,JOB-AI-APP-0019,SKILL-026,64,0.058824,required,1.1.0,synthetic,true,SRC-SYNTH,2026-09-05T00:00:00+08:00,0.88,synthetic,not_applicable,,team_generated,false,dev
JOB-AI-APP-0019-SKILL-027,JOB-AI-APP-0019,SKILL-027,64,0.058824,required,1.1.0,synthetic,true,SRC-SYNTH,2026-09-05T00:00:00+08:00,0.88,synthetic,not_applicable,,team_generated,false,dev
JOB-AI-APP-0019-SKILL-028,JOB-AI-APP-0019,SKILL-028,58,0.058824,required,1.1.0,synthetic,true,SRC-SYNTH,2026-09-05T00:00:00+08:00,0.88,synthetic,not_applicable,,team_generated,false,dev
JOB-AI-APP-0019-SKILL-029,JOB-AI-APP-0019,SKILL-029,58,0.058824,required,1.1.0,synthetic,true,SRC-SYNTH,2026-09-05T00:00:00+08:00,0.88,synthetic,not_applicable,,team_generated,false,dev
JOB-AI-APP-0019-SKILL-030,JOB-AI-APP-0019,SKILL-030,57,0.058824,required,1.1.0,synthetic,true,SRC-SYNTH,2026-09-05T00:00:00+08:00,0.88,synthetic,not_applicable,,team_generated,false,dev
JOB-AI-APP-0019-SKILL-034,JOB-AI-APP-0019,SKILL-034,57,0.058824,required,1.1.0,synthetic,true,SRC-SYNTH,2026-09-05T00:00:00+08:00,0.88,synthetic,not_applicable,,team_generated,false,dev
JOB-AI-APP-0019-SKILL-035,JOB-AI-APP-0019,SKILL-035,57,0.058824,required,1.1.0,synthetic,true,SRC-SYNTH,2026-09-05T00:00:00+08:00,0.88,synthetic,not_applicable,,team_generated,false,dev
JOB-AI-APP-0019-SKILL-036,JOB-AI-APP-0019,SKILL-036,51,0.058824,required,1.1.0,synthetic,true,SRC-SYNTH,2026-09-05T00:00:00+08:00,0.88,synthetic,not_applicable,,team_generated,false,dev
JOB-AI-APP-0019-SKILL-037,JOB-AI-APP-0019,SKILL-037,51,0.058824,preferred,1.1.0,synthetic,true,SRC-SYNTH,2026-09-05T00:00:00+08:00,0.88,synthetic,not_applicable,,team_generated,false,dev
JOB-AI-APP-0019-SKILL-038,JOB-AI-APP-0019,SKILL-038,50,0.058824,preferred,1.1.0,synthetic,true,SRC-SYNTH,2026-09-05T00:00:00+08:00,0.88,synthetic,not_applicable,,team_generated,false,dev
JOB-AI-APP-0019-SKILL-039,JOB-AI-APP-0019,SKILL-039,50,0.058824,preferred,1.1.0,synthetic,true,SRC-SYNTH,2026-09-05T00:00:00+08:00,0.88,synthetic,not_applicable,,team_generated,false,dev
JOB-AI-APP-0019-SKILL-043,JOB-AI-APP-0019,SKILL-043,50,0.058824,preferred,1.1.0,synthetic,true,SRC-SYNTH,2026-09-05T00:00:00+08:00,0.88,synthetic,not_applicable,,team_generated,false,dev
JOB-AI-APP-0019-SKILL-050,JOB-AI-APP-0019,SKILL-050,45,0.058816,preferred,1.1.0,synthetic,true,SRC-SYNTH,2026-09-05T00:00:00+08:00,0.88,synthetic,not_applicable,,team_generated,false,dev
JOB-AI-APP-0020-SKILL-008,JOB-AI-APP-0020,SKILL-008,65,0.055556,required,1.1.0,synthetic,true,SRC-SYNTH,2026-09-05T00:00:00+08:00,0.88,synthetic,not_applicable,,team_generated,false,dev
JOB-AI-APP-0020-SKILL-009,JOB-AI-APP-0020,SKILL-009,65,0.055556,required,1.1.0,synthetic,true,SRC-SYNTH,2026-09-05T00:00:00+08:00,0.88,synthetic,not_applicable,,team_generated,false,dev
JOB-AI-APP-0020-SKILL-025,JOB-AI-APP-0020,SKILL-025,64,0.055556,required,1.1.0,synthetic,true,SRC-SYNTH,2026-09-05T00:00:00+08:00,0.88,synthetic,not_applicable,,team_generated,false,dev
JOB-AI-APP-0020-SKILL-026,JOB-AI-APP-0020,SKILL-026,64,0.055556,required,1.1.0,synthetic,true,SRC-SYNTH,2026-09-05T00:00:00+08:00,0.88,synthetic,not_applicable,,team_generated,false,dev
JOB-AI-APP-0020-SKILL-027,JOB-AI-APP-0020,SKILL-027,64,0.055556,required,1.1.0,synthetic,true,SRC-SYNTH,2026-09-05T00:00:00+08:00,0.88,synthetic,not_applicable,,team_generated,false,dev
JOB-AI-APP-0020-SKILL-028,JOB-AI-APP-0020,SKILL-028,58,0.055556,required,1.1.0,synthetic,true,SRC-SYNTH,2026-09-05T00:00:00+08:00,0.88,synthetic,not_applicable,,team_generated,false,dev
JOB-AI-APP-0020-SKILL-029,JOB-AI-APP-0020,SKILL-029,58,0.055556,required,1.1.0,synthetic,true,SRC-SYNTH,2026-09-05T00:00:00+08:00,0.88,synthetic,not_applicable,,team_generated,false,dev
JOB-AI-APP-0020-SKILL-030,JOB-AI-APP-0020,SKILL-030,57,0.055556,required,1.1.0,synthetic,true,SRC-SYNTH,2026-09-05T00:00:00+08:00,0.88,synthetic,not_applicable,,team_generated,false,dev
JOB-AI-APP-0020-SKILL-034,JOB-AI-APP-0020,SKILL-034,57,0.055556,required,1.1.0,synthetic,true,SRC-SYNTH,2026-09-05T00:00:00+08:00,0.88,synthetic,not_applicable,,team_generated,false,dev
JOB-AI-APP-0020-SKILL-035,JOB-AI-APP-0020,SKILL-035,57,0.055556,required,1.1.0,synthetic,true,SRC-SYNTH,2026-09-05T00:00:00+08:00,0.88,synthetic,not_applicable,,team_generated,false,dev
JOB-AI-APP-0020-SKILL-036,JOB-AI-APP-0020,SKILL-036,51,0.055556,required,1.1.0,synthetic,true,SRC-SYNTH,2026-09-05T00:00:00+08:00,0.88,synthetic,not_applicable,,team_generated,false,dev
JOB-AI-APP-0020-SKILL-037,JOB-AI-APP-0020,SKILL-037,51,0.055556,required,1.1.0,synthetic,true,SRC-SYNTH,2026-09-05T00:00:00+08:00,0.88,synthetic,not_applicable,,team_generated,false,dev
JOB-AI-APP-0020-SKILL-038,JOB-AI-APP-0020,SKILL-038,50,0.055556,preferred,1.1.0,synthetic,true,SRC-SYNTH,2026-09-05T00:00:00+08:00,0.88,synthetic,not_applicable,,team_generated,false,dev
JOB-AI-APP-0020-SKILL-039,JOB-AI-APP-0020,SKILL-039,50,0.055556,preferred,1.1.0,synthetic,true,SRC-SYNTH,2026-09-05T00:00:00+08:00,0.88,synthetic,not_applicable,,team_generated,false,dev
JOB-AI-APP-0020-SKILL-043,JOB-AI-APP-0020,SKILL-043,50,0.055556,preferred,1.1.0,synthetic,true,SRC-SYNTH,2026-09-05T00:00:00+08:00,0.88,synthetic,not_applicable,,team_generated,false,dev
JOB-AI-APP-0020-SKILL-050,JOB-AI-APP-0020,SKILL-050,45,0.055556,preferred,1.1.0,synthetic,true,SRC-SYNTH,2026-09-05T00:00:00+08:00,0.88,synthetic,not_applicable,,team_generated,false,dev
JOB-AI-APP-0020-SKILL-001,JOB-AI-APP-0020,SKILL-001,69,0.055556,preferred,1.1.0,synthetic,true,SRC-SYNTH,2026-09-05T00:00:00+08:00,0.88,synthetic,not_applicable,,team_generated,false,dev
JOB-AI-APP-0020-SKILL-007,JOB-AI-APP-0020,SKILL-007,69,0.055548,preferred,1.1.0,synthetic,true,SRC-SYNTH,2026-09-05T00:00:00+08:00,0.88,synthetic,not_applicable,,team_generated,false,dev
JOB-AI-APP-0021-SKILL-009,JOB-AI-APP-0021,SKILL-009,65,0.083333,required,1.1.0,synthetic,true,SRC-SYNTH,2026-09-05T00:00:00+08:00,0.88,synthetic,not_applicable,,team_generated,false,dev
JOB-AI-APP-0021-SKILL-025,JOB-AI-APP-0021,SKILL-025,64,0.083333,required,1.1.0,synthetic,true,SRC-SYNTH,2026-09-05T00:00:00+08:00,0.88,synthetic,not_applicable,,team_generated,false,dev
JOB-AI-APP-0021-SKILL-026,JOB-AI-APP-0021,SKILL-026,64,0.083333,required,1.1.0,synthetic,true,SRC-SYNTH,2026-09-05T00:00:00+08:00,0.88,synthetic,not_applicable,,team_generated,false,dev
JOB-AI-APP-0021-SKILL-027,JOB-AI-APP-0021,SKILL-027,64,0.083333,required,1.1.0,synthetic,true,SRC-SYNTH,2026-09-05T00:00:00+08:00,0.88,synthetic,not_applicable,,team_generated,false,dev
JOB-AI-APP-0021-SKILL-028,JOB-AI-APP-0021,SKILL-028,58,0.083333,required,1.1.0,synthetic,true,SRC-SYNTH,2026-09-05T00:00:00+08:00,0.88,synthetic,not_applicable,,team_generated,false,dev
JOB-AI-APP-0021-SKILL-029,JOB-AI-APP-0021,SKILL-029,58,0.083333,required,1.1.0,synthetic,true,SRC-SYNTH,2026-09-05T00:00:00+08:00,0.88,synthetic,not_applicable,,team_generated,false,dev
JOB-AI-APP-0021-SKILL-030,JOB-AI-APP-0021,SKILL-030,57,0.083333,required,1.1.0,synthetic,true,SRC-SYNTH,2026-09-05T00:00:00+08:00,0.88,synthetic,not_applicable,,team_generated,false,dev
JOB-AI-APP-0021-SKILL-034,JOB-AI-APP-0021,SKILL-034,57,0.083333,required,1.1.0,synthetic,true,SRC-SYNTH,2026-09-05T00:00:00+08:00,0.88,synthetic,not_applicable,,team_generated,false,dev
JOB-AI-APP-0021-SKILL-035,JOB-AI-APP-0021,SKILL-035,57,0.083333,preferred,1.1.0,synthetic,true,SRC-SYNTH,2026-09-05T00:00:00+08:00,0.88,synthetic,not_applicable,,team_generated,false,dev
JOB-AI-APP-0021-SKILL-036,JOB-AI-APP-0021,SKILL-036,51,0.083333,preferred,1.1.0,synthetic,true,SRC-SYNTH,2026-09-05T00:00:00+08:00,0.88,synthetic,not_applicable,,team_generated,false,dev
JOB-AI-APP-0021-SKILL-037,JOB-AI-APP-0021,SKILL-037,51,0.083333,preferred,1.1.0,synthetic,true,SRC-SYNTH,2026-09-05T00:00:00+08:00,0.88,synthetic,not_applicable,,team_generated,false,dev
JOB-AI-APP-0021-SKILL-038,JOB-AI-APP-0021,SKILL-038,50,0.083337,preferred,1.1.0,synthetic,true,SRC-SYNTH,2026-09-05T00:00:00+08:00,0.88,synthetic,not_applicable,,team_generated,false,dev
JOB-AI-APP-0022-SKILL-025,JOB-AI-APP-0022,SKILL-025,64,0.076923,required,1.1.0,synthetic,true,SRC-SYNTH,2026-09-05T00:00:00+08:00,0.88,synthetic,not_applicable,,team_generated,false,dev
JOB-AI-APP-0022-SKILL-026,JOB-AI-APP-0022,SKILL-026,64,0.076923,required,1.1.0,synthetic,true,SRC-SYNTH,2026-09-05T00:00:00+08:00,0.88,synthetic,not_applicable,,team_generated,false,dev
JOB-AI-APP-0022-SKILL-027,JOB-AI-APP-0022,SKILL-027,64,0.076923,required,1.1.0,synthetic,true,SRC-SYNTH,2026-09-05T00:00:00+08:00,0.88,synthetic,not_applicable,,team_generated,false,dev
JOB-AI-APP-0022-SKILL-028,JOB-AI-APP-0022,SKILL-028,58,0.076923,required,1.1.0,synthetic,true,SRC-SYNTH,2026-09-05T00:00:00+08:00,0.88,synthetic,not_applicable,,team_generated,false,dev
JOB-AI-APP-0022-SKILL-029,JOB-AI-APP-0022,SKILL-029,58,0.076923,required,1.1.0,synthetic,true,SRC-SYNTH,2026-09-05T00:00:00+08:00,0.88,synthetic,not_applicable,,team_generated,false,dev
JOB-AI-APP-0022-SKILL-030,JOB-AI-APP-0022,SKILL-030,57,0.076923,required,1.1.0,synthetic,true,SRC-SYNTH,2026-09-05T00:00:00+08:00,0.88,synthetic,not_applicable,,team_generated,false,dev
JOB-AI-APP-0022-SKILL-034,JOB-AI-APP-0022,SKILL-034,57,0.076923,required,1.1.0,synthetic,true,SRC-SYNTH,2026-09-05T00:00:00+08:00,0.88,synthetic,not_applicable,,team_generated,false,dev
JOB-AI-APP-0022-SKILL-035,JOB-AI-APP-0022,SKILL-035,57,0.076923,required,1.1.0,synthetic,true,SRC-SYNTH,2026-09-05T00:00:00+08:00,0.88,synthetic,not_applicable,,team_generated,false,dev
JOB-AI-APP-0022-SKILL-036,JOB-AI-APP-0022,SKILL-036,51,0.076923,required,1.1.0,synthetic,true,SRC-SYNTH,2026-09-05T00:00:00+08:00,0.88,synthetic,not_applicable,,team_generated,false,dev
JOB-AI-APP-0022-SKILL-037,JOB-AI-APP-0022,SKILL-037,51,0.076923,preferred,1.1.0,synthetic,true,SRC-SYNTH,2026-09-05T00:00:00+08:00,0.88,synthetic,not_applicable,,team_generated,false,dev
JOB-AI-APP-0022-SKILL-038,JOB-AI-APP-0022,SKILL-038,50,0.076923,preferred,1.1.0,synthetic,true,SRC-SYNTH,2026-09-05T00:00:00+08:00,0.88,synthetic,not_applicable,,team_generated,false,dev
JOB-AI-APP-0022-SKILL-039,JOB-AI-APP-0022,SKILL-039,50,0.076923,preferred,1.1.0,synthetic,true,SRC-SYNTH,2026-09-05T00:00:00+08:00,0.88,synthetic,not_applicable,,team_generated,false,dev
JOB-AI-APP-0022-SKILL-043,JOB-AI-APP-0022,SKILL-043,50,0.076924,preferred,1.1.0,synthetic,true,SRC-SYNTH,2026-09-05T00:00:00+08:00,0.88,synthetic,not_applicable,,team_generated,false,dev
JOB-AI-APP-0023-SKILL-026,JOB-AI-APP-0023,SKILL-026,64,0.071429,required,1.1.0,synthetic,true,SRC-SYNTH,2026-09-05T00:00:00+08:00,0.88,synthetic,not_applicable,,team_generated,false,dev
JOB-AI-APP-0023-SKILL-027,JOB-AI-APP-0023,SKILL-027,64,0.071429,required,1.1.0,synthetic,true,SRC-SYNTH,2026-09-05T00:00:00+08:00,0.88,synthetic,not_applicable,,team_generated,false,dev
JOB-AI-APP-0023-SKILL-028,JOB-AI-APP-0023,SKILL-028,58,0.071429,required,1.1.0,synthetic,true,SRC-SYNTH,2026-09-05T00:00:00+08:00,0.88,synthetic,not_applicable,,team_generated,false,dev
JOB-AI-APP-0023-SKILL-029,JOB-AI-APP-0023,SKILL-029,58,0.071429,required,1.1.0,synthetic,true,SRC-SYNTH,2026-09-05T00:00:00+08:00,0.88,synthetic,not_applicable,,team_generated,false,dev
JOB-AI-APP-0023-SKILL-030,JOB-AI-APP-0023,SKILL-030,57,0.071429,required,1.1.0,synthetic,true,SRC-SYNTH,2026-09-05T00:00:00+08:00,0.88,synthetic,not_applicable,,team_generated,false,dev
JOB-AI-APP-0023-SKILL-034,JOB-AI-APP-0023,SKILL-034,57,0.071429,required,1.1.0,synthetic,true,SRC-SYNTH,2026-09-05T00:00:00+08:00,0.88,synthetic,not_applicable,,team_generated,false,dev
JOB-AI-APP-0023-SKILL-035,JOB-AI-APP-0023,SKILL-035,57,0.071429,required,1.1.0,synthetic,true,SRC-SYNTH,2026-09-05T00:00:00+08:00,0.88,synthetic,not_applicable,,team_generated,false,dev
JOB-AI-APP-0023-SKILL-036,JOB-AI-APP-0023,SKILL-036,51,0.071429,required,1.1.0,synthetic,true,SRC-SYNTH,2026-09-05T00:00:00+08:00,0.88,synthetic,not_applicable,,team_generated,false,dev
JOB-AI-APP-0023-SKILL-037,JOB-AI-APP-0023,SKILL-037,51,0.071429,required,1.1.0,synthetic,true,SRC-SYNTH,2026-09-05T00:00:00+08:00,0.88,synthetic,not_applicable,,team_generated,false,dev
JOB-AI-APP-0023-SKILL-038,JOB-AI-APP-0023,SKILL-038,50,0.071429,required,1.1.0,synthetic,true,SRC-SYNTH,2026-09-05T00:00:00+08:00,0.88,synthetic,not_applicable,,team_generated,false,dev
JOB-AI-APP-0023-SKILL-039,JOB-AI-APP-0023,SKILL-039,50,0.071429,preferred,1.1.0,synthetic,true,SRC-SYNTH,2026-09-05T00:00:00+08:00,0.88,synthetic,not_applicable,,team_generated,false,dev
JOB-AI-APP-0023-SKILL-043,JOB-AI-APP-0023,SKILL-043,50,0.071429,preferred,1.1.0,synthetic,true,SRC-SYNTH,2026-09-05T00:00:00+08:00,0.88,synthetic,not_applicable,,team_generated,false,dev
JOB-AI-APP-0023-SKILL-050,JOB-AI-APP-0023,SKILL-050,45,0.071429,preferred,1.1.0,synthetic,true,SRC-SYNTH,2026-09-05T00:00:00+08:00,0.88,synthetic,not_applicable,,team_generated,false,dev
JOB-AI-APP-0023-SKILL-001,JOB-AI-APP-0023,SKILL-001,69,0.071423,preferred,1.1.0,synthetic,true,SRC-SYNTH,2026-09-05T00:00:00+08:00,0.88,synthetic,not_applicable,,team_generated,false,dev
JOB-AI-APP-0024-SKILL-027,JOB-AI-APP-0024,SKILL-027,64,0.066667,required,1.1.0,synthetic,true,SRC-SYNTH,2026-09-05T00:00:00+08:00,0.88,synthetic,not_applicable,,team_generated,false,dev
JOB-AI-APP-0024-SKILL-028,JOB-AI-APP-0024,SKILL-028,58,0.066667,required,1.1.0,synthetic,true,SRC-SYNTH,2026-09-05T00:00:00+08:00,0.88,synthetic,not_applicable,,team_generated,false,dev
JOB-AI-APP-0024-SKILL-029,JOB-AI-APP-0024,SKILL-029,58,0.066667,required,1.1.0,synthetic,true,SRC-SYNTH,2026-09-05T00:00:00+08:00,0.88,synthetic,not_applicable,,team_generated,false,dev
JOB-AI-APP-0024-SKILL-030,JOB-AI-APP-0024,SKILL-030,57,0.066667,required,1.1.0,synthetic,true,SRC-SYNTH,2026-09-05T00:00:00+08:00,0.88,synthetic,not_applicable,,team_generated,false,dev
JOB-AI-APP-0024-SKILL-034,JOB-AI-APP-0024,SKILL-034,57,0.066667,required,1.1.0,synthetic,true,SRC-SYNTH,2026-09-05T00:00:00+08:00,0.88,synthetic,not_applicable,,team_generated,false,dev
JOB-AI-APP-0024-SKILL-035,JOB-AI-APP-0024,SKILL-035,57,0.066667,required,1.1.0,synthetic,true,SRC-SYNTH,2026-09-05T00:00:00+08:00,0.88,synthetic,not_applicable,,team_generated,false,dev
JOB-AI-APP-0024-SKILL-036,JOB-AI-APP-0024,SKILL-036,51,0.066667,required,1.1.0,synthetic,true,SRC-SYNTH,2026-09-05T00:00:00+08:00,0.88,synthetic,not_applicable,,team_generated,false,dev
JOB-AI-APP-0024-SKILL-037,JOB-AI-APP-0024,SKILL-037,51,0.066667,required,1.1.0,synthetic,true,SRC-SYNTH,2026-09-05T00:00:00+08:00,0.88,synthetic,not_applicable,,team_generated,false,dev
JOB-AI-APP-0024-SKILL-038,JOB-AI-APP-0024,SKILL-038,50,0.066667,required,1.1.0,synthetic,true,SRC-SYNTH,2026-09-05T00:00:00+08:00,0.88,synthetic,not_applicable,,team_generated,false,dev
JOB-AI-APP-0024-SKILL-039,JOB-AI-APP-0024,SKILL-039,50,0.066667,required,1.1.0,synthetic,true,SRC-SYNTH,2026-09-05T00:00:00+08:00,0.88,synthetic,not_applicable,,team_generated,false,dev
JOB-AI-APP-0024-SKILL-043,JOB-AI-APP-0024,SKILL-043,50,0.066667,preferred,1.1.0,synthetic,true,SRC-SYNTH,2026-09-05T00:00:00+08:00,0.88,synthetic,not_applicable,,team_generated,false,dev
JOB-AI-APP-0024-SKILL-050,JOB-AI-APP-0024,SKILL-050,45,0.066667,preferred,1.1.0,synthetic,true,SRC-SYNTH,2026-09-05T00:00:00+08:00,0.88,synthetic,not_applicable,,team_generated,false,dev
JOB-AI-APP-0024-SKILL-001,JOB-AI-APP-0024,SKILL-001,69,0.066667,preferred,1.1.0,synthetic,true,SRC-SYNTH,2026-09-05T00:00:00+08:00,0.88,synthetic,not_applicable,,team_generated,false,dev
JOB-AI-APP-0024-SKILL-007,JOB-AI-APP-0024,SKILL-007,69,0.066667,preferred,1.1.0,synthetic,true,SRC-SYNTH,2026-09-05T00:00:00+08:00,0.88,synthetic,not_applicable,,team_generated,false,dev
JOB-AI-APP-0024-SKILL-008,JOB-AI-APP-0024,SKILL-008,68,0.066662,preferred,1.1.0,synthetic,true,SRC-SYNTH,2026-09-05T00:00:00+08:00,0.88,synthetic,not_applicable,,team_generated,false,dev
JOB-AI-APP-0025-SKILL-028,JOB-AI-APP-0025,SKILL-028,58,0.0625,required,1.1.0,synthetic,true,SRC-SYNTH,2026-09-05T00:00:00+08:00,0.88,synthetic,not_applicable,,team_generated,false,dev
JOB-AI-APP-0025-SKILL-029,JOB-AI-APP-0025,SKILL-029,58,0.0625,required,1.1.0,synthetic,true,SRC-SYNTH,2026-09-05T00:00:00+08:00,0.88,synthetic,not_applicable,,team_generated,false,dev
JOB-AI-APP-0025-SKILL-030,JOB-AI-APP-0025,SKILL-030,57,0.0625,required,1.1.0,synthetic,true,SRC-SYNTH,2026-09-05T00:00:00+08:00,0.88,synthetic,not_applicable,,team_generated,false,dev
JOB-AI-APP-0025-SKILL-034,JOB-AI-APP-0025,SKILL-034,57,0.0625,required,1.1.0,synthetic,true,SRC-SYNTH,2026-09-05T00:00:00+08:00,0.88,synthetic,not_applicable,,team_generated,false,dev
JOB-AI-APP-0025-SKILL-035,JOB-AI-APP-0025,SKILL-035,57,0.0625,required,1.1.0,synthetic,true,SRC-SYNTH,2026-09-05T00:00:00+08:00,0.88,synthetic,not_applicable,,team_generated,false,dev
JOB-AI-APP-0025-SKILL-036,JOB-AI-APP-0025,SKILL-036,51,0.0625,required,1.1.0,synthetic,true,SRC-SYNTH,2026-09-05T00:00:00+08:00,0.88,synthetic,not_applicable,,team_generated,false,dev
JOB-AI-APP-0025-SKILL-037,JOB-AI-APP-0025,SKILL-037,51,0.0625,required,1.1.0,synthetic,true,SRC-SYNTH,2026-09-05T00:00:00+08:00,0.88,synthetic,not_applicable,,team_generated,false,dev
JOB-AI-APP-0025-SKILL-038,JOB-AI-APP-0025,SKILL-038,50,0.0625,required,1.1.0,synthetic,true,SRC-SYNTH,2026-09-05T00:00:00+08:00,0.88,synthetic,not_applicable,,team_generated,false,dev
JOB-AI-APP-0025-SKILL-039,JOB-AI-APP-0025,SKILL-039,50,0.0625,required,1.1.0,synthetic,true,SRC-SYNTH,2026-09-05T00:00:00+08:00,0.88,synthetic,not_applicable,,team_generated,false,dev
JOB-AI-APP-0025-SKILL-043,JOB-AI-APP-0025,SKILL-043,50,0.0625,required,1.1.0,synthetic,true,SRC-SYNTH,2026-09-05T00:00:00+08:00,0.88,synthetic,not_applicable,,team_generated,false,dev
JOB-AI-APP-0025-SKILL-050,JOB-AI-APP-0025,SKILL-050,45,0.0625,required,1.1.0,synthetic,true,SRC-SYNTH,2026-09-05T00:00:00+08:00,0.88,synthetic,not_applicable,,team_generated,false,dev
JOB-AI-APP-0025-SKILL-001,JOB-AI-APP-0025,SKILL-001,69,0.0625,preferred,1.1.0,synthetic,true,SRC-SYNTH,2026-09-05T00:00:00+08:00,0.88,synthetic,not_applicable,,team_generated,false,dev
JOB-AI-APP-0025-SKILL-007,JOB-AI-APP-0025,SKILL-007,69,0.0625,preferred,1.1.0,synthetic,true,SRC-SYNTH,2026-09-05T00:00:00+08:00,0.88,synthetic,not_applicable,,team_generated,false,dev
JOB-AI-APP-0025-SKILL-008,JOB-AI-APP-0025,SKILL-008,68,0.0625,preferred,1.1.0,synthetic,true,SRC-SYNTH,2026-09-05T00:00:00+08:00,0.88,synthetic,not_applicable,,team_generated,false,dev
JOB-AI-APP-0025-SKILL-009,JOB-AI-APP-0025,SKILL-009,68,0.0625,preferred,1.1.0,synthetic,true,SRC-SYNTH,2026-09-05T00:00:00+08:00,0.88,synthetic,not_applicable,,team_generated,false,dev
JOB-AI-APP-0025-SKILL-025,JOB-AI-APP-0025,SKILL-025,62,0.0625,preferred,1.1.0,synthetic,true,SRC-SYNTH,2026-09-05T00:00:00+08:00,0.88,synthetic,not_applicable,,team_generated,false,dev
JOB-AI-APP-0026-SKILL-029,JOB-AI-APP-0026,SKILL-029,58,0.058824,required,1.1.0,synthetic,true,SRC-SYNTH,2026-09-05T00:00:00+08:00,0.88,synthetic,not_applicable,,team_generated,false,dev
JOB-AI-APP-0026-SKILL-030,JOB-AI-APP-0026,SKILL-030,57,0.058824,required,1.1.0,synthetic,true,SRC-SYNTH,2026-09-05T00:00:00+08:00,0.88,synthetic,not_applicable,,team_generated,false,dev
JOB-AI-APP-0026-SKILL-034,JOB-AI-APP-0026,SKILL-034,57,0.058824,required,1.1.0,synthetic,true,SRC-SYNTH,2026-09-05T00:00:00+08:00,0.88,synthetic,not_applicable,,team_generated,false,dev
JOB-AI-APP-0026-SKILL-035,JOB-AI-APP-0026,SKILL-035,57,0.058824,required,1.1.0,synthetic,true,SRC-SYNTH,2026-09-05T00:00:00+08:00,0.88,synthetic,not_applicable,,team_generated,false,dev
JOB-AI-APP-0026-SKILL-036,JOB-AI-APP-0026,SKILL-036,51,0.058824,required,1.1.0,synthetic,true,SRC-SYNTH,2026-09-05T00:00:00+08:00,0.88,synthetic,not_applicable,,team_generated,false,dev
JOB-AI-APP-0026-SKILL-037,JOB-AI-APP-0026,SKILL-037,51,0.058824,required,1.1.0,synthetic,true,SRC-SYNTH,2026-09-05T00:00:00+08:00,0.88,synthetic,not_applicable,,team_generated,false,dev
JOB-AI-APP-0026-SKILL-038,JOB-AI-APP-0026,SKILL-038,50,0.058824,required,1.1.0,synthetic,true,SRC-SYNTH,2026-09-05T00:00:00+08:00,0.88,synthetic,not_applicable,,team_generated,false,dev
JOB-AI-APP-0026-SKILL-039,JOB-AI-APP-0026,SKILL-039,50,0.058824,required,1.1.0,synthetic,true,SRC-SYNTH,2026-09-05T00:00:00+08:00,0.88,synthetic,not_applicable,,team_generated,false,dev
JOB-AI-APP-0026-SKILL-043,JOB-AI-APP-0026,SKILL-043,50,0.058824,required,1.1.0,synthetic,true,SRC-SYNTH,2026-09-05T00:00:00+08:00,0.88,synthetic,not_applicable,,team_generated,false,dev
JOB-AI-APP-0026-SKILL-050,JOB-AI-APP-0026,SKILL-050,45,0.058824,required,1.1.0,synthetic,true,SRC-SYNTH,2026-09-05T00:00:00+08:00,0.88,synthetic,not_applicable,,team_generated,false,dev
JOB-AI-APP-0026-SKILL-001,JOB-AI-APP-0026,SKILL-001,69,0.058824,required,1.1.0,synthetic,true,SRC-SYNTH,2026-09-05T00:00:00+08:00,0.88,synthetic,not_applicable,,team_generated,false,dev
JOB-AI-APP-0026-SKILL-007,JOB-AI-APP-0026,SKILL-007,69,0.058824,required,1.1.0,synthetic,true,SRC-SYNTH,2026-09-05T00:00:00+08:00,0.88,synthetic,not_applicable,,team_generated,false,dev
JOB-AI-APP-0026-SKILL-008,JOB-AI-APP-0026,SKILL-008,68,0.058824,preferred,1.1.0,synthetic,true,SRC-SYNTH,2026-09-05T00:00:00+08:00,0.88,synthetic,not_applicable,,team_generated,false,dev
JOB-AI-APP-0026-SKILL-009,JOB-AI-APP-0026,SKILL-009,68,0.058824,preferred,1.1.0,synthetic,true,SRC-SYNTH,2026-09-05T00:00:00+08:00,0.88,synthetic,not_applicable,,team_generated,false,dev
JOB-AI-APP-0026-SKILL-025,JOB-AI-APP-0026,SKILL-025,62,0.058824,preferred,1.1.0,synthetic,true,SRC-SYNTH,2026-09-05T00:00:00+08:00,0.88,synthetic,not_applicable,,team_generated,false,dev
JOB-AI-APP-0026-SKILL-026,JOB-AI-APP-0026,SKILL-026,62,0.058824,preferred,1.1.0,synthetic,true,SRC-SYNTH,2026-09-05T00:00:00+08:00,0.88,synthetic,not_applicable,,team_generated,false,dev
JOB-AI-APP-0026-SKILL-027,JOB-AI-APP-0026,SKILL-027,62,0.058816,preferred,1.1.0,synthetic,true,SRC-SYNTH,2026-09-05T00:00:00+08:00,0.88,synthetic,not_applicable,,team_generated,false,dev
JOB-AI-APP-0027-SKILL-030,JOB-AI-APP-0027,SKILL-030,57,0.055556,required,1.1.0,synthetic,true,SRC-SYNTH,2026-09-05T00:00:00+08:00,0.88,synthetic,not_applicable,,team_generated,false,dev
JOB-AI-APP-0027-SKILL-034,JOB-AI-APP-0027,SKILL-034,57,0.055556,required,1.1.0,synthetic,true,SRC-SYNTH,2026-09-05T00:00:00+08:00,0.88,synthetic,not_applicable,,team_generated,false,dev
JOB-AI-APP-0027-SKILL-035,JOB-AI-APP-0027,SKILL-035,57,0.055556,required,1.1.0,synthetic,true,SRC-SYNTH,2026-09-05T00:00:00+08:00,0.88,synthetic,not_applicable,,team_generated,false,dev
JOB-AI-APP-0027-SKILL-036,JOB-AI-APP-0027,SKILL-036,51,0.055556,required,1.1.0,synthetic,true,SRC-SYNTH,2026-09-05T00:00:00+08:00,0.88,synthetic,not_applicable,,team_generated,false,dev
JOB-AI-APP-0027-SKILL-037,JOB-AI-APP-0027,SKILL-037,51,0.055556,required,1.1.0,synthetic,true,SRC-SYNTH,2026-09-05T00:00:00+08:00,0.88,synthetic,not_applicable,,team_generated,false,dev
JOB-AI-APP-0027-SKILL-038,JOB-AI-APP-0027,SKILL-038,50,0.055556,required,1.1.0,synthetic,true,SRC-SYNTH,2026-09-05T00:00:00+08:00,0.88,synthetic,not_applicable,,team_generated,false,dev
JOB-AI-APP-0027-SKILL-039,JOB-AI-APP-0027,SKILL-039,50,0.055556,required,1.1.0,synthetic,true,SRC-SYNTH,2026-09-05T00:00:00+08:00,0.88,synthetic,not_applicable,,team_generated,false,dev
JOB-AI-APP-0027-SKILL-043,JOB-AI-APP-0027,SKILL-043,50,0.055556,required,1.1.0,synthetic,true,SRC-SYNTH,2026-09-05T00:00:00+08:00,0.88,synthetic,not_applicable,,team_generated,false,dev
JOB-AI-APP-0027-SKILL-050,JOB-AI-APP-0027,SKILL-050,45,0.055556,required,1.1.0,synthetic,true,SRC-SYNTH,2026-09-05T00:00:00+08:00,0.88,synthetic,not_applicable,,team_generated,false,dev
JOB-AI-APP-0027-SKILL-001,JOB-AI-APP-0027,SKILL-001,69,0.055556,required,1.1.0,synthetic,true,SRC-SYNTH,2026-09-05T00:00:00+08:00,0.88,synthetic,not_applicable,,team_generated,false,dev
JOB-AI-APP-0027-SKILL-007,JOB-AI-APP-0027,SKILL-007,69,0.055556,required,1.1.0,synthetic,true,SRC-SYNTH,2026-09-05T00:00:00+08:00,0.88,synthetic,not_applicable,,team_generated,false,dev
JOB-AI-APP-0027-SKILL-008,JOB-AI-APP-0027,SKILL-008,68,0.055556,required,1.1.0,synthetic,true,SRC-SYNTH,2026-09-05T00:00:00+08:00,0.88,synthetic,not_applicable,,team_generated,false,dev
JOB-AI-APP-0027-SKILL-009,JOB-AI-APP-0027,SKILL-009,68,0.055556,preferred,1.1.0,synthetic,true,SRC-SYNTH,2026-09-05T00:00:00+08:00,0.88,synthetic,not_applicable,,team_generated,false,dev
JOB-AI-APP-0027-SKILL-025,JOB-AI-APP-0027,SKILL-025,62,0.055556,preferred,1.1.0,synthetic,true,SRC-SYNTH,2026-09-05T00:00:00+08:00,0.88,synthetic,not_applicable,,team_generated,false,dev
JOB-AI-APP-0027-SKILL-026,JOB-AI-APP-0027,SKILL-026,62,0.055556,preferred,1.1.0,synthetic,true,SRC-SYNTH,2026-09-05T00:00:00+08:00,0.88,synthetic,not_applicable,,team_generated,false,dev
JOB-AI-APP-0027-SKILL-027,JOB-AI-APP-0027,SKILL-027,62,0.055556,preferred,1.1.0,synthetic,true,SRC-SYNTH,2026-09-05T00:00:00+08:00,0.88,synthetic,not_applicable,,team_generated,false,dev
JOB-AI-APP-0027-SKILL-028,JOB-AI-APP-0027,SKILL-028,61,0.055556,preferred,1.1.0,synthetic,true,SRC-SYNTH,2026-09-05T00:00:00+08:00,0.88,synthetic,not_applicable,,team_generated,false,dev
JOB-AI-APP-0027-SKILL-029,JOB-AI-APP-0027,SKILL-029,61,0.055548,preferred,1.1.0,synthetic,true,SRC-SYNTH,2026-09-05T00:00:00+08:00,0.88,synthetic,not_applicable,,team_generated,false,dev
JOB-AI-APP-0028-SKILL-034,JOB-AI-APP-0028,SKILL-034,57,0.083333,required,1.1.0,synthetic,true,SRC-SYNTH,2026-09-05T00:00:00+08:00,0.88,synthetic,not_applicable,,team_generated,false,dev
JOB-AI-APP-0028-SKILL-035,JOB-AI-APP-0028,SKILL-035,57,0.083333,required,1.1.0,synthetic,true,SRC-SYNTH,2026-09-05T00:00:00+08:00,0.88,synthetic,not_applicable,,team_generated,false,dev
JOB-AI-APP-0028-SKILL-036,JOB-AI-APP-0028,SKILL-036,51,0.083333,required,1.1.0,synthetic,true,SRC-SYNTH,2026-09-05T00:00:00+08:00,0.88,synthetic,not_applicable,,team_generated,false,dev
JOB-AI-APP-0028-SKILL-037,JOB-AI-APP-0028,SKILL-037,51,0.083333,required,1.1.0,synthetic,true,SRC-SYNTH,2026-09-05T00:00:00+08:00,0.88,synthetic,not_applicable,,team_generated,false,dev
JOB-AI-APP-0028-SKILL-038,JOB-AI-APP-0028,SKILL-038,50,0.083333,required,1.1.0,synthetic,true,SRC-SYNTH,2026-09-05T00:00:00+08:00,0.88,synthetic,not_applicable,,team_generated,false,dev
JOB-AI-APP-0028-SKILL-039,JOB-AI-APP-0028,SKILL-039,50,0.083333,required,1.1.0,synthetic,true,SRC-SYNTH,2026-09-05T00:00:00+08:00,0.88,synthetic,not_applicable,,team_generated,false,dev
JOB-AI-APP-0028-SKILL-043,JOB-AI-APP-0028,SKILL-043,50,0.083333,required,1.1.0,synthetic,true,SRC-SYNTH,2026-09-05T00:00:00+08:00,0.88,synthetic,not_applicable,,team_generated,false,dev
JOB-AI-APP-0028-SKILL-050,JOB-AI-APP-0028,SKILL-050,45,0.083333,required,1.1.0,synthetic,true,SRC-SYNTH,2026-09-05T00:00:00+08:00,0.88,synthetic,not_applicable,,team_generated,false,dev
JOB-AI-APP-0028-SKILL-001,JOB-AI-APP-0028,SKILL-001,69,0.083333,preferred,1.1.0,synthetic,true,SRC-SYNTH,2026-09-05T00:00:00+08:00,0.88,synthetic,not_applicable,,team_generated,false,dev
JOB-AI-APP-0028-SKILL-007,JOB-AI-APP-0028,SKILL-007,69,0.083333,preferred,1.1.0,synthetic,true,SRC-SYNTH,2026-09-05T00:00:00+08:00,0.88,synthetic,not_applicable,,team_generated,false,dev
JOB-AI-APP-0028-SKILL-008,JOB-AI-APP-0028,SKILL-008,68,0.083333,preferred,1.1.0,synthetic,true,SRC-SYNTH,2026-09-05T00:00:00+08:00,0.88,synthetic,not_applicable,,team_generated,false,dev
JOB-AI-APP-0028-SKILL-009,JOB-AI-APP-0028,SKILL-009,68,0.083337,preferred,1.1.0,synthetic,true,SRC-SYNTH,2026-09-05T00:00:00+08:00,0.88,synthetic,not_applicable,,team_generated,false,dev
JOB-AI-APP-0029-SKILL-035,JOB-AI-APP-0029,SKILL-035,57,0.076923,required,1.1.0,synthetic,true,SRC-SYNTH,2026-09-05T00:00:00+08:00,0.88,synthetic,not_applicable,,team_generated,false,dev
JOB-AI-APP-0029-SKILL-036,JOB-AI-APP-0029,SKILL-036,51,0.076923,required,1.1.0,synthetic,true,SRC-SYNTH,2026-09-05T00:00:00+08:00,0.88,synthetic,not_applicable,,team_generated,false,dev
JOB-AI-APP-0029-SKILL-037,JOB-AI-APP-0029,SKILL-037,51,0.076923,required,1.1.0,synthetic,true,SRC-SYNTH,2026-09-05T00:00:00+08:00,0.88,synthetic,not_applicable,,team_generated,false,dev
JOB-AI-APP-0029-SKILL-038,JOB-AI-APP-0029,SKILL-038,50,0.076923,required,1.1.0,synthetic,true,SRC-SYNTH,2026-09-05T00:00:00+08:00,0.88,synthetic,not_applicable,,team_generated,false,dev
JOB-AI-APP-0029-SKILL-039,JOB-AI-APP-0029,SKILL-039,50,0.076923,required,1.1.0,synthetic,true,SRC-SYNTH,2026-09-05T00:00:00+08:00,0.88,synthetic,not_applicable,,team_generated,false,dev
JOB-AI-APP-0029-SKILL-043,JOB-AI-APP-0029,SKILL-043,50,0.076923,required,1.1.0,synthetic,true,SRC-SYNTH,2026-09-05T00:00:00+08:00,0.88,synthetic,not_applicable,,team_generated,false,dev
JOB-AI-APP-0029-SKILL-050,JOB-AI-APP-0029,SKILL-050,45,0.076923,required,1.1.0,synthetic,true,SRC-SYNTH,2026-09-05T00:00:00+08:00,0.88,synthetic,not_applicable,,team_generated,false,dev
JOB-AI-APP-0029-SKILL-001,JOB-AI-APP-0029,SKILL-001,69,0.076923,required,1.1.0,synthetic,true,SRC-SYNTH,2026-09-05T00:00:00+08:00,0.88,synthetic,not_applicable,,team_generated,false,dev
JOB-AI-APP-0029-SKILL-007,JOB-AI-APP-0029,SKILL-007,69,0.076923,required,1.1.0,synthetic,true,SRC-SYNTH,2026-09-05T00:00:00+08:00,0.88,synthetic,not_applicable,,team_generated,false,dev
JOB-AI-APP-0029-SKILL-008,JOB-AI-APP-0029,SKILL-008,68,0.076923,preferred,1.1.0,synthetic,true,SRC-SYNTH,2026-09-05T00:00:00+08:00,0.88,synthetic,not_applicable,,team_generated,false,dev
JOB-AI-APP-0029-SKILL-009,JOB-AI-APP-0029,SKILL-009,68,0.076923,preferred,1.1.0,synthetic,true,SRC-SYNTH,2026-09-05T00:00:00+08:00,0.88,synthetic,not_applicable,,team_generated,false,dev
JOB-AI-APP-0029-SKILL-025,JOB-AI-APP-0029,SKILL-025,62,0.076923,preferred,1.1.0,synthetic,true,SRC-SYNTH,2026-09-05T00:00:00+08:00,0.88,synthetic,not_applicable,,team_generated,false,dev
JOB-AI-APP-0029-SKILL-026,JOB-AI-APP-0029,SKILL-026,62,0.076924,preferred,1.1.0,synthetic,true,SRC-SYNTH,2026-09-05T00:00:00+08:00,0.88,synthetic,not_applicable,,team_generated,false,dev
JOB-AI-APP-0030-SKILL-036,JOB-AI-APP-0030,SKILL-036,51,0.071429,required,1.1.0,synthetic,true,SRC-SYNTH,2026-09-05T00:00:00+08:00,0.88,synthetic,not_applicable,,team_generated,false,dev
JOB-AI-APP-0030-SKILL-037,JOB-AI-APP-0030,SKILL-037,51,0.071429,required,1.1.0,synthetic,true,SRC-SYNTH,2026-09-05T00:00:00+08:00,0.88,synthetic,not_applicable,,team_generated,false,dev
JOB-AI-APP-0030-SKILL-038,JOB-AI-APP-0030,SKILL-038,50,0.071429,required,1.1.0,synthetic,true,SRC-SYNTH,2026-09-05T00:00:00+08:00,0.88,synthetic,not_applicable,,team_generated,false,dev
JOB-AI-APP-0030-SKILL-039,JOB-AI-APP-0030,SKILL-039,50,0.071429,required,1.1.0,synthetic,true,SRC-SYNTH,2026-09-05T00:00:00+08:00,0.88,synthetic,not_applicable,,team_generated,false,dev
JOB-AI-APP-0030-SKILL-043,JOB-AI-APP-0030,SKILL-043,50,0.071429,required,1.1.0,synthetic,true,SRC-SYNTH,2026-09-05T00:00:00+08:00,0.88,synthetic,not_applicable,,team_generated,false,dev
JOB-AI-APP-0030-SKILL-050,JOB-AI-APP-0030,SKILL-050,45,0.071429,required,1.1.0,synthetic,true,SRC-SYNTH,2026-09-05T00:00:00+08:00,0.88,synthetic,not_applicable,,team_generated,false,dev
JOB-AI-APP-0030-SKILL-001,JOB-AI-APP-0030,SKILL-001,69,0.071429,required,1.1.0,synthetic,true,SRC-SYNTH,2026-09-05T00:00:00+08:00,0.88,synthetic,not_applicable,,team_generated,false,dev
JOB-AI-APP-0030-SKILL-007,JOB-AI-APP-0030,SKILL-007,69,0.071429,required,1.1.0,synthetic,true,SRC-SYNTH,2026-09-05T00:00:00+08:00,0.88,synthetic,not_applicable,,team_generated,false,dev
JOB-AI-APP-0030-SKILL-008,JOB-AI-APP-0030,SKILL-008,68,0.071429,required,1.1.0,synthetic,true,SRC-SYNTH,2026-09-05T00:00:00+08:00,0.88,synthetic,not_applicable,,team_generated,false,dev
JOB-AI-APP-0030-SKILL-009,JOB-AI-APP-0030,SKILL-009,68,0.071429,required,1.1.0,synthetic,true,SRC-SYNTH,2026-09-05T00:00:00+08:00,0.88,synthetic,not_applicable,,team_generated,false,dev
JOB-AI-APP-0030-SKILL-025,JOB-AI-APP-0030,SKILL-025,62,0.071429,preferred,1.1.0,synthetic,true,SRC-SYNTH,2026-09-05T00:00:00+08:00,0.88,synthetic,not_applicable,,team_generated,false,dev
JOB-AI-APP-0030-SKILL-026,JOB-AI-APP-0030,SKILL-026,62,0.071429,preferred,1.1.0,synthetic,true,SRC-SYNTH,2026-09-05T00:00:00+08:00,0.88,synthetic,not_applicable,,team_generated,false,dev
JOB-AI-APP-0030-SKILL-027,JOB-AI-APP-0030,SKILL-027,62,0.071429,preferred,1.1.0,synthetic,true,SRC-SYNTH,2026-09-05T00:00:00+08:00,0.88,synthetic,not_applicable,,team_generated,false,dev
JOB-AI-APP-0030-SKILL-028,JOB-AI-APP-0030,SKILL-028,61,0.071423,preferred,1.1.0,synthetic,true,SRC-SYNTH,2026-09-05T00:00:00+08:00,0.88,synthetic,not_applicable,,team_generated,false,dev
JOB-AI-APP-0031-SKILL-037,JOB-AI-APP-0031,SKILL-037,51,0.066667,required,1.1.0,synthetic,true,SRC-SYNTH,2026-09-05T00:00:00+08:00,0.88,synthetic,not_applicable,,team_generated,false,dev
JOB-AI-APP-0031-SKILL-038,JOB-AI-APP-0031,SKILL-038,50,0.066667,required,1.1.0,synthetic,true,SRC-SYNTH,2026-09-05T00:00:00+08:00,0.88,synthetic,not_applicable,,team_generated,false,dev
JOB-AI-APP-0031-SKILL-039,JOB-AI-APP-0031,SKILL-039,50,0.066667,required,1.1.0,synthetic,true,SRC-SYNTH,2026-09-05T00:00:00+08:00,0.88,synthetic,not_applicable,,team_generated,false,dev
JOB-AI-APP-0031-SKILL-043,JOB-AI-APP-0031,SKILL-043,50,0.066667,required,1.1.0,synthetic,true,SRC-SYNTH,2026-09-05T00:00:00+08:00,0.88,synthetic,not_applicable,,team_generated,false,dev
JOB-AI-APP-0031-SKILL-050,JOB-AI-APP-0031,SKILL-050,45,0.066667,required,1.1.0,synthetic,true,SRC-SYNTH,2026-09-05T00:00:00+08:00,0.88,synthetic,not_applicable,,team_generated,false,dev
JOB-AI-APP-0031-SKILL-001,JOB-AI-APP-0031,SKILL-001,69,0.066667,required,1.1.0,synthetic,true,SRC-SYNTH,2026-09-05T00:00:00+08:00,0.88,synthetic,not_applicable,,team_generated,false,dev
JOB-AI-APP-0031-SKILL-007,JOB-AI-APP-0031,SKILL-007,69,0.066667,required,1.1.0,synthetic,true,SRC-SYNTH,2026-09-05T00:00:00+08:00,0.88,synthetic,not_applicable,,team_generated,false,dev
JOB-AI-APP-0031-SKILL-008,JOB-AI-APP-0031,SKILL-008,68,0.066667,required,1.1.0,synthetic,true,SRC-SYNTH,2026-09-05T00:00:00+08:00,0.88,synthetic,not_applicable,,team_generated,false,dev
JOB-AI-APP-0031-SKILL-009,JOB-AI-APP-0031,SKILL-009,68,0.066667,required,1.1.0,synthetic,true,SRC-SYNTH,2026-09-05T00:00:00+08:00,0.88,synthetic,not_applicable,,team_generated,false,dev
JOB-AI-APP-0031-SKILL-025,JOB-AI-APP-0031,SKILL-025,62,0.066667,required,1.1.0,synthetic,true,SRC-SYNTH,2026-09-05T00:00:00+08:00,0.88,synthetic,not_applicable,,team_generated,false,dev
JOB-AI-APP-0031-SKILL-026,JOB-AI-APP-0031,SKILL-026,62,0.066667,preferred,1.1.0,synthetic,true,SRC-SYNTH,2026-09-05T00:00:00+08:00,0.88,synthetic,not_applicable,,team_generated,false,dev
JOB-AI-APP-0031-SKILL-027,JOB-AI-APP-0031,SKILL-027,62,0.066667,preferred,1.1.0,synthetic,true,SRC-SYNTH,2026-09-05T00:00:00+08:00,0.88,synthetic,not_applicable,,team_generated,false,dev
JOB-AI-APP-0031-SKILL-028,JOB-AI-APP-0031,SKILL-028,61,0.066667,preferred,1.1.0,synthetic,true,SRC-SYNTH,2026-09-05T00:00:00+08:00,0.88,synthetic,not_applicable,,team_generated,false,dev
JOB-AI-APP-0031-SKILL-029,JOB-AI-APP-0031,SKILL-029,61,0.066667,preferred,1.1.0,synthetic,true,SRC-SYNTH,2026-09-05T00:00:00+08:00,0.88,synthetic,not_applicable,,team_generated,false,dev
JOB-AI-APP-0031-SKILL-030,JOB-AI-APP-0031,SKILL-030,55,0.066662,preferred,1.1.0,synthetic,true,SRC-SYNTH,2026-09-05T00:00:00+08:00,0.88,synthetic,not_applicable,,team_generated,false,dev
JOB-AI-APP-0032-SKILL-038,JOB-AI-APP-0032,SKILL-038,50,0.0625,required,1.1.0,synthetic,true,SRC-SYNTH,2026-09-05T00:00:00+08:00,0.88,synthetic,not_applicable,,team_generated,false,dev
JOB-AI-APP-0032-SKILL-039,JOB-AI-APP-0032,SKILL-039,50,0.0625,required,1.1.0,synthetic,true,SRC-SYNTH,2026-09-05T00:00:00+08:00,0.88,synthetic,not_applicable,,team_generated,false,dev
JOB-AI-APP-0032-SKILL-043,JOB-AI-APP-0032,SKILL-043,50,0.0625,required,1.1.0,synthetic,true,SRC-SYNTH,2026-09-05T00:00:00+08:00,0.88,synthetic,not_applicable,,team_generated,false,dev
JOB-AI-APP-0032-SKILL-050,JOB-AI-APP-0032,SKILL-050,45,0.0625,required,1.1.0,synthetic,true,SRC-SYNTH,2026-09-05T00:00:00+08:00,0.88,synthetic,not_applicable,,team_generated,false,dev
JOB-AI-APP-0032-SKILL-001,JOB-AI-APP-0032,SKILL-001,69,0.0625,required,1.1.0,synthetic,true,SRC-SYNTH,2026-09-05T00:00:00+08:00,0.88,synthetic,not_applicable,,team_generated,false,dev
JOB-AI-APP-0032-SKILL-007,JOB-AI-APP-0032,SKILL-007,69,0.0625,required,1.1.0,synthetic,true,SRC-SYNTH,2026-09-05T00:00:00+08:00,0.88,synthetic,not_applicable,,team_generated,false,dev
JOB-AI-APP-0032-SKILL-008,JOB-AI-APP-0032,SKILL-008,68,0.0625,required,1.1.0,synthetic,true,SRC-SYNTH,2026-09-05T00:00:00+08:00,0.88,synthetic,not_applicable,,team_generated,false,dev
JOB-AI-APP-0032-SKILL-009,JOB-AI-APP-0032,SKILL-009,68,0.0625,required,1.1.0,synthetic,true,SRC-SYNTH,2026-09-05T00:00:00+08:00,0.88,synthetic,not_applicable,,team_generated,false,dev
JOB-AI-APP-0032-SKILL-025,JOB-AI-APP-0032,SKILL-025,62,0.0625,required,1.1.0,synthetic,true,SRC-SYNTH,2026-09-05T00:00:00+08:00,0.88,synthetic,not_applicable,,team_generated,false,dev
JOB-AI-APP-0032-SKILL-026,JOB-AI-APP-0032,SKILL-026,62,0.0625,required,1.1.0,synthetic,true,SRC-SYNTH,2026-09-05T00:00:00+08:00,0.88,synthetic,not_applicable,,team_generated,false,dev
JOB-AI-APP-0032-SKILL-027,JOB-AI-APP-0032,SKILL-027,62,0.0625,required,1.1.0,synthetic,true,SRC-SYNTH,2026-09-05T00:00:00+08:00,0.88,synthetic,not_applicable,,team_generated,false,dev
JOB-AI-APP-0032-SKILL-028,JOB-AI-APP-0032,SKILL-028,61,0.0625,preferred,1.1.0,synthetic,true,SRC-SYNTH,2026-09-05T00:00:00+08:00,0.88,synthetic,not_applicable,,team_generated,false,dev
JOB-AI-APP-0032-SKILL-029,JOB-AI-APP-0032,SKILL-029,61,0.0625,preferred,1.1.0,synthetic,true,SRC-SYNTH,2026-09-05T00:00:00+08:00,0.88,synthetic,not_applicable,,team_generated,false,dev
JOB-AI-APP-0032-SKILL-030,JOB-AI-APP-0032,SKILL-030,55,0.0625,preferred,1.1.0,synthetic,true,SRC-SYNTH,2026-09-05T00:00:00+08:00,0.88,synthetic,not_applicable,,team_generated,false,dev
JOB-AI-APP-0032-SKILL-034,JOB-AI-APP-0032,SKILL-034,55,0.0625,preferred,1.1.0,synthetic,true,SRC-SYNTH,2026-09-05T00:00:00+08:00,0.88,synthetic,not_applicable,,team_generated,false,dev
JOB-AI-APP-0032-SKILL-035,JOB-AI-APP-0032,SKILL-035,55,0.0625,preferred,1.1.0,synthetic,true,SRC-SYNTH,2026-09-05T00:00:00+08:00,0.88,synthetic,not_applicable,,team_generated,false,dev
JOB-AI-APP-0033-SKILL-039,JOB-AI-APP-0033,SKILL-039,50,0.058824,required,1.1.0,synthetic,true,SRC-SYNTH,2026-09-05T00:00:00+08:00,0.88,synthetic,not_applicable,,team_generated,false,dev
JOB-AI-APP-0033-SKILL-043,JOB-AI-APP-0033,SKILL-043,50,0.058824,required,1.1.0,synthetic,true,SRC-SYNTH,2026-09-05T00:00:00+08:00,0.88,synthetic,not_applicable,,team_generated,false,dev
JOB-AI-APP-0033-SKILL-050,JOB-AI-APP-0033,SKILL-050,45,0.058824,required,1.1.0,synthetic,true,SRC-SYNTH,2026-09-05T00:00:00+08:00,0.88,synthetic,not_applicable,,team_generated,false,dev
JOB-AI-APP-0033-SKILL-001,JOB-AI-APP-0033,SKILL-001,69,0.058824,required,1.1.0,synthetic,true,SRC-SYNTH,2026-09-05T00:00:00+08:00,0.88,synthetic,not_applicable,,team_generated,false,dev
JOB-AI-APP-0033-SKILL-007,JOB-AI-APP-0033,SKILL-007,69,0.058824,required,1.1.0,synthetic,true,SRC-SYNTH,2026-09-05T00:00:00+08:00,0.88,synthetic,not_applicable,,team_generated,false,dev
JOB-AI-APP-0033-SKILL-008,JOB-AI-APP-0033,SKILL-008,68,0.058824,required,1.1.0,synthetic,true,SRC-SYNTH,2026-09-05T00:00:00+08:00,0.88,synthetic,not_applicable,,team_generated,false,dev
JOB-AI-APP-0033-SKILL-009,JOB-AI-APP-0033,SKILL-009,68,0.058824,required,1.1.0,synthetic,true,SRC-SYNTH,2026-09-05T00:00:00+08:00,0.88,synthetic,not_applicable,,team_generated,false,dev
JOB-AI-APP-0033-SKILL-025,JOB-AI-APP-0033,SKILL-025,62,0.058824,required,1.1.0,synthetic,true,SRC-SYNTH,2026-09-05T00:00:00+08:00,0.88,synthetic,not_applicable,,team_generated,false,dev
JOB-AI-APP-0033-SKILL-026,JOB-AI-APP-0033,SKILL-026,62,0.058824,required,1.1.0,synthetic,true,SRC-SYNTH,2026-09-05T00:00:00+08:00,0.88,synthetic,not_applicable,,team_generated,false,dev
JOB-AI-APP-0033-SKILL-027,JOB-AI-APP-0033,SKILL-027,62,0.058824,required,1.1.0,synthetic,true,SRC-SYNTH,2026-09-05T00:00:00+08:00,0.88,synthetic,not_applicable,,team_generated,false,dev
JOB-AI-APP-0033-SKILL-028,JOB-AI-APP-0033,SKILL-028,61,0.058824,required,1.1.0,synthetic,true,SRC-SYNTH,2026-09-05T00:00:00+08:00,0.88,synthetic,not_applicable,,team_generated,false,dev
JOB-AI-APP-0033-SKILL-029,JOB-AI-APP-0033,SKILL-029,61,0.058824,required,1.1.0,synthetic,true,SRC-SYNTH,2026-09-05T00:00:00+08:00,0.88,synthetic,not_applicable,,team_generated,false,dev
JOB-AI-APP-0033-SKILL-030,JOB-AI-APP-0033,SKILL-030,55,0.058824,preferred,1.1.0,synthetic,true,SRC-SYNTH,2026-09-05T00:00:00+08:00,0.88,synthetic,not_applicable,,team_generated,false,dev
JOB-AI-APP-0033-SKILL-034,JOB-AI-APP-0033,SKILL-034,55,0.058824,preferred,1.1.0,synthetic,true,SRC-SYNTH,2026-09-05T00:00:00+08:00,0.88,synthetic,not_applicable,,team_generated,false,dev
JOB-AI-APP-0033-SKILL-035,JOB-AI-APP-0033,SKILL-035,55,0.058824,preferred,1.1.0,synthetic,true,SRC-SYNTH,2026-09-05T00:00:00+08:00,0.88,synthetic,not_applicable,,team_generated,false,dev
JOB-AI-APP-0033-SKILL-036,JOB-AI-APP-0033,SKILL-036,54,0.058824,preferred,1.1.0,synthetic,true,SRC-SYNTH,2026-09-05T00:00:00+08:00,0.88,synthetic,not_applicable,,team_generated,false,dev
JOB-AI-APP-0033-SKILL-037,JOB-AI-APP-0033,SKILL-037,54,0.058816,preferred,1.1.0,synthetic,true,SRC-SYNTH,2026-09-05T00:00:00+08:00,0.88,synthetic,not_applicable,,team_generated,false,dev
JOB-AI-APP-0034-SKILL-043,JOB-AI-APP-0034,SKILL-043,50,0.055556,required,1.1.0,synthetic,true,SRC-SYNTH,2026-09-05T00:00:00+08:00,0.88,synthetic,not_applicable,,team_generated,false,dev
JOB-AI-APP-0034-SKILL-050,JOB-AI-APP-0034,SKILL-050,45,0.055556,required,1.1.0,synthetic,true,SRC-SYNTH,2026-09-05T00:00:00+08:00,0.88,synthetic,not_applicable,,team_generated,false,dev
JOB-AI-APP-0034-SKILL-001,JOB-AI-APP-0034,SKILL-001,69,0.055556,required,1.1.0,synthetic,true,SRC-SYNTH,2026-09-05T00:00:00+08:00,0.88,synthetic,not_applicable,,team_generated,false,dev
JOB-AI-APP-0034-SKILL-007,JOB-AI-APP-0034,SKILL-007,69,0.055556,required,1.1.0,synthetic,true,SRC-SYNTH,2026-09-05T00:00:00+08:00,0.88,synthetic,not_applicable,,team_generated,false,dev
JOB-AI-APP-0034-SKILL-008,JOB-AI-APP-0034,SKILL-008,68,0.055556,required,1.1.0,synthetic,true,SRC-SYNTH,2026-09-05T00:00:00+08:00,0.88,synthetic,not_applicable,,team_generated,false,dev
JOB-AI-APP-0034-SKILL-009,JOB-AI-APP-0034,SKILL-009,68,0.055556,required,1.1.0,synthetic,true,SRC-SYNTH,2026-09-05T00:00:00+08:00,0.88,synthetic,not_applicable,,team_generated,false,dev
JOB-AI-APP-0034-SKILL-025,JOB-AI-APP-0034,SKILL-025,62,0.055556,required,1.1.0,synthetic,true,SRC-SYNTH,2026-09-05T00:00:00+08:00,0.88,synthetic,not_applicable,,team_generated,false,dev
JOB-AI-APP-0034-SKILL-026,JOB-AI-APP-0034,SKILL-026,62,0.055556,required,1.1.0,synthetic,true,SRC-SYNTH,2026-09-05T00:00:00+08:00,0.88,synthetic,not_applicable,,team_generated,false,dev
JOB-AI-APP-0034-SKILL-027,JOB-AI-APP-0034,SKILL-027,62,0.055556,required,1.1.0,synthetic,true,SRC-SYNTH,2026-09-05T00:00:00+08:00,0.88,synthetic,not_applicable,,team_generated,false,dev
JOB-AI-APP-0034-SKILL-028,JOB-AI-APP-0034,SKILL-028,61,0.055556,required,1.1.0,synthetic,true,SRC-SYNTH,2026-09-05T00:00:00+08:00,0.88,synthetic,not_applicable,,team_generated,false,dev
JOB-AI-APP-0034-SKILL-029,JOB-AI-APP-0034,SKILL-029,61,0.055556,required,1.1.0,synthetic,true,SRC-SYNTH,2026-09-05T00:00:00+08:00,0.88,synthetic,not_applicable,,team_generated,false,dev
JOB-AI-APP-0034-SKILL-030,JOB-AI-APP-0034,SKILL-030,55,0.055556,required,1.1.0,synthetic,true,SRC-SYNTH,2026-09-05T00:00:00+08:00,0.88,synthetic,not_applicable,,team_generated,false,dev
JOB-AI-APP-0034-SKILL-034,JOB-AI-APP-0034,SKILL-034,55,0.055556,preferred,1.1.0,synthetic,true,SRC-SYNTH,2026-09-05T00:00:00+08:00,0.88,synthetic,not_applicable,,team_generated,false,dev
JOB-AI-APP-0034-SKILL-035,JOB-AI-APP-0034,SKILL-035,55,0.055556,preferred,1.1.0,synthetic,true,SRC-SYNTH,2026-09-05T00:00:00+08:00,0.88,synthetic,not_applicable,,team_generated,false,dev
JOB-AI-APP-0034-SKILL-036,JOB-AI-APP-0034,SKILL-036,54,0.055556,preferred,1.1.0,synthetic,true,SRC-SYNTH,2026-09-05T00:00:00+08:00,0.88,synthetic,not_applicable,,team_generated,false,dev
JOB-AI-APP-0034-SKILL-037,JOB-AI-APP-0034,SKILL-037,54,0.055556,preferred,1.1.0,synthetic,true,SRC-SYNTH,2026-09-05T00:00:00+08:00,0.88,synthetic,not_applicable,,team_generated,false,dev
JOB-AI-APP-0034-SKILL-038,JOB-AI-APP-0034,SKILL-038,48,0.055556,preferred,1.1.0,synthetic,true,SRC-SYNTH,2026-09-05T00:00:00+08:00,0.88,synthetic,not_applicable,,team_generated,false,dev
JOB-AI-APP-0034-SKILL-039,JOB-AI-APP-0034,SKILL-039,48,0.055548,preferred,1.1.0,synthetic,true,SRC-SYNTH,2026-09-05T00:00:00+08:00,0.88,synthetic,not_applicable,,team_generated,false,dev
JOB-AI-APP-0035-SKILL-050,JOB-AI-APP-0035,SKILL-050,45,0.083333,required,1.1.0,synthetic,true,SRC-SYNTH,2026-09-05T00:00:00+08:00,0.88,synthetic,not_applicable,,team_generated,false,dev
JOB-AI-APP-0035-SKILL-001,JOB-AI-APP-0035,SKILL-001,69,0.083333,required,1.1.0,synthetic,true,SRC-SYNTH,2026-09-05T00:00:00+08:00,0.88,synthetic,not_applicable,,team_generated,false,dev
JOB-AI-APP-0035-SKILL-007,JOB-AI-APP-0035,SKILL-007,69,0.083333,required,1.1.0,synthetic,true,SRC-SYNTH,2026-09-05T00:00:00+08:00,0.88,synthetic,not_applicable,,team_generated,false,dev
JOB-AI-APP-0035-SKILL-008,JOB-AI-APP-0035,SKILL-008,68,0.083333,required,1.1.0,synthetic,true,SRC-SYNTH,2026-09-05T00:00:00+08:00,0.88,synthetic,not_applicable,,team_generated,false,dev
JOB-AI-APP-0035-SKILL-009,JOB-AI-APP-0035,SKILL-009,68,0.083333,required,1.1.0,synthetic,true,SRC-SYNTH,2026-09-05T00:00:00+08:00,0.88,synthetic,not_applicable,,team_generated,false,dev
JOB-AI-APP-0035-SKILL-025,JOB-AI-APP-0035,SKILL-025,62,0.083333,required,1.1.0,synthetic,true,SRC-SYNTH,2026-09-05T00:00:00+08:00,0.88,synthetic,not_applicable,,team_generated,false,dev
JOB-AI-APP-0035-SKILL-026,JOB-AI-APP-0035,SKILL-026,62,0.083333,required,1.1.0,synthetic,true,SRC-SYNTH,2026-09-05T00:00:00+08:00,0.88,synthetic,not_applicable,,team_generated,false,dev
JOB-AI-APP-0035-SKILL-027,JOB-AI-APP-0035,SKILL-027,62,0.083333,required,1.1.0,synthetic,true,SRC-SYNTH,2026-09-05T00:00:00+08:00,0.88,synthetic,not_applicable,,team_generated,false,dev
JOB-AI-APP-0035-SKILL-028,JOB-AI-APP-0035,SKILL-028,61,0.083333,preferred,1.1.0,synthetic,true,SRC-SYNTH,2026-09-05T00:00:00+08:00,0.88,synthetic,not_applicable,,team_generated,false,dev
JOB-AI-APP-0035-SKILL-029,JOB-AI-APP-0035,SKILL-029,61,0.083333,preferred,1.1.0,synthetic,true,SRC-SYNTH,2026-09-05T00:00:00+08:00,0.88,synthetic,not_applicable,,team_generated,false,dev
JOB-AI-APP-0035-SKILL-030,JOB-AI-APP-0035,SKILL-030,55,0.083333,preferred,1.1.0,synthetic,true,SRC-SYNTH,2026-09-05T00:00:00+08:00,0.88,synthetic,not_applicable,,team_generated,false,dev
JOB-AI-APP-0035-SKILL-034,JOB-AI-APP-0035,SKILL-034,55,0.083337,preferred,1.1.0,synthetic,true,SRC-SYNTH,2026-09-05T00:00:00+08:00,0.88,synthetic,not_applicable,,team_generated,false,dev
JOB-AI-APP-0036-SKILL-001,JOB-AI-APP-0036,SKILL-001,69,0.076923,required,1.1.0,synthetic,true,SRC-SYNTH,2026-09-05T00:00:00+08:00,0.88,synthetic,not_applicable,,team_generated,false,dev
JOB-AI-APP-0036-SKILL-007,JOB-AI-APP-0036,SKILL-007,69,0.076923,required,1.1.0,synthetic,true,SRC-SYNTH,2026-09-05T00:00:00+08:00,0.88,synthetic,not_applicable,,team_generated,false,dev
JOB-AI-APP-0036-SKILL-008,JOB-AI-APP-0036,SKILL-008,68,0.076923,required,1.1.0,synthetic,true,SRC-SYNTH,2026-09-05T00:00:00+08:00,0.88,synthetic,not_applicable,,team_generated,false,dev
JOB-AI-APP-0036-SKILL-009,JOB-AI-APP-0036,SKILL-009,68,0.076923,required,1.1.0,synthetic,true,SRC-SYNTH,2026-09-05T00:00:00+08:00,0.88,synthetic,not_applicable,,team_generated,false,dev
JOB-AI-APP-0036-SKILL-025,JOB-AI-APP-0036,SKILL-025,62,0.076923,required,1.1.0,synthetic,true,SRC-SYNTH,2026-09-05T00:00:00+08:00,0.88,synthetic,not_applicable,,team_generated,false,dev
JOB-AI-APP-0036-SKILL-026,JOB-AI-APP-0036,SKILL-026,62,0.076923,required,1.1.0,synthetic,true,SRC-SYNTH,2026-09-05T00:00:00+08:00,0.88,synthetic,not_applicable,,team_generated,false,dev
JOB-AI-APP-0036-SKILL-027,JOB-AI-APP-0036,SKILL-027,62,0.076923,required,1.1.0,synthetic,true,SRC-SYNTH,2026-09-05T00:00:00+08:00,0.88,synthetic,not_applicable,,team_generated,false,dev
JOB-AI-APP-0036-SKILL-028,JOB-AI-APP-0036,SKILL-028,61,0.076923,required,1.1.0,synthetic,true,SRC-SYNTH,2026-09-05T00:00:00+08:00,0.88,synthetic,not_applicable,,team_generated,false,dev
JOB-AI-APP-0036-SKILL-029,JOB-AI-APP-0036,SKILL-029,61,0.076923,required,1.1.0,synthetic,true,SRC-SYNTH,2026-09-05T00:00:00+08:00,0.88,synthetic,not_applicable,,team_generated,false,dev
JOB-AI-APP-0036-SKILL-030,JOB-AI-APP-0036,SKILL-030,55,0.076923,preferred,1.1.0,synthetic,true,SRC-SYNTH,2026-09-05T00:00:00+08:00,0.88,synthetic,not_applicable,,team_generated,false,dev
JOB-AI-APP-0036-SKILL-034,JOB-AI-APP-0036,SKILL-034,55,0.076923,preferred,1.1.0,synthetic,true,SRC-SYNTH,2026-09-05T00:00:00+08:00,0.88,synthetic,not_applicable,,team_generated,false,dev
JOB-AI-APP-0036-SKILL-035,JOB-AI-APP-0036,SKILL-035,55,0.076923,preferred,1.1.0,synthetic,true,SRC-SYNTH,2026-09-05T00:00:00+08:00,0.88,synthetic,not_applicable,,team_generated,false,dev
JOB-AI-APP-0036-SKILL-036,JOB-AI-APP-0036,SKILL-036,54,0.076924,preferred,1.1.0,synthetic,true,SRC-SYNTH,2026-09-05T00:00:00+08:00,0.88,synthetic,not_applicable,,team_generated,false,dev
JOB-AI-APP-0037-SKILL-007,JOB-AI-APP-0037,SKILL-007,69,0.071429,required,1.1.0,synthetic,true,SRC-SYNTH,2026-09-05T00:00:00+08:00,0.88,synthetic,not_applicable,,team_generated,false,dev
JOB-AI-APP-0037-SKILL-008,JOB-AI-APP-0037,SKILL-008,68,0.071429,required,1.1.0,synthetic,true,SRC-SYNTH,2026-09-05T00:00:00+08:00,0.88,synthetic,not_applicable,,team_generated,false,dev
JOB-AI-APP-0037-SKILL-009,JOB-AI-APP-0037,SKILL-009,68,0.071429,required,1.1.0,synthetic,true,SRC-SYNTH,2026-09-05T00:00:00+08:00,0.88,synthetic,not_applicable,,team_generated,false,dev
JOB-AI-APP-0037-SKILL-025,JOB-AI-APP-0037,SKILL-025,62,0.071429,required,1.1.0,synthetic,true,SRC-SYNTH,2026-09-05T00:00:00+08:00,0.88,synthetic,not_applicable,,team_generated,false,dev
JOB-AI-APP-0037-SKILL-026,JOB-AI-APP-0037,SKILL-026,62,0.071429,required,1.1.0,synthetic,true,SRC-SYNTH,2026-09-05T00:00:00+08:00,0.88,synthetic,not_applicable,,team_generated,false,dev
JOB-AI-APP-0037-SKILL-027,JOB-AI-APP-0037,SKILL-027,62,0.071429,required,1.1.0,synthetic,true,SRC-SYNTH,2026-09-05T00:00:00+08:00,0.88,synthetic,not_applicable,,team_generated,false,dev
JOB-AI-APP-0037-SKILL-028,JOB-AI-APP-0037,SKILL-028,61,0.071429,required,1.1.0,synthetic,true,SRC-SYNTH,2026-09-05T00:00:00+08:00,0.88,synthetic,not_applicable,,team_generated,false,dev
JOB-AI-APP-0037-SKILL-029,JOB-AI-APP-0037,SKILL-029,61,0.071429,required,1.1.0,synthetic,true,SRC-SYNTH,2026-09-05T00:00:00+08:00,0.88,synthetic,not_applicable,,team_generated,false,dev
JOB-AI-APP-0037-SKILL-030,JOB-AI-APP-0037,SKILL-030,55,0.071429,required,1.1.0,synthetic,true,SRC-SYNTH,2026-09-05T00:00:00+08:00,0.88,synthetic,not_applicable,,team_generated,false,dev
JOB-AI-APP-0037-SKILL-034,JOB-AI-APP-0037,SKILL-034,55,0.071429,required,1.1.0,synthetic,true,SRC-SYNTH,2026-09-05T00:00:00+08:00,0.88,synthetic,not_applicable,,team_generated,false,dev
JOB-AI-APP-0037-SKILL-035,JOB-AI-APP-0037,SKILL-035,55,0.071429,preferred,1.1.0,synthetic,true,SRC-SYNTH,2026-09-05T00:00:00+08:00,0.88,synthetic,not_applicable,,team_generated,false,dev
JOB-AI-APP-0037-SKILL-036,JOB-AI-APP-0037,SKILL-036,54,0.071429,preferred,1.1.0,synthetic,true,SRC-SYNTH,2026-09-05T00:00:00+08:00,0.88,synthetic,not_applicable,,team_generated,false,dev
JOB-AI-APP-0037-SKILL-037,JOB-AI-APP-0037,SKILL-037,54,0.071429,preferred,1.1.0,synthetic,true,SRC-SYNTH,2026-09-05T00:00:00+08:00,0.88,synthetic,not_applicable,,team_generated,false,dev
JOB-AI-APP-0037-SKILL-038,JOB-AI-APP-0037,SKILL-038,48,0.071423,preferred,1.1.0,synthetic,true,SRC-SYNTH,2026-09-05T00:00:00+08:00,0.88,synthetic,not_applicable,,team_generated,false,dev
JOB-AI-APP-0038-SKILL-008,JOB-AI-APP-0038,SKILL-008,68,0.066667,required,1.1.0,synthetic,true,SRC-SYNTH,2026-09-05T00:00:00+08:00,0.88,synthetic,not_applicable,,team_generated,false,dev
JOB-AI-APP-0038-SKILL-009,JOB-AI-APP-0038,SKILL-009,68,0.066667,required,1.1.0,synthetic,true,SRC-SYNTH,2026-09-05T00:00:00+08:00,0.88,synthetic,not_applicable,,team_generated,false,dev
JOB-AI-APP-0038-SKILL-025,JOB-AI-APP-0038,SKILL-025,62,0.066667,required,1.1.0,synthetic,true,SRC-SYNTH,2026-09-05T00:00:00+08:00,0.88,synthetic,not_applicable,,team_generated,false,dev
JOB-AI-APP-0038-SKILL-026,JOB-AI-APP-0038,SKILL-026,62,0.066667,required,1.1.0,synthetic,true,SRC-SYNTH,2026-09-05T00:00:00+08:00,0.88,synthetic,not_applicable,,team_generated,false,dev
JOB-AI-APP-0038-SKILL-027,JOB-AI-APP-0038,SKILL-027,62,0.066667,required,1.1.0,synthetic,true,SRC-SYNTH,2026-09-05T00:00:00+08:00,0.88,synthetic,not_applicable,,team_generated,false,dev
JOB-AI-APP-0038-SKILL-028,JOB-AI-APP-0038,SKILL-028,61,0.066667,required,1.1.0,synthetic,true,SRC-SYNTH,2026-09-05T00:00:00+08:00,0.88,synthetic,not_applicable,,team_generated,false,dev
JOB-AI-APP-0038-SKILL-029,JOB-AI-APP-0038,SKILL-029,61,0.066667,required,1.1.0,synthetic,true,SRC-SYNTH,2026-09-05T00:00:00+08:00,0.88,synthetic,not_applicable,,team_generated,false,dev
JOB-AI-APP-0038-SKILL-030,JOB-AI-APP-0038,SKILL-030,55,0.066667,required,1.1.0,synthetic,true,SRC-SYNTH,2026-09-05T00:00:00+08:00,0.88,synthetic,not_applicable,,team_generated,false,dev
JOB-AI-APP-0038-SKILL-034,JOB-AI-APP-0038,SKILL-034,55,0.066667,required,1.1.0,synthetic,true,SRC-SYNTH,2026-09-05T00:00:00+08:00,0.88,synthetic,not_applicable,,team_generated,false,dev
JOB-AI-APP-0038-SKILL-035,JOB-AI-APP-0038,SKILL-035,55,0.066667,required,1.1.0,synthetic,true,SRC-SYNTH,2026-09-05T00:00:00+08:00,0.88,synthetic,not_applicable,,team_generated,false,dev
JOB-AI-APP-0038-SKILL-036,JOB-AI-APP-0038,SKILL-036,54,0.066667,preferred,1.1.0,synthetic,true,SRC-SYNTH,2026-09-05T00:00:00+08:00,0.88,synthetic,not_applicable,,team_generated,false,dev
JOB-AI-APP-0038-SKILL-037,JOB-AI-APP-0038,SKILL-037,54,0.066667,preferred,1.1.0,synthetic,true,SRC-SYNTH,2026-09-05T00:00:00+08:00,0.88,synthetic,not_applicable,,team_generated,false,dev
JOB-AI-APP-0038-SKILL-038,JOB-AI-APP-0038,SKILL-038,48,0.066667,preferred,1.1.0,synthetic,true,SRC-SYNTH,2026-09-05T00:00:00+08:00,0.88,synthetic,not_applicable,,team_generated,false,dev
JOB-AI-APP-0038-SKILL-039,JOB-AI-APP-0038,SKILL-039,48,0.066667,preferred,1.1.0,synthetic,true,SRC-SYNTH,2026-09-05T00:00:00+08:00,0.88,synthetic,not_applicable,,team_generated,false,dev
JOB-AI-APP-0038-SKILL-043,JOB-AI-APP-0038,SKILL-043,48,0.066662,preferred,1.1.0,synthetic,true,SRC-SYNTH,2026-09-05T00:00:00+08:00,0.88,synthetic,not_applicable,,team_generated,false,dev
JOB-AI-APP-0039-SKILL-009,JOB-AI-APP-0039,SKILL-009,68,0.0625,required,1.1.0,synthetic,true,SRC-SYNTH,2026-09-05T00:00:00+08:00,0.88,synthetic,not_applicable,,team_generated,false,dev
JOB-AI-APP-0039-SKILL-025,JOB-AI-APP-0039,SKILL-025,62,0.0625,required,1.1.0,synthetic,true,SRC-SYNTH,2026-09-05T00:00:00+08:00,0.88,synthetic,not_applicable,,team_generated,false,dev
JOB-AI-APP-0039-SKILL-026,JOB-AI-APP-0039,SKILL-026,62,0.0625,required,1.1.0,synthetic,true,SRC-SYNTH,2026-09-05T00:00:00+08:00,0.88,synthetic,not_applicable,,team_generated,false,dev
JOB-AI-APP-0039-SKILL-027,JOB-AI-APP-0039,SKILL-027,62,0.0625,required,1.1.0,synthetic,true,SRC-SYNTH,2026-09-05T00:00:00+08:00,0.88,synthetic,not_applicable,,team_generated,false,dev
JOB-AI-APP-0039-SKILL-028,JOB-AI-APP-0039,SKILL-028,61,0.0625,required,1.1.0,synthetic,true,SRC-SYNTH,2026-09-05T00:00:00+08:00,0.88,synthetic,not_applicable,,team_generated,false,dev
JOB-AI-APP-0039-SKILL-029,JOB-AI-APP-0039,SKILL-029,61,0.0625,required,1.1.0,synthetic,true,SRC-SYNTH,2026-09-05T00:00:00+08:00,0.88,synthetic,not_applicable,,team_generated,false,dev
JOB-AI-APP-0039-SKILL-030,JOB-AI-APP-0039,SKILL-030,55,0.0625,required,1.1.0,synthetic,true,SRC-SYNTH,2026-09-05T00:00:00+08:00,0.88,synthetic,not_applicable,,team_generated,false,dev
JOB-AI-APP-0039-SKILL-034,JOB-AI-APP-0039,SKILL-034,55,0.0625,required,1.1.0,synthetic,true,SRC-SYNTH,2026-09-05T00:00:00+08:00,0.88,synthetic,not_applicable,,team_generated,false,dev
JOB-AI-APP-0039-SKILL-035,JOB-AI-APP-0039,SKILL-035,55,0.0625,required,1.1.0,synthetic,true,SRC-SYNTH,2026-09-05T00:00:00+08:00,0.88,synthetic,not_applicable,,team_generated,false,dev
JOB-AI-APP-0039-SKILL-036,JOB-AI-APP-0039,SKILL-036,54,0.0625,required,1.1.0,synthetic,true,SRC-SYNTH,2026-09-05T00:00:00+08:00,0.88,synthetic,not_applicable,,team_generated,false,dev
JOB-AI-APP-0039-SKILL-037,JOB-AI-APP-0039,SKILL-037,54,0.0625,required,1.1.0,synthetic,true,SRC-SYNTH,2026-09-05T00:00:00+08:00,0.88,synthetic,not_applicable,,team_generated,false,dev
JOB-AI-APP-0039-SKILL-038,JOB-AI-APP-0039,SKILL-038,48,0.0625,preferred,1.1.0,synthetic,true,SRC-SYNTH,2026-09-05T00:00:00+08:00,0.88,synthetic,not_applicable,,team_generated,false,dev
JOB-AI-APP-0039-SKILL-039,JOB-AI-APP-0039,SKILL-039,48,0.0625,preferred,1.1.0,synthetic,true,SRC-SYNTH,2026-09-05T00:00:00+08:00,0.88,synthetic,not_applicable,,team_generated,false,dev
JOB-AI-APP-0039-SKILL-043,JOB-AI-APP-0039,SKILL-043,48,0.0625,preferred,1.1.0,synthetic,true,SRC-SYNTH,2026-09-05T00:00:00+08:00,0.88,synthetic,not_applicable,,team_generated,false,dev
JOB-AI-APP-0039-SKILL-050,JOB-AI-APP-0039,SKILL-050,48,0.0625,preferred,1.1.0,synthetic,true,SRC-SYNTH,2026-09-05T00:00:00+08:00,0.88,synthetic,not_applicable,,team_generated,false,dev
JOB-AI-APP-0039-SKILL-001,JOB-AI-APP-0039,SKILL-001,72,0.0625,preferred,1.1.0,synthetic,true,SRC-SYNTH,2026-09-05T00:00:00+08:00,0.88,synthetic,not_applicable,,team_generated,false,dev
JOB-AI-APP-0040-SKILL-025,JOB-AI-APP-0040,SKILL-025,62,0.058824,required,1.1.0,synthetic,true,SRC-SYNTH,2026-09-05T00:00:00+08:00,0.88,synthetic,not_applicable,,team_generated,false,dev
JOB-AI-APP-0040-SKILL-026,JOB-AI-APP-0040,SKILL-026,62,0.058824,required,1.1.0,synthetic,true,SRC-SYNTH,2026-09-05T00:00:00+08:00,0.88,synthetic,not_applicable,,team_generated,false,dev
JOB-AI-APP-0040-SKILL-027,JOB-AI-APP-0040,SKILL-027,62,0.058824,required,1.1.0,synthetic,true,SRC-SYNTH,2026-09-05T00:00:00+08:00,0.88,synthetic,not_applicable,,team_generated,false,dev
JOB-AI-APP-0040-SKILL-028,JOB-AI-APP-0040,SKILL-028,61,0.058824,required,1.1.0,synthetic,true,SRC-SYNTH,2026-09-05T00:00:00+08:00,0.88,synthetic,not_applicable,,team_generated,false,dev
JOB-AI-APP-0040-SKILL-029,JOB-AI-APP-0040,SKILL-029,61,0.058824,required,1.1.0,synthetic,true,SRC-SYNTH,2026-09-05T00:00:00+08:00,0.88,synthetic,not_applicable,,team_generated,false,dev
JOB-AI-APP-0040-SKILL-030,JOB-AI-APP-0040,SKILL-030,55,0.058824,required,1.1.0,synthetic,true,SRC-SYNTH,2026-09-05T00:00:00+08:00,0.88,synthetic,not_applicable,,team_generated,false,dev
JOB-AI-APP-0040-SKILL-034,JOB-AI-APP-0040,SKILL-034,55,0.058824,required,1.1.0,synthetic,true,SRC-SYNTH,2026-09-05T00:00:00+08:00,0.88,synthetic,not_applicable,,team_generated,false,dev
JOB-AI-APP-0040-SKILL-035,JOB-AI-APP-0040,SKILL-035,55,0.058824,required,1.1.0,synthetic,true,SRC-SYNTH,2026-09-05T00:00:00+08:00,0.88,synthetic,not_applicable,,team_generated,false,dev
JOB-AI-APP-0040-SKILL-036,JOB-AI-APP-0040,SKILL-036,54,0.058824,required,1.1.0,synthetic,true,SRC-SYNTH,2026-09-05T00:00:00+08:00,0.88,synthetic,not_applicable,,team_generated,false,dev
JOB-AI-APP-0040-SKILL-037,JOB-AI-APP-0040,SKILL-037,54,0.058824,required,1.1.0,synthetic,true,SRC-SYNTH,2026-09-05T00:00:00+08:00,0.88,synthetic,not_applicable,,team_generated,false,dev
JOB-AI-APP-0040-SKILL-038,JOB-AI-APP-0040,SKILL-038,48,0.058824,required,1.1.0,synthetic,true,SRC-SYNTH,2026-09-05T00:00:00+08:00,0.88,synthetic,not_applicable,,team_generated,false,dev
JOB-AI-APP-0040-SKILL-039,JOB-AI-APP-0040,SKILL-039,48,0.058824,required,1.1.0,synthetic,true,SRC-SYNTH,2026-09-05T00:00:00+08:00,0.88,synthetic,not_applicable,,team_generated,false,dev
JOB-AI-APP-0040-SKILL-043,JOB-AI-APP-0040,SKILL-043,48,0.058824,preferred,1.1.0,synthetic,true,SRC-SYNTH,2026-09-05T00:00:00+08:00,0.88,synthetic,not_applicable,,team_generated,false,dev
JOB-AI-APP-0040-SKILL-050,JOB-AI-APP-0040,SKILL-050,48,0.058824,preferred,1.1.0,synthetic,true,SRC-SYNTH,2026-09-05T00:00:00+08:00,0.88,synthetic,not_applicable,,team_generated,false,dev
JOB-AI-APP-0040-SKILL-001,JOB-AI-APP-0040,SKILL-001,72,0.058824,preferred,1.1.0,synthetic,true,SRC-SYNTH,2026-09-05T00:00:00+08:00,0.88,synthetic,not_applicable,,team_generated,false,dev
JOB-AI-APP-0040-SKILL-007,JOB-AI-APP-0040,SKILL-007,67,0.058824,preferred,1.1.0,synthetic,true,SRC-SYNTH,2026-09-05T00:00:00+08:00,0.88,synthetic,not_applicable,,team_generated,false,dev
JOB-AI-APP-0040-SKILL-008,JOB-AI-APP-0040,SKILL-008,66,0.058816,preferred,1.1.0,synthetic,true,SRC-SYNTH,2026-09-05T00:00:00+08:00,0.88,synthetic,not_applicable,,team_generated,false,dev
JOB-AI-APP-0041-SKILL-026,JOB-AI-APP-0041,SKILL-026,62,0.055556,required,1.1.0,synthetic,true,SRC-SYNTH,2026-09-05T00:00:00+08:00,0.88,synthetic,not_applicable,,team_generated,false,dev
JOB-AI-APP-0041-SKILL-027,JOB-AI-APP-0041,SKILL-027,62,0.055556,required,1.1.0,synthetic,true,SRC-SYNTH,2026-09-05T00:00:00+08:00,0.88,synthetic,not_applicable,,team_generated,false,dev
JOB-AI-APP-0041-SKILL-028,JOB-AI-APP-0041,SKILL-028,61,0.055556,required,1.1.0,synthetic,true,SRC-SYNTH,2026-09-05T00:00:00+08:00,0.88,synthetic,not_applicable,,team_generated,false,dev
JOB-AI-APP-0041-SKILL-029,JOB-AI-APP-0041,SKILL-029,61,0.055556,required,1.1.0,synthetic,true,SRC-SYNTH,2026-09-05T00:00:00+08:00,0.88,synthetic,not_applicable,,team_generated,false,dev
JOB-AI-APP-0041-SKILL-030,JOB-AI-APP-0041,SKILL-030,55,0.055556,required,1.1.0,synthetic,true,SRC-SYNTH,2026-09-05T00:00:00+08:00,0.88,synthetic,not_applicable,,team_generated,false,dev
JOB-AI-APP-0041-SKILL-034,JOB-AI-APP-0041,SKILL-034,55,0.055556,required,1.1.0,synthetic,true,SRC-SYNTH,2026-09-05T00:00:00+08:00,0.88,synthetic,not_applicable,,team_generated,false,dev
JOB-AI-APP-0041-SKILL-035,JOB-AI-APP-0041,SKILL-035,55,0.055556,required,1.1.0,synthetic,true,SRC-SYNTH,2026-09-05T00:00:00+08:00,0.88,synthetic,not_applicable,,team_generated,false,dev
JOB-AI-APP-0041-SKILL-036,JOB-AI-APP-0041,SKILL-036,54,0.055556,required,1.1.0,synthetic,true,SRC-SYNTH,2026-09-05T00:00:00+08:00,0.88,synthetic,not_applicable,,team_generated,false,dev
JOB-AI-APP-0041-SKILL-037,JOB-AI-APP-0041,SKILL-037,54,0.055556,required,1.1.0,synthetic,true,SRC-SYNTH,2026-09-05T00:00:00+08:00,0.88,synthetic,not_applicable,,team_generated,false,dev
JOB-AI-APP-0041-SKILL-038,JOB-AI-APP-0041,SKILL-038,48,0.055556,required,1.1.0,synthetic,true,SRC-SYNTH,2026-09-05T00:00:00+08:00,0.88,synthetic,not_applicable,,team_generated,false,dev
JOB-AI-APP-0041-SKILL-039,JOB-AI-APP-0041,SKILL-039,48,0.055556,required,1.1.0,synthetic,true,SRC-SYNTH,2026-09-05T00:00:00+08:00,0.88,synthetic,not_applicable,,team_generated,false,dev
JOB-AI-APP-0041-SKILL-043,JOB-AI-APP-0041,SKILL-043,48,0.055556,required,1.1.0,synthetic,true,SRC-SYNTH,2026-09-05T00:00:00+08:00,0.88,synthetic,not_applicable,,team_generated,false,dev
JOB-AI-APP-0041-SKILL-050,JOB-AI-APP-0041,SKILL-050,48,0.055556,preferred,1.1.0,synthetic,true,SRC-SYNTH,2026-09-05T00:00:00+08:00,0.88,synthetic,not_applicable,,team_generated,false,dev
JOB-AI-APP-0041-SKILL-001,JOB-AI-APP-0041,SKILL-001,72,0.055556,preferred,1.1.0,synthetic,true,SRC-SYNTH,2026-09-05T00:00:00+08:00,0.88,synthetic,not_applicable,,team_generated,false,dev
JOB-AI-APP-0041-SKILL-007,JOB-AI-APP-0041,SKILL-007,67,0.055556,preferred,1.1.0,synthetic,true,SRC-SYNTH,2026-09-05T00:00:00+08:00,0.88,synthetic,not_applicable,,team_generated,false,dev
JOB-AI-APP-0041-SKILL-008,JOB-AI-APP-0041,SKILL-008,66,0.055556,preferred,1.1.0,synthetic,true,SRC-SYNTH,2026-09-05T00:00:00+08:00,0.88,synthetic,not_applicable,,team_generated,false,dev
JOB-AI-APP-0041-SKILL-009,JOB-AI-APP-0041,SKILL-009,66,0.055556,preferred,1.1.0,synthetic,true,SRC-SYNTH,2026-09-05T00:00:00+08:00,0.88,synthetic,not_applicable,,team_generated,false,dev
JOB-AI-APP-0041-SKILL-025,JOB-AI-APP-0041,SKILL-025,65,0.055548,preferred,1.1.0,synthetic,true,SRC-SYNTH,2026-09-05T00:00:00+08:00,0.88,synthetic,not_applicable,,team_generated,false,dev
JOB-AI-APP-0042-SKILL-027,JOB-AI-APP-0042,SKILL-027,62,0.083333,required,1.1.0,synthetic,true,SRC-SYNTH,2026-09-05T00:00:00+08:00,0.88,synthetic,not_applicable,,team_generated,false,dev
JOB-AI-APP-0042-SKILL-028,JOB-AI-APP-0042,SKILL-028,61,0.083333,required,1.1.0,synthetic,true,SRC-SYNTH,2026-09-05T00:00:00+08:00,0.88,synthetic,not_applicable,,team_generated,false,dev
JOB-AI-APP-0042-SKILL-029,JOB-AI-APP-0042,SKILL-029,61,0.083333,required,1.1.0,synthetic,true,SRC-SYNTH,2026-09-05T00:00:00+08:00,0.88,synthetic,not_applicable,,team_generated,false,dev
JOB-AI-APP-0042-SKILL-030,JOB-AI-APP-0042,SKILL-030,55,0.083333,required,1.1.0,synthetic,true,SRC-SYNTH,2026-09-05T00:00:00+08:00,0.88,synthetic,not_applicable,,team_generated,false,dev
JOB-AI-APP-0042-SKILL-034,JOB-AI-APP-0042,SKILL-034,55,0.083333,required,1.1.0,synthetic,true,SRC-SYNTH,2026-09-05T00:00:00+08:00,0.88,synthetic,not_applicable,,team_generated,false,dev
JOB-AI-APP-0042-SKILL-035,JOB-AI-APP-0042,SKILL-035,55,0.083333,required,1.1.0,synthetic,true,SRC-SYNTH,2026-09-05T00:00:00+08:00,0.88,synthetic,not_applicable,,team_generated,false,dev
JOB-AI-APP-0042-SKILL-036,JOB-AI-APP-0042,SKILL-036,54,0.083333,required,1.1.0,synthetic,true,SRC-SYNTH,2026-09-05T00:00:00+08:00,0.88,synthetic,not_applicable,,team_generated,false,dev
JOB-AI-APP-0042-SKILL-037,JOB-AI-APP-0042,SKILL-037,54,0.083333,required,1.1.0,synthetic,true,SRC-SYNTH,2026-09-05T00:00:00+08:00,0.88,synthetic,not_applicable,,team_generated,false,dev
JOB-AI-APP-0042-SKILL-038,JOB-AI-APP-0042,SKILL-038,48,0.083333,preferred,1.1.0,synthetic,true,SRC-SYNTH,2026-09-05T00:00:00+08:00,0.88,synthetic,not_applicable,,team_generated,false,dev
JOB-AI-APP-0042-SKILL-039,JOB-AI-APP-0042,SKILL-039,48,0.083333,preferred,1.1.0,synthetic,true,SRC-SYNTH,2026-09-05T00:00:00+08:00,0.88,synthetic,not_applicable,,team_generated,false,dev
JOB-AI-APP-0042-SKILL-043,JOB-AI-APP-0042,SKILL-043,48,0.083333,preferred,1.1.0,synthetic,true,SRC-SYNTH,2026-09-05T00:00:00+08:00,0.88,synthetic,not_applicable,,team_generated,false,dev
JOB-AI-APP-0042-SKILL-050,JOB-AI-APP-0042,SKILL-050,48,0.083337,preferred,1.1.0,synthetic,true,SRC-SYNTH,2026-09-05T00:00:00+08:00,0.88,synthetic,not_applicable,,team_generated,false,dev
JOB-AI-APP-0043-SKILL-028,JOB-AI-APP-0043,SKILL-028,61,0.076923,required,1.1.0,synthetic,true,SRC-SYNTH,2026-09-05T00:00:00+08:00,0.88,synthetic,not_applicable,,team_generated,false,dev
JOB-AI-APP-0043-SKILL-029,JOB-AI-APP-0043,SKILL-029,61,0.076923,required,1.1.0,synthetic,true,SRC-SYNTH,2026-09-05T00:00:00+08:00,0.88,synthetic,not_applicable,,team_generated,false,dev
JOB-AI-APP-0043-SKILL-030,JOB-AI-APP-0043,SKILL-030,55,0.076923,required,1.1.0,synthetic,true,SRC-SYNTH,2026-09-05T00:00:00+08:00,0.88,synthetic,not_applicable,,team_generated,false,dev
JOB-AI-APP-0043-SKILL-034,JOB-AI-APP-0043,SKILL-034,55,0.076923,required,1.1.0,synthetic,true,SRC-SYNTH,2026-09-05T00:00:00+08:00,0.88,synthetic,not_applicable,,team_generated,false,dev
JOB-AI-APP-0043-SKILL-035,JOB-AI-APP-0043,SKILL-035,55,0.076923,required,1.1.0,synthetic,true,SRC-SYNTH,2026-09-05T00:00:00+08:00,0.88,synthetic,not_applicable,,team_generated,false,dev
JOB-AI-APP-0043-SKILL-036,JOB-AI-APP-0043,SKILL-036,54,0.076923,required,1.1.0,synthetic,true,SRC-SYNTH,2026-09-05T00:00:00+08:00,0.88,synthetic,not_applicable,,team_generated,false,dev
JOB-AI-APP-0043-SKILL-037,JOB-AI-APP-0043,SKILL-037,54,0.076923,required,1.1.0,synthetic,true,SRC-SYNTH,2026-09-05T00:00:00+08:00,0.88,synthetic,not_applicable,,team_generated,false,dev
JOB-AI-APP-0043-SKILL-038,JOB-AI-APP-0043,SKILL-038,48,0.076923,required,1.1.0,synthetic,true,SRC-SYNTH,2026-09-05T00:00:00+08:00,0.88,synthetic,not_applicable,,team_generated,false,dev
JOB-AI-APP-0043-SKILL-039,JOB-AI-APP-0043,SKILL-039,48,0.076923,required,1.1.0,synthetic,true,SRC-SYNTH,2026-09-05T00:00:00+08:00,0.88,synthetic,not_applicable,,team_generated,false,dev
JOB-AI-APP-0043-SKILL-043,JOB-AI-APP-0043,SKILL-043,48,0.076923,preferred,1.1.0,synthetic,true,SRC-SYNTH,2026-09-05T00:00:00+08:00,0.88,synthetic,not_applicable,,team_generated,false,dev
JOB-AI-APP-0043-SKILL-050,JOB-AI-APP-0043,SKILL-050,48,0.076923,preferred,1.1.0,synthetic,true,SRC-SYNTH,2026-09-05T00:00:00+08:00,0.88,synthetic,not_applicable,,team_generated,false,dev
JOB-AI-APP-0043-SKILL-001,JOB-AI-APP-0043,SKILL-001,72,0.076923,preferred,1.1.0,synthetic,true,SRC-SYNTH,2026-09-05T00:00:00+08:00,0.88,synthetic,not_applicable,,team_generated,false,dev
JOB-AI-APP-0043-SKILL-007,JOB-AI-APP-0043,SKILL-007,67,0.076924,preferred,1.1.0,synthetic,true,SRC-SYNTH,2026-09-05T00:00:00+08:00,0.88,synthetic,not_applicable,,team_generated,false,dev
JOB-AI-APP-0044-SKILL-029,JOB-AI-APP-0044,SKILL-029,61,0.071429,required,1.1.0,synthetic,true,SRC-SYNTH,2026-09-05T00:00:00+08:00,0.88,synthetic,not_applicable,,team_generated,false,dev
JOB-AI-APP-0044-SKILL-030,JOB-AI-APP-0044,SKILL-030,55,0.071429,required,1.1.0,synthetic,true,SRC-SYNTH,2026-09-05T00:00:00+08:00,0.88,synthetic,not_applicable,,team_generated,false,dev
JOB-AI-APP-0044-SKILL-034,JOB-AI-APP-0044,SKILL-034,55,0.071429,required,1.1.0,synthetic,true,SRC-SYNTH,2026-09-05T00:00:00+08:00,0.88,synthetic,not_applicable,,team_generated,false,dev
JOB-AI-APP-0044-SKILL-035,JOB-AI-APP-0044,SKILL-035,55,0.071429,required,1.1.0,synthetic,true,SRC-SYNTH,2026-09-05T00:00:00+08:00,0.88,synthetic,not_applicable,,team_generated,false,dev
JOB-AI-APP-0044-SKILL-036,JOB-AI-APP-0044,SKILL-036,54,0.071429,required,1.1.0,synthetic,true,SRC-SYNTH,2026-09-05T00:00:00+08:00,0.88,synthetic,not_applicable,,team_generated,false,dev
JOB-AI-APP-0044-SKILL-037,JOB-AI-APP-0044,SKILL-037,54,0.071429,required,1.1.0,synthetic,true,SRC-SYNTH,2026-09-05T00:00:00+08:00,0.88,synthetic,not_applicable,,team_generated,false,dev
JOB-AI-APP-0044-SKILL-038,JOB-AI-APP-0044,SKILL-038,48,0.071429,required,1.1.0,synthetic,true,SRC-SYNTH,2026-09-05T00:00:00+08:00,0.88,synthetic,not_applicable,,team_generated,false,dev
JOB-AI-APP-0044-SKILL-039,JOB-AI-APP-0044,SKILL-039,48,0.071429,required,1.1.0,synthetic,true,SRC-SYNTH,2026-09-05T00:00:00+08:00,0.88,synthetic,not_applicable,,team_generated,false,dev
JOB-AI-APP-0044-SKILL-043,JOB-AI-APP-0044,SKILL-043,48,0.071429,required,1.1.0,synthetic,true,SRC-SYNTH,2026-09-05T00:00:00+08:00,0.88,synthetic,not_applicable,,team_generated,false,dev
JOB-AI-APP-0044-SKILL-050,JOB-AI-APP-0044,SKILL-050,48,0.071429,required,1.1.0,synthetic,true,SRC-SYNTH,2026-09-05T00:00:00+08:00,0.88,synthetic,not_applicable,,team_generated,false,dev
JOB-AI-APP-0044-SKILL-001,JOB-AI-APP-0044,SKILL-001,72,0.071429,preferred,1.1.0,synthetic,true,SRC-SYNTH,2026-09-05T00:00:00+08:00,0.88,synthetic,not_applicable,,team_generated,false,dev
JOB-AI-APP-0044-SKILL-007,JOB-AI-APP-0044,SKILL-007,67,0.071429,preferred,1.1.0,synthetic,true,SRC-SYNTH,2026-09-05T00:00:00+08:00,0.88,synthetic,not_applicable,,team_generated,false,dev
JOB-AI-APP-0044-SKILL-008,JOB-AI-APP-0044,SKILL-008,66,0.071429,preferred,1.1.0,synthetic,true,SRC-SYNTH,2026-09-05T00:00:00+08:00,0.88,synthetic,not_applicable,,team_generated,false,dev
JOB-AI-APP-0044-SKILL-009,JOB-AI-APP-0044,SKILL-009,66,0.071423,preferred,1.1.0,synthetic,true,SRC-SYNTH,2026-09-05T00:00:00+08:00,0.88,synthetic,not_applicable,,team_generated,false,dev
JOB-AI-APP-0045-SKILL-030,JOB-AI-APP-0045,SKILL-030,55,0.066667,required,1.1.0,synthetic,true,SRC-SYNTH,2026-09-05T00:00:00+08:00,0.88,synthetic,not_applicable,,team_generated,false,dev
JOB-AI-APP-0045-SKILL-034,JOB-AI-APP-0045,SKILL-034,55,0.066667,required,1.1.0,synthetic,true,SRC-SYNTH,2026-09-05T00:00:00+08:00,0.88,synthetic,not_applicable,,team_generated,false,dev
JOB-AI-APP-0045-SKILL-035,JOB-AI-APP-0045,SKILL-035,55,0.066667,required,1.1.0,synthetic,true,SRC-SYNTH,2026-09-05T00:00:00+08:00,0.88,synthetic,not_applicable,,team_generated,false,dev
JOB-AI-APP-0045-SKILL-036,JOB-AI-APP-0045,SKILL-036,54,0.066667,required,1.1.0,synthetic,true,SRC-SYNTH,2026-09-05T00:00:00+08:00,0.88,synthetic,not_applicable,,team_generated,false,dev
JOB-AI-APP-0045-SKILL-037,JOB-AI-APP-0045,SKILL-037,54,0.066667,required,1.1.0,synthetic,true,SRC-SYNTH,2026-09-05T00:00:00+08:00,0.88,synthetic,not_applicable,,team_generated,false,dev
JOB-AI-APP-0045-SKILL-038,JOB-AI-APP-0045,SKILL-038,48,0.066667,required,1.1.0,synthetic,true,SRC-SYNTH,2026-09-05T00:00:00+08:00,0.88,synthetic,not_applicable,,team_generated,false,dev
JOB-AI-APP-0045-SKILL-039,JOB-AI-APP-0045,SKILL-039,48,0.066667,required,1.1.0,synthetic,true,SRC-SYNTH,2026-09-05T00:00:00+08:00,0.88,synthetic,not_applicable,,team_generated,false,dev
JOB-AI-APP-0045-SKILL-043,JOB-AI-APP-0045,SKILL-043,48,0.066667,required,1.1.0,synthetic,true,SRC-SYNTH,2026-09-05T00:00:00+08:00,0.88,synthetic,not_applicable,,team_generated,false,dev
JOB-AI-APP-0045-SKILL-050,JOB-AI-APP-0045,SKILL-050,48,0.066667,required,1.1.0,synthetic,true,SRC-SYNTH,2026-09-05T00:00:00+08:00,0.88,synthetic,not_applicable,,team_generated,false,dev
JOB-AI-APP-0045-SKILL-001,JOB-AI-APP-0045,SKILL-001,72,0.066667,required,1.1.0,synthetic,true,SRC-SYNTH,2026-09-05T00:00:00+08:00,0.88,synthetic,not_applicable,,team_generated,false,dev
JOB-AI-APP-0045-SKILL-007,JOB-AI-APP-0045,SKILL-007,67,0.066667,preferred,1.1.0,synthetic,true,SRC-SYNTH,2026-09-05T00:00:00+08:00,0.88,synthetic,not_applicable,,team_generated,false,dev
JOB-AI-APP-0045-SKILL-008,JOB-AI-APP-0045,SKILL-008,66,0.066667,preferred,1.1.0,synthetic,true,SRC-SYNTH,2026-09-05T00:00:00+08:00,0.88,synthetic,not_applicable,,team_generated,false,dev
JOB-AI-APP-0045-SKILL-009,JOB-AI-APP-0045,SKILL-009,66,0.066667,preferred,1.1.0,synthetic,true,SRC-SYNTH,2026-09-05T00:00:00+08:00,0.88,synthetic,not_applicable,,team_generated,false,dev
JOB-AI-APP-0045-SKILL-025,JOB-AI-APP-0045,SKILL-025,65,0.066667,preferred,1.1.0,synthetic,true,SRC-SYNTH,2026-09-05T00:00:00+08:00,0.88,synthetic,not_applicable,,team_generated,false,dev
JOB-AI-APP-0045-SKILL-026,JOB-AI-APP-0045,SKILL-026,65,0.066662,preferred,1.1.0,synthetic,true,SRC-SYNTH,2026-09-05T00:00:00+08:00,0.88,synthetic,not_applicable,,team_generated,false,dev
JOB-AI-APP-0046-SKILL-034,JOB-AI-APP-0046,SKILL-034,55,0.0625,required,1.1.0,synthetic,true,SRC-SYNTH,2026-09-05T00:00:00+08:00,0.88,synthetic,not_applicable,,team_generated,false,dev
JOB-AI-APP-0046-SKILL-035,JOB-AI-APP-0046,SKILL-035,55,0.0625,required,1.1.0,synthetic,true,SRC-SYNTH,2026-09-05T00:00:00+08:00,0.88,synthetic,not_applicable,,team_generated,false,dev
JOB-AI-APP-0046-SKILL-036,JOB-AI-APP-0046,SKILL-036,54,0.0625,required,1.1.0,synthetic,true,SRC-SYNTH,2026-09-05T00:00:00+08:00,0.88,synthetic,not_applicable,,team_generated,false,dev
JOB-AI-APP-0046-SKILL-037,JOB-AI-APP-0046,SKILL-037,54,0.0625,required,1.1.0,synthetic,true,SRC-SYNTH,2026-09-05T00:00:00+08:00,0.88,synthetic,not_applicable,,team_generated,false,dev
JOB-AI-APP-0046-SKILL-038,JOB-AI-APP-0046,SKILL-038,48,0.0625,required,1.1.0,synthetic,true,SRC-SYNTH,2026-09-05T00:00:00+08:00,0.88,synthetic,not_applicable,,team_generated,false,dev
JOB-AI-APP-0046-SKILL-039,JOB-AI-APP-0046,SKILL-039,48,0.0625,required,1.1.0,synthetic,true,SRC-SYNTH,2026-09-05T00:00:00+08:00,0.88,synthetic,not_applicable,,team_generated,false,dev
JOB-AI-APP-0046-SKILL-043,JOB-AI-APP-0046,SKILL-043,48,0.0625,required,1.1.0,synthetic,true,SRC-SYNTH,2026-09-05T00:00:00+08:00,0.88,synthetic,not_applicable,,team_generated,false,dev
JOB-AI-APP-0046-SKILL-050,JOB-AI-APP-0046,SKILL-050,48,0.0625,required,1.1.0,synthetic,true,SRC-SYNTH,2026-09-05T00:00:00+08:00,0.88,synthetic,not_applicable,,team_generated,false,dev
JOB-AI-APP-0046-SKILL-001,JOB-AI-APP-0046,SKILL-001,72,0.0625,required,1.1.0,synthetic,true,SRC-SYNTH,2026-09-05T00:00:00+08:00,0.88,synthetic,not_applicable,,team_generated,false,dev
JOB-AI-APP-0046-SKILL-007,JOB-AI-APP-0046,SKILL-007,67,0.0625,required,1.1.0,synthetic,true,SRC-SYNTH,2026-09-05T00:00:00+08:00,0.88,synthetic,not_applicable,,team_generated,false,dev
JOB-AI-APP-0046-SKILL-008,JOB-AI-APP-0046,SKILL-008,66,0.0625,required,1.1.0,synthetic,true,SRC-SYNTH,2026-09-05T00:00:00+08:00,0.88,synthetic,not_applicable,,team_generated,false,dev
JOB-AI-APP-0046-SKILL-009,JOB-AI-APP-0046,SKILL-009,66,0.0625,preferred,1.1.0,synthetic,true,SRC-SYNTH,2026-09-05T00:00:00+08:00,0.88,synthetic,not_applicable,,team_generated,false,dev
JOB-AI-APP-0046-SKILL-025,JOB-AI-APP-0046,SKILL-025,65,0.0625,preferred,1.1.0,synthetic,true,SRC-SYNTH,2026-09-05T00:00:00+08:00,0.88,synthetic,not_applicable,,team_generated,false,dev
JOB-AI-APP-0046-SKILL-026,JOB-AI-APP-0046,SKILL-026,65,0.0625,preferred,1.1.0,synthetic,true,SRC-SYNTH,2026-09-05T00:00:00+08:00,0.88,synthetic,not_applicable,,team_generated,false,dev
JOB-AI-APP-0046-SKILL-027,JOB-AI-APP-0046,SKILL-027,60,0.0625,preferred,1.1.0,synthetic,true,SRC-SYNTH,2026-09-05T00:00:00+08:00,0.88,synthetic,not_applicable,,team_generated,false,dev
JOB-AI-APP-0046-SKILL-028,JOB-AI-APP-0046,SKILL-028,59,0.0625,preferred,1.1.0,synthetic,true,SRC-SYNTH,2026-09-05T00:00:00+08:00,0.88,synthetic,not_applicable,,team_generated,false,dev
JOB-AI-APP-0047-SKILL-035,JOB-AI-APP-0047,SKILL-035,55,0.058824,required,1.1.0,synthetic,true,SRC-SYNTH,2026-09-05T00:00:00+08:00,0.88,synthetic,not_applicable,,team_generated,false,dev
JOB-AI-APP-0047-SKILL-036,JOB-AI-APP-0047,SKILL-036,54,0.058824,required,1.1.0,synthetic,true,SRC-SYNTH,2026-09-05T00:00:00+08:00,0.88,synthetic,not_applicable,,team_generated,false,dev
JOB-AI-APP-0047-SKILL-037,JOB-AI-APP-0047,SKILL-037,54,0.058824,required,1.1.0,synthetic,true,SRC-SYNTH,2026-09-05T00:00:00+08:00,0.88,synthetic,not_applicable,,team_generated,false,dev
JOB-AI-APP-0047-SKILL-038,JOB-AI-APP-0047,SKILL-038,48,0.058824,required,1.1.0,synthetic,true,SRC-SYNTH,2026-09-05T00:00:00+08:00,0.88,synthetic,not_applicable,,team_generated,false,dev
JOB-AI-APP-0047-SKILL-039,JOB-AI-APP-0047,SKILL-039,48,0.058824,required,1.1.0,synthetic,true,SRC-SYNTH,2026-09-05T00:00:00+08:00,0.88,synthetic,not_applicable,,team_generated,false,dev
JOB-AI-APP-0047-SKILL-043,JOB-AI-APP-0047,SKILL-043,48,0.058824,required,1.1.0,synthetic,true,SRC-SYNTH,2026-09-05T00:00:00+08:00,0.88,synthetic,not_applicable,,team_generated,false,dev
JOB-AI-APP-0047-SKILL-050,JOB-AI-APP-0047,SKILL-050,48,0.058824,required,1.1.0,synthetic,true,SRC-SYNTH,2026-09-05T00:00:00+08:00,0.88,synthetic,not_applicable,,team_generated,false,dev
JOB-AI-APP-0047-SKILL-001,JOB-AI-APP-0047,SKILL-001,72,0.058824,required,1.1.0,synthetic,true,SRC-SYNTH,2026-09-05T00:00:00+08:00,0.88,synthetic,not_applicable,,team_generated,false,dev
JOB-AI-APP-0047-SKILL-007,JOB-AI-APP-0047,SKILL-007,67,0.058824,required,1.1.0,synthetic,true,SRC-SYNTH,2026-09-05T00:00:00+08:00,0.88,synthetic,not_applicable,,team_generated,false,dev
JOB-AI-APP-0047-SKILL-008,JOB-AI-APP-0047,SKILL-008,66,0.058824,required,1.1.0,synthetic,true,SRC-SYNTH,2026-09-05T00:00:00+08:00,0.88,synthetic,not_applicable,,team_generated,false,dev
JOB-AI-APP-0047-SKILL-009,JOB-AI-APP-0047,SKILL-009,66,0.058824,required,1.1.0,synthetic,true,SRC-SYNTH,2026-09-05T00:00:00+08:00,0.88,synthetic,not_applicable,,team_generated,false,dev
JOB-AI-APP-0047-SKILL-025,JOB-AI-APP-0047,SKILL-025,65,0.058824,required,1.1.0,synthetic,true,SRC-SYNTH,2026-09-05T00:00:00+08:00,0.88,synthetic,not_applicable,,team_generated,false,dev
JOB-AI-APP-0047-SKILL-026,JOB-AI-APP-0047,SKILL-026,65,0.058824,preferred,1.1.0,synthetic,true,SRC-SYNTH,2026-09-05T00:00:00+08:00,0.88,synthetic,not_applicable,,team_generated,false,dev
JOB-AI-APP-0047-SKILL-027,JOB-AI-APP-0047,SKILL-027,60,0.058824,preferred,1.1.0,synthetic,true,SRC-SYNTH,2026-09-05T00:00:00+08:00,0.88,synthetic,not_applicable,,team_generated,false,dev
JOB-AI-APP-0047-SKILL-028,JOB-AI-APP-0047,SKILL-028,59,0.058824,preferred,1.1.0,synthetic,true,SRC-SYNTH,2026-09-05T00:00:00+08:00,0.88,synthetic,not_applicable,,team_generated,false,dev
JOB-AI-APP-0047-SKILL-029,JOB-AI-APP-0047,SKILL-029,59,0.058824,preferred,1.1.0,synthetic,true,SRC-SYNTH,2026-09-05T00:00:00+08:00,0.88,synthetic,not_applicable,,team_generated,false,dev
JOB-AI-APP-0047-SKILL-030,JOB-AI-APP-0047,SKILL-030,58,0.058816,preferred,1.1.0,synthetic,true,SRC-SYNTH,2026-09-05T00:00:00+08:00,0.88,synthetic,not_applicable,,team_generated,false,dev
JOB-AI-APP-0048-SKILL-036,JOB-AI-APP-0048,SKILL-036,54,0.055556,required,1.1.0,synthetic,true,SRC-SYNTH,2026-09-05T00:00:00+08:00,0.88,synthetic,not_applicable,,team_generated,false,dev
JOB-AI-APP-0048-SKILL-037,JOB-AI-APP-0048,SKILL-037,54,0.055556,required,1.1.0,synthetic,true,SRC-SYNTH,2026-09-05T00:00:00+08:00,0.88,synthetic,not_applicable,,team_generated,false,dev
JOB-AI-APP-0048-SKILL-038,JOB-AI-APP-0048,SKILL-038,48,0.055556,required,1.1.0,synthetic,true,SRC-SYNTH,2026-09-05T00:00:00+08:00,0.88,synthetic,not_applicable,,team_generated,false,dev
JOB-AI-APP-0048-SKILL-039,JOB-AI-APP-0048,SKILL-039,48,0.055556,required,1.1.0,synthetic,true,SRC-SYNTH,2026-09-05T00:00:00+08:00,0.88,synthetic,not_applicable,,team_generated,false,dev
JOB-AI-APP-0048-SKILL-043,JOB-AI-APP-0048,SKILL-043,48,0.055556,required,1.1.0,synthetic,true,SRC-SYNTH,2026-09-05T00:00:00+08:00,0.88,synthetic,not_applicable,,team_generated,false,dev
JOB-AI-APP-0048-SKILL-050,JOB-AI-APP-0048,SKILL-050,48,0.055556,required,1.1.0,synthetic,true,SRC-SYNTH,2026-09-05T00:00:00+08:00,0.88,synthetic,not_applicable,,team_generated,false,dev
JOB-AI-APP-0048-SKILL-001,JOB-AI-APP-0048,SKILL-001,72,0.055556,required,1.1.0,synthetic,true,SRC-SYNTH,2026-09-05T00:00:00+08:00,0.88,synthetic,not_applicable,,team_generated,false,dev
JOB-AI-APP-0048-SKILL-007,JOB-AI-APP-0048,SKILL-007,67,0.055556,required,1.1.0,synthetic,true,SRC-SYNTH,2026-09-05T00:00:00+08:00,0.88,synthetic,not_applicable,,team_generated,false,dev
JOB-AI-APP-0048-SKILL-008,JOB-AI-APP-0048,SKILL-008,66,0.055556,required,1.1.0,synthetic,true,SRC-SYNTH,2026-09-05T00:00:00+08:00,0.88,synthetic,not_applicable,,team_generated,false,dev
JOB-AI-APP-0048-SKILL-009,JOB-AI-APP-0048,SKILL-009,66,0.055556,required,1.1.0,synthetic,true,SRC-SYNTH,2026-09-05T00:00:00+08:00,0.88,synthetic,not_applicable,,team_generated,false,dev
JOB-AI-APP-0048-SKILL-025,JOB-AI-APP-0048,SKILL-025,65,0.055556,required,1.1.0,synthetic,true,SRC-SYNTH,2026-09-05T00:00:00+08:00,0.88,synthetic,not_applicable,,team_generated,false,dev
JOB-AI-APP-0048-SKILL-026,JOB-AI-APP-0048,SKILL-026,65,0.055556,required,1.1.0,synthetic,true,SRC-SYNTH,2026-09-05T00:00:00+08:00,0.88,synthetic,not_applicable,,team_generated,false,dev
JOB-AI-APP-0048-SKILL-027,JOB-AI-APP-0048,SKILL-027,60,0.055556,preferred,1.1.0,synthetic,true,SRC-SYNTH,2026-09-05T00:00:00+08:00,0.88,synthetic,not_applicable,,team_generated,false,dev
JOB-AI-APP-0048-SKILL-028,JOB-AI-APP-0048,SKILL-028,59,0.055556,preferred,1.1.0,synthetic,true,SRC-SYNTH,2026-09-05T00:00:00+08:00,0.88,synthetic,not_applicable,,team_generated,false,dev
JOB-AI-APP-0048-SKILL-029,JOB-AI-APP-0048,SKILL-029,59,0.055556,preferred,1.1.0,synthetic,true,SRC-SYNTH,2026-09-05T00:00:00+08:00,0.88,synthetic,not_applicable,,team_generated,false,dev
JOB-AI-APP-0048-SKILL-030,JOB-AI-APP-0048,SKILL-030,58,0.055556,preferred,1.1.0,synthetic,true,SRC-SYNTH,2026-09-05T00:00:00+08:00,0.88,synthetic,not_applicable,,team_generated,false,dev
JOB-AI-APP-0048-SKILL-034,JOB-AI-APP-0048,SKILL-034,58,0.055556,preferred,1.1.0,synthetic,true,SRC-SYNTH,2026-09-05T00:00:00+08:00,0.88,synthetic,not_applicable,,team_generated,false,dev
JOB-AI-APP-0048-SKILL-035,JOB-AI-APP-0048,SKILL-035,53,0.055548,preferred,1.1.0,synthetic,true,SRC-SYNTH,2026-09-05T00:00:00+08:00,0.88,synthetic,not_applicable,,team_generated,false,dev
JOB-AI-APP-0049-SKILL-037,JOB-AI-APP-0049,SKILL-037,54,0.083333,required,1.1.0,synthetic,true,SRC-SYNTH,2026-09-05T00:00:00+08:00,0.88,synthetic,not_applicable,,team_generated,false,dev
JOB-AI-APP-0049-SKILL-038,JOB-AI-APP-0049,SKILL-038,48,0.083333,required,1.1.0,synthetic,true,SRC-SYNTH,2026-09-05T00:00:00+08:00,0.88,synthetic,not_applicable,,team_generated,false,dev
JOB-AI-APP-0049-SKILL-039,JOB-AI-APP-0049,SKILL-039,48,0.083333,required,1.1.0,synthetic,true,SRC-SYNTH,2026-09-05T00:00:00+08:00,0.88,synthetic,not_applicable,,team_generated,false,dev
JOB-AI-APP-0049-SKILL-043,JOB-AI-APP-0049,SKILL-043,48,0.083333,required,1.1.0,synthetic,true,SRC-SYNTH,2026-09-05T00:00:00+08:00,0.88,synthetic,not_applicable,,team_generated,false,dev
JOB-AI-APP-0049-SKILL-050,JOB-AI-APP-0049,SKILL-050,48,0.083333,required,1.1.0,synthetic,true,SRC-SYNTH,2026-09-05T00:00:00+08:00,0.88,synthetic,not_applicable,,team_generated,false,dev
JOB-AI-APP-0049-SKILL-001,JOB-AI-APP-0049,SKILL-001,72,0.083333,required,1.1.0,synthetic,true,SRC-SYNTH,2026-09-05T00:00:00+08:00,0.88,synthetic,not_applicable,,team_generated,false,dev
JOB-AI-APP-0049-SKILL-007,JOB-AI-APP-0049,SKILL-007,67,0.083333,required,1.1.0,synthetic,true,SRC-SYNTH,2026-09-05T00:00:00+08:00,0.88,synthetic,not_applicable,,team_generated,false,dev
JOB-AI-APP-0049-SKILL-008,JOB-AI-APP-0049,SKILL-008,66,0.083333,required,1.1.0,synthetic,true,SRC-SYNTH,2026-09-05T00:00:00+08:00,0.88,synthetic,not_applicable,,team_generated,false,dev
JOB-AI-APP-0049-SKILL-009,JOB-AI-APP-0049,SKILL-009,66,0.083333,preferred,1.1.0,synthetic,true,SRC-SYNTH,2026-09-05T00:00:00+08:00,0.88,synthetic,not_applicable,,team_generated,false,dev
JOB-AI-APP-0049-SKILL-025,JOB-AI-APP-0049,SKILL-025,65,0.083333,preferred,1.1.0,synthetic,true,SRC-SYNTH,2026-09-05T00:00:00+08:00,0.88,synthetic,not_applicable,,team_generated,false,dev
JOB-AI-APP-0049-SKILL-026,JOB-AI-APP-0049,SKILL-026,65,0.083333,preferred,1.1.0,synthetic,true,SRC-SYNTH,2026-09-05T00:00:00+08:00,0.88,synthetic,not_applicable,,team_generated,false,dev
JOB-AI-APP-0049-SKILL-027,JOB-AI-APP-0049,SKILL-027,60,0.083337,preferred,1.1.0,synthetic,true,SRC-SYNTH,2026-09-05T00:00:00+08:00,0.88,synthetic,not_applicable,,team_generated,false,dev
JOB-AI-APP-0050-SKILL-038,JOB-AI-APP-0050,SKILL-038,48,0.076923,required,1.1.0,synthetic,true,SRC-SYNTH,2026-09-05T00:00:00+08:00,0.88,synthetic,not_applicable,,team_generated,false,dev
JOB-AI-APP-0050-SKILL-039,JOB-AI-APP-0050,SKILL-039,48,0.076923,required,1.1.0,synthetic,true,SRC-SYNTH,2026-09-05T00:00:00+08:00,0.88,synthetic,not_applicable,,team_generated,false,dev
JOB-AI-APP-0050-SKILL-043,JOB-AI-APP-0050,SKILL-043,48,0.076923,required,1.1.0,synthetic,true,SRC-SYNTH,2026-09-05T00:00:00+08:00,0.88,synthetic,not_applicable,,team_generated,false,dev
JOB-AI-APP-0050-SKILL-050,JOB-AI-APP-0050,SKILL-050,48,0.076923,required,1.1.0,synthetic,true,SRC-SYNTH,2026-09-05T00:00:00+08:00,0.88,synthetic,not_applicable,,team_generated,false,dev
JOB-AI-APP-0050-SKILL-001,JOB-AI-APP-0050,SKILL-001,72,0.076923,required,1.1.0,synthetic,true,SRC-SYNTH,2026-09-05T00:00:00+08:00,0.88,synthetic,not_applicable,,team_generated,false,dev
JOB-AI-APP-0050-SKILL-007,JOB-AI-APP-0050,SKILL-007,67,0.076923,required,1.1.0,synthetic,true,SRC-SYNTH,2026-09-05T00:00:00+08:00,0.88,synthetic,not_applicable,,team_generated,false,dev
JOB-AI-APP-0050-SKILL-008,JOB-AI-APP-0050,SKILL-008,66,0.076923,required,1.1.0,synthetic,true,SRC-SYNTH,2026-09-05T00:00:00+08:00,0.88,synthetic,not_applicable,,team_generated,false,dev
JOB-AI-APP-0050-SKILL-009,JOB-AI-APP-0050,SKILL-009,66,0.076923,required,1.1.0,synthetic,true,SRC-SYNTH,2026-09-05T00:00:00+08:00,0.88,synthetic,not_applicable,,team_generated,false,dev
JOB-AI-APP-0050-SKILL-025,JOB-AI-APP-0050,SKILL-025,65,0.076923,required,1.1.0,synthetic,true,SRC-SYNTH,2026-09-05T00:00:00+08:00,0.88,synthetic,not_applicable,,team_generated,false,dev
JOB-AI-APP-0050-SKILL-026,JOB-AI-APP-0050,SKILL-026,65,0.076923,preferred,1.1.0,synthetic,true,SRC-SYNTH,2026-09-05T00:00:00+08:00,0.88,synthetic,not_applicable,,team_generated,false,dev
JOB-AI-APP-0050-SKILL-027,JOB-AI-APP-0050,SKILL-027,60,0.076923,preferred,1.1.0,synthetic,true,SRC-SYNTH,2026-09-05T00:00:00+08:00,0.88,synthetic,not_applicable,,team_generated,false,dev
JOB-AI-APP-0050-SKILL-028,JOB-AI-APP-0050,SKILL-028,59,0.076923,preferred,1.1.0,synthetic,true,SRC-SYNTH,2026-09-05T00:00:00+08:00,0.88,synthetic,not_applicable,,team_generated,false,dev
JOB-AI-APP-0050-SKILL-029,JOB-AI-APP-0050,SKILL-029,59,0.076924,preferred,1.1.0,synthetic,true,SRC-SYNTH,2026-09-05T00:00:00+08:00,0.88,synthetic,not_applicable,,team_generated,false,dev
JOB-AI-APP-0051-SKILL-039,JOB-AI-APP-0051,SKILL-039,48,0.071429,required,1.1.0,synthetic,true,SRC-SYNTH,2026-09-05T00:00:00+08:00,0.88,synthetic,not_applicable,,team_generated,false,dev
JOB-AI-APP-0051-SKILL-043,JOB-AI-APP-0051,SKILL-043,48,0.071429,required,1.1.0,synthetic,true,SRC-SYNTH,2026-09-05T00:00:00+08:00,0.88,synthetic,not_applicable,,team_generated,false,dev
JOB-AI-APP-0051-SKILL-050,JOB-AI-APP-0051,SKILL-050,48,0.071429,required,1.1.0,synthetic,true,SRC-SYNTH,2026-09-05T00:00:00+08:00,0.88,synthetic,not_applicable,,team_generated,false,dev
JOB-AI-APP-0051-SKILL-001,JOB-AI-APP-0051,SKILL-001,72,0.071429,required,1.1.0,synthetic,true,SRC-SYNTH,2026-09-05T00:00:00+08:00,0.88,synthetic,not_applicable,,team_generated,false,dev
JOB-AI-APP-0051-SKILL-007,JOB-AI-APP-0051,SKILL-007,67,0.071429,required,1.1.0,synthetic,true,SRC-SYNTH,2026-09-05T00:00:00+08:00,0.88,synthetic,not_applicable,,team_generated,false,dev
JOB-AI-APP-0051-SKILL-008,JOB-AI-APP-0051,SKILL-008,66,0.071429,required,1.1.0,synthetic,true,SRC-SYNTH,2026-09-05T00:00:00+08:00,0.88,synthetic,not_applicable,,team_generated,false,dev
JOB-AI-APP-0051-SKILL-009,JOB-AI-APP-0051,SKILL-009,66,0.071429,required,1.1.0,synthetic,true,SRC-SYNTH,2026-09-05T00:00:00+08:00,0.88,synthetic,not_applicable,,team_generated,false,dev
JOB-AI-APP-0051-SKILL-025,JOB-AI-APP-0051,SKILL-025,65,0.071429,required,1.1.0,synthetic,true,SRC-SYNTH,2026-09-05T00:00:00+08:00,0.88,synthetic,not_applicable,,team_generated,false,dev
JOB-AI-APP-0051-SKILL-026,JOB-AI-APP-0051,SKILL-026,65,0.071429,required,1.1.0,synthetic,true,SRC-SYNTH,2026-09-05T00:00:00+08:00,0.88,synthetic,not_applicable,,team_generated,false,dev
JOB-AI-APP-0051-SKILL-027,JOB-AI-APP-0051,SKILL-027,60,0.071429,required,1.1.0,synthetic,true,SRC-SYNTH,2026-09-05T00:00:00+08:00,0.88,synthetic,not_applicable,,team_generated,false,dev
JOB-AI-APP-0051-SKILL-028,JOB-AI-APP-0051,SKILL-028,59,0.071429,preferred,1.1.0,synthetic,true,SRC-SYNTH,2026-09-05T00:00:00+08:00,0.88,synthetic,not_applicable,,team_generated,false,dev
JOB-AI-APP-0051-SKILL-029,JOB-AI-APP-0051,SKILL-029,59,0.071429,preferred,1.1.0,synthetic,true,SRC-SYNTH,2026-09-05T00:00:00+08:00,0.88,synthetic,not_applicable,,team_generated,false,dev
JOB-AI-APP-0051-SKILL-030,JOB-AI-APP-0051,SKILL-030,58,0.071429,preferred,1.1.0,synthetic,true,SRC-SYNTH,2026-09-05T00:00:00+08:00,0.88,synthetic,not_applicable,,team_generated,false,dev
JOB-AI-APP-0051-SKILL-034,JOB-AI-APP-0051,SKILL-034,58,0.071423,preferred,1.1.0,synthetic,true,SRC-SYNTH,2026-09-05T00:00:00+08:00,0.88,synthetic,not_applicable,,team_generated,false,dev
JOB-AI-APP-0052-SKILL-043,JOB-AI-APP-0052,SKILL-043,48,0.066667,required,1.1.0,synthetic,true,SRC-SYNTH,2026-09-05T00:00:00+08:00,0.88,synthetic,not_applicable,,team_generated,false,dev
JOB-AI-APP-0052-SKILL-050,JOB-AI-APP-0052,SKILL-050,48,0.066667,required,1.1.0,synthetic,true,SRC-SYNTH,2026-09-05T00:00:00+08:00,0.88,synthetic,not_applicable,,team_generated,false,dev
JOB-AI-APP-0052-SKILL-001,JOB-AI-APP-0052,SKILL-001,72,0.066667,required,1.1.0,synthetic,true,SRC-SYNTH,2026-09-05T00:00:00+08:00,0.88,synthetic,not_applicable,,team_generated,false,dev
JOB-AI-APP-0052-SKILL-007,JOB-AI-APP-0052,SKILL-007,67,0.066667,required,1.1.0,synthetic,true,SRC-SYNTH,2026-09-05T00:00:00+08:00,0.88,synthetic,not_applicable,,team_generated,false,dev
JOB-AI-APP-0052-SKILL-008,JOB-AI-APP-0052,SKILL-008,66,0.066667,required,1.1.0,synthetic,true,SRC-SYNTH,2026-09-05T00:00:00+08:00,0.88,synthetic,not_applicable,,team_generated,false,dev
JOB-AI-APP-0052-SKILL-009,JOB-AI-APP-0052,SKILL-009,66,0.066667,required,1.1.0,synthetic,true,SRC-SYNTH,2026-09-05T00:00:00+08:00,0.88,synthetic,not_applicable,,team_generated,false,dev
JOB-AI-APP-0052-SKILL-025,JOB-AI-APP-0052,SKILL-025,65,0.066667,required,1.1.0,synthetic,true,SRC-SYNTH,2026-09-05T00:00:00+08:00,0.88,synthetic,not_applicable,,team_generated,false,dev
JOB-AI-APP-0052-SKILL-026,JOB-AI-APP-0052,SKILL-026,65,0.066667,required,1.1.0,synthetic,true,SRC-SYNTH,2026-09-05T00:00:00+08:00,0.88,synthetic,not_applicable,,team_generated,false,dev
JOB-AI-APP-0052-SKILL-027,JOB-AI-APP-0052,SKILL-027,60,0.066667,required,1.1.0,synthetic,true,SRC-SYNTH,2026-09-05T00:00:00+08:00,0.88,synthetic,not_applicable,,team_generated,false,dev
JOB-AI-APP-0052-SKILL-028,JOB-AI-APP-0052,SKILL-028,59,0.066667,required,1.1.0,synthetic,true,SRC-SYNTH,2026-09-05T00:00:00+08:00,0.88,synthetic,not_applicable,,team_generated,false,dev
JOB-AI-APP-0052-SKILL-029,JOB-AI-APP-0052,SKILL-029,59,0.066667,preferred,1.1.0,synthetic,true,SRC-SYNTH,2026-09-05T00:00:00+08:00,0.88,synthetic,not_applicable,,team_generated,false,dev
JOB-AI-APP-0052-SKILL-030,JOB-AI-APP-0052,SKILL-030,58,0.066667,preferred,1.1.0,synthetic,true,SRC-SYNTH,2026-09-05T00:00:00+08:00,0.88,synthetic,not_applicable,,team_generated,false,dev
JOB-AI-APP-0052-SKILL-034,JOB-AI-APP-0052,SKILL-034,58,0.066667,preferred,1.1.0,synthetic,true,SRC-SYNTH,2026-09-05T00:00:00+08:00,0.88,synthetic,not_applicable,,team_generated,false,dev
JOB-AI-APP-0052-SKILL-035,JOB-AI-APP-0052,SKILL-035,53,0.066667,preferred,1.1.0,synthetic,true,SRC-SYNTH,2026-09-05T00:00:00+08:00,0.88,synthetic,not_applicable,,team_generated,false,dev
JOB-AI-APP-0052-SKILL-036,JOB-AI-APP-0052,SKILL-036,52,0.066662,preferred,1.1.0,synthetic,true,SRC-SYNTH,2026-09-05T00:00:00+08:00,0.88,synthetic,not_applicable,,team_generated,false,dev
JOB-AI-APP-0053-SKILL-050,JOB-AI-APP-0053,SKILL-050,48,0.0625,required,1.1.0,synthetic,true,SRC-SYNTH,2026-09-05T00:00:00+08:00,0.88,synthetic,not_applicable,,team_generated,false,dev
JOB-AI-APP-0053-SKILL-001,JOB-AI-APP-0053,SKILL-001,72,0.0625,required,1.1.0,synthetic,true,SRC-SYNTH,2026-09-05T00:00:00+08:00,0.88,synthetic,not_applicable,,team_generated,false,dev
JOB-AI-APP-0053-SKILL-007,JOB-AI-APP-0053,SKILL-007,67,0.0625,required,1.1.0,synthetic,true,SRC-SYNTH,2026-09-05T00:00:00+08:00,0.88,synthetic,not_applicable,,team_generated,false,dev
JOB-AI-APP-0053-SKILL-008,JOB-AI-APP-0053,SKILL-008,66,0.0625,required,1.1.0,synthetic,true,SRC-SYNTH,2026-09-05T00:00:00+08:00,0.88,synthetic,not_applicable,,team_generated,false,dev
JOB-AI-APP-0053-SKILL-009,JOB-AI-APP-0053,SKILL-009,66,0.0625,required,1.1.0,synthetic,true,SRC-SYNTH,2026-09-05T00:00:00+08:00,0.88,synthetic,not_applicable,,team_generated,false,dev
JOB-AI-APP-0053-SKILL-025,JOB-AI-APP-0053,SKILL-025,65,0.0625,required,1.1.0,synthetic,true,SRC-SYNTH,2026-09-05T00:00:00+08:00,0.88,synthetic,not_applicable,,team_generated,false,dev
JOB-AI-APP-0053-SKILL-026,JOB-AI-APP-0053,SKILL-026,65,0.0625,required,1.1.0,synthetic,true,SRC-SYNTH,2026-09-05T00:00:00+08:00,0.88,synthetic,not_applicable,,team_generated,false,dev
JOB-AI-APP-0053-SKILL-027,JOB-AI-APP-0053,SKILL-027,60,0.0625,required,1.1.0,synthetic,true,SRC-SYNTH,2026-09-05T00:00:00+08:00,0.88,synthetic,not_applicable,,team_generated,false,dev
JOB-AI-APP-0053-SKILL-028,JOB-AI-APP-0053,SKILL-028,59,0.0625,required,1.1.0,synthetic,true,SRC-SYNTH,2026-09-05T00:00:00+08:00,0.88,synthetic,not_applicable,,team_generated,false,dev
JOB-AI-APP-0053-SKILL-029,JOB-AI-APP-0053,SKILL-029,59,0.0625,required,1.1.0,synthetic,true,SRC-SYNTH,2026-09-05T00:00:00+08:00,0.88,synthetic,not_applicable,,team_generated,false,dev
JOB-AI-APP-0053-SKILL-030,JOB-AI-APP-0053,SKILL-030,58,0.0625,required,1.1.0,synthetic,true,SRC-SYNTH,2026-09-05T00:00:00+08:00,0.88,synthetic,not_applicable,,team_generated,false,dev
JOB-AI-APP-0053-SKILL-034,JOB-AI-APP-0053,SKILL-034,58,0.0625,preferred,1.1.0,synthetic,true,SRC-SYNTH,2026-09-05T00:00:00+08:00,0.88,synthetic,not_applicable,,team_generated,false,dev
JOB-AI-APP-0053-SKILL-035,JOB-AI-APP-0053,SKILL-035,53,0.0625,preferred,1.1.0,synthetic,true,SRC-SYNTH,2026-09-05T00:00:00+08:00,0.88,synthetic,not_applicable,,team_generated,false,dev
JOB-AI-APP-0053-SKILL-036,JOB-AI-APP-0053,SKILL-036,52,0.0625,preferred,1.1.0,synthetic,true,SRC-SYNTH,2026-09-05T00:00:00+08:00,0.88,synthetic,not_applicable,,team_generated,false,dev
JOB-AI-APP-0053-SKILL-037,JOB-AI-APP-0053,SKILL-037,52,0.0625,preferred,1.1.0,synthetic,true,SRC-SYNTH,2026-09-05T00:00:00+08:00,0.88,synthetic,not_applicable,,team_generated,false,dev
JOB-AI-APP-0053-SKILL-038,JOB-AI-APP-0053,SKILL-038,51,0.0625,preferred,1.1.0,synthetic,true,SRC-SYNTH,2026-09-05T00:00:00+08:00,0.88,synthetic,not_applicable,,team_generated,false,dev
JOB-AI-APP-0054-SKILL-001,JOB-AI-APP-0054,SKILL-001,72,0.058824,required,1.1.0,synthetic,true,SRC-SYNTH,2026-09-05T00:00:00+08:00,0.88,synthetic,not_applicable,,team_generated,false,dev
JOB-AI-APP-0054-SKILL-007,JOB-AI-APP-0054,SKILL-007,67,0.058824,required,1.1.0,synthetic,true,SRC-SYNTH,2026-09-05T00:00:00+08:00,0.88,synthetic,not_applicable,,team_generated,false,dev
JOB-AI-APP-0054-SKILL-008,JOB-AI-APP-0054,SKILL-008,66,0.058824,required,1.1.0,synthetic,true,SRC-SYNTH,2026-09-05T00:00:00+08:00,0.88,synthetic,not_applicable,,team_generated,false,dev
JOB-AI-APP-0054-SKILL-009,JOB-AI-APP-0054,SKILL-009,66,0.058824,required,1.1.0,synthetic,true,SRC-SYNTH,2026-09-05T00:00:00+08:00,0.88,synthetic,not_applicable,,team_generated,false,dev
JOB-AI-APP-0054-SKILL-025,JOB-AI-APP-0054,SKILL-025,65,0.058824,required,1.1.0,synthetic,true,SRC-SYNTH,2026-09-05T00:00:00+08:00,0.88,synthetic,not_applicable,,team_generated,false,dev
JOB-AI-APP-0054-SKILL-026,JOB-AI-APP-0054,SKILL-026,65,0.058824,required,1.1.0,synthetic,true,SRC-SYNTH,2026-09-05T00:00:00+08:00,0.88,synthetic,not_applicable,,team_generated,false,dev
JOB-AI-APP-0054-SKILL-027,JOB-AI-APP-0054,SKILL-027,60,0.058824,required,1.1.0,synthetic,true,SRC-SYNTH,2026-09-05T00:00:00+08:00,0.88,synthetic,not_applicable,,team_generated,false,dev
JOB-AI-APP-0054-SKILL-028,JOB-AI-APP-0054,SKILL-028,59,0.058824,required,1.1.0,synthetic,true,SRC-SYNTH,2026-09-05T00:00:00+08:00,0.88,synthetic,not_applicable,,team_generated,false,dev
JOB-AI-APP-0054-SKILL-029,JOB-AI-APP-0054,SKILL-029,59,0.058824,required,1.1.0,synthetic,true,SRC-SYNTH,2026-09-05T00:00:00+08:00,0.88,synthetic,not_applicable,,team_generated,false,dev
JOB-AI-APP-0054-SKILL-030,JOB-AI-APP-0054,SKILL-030,58,0.058824,required,1.1.0,synthetic,true,SRC-SYNTH,2026-09-05T00:00:00+08:00,0.88,synthetic,not_applicable,,team_generated,false,dev
JOB-AI-APP-0054-SKILL-034,JOB-AI-APP-0054,SKILL-034,58,0.058824,required,1.1.0,synthetic,true,SRC-SYNTH,2026-09-05T00:00:00+08:00,0.88,synthetic,not_applicable,,team_generated,false,dev
JOB-AI-APP-0054-SKILL-035,JOB-AI-APP-0054,SKILL-035,53,0.058824,required,1.1.0,synthetic,true,SRC-SYNTH,2026-09-05T00:00:00+08:00,0.88,synthetic,not_applicable,,team_generated,false,dev
JOB-AI-APP-0054-SKILL-036,JOB-AI-APP-0054,SKILL-036,52,0.058824,preferred,1.1.0,synthetic,true,SRC-SYNTH,2026-09-05T00:00:00+08:00,0.88,synthetic,not_applicable,,team_generated,false,dev
JOB-AI-APP-0054-SKILL-037,JOB-AI-APP-0054,SKILL-037,52,0.058824,preferred,1.1.0,synthetic,true,SRC-SYNTH,2026-09-05T00:00:00+08:00,0.88,synthetic,not_applicable,,team_generated,false,dev
JOB-AI-APP-0054-SKILL-038,JOB-AI-APP-0054,SKILL-038,51,0.058824,preferred,1.1.0,synthetic,true,SRC-SYNTH,2026-09-05T00:00:00+08:00,0.88,synthetic,not_applicable,,team_generated,false,dev
JOB-AI-APP-0054-SKILL-039,JOB-AI-APP-0054,SKILL-039,51,0.058824,preferred,1.1.0,synthetic,true,SRC-SYNTH,2026-09-05T00:00:00+08:00,0.88,synthetic,not_applicable,,team_generated,false,dev
JOB-AI-APP-0054-SKILL-043,JOB-AI-APP-0054,SKILL-043,46,0.058816,preferred,1.1.0,synthetic,true,SRC-SYNTH,2026-09-05T00:00:00+08:00,0.88,synthetic,not_applicable,,team_generated,false,dev
JOB-AI-APP-0055-SKILL-007,JOB-AI-APP-0055,SKILL-007,67,0.055556,required,1.1.0,synthetic,true,SRC-SYNTH,2026-09-05T00:00:00+08:00,0.88,synthetic,not_applicable,,team_generated,false,dev
JOB-AI-APP-0055-SKILL-008,JOB-AI-APP-0055,SKILL-008,66,0.055556,required,1.1.0,synthetic,true,SRC-SYNTH,2026-09-05T00:00:00+08:00,0.88,synthetic,not_applicable,,team_generated,false,dev
JOB-AI-APP-0055-SKILL-009,JOB-AI-APP-0055,SKILL-009,66,0.055556,required,1.1.0,synthetic,true,SRC-SYNTH,2026-09-05T00:00:00+08:00,0.88,synthetic,not_applicable,,team_generated,false,dev
JOB-AI-APP-0055-SKILL-025,JOB-AI-APP-0055,SKILL-025,65,0.055556,required,1.1.0,synthetic,true,SRC-SYNTH,2026-09-05T00:00:00+08:00,0.88,synthetic,not_applicable,,team_generated,false,dev
JOB-AI-APP-0055-SKILL-026,JOB-AI-APP-0055,SKILL-026,65,0.055556,required,1.1.0,synthetic,true,SRC-SYNTH,2026-09-05T00:00:00+08:00,0.88,synthetic,not_applicable,,team_generated,false,dev
JOB-AI-APP-0055-SKILL-027,JOB-AI-APP-0055,SKILL-027,60,0.055556,required,1.1.0,synthetic,true,SRC-SYNTH,2026-09-05T00:00:00+08:00,0.88,synthetic,not_applicable,,team_generated,false,dev
JOB-AI-APP-0055-SKILL-028,JOB-AI-APP-0055,SKILL-028,59,0.055556,required,1.1.0,synthetic,true,SRC-SYNTH,2026-09-05T00:00:00+08:00,0.88,synthetic,not_applicable,,team_generated,false,dev
JOB-AI-APP-0055-SKILL-029,JOB-AI-APP-0055,SKILL-029,59,0.055556,required,1.1.0,synthetic,true,SRC-SYNTH,2026-09-05T00:00:00+08:00,0.88,synthetic,not_applicable,,team_generated,false,dev
JOB-AI-APP-0055-SKILL-030,JOB-AI-APP-0055,SKILL-030,58,0.055556,required,1.1.0,synthetic,true,SRC-SYNTH,2026-09-05T00:00:00+08:00,0.88,synthetic,not_applicable,,team_generated,false,dev
JOB-AI-APP-0055-SKILL-034,JOB-AI-APP-0055,SKILL-034,58,0.055556,required,1.1.0,synthetic,true,SRC-SYNTH,2026-09-05T00:00:00+08:00,0.88,synthetic,not_applicable,,team_generated,false,dev
JOB-AI-APP-0055-SKILL-035,JOB-AI-APP-0055,SKILL-035,53,0.055556,required,1.1.0,synthetic,true,SRC-SYNTH,2026-09-05T00:00:00+08:00,0.88,synthetic,not_applicable,,team_generated,false,dev
JOB-AI-APP-0055-SKILL-036,JOB-AI-APP-0055,SKILL-036,52,0.055556,required,1.1.0,synthetic,true,SRC-SYNTH,2026-09-05T00:00:00+08:00,0.88,synthetic,not_applicable,,team_generated,false,dev
JOB-AI-APP-0055-SKILL-037,JOB-AI-APP-0055,SKILL-037,52,0.055556,preferred,1.1.0,synthetic,true,SRC-SYNTH,2026-09-05T00:00:00+08:00,0.88,synthetic,not_applicable,,team_generated,false,dev
JOB-AI-APP-0055-SKILL-038,JOB-AI-APP-0055,SKILL-038,51,0.055556,preferred,1.1.0,synthetic,true,SRC-SYNTH,2026-09-05T00:00:00+08:00,0.88,synthetic,not_applicable,,team_generated,false,dev
JOB-AI-APP-0055-SKILL-039,JOB-AI-APP-0055,SKILL-039,51,0.055556,preferred,1.1.0,synthetic,true,SRC-SYNTH,2026-09-05T00:00:00+08:00,0.88,synthetic,not_applicable,,team_generated,false,dev
JOB-AI-APP-0055-SKILL-043,JOB-AI-APP-0055,SKILL-043,46,0.055556,preferred,1.1.0,synthetic,true,SRC-SYNTH,2026-09-05T00:00:00+08:00,0.88,synthetic,not_applicable,,team_generated,false,dev
JOB-AI-APP-0055-SKILL-050,JOB-AI-APP-0055,SKILL-050,46,0.055556,preferred,1.1.0,synthetic,true,SRC-SYNTH,2026-09-05T00:00:00+08:00,0.88,synthetic,not_applicable,,team_generated,false,dev
JOB-AI-APP-0055-SKILL-001,JOB-AI-APP-0055,SKILL-001,70,0.055548,preferred,1.1.0,synthetic,true,SRC-SYNTH,2026-09-05T00:00:00+08:00,0.88,synthetic,not_applicable,,team_generated,false,dev
JOB-AI-APP-0056-SKILL-008,JOB-AI-APP-0056,SKILL-008,66,0.083333,required,1.1.0,synthetic,true,SRC-SYNTH,2026-09-05T00:00:00+08:00,0.88,synthetic,not_applicable,,team_generated,false,dev
JOB-AI-APP-0056-SKILL-009,JOB-AI-APP-0056,SKILL-009,66,0.083333,required,1.1.0,synthetic,true,SRC-SYNTH,2026-09-05T00:00:00+08:00,0.88,synthetic,not_applicable,,team_generated,false,dev
JOB-AI-APP-0056-SKILL-025,JOB-AI-APP-0056,SKILL-025,65,0.083333,required,1.1.0,synthetic,true,SRC-SYNTH,2026-09-05T00:00:00+08:00,0.88,synthetic,not_applicable,,team_generated,false,dev
JOB-AI-APP-0056-SKILL-026,JOB-AI-APP-0056,SKILL-026,65,0.083333,required,1.1.0,synthetic,true,SRC-SYNTH,2026-09-05T00:00:00+08:00,0.88,synthetic,not_applicable,,team_generated,false,dev
JOB-AI-APP-0056-SKILL-027,JOB-AI-APP-0056,SKILL-027,60,0.083333,required,1.1.0,synthetic,true,SRC-SYNTH,2026-09-05T00:00:00+08:00,0.88,synthetic,not_applicable,,team_generated,false,dev
JOB-AI-APP-0056-SKILL-028,JOB-AI-APP-0056,SKILL-028,59,0.083333,required,1.1.0,synthetic,true,SRC-SYNTH,2026-09-05T00:00:00+08:00,0.88,synthetic,not_applicable,,team_generated,false,dev
JOB-AI-APP-0056-SKILL-029,JOB-AI-APP-0056,SKILL-029,59,0.083333,required,1.1.0,synthetic,true,SRC-SYNTH,2026-09-05T00:00:00+08:00,0.88,synthetic,not_applicable,,team_generated,false,dev
JOB-AI-APP-0056-SKILL-030,JOB-AI-APP-0056,SKILL-030,58,0.083333,required,1.1.0,synthetic,true,SRC-SYNTH,2026-09-05T00:00:00+08:00,0.88,synthetic,not_applicable,,team_generated,false,dev
JOB-AI-APP-0056-SKILL-034,JOB-AI-APP-0056,SKILL-034,58,0.083333,preferred,1.1.0,synthetic,true,SRC-SYNTH,2026-09-05T00:00:00+08:00,0.88,synthetic,not_applicable,,team_generated,false,dev
JOB-AI-APP-0056-SKILL-035,JOB-AI-APP-0056,SKILL-035,53,0.083333,preferred,1.1.0,synthetic,true,SRC-SYNTH,2026-09-05T00:00:00+08:00,0.88,synthetic,not_applicable,,team_generated,false,dev
JOB-AI-APP-0056-SKILL-036,JOB-AI-APP-0056,SKILL-036,52,0.083333,preferred,1.1.0,synthetic,true,SRC-SYNTH,2026-09-05T00:00:00+08:00,0.88,synthetic,not_applicable,,team_generated,false,dev
JOB-AI-APP-0056-SKILL-037,JOB-AI-APP-0056,SKILL-037,52,0.083337,preferred,1.1.0,synthetic,true,SRC-SYNTH,2026-09-05T00:00:00+08:00,0.88,synthetic,not_applicable,,team_generated,false,dev
JOB-AI-APP-0057-SKILL-009,JOB-AI-APP-0057,SKILL-009,66,0.076923,required,1.1.0,synthetic,true,SRC-SYNTH,2026-09-05T00:00:00+08:00,0.88,synthetic,not_applicable,,team_generated,false,dev
JOB-AI-APP-0057-SKILL-025,JOB-AI-APP-0057,SKILL-025,65,0.076923,required,1.1.0,synthetic,true,SRC-SYNTH,2026-09-05T00:00:00+08:00,0.88,synthetic,not_applicable,,team_generated,false,dev
JOB-AI-APP-0057-SKILL-026,JOB-AI-APP-0057,SKILL-026,65,0.076923,required,1.1.0,synthetic,true,SRC-SYNTH,2026-09-05T00:00:00+08:00,0.88,synthetic,not_applicable,,team_generated,false,dev
JOB-AI-APP-0057-SKILL-027,JOB-AI-APP-0057,SKILL-027,60,0.076923,required,1.1.0,synthetic,true,SRC-SYNTH,2026-09-05T00:00:00+08:00,0.88,synthetic,not_applicable,,team_generated,false,dev
JOB-AI-APP-0057-SKILL-028,JOB-AI-APP-0057,SKILL-028,59,0.076923,required,1.1.0,synthetic,true,SRC-SYNTH,2026-09-05T00:00:00+08:00,0.88,synthetic,not_applicable,,team_generated,false,dev
JOB-AI-APP-0057-SKILL-029,JOB-AI-APP-0057,SKILL-029,59,0.076923,required,1.1.0,synthetic,true,SRC-SYNTH,2026-09-05T00:00:00+08:00,0.88,synthetic,not_applicable,,team_generated,false,dev
JOB-AI-APP-0057-SKILL-030,JOB-AI-APP-0057,SKILL-030,58,0.076923,required,1.1.0,synthetic,true,SRC-SYNTH,2026-09-05T00:00:00+08:00,0.88,synthetic,not_applicable,,team_generated,false,dev
JOB-AI-APP-0057-SKILL-034,JOB-AI-APP-0057,SKILL-034,58,0.076923,required,1.1.0,synthetic,true,SRC-SYNTH,2026-09-05T00:00:00+08:00,0.88,synthetic,not_applicable,,team_generated,false,dev
JOB-AI-APP-0057-SKILL-035,JOB-AI-APP-0057,SKILL-035,53,0.076923,required,1.1.0,synthetic,true,SRC-SYNTH,2026-09-05T00:00:00+08:00,0.88,synthetic,not_applicable,,team_generated,false,dev
JOB-AI-APP-0057-SKILL-036,JOB-AI-APP-0057,SKILL-036,52,0.076923,preferred,1.1.0,synthetic,true,SRC-SYNTH,2026-09-05T00:00:00+08:00,0.88,synthetic,not_applicable,,team_generated,false,dev
JOB-AI-APP-0057-SKILL-037,JOB-AI-APP-0057,SKILL-037,52,0.076923,preferred,1.1.0,synthetic,true,SRC-SYNTH,2026-09-05T00:00:00+08:00,0.88,synthetic,not_applicable,,team_generated,false,dev
JOB-AI-APP-0057-SKILL-038,JOB-AI-APP-0057,SKILL-038,51,0.076923,preferred,1.1.0,synthetic,true,SRC-SYNTH,2026-09-05T00:00:00+08:00,0.88,synthetic,not_applicable,,team_generated,false,dev
JOB-AI-APP-0057-SKILL-039,JOB-AI-APP-0057,SKILL-039,51,0.076924,preferred,1.1.0,synthetic,true,SRC-SYNTH,2026-09-05T00:00:00+08:00,0.88,synthetic,not_applicable,,team_generated,false,dev
JOB-AI-APP-0058-SKILL-025,JOB-AI-APP-0058,SKILL-025,65,0.071429,required,1.1.0,synthetic,true,SRC-SYNTH,2026-09-05T00:00:00+08:00,0.88,synthetic,not_applicable,,team_generated,false,dev
JOB-AI-APP-0058-SKILL-026,JOB-AI-APP-0058,SKILL-026,65,0.071429,required,1.1.0,synthetic,true,SRC-SYNTH,2026-09-05T00:00:00+08:00,0.88,synthetic,not_applicable,,team_generated,false,dev
JOB-AI-APP-0058-SKILL-027,JOB-AI-APP-0058,SKILL-027,60,0.071429,required,1.1.0,synthetic,true,SRC-SYNTH,2026-09-05T00:00:00+08:00,0.88,synthetic,not_applicable,,team_generated,false,dev
JOB-AI-APP-0058-SKILL-028,JOB-AI-APP-0058,SKILL-028,59,0.071429,required,1.1.0,synthetic,true,SRC-SYNTH,2026-09-05T00:00:00+08:00,0.88,synthetic,not_applicable,,team_generated,false,dev
JOB-AI-APP-0058-SKILL-029,JOB-AI-APP-0058,SKILL-029,59,0.071429,required,1.1.0,synthetic,true,SRC-SYNTH,2026-09-05T00:00:00+08:00,0.88,synthetic,not_applicable,,team_generated,false,dev
JOB-AI-APP-0058-SKILL-030,JOB-AI-APP-0058,SKILL-030,58,0.071429,required,1.1.0,synthetic,true,SRC-SYNTH,2026-09-05T00:00:00+08:00,0.88,synthetic,not_applicable,,team_generated,false,dev
JOB-AI-APP-0058-SKILL-034,JOB-AI-APP-0058,SKILL-034,58,0.071429,required,1.1.0,synthetic,true,SRC-SYNTH,2026-09-05T00:00:00+08:00,0.88,synthetic,not_applicable,,team_generated,false,dev
JOB-AI-APP-0058-SKILL-035,JOB-AI-APP-0058,SKILL-035,53,0.071429,required,1.1.0,synthetic,true,SRC-SYNTH,2026-09-05T00:00:00+08:00,0.88,synthetic,not_applicable,,team_generated,false,dev
JOB-AI-APP-0058-SKILL-036,JOB-AI-APP-0058,SKILL-036,52,0.071429,required,1.1.0,synthetic,true,SRC-SYNTH,2026-09-05T00:00:00+08:00,0.88,synthetic,not_applicable,,team_generated,false,dev
JOB-AI-APP-0058-SKILL-037,JOB-AI-APP-0058,SKILL-037,52,0.071429,required,1.1.0,synthetic,true,SRC-SYNTH,2026-09-05T00:00:00+08:00,0.88,synthetic,not_applicable,,team_generated,false,dev
JOB-AI-APP-0058-SKILL-038,JOB-AI-APP-0058,SKILL-038,51,0.071429,preferred,1.1.0,synthetic,true,SRC-SYNTH,2026-09-05T00:00:00+08:00,0.88,synthetic,not_applicable,,team_generated,false,dev
JOB-AI-APP-0058-SKILL-039,JOB-AI-APP-0058,SKILL-039,51,0.071429,preferred,1.1.0,synthetic,true,SRC-SYNTH,2026-09-05T00:00:00+08:00,0.88,synthetic,not_applicable,,team_generated,false,dev
JOB-AI-APP-0058-SKILL-043,JOB-AI-APP-0058,SKILL-043,46,0.071429,preferred,1.1.0,synthetic,true,SRC-SYNTH,2026-09-05T00:00:00+08:00,0.88,synthetic,not_applicable,,team_generated,false,dev
JOB-AI-APP-0058-SKILL-050,JOB-AI-APP-0058,SKILL-050,46,0.071423,preferred,1.1.0,synthetic,true,SRC-SYNTH,2026-09-05T00:00:00+08:00,0.88,synthetic,not_applicable,,team_generated,false,dev
JOB-AI-APP-0059-SKILL-026,JOB-AI-APP-0059,SKILL-026,65,0.066667,required,1.1.0,synthetic,true,SRC-SYNTH,2026-09-05T00:00:00+08:00,0.88,synthetic,not_applicable,,team_generated,false,dev
JOB-AI-APP-0059-SKILL-027,JOB-AI-APP-0059,SKILL-027,60,0.066667,required,1.1.0,synthetic,true,SRC-SYNTH,2026-09-05T00:00:00+08:00,0.88,synthetic,not_applicable,,team_generated,false,dev
JOB-AI-APP-0059-SKILL-028,JOB-AI-APP-0059,SKILL-028,59,0.066667,required,1.1.0,synthetic,true,SRC-SYNTH,2026-09-05T00:00:00+08:00,0.88,synthetic,not_applicable,,team_generated,false,dev
JOB-AI-APP-0059-SKILL-029,JOB-AI-APP-0059,SKILL-029,59,0.066667,required,1.1.0,synthetic,true,SRC-SYNTH,2026-09-05T00:00:00+08:00,0.88,synthetic,not_applicable,,team_generated,false,dev
JOB-AI-APP-0059-SKILL-030,JOB-AI-APP-0059,SKILL-030,58,0.066667,required,1.1.0,synthetic,true,SRC-SYNTH,2026-09-05T00:00:00+08:00,0.88,synthetic,not_applicable,,team_generated,false,dev
JOB-AI-APP-0059-SKILL-034,JOB-AI-APP-0059,SKILL-034,58,0.066667,required,1.1.0,synthetic,true,SRC-SYNTH,2026-09-05T00:00:00+08:00,0.88,synthetic,not_applicable,,team_generated,false,dev
JOB-AI-APP-0059-SKILL-035,JOB-AI-APP-0059,SKILL-035,53,0.066667,required,1.1.0,synthetic,true,SRC-SYNTH,2026-09-05T00:00:00+08:00,0.88,synthetic,not_applicable,,team_generated,false,dev
JOB-AI-APP-0059-SKILL-036,JOB-AI-APP-0059,SKILL-036,52,0.066667,required,1.1.0,synthetic,true,SRC-SYNTH,2026-09-05T00:00:00+08:00,0.88,synthetic,not_applicable,,team_generated,false,dev
JOB-AI-APP-0059-SKILL-037,JOB-AI-APP-0059,SKILL-037,52,0.066667,required,1.1.0,synthetic,true,SRC-SYNTH,2026-09-05T00:00:00+08:00,0.88,synthetic,not_applicable,,team_generated,false,dev
JOB-AI-APP-0059-SKILL-038,JOB-AI-APP-0059,SKILL-038,51,0.066667,required,1.1.0,synthetic,true,SRC-SYNTH,2026-09-05T00:00:00+08:00,0.88,synthetic,not_applicable,,team_generated,false,dev
JOB-AI-APP-0059-SKILL-039,JOB-AI-APP-0059,SKILL-039,51,0.066667,preferred,1.1.0,synthetic,true,SRC-SYNTH,2026-09-05T00:00:00+08:00,0.88,synthetic,not_applicable,,team_generated,false,dev
JOB-AI-APP-0059-SKILL-043,JOB-AI-APP-0059,SKILL-043,46,0.066667,preferred,1.1.0,synthetic,true,SRC-SYNTH,2026-09-05T00:00:00+08:00,0.88,synthetic,not_applicable,,team_generated,false,dev
JOB-AI-APP-0059-SKILL-050,JOB-AI-APP-0059,SKILL-050,46,0.066667,preferred,1.1.0,synthetic,true,SRC-SYNTH,2026-09-05T00:00:00+08:00,0.88,synthetic,not_applicable,,team_generated,false,dev
JOB-AI-APP-0059-SKILL-001,JOB-AI-APP-0059,SKILL-001,70,0.066667,preferred,1.1.0,synthetic,true,SRC-SYNTH,2026-09-05T00:00:00+08:00,0.88,synthetic,not_applicable,,team_generated,false,dev
JOB-AI-APP-0059-SKILL-007,JOB-AI-APP-0059,SKILL-007,70,0.066662,preferred,1.1.0,synthetic,true,SRC-SYNTH,2026-09-05T00:00:00+08:00,0.88,synthetic,not_applicable,,team_generated,false,dev
JOB-AI-APP-0060-SKILL-027,JOB-AI-APP-0060,SKILL-027,60,0.0625,required,1.1.0,synthetic,true,SRC-SYNTH,2026-09-05T00:00:00+08:00,0.88,synthetic,not_applicable,,team_generated,false,dev
JOB-AI-APP-0060-SKILL-028,JOB-AI-APP-0060,SKILL-028,59,0.0625,required,1.1.0,synthetic,true,SRC-SYNTH,2026-09-05T00:00:00+08:00,0.88,synthetic,not_applicable,,team_generated,false,dev
JOB-AI-APP-0060-SKILL-029,JOB-AI-APP-0060,SKILL-029,59,0.0625,required,1.1.0,synthetic,true,SRC-SYNTH,2026-09-05T00:00:00+08:00,0.88,synthetic,not_applicable,,team_generated,false,dev
JOB-AI-APP-0060-SKILL-030,JOB-AI-APP-0060,SKILL-030,58,0.0625,required,1.1.0,synthetic,true,SRC-SYNTH,2026-09-05T00:00:00+08:00,0.88,synthetic,not_applicable,,team_generated,false,dev
JOB-AI-APP-0060-SKILL-034,JOB-AI-APP-0060,SKILL-034,58,0.0625,required,1.1.0,synthetic,true,SRC-SYNTH,2026-09-05T00:00:00+08:00,0.88,synthetic,not_applicable,,team_generated,false,dev
JOB-AI-APP-0060-SKILL-035,JOB-AI-APP-0060,SKILL-035,53,0.0625,required,1.1.0,synthetic,true,SRC-SYNTH,2026-09-05T00:00:00+08:00,0.88,synthetic,not_applicable,,team_generated,false,dev
JOB-AI-APP-0060-SKILL-036,JOB-AI-APP-0060,SKILL-036,52,0.0625,required,1.1.0,synthetic,true,SRC-SYNTH,2026-09-05T00:00:00+08:00,0.88,synthetic,not_applicable,,team_generated,false,dev
JOB-AI-APP-0060-SKILL-037,JOB-AI-APP-0060,SKILL-037,52,0.0625,required,1.1.0,synthetic,true,SRC-SYNTH,2026-09-05T00:00:00+08:00,0.88,synthetic,not_applicable,,team_generated,false,dev
JOB-AI-APP-0060-SKILL-038,JOB-AI-APP-0060,SKILL-038,51,0.0625,required,1.1.0,synthetic,true,SRC-SYNTH,2026-09-05T00:00:00+08:00,0.88,synthetic,not_applicable,,team_generated,false,dev
JOB-AI-APP-0060-SKILL-039,JOB-AI-APP-0060,SKILL-039,51,0.0625,required,1.1.0,synthetic,true,SRC-SYNTH,2026-09-05T00:00:00+08:00,0.88,synthetic,not_applicable,,team_generated,false,dev
JOB-AI-APP-0060-SKILL-043,JOB-AI-APP-0060,SKILL-043,46,0.0625,required,1.1.0,synthetic,true,SRC-SYNTH,2026-09-05T00:00:00+08:00,0.88,synthetic,not_applicable,,team_generated,false,dev
JOB-AI-APP-0060-SKILL-050,JOB-AI-APP-0060,SKILL-050,46,0.0625,preferred,1.1.0,synthetic,true,SRC-SYNTH,2026-09-05T00:00:00+08:00,0.88,synthetic,not_applicable,,team_generated,false,dev
JOB-AI-APP-0060-SKILL-001,JOB-AI-APP-0060,SKILL-001,70,0.0625,preferred,1.1.0,synthetic,true,SRC-SYNTH,2026-09-05T00:00:00+08:00,0.88,synthetic,not_applicable,,team_generated,false,dev
JOB-AI-APP-0060-SKILL-007,JOB-AI-APP-0060,SKILL-007,70,0.0625,preferred,1.1.0,synthetic,true,SRC-SYNTH,2026-09-05T00:00:00+08:00,0.88,synthetic,not_applicable,,team_generated,false,dev
JOB-AI-APP-0060-SKILL-008,JOB-AI-APP-0060,SKILL-008,69,0.0625,preferred,1.1.0,synthetic,true,SRC-SYNTH,2026-09-05T00:00:00+08:00,0.88,synthetic,not_applicable,,team_generated,false,dev
JOB-AI-APP-0060-SKILL-009,JOB-AI-APP-0060,SKILL-009,64,0.0625,preferred,1.1.0,synthetic,true,SRC-SYNTH,2026-09-05T00:00:00+08:00,0.88,synthetic,not_applicable,,team_generated,false,dev
JOB-AI-APP-0061-SKILL-028,JOB-AI-APP-0061,SKILL-028,59,0.058824,required,1.1.0,synthetic,true,SRC-SYNTH,2026-09-05T00:00:00+08:00,0.88,synthetic,not_applicable,,team_generated,false,dev
JOB-AI-APP-0061-SKILL-029,JOB-AI-APP-0061,SKILL-029,59,0.058824,required,1.1.0,synthetic,true,SRC-SYNTH,2026-09-05T00:00:00+08:00,0.88,synthetic,not_applicable,,team_generated,false,dev
JOB-AI-APP-0061-SKILL-030,JOB-AI-APP-0061,SKILL-030,58,0.058824,required,1.1.0,synthetic,true,SRC-SYNTH,2026-09-05T00:00:00+08:00,0.88,synthetic,not_applicable,,team_generated,false,dev
JOB-AI-APP-0061-SKILL-034,JOB-AI-APP-0061,SKILL-034,58,0.058824,required,1.1.0,synthetic,true,SRC-SYNTH,2026-09-05T00:00:00+08:00,0.88,synthetic,not_applicable,,team_generated,false,dev
JOB-AI-APP-0061-SKILL-035,JOB-AI-APP-0061,SKILL-035,53,0.058824,required,1.1.0,synthetic,true,SRC-SYNTH,2026-09-05T00:00:00+08:00,0.88,synthetic,not_applicable,,team_generated,false,dev
JOB-AI-APP-0061-SKILL-036,JOB-AI-APP-0061,SKILL-036,52,0.058824,required,1.1.0,synthetic,true,SRC-SYNTH,2026-09-05T00:00:00+08:00,0.88,synthetic,not_applicable,,team_generated,false,dev
JOB-AI-APP-0061-SKILL-037,JOB-AI-APP-0061,SKILL-037,52,0.058824,required,1.1.0,synthetic,true,SRC-SYNTH,2026-09-05T00:00:00+08:00,0.88,synthetic,not_applicable,,team_generated,false,dev
JOB-AI-APP-0061-SKILL-038,JOB-AI-APP-0061,SKILL-038,51,0.058824,required,1.1.0,synthetic,true,SRC-SYNTH,2026-09-05T00:00:00+08:00,0.88,synthetic,not_applicable,,team_generated,false,dev
JOB-AI-APP-0061-SKILL-039,JOB-AI-APP-0061,SKILL-039,51,0.058824,required,1.1.0,synthetic,true,SRC-SYNTH,2026-09-05T00:00:00+08:00,0.88,synthetic,not_applicable,,team_generated,false,dev
JOB-AI-APP-0061-SKILL-043,JOB-AI-APP-0061,SKILL-043,46,0.058824,required,1.1.0,synthetic,true,SRC-SYNTH,2026-09-05T00:00:00+08:00,0.88,synthetic,not_applicable,,team_generated,false,dev
JOB-AI-APP-0061-SKILL-050,JOB-AI-APP-0061,SKILL-050,46,0.058824,required,1.1.0,synthetic,true,SRC-SYNTH,2026-09-05T00:00:00+08:00,0.88,synthetic,not_applicable,,team_generated,false,dev
JOB-AI-APP-0061-SKILL-001,JOB-AI-APP-0061,SKILL-001,70,0.058824,required,1.1.0,synthetic,true,SRC-SYNTH,2026-09-05T00:00:00+08:00,0.88,synthetic,not_applicable,,team_generated,false,dev
JOB-AI-APP-0061-SKILL-007,JOB-AI-APP-0061,SKILL-007,70,0.058824,preferred,1.1.0,synthetic,true,SRC-SYNTH,2026-09-05T00:00:00+08:00,0.88,synthetic,not_applicable,,team_generated,false,dev
JOB-AI-APP-0061-SKILL-008,JOB-AI-APP-0061,SKILL-008,69,0.058824,preferred,1.1.0,synthetic,true,SRC-SYNTH,2026-09-05T00:00:00+08:00,0.88,synthetic,not_applicable,,team_generated,false,dev
JOB-AI-APP-0061-SKILL-009,JOB-AI-APP-0061,SKILL-009,64,0.058824,preferred,1.1.0,synthetic,true,SRC-SYNTH,2026-09-05T00:00:00+08:00,0.88,synthetic,not_applicable,,team_generated,false,dev
JOB-AI-APP-0061-SKILL-025,JOB-AI-APP-0061,SKILL-025,63,0.058824,preferred,1.1.0,synthetic,true,SRC-SYNTH,2026-09-05T00:00:00+08:00,0.88,synthetic,not_applicable,,team_generated,false,dev
JOB-AI-APP-0061-SKILL-026,JOB-AI-APP-0061,SKILL-026,63,0.058816,preferred,1.1.0,synthetic,true,SRC-SYNTH,2026-09-05T00:00:00+08:00,0.88,synthetic,not_applicable,,team_generated,false,dev
JOB-AI-APP-0062-SKILL-029,JOB-AI-APP-0062,SKILL-029,59,0.055556,required,1.1.0,synthetic,true,SRC-SYNTH,2026-09-05T00:00:00+08:00,0.88,synthetic,not_applicable,,team_generated,false,dev
JOB-AI-APP-0062-SKILL-030,JOB-AI-APP-0062,SKILL-030,58,0.055556,required,1.1.0,synthetic,true,SRC-SYNTH,2026-09-05T00:00:00+08:00,0.88,synthetic,not_applicable,,team_generated,false,dev
JOB-AI-APP-0062-SKILL-034,JOB-AI-APP-0062,SKILL-034,58,0.055556,required,1.1.0,synthetic,true,SRC-SYNTH,2026-09-05T00:00:00+08:00,0.88,synthetic,not_applicable,,team_generated,false,dev
JOB-AI-APP-0062-SKILL-035,JOB-AI-APP-0062,SKILL-035,53,0.055556,required,1.1.0,synthetic,true,SRC-SYNTH,2026-09-05T00:00:00+08:00,0.88,synthetic,not_applicable,,team_generated,false,dev
JOB-AI-APP-0062-SKILL-036,JOB-AI-APP-0062,SKILL-036,52,0.055556,required,1.1.0,synthetic,true,SRC-SYNTH,2026-09-05T00:00:00+08:00,0.88,synthetic,not_applicable,,team_generated,false,dev
JOB-AI-APP-0062-SKILL-037,JOB-AI-APP-0062,SKILL-037,52,0.055556,required,1.1.0,synthetic,true,SRC-SYNTH,2026-09-05T00:00:00+08:00,0.88,synthetic,not_applicable,,team_generated,false,dev
JOB-AI-APP-0062-SKILL-038,JOB-AI-APP-0062,SKILL-038,51,0.055556,required,1.1.0,synthetic,true,SRC-SYNTH,2026-09-05T00:00:00+08:00,0.88,synthetic,not_applicable,,team_generated,false,dev
JOB-AI-APP-0062-SKILL-039,JOB-AI-APP-0062,SKILL-039,51,0.055556,required,1.1.0,synthetic,true,SRC-SYNTH,2026-09-05T00:00:00+08:00,0.88,synthetic,not_applicable,,team_generated,false,dev
JOB-AI-APP-0062-SKILL-043,JOB-AI-APP-0062,SKILL-043,46,0.055556,required,1.1.0,synthetic,true,SRC-SYNTH,2026-09-05T00:00:00+08:00,0.88,synthetic,not_applicable,,team_generated,false,dev
JOB-AI-APP-0062-SKILL-050,JOB-AI-APP-0062,SKILL-050,46,0.055556,required,1.1.0,synthetic,true,SRC-SYNTH,2026-09-05T00:00:00+08:00,0.88,synthetic,not_applicable,,team_generated,false,dev
JOB-AI-APP-0062-SKILL-001,JOB-AI-APP-0062,SKILL-001,70,0.055556,required,1.1.0,synthetic,true,SRC-SYNTH,2026-09-05T00:00:00+08:00,0.88,synthetic,not_applicable,,team_generated,false,dev
JOB-AI-APP-0062-SKILL-007,JOB-AI-APP-0062,SKILL-007,70,0.055556,required,1.1.0,synthetic,true,SRC-SYNTH,2026-09-05T00:00:00+08:00,0.88,synthetic,not_applicable,,team_generated,false,dev
JOB-AI-APP-0062-SKILL-008,JOB-AI-APP-0062,SKILL-008,69,0.055556,preferred,1.1.0,synthetic,true,SRC-SYNTH,2026-09-05T00:00:00+08:00,0.88,synthetic,not_applicable,,team_generated,false,dev
JOB-AI-APP-0062-SKILL-009,JOB-AI-APP-0062,SKILL-009,64,0.055556,preferred,1.1.0,synthetic,true,SRC-SYNTH,2026-09-05T00:00:00+08:00,0.88,synthetic,not_applicable,,team_generated,false,dev
JOB-AI-APP-0062-SKILL-025,JOB-AI-APP-0062,SKILL-025,63,0.055556,preferred,1.1.0,synthetic,true,SRC-SYNTH,2026-09-05T00:00:00+08:00,0.88,synthetic,not_applicable,,team_generated,false,dev
JOB-AI-APP-0062-SKILL-026,JOB-AI-APP-0062,SKILL-026,63,0.055556,preferred,1.1.0,synthetic,true,SRC-SYNTH,2026-09-05T00:00:00+08:00,0.88,synthetic,not_applicable,,team_generated,false,dev
JOB-AI-APP-0062-SKILL-027,JOB-AI-APP-0062,SKILL-027,63,0.055556,preferred,1.1.0,synthetic,true,SRC-SYNTH,2026-09-05T00:00:00+08:00,0.88,synthetic,not_applicable,,team_generated,false,dev
JOB-AI-APP-0062-SKILL-028,JOB-AI-APP-0062,SKILL-028,62,0.055548,preferred,1.1.0,synthetic,true,SRC-SYNTH,2026-09-05T00:00:00+08:00,0.88,synthetic,not_applicable,,team_generated,false,dev
JOB-AI-APP-0063-SKILL-030,JOB-AI-APP-0063,SKILL-030,58,0.083333,required,1.1.0,synthetic,true,SRC-SYNTH,2026-09-05T00:00:00+08:00,0.88,synthetic,not_applicable,,team_generated,false,dev
JOB-AI-APP-0063-SKILL-034,JOB-AI-APP-0063,SKILL-034,58,0.083333,required,1.1.0,synthetic,true,SRC-SYNTH,2026-09-05T00:00:00+08:00,0.88,synthetic,not_applicable,,team_generated,false,dev
JOB-AI-APP-0063-SKILL-035,JOB-AI-APP-0063,SKILL-035,53,0.083333,required,1.1.0,synthetic,true,SRC-SYNTH,2026-09-05T00:00:00+08:00,0.88,synthetic,not_applicable,,team_generated,false,dev
JOB-AI-APP-0063-SKILL-036,JOB-AI-APP-0063,SKILL-036,52,0.083333,required,1.1.0,synthetic,true,SRC-SYNTH,2026-09-05T00:00:00+08:00,0.88,synthetic,not_applicable,,team_generated,false,dev
JOB-AI-APP-0063-SKILL-037,JOB-AI-APP-0063,SKILL-037,52,0.083333,required,1.1.0,synthetic,true,SRC-SYNTH,2026-09-05T00:00:00+08:00,0.88,synthetic,not_applicable,,team_generated,false,dev
JOB-AI-APP-0063-SKILL-038,JOB-AI-APP-0063,SKILL-038,51,0.083333,required,1.1.0,synthetic,true,SRC-SYNTH,2026-09-05T00:00:00+08:00,0.88,synthetic,not_applicable,,team_generated,false,dev
JOB-AI-APP-0063-SKILL-039,JOB-AI-APP-0063,SKILL-039,51,0.083333,required,1.1.0,synthetic,true,SRC-SYNTH,2026-09-05T00:00:00+08:00,0.88,synthetic,not_applicable,,team_generated,false,dev
JOB-AI-APP-0063-SKILL-043,JOB-AI-APP-0063,SKILL-043,46,0.083333,required,1.1.0,synthetic,true,SRC-SYNTH,2026-09-05T00:00:00+08:00,0.88,synthetic,not_applicable,,team_generated,false,dev
JOB-AI-APP-0063-SKILL-050,JOB-AI-APP-0063,SKILL-050,46,0.083333,preferred,1.1.0,synthetic,true,SRC-SYNTH,2026-09-05T00:00:00+08:00,0.88,synthetic,not_applicable,,team_generated,false,dev
JOB-AI-APP-0063-SKILL-001,JOB-AI-APP-0063,SKILL-001,70,0.083333,preferred,1.1.0,synthetic,true,SRC-SYNTH,2026-09-05T00:00:00+08:00,0.88,synthetic,not_applicable,,team_generated,false,dev
JOB-AI-APP-0063-SKILL-007,JOB-AI-APP-0063,SKILL-007,70,0.083333,preferred,1.1.0,synthetic,true,SRC-SYNTH,2026-09-05T00:00:00+08:00,0.88,synthetic,not_applicable,,team_generated,false,dev
JOB-AI-APP-0063-SKILL-008,JOB-AI-APP-0063,SKILL-008,69,0.083337,preferred,1.1.0,synthetic,true,SRC-SYNTH,2026-09-05T00:00:00+08:00,0.88,synthetic,not_applicable,,team_generated,false,dev
JOB-AI-APP-0064-SKILL-034,JOB-AI-APP-0064,SKILL-034,58,0.076923,required,1.1.0,synthetic,true,SRC-SYNTH,2026-09-05T00:00:00+08:00,0.88,synthetic,not_applicable,,team_generated,false,dev
JOB-AI-APP-0064-SKILL-035,JOB-AI-APP-0064,SKILL-035,53,0.076923,required,1.1.0,synthetic,true,SRC-SYNTH,2026-09-05T00:00:00+08:00,0.88,synthetic,not_applicable,,team_generated,false,dev
JOB-AI-APP-0064-SKILL-036,JOB-AI-APP-0064,SKILL-036,52,0.076923,required,1.1.0,synthetic,true,SRC-SYNTH,2026-09-05T00:00:00+08:00,0.88,synthetic,not_applicable,,team_generated,false,dev
JOB-AI-APP-0064-SKILL-037,JOB-AI-APP-0064,SKILL-037,52,0.076923,required,1.1.0,synthetic,true,SRC-SYNTH,2026-09-05T00:00:00+08:00,0.88,synthetic,not_applicable,,team_generated,false,dev
JOB-AI-APP-0064-SKILL-038,JOB-AI-APP-0064,SKILL-038,51,0.076923,required,1.1.0,synthetic,true,SRC-SYNTH,2026-09-05T00:00:00+08:00,0.88,synthetic,not_applicable,,team_generated,false,dev
JOB-AI-APP-0064-SKILL-039,JOB-AI-APP-0064,SKILL-039,51,0.076923,required,1.1.0,synthetic,true,SRC-SYNTH,2026-09-05T00:00:00+08:00,0.88,synthetic,not_applicable,,team_generated,false,dev
JOB-AI-APP-0064-SKILL-043,JOB-AI-APP-0064,SKILL-043,46,0.076923,required,1.1.0,synthetic,true,SRC-SYNTH,2026-09-05T00:00:00+08:00,0.88,synthetic,not_applicable,,team_generated,false,dev
JOB-AI-APP-0064-SKILL-050,JOB-AI-APP-0064,SKILL-050,46,0.076923,required,1.1.0,synthetic,true,SRC-SYNTH,2026-09-05T00:00:00+08:00,0.88,synthetic,not_applicable,,team_generated,false,dev
JOB-AI-APP-0064-SKILL-001,JOB-AI-APP-0064,SKILL-001,70,0.076923,required,1.1.0,synthetic,true,SRC-SYNTH,2026-09-05T00:00:00+08:00,0.88,synthetic,not_applicable,,team_generated,false,dev
JOB-AI-APP-0064-SKILL-007,JOB-AI-APP-0064,SKILL-007,70,0.076923,preferred,1.1.0,synthetic,true,SRC-SYNTH,2026-09-05T00:00:00+08:00,0.88,synthetic,not_applicable,,team_generated,false,dev
JOB-AI-APP-0064-SKILL-008,JOB-AI-APP-0064,SKILL-008,69,0.076923,preferred,1.1.0,synthetic,true,SRC-SYNTH,2026-09-05T00:00:00+08:00,0.88,synthetic,not_applicable,,team_generated,false,dev
JOB-AI-APP-0064-SKILL-009,JOB-AI-APP-0064,SKILL-009,64,0.076923,preferred,1.1.0,synthetic,true,SRC-SYNTH,2026-09-05T00:00:00+08:00,0.88,synthetic,not_applicable,,team_generated,false,dev
JOB-AI-APP-0064-SKILL-025,JOB-AI-APP-0064,SKILL-025,63,0.076924,preferred,1.1.0,synthetic,true,SRC-SYNTH,2026-09-05T00:00:00+08:00,0.88,synthetic,not_applicable,,team_generated,false,dev
JOB-AI-APP-0065-SKILL-035,JOB-AI-APP-0065,SKILL-035,53,0.071429,required,1.1.0,synthetic,true,SRC-SYNTH,2026-09-05T00:00:00+08:00,0.88,synthetic,not_applicable,,team_generated,false,dev
JOB-AI-APP-0065-SKILL-036,JOB-AI-APP-0065,SKILL-036,52,0.071429,required,1.1.0,synthetic,true,SRC-SYNTH,2026-09-05T00:00:00+08:00,0.88,synthetic,not_applicable,,team_generated,false,dev
JOB-AI-APP-0065-SKILL-037,JOB-AI-APP-0065,SKILL-037,52,0.071429,required,1.1.0,synthetic,true,SRC-SYNTH,2026-09-05T00:00:00+08:00,0.88,synthetic,not_applicable,,team_generated,false,dev
JOB-AI-APP-0065-SKILL-038,JOB-AI-APP-0065,SKILL-038,51,0.071429,required,1.1.0,synthetic,true,SRC-SYNTH,2026-09-05T00:00:00+08:00,0.88,synthetic,not_applicable,,team_generated,false,dev
JOB-AI-APP-0065-SKILL-039,JOB-AI-APP-0065,SKILL-039,51,0.071429,required,1.1.0,synthetic,true,SRC-SYNTH,2026-09-05T00:00:00+08:00,0.88,synthetic,not_applicable,,team_generated,false,dev
JOB-AI-APP-0065-SKILL-043,JOB-AI-APP-0065,SKILL-043,46,0.071429,required,1.1.0,synthetic,true,SRC-SYNTH,2026-09-05T00:00:00+08:00,0.88,synthetic,not_applicable,,team_generated,false,dev
JOB-AI-APP-0065-SKILL-050,JOB-AI-APP-0065,SKILL-050,46,0.071429,required,1.1.0,synthetic,true,SRC-SYNTH,2026-09-05T00:00:00+08:00,0.88,synthetic,not_applicable,,team_generated,false,dev
JOB-AI-APP-0065-SKILL-001,JOB-AI-APP-0065,SKILL-001,70,0.071429,required,1.1.0,synthetic,true,SRC-SYNTH,2026-09-05T00:00:00+08:00,0.88,synthetic,not_applicable,,team_generated,false,dev
JOB-AI-APP-0065-SKILL-007,JOB-AI-APP-0065,SKILL-007,70,0.071429,required,1.1.0,synthetic,true,SRC-SYNTH,2026-09-05T00:00:00+08:00,0.88,synthetic,not_applicable,,team_generated,false,dev
JOB-AI-APP-0065-SKILL-008,JOB-AI-APP-0065,SKILL-008,69,0.071429,required,1.1.0,synthetic,true,SRC-SYNTH,2026-09-05T00:00:00+08:00,0.88,synthetic,not_applicable,,team_generated,false,dev
JOB-AI-APP-0065-SKILL-009,JOB-AI-APP-0065,SKILL-009,64,0.071429,preferred,1.1.0,synthetic,true,SRC-SYNTH,2026-09-05T00:00:00+08:00,0.88,synthetic,not_applicable,,team_generated,false,dev
JOB-AI-APP-0065-SKILL-025,JOB-AI-APP-0065,SKILL-025,63,0.071429,preferred,1.1.0,synthetic,true,SRC-SYNTH,2026-09-05T00:00:00+08:00,0.88,synthetic,not_applicable,,team_generated,false,dev
JOB-AI-APP-0065-SKILL-026,JOB-AI-APP-0065,SKILL-026,63,0.071429,preferred,1.1.0,synthetic,true,SRC-SYNTH,2026-09-05T00:00:00+08:00,0.88,synthetic,not_applicable,,team_generated,false,dev
JOB-AI-APP-0065-SKILL-027,JOB-AI-APP-0065,SKILL-027,63,0.071423,preferred,1.1.0,synthetic,true,SRC-SYNTH,2026-09-05T00:00:00+08:00,0.88,synthetic,not_applicable,,team_generated,false,dev
JOB-AI-APP-0066-SKILL-036,JOB-AI-APP-0066,SKILL-036,52,0.066667,required,1.1.0,synthetic,true,SRC-SYNTH,2026-09-05T00:00:00+08:00,0.88,synthetic,not_applicable,,team_generated,false,dev
JOB-AI-APP-0066-SKILL-037,JOB-AI-APP-0066,SKILL-037,52,0.066667,required,1.1.0,synthetic,true,SRC-SYNTH,2026-09-05T00:00:00+08:00,0.88,synthetic,not_applicable,,team_generated,false,dev
JOB-AI-APP-0066-SKILL-038,JOB-AI-APP-0066,SKILL-038,51,0.066667,required,1.1.0,synthetic,true,SRC-SYNTH,2026-09-05T00:00:00+08:00,0.88,synthetic,not_applicable,,team_generated,false,dev
JOB-AI-APP-0066-SKILL-039,JOB-AI-APP-0066,SKILL-039,51,0.066667,required,1.1.0,synthetic,true,SRC-SYNTH,2026-09-05T00:00:00+08:00,0.88,synthetic,not_applicable,,team_generated,false,dev
JOB-AI-APP-0066-SKILL-043,JOB-AI-APP-0066,SKILL-043,46,0.066667,required,1.1.0,synthetic,true,SRC-SYNTH,2026-09-05T00:00:00+08:00,0.88,synthetic,not_applicable,,team_generated,false,dev
JOB-AI-APP-0066-SKILL-050,JOB-AI-APP-0066,SKILL-050,46,0.066667,required,1.1.0,synthetic,true,SRC-SYNTH,2026-09-05T00:00:00+08:00,0.88,synthetic,not_applicable,,team_generated,false,dev
JOB-AI-APP-0066-SKILL-001,JOB-AI-APP-0066,SKILL-001,70,0.066667,required,1.1.0,synthetic,true,SRC-SYNTH,2026-09-05T00:00:00+08:00,0.88,synthetic,not_applicable,,team_generated,false,dev
JOB-AI-APP-0066-SKILL-007,JOB-AI-APP-0066,SKILL-007,70,0.066667,required,1.1.0,synthetic,true,SRC-SYNTH,2026-09-05T00:00:00+08:00,0.88,synthetic,not_applicable,,team_generated,false,dev
JOB-AI-APP-0066-SKILL-008,JOB-AI-APP-0066,SKILL-008,69,0.066667,required,1.1.0,synthetic,true,SRC-SYNTH,2026-09-05T00:00:00+08:00,0.88,synthetic,not_applicable,,team_generated,false,dev
JOB-AI-APP-0066-SKILL-009,JOB-AI-APP-0066,SKILL-009,64,0.066667,required,1.1.0,synthetic,true,SRC-SYNTH,2026-09-05T00:00:00+08:00,0.88,synthetic,not_applicable,,team_generated,false,dev
JOB-AI-APP-0066-SKILL-025,JOB-AI-APP-0066,SKILL-025,63,0.066667,preferred,1.1.0,synthetic,true,SRC-SYNTH,2026-09-05T00:00:00+08:00,0.88,synthetic,not_applicable,,team_generated,false,dev
JOB-AI-APP-0066-SKILL-026,JOB-AI-APP-0066,SKILL-026,63,0.066667,preferred,1.1.0,synthetic,true,SRC-SYNTH,2026-09-05T00:00:00+08:00,0.88,synthetic,not_applicable,,team_generated,false,dev
JOB-AI-APP-0066-SKILL-027,JOB-AI-APP-0066,SKILL-027,63,0.066667,preferred,1.1.0,synthetic,true,SRC-SYNTH,2026-09-05T00:00:00+08:00,0.88,synthetic,not_applicable,,team_generated,false,dev
JOB-AI-APP-0066-SKILL-028,JOB-AI-APP-0066,SKILL-028,62,0.066667,preferred,1.1.0,synthetic,true,SRC-SYNTH,2026-09-05T00:00:00+08:00,0.88,synthetic,not_applicable,,team_generated,false,dev
JOB-AI-APP-0066-SKILL-029,JOB-AI-APP-0066,SKILL-029,57,0.066662,preferred,1.1.0,synthetic,true,SRC-SYNTH,2026-09-05T00:00:00+08:00,0.88,synthetic,not_applicable,,team_generated,false,dev
JOB-AI-APP-0067-SKILL-037,JOB-AI-APP-0067,SKILL-037,52,0.0625,required,1.1.0,synthetic,true,SRC-SYNTH,2026-09-05T00:00:00+08:00,0.88,synthetic,not_applicable,,team_generated,false,dev
JOB-AI-APP-0067-SKILL-038,JOB-AI-APP-0067,SKILL-038,51,0.0625,required,1.1.0,synthetic,true,SRC-SYNTH,2026-09-05T00:00:00+08:00,0.88,synthetic,not_applicable,,team_generated,false,dev
JOB-AI-APP-0067-SKILL-039,JOB-AI-APP-0067,SKILL-039,51,0.0625,required,1.1.0,synthetic,true,SRC-SYNTH,2026-09-05T00:00:00+08:00,0.88,synthetic,not_applicable,,team_generated,false,dev
JOB-AI-APP-0067-SKILL-043,JOB-AI-APP-0067,SKILL-043,46,0.0625,required,1.1.0,synthetic,true,SRC-SYNTH,2026-09-05T00:00:00+08:00,0.88,synthetic,not_applicable,,team_generated,false,dev
JOB-AI-APP-0067-SKILL-050,JOB-AI-APP-0067,SKILL-050,46,0.0625,required,1.1.0,synthetic,true,SRC-SYNTH,2026-09-05T00:00:00+08:00,0.88,synthetic,not_applicable,,team_generated,false,dev
JOB-AI-APP-0067-SKILL-001,JOB-AI-APP-0067,SKILL-001,70,0.0625,required,1.1.0,synthetic,true,SRC-SYNTH,2026-09-05T00:00:00+08:00,0.88,synthetic,not_applicable,,team_generated,false,dev
JOB-AI-APP-0067-SKILL-007,JOB-AI-APP-0067,SKILL-007,70,0.0625,required,1.1.0,synthetic,true,SRC-SYNTH,2026-09-05T00:00:00+08:00,0.88,synthetic,not_applicable,,team_generated,false,dev
JOB-AI-APP-0067-SKILL-008,JOB-AI-APP-0067,SKILL-008,69,0.0625,required,1.1.0,synthetic,true,SRC-SYNTH,2026-09-05T00:00:00+08:00,0.88,synthetic,not_applicable,,team_generated,false,dev
JOB-AI-APP-0067-SKILL-009,JOB-AI-APP-0067,SKILL-009,64,0.0625,required,1.1.0,synthetic,true,SRC-SYNTH,2026-09-05T00:00:00+08:00,0.88,synthetic,not_applicable,,team_generated,false,dev
JOB-AI-APP-0067-SKILL-025,JOB-AI-APP-0067,SKILL-025,63,0.0625,required,1.1.0,synthetic,true,SRC-SYNTH,2026-09-05T00:00:00+08:00,0.88,synthetic,not_applicable,,team_generated,false,dev
JOB-AI-APP-0067-SKILL-026,JOB-AI-APP-0067,SKILL-026,63,0.0625,required,1.1.0,synthetic,true,SRC-SYNTH,2026-09-05T00:00:00+08:00,0.88,synthetic,not_applicable,,team_generated,false,dev
JOB-AI-APP-0067-SKILL-027,JOB-AI-APP-0067,SKILL-027,63,0.0625,preferred,1.1.0,synthetic,true,SRC-SYNTH,2026-09-05T00:00:00+08:00,0.88,synthetic,not_applicable,,team_generated,false,dev
JOB-AI-APP-0067-SKILL-028,JOB-AI-APP-0067,SKILL-028,62,0.0625,preferred,1.1.0,synthetic,true,SRC-SYNTH,2026-09-05T00:00:00+08:00,0.88,synthetic,not_applicable,,team_generated,false,dev
JOB-AI-APP-0067-SKILL-029,JOB-AI-APP-0067,SKILL-029,57,0.0625,preferred,1.1.0,synthetic,true,SRC-SYNTH,2026-09-05T00:00:00+08:00,0.88,synthetic,not_applicable,,team_generated,false,dev
JOB-AI-APP-0067-SKILL-030,JOB-AI-APP-0067,SKILL-030,56,0.0625,preferred,1.1.0,synthetic,true,SRC-SYNTH,2026-09-05T00:00:00+08:00,0.88,synthetic,not_applicable,,team_generated,false,dev
JOB-AI-APP-0067-SKILL-034,JOB-AI-APP-0067,SKILL-034,56,0.0625,preferred,1.1.0,synthetic,true,SRC-SYNTH,2026-09-05T00:00:00+08:00,0.88,synthetic,not_applicable,,team_generated,false,dev
JOB-AI-APP-0068-SKILL-038,JOB-AI-APP-0068,SKILL-038,51,0.058824,required,1.1.0,synthetic,true,SRC-SYNTH,2026-09-05T00:00:00+08:00,0.88,synthetic,not_applicable,,team_generated,false,dev
JOB-AI-APP-0068-SKILL-039,JOB-AI-APP-0068,SKILL-039,51,0.058824,required,1.1.0,synthetic,true,SRC-SYNTH,2026-09-05T00:00:00+08:00,0.88,synthetic,not_applicable,,team_generated,false,dev
JOB-AI-APP-0068-SKILL-043,JOB-AI-APP-0068,SKILL-043,46,0.058824,required,1.1.0,synthetic,true,SRC-SYNTH,2026-09-05T00:00:00+08:00,0.88,synthetic,not_applicable,,team_generated,false,dev
JOB-AI-APP-0068-SKILL-050,JOB-AI-APP-0068,SKILL-050,46,0.058824,required,1.1.0,synthetic,true,SRC-SYNTH,2026-09-05T00:00:00+08:00,0.88,synthetic,not_applicable,,team_generated,false,dev
JOB-AI-APP-0068-SKILL-001,JOB-AI-APP-0068,SKILL-001,70,0.058824,required,1.1.0,synthetic,true,SRC-SYNTH,2026-09-05T00:00:00+08:00,0.88,synthetic,not_applicable,,team_generated,false,dev
JOB-AI-APP-0068-SKILL-007,JOB-AI-APP-0068,SKILL-007,70,0.058824,required,1.1.0,synthetic,true,SRC-SYNTH,2026-09-05T00:00:00+08:00,0.88,synthetic,not_applicable,,team_generated,false,dev
JOB-AI-APP-0068-SKILL-008,JOB-AI-APP-0068,SKILL-008,69,0.058824,required,1.1.0,synthetic,true,SRC-SYNTH,2026-09-05T00:00:00+08:00,0.88,synthetic,not_applicable,,team_generated,false,dev
JOB-AI-APP-0068-SKILL-009,JOB-AI-APP-0068,SKILL-009,64,0.058824,required,1.1.0,synthetic,true,SRC-SYNTH,2026-09-05T00:00:00+08:00,0.88,synthetic,not_applicable,,team_generated,false,dev
JOB-AI-APP-0068-SKILL-025,JOB-AI-APP-0068,SKILL-025,63,0.058824,required,1.1.0,synthetic,true,SRC-SYNTH,2026-09-05T00:00:00+08:00,0.88,synthetic,not_applicable,,team_generated,false,dev
JOB-AI-APP-0068-SKILL-026,JOB-AI-APP-0068,SKILL-026,63,0.058824,required,1.1.0,synthetic,true,SRC-SYNTH,2026-09-05T00:00:00+08:00,0.88,synthetic,not_applicable,,team_generated,false,dev
JOB-AI-APP-0068-SKILL-027,JOB-AI-APP-0068,SKILL-027,63,0.058824,required,1.1.0,synthetic,true,SRC-SYNTH,2026-09-05T00:00:00+08:00,0.88,synthetic,not_applicable,,team_generated,false,dev
JOB-AI-APP-0068-SKILL-028,JOB-AI-APP-0068,SKILL-028,62,0.058824,required,1.1.0,synthetic,true,SRC-SYNTH,2026-09-05T00:00:00+08:00,0.88,synthetic,not_applicable,,team_generated,false,dev
JOB-AI-APP-0068-SKILL-029,JOB-AI-APP-0068,SKILL-029,57,0.058824,preferred,1.1.0,synthetic,true,SRC-SYNTH,2026-09-05T00:00:00+08:00,0.88,synthetic,not_applicable,,team_generated,false,dev
JOB-AI-APP-0068-SKILL-030,JOB-AI-APP-0068,SKILL-030,56,0.058824,preferred,1.1.0,synthetic,true,SRC-SYNTH,2026-09-05T00:00:00+08:00,0.88,synthetic,not_applicable,,team_generated,false,dev
JOB-AI-APP-0068-SKILL-034,JOB-AI-APP-0068,SKILL-034,56,0.058824,preferred,1.1.0,synthetic,true,SRC-SYNTH,2026-09-05T00:00:00+08:00,0.88,synthetic,not_applicable,,team_generated,false,dev
JOB-AI-APP-0068-SKILL-035,JOB-AI-APP-0068,SKILL-035,56,0.058824,preferred,1.1.0,synthetic,true,SRC-SYNTH,2026-09-05T00:00:00+08:00,0.88,synthetic,not_applicable,,team_generated,false,dev
JOB-AI-APP-0068-SKILL-036,JOB-AI-APP-0068,SKILL-036,55,0.058816,preferred,1.1.0,synthetic,true,SRC-SYNTH,2026-09-05T00:00:00+08:00,0.88,synthetic,not_applicable,,team_generated,false,dev
JOB-AI-APP-0069-SKILL-039,JOB-AI-APP-0069,SKILL-039,51,0.055556,required,1.1.0,synthetic,true,SRC-SYNTH,2026-09-05T00:00:00+08:00,0.88,synthetic,not_applicable,,team_generated,false,dev
JOB-AI-APP-0069-SKILL-043,JOB-AI-APP-0069,SKILL-043,46,0.055556,required,1.1.0,synthetic,true,SRC-SYNTH,2026-09-05T00:00:00+08:00,0.88,synthetic,not_applicable,,team_generated,false,dev
JOB-AI-APP-0069-SKILL-050,JOB-AI-APP-0069,SKILL-050,46,0.055556,required,1.1.0,synthetic,true,SRC-SYNTH,2026-09-05T00:00:00+08:00,0.88,synthetic,not_applicable,,team_generated,false,dev
JOB-AI-APP-0069-SKILL-001,JOB-AI-APP-0069,SKILL-001,70,0.055556,required,1.1.0,synthetic,true,SRC-SYNTH,2026-09-05T00:00:00+08:00,0.88,synthetic,not_applicable,,team_generated,false,dev
JOB-AI-APP-0069-SKILL-007,JOB-AI-APP-0069,SKILL-007,70,0.055556,required,1.1.0,synthetic,true,SRC-SYNTH,2026-09-05T00:00:00+08:00,0.88,synthetic,not_applicable,,team_generated,false,dev
JOB-AI-APP-0069-SKILL-008,JOB-AI-APP-0069,SKILL-008,69,0.055556,required,1.1.0,synthetic,true,SRC-SYNTH,2026-09-05T00:00:00+08:00,0.88,synthetic,not_applicable,,team_generated,false,dev
JOB-AI-APP-0069-SKILL-009,JOB-AI-APP-0069,SKILL-009,64,0.055556,required,1.1.0,synthetic,true,SRC-SYNTH,2026-09-05T00:00:00+08:00,0.88,synthetic,not_applicable,,team_generated,false,dev
JOB-AI-APP-0069-SKILL-025,JOB-AI-APP-0069,SKILL-025,63,0.055556,required,1.1.0,synthetic,true,SRC-SYNTH,2026-09-05T00:00:00+08:00,0.88,synthetic,not_applicable,,team_generated,false,dev
JOB-AI-APP-0069-SKILL-026,JOB-AI-APP-0069,SKILL-026,63,0.055556,required,1.1.0,synthetic,true,SRC-SYNTH,2026-09-05T00:00:00+08:00,0.88,synthetic,not_applicable,,team_generated,false,dev
JOB-AI-APP-0069-SKILL-027,JOB-AI-APP-0069,SKILL-027,63,0.055556,required,1.1.0,synthetic,true,SRC-SYNTH,2026-09-05T00:00:00+08:00,0.88,synthetic,not_applicable,,team_generated,false,dev
JOB-AI-APP-0069-SKILL-028,JOB-AI-APP-0069,SKILL-028,62,0.055556,required,1.1.0,synthetic,true,SRC-SYNTH,2026-09-05T00:00:00+08:00,0.88,synthetic,not_applicable,,team_generated,false,dev
JOB-AI-APP-0069-SKILL-029,JOB-AI-APP-0069,SKILL-029,57,0.055556,required,1.1.0,synthetic,true,SRC-SYNTH,2026-09-05T00:00:00+08:00,0.88,synthetic,not_applicable,,team_generated,false,dev
JOB-AI-APP-0069-SKILL-030,JOB-AI-APP-0069,SKILL-030,56,0.055556,preferred,1.1.0,synthetic,true,SRC-SYNTH,2026-09-05T00:00:00+08:00,0.88,synthetic,not_applicable,,team_generated,false,dev
JOB-AI-APP-0069-SKILL-034,JOB-AI-APP-0069,SKILL-034,56,0.055556,preferred,1.1.0,synthetic,true,SRC-SYNTH,2026-09-05T00:00:00+08:00,0.88,synthetic,not_applicable,,team_generated,false,dev
JOB-AI-APP-0069-SKILL-035,JOB-AI-APP-0069,SKILL-035,56,0.055556,preferred,1.1.0,synthetic,true,SRC-SYNTH,2026-09-05T00:00:00+08:00,0.88,synthetic,not_applicable,,team_generated,false,dev
JOB-AI-APP-0069-SKILL-036,JOB-AI-APP-0069,SKILL-036,55,0.055556,preferred,1.1.0,synthetic,true,SRC-SYNTH,2026-09-05T00:00:00+08:00,0.88,synthetic,not_applicable,,team_generated,false,dev
JOB-AI-APP-0069-SKILL-037,JOB-AI-APP-0069,SKILL-037,50,0.055556,preferred,1.1.0,synthetic,true,SRC-SYNTH,2026-09-05T00:00:00+08:00,0.88,synthetic,not_applicable,,team_generated,false,dev
JOB-AI-APP-0069-SKILL-038,JOB-AI-APP-0069,SKILL-038,49,0.055548,preferred,1.1.0,synthetic,true,SRC-SYNTH,2026-09-05T00:00:00+08:00,0.88,synthetic,not_applicable,,team_generated,false,dev
JOB-AI-APP-0070-SKILL-043,JOB-AI-APP-0070,SKILL-043,46,0.083333,required,1.1.0,synthetic,true,SRC-SYNTH,2026-09-05T00:00:00+08:00,0.88,synthetic,not_applicable,,team_generated,false,dev
JOB-AI-APP-0070-SKILL-050,JOB-AI-APP-0070,SKILL-050,46,0.083333,required,1.1.0,synthetic,true,SRC-SYNTH,2026-09-05T00:00:00+08:00,0.88,synthetic,not_applicable,,team_generated,false,dev
JOB-AI-APP-0070-SKILL-001,JOB-AI-APP-0070,SKILL-001,70,0.083333,required,1.1.0,synthetic,true,SRC-SYNTH,2026-09-05T00:00:00+08:00,0.88,synthetic,not_applicable,,team_generated,false,dev
JOB-AI-APP-0070-SKILL-007,JOB-AI-APP-0070,SKILL-007,70,0.083333,required,1.1.0,synthetic,true,SRC-SYNTH,2026-09-05T00:00:00+08:00,0.88,synthetic,not_applicable,,team_generated,false,dev
JOB-AI-APP-0070-SKILL-008,JOB-AI-APP-0070,SKILL-008,69,0.083333,required,1.1.0,synthetic,true,SRC-SYNTH,2026-09-05T00:00:00+08:00,0.88,synthetic,not_applicable,,team_generated,false,dev
JOB-AI-APP-0070-SKILL-009,JOB-AI-APP-0070,SKILL-009,64,0.083333,required,1.1.0,synthetic,true,SRC-SYNTH,2026-09-05T00:00:00+08:00,0.88,synthetic,not_applicable,,team_generated,false,dev
JOB-AI-APP-0070-SKILL-025,JOB-AI-APP-0070,SKILL-025,63,0.083333,required,1.1.0,synthetic,true,SRC-SYNTH,2026-09-05T00:00:00+08:00,0.88,synthetic,not_applicable,,team_generated,false,dev
JOB-AI-APP-0070-SKILL-026,JOB-AI-APP-0070,SKILL-026,63,0.083333,required,1.1.0,synthetic,true,SRC-SYNTH,2026-09-05T00:00:00+08:00,0.88,synthetic,not_applicable,,team_generated,false,dev
JOB-AI-APP-0070-SKILL-027,JOB-AI-APP-0070,SKILL-027,63,0.083333,preferred,1.1.0,synthetic,true,SRC-SYNTH,2026-09-05T00:00:00+08:00,0.88,synthetic,not_applicable,,team_generated,false,dev
JOB-AI-APP-0070-SKILL-028,JOB-AI-APP-0070,SKILL-028,62,0.083333,preferred,1.1.0,synthetic,true,SRC-SYNTH,2026-09-05T00:00:00+08:00,0.88,synthetic,not_applicable,,team_generated,false,dev
JOB-AI-APP-0070-SKILL-029,JOB-AI-APP-0070,SKILL-029,57,0.083333,preferred,1.1.0,synthetic,true,SRC-SYNTH,2026-09-05T00:00:00+08:00,0.88,synthetic,not_applicable,,team_generated,false,dev
JOB-AI-APP-0070-SKILL-030,JOB-AI-APP-0070,SKILL-030,56,0.083337,preferred,1.1.0,synthetic,true,SRC-SYNTH,2026-09-05T00:00:00+08:00,0.88,synthetic,not_applicable,,team_generated,false,dev
JOB-AI-APP-0071-SKILL-050,JOB-AI-APP-0071,SKILL-050,46,0.076923,required,1.1.0,synthetic,true,SRC-SYNTH,2026-09-05T00:00:00+08:00,0.88,synthetic,not_applicable,,team_generated,false,dev
JOB-AI-APP-0071-SKILL-001,JOB-AI-APP-0071,SKILL-001,70,0.076923,required,1.1.0,synthetic,true,SRC-SYNTH,2026-09-05T00:00:00+08:00,0.88,synthetic,not_applicable,,team_generated,false,dev
JOB-AI-APP-0071-SKILL-007,JOB-AI-APP-0071,SKILL-007,70,0.076923,required,1.1.0,synthetic,true,SRC-SYNTH,2026-09-05T00:00:00+08:00,0.88,synthetic,not_applicable,,team_generated,false,dev
JOB-AI-APP-0071-SKILL-008,JOB-AI-APP-0071,SKILL-008,69,0.076923,required,1.1.0,synthetic,true,SRC-SYNTH,2026-09-05T00:00:00+08:00,0.88,synthetic,not_applicable,,team_generated,false,dev
JOB-AI-APP-0071-SKILL-009,JOB-AI-APP-0071,SKILL-009,64,0.076923,required,1.1.0,synthetic,true,SRC-SYNTH,2026-09-05T00:00:00+08:00,0.88,synthetic,not_applicable,,team_generated,false,dev
JOB-AI-APP-0071-SKILL-025,JOB-AI-APP-0071,SKILL-025,63,0.076923,required,1.1.0,synthetic,true,SRC-SYNTH,2026-09-05T00:00:00+08:00,0.88,synthetic,not_applicable,,team_generated,false,dev
JOB-AI-APP-0071-SKILL-026,JOB-AI-APP-0071,SKILL-026,63,0.076923,required,1.1.0,synthetic,true,SRC-SYNTH,2026-09-05T00:00:00+08:00,0.88,synthetic,not_applicable,,team_generated,false,dev
JOB-AI-APP-0071-SKILL-027,JOB-AI-APP-0071,SKILL-027,63,0.076923,required,1.1.0,synthetic,true,SRC-SYNTH,2026-09-05T00:00:00+08:00,0.88,synthetic,not_applicable,,team_generated,false,dev
JOB-AI-APP-0071-SKILL-028,JOB-AI-APP-0071,SKILL-028,62,0.076923,required,1.1.0,synthetic,true,SRC-SYNTH,2026-09-05T00:00:00+08:00,0.88,synthetic,not_applicable,,team_generated,false,dev
JOB-AI-APP-0071-SKILL-029,JOB-AI-APP-0071,SKILL-029,57,0.076923,preferred,1.1.0,synthetic,true,SRC-SYNTH,2026-09-05T00:00:00+08:00,0.88,synthetic,not_applicable,,team_generated,false,dev
JOB-AI-APP-0071-SKILL-030,JOB-AI-APP-0071,SKILL-030,56,0.076923,preferred,1.1.0,synthetic,true,SRC-SYNTH,2026-09-05T00:00:00+08:00,0.88,synthetic,not_applicable,,team_generated,false,dev
JOB-AI-APP-0071-SKILL-034,JOB-AI-APP-0071,SKILL-034,56,0.076923,preferred,1.1.0,synthetic,true,SRC-SYNTH,2026-09-05T00:00:00+08:00,0.88,synthetic,not_applicable,,team_generated,false,dev
JOB-AI-APP-0071-SKILL-035,JOB-AI-APP-0071,SKILL-035,56,0.076924,preferred,1.1.0,synthetic,true,SRC-SYNTH,2026-09-05T00:00:00+08:00,0.88,synthetic,not_applicable,,team_generated,false,dev
JOB-AI-APP-0072-SKILL-001,JOB-AI-APP-0072,SKILL-001,70,0.071429,required,1.1.0,synthetic,true,SRC-SYNTH,2026-09-05T00:00:00+08:00,0.88,synthetic,not_applicable,,team_generated,false,dev
JOB-AI-APP-0072-SKILL-007,JOB-AI-APP-0072,SKILL-007,70,0.071429,required,1.1.0,synthetic,true,SRC-SYNTH,2026-09-05T00:00:00+08:00,0.88,synthetic,not_applicable,,team_generated,false,dev
JOB-AI-APP-0072-SKILL-008,JOB-AI-APP-0072,SKILL-008,69,0.071429,required,1.1.0,synthetic,true,SRC-SYNTH,2026-09-05T00:00:00+08:00,0.88,synthetic,not_applicable,,team_generated,false,dev
JOB-AI-APP-0072-SKILL-009,JOB-AI-APP-0072,SKILL-009,64,0.071429,required,1.1.0,synthetic,true,SRC-SYNTH,2026-09-05T00:00:00+08:00,0.88,synthetic,not_applicable,,team_generated,false,dev
JOB-AI-APP-0072-SKILL-025,JOB-AI-APP-0072,SKILL-025,63,0.071429,required,1.1.0,synthetic,true,SRC-SYNTH,2026-09-05T00:00:00+08:00,0.88,synthetic,not_applicable,,team_generated,false,dev
JOB-AI-APP-0072-SKILL-026,JOB-AI-APP-0072,SKILL-026,63,0.071429,required,1.1.0,synthetic,true,SRC-SYNTH,2026-09-05T00:00:00+08:00,0.88,synthetic,not_applicable,,team_generated,false,dev
JOB-AI-APP-0072-SKILL-027,JOB-AI-APP-0072,SKILL-027,63,0.071429,required,1.1.0,synthetic,true,SRC-SYNTH,2026-09-05T00:00:00+08:00,0.88,synthetic,not_applicable,,team_generated,false,dev
JOB-AI-APP-0072-SKILL-028,JOB-AI-APP-0072,SKILL-028,62,0.071429,required,1.1.0,synthetic,true,SRC-SYNTH,2026-09-05T00:00:00+08:00,0.88,synthetic,not_applicable,,team_generated,false,dev
JOB-AI-APP-0072-SKILL-029,JOB-AI-APP-0072,SKILL-029,57,0.071429,required,1.1.0,synthetic,true,SRC-SYNTH,2026-09-05T00:00:00+08:00,0.88,synthetic,not_applicable,,team_generated,false,dev
JOB-AI-APP-0072-SKILL-030,JOB-AI-APP-0072,SKILL-030,56,0.071429,required,1.1.0,synthetic,true,SRC-SYNTH,2026-09-05T00:00:00+08:00,0.88,synthetic,not_applicable,,team_generated,false,dev
JOB-AI-APP-0072-SKILL-034,JOB-AI-APP-0072,SKILL-034,56,0.071429,preferred,1.1.0,synthetic,true,SRC-SYNTH,2026-09-05T00:00:00+08:00,0.88,synthetic,not_applicable,,team_generated,false,dev
JOB-AI-APP-0072-SKILL-035,JOB-AI-APP-0072,SKILL-035,56,0.071429,preferred,1.1.0,synthetic,true,SRC-SYNTH,2026-09-05T00:00:00+08:00,0.88,synthetic,not_applicable,,team_generated,false,dev
JOB-AI-APP-0072-SKILL-036,JOB-AI-APP-0072,SKILL-036,55,0.071429,preferred,1.1.0,synthetic,true,SRC-SYNTH,2026-09-05T00:00:00+08:00,0.88,synthetic,not_applicable,,team_generated,false,dev
JOB-AI-APP-0072-SKILL-037,JOB-AI-APP-0072,SKILL-037,50,0.071423,preferred,1.1.0,synthetic,true,SRC-SYNTH,2026-09-05T00:00:00+08:00,0.88,synthetic,not_applicable,,team_generated,false,dev
JOB-AI-APP-0073-SKILL-007,JOB-AI-APP-0073,SKILL-007,70,0.066667,required,1.1.0,synthetic,true,SRC-SYNTH,2026-09-05T00:00:00+08:00,0.88,synthetic,not_applicable,,team_generated,false,dev
JOB-AI-APP-0073-SKILL-008,JOB-AI-APP-0073,SKILL-008,69,0.066667,required,1.1.0,synthetic,true,SRC-SYNTH,2026-09-05T00:00:00+08:00,0.88,synthetic,not_applicable,,team_generated,false,dev
JOB-AI-APP-0073-SKILL-009,JOB-AI-APP-0073,SKILL-009,64,0.066667,required,1.1.0,synthetic,true,SRC-SYNTH,2026-09-05T00:00:00+08:00,0.88,synthetic,not_applicable,,team_generated,false,dev
JOB-AI-APP-0073-SKILL-025,JOB-AI-APP-0073,SKILL-025,63,0.066667,required,1.1.0,synthetic,true,SRC-SYNTH,2026-09-05T00:00:00+08:00,0.88,synthetic,not_applicable,,team_generated,false,dev
JOB-AI-APP-0073-SKILL-026,JOB-AI-APP-0073,SKILL-026,63,0.066667,required,1.1.0,synthetic,true,SRC-SYNTH,2026-09-05T00:00:00+08:00,0.88,synthetic,not_applicable,,team_generated,false,dev
JOB-AI-APP-0073-SKILL-027,JOB-AI-APP-0073,SKILL-027,63,0.066667,required,1.1.0,synthetic,true,SRC-SYNTH,2026-09-05T00:00:00+08:00,0.88,synthetic,not_applicable,,team_generated,false,dev
JOB-AI-APP-0073-SKILL-028,JOB-AI-APP-0073,SKILL-028,62,0.066667,required,1.1.0,synthetic,true,SRC-SYNTH,2026-09-05T00:00:00+08:00,0.88,synthetic,not_applicable,,team_generated,false,dev
JOB-AI-APP-0073-SKILL-029,JOB-AI-APP-0073,SKILL-029,57,0.066667,required,1.1.0,synthetic,true,SRC-SYNTH,2026-09-05T00:00:00+08:00,0.88,synthetic,not_applicable,,team_generated,false,dev
JOB-AI-APP-0073-SKILL-030,JOB-AI-APP-0073,SKILL-030,56,0.066667,required,1.1.0,synthetic,true,SRC-SYNTH,2026-09-05T00:00:00+08:00,0.88,synthetic,not_applicable,,team_generated,false,dev
JOB-AI-APP-0073-SKILL-034,JOB-AI-APP-0073,SKILL-034,56,0.066667,required,1.1.0,synthetic,true,SRC-SYNTH,2026-09-05T00:00:00+08:00,0.88,synthetic,not_applicable,,team_generated,false,dev
JOB-AI-APP-0073-SKILL-035,JOB-AI-APP-0073,SKILL-035,56,0.066667,preferred,1.1.0,synthetic,true,SRC-SYNTH,2026-09-05T00:00:00+08:00,0.88,synthetic,not_applicable,,team_generated,false,dev
JOB-AI-APP-0073-SKILL-036,JOB-AI-APP-0073,SKILL-036,55,0.066667,preferred,1.1.0,synthetic,true,SRC-SYNTH,2026-09-05T00:00:00+08:00,0.88,synthetic,not_applicable,,team_generated,false,dev
JOB-AI-APP-0073-SKILL-037,JOB-AI-APP-0073,SKILL-037,50,0.066667,preferred,1.1.0,synthetic,true,SRC-SYNTH,2026-09-05T00:00:00+08:00,0.88,synthetic,not_applicable,,team_generated,false,dev
JOB-AI-APP-0073-SKILL-038,JOB-AI-APP-0073,SKILL-038,49,0.066667,preferred,1.1.0,synthetic,true,SRC-SYNTH,2026-09-05T00:00:00+08:00,0.88,synthetic,not_applicable,,team_generated,false,dev
JOB-AI-APP-0073-SKILL-039,JOB-AI-APP-0073,SKILL-039,49,0.066662,preferred,1.1.0,synthetic,true,SRC-SYNTH,2026-09-05T00:00:00+08:00,0.88,synthetic,not_applicable,,team_generated,false,dev
JOB-AI-APP-0074-SKILL-008,JOB-AI-APP-0074,SKILL-008,69,0.0625,required,1.1.0,synthetic,true,SRC-SYNTH,2026-09-05T00:00:00+08:00,0.88,synthetic,not_applicable,,team_generated,false,dev
JOB-AI-APP-0074-SKILL-009,JOB-AI-APP-0074,SKILL-009,64,0.0625,required,1.1.0,synthetic,true,SRC-SYNTH,2026-09-05T00:00:00+08:00,0.88,synthetic,not_applicable,,team_generated,false,dev
JOB-AI-APP-0074-SKILL-025,JOB-AI-APP-0074,SKILL-025,63,0.0625,required,1.1.0,synthetic,true,SRC-SYNTH,2026-09-05T00:00:00+08:00,0.88,synthetic,not_applicable,,team_generated,false,dev
JOB-AI-APP-0074-SKILL-026,JOB-AI-APP-0074,SKILL-026,63,0.0625,required,1.1.0,synthetic,true,SRC-SYNTH,2026-09-05T00:00:00+08:00,0.88,synthetic,not_applicable,,team_generated,false,dev
JOB-AI-APP-0074-SKILL-027,JOB-AI-APP-0074,SKILL-027,63,0.0625,required,1.1.0,synthetic,true,SRC-SYNTH,2026-09-05T00:00:00+08:00,0.88,synthetic,not_applicable,,team_generated,false,dev
JOB-AI-APP-0074-SKILL-028,JOB-AI-APP-0074,SKILL-028,62,0.0625,required,1.1.0,synthetic,true,SRC-SYNTH,2026-09-05T00:00:00+08:00,0.88,synthetic,not_applicable,,team_generated,false,dev
JOB-AI-APP-0074-SKILL-029,JOB-AI-APP-0074,SKILL-029,57,0.0625,required,1.1.0,synthetic,true,SRC-SYNTH,2026-09-05T00:00:00+08:00,0.88,synthetic,not_applicable,,team_generated,false,dev
JOB-AI-APP-0074-SKILL-030,JOB-AI-APP-0074,SKILL-030,56,0.0625,required,1.1.0,synthetic,true,SRC-SYNTH,2026-09-05T00:00:00+08:00,0.88,synthetic,not_applicable,,team_generated,false,dev
JOB-AI-APP-0074-SKILL-034,JOB-AI-APP-0074,SKILL-034,56,0.0625,required,1.1.0,synthetic,true,SRC-SYNTH,2026-09-05T00:00:00+08:00,0.88,synthetic,not_applicable,,team_generated,false,dev
JOB-AI-APP-0074-SKILL-035,JOB-AI-APP-0074,SKILL-035,56,0.0625,required,1.1.0,synthetic,true,SRC-SYNTH,2026-09-05T00:00:00+08:00,0.88,synthetic,not_applicable,,team_generated,false,dev
JOB-AI-APP-0074-SKILL-036,JOB-AI-APP-0074,SKILL-036,55,0.0625,required,1.1.0,synthetic,true,SRC-SYNTH,2026-09-05T00:00:00+08:00,0.88,synthetic,not_applicable,,team_generated,false,dev
JOB-AI-APP-0074-SKILL-037,JOB-AI-APP-0074,SKILL-037,50,0.0625,preferred,1.1.0,synthetic,true,SRC-SYNTH,2026-09-05T00:00:00+08:00,0.88,synthetic,not_applicable,,team_generated,false,dev
JOB-AI-APP-0074-SKILL-038,JOB-AI-APP-0074,SKILL-038,49,0.0625,preferred,1.1.0,synthetic,true,SRC-SYNTH,2026-09-05T00:00:00+08:00,0.88,synthetic,not_applicable,,team_generated,false,dev
JOB-AI-APP-0074-SKILL-039,JOB-AI-APP-0074,SKILL-039,49,0.0625,preferred,1.1.0,synthetic,true,SRC-SYNTH,2026-09-05T00:00:00+08:00,0.88,synthetic,not_applicable,,team_generated,false,dev
JOB-AI-APP-0074-SKILL-043,JOB-AI-APP-0074,SKILL-043,49,0.0625,preferred,1.1.0,synthetic,true,SRC-SYNTH,2026-09-05T00:00:00+08:00,0.88,synthetic,not_applicable,,team_generated,false,dev
JOB-AI-APP-0074-SKILL-050,JOB-AI-APP-0074,SKILL-050,49,0.0625,preferred,1.1.0,synthetic,true,SRC-SYNTH,2026-09-05T00:00:00+08:00,0.88,synthetic,not_applicable,,team_generated,false,dev
JOB-AI-APP-0075-SKILL-009,JOB-AI-APP-0075,SKILL-009,64,0.058824,required,1.1.0,synthetic,true,SRC-SYNTH,2026-09-05T00:00:00+08:00,0.88,synthetic,not_applicable,,team_generated,false,dev
JOB-AI-APP-0075-SKILL-025,JOB-AI-APP-0075,SKILL-025,63,0.058824,required,1.1.0,synthetic,true,SRC-SYNTH,2026-09-05T00:00:00+08:00,0.88,synthetic,not_applicable,,team_generated,false,dev
JOB-AI-APP-0075-SKILL-026,JOB-AI-APP-0075,SKILL-026,63,0.058824,required,1.1.0,synthetic,true,SRC-SYNTH,2026-09-05T00:00:00+08:00,0.88,synthetic,not_applicable,,team_generated,false,dev
JOB-AI-APP-0075-SKILL-027,JOB-AI-APP-0075,SKILL-027,63,0.058824,required,1.1.0,synthetic,true,SRC-SYNTH,2026-09-05T00:00:00+08:00,0.88,synthetic,not_applicable,,team_generated,false,dev
JOB-AI-APP-0075-SKILL-028,JOB-AI-APP-0075,SKILL-028,62,0.058824,required,1.1.0,synthetic,true,SRC-SYNTH,2026-09-05T00:00:00+08:00,0.88,synthetic,not_applicable,,team_generated,false,dev
JOB-AI-APP-0075-SKILL-029,JOB-AI-APP-0075,SKILL-029,57,0.058824,required,1.1.0,synthetic,true,SRC-SYNTH,2026-09-05T00:00:00+08:00,0.88,synthetic,not_applicable,,team_generated,false,dev
JOB-AI-APP-0075-SKILL-030,JOB-AI-APP-0075,SKILL-030,56,0.058824,required,1.1.0,synthetic,true,SRC-SYNTH,2026-09-05T00:00:00+08:00,0.88,synthetic,not_applicable,,team_generated,false,dev
JOB-AI-APP-0075-SKILL-034,JOB-AI-APP-0075,SKILL-034,56,0.058824,required,1.1.0,synthetic,true,SRC-SYNTH,2026-09-05T00:00:00+08:00,0.88,synthetic,not_applicable,,team_generated,false,dev
JOB-AI-APP-0075-SKILL-035,JOB-AI-APP-0075,SKILL-035,56,0.058824,required,1.1.0,synthetic,true,SRC-SYNTH,2026-09-05T00:00:00+08:00,0.88,synthetic,not_applicable,,team_generated,false,dev
JOB-AI-APP-0075-SKILL-036,JOB-AI-APP-0075,SKILL-036,55,0.058824,required,1.1.0,synthetic,true,SRC-SYNTH,2026-09-05T00:00:00+08:00,0.88,synthetic,not_applicable,,team_generated,false,dev
JOB-AI-APP-0075-SKILL-037,JOB-AI-APP-0075,SKILL-037,50,0.058824,required,1.1.0,synthetic,true,SRC-SYNTH,2026-09-05T00:00:00+08:00,0.88,synthetic,not_applicable,,team_generated,false,dev
JOB-AI-APP-0075-SKILL-038,JOB-AI-APP-0075,SKILL-038,49,0.058824,required,1.1.0,synthetic,true,SRC-SYNTH,2026-09-05T00:00:00+08:00,0.88,synthetic,not_applicable,,team_generated,false,dev
JOB-AI-APP-0075-SKILL-039,JOB-AI-APP-0075,SKILL-039,49,0.058824,preferred,1.1.0,synthetic,true,SRC-SYNTH,2026-09-05T00:00:00+08:00,0.88,synthetic,not_applicable,,team_generated,false,dev
JOB-AI-APP-0075-SKILL-043,JOB-AI-APP-0075,SKILL-043,49,0.058824,preferred,1.1.0,synthetic,true,SRC-SYNTH,2026-09-05T00:00:00+08:00,0.88,synthetic,not_applicable,,team_generated,false,dev
JOB-AI-APP-0075-SKILL-050,JOB-AI-APP-0075,SKILL-050,49,0.058824,preferred,1.1.0,synthetic,true,SRC-SYNTH,2026-09-05T00:00:00+08:00,0.88,synthetic,not_applicable,,team_generated,false,dev
JOB-AI-APP-0075-SKILL-001,JOB-AI-APP-0075,SKILL-001,68,0.058824,preferred,1.1.0,synthetic,true,SRC-SYNTH,2026-09-05T00:00:00+08:00,0.88,synthetic,not_applicable,,team_generated,false,dev
JOB-AI-APP-0075-SKILL-007,JOB-AI-APP-0075,SKILL-007,68,0.058816,preferred,1.1.0,synthetic,true,SRC-SYNTH,2026-09-05T00:00:00+08:00,0.88,synthetic,not_applicable,,team_generated,false,dev
JOB-AI-APP-0076-SKILL-025,JOB-AI-APP-0076,SKILL-025,63,0.055556,required,1.1.0,synthetic,true,SRC-SYNTH,2026-09-05T00:00:00+08:00,0.88,synthetic,not_applicable,,team_generated,false,dev
JOB-AI-APP-0076-SKILL-026,JOB-AI-APP-0076,SKILL-026,63,0.055556,required,1.1.0,synthetic,true,SRC-SYNTH,2026-09-05T00:00:00+08:00,0.88,synthetic,not_applicable,,team_generated,false,dev
JOB-AI-APP-0076-SKILL-027,JOB-AI-APP-0076,SKILL-027,63,0.055556,required,1.1.0,synthetic,true,SRC-SYNTH,2026-09-05T00:00:00+08:00,0.88,synthetic,not_applicable,,team_generated,false,dev
JOB-AI-APP-0076-SKILL-028,JOB-AI-APP-0076,SKILL-028,62,0.055556,required,1.1.0,synthetic,true,SRC-SYNTH,2026-09-05T00:00:00+08:00,0.88,synthetic,not_applicable,,team_generated,false,dev
JOB-AI-APP-0076-SKILL-029,JOB-AI-APP-0076,SKILL-029,57,0.055556,required,1.1.0,synthetic,true,SRC-SYNTH,2026-09-05T00:00:00+08:00,0.88,synthetic,not_applicable,,team_generated,false,dev
JOB-AI-APP-0076-SKILL-030,JOB-AI-APP-0076,SKILL-030,56,0.055556,required,1.1.0,synthetic,true,SRC-SYNTH,2026-09-05T00:00:00+08:00,0.88,synthetic,not_applicable,,team_generated,false,dev
JOB-AI-APP-0076-SKILL-034,JOB-AI-APP-0076,SKILL-034,56,0.055556,required,1.1.0,synthetic,true,SRC-SYNTH,2026-09-05T00:00:00+08:00,0.88,synthetic,not_applicable,,team_generated,false,dev
JOB-AI-APP-0076-SKILL-035,JOB-AI-APP-0076,SKILL-035,56,0.055556,required,1.1.0,synthetic,true,SRC-SYNTH,2026-09-05T00:00:00+08:00,0.88,synthetic,not_applicable,,team_generated,false,dev
JOB-AI-APP-0076-SKILL-036,JOB-AI-APP-0076,SKILL-036,55,0.055556,required,1.1.0,synthetic,true,SRC-SYNTH,2026-09-05T00:00:00+08:00,0.88,synthetic,not_applicable,,team_generated,false,dev
JOB-AI-APP-0076-SKILL-037,JOB-AI-APP-0076,SKILL-037,50,0.055556,required,1.1.0,synthetic,true,SRC-SYNTH,2026-09-05T00:00:00+08:00,0.88,synthetic,not_applicable,,team_generated,false,dev
JOB-AI-APP-0076-SKILL-038,JOB-AI-APP-0076,SKILL-038,49,0.055556,required,1.1.0,synthetic,true,SRC-SYNTH,2026-09-05T00:00:00+08:00,0.88,synthetic,not_applicable,,team_generated,false,dev
JOB-AI-APP-0076-SKILL-039,JOB-AI-APP-0076,SKILL-039,49,0.055556,required,1.1.0,synthetic,true,SRC-SYNTH,2026-09-05T00:00:00+08:00,0.88,synthetic,not_applicable,,team_generated,false,dev
JOB-AI-APP-0076-SKILL-043,JOB-AI-APP-0076,SKILL-043,49,0.055556,preferred,1.1.0,synthetic,true,SRC-SYNTH,2026-09-05T00:00:00+08:00,0.88,synthetic,not_applicable,,team_generated,false,dev
JOB-AI-APP-0076-SKILL-050,JOB-AI-APP-0076,SKILL-050,49,0.055556,preferred,1.1.0,synthetic,true,SRC-SYNTH,2026-09-05T00:00:00+08:00,0.88,synthetic,not_applicable,,team_generated,false,dev
JOB-AI-APP-0076-SKILL-001,JOB-AI-APP-0076,SKILL-001,68,0.055556,preferred,1.1.0,synthetic,true,SRC-SYNTH,2026-09-05T00:00:00+08:00,0.88,synthetic,not_applicable,,team_generated,false,dev
JOB-AI-APP-0076-SKILL-007,JOB-AI-APP-0076,SKILL-007,68,0.055556,preferred,1.1.0,synthetic,true,SRC-SYNTH,2026-09-05T00:00:00+08:00,0.88,synthetic,not_applicable,,team_generated,false,dev
JOB-AI-APP-0076-SKILL-008,JOB-AI-APP-0076,SKILL-008,67,0.055556,preferred,1.1.0,synthetic,true,SRC-SYNTH,2026-09-05T00:00:00+08:00,0.88,synthetic,not_applicable,,team_generated,false,dev
JOB-AI-APP-0076-SKILL-009,JOB-AI-APP-0076,SKILL-009,67,0.055548,preferred,1.1.0,synthetic,true,SRC-SYNTH,2026-09-05T00:00:00+08:00,0.88,synthetic,not_applicable,,team_generated,false,dev
JOB-AI-APP-0077-SKILL-026,JOB-AI-APP-0077,SKILL-026,63,0.083333,required,1.1.0,synthetic,true,SRC-SYNTH,2026-09-05T00:00:00+08:00,0.88,synthetic,not_applicable,,team_generated,false,dev
JOB-AI-APP-0077-SKILL-027,JOB-AI-APP-0077,SKILL-027,63,0.083333,required,1.1.0,synthetic,true,SRC-SYNTH,2026-09-05T00:00:00+08:00,0.88,synthetic,not_applicable,,team_generated,false,dev
JOB-AI-APP-0077-SKILL-028,JOB-AI-APP-0077,SKILL-028,62,0.083333,required,1.1.0,synthetic,true,SRC-SYNTH,2026-09-05T00:00:00+08:00,0.88,synthetic,not_applicable,,team_generated,false,dev
JOB-AI-APP-0077-SKILL-029,JOB-AI-APP-0077,SKILL-029,57,0.083333,required,1.1.0,synthetic,true,SRC-SYNTH,2026-09-05T00:00:00+08:00,0.88,synthetic,not_applicable,,team_generated,false,dev
JOB-AI-APP-0077-SKILL-030,JOB-AI-APP-0077,SKILL-030,56,0.083333,required,1.1.0,synthetic,true,SRC-SYNTH,2026-09-05T00:00:00+08:00,0.88,synthetic,not_applicable,,team_generated,false,dev
JOB-AI-APP-0077-SKILL-034,JOB-AI-APP-0077,SKILL-034,56,0.083333,required,1.1.0,synthetic,true,SRC-SYNTH,2026-09-05T00:00:00+08:00,0.88,synthetic,not_applicable,,team_generated,false,dev
JOB-AI-APP-0077-SKILL-035,JOB-AI-APP-0077,SKILL-035,56,0.083333,required,1.1.0,synthetic,true,SRC-SYNTH,2026-09-05T00:00:00+08:00,0.88,synthetic,not_applicable,,team_generated,false,dev
JOB-AI-APP-0077-SKILL-036,JOB-AI-APP-0077,SKILL-036,55,0.083333,required,1.1.0,synthetic,true,SRC-SYNTH,2026-09-05T00:00:00+08:00,0.88,synthetic,not_applicable,,team_generated,false,dev
JOB-AI-APP-0077-SKILL-037,JOB-AI-APP-0077,SKILL-037,50,0.083333,preferred,1.1.0,synthetic,true,SRC-SYNTH,2026-09-05T00:00:00+08:00,0.88,synthetic,not_applicable,,team_generated,false,dev
JOB-AI-APP-0077-SKILL-038,JOB-AI-APP-0077,SKILL-038,49,0.083333,preferred,1.1.0,synthetic,true,SRC-SYNTH,2026-09-05T00:00:00+08:00,0.88,synthetic,not_applicable,,team_generated,false,dev
JOB-AI-APP-0077-SKILL-039,JOB-AI-APP-0077,SKILL-039,49,0.083333,preferred,1.1.0,synthetic,true,SRC-SYNTH,2026-09-05T00:00:00+08:00,0.88,synthetic,not_applicable,,team_generated,false,dev
JOB-AI-APP-0077-SKILL-043,JOB-AI-APP-0077,SKILL-043,49,0.083337,preferred,1.1.0,synthetic,true,SRC-SYNTH,2026-09-05T00:00:00+08:00,0.88,synthetic,not_applicable,,team_generated,false,dev
JOB-AI-APP-0078-SKILL-027,JOB-AI-APP-0078,SKILL-027,63,0.076923,required,1.1.0,synthetic,true,SRC-SYNTH,2026-09-05T00:00:00+08:00,0.88,synthetic,not_applicable,,team_generated,false,dev
JOB-AI-APP-0078-SKILL-028,JOB-AI-APP-0078,SKILL-028,62,0.076923,required,1.1.0,synthetic,true,SRC-SYNTH,2026-09-05T00:00:00+08:00,0.88,synthetic,not_applicable,,team_generated,false,dev
JOB-AI-APP-0078-SKILL-029,JOB-AI-APP-0078,SKILL-029,57,0.076923,required,1.1.0,synthetic,true,SRC-SYNTH,2026-09-05T00:00:00+08:00,0.88,synthetic,not_applicable,,team_generated,false,dev
JOB-AI-APP-0078-SKILL-030,JOB-AI-APP-0078,SKILL-030,56,0.076923,required,1.1.0,synthetic,true,SRC-SYNTH,2026-09-05T00:00:00+08:00,0.88,synthetic,not_applicable,,team_generated,false,dev
JOB-AI-APP-0078-SKILL-034,JOB-AI-APP-0078,SKILL-034,56,0.076923,required,1.1.0,synthetic,true,SRC-SYNTH,2026-09-05T00:00:00+08:00,0.88,synthetic,not_applicable,,team_generated,false,dev
JOB-AI-APP-0078-SKILL-035,JOB-AI-APP-0078,SKILL-035,56,0.076923,required,1.1.0,synthetic,true,SRC-SYNTH,2026-09-05T00:00:00+08:00,0.88,synthetic,not_applicable,,team_generated,false,dev
JOB-AI-APP-0078-SKILL-036,JOB-AI-APP-0078,SKILL-036,55,0.076923,required,1.1.0,synthetic,true,SRC-SYNTH,2026-09-05T00:00:00+08:00,0.88,synthetic,not_applicable,,team_generated,false,dev
JOB-AI-APP-0078-SKILL-037,JOB-AI-APP-0078,SKILL-037,50,0.076923,required,1.1.0,synthetic,true,SRC-SYNTH,2026-09-05T00:00:00+08:00,0.88,synthetic,not_applicable,,team_generated,false,dev
JOB-AI-APP-0078-SKILL-038,JOB-AI-APP-0078,SKILL-038,49,0.076923,required,1.1.0,synthetic,true,SRC-SYNTH,2026-09-05T00:00:00+08:00,0.88,synthetic,not_applicable,,team_generated,false,dev
JOB-AI-APP-0078-SKILL-039,JOB-AI-APP-0078,SKILL-039,49,0.076923,preferred,1.1.0,synthetic,true,SRC-SYNTH,2026-09-05T00:00:00+08:00,0.88,synthetic,not_applicable,,team_generated,false,dev
JOB-AI-APP-0078-SKILL-043,JOB-AI-APP-0078,SKILL-043,49,0.076923,preferred,1.1.0,synthetic,true,SRC-SYNTH,2026-09-05T00:00:00+08:00,0.88,synthetic,not_applicable,,team_generated,false,dev
JOB-AI-APP-0078-SKILL-050,JOB-AI-APP-0078,SKILL-050,49,0.076923,preferred,1.1.0,synthetic,true,SRC-SYNTH,2026-09-05T00:00:00+08:00,0.88,synthetic,not_applicable,,team_generated,false,dev
JOB-AI-APP-0078-SKILL-001,JOB-AI-APP-0078,SKILL-001,68,0.076924,preferred,1.1.0,synthetic,true,SRC-SYNTH,2026-09-05T00:00:00+08:00,0.88,synthetic,not_applicable,,team_generated,false,dev
JOB-AI-APP-0079-SKILL-028,JOB-AI-APP-0079,SKILL-028,62,0.071429,required,1.1.0,synthetic,true,SRC-SYNTH,2026-09-05T00:00:00+08:00,0.88,synthetic,not_applicable,,team_generated,false,dev
JOB-AI-APP-0079-SKILL-029,JOB-AI-APP-0079,SKILL-029,57,0.071429,required,1.1.0,synthetic,true,SRC-SYNTH,2026-09-05T00:00:00+08:00,0.88,synthetic,not_applicable,,team_generated,false,dev
JOB-AI-APP-0079-SKILL-030,JOB-AI-APP-0079,SKILL-030,56,0.071429,required,1.1.0,synthetic,true,SRC-SYNTH,2026-09-05T00:00:00+08:00,0.88,synthetic,not_applicable,,team_generated,false,dev
JOB-AI-APP-0079-SKILL-034,JOB-AI-APP-0079,SKILL-034,56,0.071429,required,1.1.0,synthetic,true,SRC-SYNTH,2026-09-05T00:00:00+08:00,0.88,synthetic,not_applicable,,team_generated,false,dev
JOB-AI-APP-0079-SKILL-035,JOB-AI-APP-0079,SKILL-035,56,0.071429,required,1.1.0,synthetic,true,SRC-SYNTH,2026-09-05T00:00:00+08:00,0.88,synthetic,not_applicable,,team_generated,false,dev
JOB-AI-APP-0079-SKILL-036,JOB-AI-APP-0079,SKILL-036,55,0.071429,required,1.1.0,synthetic,true,SRC-SYNTH,2026-09-05T00:00:00+08:00,0.88,synthetic,not_applicable,,team_generated,false,dev
JOB-AI-APP-0079-SKILL-037,JOB-AI-APP-0079,SKILL-037,50,0.071429,required,1.1.0,synthetic,true,SRC-SYNTH,2026-09-05T00:00:00+08:00,0.88,synthetic,not_applicable,,team_generated,false,dev
JOB-AI-APP-0079-SKILL-038,JOB-AI-APP-0079,SKILL-038,49,0.071429,required,1.1.0,synthetic,true,SRC-SYNTH,2026-09-05T00:00:00+08:00,0.88,synthetic,not_applicable,,team_generated,false,dev
JOB-AI-APP-0079-SKILL-039,JOB-AI-APP-0079,SKILL-039,49,0.071429,required,1.1.0,synthetic,true,SRC-SYNTH,2026-09-05T00:00:00+08:00,0.88,synthetic,not_applicable,,team_generated,false,dev
JOB-AI-APP-0079-SKILL-043,JOB-AI-APP-0079,SKILL-043,49,0.071429,required,1.1.0,synthetic,true,SRC-SYNTH,2026-09-05T00:00:00+08:00,0.88,synthetic,not_applicable,,team_generated,false,dev
JOB-AI-APP-0079-SKILL-050,JOB-AI-APP-0079,SKILL-050,49,0.071429,preferred,1.1.0,synthetic,true,SRC-SYNTH,2026-09-05T00:00:00+08:00,0.88,synthetic,not_applicable,,team_generated,false,dev
JOB-AI-APP-0079-SKILL-001,JOB-AI-APP-0079,SKILL-001,68,0.071429,preferred,1.1.0,synthetic,true,SRC-SYNTH,2026-09-05T00:00:00+08:00,0.88,synthetic,not_applicable,,team_generated,false,dev
JOB-AI-APP-0079-SKILL-007,JOB-AI-APP-0079,SKILL-007,68,0.071429,preferred,1.1.0,synthetic,true,SRC-SYNTH,2026-09-05T00:00:00+08:00,0.88,synthetic,not_applicable,,team_generated,false,dev
JOB-AI-APP-0079-SKILL-008,JOB-AI-APP-0079,SKILL-008,67,0.071423,preferred,1.1.0,synthetic,true,SRC-SYNTH,2026-09-05T00:00:00+08:00,0.88,synthetic,not_applicable,,team_generated,false,dev
JOB-AI-APP-0080-SKILL-029,JOB-AI-APP-0080,SKILL-029,57,0.066667,required,1.1.0,synthetic,true,SRC-SYNTH,2026-09-05T00:00:00+08:00,0.88,synthetic,not_applicable,,team_generated,false,dev
JOB-AI-APP-0080-SKILL-030,JOB-AI-APP-0080,SKILL-030,56,0.066667,required,1.1.0,synthetic,true,SRC-SYNTH,2026-09-05T00:00:00+08:00,0.88,synthetic,not_applicable,,team_generated,false,dev
JOB-AI-APP-0080-SKILL-034,JOB-AI-APP-0080,SKILL-034,56,0.066667,required,1.1.0,synthetic,true,SRC-SYNTH,2026-09-05T00:00:00+08:00,0.88,synthetic,not_applicable,,team_generated,false,dev
JOB-AI-APP-0080-SKILL-035,JOB-AI-APP-0080,SKILL-035,56,0.066667,required,1.1.0,synthetic,true,SRC-SYNTH,2026-09-05T00:00:00+08:00,0.88,synthetic,not_applicable,,team_generated,false,dev
JOB-AI-APP-0080-SKILL-036,JOB-AI-APP-0080,SKILL-036,55,0.066667,required,1.1.0,synthetic,true,SRC-SYNTH,2026-09-05T00:00:00+08:00,0.88,synthetic,not_applicable,,team_generated,false,dev
JOB-AI-APP-0080-SKILL-037,JOB-AI-APP-0080,SKILL-037,50,0.066667,required,1.1.0,synthetic,true,SRC-SYNTH,2026-09-05T00:00:00+08:00,0.88,synthetic,not_applicable,,team_generated,false,dev
JOB-AI-APP-0080-SKILL-038,JOB-AI-APP-0080,SKILL-038,49,0.066667,required,1.1.0,synthetic,true,SRC-SYNTH,2026-09-05T00:00:00+08:00,0.88,synthetic,not_applicable,,team_generated,false,dev
JOB-AI-APP-0080-SKILL-039,JOB-AI-APP-0080,SKILL-039,49,0.066667,required,1.1.0,synthetic,true,SRC-SYNTH,2026-09-05T00:00:00+08:00,0.88,synthetic,not_applicable,,team_generated,false,dev
JOB-AI-APP-0080-SKILL-043,JOB-AI-APP-0080,SKILL-043,49,0.066667,required,1.1.0,synthetic,true,SRC-SYNTH,2026-09-05T00:00:00+08:00,0.88,synthetic,not_applicable,,team_generated,false,dev
JOB-AI-APP-0080-SKILL-050,JOB-AI-APP-0080,SKILL-050,49,0.066667,required,1.1.0,synthetic,true,SRC-SYNTH,2026-09-05T00:00:00+08:00,0.88,synthetic,not_applicable,,team_generated,false,dev
JOB-AI-APP-0080-SKILL-001,JOB-AI-APP-0080,SKILL-001,68,0.066667,preferred,1.1.0,synthetic,true,SRC-SYNTH,2026-09-05T00:00:00+08:00,0.88,synthetic,not_applicable,,team_generated,false,dev
JOB-AI-APP-0080-SKILL-007,JOB-AI-APP-0080,SKILL-007,68,0.066667,preferred,1.1.0,synthetic,true,SRC-SYNTH,2026-09-05T00:00:00+08:00,0.88,synthetic,not_applicable,,team_generated,false,dev
JOB-AI-APP-0080-SKILL-008,JOB-AI-APP-0080,SKILL-008,67,0.066667,preferred,1.1.0,synthetic,true,SRC-SYNTH,2026-09-05T00:00:00+08:00,0.88,synthetic,not_applicable,,team_generated,false,dev
JOB-AI-APP-0080-SKILL-009,JOB-AI-APP-0080,SKILL-009,67,0.066667,preferred,1.1.0,synthetic,true,SRC-SYNTH,2026-09-05T00:00:00+08:00,0.88,synthetic,not_applicable,,team_generated,false,dev
JOB-AI-APP-0080-SKILL-025,JOB-AI-APP-0080,SKILL-025,66,0.066662,preferred,1.1.0,synthetic,true,SRC-SYNTH,2026-09-05T00:00:00+08:00,0.88,synthetic,not_applicable,,team_generated,false,dev
JOB-AI-APP-0081-SKILL-030,JOB-AI-APP-0081,SKILL-030,56,0.0625,required,1.1.0,synthetic,true,SRC-SYNTH,2026-09-05T00:00:00+08:00,0.88,synthetic,not_applicable,,team_generated,false,dev
JOB-AI-APP-0081-SKILL-034,JOB-AI-APP-0081,SKILL-034,56,0.0625,required,1.1.0,synthetic,true,SRC-SYNTH,2026-09-05T00:00:00+08:00,0.88,synthetic,not_applicable,,team_generated,false,dev
JOB-AI-APP-0081-SKILL-035,JOB-AI-APP-0081,SKILL-035,56,0.0625,required,1.1.0,synthetic,true,SRC-SYNTH,2026-09-05T00:00:00+08:00,0.88,synthetic,not_applicable,,team_generated,false,dev
JOB-AI-APP-0081-SKILL-036,JOB-AI-APP-0081,SKILL-036,55,0.0625,required,1.1.0,synthetic,true,SRC-SYNTH,2026-09-05T00:00:00+08:00,0.88,synthetic,not_applicable,,team_generated,false,dev
JOB-AI-APP-0081-SKILL-037,JOB-AI-APP-0081,SKILL-037,50,0.0625,required,1.1.0,synthetic,true,SRC-SYNTH,2026-09-05T00:00:00+08:00,0.88,synthetic,not_applicable,,team_generated,false,dev
JOB-AI-APP-0081-SKILL-038,JOB-AI-APP-0081,SKILL-038,49,0.0625,required,1.1.0,synthetic,true,SRC-SYNTH,2026-09-05T00:00:00+08:00,0.88,synthetic,not_applicable,,team_generated,false,dev
JOB-AI-APP-0081-SKILL-039,JOB-AI-APP-0081,SKILL-039,49,0.0625,required,1.1.0,synthetic,true,SRC-SYNTH,2026-09-05T00:00:00+08:00,0.88,synthetic,not_applicable,,team_generated,false,dev
JOB-AI-APP-0081-SKILL-043,JOB-AI-APP-0081,SKILL-043,49,0.0625,required,1.1.0,synthetic,true,SRC-SYNTH,2026-09-05T00:00:00+08:00,0.88,synthetic,not_applicable,,team_generated,false,dev
JOB-AI-APP-0081-SKILL-050,JOB-AI-APP-0081,SKILL-050,49,0.0625,required,1.1.0,synthetic,true,SRC-SYNTH,2026-09-05T00:00:00+08:00,0.88,synthetic,not_applicable,,team_generated,false,dev
JOB-AI-APP-0081-SKILL-001,JOB-AI-APP-0081,SKILL-001,68,0.0625,required,1.1.0,synthetic,true,SRC-SYNTH,2026-09-05T00:00:00+08:00,0.88,synthetic,not_applicable,,team_generated,false,dev
JOB-AI-APP-0081-SKILL-007,JOB-AI-APP-0081,SKILL-007,68,0.0625,required,1.1.0,synthetic,true,SRC-SYNTH,2026-09-05T00:00:00+08:00,0.88,synthetic,not_applicable,,team_generated,false,dev
JOB-AI-APP-0081-SKILL-008,JOB-AI-APP-0081,SKILL-008,67,0.0625,preferred,1.1.0,synthetic,true,SRC-SYNTH,2026-09-05T00:00:00+08:00,0.88,synthetic,not_applicable,,team_generated,false,dev
JOB-AI-APP-0081-SKILL-009,JOB-AI-APP-0081,SKILL-009,67,0.0625,preferred,1.1.0,synthetic,true,SRC-SYNTH,2026-09-05T00:00:00+08:00,0.88,synthetic,not_applicable,,team_generated,false,dev
JOB-AI-APP-0081-SKILL-025,JOB-AI-APP-0081,SKILL-025,66,0.0625,preferred,1.1.0,synthetic,true,SRC-SYNTH,2026-09-05T00:00:00+08:00,0.88,synthetic,not_applicable,,team_generated,false,dev
JOB-AI-APP-0081-SKILL-026,JOB-AI-APP-0081,SKILL-026,61,0.0625,preferred,1.1.0,synthetic,true,SRC-SYNTH,2026-09-05T00:00:00+08:00,0.88,synthetic,not_applicable,,team_generated,false,dev
JOB-AI-APP-0081-SKILL-027,JOB-AI-APP-0081,SKILL-027,61,0.0625,preferred,1.1.0,synthetic,true,SRC-SYNTH,2026-09-05T00:00:00+08:00,0.88,synthetic,not_applicable,,team_generated,false,dev
JOB-AI-APP-0082-SKILL-034,JOB-AI-APP-0082,SKILL-034,56,0.058824,required,1.1.0,synthetic,true,SRC-SYNTH,2026-09-05T00:00:00+08:00,0.88,synthetic,not_applicable,,team_generated,false,dev
JOB-AI-APP-0082-SKILL-035,JOB-AI-APP-0082,SKILL-035,56,0.058824,required,1.1.0,synthetic,true,SRC-SYNTH,2026-09-05T00:00:00+08:00,0.88,synthetic,not_applicable,,team_generated,false,dev
JOB-AI-APP-0082-SKILL-036,JOB-AI-APP-0082,SKILL-036,55,0.058824,required,1.1.0,synthetic,true,SRC-SYNTH,2026-09-05T00:00:00+08:00,0.88,synthetic,not_applicable,,team_generated,false,dev
JOB-AI-APP-0082-SKILL-037,JOB-AI-APP-0082,SKILL-037,50,0.058824,required,1.1.0,synthetic,true,SRC-SYNTH,2026-09-05T00:00:00+08:00,0.88,synthetic,not_applicable,,team_generated,false,dev
JOB-AI-APP-0082-SKILL-038,JOB-AI-APP-0082,SKILL-038,49,0.058824,required,1.1.0,synthetic,true,SRC-SYNTH,2026-09-05T00:00:00+08:00,0.88,synthetic,not_applicable,,team_generated,false,dev
JOB-AI-APP-0082-SKILL-039,JOB-AI-APP-0082,SKILL-039,49,0.058824,required,1.1.0,synthetic,true,SRC-SYNTH,2026-09-05T00:00:00+08:00,0.88,synthetic,not_applicable,,team_generated,false,dev
JOB-AI-APP-0082-SKILL-043,JOB-AI-APP-0082,SKILL-043,49,0.058824,required,1.1.0,synthetic,true,SRC-SYNTH,2026-09-05T00:00:00+08:00,0.88,synthetic,not_applicable,,team_generated,false,dev
JOB-AI-APP-0082-SKILL-050,JOB-AI-APP-0082,SKILL-050,49,0.058824,required,1.1.0,synthetic,true,SRC-SYNTH,2026-09-05T00:00:00+08:00,0.88,synthetic,not_applicable,,team_generated,false,dev
JOB-AI-APP-0082-SKILL-001,JOB-AI-APP-0082,SKILL-001,68,0.058824,required,1.1.0,synthetic,true,SRC-SYNTH,2026-09-05T00:00:00+08:00,0.88,synthetic,not_applicable,,team_generated,false,dev
JOB-AI-APP-0082-SKILL-007,JOB-AI-APP-0082,SKILL-007,68,0.058824,required,1.1.0,synthetic,true,SRC-SYNTH,2026-09-05T00:00:00+08:00,0.88,synthetic,not_applicable,,team_generated,false,dev
JOB-AI-APP-0082-SKILL-008,JOB-AI-APP-0082,SKILL-008,67,0.058824,required,1.1.0,synthetic,true,SRC-SYNTH,2026-09-05T00:00:00+08:00,0.88,synthetic,not_applicable,,team_generated,false,dev
JOB-AI-APP-0082-SKILL-009,JOB-AI-APP-0082,SKILL-009,67,0.058824,required,1.1.0,synthetic,true,SRC-SYNTH,2026-09-05T00:00:00+08:00,0.88,synthetic,not_applicable,,team_generated,false,dev
JOB-AI-APP-0082-SKILL-025,JOB-AI-APP-0082,SKILL-025,66,0.058824,preferred,1.1.0,synthetic,true,SRC-SYNTH,2026-09-05T00:00:00+08:00,0.88,synthetic,not_applicable,,team_generated,false,dev
JOB-AI-APP-0082-SKILL-026,JOB-AI-APP-0082,SKILL-026,61,0.058824,preferred,1.1.0,synthetic,true,SRC-SYNTH,2026-09-05T00:00:00+08:00,0.88,synthetic,not_applicable,,team_generated,false,dev
JOB-AI-APP-0082-SKILL-027,JOB-AI-APP-0082,SKILL-027,61,0.058824,preferred,1.1.0,synthetic,true,SRC-SYNTH,2026-09-05T00:00:00+08:00,0.88,synthetic,not_applicable,,team_generated,false,dev
JOB-AI-APP-0082-SKILL-028,JOB-AI-APP-0082,SKILL-028,60,0.058824,preferred,1.1.0,synthetic,true,SRC-SYNTH,2026-09-05T00:00:00+08:00,0.88,synthetic,not_applicable,,team_generated,false,dev
JOB-AI-APP-0082-SKILL-029,JOB-AI-APP-0082,SKILL-029,60,0.058816,preferred,1.1.0,synthetic,true,SRC-SYNTH,2026-09-05T00:00:00+08:00,0.88,synthetic,not_applicable,,team_generated,false,dev
JOB-AI-APP-0083-SKILL-035,JOB-AI-APP-0083,SKILL-035,56,0.055556,required,1.1.0,synthetic,true,SRC-SYNTH,2026-09-05T00:00:00+08:00,0.88,synthetic,not_applicable,,team_generated,false,dev
JOB-AI-APP-0083-SKILL-036,JOB-AI-APP-0083,SKILL-036,55,0.055556,required,1.1.0,synthetic,true,SRC-SYNTH,2026-09-05T00:00:00+08:00,0.88,synthetic,not_applicable,,team_generated,false,dev
JOB-AI-APP-0083-SKILL-037,JOB-AI-APP-0083,SKILL-037,50,0.055556,required,1.1.0,synthetic,true,SRC-SYNTH,2026-09-05T00:00:00+08:00,0.88,synthetic,not_applicable,,team_generated,false,dev
JOB-AI-APP-0083-SKILL-038,JOB-AI-APP-0083,SKILL-038,49,0.055556,required,1.1.0,synthetic,true,SRC-SYNTH,2026-09-05T00:00:00+08:00,0.88,synthetic,not_applicable,,team_generated,false,dev
JOB-AI-APP-0083-SKILL-039,JOB-AI-APP-0083,SKILL-039,49,0.055556,required,1.1.0,synthetic,true,SRC-SYNTH,2026-09-05T00:00:00+08:00,0.88,synthetic,not_applicable,,team_generated,false,dev
JOB-AI-APP-0083-SKILL-043,JOB-AI-APP-0083,SKILL-043,49,0.055556,required,1.1.0,synthetic,true,SRC-SYNTH,2026-09-05T00:00:00+08:00,0.88,synthetic,not_applicable,,team_generated,false,dev
JOB-AI-APP-0083-SKILL-050,JOB-AI-APP-0083,SKILL-050,49,0.055556,required,1.1.0,synthetic,true,SRC-SYNTH,2026-09-05T00:00:00+08:00,0.88,synthetic,not_applicable,,team_generated,false,dev
JOB-AI-APP-0083-SKILL-001,JOB-AI-APP-0083,SKILL-001,68,0.055556,required,1.1.0,synthetic,true,SRC-SYNTH,2026-09-05T00:00:00+08:00,0.88,synthetic,not_applicable,,team_generated,false,dev
JOB-AI-APP-0083-SKILL-007,JOB-AI-APP-0083,SKILL-007,68,0.055556,required,1.1.0,synthetic,true,SRC-SYNTH,2026-09-05T00:00:00+08:00,0.88,synthetic,not_applicable,,team_generated,false,dev
JOB-AI-APP-0083-SKILL-008,JOB-AI-APP-0083,SKILL-008,67,0.055556,required,1.1.0,synthetic,true,SRC-SYNTH,2026-09-05T00:00:00+08:00,0.88,synthetic,not_applicable,,team_generated,false,dev
JOB-AI-APP-0083-SKILL-009,JOB-AI-APP-0083,SKILL-009,67,0.055556,required,1.1.0,synthetic,true,SRC-SYNTH,2026-09-05T00:00:00+08:00,0.88,synthetic,not_applicable,,team_generated,false,dev
JOB-AI-APP-0083-SKILL-025,JOB-AI-APP-0083,SKILL-025,66,0.055556,required,1.1.0,synthetic,true,SRC-SYNTH,2026-09-05T00:00:00+08:00,0.88,synthetic,not_applicable,,team_generated,false,dev
JOB-AI-APP-0083-SKILL-026,JOB-AI-APP-0083,SKILL-026,61,0.055556,preferred,1.1.0,synthetic,true,SRC-SYNTH,2026-09-05T00:00:00+08:00,0.88,synthetic,not_applicable,,team_generated,false,dev
JOB-AI-APP-0083-SKILL-027,JOB-AI-APP-0083,SKILL-027,61,0.055556,preferred,1.1.0,synthetic,true,SRC-SYNTH,2026-09-05T00:00:00+08:00,0.88,synthetic,not_applicable,,team_generated,false,dev
JOB-AI-APP-0083-SKILL-028,JOB-AI-APP-0083,SKILL-028,60,0.055556,preferred,1.1.0,synthetic,true,SRC-SYNTH,2026-09-05T00:00:00+08:00,0.88,synthetic,not_applicable,,team_generated,false,dev
JOB-AI-APP-0083-SKILL-029,JOB-AI-APP-0083,SKILL-029,60,0.055556,preferred,1.1.0,synthetic,true,SRC-SYNTH,2026-09-05T00:00:00+08:00,0.88,synthetic,not_applicable,,team_generated,false,dev
JOB-AI-APP-0083-SKILL-030,JOB-AI-APP-0083,SKILL-030,59,0.055556,preferred,1.1.0,synthetic,true,SRC-SYNTH,2026-09-05T00:00:00+08:00,0.88,synthetic,not_applicable,,team_generated,false,dev
JOB-AI-APP-0083-SKILL-034,JOB-AI-APP-0083,SKILL-034,54,0.055548,preferred,1.1.0,synthetic,true,SRC-SYNTH,2026-09-05T00:00:00+08:00,0.88,synthetic,not_applicable,,team_generated,false,dev
JOB-AI-APP-0084-SKILL-036,JOB-AI-APP-0084,SKILL-036,55,0.083333,required,1.1.0,synthetic,true,SRC-SYNTH,2026-09-05T00:00:00+08:00,0.88,synthetic,not_applicable,,team_generated,false,dev
JOB-AI-APP-0084-SKILL-037,JOB-AI-APP-0084,SKILL-037,50,0.083333,required,1.1.0,synthetic,true,SRC-SYNTH,2026-09-05T00:00:00+08:00,0.88,synthetic,not_applicable,,team_generated,false,dev
JOB-AI-APP-0084-SKILL-038,JOB-AI-APP-0084,SKILL-038,49,0.083333,required,1.1.0,synthetic,true,SRC-SYNTH,2026-09-05T00:00:00+08:00,0.88,synthetic,not_applicable,,team_generated,false,dev
JOB-AI-APP-0084-SKILL-039,JOB-AI-APP-0084,SKILL-039,49,0.083333,required,1.1.0,synthetic,true,SRC-SYNTH,2026-09-05T00:00:00+08:00,0.88,synthetic,not_applicable,,team_generated,false,dev
JOB-AI-APP-0084-SKILL-043,JOB-AI-APP-0084,SKILL-043,49,0.083333,required,1.1.0,synthetic,true,SRC-SYNTH,2026-09-05T00:00:00+08:00,0.88,synthetic,not_applicable,,team_generated,false,dev
JOB-AI-APP-0084-SKILL-050,JOB-AI-APP-0084,SKILL-050,49,0.083333,required,1.1.0,synthetic,true,SRC-SYNTH,2026-09-05T00:00:00+08:00,0.88,synthetic,not_applicable,,team_generated,false,dev
JOB-AI-APP-0084-SKILL-001,JOB-AI-APP-0084,SKILL-001,68,0.083333,required,1.1.0,synthetic,true,SRC-SYNTH,2026-09-05T00:00:00+08:00,0.88,synthetic,not_applicable,,team_generated,false,dev
JOB-AI-APP-0084-SKILL-007,JOB-AI-APP-0084,SKILL-007,68,0.083333,required,1.1.0,synthetic,true,SRC-SYNTH,2026-09-05T00:00:00+08:00,0.88,synthetic,not_applicable,,team_generated,false,dev
JOB-AI-APP-0084-SKILL-008,JOB-AI-APP-0084,SKILL-008,67,0.083333,preferred,1.1.0,synthetic,true,SRC-SYNTH,2026-09-05T00:00:00+08:00,0.88,synthetic,not_applicable,,team_generated,false,dev
JOB-AI-APP-0084-SKILL-009,JOB-AI-APP-0084,SKILL-009,67,0.083333,preferred,1.1.0,synthetic,true,SRC-SYNTH,2026-09-05T00:00:00+08:00,0.88,synthetic,not_applicable,,team_generated,false,dev
JOB-AI-APP-0084-SKILL-025,JOB-AI-APP-0084,SKILL-025,66,0.083333,preferred,1.1.0,synthetic,true,SRC-SYNTH,2026-09-05T00:00:00+08:00,0.88,synthetic,not_applicable,,team_generated,false,dev
JOB-AI-APP-0084-SKILL-026,JOB-AI-APP-0084,SKILL-026,61,0.083337,preferred,1.1.0,synthetic,true,SRC-SYNTH,2026-09-05T00:00:00+08:00,0.88,synthetic,not_applicable,,team_generated,false,dev
JOB-AI-APP-0085-SKILL-037,JOB-AI-APP-0085,SKILL-037,50,0.076923,required,1.1.0,synthetic,true,SRC-SYNTH,2026-09-05T00:00:00+08:00,0.88,synthetic,not_applicable,,team_generated,false,dev
JOB-AI-APP-0085-SKILL-038,JOB-AI-APP-0085,SKILL-038,49,0.076923,required,1.1.0,synthetic,true,SRC-SYNTH,2026-09-05T00:00:00+08:00,0.88,synthetic,not_applicable,,team_generated,false,dev
JOB-AI-APP-0085-SKILL-039,JOB-AI-APP-0085,SKILL-039,49,0.076923,required,1.1.0,synthetic,true,SRC-SYNTH,2026-09-05T00:00:00+08:00,0.88,synthetic,not_applicable,,team_generated,false,dev
JOB-AI-APP-0085-SKILL-043,JOB-AI-APP-0085,SKILL-043,49,0.076923,required,1.1.0,synthetic,true,SRC-SYNTH,2026-09-05T00:00:00+08:00,0.88,synthetic,not_applicable,,team_generated,false,dev
JOB-AI-APP-0085-SKILL-050,JOB-AI-APP-0085,SKILL-050,49,0.076923,required,1.1.0,synthetic,true,SRC-SYNTH,2026-09-05T00:00:00+08:00,0.88,synthetic,not_applicable,,team_generated,false,dev
JOB-AI-APP-0085-SKILL-001,JOB-AI-APP-0085,SKILL-001,68,0.076923,required,1.1.0,synthetic,true,SRC-SYNTH,2026-09-05T00:00:00+08:00,0.88,synthetic,not_applicable,,team_generated,false,dev
JOB-AI-APP-0085-SKILL-007,JOB-AI-APP-0085,SKILL-007,68,0.076923,required,1.1.0,synthetic,true,SRC-SYNTH,2026-09-05T00:00:00+08:00,0.88,synthetic,not_applicable,,team_generated,false,dev
JOB-AI-APP-0085-SKILL-008,JOB-AI-APP-0085,SKILL-008,67,0.076923,required,1.1.0,synthetic,true,SRC-SYNTH,2026-09-05T00:00:00+08:00,0.88,synthetic,not_applicable,,team_generated,false,dev
JOB-AI-APP-0085-SKILL-009,JOB-AI-APP-0085,SKILL-009,67,0.076923,required,1.1.0,synthetic,true,SRC-SYNTH,2026-09-05T00:00:00+08:00,0.88,synthetic,not_applicable,,team_generated,false,dev
JOB-AI-APP-0085-SKILL-025,JOB-AI-APP-0085,SKILL-025,66,0.076923,preferred,1.1.0,synthetic,true,SRC-SYNTH,2026-09-05T00:00:00+08:00,0.88,synthetic,not_applicable,,team_generated,false,dev
JOB-AI-APP-0085-SKILL-026,JOB-AI-APP-0085,SKILL-026,61,0.076923,preferred,1.1.0,synthetic,true,SRC-SYNTH,2026-09-05T00:00:00+08:00,0.88,synthetic,not_applicable,,team_generated,false,dev
JOB-AI-APP-0085-SKILL-027,JOB-AI-APP-0085,SKILL-027,61,0.076923,preferred,1.1.0,synthetic,true,SRC-SYNTH,2026-09-05T00:00:00+08:00,0.88,synthetic,not_applicable,,team_generated,false,dev
JOB-AI-APP-0085-SKILL-028,JOB-AI-APP-0085,SKILL-028,60,0.076924,preferred,1.1.0,synthetic,true,SRC-SYNTH,2026-09-05T00:00:00+08:00,0.88,synthetic,not_applicable,,team_generated,false,dev
JOB-AI-APP-0086-SKILL-038,JOB-AI-APP-0086,SKILL-038,49,0.071429,required,1.1.0,synthetic,true,SRC-SYNTH,2026-09-05T00:00:00+08:00,0.88,synthetic,not_applicable,,team_generated,false,dev
JOB-AI-APP-0086-SKILL-039,JOB-AI-APP-0086,SKILL-039,49,0.071429,required,1.1.0,synthetic,true,SRC-SYNTH,2026-09-05T00:00:00+08:00,0.88,synthetic,not_applicable,,team_generated,false,dev
JOB-AI-APP-0086-SKILL-043,JOB-AI-APP-0086,SKILL-043,49,0.071429,required,1.1.0,synthetic,true,SRC-SYNTH,2026-09-05T00:00:00+08:00,0.88,synthetic,not_applicable,,team_generated,false,dev
JOB-AI-APP-0086-SKILL-050,JOB-AI-APP-0086,SKILL-050,49,0.071429,required,1.1.0,synthetic,true,SRC-SYNTH,2026-09-05T00:00:00+08:00,0.88,synthetic,not_applicable,,team_generated,false,dev
JOB-AI-APP-0086-SKILL-001,JOB-AI-APP-0086,SKILL-001,68,0.071429,required,1.1.0,synthetic,true,SRC-SYNTH,2026-09-05T00:00:00+08:00,0.88,synthetic,not_applicable,,team_generated,false,dev
JOB-AI-APP-0086-SKILL-007,JOB-AI-APP-0086,SKILL-007,68,0.071429,required,1.1.0,synthetic,true,SRC-SYNTH,2026-09-05T00:00:00+08:00,0.88,synthetic,not_applicable,,team_generated,false,dev
JOB-AI-APP-0086-SKILL-008,JOB-AI-APP-0086,SKILL-008,67,0.071429,required,1.1.0,synthetic,true,SRC-SYNTH,2026-09-05T00:00:00+08:00,0.88,synthetic,not_applicable,,team_generated,false,dev
JOB-AI-APP-0086-SKILL-009,JOB-AI-APP-0086,SKILL-009,67,0.071429,required,1.1.0,synthetic,true,SRC-SYNTH,2026-09-05T00:00:00+08:00,0.88,synthetic,not_applicable,,team_generated,false,dev
JOB-AI-APP-0086-SKILL-025,JOB-AI-APP-0086,SKILL-025,66,0.071429,required,1.1.0,synthetic,true,SRC-SYNTH,2026-09-05T00:00:00+08:00,0.88,synthetic,not_applicable,,team_generated,false,dev
JOB-AI-APP-0086-SKILL-026,JOB-AI-APP-0086,SKILL-026,61,0.071429,required,1.1.0,synthetic,true,SRC-SYNTH,2026-09-05T00:00:00+08:00,0.88,synthetic,not_applicable,,team_generated,false,dev
JOB-AI-APP-0086-SKILL-027,JOB-AI-APP-0086,SKILL-027,61,0.071429,preferred,1.1.0,synthetic,true,SRC-SYNTH,2026-09-05T00:00:00+08:00,0.88,synthetic,not_applicable,,team_generated,false,dev
JOB-AI-APP-0086-SKILL-028,JOB-AI-APP-0086,SKILL-028,60,0.071429,preferred,1.1.0,synthetic,true,SRC-SYNTH,2026-09-05T00:00:00+08:00,0.88,synthetic,not_applicable,,team_generated,false,dev
JOB-AI-APP-0086-SKILL-029,JOB-AI-APP-0086,SKILL-029,60,0.071429,preferred,1.1.0,synthetic,true,SRC-SYNTH,2026-09-05T00:00:00+08:00,0.88,synthetic,not_applicable,,team_generated,false,dev
JOB-AI-APP-0086-SKILL-030,JOB-AI-APP-0086,SKILL-030,59,0.071423,preferred,1.1.0,synthetic,true,SRC-SYNTH,2026-09-05T00:00:00+08:00,0.88,synthetic,not_applicable,,team_generated,false,dev
JOB-AI-APP-0087-SKILL-039,JOB-AI-APP-0087,SKILL-039,49,0.066667,required,1.1.0,synthetic,true,SRC-SYNTH,2026-09-05T00:00:00+08:00,0.88,synthetic,not_applicable,,team_generated,false,dev
JOB-AI-APP-0087-SKILL-043,JOB-AI-APP-0087,SKILL-043,49,0.066667,required,1.1.0,synthetic,true,SRC-SYNTH,2026-09-05T00:00:00+08:00,0.88,synthetic,not_applicable,,team_generated,false,dev
JOB-AI-APP-0087-SKILL-050,JOB-AI-APP-0087,SKILL-050,49,0.066667,required,1.1.0,synthetic,true,SRC-SYNTH,2026-09-05T00:00:00+08:00,0.88,synthetic,not_applicable,,team_generated,false,dev
JOB-AI-APP-0087-SKILL-001,JOB-AI-APP-0087,SKILL-001,68,0.066667,required,1.1.0,synthetic,true,SRC-SYNTH,2026-09-05T00:00:00+08:00,0.88,synthetic,not_applicable,,team_generated,false,dev
JOB-AI-APP-0087-SKILL-007,JOB-AI-APP-0087,SKILL-007,68,0.066667,required,1.1.0,synthetic,true,SRC-SYNTH,2026-09-05T00:00:00+08:00,0.88,synthetic,not_applicable,,team_generated,false,dev
JOB-AI-APP-0087-SKILL-008,JOB-AI-APP-0087,SKILL-008,67,0.066667,required,1.1.0,synthetic,true,SRC-SYNTH,2026-09-05T00:00:00+08:00,0.88,synthetic,not_applicable,,team_generated,false,dev
JOB-AI-APP-0087-SKILL-009,JOB-AI-APP-0087,SKILL-009,67,0.066667,required,1.1.0,synthetic,true,SRC-SYNTH,2026-09-05T00:00:00+08:00,0.88,synthetic,not_applicable,,team_generated,false,dev
JOB-AI-APP-0087-SKILL-025,JOB-AI-APP-0087,SKILL-025,66,0.066667,required,1.1.0,synthetic,true,SRC-SYNTH,2026-09-05T00:00:00+08:00,0.88,synthetic,not_applicable,,team_generated,false,dev
JOB-AI-APP-0087-SKILL-026,JOB-AI-APP-0087,SKILL-026,61,0.066667,required,1.1.0,synthetic,true,SRC-SYNTH,2026-09-05T00:00:00+08:00,0.88,synthetic,not_applicable,,team_generated,false,dev
JOB-AI-APP-0087-SKILL-027,JOB-AI-APP-0087,SKILL-027,61,0.066667,required,1.1.0,synthetic,true,SRC-SYNTH,2026-09-05T00:00:00+08:00,0.88,synthetic,not_applicable,,team_generated,false,dev
JOB-AI-APP-0087-SKILL-028,JOB-AI-APP-0087,SKILL-028,60,0.066667,preferred,1.1.0,synthetic,true,SRC-SYNTH,2026-09-05T00:00:00+08:00,0.88,synthetic,not_applicable,,team_generated,false,dev
JOB-AI-APP-0087-SKILL-029,JOB-AI-APP-0087,SKILL-029,60,0.066667,preferred,1.1.0,synthetic,true,SRC-SYNTH,2026-09-05T00:00:00+08:00,0.88,synthetic,not_applicable,,team_generated,false,dev
JOB-AI-APP-0087-SKILL-030,JOB-AI-APP-0087,SKILL-030,59,0.066667,preferred,1.1.0,synthetic,true,SRC-SYNTH,2026-09-05T00:00:00+08:00,0.88,synthetic,not_applicable,,team_generated,false,dev
JOB-AI-APP-0087-SKILL-034,JOB-AI-APP-0087,SKILL-034,54,0.066667,preferred,1.1.0,synthetic,true,SRC-SYNTH,2026-09-05T00:00:00+08:00,0.88,synthetic,not_applicable,,team_generated,false,dev
JOB-AI-APP-0087-SKILL-035,JOB-AI-APP-0087,SKILL-035,54,0.066662,preferred,1.1.0,synthetic,true,SRC-SYNTH,2026-09-05T00:00:00+08:00,0.88,synthetic,not_applicable,,team_generated,false,dev
JOB-AI-APP-0088-SKILL-043,JOB-AI-APP-0088,SKILL-043,49,0.0625,required,1.1.0,synthetic,true,SRC-SYNTH,2026-09-05T00:00:00+08:00,0.88,synthetic,not_applicable,,team_generated,false,dev
JOB-AI-APP-0088-SKILL-050,JOB-AI-APP-0088,SKILL-050,49,0.0625,required,1.1.0,synthetic,true,SRC-SYNTH,2026-09-05T00:00:00+08:00,0.88,synthetic,not_applicable,,team_generated,false,dev
JOB-AI-APP-0088-SKILL-001,JOB-AI-APP-0088,SKILL-001,68,0.0625,required,1.1.0,synthetic,true,SRC-SYNTH,2026-09-05T00:00:00+08:00,0.88,synthetic,not_applicable,,team_generated,false,dev
JOB-AI-APP-0088-SKILL-007,JOB-AI-APP-0088,SKILL-007,68,0.0625,required,1.1.0,synthetic,true,SRC-SYNTH,2026-09-05T00:00:00+08:00,0.88,synthetic,not_applicable,,team_generated,false,dev
JOB-AI-APP-0088-SKILL-008,JOB-AI-APP-0088,SKILL-008,67,0.0625,required,1.1.0,synthetic,true,SRC-SYNTH,2026-09-05T00:00:00+08:00,0.88,synthetic,not_applicable,,team_generated,false,dev
JOB-AI-APP-0088-SKILL-009,JOB-AI-APP-0088,SKILL-009,67,0.0625,required,1.1.0,synthetic,true,SRC-SYNTH,2026-09-05T00:00:00+08:00,0.88,synthetic,not_applicable,,team_generated,false,dev
JOB-AI-APP-0088-SKILL-025,JOB-AI-APP-0088,SKILL-025,66,0.0625,required,1.1.0,synthetic,true,SRC-SYNTH,2026-09-05T00:00:00+08:00,0.88,synthetic,not_applicable,,team_generated,false,dev
JOB-AI-APP-0088-SKILL-026,JOB-AI-APP-0088,SKILL-026,61,0.0625,required,1.1.0,synthetic,true,SRC-SYNTH,2026-09-05T00:00:00+08:00,0.88,synthetic,not_applicable,,team_generated,false,dev
JOB-AI-APP-0088-SKILL-027,JOB-AI-APP-0088,SKILL-027,61,0.0625,required,1.1.0,synthetic,true,SRC-SYNTH,2026-09-05T00:00:00+08:00,0.88,synthetic,not_applicable,,team_generated,false,dev
JOB-AI-APP-0088-SKILL-028,JOB-AI-APP-0088,SKILL-028,60,0.0625,required,1.1.0,synthetic,true,SRC-SYNTH,2026-09-05T00:00:00+08:00,0.88,synthetic,not_applicable,,team_generated,false,dev
JOB-AI-APP-0088-SKILL-029,JOB-AI-APP-0088,SKILL-029,60,0.0625,required,1.1.0,synthetic,true,SRC-SYNTH,2026-09-05T00:00:00+08:00,0.88,synthetic,not_applicable,,team_generated,false,dev
JOB-AI-APP-0088-SKILL-030,JOB-AI-APP-0088,SKILL-030,59,0.0625,preferred,1.1.0,synthetic,true,SRC-SYNTH,2026-09-05T00:00:00+08:00,0.88,synthetic,not_applicable,,team_generated,false,dev
JOB-AI-APP-0088-SKILL-034,JOB-AI-APP-0088,SKILL-034,54,0.0625,preferred,1.1.0,synthetic,true,SRC-SYNTH,2026-09-05T00:00:00+08:00,0.88,synthetic,not_applicable,,team_generated,false,dev
JOB-AI-APP-0088-SKILL-035,JOB-AI-APP-0088,SKILL-035,54,0.0625,preferred,1.1.0,synthetic,true,SRC-SYNTH,2026-09-05T00:00:00+08:00,0.88,synthetic,not_applicable,,team_generated,false,dev
JOB-AI-APP-0088-SKILL-036,JOB-AI-APP-0088,SKILL-036,53,0.0625,preferred,1.1.0,synthetic,true,SRC-SYNTH,2026-09-05T00:00:00+08:00,0.88,synthetic,not_applicable,,team_generated,false,dev
JOB-AI-APP-0088-SKILL-037,JOB-AI-APP-0088,SKILL-037,53,0.0625,preferred,1.1.0,synthetic,true,SRC-SYNTH,2026-09-05T00:00:00+08:00,0.88,synthetic,not_applicable,,team_generated,false,dev
JOB-AI-APP-0089-SKILL-050,JOB-AI-APP-0089,SKILL-050,49,0.058824,required,1.1.0,synthetic,true,SRC-SYNTH,2026-09-05T00:00:00+08:00,0.88,synthetic,not_applicable,,team_generated,false,dev
JOB-AI-APP-0089-SKILL-001,JOB-AI-APP-0089,SKILL-001,68,0.058824,required,1.1.0,synthetic,true,SRC-SYNTH,2026-09-05T00:00:00+08:00,0.88,synthetic,not_applicable,,team_generated,false,dev
JOB-AI-APP-0089-SKILL-007,JOB-AI-APP-0089,SKILL-007,68,0.058824,required,1.1.0,synthetic,true,SRC-SYNTH,2026-09-05T00:00:00+08:00,0.88,synthetic,not_applicable,,team_generated,false,dev
JOB-AI-APP-0089-SKILL-008,JOB-AI-APP-0089,SKILL-008,67,0.058824,required,1.1.0,synthetic,true,SRC-SYNTH,2026-09-05T00:00:00+08:00,0.88,synthetic,not_applicable,,team_generated,false,dev
JOB-AI-APP-0089-SKILL-009,JOB-AI-APP-0089,SKILL-009,67,0.058824,required,1.1.0,synthetic,true,SRC-SYNTH,2026-09-05T00:00:00+08:00,0.88,synthetic,not_applicable,,team_generated,false,dev
JOB-AI-APP-0089-SKILL-025,JOB-AI-APP-0089,SKILL-025,66,0.058824,required,1.1.0,synthetic,true,SRC-SYNTH,2026-09-05T00:00:00+08:00,0.88,synthetic,not_applicable,,team_generated,false,dev
JOB-AI-APP-0089-SKILL-026,JOB-AI-APP-0089,SKILL-026,61,0.058824,required,1.1.0,synthetic,true,SRC-SYNTH,2026-09-05T00:00:00+08:00,0.88,synthetic,not_applicable,,team_generated,false,dev
JOB-AI-APP-0089-SKILL-027,JOB-AI-APP-0089,SKILL-027,61,0.058824,required,1.1.0,synthetic,true,SRC-SYNTH,2026-09-05T00:00:00+08:00,0.88,synthetic,not_applicable,,team_generated,false,dev
JOB-AI-APP-0089-SKILL-028,JOB-AI-APP-0089,SKILL-028,60,0.058824,required,1.1.0,synthetic,true,SRC-SYNTH,2026-09-05T00:00:00+08:00,0.88,synthetic,not_applicable,,team_generated,false,dev
JOB-AI-APP-0089-SKILL-029,JOB-AI-APP-0089,SKILL-029,60,0.058824,required,1.1.0,synthetic,true,SRC-SYNTH,2026-09-05T00:00:00+08:00,0.88,synthetic,not_applicable,,team_generated,false,dev
JOB-AI-APP-0089-SKILL-030,JOB-AI-APP-0089,SKILL-030,59,0.058824,required,1.1.0,synthetic,true,SRC-SYNTH,2026-09-05T00:00:00+08:00,0.88,synthetic,not_applicable,,team_generated,false,dev
JOB-AI-APP-0089-SKILL-034,JOB-AI-APP-0089,SKILL-034,54,0.058824,required,1.1.0,synthetic,true,SRC-SYNTH,2026-09-05T00:00:00+08:00,0.88,synthetic,not_applicable,,team_generated,false,dev
JOB-AI-APP-0089-SKILL-035,JOB-AI-APP-0089,SKILL-035,54,0.058824,preferred,1.1.0,synthetic,true,SRC-SYNTH,2026-09-05T00:00:00+08:00,0.88,synthetic,not_applicable,,team_generated,false,dev
JOB-AI-APP-0089-SKILL-036,JOB-AI-APP-0089,SKILL-036,53,0.058824,preferred,1.1.0,synthetic,true,SRC-SYNTH,2026-09-05T00:00:00+08:00,0.88,synthetic,not_applicable,,team_generated,false,dev
JOB-AI-APP-0089-SKILL-037,JOB-AI-APP-0089,SKILL-037,53,0.058824,preferred,1.1.0,synthetic,true,SRC-SYNTH,2026-09-05T00:00:00+08:00,0.88,synthetic,not_applicable,,team_generated,false,dev
JOB-AI-APP-0089-SKILL-038,JOB-AI-APP-0089,SKILL-038,52,0.058824,preferred,1.1.0,synthetic,true,SRC-SYNTH,2026-09-05T00:00:00+08:00,0.88,synthetic,not_applicable,,team_generated,false,dev
JOB-AI-APP-0089-SKILL-039,JOB-AI-APP-0089,SKILL-039,47,0.058816,preferred,1.1.0,synthetic,true,SRC-SYNTH,2026-09-05T00:00:00+08:00,0.88,synthetic,not_applicable,,team_generated,false,dev
JOB-AI-APP-0090-SKILL-001,JOB-AI-APP-0090,SKILL-001,68,0.055556,required,1.1.0,synthetic,true,SRC-SYNTH,2026-09-05T00:00:00+08:00,0.88,synthetic,not_applicable,,team_generated,false,dev
JOB-AI-APP-0090-SKILL-007,JOB-AI-APP-0090,SKILL-007,68,0.055556,required,1.1.0,synthetic,true,SRC-SYNTH,2026-09-05T00:00:00+08:00,0.88,synthetic,not_applicable,,team_generated,false,dev
JOB-AI-APP-0090-SKILL-008,JOB-AI-APP-0090,SKILL-008,67,0.055556,required,1.1.0,synthetic,true,SRC-SYNTH,2026-09-05T00:00:00+08:00,0.88,synthetic,not_applicable,,team_generated,false,dev
JOB-AI-APP-0090-SKILL-009,JOB-AI-APP-0090,SKILL-009,67,0.055556,required,1.1.0,synthetic,true,SRC-SYNTH,2026-09-05T00:00:00+08:00,0.88,synthetic,not_applicable,,team_generated,false,dev
JOB-AI-APP-0090-SKILL-025,JOB-AI-APP-0090,SKILL-025,66,0.055556,required,1.1.0,synthetic,true,SRC-SYNTH,2026-09-05T00:00:00+08:00,0.88,synthetic,not_applicable,,team_generated,false,dev
JOB-AI-APP-0090-SKILL-026,JOB-AI-APP-0090,SKILL-026,61,0.055556,required,1.1.0,synthetic,true,SRC-SYNTH,2026-09-05T00:00:00+08:00,0.88,synthetic,not_applicable,,team_generated,false,dev
JOB-AI-APP-0090-SKILL-027,JOB-AI-APP-0090,SKILL-027,61,0.055556,required,1.1.0,synthetic,true,SRC-SYNTH,2026-09-05T00:00:00+08:00,0.88,synthetic,not_applicable,,team_generated,false,dev
JOB-AI-APP-0090-SKILL-028,JOB-AI-APP-0090,SKILL-028,60,0.055556,required,1.1.0,synthetic,true,SRC-SYNTH,2026-09-05T00:00:00+08:00,0.88,synthetic,not_applicable,,team_generated,false,dev
JOB-AI-APP-0090-SKILL-029,JOB-AI-APP-0090,SKILL-029,60,0.055556,required,1.1.0,synthetic,true,SRC-SYNTH,2026-09-05T00:00:00+08:00,0.88,synthetic,not_applicable,,team_generated,false,dev
JOB-AI-APP-0090-SKILL-030,JOB-AI-APP-0090,SKILL-030,59,0.055556,required,1.1.0,synthetic,true,SRC-SYNTH,2026-09-05T00:00:00+08:00,0.88,synthetic,not_applicable,,team_generated,false,dev
JOB-AI-APP-0090-SKILL-034,JOB-AI-APP-0090,SKILL-034,54,0.055556,required,1.1.0,synthetic,true,SRC-SYNTH,2026-09-05T00:00:00+08:00,0.88,synthetic,not_applicable,,team_generated,false,dev
JOB-AI-APP-0090-SKILL-035,JOB-AI-APP-0090,SKILL-035,54,0.055556,required,1.1.0,synthetic,true,SRC-SYNTH,2026-09-05T00:00:00+08:00,0.88,synthetic,not_applicable,,team_generated,false,dev
JOB-AI-APP-0090-SKILL-036,JOB-AI-APP-0090,SKILL-036,53,0.055556,preferred,1.1.0,synthetic,true,SRC-SYNTH,2026-09-05T00:00:00+08:00,0.88,synthetic,not_applicable,,team_generated,false,dev
JOB-AI-APP-0090-SKILL-037,JOB-AI-APP-0090,SKILL-037,53,0.055556,preferred,1.1.0,synthetic,true,SRC-SYNTH,2026-09-05T00:00:00+08:00,0.88,synthetic,not_applicable,,team_generated,false,dev
JOB-AI-APP-0090-SKILL-038,JOB-AI-APP-0090,SKILL-038,52,0.055556,preferred,1.1.0,synthetic,true,SRC-SYNTH,2026-09-05T00:00:00+08:00,0.88,synthetic,not_applicable,,team_generated,false,dev
JOB-AI-APP-0090-SKILL-039,JOB-AI-APP-0090,SKILL-039,47,0.055556,preferred,1.1.0,synthetic,true,SRC-SYNTH,2026-09-05T00:00:00+08:00,0.88,synthetic,not_applicable,,team_generated,false,dev
JOB-AI-APP-0090-SKILL-043,JOB-AI-APP-0090,SKILL-043,47,0.055556,preferred,1.1.0,synthetic,true,SRC-SYNTH,2026-09-05T00:00:00+08:00,0.88,synthetic,not_applicable,,team_generated,false,dev
JOB-AI-APP-0090-SKILL-050,JOB-AI-APP-0090,SKILL-050,47,0.055548,preferred,1.1.0,synthetic,true,SRC-SYNTH,2026-09-05T00:00:00+08:00,0.88,synthetic,not_applicable,,team_generated,false,dev
JOB-AI-APP-0091-SKILL-007,JOB-AI-APP-0091,SKILL-007,68,0.083333,required,1.1.0,synthetic,true,SRC-SYNTH,2026-09-05T00:00:00+08:00,0.88,synthetic,not_applicable,,team_generated,false,dev
JOB-AI-APP-0091-SKILL-008,JOB-AI-APP-0091,SKILL-008,67,0.083333,required,1.1.0,synthetic,true,SRC-SYNTH,2026-09-05T00:00:00+08:00,0.88,synthetic,not_applicable,,team_generated,false,dev
JOB-AI-APP-0091-SKILL-009,JOB-AI-APP-0091,SKILL-009,67,0.083333,required,1.1.0,synthetic,true,SRC-SYNTH,2026-09-05T00:00:00+08:00,0.88,synthetic,not_applicable,,team_generated,false,dev
JOB-AI-APP-0091-SKILL-025,JOB-AI-APP-0091,SKILL-025,66,0.083333,required,1.1.0,synthetic,true,SRC-SYNTH,2026-09-05T00:00:00+08:00,0.88,synthetic,not_applicable,,team_generated,false,dev
JOB-AI-APP-0091-SKILL-026,JOB-AI-APP-0091,SKILL-026,61,0.083333,required,1.1.0,synthetic,true,SRC-SYNTH,2026-09-05T00:00:00+08:00,0.88,synthetic,not_applicable,,team_generated,false,dev
JOB-AI-APP-0091-SKILL-027,JOB-AI-APP-0091,SKILL-027,61,0.083333,required,1.1.0,synthetic,true,SRC-SYNTH,2026-09-05T00:00:00+08:00,0.88,synthetic,not_applicable,,team_generated,false,dev
JOB-AI-APP-0091-SKILL-028,JOB-AI-APP-0091,SKILL-028,60,0.083333,required,1.1.0,synthetic,true,SRC-SYNTH,2026-09-05T00:00:00+08:00,0.88,synthetic,not_applicable,,team_generated,false,dev
JOB-AI-APP-0091-SKILL-029,JOB-AI-APP-0091,SKILL-029,60,0.083333,required,1.1.0,synthetic,true,SRC-SYNTH,2026-09-05T00:00:00+08:00,0.88,synthetic,not_applicable,,team_generated,false,dev
JOB-AI-APP-0091-SKILL-030,JOB-AI-APP-0091,SKILL-030,59,0.083333,preferred,1.1.0,synthetic,true,SRC-SYNTH,2026-09-05T00:00:00+08:00,0.88,synthetic,not_applicable,,team_generated,false,dev
JOB-AI-APP-0091-SKILL-034,JOB-AI-APP-0091,SKILL-034,54,0.083333,preferred,1.1.0,synthetic,true,SRC-SYNTH,2026-09-05T00:00:00+08:00,0.88,synthetic,not_applicable,,team_generated,false,dev
JOB-AI-APP-0091-SKILL-035,JOB-AI-APP-0091,SKILL-035,54,0.083333,preferred,1.1.0,synthetic,true,SRC-SYNTH,2026-09-05T00:00:00+08:00,0.88,synthetic,not_applicable,,team_generated,false,dev
JOB-AI-APP-0091-SKILL-036,JOB-AI-APP-0091,SKILL-036,53,0.083337,preferred,1.1.0,synthetic,true,SRC-SYNTH,2026-09-05T00:00:00+08:00,0.88,synthetic,not_applicable,,team_generated,false,dev
JOB-AI-APP-0092-SKILL-008,JOB-AI-APP-0092,SKILL-008,67,0.076923,required,1.1.0,synthetic,true,SRC-SYNTH,2026-09-05T00:00:00+08:00,0.88,synthetic,not_applicable,,team_generated,false,dev
JOB-AI-APP-0092-SKILL-009,JOB-AI-APP-0092,SKILL-009,67,0.076923,required,1.1.0,synthetic,true,SRC-SYNTH,2026-09-05T00:00:00+08:00,0.88,synthetic,not_applicable,,team_generated,false,dev
JOB-AI-APP-0092-SKILL-025,JOB-AI-APP-0092,SKILL-025,66,0.076923,required,1.1.0,synthetic,true,SRC-SYNTH,2026-09-05T00:00:00+08:00,0.88,synthetic,not_applicable,,team_generated,false,dev
JOB-AI-APP-0092-SKILL-026,JOB-AI-APP-0092,SKILL-026,61,0.076923,required,1.1.0,synthetic,true,SRC-SYNTH,2026-09-05T00:00:00+08:00,0.88,synthetic,not_applicable,,team_generated,false,dev
JOB-AI-APP-0092-SKILL-027,JOB-AI-APP-0092,SKILL-027,61,0.076923,required,1.1.0,synthetic,true,SRC-SYNTH,2026-09-05T00:00:00+08:00,0.88,synthetic,not_applicable,,team_generated,false,dev
JOB-AI-APP-0092-SKILL-028,JOB-AI-APP-0092,SKILL-028,60,0.076923,required,1.1.0,synthetic,true,SRC-SYNTH,2026-09-05T00:00:00+08:00,0.88,synthetic,not_applicable,,team_generated,false,dev
JOB-AI-APP-0092-SKILL-029,JOB-AI-APP-0092,SKILL-029,60,0.076923,required,1.1.0,synthetic,true,SRC-SYNTH,2026-09-05T00:00:00+08:00,0.88,synthetic,not_applicable,,team_generated,false,dev
JOB-AI-APP-0092-SKILL-030,JOB-AI-APP-0092,SKILL-030,59,0.076923,required,1.1.0,synthetic,true,SRC-SYNTH,2026-09-05T00:00:00+08:00,0.88,synthetic,not_applicable,,team_generated,false,dev
JOB-AI-APP-0092-SKILL-034,JOB-AI-APP-0092,SKILL-034,54,0.076923,required,1.1.0,synthetic,true,SRC-SYNTH,2026-09-05T00:00:00+08:00,0.88,synthetic,not_applicable,,team_generated,false,dev
JOB-AI-APP-0092-SKILL-035,JOB-AI-APP-0092,SKILL-035,54,0.076923,preferred,1.1.0,synthetic,true,SRC-SYNTH,2026-09-05T00:00:00+08:00,0.88,synthetic,not_applicable,,team_generated,false,dev
JOB-AI-APP-0092-SKILL-036,JOB-AI-APP-0092,SKILL-036,53,0.076923,preferred,1.1.0,synthetic,true,SRC-SYNTH,2026-09-05T00:00:00+08:00,0.88,synthetic,not_applicable,,team_generated,false,dev
JOB-AI-APP-0092-SKILL-037,JOB-AI-APP-0092,SKILL-037,53,0.076923,preferred,1.1.0,synthetic,true,SRC-SYNTH,2026-09-05T00:00:00+08:00,0.88,synthetic,not_applicable,,team_generated,false,dev
JOB-AI-APP-0092-SKILL-038,JOB-AI-APP-0092,SKILL-038,52,0.076924,preferred,1.1.0,synthetic,true,SRC-SYNTH,2026-09-05T00:00:00+08:00,0.88,synthetic,not_applicable,,team_generated,false,dev
JOB-AI-APP-0093-SKILL-009,JOB-AI-APP-0093,SKILL-009,67,0.071429,required,1.1.0,synthetic,true,SRC-SYNTH,2026-09-05T00:00:00+08:00,0.88,synthetic,not_applicable,,team_generated,false,dev
JOB-AI-APP-0093-SKILL-025,JOB-AI-APP-0093,SKILL-025,66,0.071429,required,1.1.0,synthetic,true,SRC-SYNTH,2026-09-05T00:00:00+08:00,0.88,synthetic,not_applicable,,team_generated,false,dev
JOB-AI-APP-0093-SKILL-026,JOB-AI-APP-0093,SKILL-026,61,0.071429,required,1.1.0,synthetic,true,SRC-SYNTH,2026-09-05T00:00:00+08:00,0.88,synthetic,not_applicable,,team_generated,false,dev
JOB-AI-APP-0093-SKILL-027,JOB-AI-APP-0093,SKILL-027,61,0.071429,required,1.1.0,synthetic,true,SRC-SYNTH,2026-09-05T00:00:00+08:00,0.88,synthetic,not_applicable,,team_generated,false,dev
JOB-AI-APP-0093-SKILL-028,JOB-AI-APP-0093,SKILL-028,60,0.071429,required,1.1.0,synthetic,true,SRC-SYNTH,2026-09-05T00:00:00+08:00,0.88,synthetic,not_applicable,,team_generated,false,dev
JOB-AI-APP-0093-SKILL-029,JOB-AI-APP-0093,SKILL-029,60,0.071429,required,1.1.0,synthetic,true,SRC-SYNTH,2026-09-05T00:00:00+08:00,0.88,synthetic,not_applicable,,team_generated,false,dev
JOB-AI-APP-0093-SKILL-030,JOB-AI-APP-0093,SKILL-030,59,0.071429,required,1.1.0,synthetic,true,SRC-SYNTH,2026-09-05T00:00:00+08:00,0.88,synthetic,not_applicable,,team_generated,false,dev
JOB-AI-APP-0093-SKILL-034,JOB-AI-APP-0093,SKILL-034,54,0.071429,required,1.1.0,synthetic,true,SRC-SYNTH,2026-09-05T00:00:00+08:00,0.88,synthetic,not_applicable,,team_generated,false,dev
JOB-AI-APP-0093-SKILL-035,JOB-AI-APP-0093,SKILL-035,54,0.071429,required,1.1.0,synthetic,true,SRC-SYNTH,2026-09-05T00:00:00+08:00,0.88,synthetic,not_applicable,,team_generated,false,dev
JOB-AI-APP-0093-SKILL-036,JOB-AI-APP-0093,SKILL-036,53,0.071429,required,1.1.0,synthetic,true,SRC-SYNTH,2026-09-05T00:00:00+08:00,0.88,synthetic,not_applicable,,team_generated,false,dev
JOB-AI-APP-0093-SKILL-037,JOB-AI-APP-0093,SKILL-037,53,0.071429,preferred,1.1.0,synthetic,true,SRC-SYNTH,2026-09-05T00:00:00+08:00,0.88,synthetic,not_applicable,,team_generated,false,dev
JOB-AI-APP-0093-SKILL-038,JOB-AI-APP-0093,SKILL-038,52,0.071429,preferred,1.1.0,synthetic,true,SRC-SYNTH,2026-09-05T00:00:00+08:00,0.88,synthetic,not_applicable,,team_generated,false,dev
JOB-AI-APP-0093-SKILL-039,JOB-AI-APP-0093,SKILL-039,47,0.071429,preferred,1.1.0,synthetic,true,SRC-SYNTH,2026-09-05T00:00:00+08:00,0.88,synthetic,not_applicable,,team_generated,false,dev
JOB-AI-APP-0093-SKILL-043,JOB-AI-APP-0093,SKILL-043,47,0.071423,preferred,1.1.0,synthetic,true,SRC-SYNTH,2026-09-05T00:00:00+08:00,0.88,synthetic,not_applicable,,team_generated,false,dev
JOB-AI-APP-0094-SKILL-025,JOB-AI-APP-0094,SKILL-025,66,0.066667,required,1.1.0,synthetic,true,SRC-SYNTH,2026-09-05T00:00:00+08:00,0.88,synthetic,not_applicable,,team_generated,false,dev
JOB-AI-APP-0094-SKILL-026,JOB-AI-APP-0094,SKILL-026,61,0.066667,required,1.1.0,synthetic,true,SRC-SYNTH,2026-09-05T00:00:00+08:00,0.88,synthetic,not_applicable,,team_generated,false,dev
JOB-AI-APP-0094-SKILL-027,JOB-AI-APP-0094,SKILL-027,61,0.066667,required,1.1.0,synthetic,true,SRC-SYNTH,2026-09-05T00:00:00+08:00,0.88,synthetic,not_applicable,,team_generated,false,dev
JOB-AI-APP-0094-SKILL-028,JOB-AI-APP-0094,SKILL-028,60,0.066667,required,1.1.0,synthetic,true,SRC-SYNTH,2026-09-05T00:00:00+08:00,0.88,synthetic,not_applicable,,team_generated,false,dev
JOB-AI-APP-0094-SKILL-029,JOB-AI-APP-0094,SKILL-029,60,0.066667,required,1.1.0,synthetic,true,SRC-SYNTH,2026-09-05T00:00:00+08:00,0.88,synthetic,not_applicable,,team_generated,false,dev
JOB-AI-APP-0094-SKILL-030,JOB-AI-APP-0094,SKILL-030,59,0.066667,required,1.1.0,synthetic,true,SRC-SYNTH,2026-09-05T00:00:00+08:00,0.88,synthetic,not_applicable,,team_generated,false,dev
JOB-AI-APP-0094-SKILL-034,JOB-AI-APP-0094,SKILL-034,54,0.066667,required,1.1.0,synthetic,true,SRC-SYNTH,2026-09-05T00:00:00+08:00,0.88,synthetic,not_applicable,,team_generated,false,dev
JOB-AI-APP-0094-SKILL-035,JOB-AI-APP-0094,SKILL-035,54,0.066667,required,1.1.0,synthetic,true,SRC-SYNTH,2026-09-05T00:00:00+08:00,0.88,synthetic,not_applicable,,team_generated,false,dev
JOB-AI-APP-0094-SKILL-036,JOB-AI-APP-0094,SKILL-036,53,0.066667,required,1.1.0,synthetic,true,SRC-SYNTH,2026-09-05T00:00:00+08:00,0.88,synthetic,not_applicable,,team_generated,false,dev
JOB-AI-APP-0094-SKILL-037,JOB-AI-APP-0094,SKILL-037,53,0.066667,required,1.1.0,synthetic,true,SRC-SYNTH,2026-09-05T00:00:00+08:00,0.88,synthetic,not_applicable,,team_generated,false,dev
JOB-AI-APP-0094-SKILL-038,JOB-AI-APP-0094,SKILL-038,52,0.066667,preferred,1.1.0,synthetic,true,SRC-SYNTH,2026-09-05T00:00:00+08:00,0.88,synthetic,not_applicable,,team_generated,false,dev
JOB-AI-APP-0094-SKILL-039,JOB-AI-APP-0094,SKILL-039,47,0.066667,preferred,1.1.0,synthetic,true,SRC-SYNTH,2026-09-05T00:00:00+08:00,0.88,synthetic,not_applicable,,team_generated,false,dev
JOB-AI-APP-0094-SKILL-043,JOB-AI-APP-0094,SKILL-043,47,0.066667,preferred,1.1.0,synthetic,true,SRC-SYNTH,2026-09-05T00:00:00+08:00,0.88,synthetic,not_applicable,,team_generated,false,dev
JOB-AI-APP-0094-SKILL-050,JOB-AI-APP-0094,SKILL-050,47,0.066667,preferred,1.1.0,synthetic,true,SRC-SYNTH,2026-09-05T00:00:00+08:00,0.88,synthetic,not_applicable,,team_generated,false,dev
JOB-AI-APP-0094-SKILL-001,JOB-AI-APP-0094,SKILL-001,71,0.066662,preferred,1.1.0,synthetic,true,SRC-SYNTH,2026-09-05T00:00:00+08:00,0.88,synthetic,not_applicable,,team_generated,false,dev
JOB-AI-APP-0095-SKILL-026,JOB-AI-APP-0095,SKILL-026,61,0.0625,required,1.1.0,synthetic,true,SRC-SYNTH,2026-09-05T00:00:00+08:00,0.88,synthetic,not_applicable,,team_generated,false,dev
JOB-AI-APP-0095-SKILL-027,JOB-AI-APP-0095,SKILL-027,61,0.0625,required,1.1.0,synthetic,true,SRC-SYNTH,2026-09-05T00:00:00+08:00,0.88,synthetic,not_applicable,,team_generated,false,dev
JOB-AI-APP-0095-SKILL-028,JOB-AI-APP-0095,SKILL-028,60,0.0625,required,1.1.0,synthetic,true,SRC-SYNTH,2026-09-05T00:00:00+08:00,0.88,synthetic,not_applicable,,team_generated,false,dev
JOB-AI-APP-0095-SKILL-029,JOB-AI-APP-0095,SKILL-029,60,0.0625,required,1.1.0,synthetic,true,SRC-SYNTH,2026-09-05T00:00:00+08:00,0.88,synthetic,not_applicable,,team_generated,false,dev
JOB-AI-APP-0095-SKILL-030,JOB-AI-APP-0095,SKILL-030,59,0.0625,required,1.1.0,synthetic,true,SRC-SYNTH,2026-09-05T00:00:00+08:00,0.88,synthetic,not_applicable,,team_generated,false,dev
JOB-AI-APP-0095-SKILL-034,JOB-AI-APP-0095,SKILL-034,54,0.0625,required,1.1.0,synthetic,true,SRC-SYNTH,2026-09-05T00:00:00+08:00,0.88,synthetic,not_applicable,,team_generated,false,dev
JOB-AI-APP-0095-SKILL-035,JOB-AI-APP-0095,SKILL-035,54,0.0625,required,1.1.0,synthetic,true,SRC-SYNTH,2026-09-05T00:00:00+08:00,0.88,synthetic,not_applicable,,team_generated,false,dev
JOB-AI-APP-0095-SKILL-036,JOB-AI-APP-0095,SKILL-036,53,0.0625,required,1.1.0,synthetic,true,SRC-SYNTH,2026-09-05T00:00:00+08:00,0.88,synthetic,not_applicable,,team_generated,false,dev
JOB-AI-APP-0095-SKILL-037,JOB-AI-APP-0095,SKILL-037,53,0.0625,required,1.1.0,synthetic,true,SRC-SYNTH,2026-09-05T00:00:00+08:00,0.88,synthetic,not_applicable,,team_generated,false,dev
JOB-AI-APP-0095-SKILL-038,JOB-AI-APP-0095,SKILL-038,52,0.0625,required,1.1.0,synthetic,true,SRC-SYNTH,2026-09-05T00:00:00+08:00,0.88,synthetic,not_applicable,,team_generated,false,dev
JOB-AI-APP-0095-SKILL-039,JOB-AI-APP-0095,SKILL-039,47,0.0625,required,1.1.0,synthetic,true,SRC-SYNTH,2026-09-05T00:00:00+08:00,0.88,synthetic,not_applicable,,team_generated,false,dev
JOB-AI-APP-0095-SKILL-043,JOB-AI-APP-0095,SKILL-043,47,0.0625,preferred,1.1.0,synthetic,true,SRC-SYNTH,2026-09-05T00:00:00+08:00,0.88,synthetic,not_applicable,,team_generated,false,dev
JOB-AI-APP-0095-SKILL-050,JOB-AI-APP-0095,SKILL-050,47,0.0625,preferred,1.1.0,synthetic,true,SRC-SYNTH,2026-09-05T00:00:00+08:00,0.88,synthetic,not_applicable,,team_generated,false,dev
JOB-AI-APP-0095-SKILL-001,JOB-AI-APP-0095,SKILL-001,71,0.0625,preferred,1.1.0,synthetic,true,SRC-SYNTH,2026-09-05T00:00:00+08:00,0.88,synthetic,not_applicable,,team_generated,false,dev
JOB-AI-APP-0095-SKILL-007,JOB-AI-APP-0095,SKILL-007,71,0.0625,preferred,1.1.0,synthetic,true,SRC-SYNTH,2026-09-05T00:00:00+08:00,0.88,synthetic,not_applicable,,team_generated,false,dev
JOB-AI-APP-0095-SKILL-008,JOB-AI-APP-0095,SKILL-008,65,0.0625,preferred,1.1.0,synthetic,true,SRC-SYNTH,2026-09-05T00:00:00+08:00,0.88,synthetic,not_applicable,,team_generated,false,dev
JOB-AI-APP-0096-SKILL-027,JOB-AI-APP-0096,SKILL-027,61,0.058824,required,1.1.0,synthetic,true,SRC-SYNTH,2026-09-05T00:00:00+08:00,0.88,synthetic,not_applicable,,team_generated,false,dev
JOB-AI-APP-0096-SKILL-028,JOB-AI-APP-0096,SKILL-028,60,0.058824,required,1.1.0,synthetic,true,SRC-SYNTH,2026-09-05T00:00:00+08:00,0.88,synthetic,not_applicable,,team_generated,false,dev
JOB-AI-APP-0096-SKILL-029,JOB-AI-APP-0096,SKILL-029,60,0.058824,required,1.1.0,synthetic,true,SRC-SYNTH,2026-09-05T00:00:00+08:00,0.88,synthetic,not_applicable,,team_generated,false,dev
JOB-AI-APP-0096-SKILL-030,JOB-AI-APP-0096,SKILL-030,59,0.058824,required,1.1.0,synthetic,true,SRC-SYNTH,2026-09-05T00:00:00+08:00,0.88,synthetic,not_applicable,,team_generated,false,dev
JOB-AI-APP-0096-SKILL-034,JOB-AI-APP-0096,SKILL-034,54,0.058824,required,1.1.0,synthetic,true,SRC-SYNTH,2026-09-05T00:00:00+08:00,0.88,synthetic,not_applicable,,team_generated,false,dev
JOB-AI-APP-0096-SKILL-035,JOB-AI-APP-0096,SKILL-035,54,0.058824,required,1.1.0,synthetic,true,SRC-SYNTH,2026-09-05T00:00:00+08:00,0.88,synthetic,not_applicable,,team_generated,false,dev
JOB-AI-APP-0096-SKILL-036,JOB-AI-APP-0096,SKILL-036,53,0.058824,required,1.1.0,synthetic,true,SRC-SYNTH,2026-09-05T00:00:00+08:00,0.88,synthetic,not_applicable,,team_generated,false,dev
JOB-AI-APP-0096-SKILL-037,JOB-AI-APP-0096,SKILL-037,53,0.058824,required,1.1.0,synthetic,true,SRC-SYNTH,2026-09-05T00:00:00+08:00,0.88,synthetic,not_applicable,,team_generated,false,dev
JOB-AI-APP-0096-SKILL-038,JOB-AI-APP-0096,SKILL-038,52,0.058824,required,1.1.0,synthetic,true,SRC-SYNTH,2026-09-05T00:00:00+08:00,0.88,synthetic,not_applicable,,team_generated,false,dev
JOB-AI-APP-0096-SKILL-039,JOB-AI-APP-0096,SKILL-039,47,0.058824,required,1.1.0,synthetic,true,SRC-SYNTH,2026-09-05T00:00:00+08:00,0.88,synthetic,not_applicable,,team_generated,false,dev
JOB-AI-APP-0096-SKILL-043,JOB-AI-APP-0096,SKILL-043,47,0.058824,required,1.1.0,synthetic,true,SRC-SYNTH,2026-09-05T00:00:00+08:00,0.88,synthetic,not_applicable,,team_generated,false,dev
JOB-AI-APP-0096-SKILL-050,JOB-AI-APP-0096,SKILL-050,47,0.058824,required,1.1.0,synthetic,true,SRC-SYNTH,2026-09-05T00:00:00+08:00,0.88,synthetic,not_applicable,,team_generated,false,dev
JOB-AI-APP-0096-SKILL-001,JOB-AI-APP-0096,SKILL-001,71,0.058824,preferred,1.1.0,synthetic,true,SRC-SYNTH,2026-09-05T00:00:00+08:00,0.88,synthetic,not_applicable,,team_generated,false,dev
JOB-AI-APP-0096-SKILL-007,JOB-AI-APP-0096,SKILL-007,71,0.058824,preferred,1.1.0,synthetic,true,SRC-SYNTH,2026-09-05T00:00:00+08:00,0.88,synthetic,not_applicable,,team_generated,false,dev
JOB-AI-APP-0096-SKILL-008,JOB-AI-APP-0096,SKILL-008,65,0.058824,preferred,1.1.0,synthetic,true,SRC-SYNTH,2026-09-05T00:00:00+08:00,0.88,synthetic,not_applicable,,team_generated,false,dev
JOB-AI-APP-0096-SKILL-009,JOB-AI-APP-0096,SKILL-009,65,0.058824,preferred,1.1.0,synthetic,true,SRC-SYNTH,2026-09-05T00:00:00+08:00,0.88,synthetic,not_applicable,,team_generated,false,dev
JOB-AI-APP-0096-SKILL-025,JOB-AI-APP-0096,SKILL-025,64,0.058816,preferred,1.1.0,synthetic,true,SRC-SYNTH,2026-09-05T00:00:00+08:00,0.88,synthetic,not_applicable,,team_generated,false,dev
JOB-AI-APP-0097-SKILL-028,JOB-AI-APP-0097,SKILL-028,60,0.055556,required,1.1.0,synthetic,true,SRC-SYNTH,2026-09-05T00:00:00+08:00,0.88,synthetic,not_applicable,,team_generated,false,dev
JOB-AI-APP-0097-SKILL-029,JOB-AI-APP-0097,SKILL-029,60,0.055556,required,1.1.0,synthetic,true,SRC-SYNTH,2026-09-05T00:00:00+08:00,0.88,synthetic,not_applicable,,team_generated,false,dev
JOB-AI-APP-0097-SKILL-030,JOB-AI-APP-0097,SKILL-030,59,0.055556,required,1.1.0,synthetic,true,SRC-SYNTH,2026-09-05T00:00:00+08:00,0.88,synthetic,not_applicable,,team_generated,false,dev
JOB-AI-APP-0097-SKILL-034,JOB-AI-APP-0097,SKILL-034,54,0.055556,required,1.1.0,synthetic,true,SRC-SYNTH,2026-09-05T00:00:00+08:00,0.88,synthetic,not_applicable,,team_generated,false,dev
JOB-AI-APP-0097-SKILL-035,JOB-AI-APP-0097,SKILL-035,54,0.055556,required,1.1.0,synthetic,true,SRC-SYNTH,2026-09-05T00:00:00+08:00,0.88,synthetic,not_applicable,,team_generated,false,dev
JOB-AI-APP-0097-SKILL-036,JOB-AI-APP-0097,SKILL-036,53,0.055556,required,1.1.0,synthetic,true,SRC-SYNTH,2026-09-05T00:00:00+08:00,0.88,synthetic,not_applicable,,team_generated,false,dev
JOB-AI-APP-0097-SKILL-037,JOB-AI-APP-0097,SKILL-037,53,0.055556,required,1.1.0,synthetic,true,SRC-SYNTH,2026-09-05T00:00:00+08:00,0.88,synthetic,not_applicable,,team_generated,false,dev
JOB-AI-APP-0097-SKILL-038,JOB-AI-APP-0097,SKILL-038,52,0.055556,required,1.1.0,synthetic,true,SRC-SYNTH,2026-09-05T00:00:00+08:00,0.88,synthetic,not_applicable,,team_generated,false,dev
JOB-AI-APP-0097-SKILL-039,JOB-AI-APP-0097,SKILL-039,47,0.055556,required,1.1.0,synthetic,true,SRC-SYNTH,2026-09-05T00:00:00+08:00,0.88,synthetic,not_applicable,,team_generated,false,dev
JOB-AI-APP-0097-SKILL-043,JOB-AI-APP-0097,SKILL-043,47,0.055556,required,1.1.0,synthetic,true,SRC-SYNTH,2026-09-05T00:00:00+08:00,0.88,synthetic,not_applicable,,team_generated,false,dev
JOB-AI-APP-0097-SKILL-050,JOB-AI-APP-0097,SKILL-050,47,0.055556,required,1.1.0,synthetic,true,SRC-SYNTH,2026-09-05T00:00:00+08:00,0.88,synthetic,not_applicable,,team_generated,false,dev
JOB-AI-APP-0097-SKILL-001,JOB-AI-APP-0097,SKILL-001,71,0.055556,required,1.1.0,synthetic,true,SRC-SYNTH,2026-09-05T00:00:00+08:00,0.88,synthetic,not_applicable,,team_generated,false,dev
JOB-AI-APP-0097-SKILL-007,JOB-AI-APP-0097,SKILL-007,71,0.055556,preferred,1.1.0,synthetic,true,SRC-SYNTH,2026-09-05T00:00:00+08:00,0.88,synthetic,not_applicable,,team_generated,false,dev
JOB-AI-APP-0097-SKILL-008,JOB-AI-APP-0097,SKILL-008,65,0.055556,preferred,1.1.0,synthetic,true,SRC-SYNTH,2026-09-05T00:00:00+08:00,0.88,synthetic,not_applicable,,team_generated,false,dev
JOB-AI-APP-0097-SKILL-009,JOB-AI-APP-0097,SKILL-009,65,0.055556,preferred,1.1.0,synthetic,true,SRC-SYNTH,2026-09-05T00:00:00+08:00,0.88,synthetic,not_applicable,,team_generated,false,dev
JOB-AI-APP-0097-SKILL-025,JOB-AI-APP-0097,SKILL-025,64,0.055556,preferred,1.1.0,synthetic,true,SRC-SYNTH,2026-09-05T00:00:00+08:00,0.88,synthetic,not_applicable,,team_generated,false,dev
JOB-AI-APP-0097-SKILL-026,JOB-AI-APP-0097,SKILL-026,64,0.055556,preferred,1.1.0,synthetic,true,SRC-SYNTH,2026-09-05T00:00:00+08:00,0.88,synthetic,not_applicable,,team_generated,false,dev
JOB-AI-APP-0097-SKILL-027,JOB-AI-APP-0097,SKILL-027,64,0.055548,preferred,1.1.0,synthetic,true,SRC-SYNTH,2026-09-05T00:00:00+08:00,0.88,synthetic,not_applicable,,team_generated,false,dev
JOB-AI-APP-0098-SKILL-029,JOB-AI-APP-0098,SKILL-029,60,0.083333,required,1.1.0,synthetic,true,SRC-SYNTH,2026-09-05T00:00:00+08:00,0.88,synthetic,not_applicable,,team_generated,false,dev
JOB-AI-APP-0098-SKILL-030,JOB-AI-APP-0098,SKILL-030,59,0.083333,required,1.1.0,synthetic,true,SRC-SYNTH,2026-09-05T00:00:00+08:00,0.88,synthetic,not_applicable,,team_generated,false,dev
JOB-AI-APP-0098-SKILL-034,JOB-AI-APP-0098,SKILL-034,54,0.083333,required,1.1.0,synthetic,true,SRC-SYNTH,2026-09-05T00:00:00+08:00,0.88,synthetic,not_applicable,,team_generated,false,dev
JOB-AI-APP-0098-SKILL-035,JOB-AI-APP-0098,SKILL-035,54,0.083333,required,1.1.0,synthetic,true,SRC-SYNTH,2026-09-05T00:00:00+08:00,0.88,synthetic,not_applicable,,team_generated,false,dev
JOB-AI-APP-0098-SKILL-036,JOB-AI-APP-0098,SKILL-036,53,0.083333,required,1.1.0,synthetic,true,SRC-SYNTH,2026-09-05T00:00:00+08:00,0.88,synthetic,not_applicable,,team_generated,false,dev
JOB-AI-APP-0098-SKILL-037,JOB-AI-APP-0098,SKILL-037,53,0.083333,required,1.1.0,synthetic,true,SRC-SYNTH,2026-09-05T00:00:00+08:00,0.88,synthetic,not_applicable,,team_generated,false,dev
JOB-AI-APP-0098-SKILL-038,JOB-AI-APP-0098,SKILL-038,52,0.083333,required,1.1.0,synthetic,true,SRC-SYNTH,2026-09-05T00:00:00+08:00,0.88,synthetic,not_applicable,,team_generated,false,dev
JOB-AI-APP-0098-SKILL-039,JOB-AI-APP-0098,SKILL-039,47,0.083333,required,1.1.0,synthetic,true,SRC-SYNTH,2026-09-05T00:00:00+08:00,0.88,synthetic,not_applicable,,team_generated,false,dev
JOB-AI-APP-0098-SKILL-043,JOB-AI-APP-0098,SKILL-043,47,0.083333,preferred,1.1.0,synthetic,true,SRC-SYNTH,2026-09-05T00:00:00+08:00,0.88,synthetic,not_applicable,,team_generated,false,dev
JOB-AI-APP-0098-SKILL-050,JOB-AI-APP-0098,SKILL-050,47,0.083333,preferred,1.1.0,synthetic,true,SRC-SYNTH,2026-09-05T00:00:00+08:00,0.88,synthetic,not_applicable,,team_generated,false,dev
JOB-AI-APP-0098-SKILL-001,JOB-AI-APP-0098,SKILL-001,71,0.083333,preferred,1.1.0,synthetic,true,SRC-SYNTH,2026-09-05T00:00:00+08:00,0.88,synthetic,not_applicable,,team_generated,false,dev
JOB-AI-APP-0098-SKILL-007,JOB-AI-APP-0098,SKILL-007,71,0.083337,preferred,1.1.0,synthetic,true,SRC-SYNTH,2026-09-05T00:00:00+08:00,0.88,synthetic,not_applicable,,team_generated,false,dev
JOB-AI-APP-0099-SKILL-030,JOB-AI-APP-0099,SKILL-030,59,0.076923,required,1.1.0,synthetic,true,SRC-SYNTH,2026-09-05T00:00:00+08:00,0.88,synthetic,not_applicable,,team_generated,false,dev
JOB-AI-APP-0099-SKILL-034,JOB-AI-APP-0099,SKILL-034,54,0.076923,required,1.1.0,synthetic,true,SRC-SYNTH,2026-09-05T00:00:00+08:00,0.88,synthetic,not_applicable,,team_generated,false,dev
JOB-AI-APP-0099-SKILL-035,JOB-AI-APP-0099,SKILL-035,54,0.076923,required,1.1.0,synthetic,true,SRC-SYNTH,2026-09-05T00:00:00+08:00,0.88,synthetic,not_applicable,,team_generated,false,dev
JOB-AI-APP-0099-SKILL-036,JOB-AI-APP-0099,SKILL-036,53,0.076923,required,1.1.0,synthetic,true,SRC-SYNTH,2026-09-05T00:00:00+08:00,0.88,synthetic,not_applicable,,team_generated,false,dev
JOB-AI-APP-0099-SKILL-037,JOB-AI-APP-0099,SKILL-037,53,0.076923,required,1.1.0,synthetic,true,SRC-SYNTH,2026-09-05T00:00:00+08:00,0.88,synthetic,not_applicable,,team_generated,false,dev
JOB-AI-APP-0099-SKILL-038,JOB-AI-APP-0099,SKILL-038,52,0.076923,required,1.1.0,synthetic,true,SRC-SYNTH,2026-09-05T00:00:00+08:00,0.88,synthetic,not_applicable,,team_generated,false,dev
JOB-AI-APP-0099-SKILL-039,JOB-AI-APP-0099,SKILL-039,47,0.076923,required,1.1.0,synthetic,true,SRC-SYNTH,2026-09-05T00:00:00+08:00,0.88,synthetic,not_applicable,,team_generated,false,dev
JOB-AI-APP-0099-SKILL-043,JOB-AI-APP-0099,SKILL-043,47,0.076923,required,1.1.0,synthetic,true,SRC-SYNTH,2026-09-05T00:00:00+08:00,0.88,synthetic,not_applicable,,team_generated,false,dev
JOB-AI-APP-0099-SKILL-050,JOB-AI-APP-0099,SKILL-050,47,0.076923,required,1.1.0,synthetic,true,SRC-SYNTH,2026-09-05T00:00:00+08:00,0.88,synthetic,not_applicable,,team_generated,false,dev
JOB-AI-APP-0099-SKILL-001,JOB-AI-APP-0099,SKILL-001,71,0.076923,preferred,1.1.0,synthetic,true,SRC-SYNTH,2026-09-05T00:00:00+08:00,0.88,synthetic,not_applicable,,team_generated,false,dev
JOB-AI-APP-0099-SKILL-007,JOB-AI-APP-0099,SKILL-007,71,0.076923,preferred,1.1.0,synthetic,true,SRC-SYNTH,2026-09-05T00:00:00+08:00,0.88,synthetic,not_applicable,,team_generated,false,dev
JOB-AI-APP-0099-SKILL-008,JOB-AI-APP-0099,SKILL-008,65,0.076923,preferred,1.1.0,synthetic,true,SRC-SYNTH,2026-09-05T00:00:00+08:00,0.88,synthetic,not_applicable,,team_generated,false,dev
JOB-AI-APP-0099-SKILL-009,JOB-AI-APP-0099,SKILL-009,65,0.076924,preferred,1.1.0,synthetic,true,SRC-SYNTH,2026-09-05T00:00:00+08:00,0.88,synthetic,not_applicable,,team_generated,false,dev
JOB-AI-APP-0100-SKILL-034,JOB-AI-APP-0100,SKILL-034,54,0.071429,required,1.1.0,synthetic,true,SRC-SYNTH,2026-09-05T00:00:00+08:00,0.88,synthetic,not_applicable,,team_generated,false,dev
JOB-AI-APP-0100-SKILL-035,JOB-AI-APP-0100,SKILL-035,54,0.071429,required,1.1.0,synthetic,true,SRC-SYNTH,2026-09-05T00:00:00+08:00,0.88,synthetic,not_applicable,,team_generated,false,dev
JOB-AI-APP-0100-SKILL-036,JOB-AI-APP-0100,SKILL-036,53,0.071429,required,1.1.0,synthetic,true,SRC-SYNTH,2026-09-05T00:00:00+08:00,0.88,synthetic,not_applicable,,team_generated,false,dev
JOB-AI-APP-0100-SKILL-037,JOB-AI-APP-0100,SKILL-037,53,0.071429,required,1.1.0,synthetic,true,SRC-SYNTH,2026-09-05T00:00:00+08:00,0.88,synthetic,not_applicable,,team_generated,false,dev
JOB-AI-APP-0100-SKILL-038,JOB-AI-APP-0100,SKILL-038,52,0.071429,required,1.1.0,synthetic,true,SRC-SYNTH,2026-09-05T00:00:00+08:00,0.88,synthetic,not_applicable,,team_generated,false,dev
JOB-AI-APP-0100-SKILL-039,JOB-AI-APP-0100,SKILL-039,47,0.071429,required,1.1.0,synthetic,true,SRC-SYNTH,2026-09-05T00:00:00+08:00,0.88,synthetic,not_applicable,,team_generated,false,dev
JOB-AI-APP-0100-SKILL-043,JOB-AI-APP-0100,SKILL-043,47,0.071429,required,1.1.0,synthetic,true,SRC-SYNTH,2026-09-05T00:00:00+08:00,0.88,synthetic,not_applicable,,team_generated,false,dev
JOB-AI-APP-0100-SKILL-050,JOB-AI-APP-0100,SKILL-050,47,0.071429,required,1.1.0,synthetic,true,SRC-SYNTH,2026-09-05T00:00:00+08:00,0.88,synthetic,not_applicable,,team_generated,false,dev
JOB-AI-APP-0100-SKILL-001,JOB-AI-APP-0100,SKILL-001,71,0.071429,required,1.1.0,synthetic,true,SRC-SYNTH,2026-09-05T00:00:00+08:00,0.88,synthetic,not_applicable,,team_generated,false,dev
JOB-AI-APP-0100-SKILL-007,JOB-AI-APP-0100,SKILL-007,71,0.071429,required,1.1.0,synthetic,true,SRC-SYNTH,2026-09-05T00:00:00+08:00,0.88,synthetic,not_applicable,,team_generated,false,dev
JOB-AI-APP-0100-SKILL-008,JOB-AI-APP-0100,SKILL-008,65,0.071429,preferred,1.1.0,synthetic,true,SRC-SYNTH,2026-09-05T00:00:00+08:00,0.88,synthetic,not_applicable,,team_generated,false,dev
JOB-AI-APP-0100-SKILL-009,JOB-AI-APP-0100,SKILL-009,65,0.071429,preferred,1.1.0,synthetic,true,SRC-SYNTH,2026-09-05T00:00:00+08:00,0.88,synthetic,not_applicable,,team_generated,false,dev
JOB-AI-APP-0100-SKILL-025,JOB-AI-APP-0100,SKILL-025,64,0.071429,preferred,1.1.0,synthetic,true,SRC-SYNTH,2026-09-05T00:00:00+08:00,0.88,synthetic,not_applicable,,team_generated,false,dev
JOB-AI-APP-0100-SKILL-026,JOB-AI-APP-0100,SKILL-026,64,0.071423,preferred,1.1.0,synthetic,true,SRC-SYNTH,2026-09-05T00:00:00+08:00,0.88,synthetic,not_applicable,,team_generated,false,dev
JOB-DATA-0001-SKILL-009,JOB-DATA-0001,SKILL-009,68,0.076923,required,1.1.0,synthetic,true,SRC-SYNTH,2026-09-05T00:00:00+08:00,0.88,synthetic,not_applicable,,team_generated,false,dev
JOB-DATA-0001-SKILL-010,JOB-DATA-0001,SKILL-010,67,0.076923,required,1.1.0,synthetic,true,SRC-SYNTH,2026-09-05T00:00:00+08:00,0.88,synthetic,not_applicable,,team_generated,false,dev
JOB-DATA-0001-SKILL-011,JOB-DATA-0001,SKILL-011,67,0.076923,required,1.1.0,synthetic,true,SRC-SYNTH,2026-09-05T00:00:00+08:00,0.88,synthetic,not_applicable,,team_generated,false,dev
JOB-DATA-0001-SKILL-012,JOB-DATA-0001,SKILL-012,66,0.076923,required,1.1.0,synthetic,true,SRC-SYNTH,2026-09-05T00:00:00+08:00,0.88,synthetic,not_applicable,,team_generated,false,dev
JOB-DATA-0001-SKILL-013,JOB-DATA-0001,SKILL-013,61,0.076923,required,1.1.0,synthetic,true,SRC-SYNTH,2026-09-05T00:00:00+08:00,0.88,synthetic,not_applicable,,team_generated,false,dev
JOB-DATA-0001-SKILL-014,JOB-DATA-0001,SKILL-014,61,0.076923,required,1.1.0,synthetic,true,SRC-SYNTH,2026-09-05T00:00:00+08:00,0.88,synthetic,not_applicable,,team_generated,false,dev
JOB-DATA-0001-SKILL-015,JOB-DATA-0001,SKILL-015,60,0.076923,required,1.1.0,synthetic,true,SRC-SYNTH,2026-09-05T00:00:00+08:00,0.88,synthetic,not_applicable,,team_generated,false,dev
JOB-DATA-0001-SKILL-016,JOB-DATA-0001,SKILL-016,60,0.076923,required,1.1.0,synthetic,true,SRC-SYNTH,2026-09-05T00:00:00+08:00,0.88,synthetic,not_applicable,,team_generated,false,dev
JOB-DATA-0001-SKILL-040,JOB-DATA-0001,SKILL-040,59,0.076923,required,1.1.0,synthetic,true,SRC-SYNTH,2026-09-05T00:00:00+08:00,0.88,synthetic,not_applicable,,team_generated,false,dev
JOB-DATA-0001-SKILL-041,JOB-DATA-0001,SKILL-041,54,0.076923,preferred,1.1.0,synthetic,true,SRC-SYNTH,2026-09-05T00:00:00+08:00,0.88,synthetic,not_applicable,,team_generated,false,dev
JOB-DATA-0001-SKILL-043,JOB-DATA-0001,SKILL-043,54,0.076923,preferred,1.1.0,synthetic,true,SRC-SYNTH,2026-09-05T00:00:00+08:00,0.88,synthetic,not_applicable,,team_generated,false,dev
JOB-DATA-0001-SKILL-044,JOB-DATA-0001,SKILL-044,53,0.076923,preferred,1.1.0,synthetic,true,SRC-SYNTH,2026-09-05T00:00:00+08:00,0.88,synthetic,not_applicable,,team_generated,false,dev
JOB-DATA-0001-SKILL-045,JOB-DATA-0001,SKILL-045,53,0.076924,preferred,1.1.0,synthetic,true,SRC-SYNTH,2026-09-05T00:00:00+08:00,0.88,synthetic,not_applicable,,team_generated,false,dev
JOB-DATA-0002-SKILL-010,JOB-DATA-0002,SKILL-010,67,0.071429,required,1.1.0,synthetic,true,SRC-SYNTH,2026-09-05T00:00:00+08:00,0.88,synthetic,not_applicable,,team_generated,false,dev
JOB-DATA-0002-SKILL-011,JOB-DATA-0002,SKILL-011,67,0.071429,required,1.1.0,synthetic,true,SRC-SYNTH,2026-09-05T00:00:00+08:00,0.88,synthetic,not_applicable,,team_generated,false,dev
JOB-DATA-0002-SKILL-012,JOB-DATA-0002,SKILL-012,66,0.071429,required,1.1.0,synthetic,true,SRC-SYNTH,2026-09-05T00:00:00+08:00,0.88,synthetic,not_applicable,,team_generated,false,dev
JOB-DATA-0002-SKILL-013,JOB-DATA-0002,SKILL-013,61,0.071429,required,1.1.0,synthetic,true,SRC-SYNTH,2026-09-05T00:00:00+08:00,0.88,synthetic,not_applicable,,team_generated,false,dev
JOB-DATA-0002-SKILL-014,JOB-DATA-0002,SKILL-014,61,0.071429,required,1.1.0,synthetic,true,SRC-SYNTH,2026-09-05T00:00:00+08:00,0.88,synthetic,not_applicable,,team_generated,false,dev
JOB-DATA-0002-SKILL-015,JOB-DATA-0002,SKILL-015,60,0.071429,required,1.1.0,synthetic,true,SRC-SYNTH,2026-09-05T00:00:00+08:00,0.88,synthetic,not_applicable,,team_generated,false,dev
JOB-DATA-0002-SKILL-016,JOB-DATA-0002,SKILL-016,60,0.071429,required,1.1.0,synthetic,true,SRC-SYNTH,2026-09-05T00:00:00+08:00,0.88,synthetic,not_applicable,,team_generated,false,dev
JOB-DATA-0002-SKILL-040,JOB-DATA-0002,SKILL-040,59,0.071429,required,1.1.0,synthetic,true,SRC-SYNTH,2026-09-05T00:00:00+08:00,0.88,synthetic,not_applicable,,team_generated,false,dev
JOB-DATA-0002-SKILL-041,JOB-DATA-0002,SKILL-041,54,0.071429,required,1.1.0,synthetic,true,SRC-SYNTH,2026-09-05T00:00:00+08:00,0.88,synthetic,not_applicable,,team_generated,false,dev
JOB-DATA-0002-SKILL-043,JOB-DATA-0002,SKILL-043,54,0.071429,required,1.1.0,synthetic,true,SRC-SYNTH,2026-09-05T00:00:00+08:00,0.88,synthetic,not_applicable,,team_generated,false,dev
JOB-DATA-0002-SKILL-044,JOB-DATA-0002,SKILL-044,53,0.071429,preferred,1.1.0,synthetic,true,SRC-SYNTH,2026-09-05T00:00:00+08:00,0.88,synthetic,not_applicable,,team_generated,false,dev
JOB-DATA-0002-SKILL-045,JOB-DATA-0002,SKILL-045,53,0.071429,preferred,1.1.0,synthetic,true,SRC-SYNTH,2026-09-05T00:00:00+08:00,0.88,synthetic,not_applicable,,team_generated,false,dev
JOB-DATA-0002-SKILL-046,JOB-DATA-0002,SKILL-046,52,0.071429,preferred,1.1.0,synthetic,true,SRC-SYNTH,2026-09-05T00:00:00+08:00,0.88,synthetic,not_applicable,,team_generated,false,dev
JOB-DATA-0002-SKILL-048,JOB-DATA-0002,SKILL-048,47,0.071423,preferred,1.1.0,synthetic,true,SRC-SYNTH,2026-09-05T00:00:00+08:00,0.88,synthetic,not_applicable,,team_generated,false,dev
JOB-DATA-0003-SKILL-011,JOB-DATA-0003,SKILL-011,67,0.066667,required,1.1.0,synthetic,true,SRC-SYNTH,2026-09-05T00:00:00+08:00,0.88,synthetic,not_applicable,,team_generated,false,dev
JOB-DATA-0003-SKILL-012,JOB-DATA-0003,SKILL-012,66,0.066667,required,1.1.0,synthetic,true,SRC-SYNTH,2026-09-05T00:00:00+08:00,0.88,synthetic,not_applicable,,team_generated,false,dev
JOB-DATA-0003-SKILL-013,JOB-DATA-0003,SKILL-013,61,0.066667,required,1.1.0,synthetic,true,SRC-SYNTH,2026-09-05T00:00:00+08:00,0.88,synthetic,not_applicable,,team_generated,false,dev
JOB-DATA-0003-SKILL-014,JOB-DATA-0003,SKILL-014,61,0.066667,required,1.1.0,synthetic,true,SRC-SYNTH,2026-09-05T00:00:00+08:00,0.88,synthetic,not_applicable,,team_generated,false,dev
JOB-DATA-0003-SKILL-015,JOB-DATA-0003,SKILL-015,60,0.066667,required,1.1.0,synthetic,true,SRC-SYNTH,2026-09-05T00:00:00+08:00,0.88,synthetic,not_applicable,,team_generated,false,dev
JOB-DATA-0003-SKILL-016,JOB-DATA-0003,SKILL-016,60,0.066667,required,1.1.0,synthetic,true,SRC-SYNTH,2026-09-05T00:00:00+08:00,0.88,synthetic,not_applicable,,team_generated,false,dev
JOB-DATA-0003-SKILL-040,JOB-DATA-0003,SKILL-040,59,0.066667,required,1.1.0,synthetic,true,SRC-SYNTH,2026-09-05T00:00:00+08:00,0.88,synthetic,not_applicable,,team_generated,false,dev
JOB-DATA-0003-SKILL-041,JOB-DATA-0003,SKILL-041,54,0.066667,required,1.1.0,synthetic,true,SRC-SYNTH,2026-09-05T00:00:00+08:00,0.88,synthetic,not_applicable,,team_generated,false,dev
JOB-DATA-0003-SKILL-043,JOB-DATA-0003,SKILL-043,54,0.066667,required,1.1.0,synthetic,true,SRC-SYNTH,2026-09-05T00:00:00+08:00,0.88,synthetic,not_applicable,,team_generated,false,dev
JOB-DATA-0003-SKILL-044,JOB-DATA-0003,SKILL-044,53,0.066667,required,1.1.0,synthetic,true,SRC-SYNTH,2026-09-05T00:00:00+08:00,0.88,synthetic,not_applicable,,team_generated,false,dev
JOB-DATA-0003-SKILL-045,JOB-DATA-0003,SKILL-045,53,0.066667,preferred,1.1.0,synthetic,true,SRC-SYNTH,2026-09-05T00:00:00+08:00,0.88,synthetic,not_applicable,,team_generated,false,dev
JOB-DATA-0003-SKILL-046,JOB-DATA-0003,SKILL-046,52,0.066667,preferred,1.1.0,synthetic,true,SRC-SYNTH,2026-09-05T00:00:00+08:00,0.88,synthetic,not_applicable,,team_generated,false,dev
JOB-DATA-0003-SKILL-048,JOB-DATA-0003,SKILL-048,47,0.066667,preferred,1.1.0,synthetic,true,SRC-SYNTH,2026-09-05T00:00:00+08:00,0.88,synthetic,not_applicable,,team_generated,false,dev
JOB-DATA-0003-SKILL-049,JOB-DATA-0003,SKILL-049,47,0.066667,preferred,1.1.0,synthetic,true,SRC-SYNTH,2026-09-05T00:00:00+08:00,0.88,synthetic,not_applicable,,team_generated,false,dev
JOB-DATA-0003-SKILL-054,JOB-DATA-0003,SKILL-054,47,0.066662,preferred,1.1.0,synthetic,true,SRC-SYNTH,2026-09-05T00:00:00+08:00,0.88,synthetic,not_applicable,,team_generated,false,dev
JOB-DATA-0004-SKILL-012,JOB-DATA-0004,SKILL-012,66,0.0625,required,1.1.0,synthetic,true,SRC-SYNTH,2026-09-05T00:00:00+08:00,0.88,synthetic,not_applicable,,team_generated,false,dev
JOB-DATA-0004-SKILL-013,JOB-DATA-0004,SKILL-013,61,0.0625,required,1.1.0,synthetic,true,SRC-SYNTH,2026-09-05T00:00:00+08:00,0.88,synthetic,not_applicable,,team_generated,false,dev
JOB-DATA-0004-SKILL-014,JOB-DATA-0004,SKILL-014,61,0.0625,required,1.1.0,synthetic,true,SRC-SYNTH,2026-09-05T00:00:00+08:00,0.88,synthetic,not_applicable,,team_generated,false,dev
JOB-DATA-0004-SKILL-015,JOB-DATA-0004,SKILL-015,60,0.0625,required,1.1.0,synthetic,true,SRC-SYNTH,2026-09-05T00:00:00+08:00,0.88,synthetic,not_applicable,,team_generated,false,dev
JOB-DATA-0004-SKILL-016,JOB-DATA-0004,SKILL-016,60,0.0625,required,1.1.0,synthetic,true,SRC-SYNTH,2026-09-05T00:00:00+08:00,0.88,synthetic,not_applicable,,team_generated,false,dev
JOB-DATA-0004-SKILL-040,JOB-DATA-0004,SKILL-040,59,0.0625,required,1.1.0,synthetic,true,SRC-SYNTH,2026-09-05T00:00:00+08:00,0.88,synthetic,not_applicable,,team_generated,false,dev
JOB-DATA-0004-SKILL-041,JOB-DATA-0004,SKILL-041,54,0.0625,required,1.1.0,synthetic,true,SRC-SYNTH,2026-09-05T00:00:00+08:00,0.88,synthetic,not_applicable,,team_generated,false,dev
JOB-DATA-0004-SKILL-043,JOB-DATA-0004,SKILL-043,54,0.0625,required,1.1.0,synthetic,true,SRC-SYNTH,2026-09-05T00:00:00+08:00,0.88,synthetic,not_applicable,,team_generated,false,dev
JOB-DATA-0004-SKILL-044,JOB-DATA-0004,SKILL-044,53,0.0625,required,1.1.0,synthetic,true,SRC-SYNTH,2026-09-05T00:00:00+08:00,0.88,synthetic,not_applicable,,team_generated,false,dev
JOB-DATA-0004-SKILL-045,JOB-DATA-0004,SKILL-045,53,0.0625,required,1.1.0,synthetic,true,SRC-SYNTH,2026-09-05T00:00:00+08:00,0.88,synthetic,not_applicable,,team_generated,false,dev
JOB-DATA-0004-SKILL-046,JOB-DATA-0004,SKILL-046,52,0.0625,required,1.1.0,synthetic,true,SRC-SYNTH,2026-09-05T00:00:00+08:00,0.88,synthetic,not_applicable,,team_generated,false,dev
JOB-DATA-0004-SKILL-048,JOB-DATA-0004,SKILL-048,47,0.0625,preferred,1.1.0,synthetic,true,SRC-SYNTH,2026-09-05T00:00:00+08:00,0.88,synthetic,not_applicable,,team_generated,false,dev
JOB-DATA-0004-SKILL-049,JOB-DATA-0004,SKILL-049,47,0.0625,preferred,1.1.0,synthetic,true,SRC-SYNTH,2026-09-05T00:00:00+08:00,0.88,synthetic,not_applicable,,team_generated,false,dev
JOB-DATA-0004-SKILL-054,JOB-DATA-0004,SKILL-054,47,0.0625,preferred,1.1.0,synthetic,true,SRC-SYNTH,2026-09-05T00:00:00+08:00,0.88,synthetic,not_applicable,,team_generated,false,dev
JOB-DATA-0004-SKILL-001,JOB-DATA-0004,SKILL-001,71,0.0625,preferred,1.1.0,synthetic,true,SRC-SYNTH,2026-09-05T00:00:00+08:00,0.88,synthetic,not_applicable,,team_generated,false,dev
JOB-DATA-0004-SKILL-009,JOB-DATA-0004,SKILL-009,71,0.0625,preferred,1.1.0,synthetic,true,SRC-SYNTH,2026-09-05T00:00:00+08:00,0.88,synthetic,not_applicable,,team_generated,false,dev
JOB-DATA-0005-SKILL-013,JOB-DATA-0005,SKILL-013,61,0.058824,required,1.1.0,synthetic,true,SRC-SYNTH,2026-09-05T00:00:00+08:00,0.88,synthetic,not_applicable,,team_generated,false,dev
JOB-DATA-0005-SKILL-014,JOB-DATA-0005,SKILL-014,61,0.058824,required,1.1.0,synthetic,true,SRC-SYNTH,2026-09-05T00:00:00+08:00,0.88,synthetic,not_applicable,,team_generated,false,dev
JOB-DATA-0005-SKILL-015,JOB-DATA-0005,SKILL-015,60,0.058824,required,1.1.0,synthetic,true,SRC-SYNTH,2026-09-05T00:00:00+08:00,0.88,synthetic,not_applicable,,team_generated,false,dev
JOB-DATA-0005-SKILL-016,JOB-DATA-0005,SKILL-016,60,0.058824,required,1.1.0,synthetic,true,SRC-SYNTH,2026-09-05T00:00:00+08:00,0.88,synthetic,not_applicable,,team_generated,false,dev
JOB-DATA-0005-SKILL-040,JOB-DATA-0005,SKILL-040,59,0.058824,required,1.1.0,synthetic,true,SRC-SYNTH,2026-09-05T00:00:00+08:00,0.88,synthetic,not_applicable,,team_generated,false,dev
JOB-DATA-0005-SKILL-041,JOB-DATA-0005,SKILL-041,54,0.058824,required,1.1.0,synthetic,true,SRC-SYNTH,2026-09-05T00:00:00+08:00,0.88,synthetic,not_applicable,,team_generated,false,dev
JOB-DATA-0005-SKILL-043,JOB-DATA-0005,SKILL-043,54,0.058824,required,1.1.0,synthetic,true,SRC-SYNTH,2026-09-05T00:00:00+08:00,0.88,synthetic,not_applicable,,team_generated,false,dev
JOB-DATA-0005-SKILL-044,JOB-DATA-0005,SKILL-044,53,0.058824,required,1.1.0,synthetic,true,SRC-SYNTH,2026-09-05T00:00:00+08:00,0.88,synthetic,not_applicable,,team_generated,false,dev
JOB-DATA-0005-SKILL-045,JOB-DATA-0005,SKILL-045,53,0.058824,required,1.1.0,synthetic,true,SRC-SYNTH,2026-09-05T00:00:00+08:00,0.88,synthetic,not_applicable,,team_generated,false,dev
JOB-DATA-0005-SKILL-046,JOB-DATA-0005,SKILL-046,52,0.058824,required,1.1.0,synthetic,true,SRC-SYNTH,2026-09-05T00:00:00+08:00,0.88,synthetic,not_applicable,,team_generated,false,dev
JOB-DATA-0005-SKILL-048,JOB-DATA-0005,SKILL-048,47,0.058824,required,1.1.0,synthetic,true,SRC-SYNTH,2026-09-05T00:00:00+08:00,0.88,synthetic,not_applicable,,team_generated,false,dev
JOB-DATA-0005-SKILL-049,JOB-DATA-0005,SKILL-049,47,0.058824,required,1.1.0,synthetic,true,SRC-SYNTH,2026-09-05T00:00:00+08:00,0.88,synthetic,not_applicable,,team_generated,false,dev
JOB-DATA-0005-SKILL-054,JOB-DATA-0005,SKILL-054,47,0.058824,preferred,1.1.0,synthetic,true,SRC-SYNTH,2026-09-05T00:00:00+08:00,0.88,synthetic,not_applicable,,team_generated,false,dev
JOB-DATA-0005-SKILL-001,JOB-DATA-0005,SKILL-001,71,0.058824,preferred,1.1.0,synthetic,true,SRC-SYNTH,2026-09-05T00:00:00+08:00,0.88,synthetic,not_applicable,,team_generated,false,dev
JOB-DATA-0005-SKILL-009,JOB-DATA-0005,SKILL-009,71,0.058824,preferred,1.1.0,synthetic,true,SRC-SYNTH,2026-09-05T00:00:00+08:00,0.88,synthetic,not_applicable,,team_generated,false,dev
JOB-DATA-0005-SKILL-010,JOB-DATA-0005,SKILL-010,65,0.058824,preferred,1.1.0,synthetic,true,SRC-SYNTH,2026-09-05T00:00:00+08:00,0.88,synthetic,not_applicable,,team_generated,false,dev
JOB-DATA-0005-SKILL-011,JOB-DATA-0005,SKILL-011,65,0.058816,preferred,1.1.0,synthetic,true,SRC-SYNTH,2026-09-05T00:00:00+08:00,0.88,synthetic,not_applicable,,team_generated,false,dev
JOB-DATA-0006-SKILL-014,JOB-DATA-0006,SKILL-014,61,0.055556,required,1.1.0,synthetic,true,SRC-SYNTH,2026-09-05T00:00:00+08:00,0.88,synthetic,not_applicable,,team_generated,false,dev
JOB-DATA-0006-SKILL-015,JOB-DATA-0006,SKILL-015,60,0.055556,required,1.1.0,synthetic,true,SRC-SYNTH,2026-09-05T00:00:00+08:00,0.88,synthetic,not_applicable,,team_generated,false,dev
JOB-DATA-0006-SKILL-016,JOB-DATA-0006,SKILL-016,60,0.055556,required,1.1.0,synthetic,true,SRC-SYNTH,2026-09-05T00:00:00+08:00,0.88,synthetic,not_applicable,,team_generated,false,dev
JOB-DATA-0006-SKILL-040,JOB-DATA-0006,SKILL-040,59,0.055556,required,1.1.0,synthetic,true,SRC-SYNTH,2026-09-05T00:00:00+08:00,0.88,synthetic,not_applicable,,team_generated,false,dev
JOB-DATA-0006-SKILL-041,JOB-DATA-0006,SKILL-041,54,0.055556,required,1.1.0,synthetic,true,SRC-SYNTH,2026-09-05T00:00:00+08:00,0.88,synthetic,not_applicable,,team_generated,false,dev
JOB-DATA-0006-SKILL-043,JOB-DATA-0006,SKILL-043,54,0.055556,required,1.1.0,synthetic,true,SRC-SYNTH,2026-09-05T00:00:00+08:00,0.88,synthetic,not_applicable,,team_generated,false,dev
JOB-DATA-0006-SKILL-044,JOB-DATA-0006,SKILL-044,53,0.055556,required,1.1.0,synthetic,true,SRC-SYNTH,2026-09-05T00:00:00+08:00,0.88,synthetic,not_applicable,,team_generated,false,dev
JOB-DATA-0006-SKILL-045,JOB-DATA-0006,SKILL-045,53,0.055556,required,1.1.0,synthetic,true,SRC-SYNTH,2026-09-05T00:00:00+08:00,0.88,synthetic,not_applicable,,team_generated,false,dev
JOB-DATA-0006-SKILL-046,JOB-DATA-0006,SKILL-046,52,0.055556,required,1.1.0,synthetic,true,SRC-SYNTH,2026-09-05T00:00:00+08:00,0.88,synthetic,not_applicable,,team_generated,false,dev
JOB-DATA-0006-SKILL-048,JOB-DATA-0006,SKILL-048,47,0.055556,required,1.1.0,synthetic,true,SRC-SYNTH,2026-09-05T00:00:00+08:00,0.88,synthetic,not_applicable,,team_generated,false,dev
JOB-DATA-0006-SKILL-049,JOB-DATA-0006,SKILL-049,47,0.055556,required,1.1.0,synthetic,true,SRC-SYNTH,2026-09-05T00:00:00+08:00,0.88,synthetic,not_applicable,,team_generated,false,dev
JOB-DATA-0006-SKILL-054,JOB-DATA-0006,SKILL-054,47,0.055556,required,1.1.0,synthetic,true,SRC-SYNTH,2026-09-05T00:00:00+08:00,0.88,synthetic,not_applicable,,team_generated,false,dev
JOB-DATA-0006-SKILL-001,JOB-DATA-0006,SKILL-001,71,0.055556,preferred,1.1.0,synthetic,true,SRC-SYNTH,2026-09-05T00:00:00+08:00,0.88,synthetic,not_applicable,,team_generated,false,dev
JOB-DATA-0006-SKILL-009,JOB-DATA-0006,SKILL-009,71,0.055556,preferred,1.1.0,synthetic,true,SRC-SYNTH,2026-09-05T00:00:00+08:00,0.88,synthetic,not_applicable,,team_generated,false,dev
JOB-DATA-0006-SKILL-010,JOB-DATA-0006,SKILL-010,65,0.055556,preferred,1.1.0,synthetic,true,SRC-SYNTH,2026-09-05T00:00:00+08:00,0.88,synthetic,not_applicable,,team_generated,false,dev
JOB-DATA-0006-SKILL-011,JOB-DATA-0006,SKILL-011,65,0.055556,preferred,1.1.0,synthetic,true,SRC-SYNTH,2026-09-05T00:00:00+08:00,0.88,synthetic,not_applicable,,team_generated,false,dev
JOB-DATA-0006-SKILL-012,JOB-DATA-0006,SKILL-012,64,0.055556,preferred,1.1.0,synthetic,true,SRC-SYNTH,2026-09-05T00:00:00+08:00,0.88,synthetic,not_applicable,,team_generated,false,dev
JOB-DATA-0006-SKILL-013,JOB-DATA-0006,SKILL-013,64,0.055548,preferred,1.1.0,synthetic,true,SRC-SYNTH,2026-09-05T00:00:00+08:00,0.88,synthetic,not_applicable,,team_generated,false,dev
JOB-DATA-0007-SKILL-015,JOB-DATA-0007,SKILL-015,60,0.083333,required,1.1.0,synthetic,true,SRC-SYNTH,2026-09-05T00:00:00+08:00,0.88,synthetic,not_applicable,,team_generated,false,dev
JOB-DATA-0007-SKILL-016,JOB-DATA-0007,SKILL-016,60,0.083333,required,1.1.0,synthetic,true,SRC-SYNTH,2026-09-05T00:00:00+08:00,0.88,synthetic,not_applicable,,team_generated,false,dev
JOB-DATA-0007-SKILL-040,JOB-DATA-0007,SKILL-040,59,0.083333,required,1.1.0,synthetic,true,SRC-SYNTH,2026-09-05T00:00:00+08:00,0.88,synthetic,not_applicable,,team_generated,false,dev
JOB-DATA-0007-SKILL-041,JOB-DATA-0007,SKILL-041,54,0.083333,required,1.1.0,synthetic,true,SRC-SYNTH,2026-09-05T00:00:00+08:00,0.88,synthetic,not_applicable,,team_generated,false,dev
JOB-DATA-0007-SKILL-043,JOB-DATA-0007,SKILL-043,54,0.083333,required,1.1.0,synthetic,true,SRC-SYNTH,2026-09-05T00:00:00+08:00,0.88,synthetic,not_applicable,,team_generated,false,dev
JOB-DATA-0007-SKILL-044,JOB-DATA-0007,SKILL-044,53,0.083333,required,1.1.0,synthetic,true,SRC-SYNTH,2026-09-05T00:00:00+08:00,0.88,synthetic,not_applicable,,team_generated,false,dev
JOB-DATA-0007-SKILL-045,JOB-DATA-0007,SKILL-045,53,0.083333,required,1.1.0,synthetic,true,SRC-SYNTH,2026-09-05T00:00:00+08:00,0.88,synthetic,not_applicable,,team_generated,false,dev
JOB-DATA-0007-SKILL-046,JOB-DATA-0007,SKILL-046,52,0.083333,required,1.1.0,synthetic,true,SRC-SYNTH,2026-09-05T00:00:00+08:00,0.88,synthetic,not_applicable,,team_generated,false,dev
JOB-DATA-0007-SKILL-048,JOB-DATA-0007,SKILL-048,47,0.083333,preferred,1.1.0,synthetic,true,SRC-SYNTH,2026-09-05T00:00:00+08:00,0.88,synthetic,not_applicable,,team_generated,false,dev
JOB-DATA-0007-SKILL-049,JOB-DATA-0007,SKILL-049,47,0.083333,preferred,1.1.0,synthetic,true,SRC-SYNTH,2026-09-05T00:00:00+08:00,0.88,synthetic,not_applicable,,team_generated,false,dev
JOB-DATA-0007-SKILL-054,JOB-DATA-0007,SKILL-054,47,0.083333,preferred,1.1.0,synthetic,true,SRC-SYNTH,2026-09-05T00:00:00+08:00,0.88,synthetic,not_applicable,,team_generated,false,dev
JOB-DATA-0007-SKILL-001,JOB-DATA-0007,SKILL-001,71,0.083337,preferred,1.1.0,synthetic,true,SRC-SYNTH,2026-09-05T00:00:00+08:00,0.88,synthetic,not_applicable,,team_generated,false,dev
JOB-DATA-0008-SKILL-016,JOB-DATA-0008,SKILL-016,60,0.076923,required,1.1.0,synthetic,true,SRC-SYNTH,2026-09-05T00:00:00+08:00,0.88,synthetic,not_applicable,,team_generated,false,dev
JOB-DATA-0008-SKILL-040,JOB-DATA-0008,SKILL-040,59,0.076923,required,1.1.0,synthetic,true,SRC-SYNTH,2026-09-05T00:00:00+08:00,0.88,synthetic,not_applicable,,team_generated,false,dev
JOB-DATA-0008-SKILL-041,JOB-DATA-0008,SKILL-041,54,0.076923,required,1.1.0,synthetic,true,SRC-SYNTH,2026-09-05T00:00:00+08:00,0.88,synthetic,not_applicable,,team_generated,false,dev
JOB-DATA-0008-SKILL-043,JOB-DATA-0008,SKILL-043,54,0.076923,required,1.1.0,synthetic,true,SRC-SYNTH,2026-09-05T00:00:00+08:00,0.88,synthetic,not_applicable,,team_generated,false,dev
JOB-DATA-0008-SKILL-044,JOB-DATA-0008,SKILL-044,53,0.076923,required,1.1.0,synthetic,true,SRC-SYNTH,2026-09-05T00:00:00+08:00,0.88,synthetic,not_applicable,,team_generated,false,dev
JOB-DATA-0008-SKILL-045,JOB-DATA-0008,SKILL-045,53,0.076923,required,1.1.0,synthetic,true,SRC-SYNTH,2026-09-05T00:00:00+08:00,0.88,synthetic,not_applicable,,team_generated,false,dev
JOB-DATA-0008-SKILL-046,JOB-DATA-0008,SKILL-046,52,0.076923,required,1.1.0,synthetic,true,SRC-SYNTH,2026-09-05T00:00:00+08:00,0.88,synthetic,not_applicable,,team_generated,false,dev
JOB-DATA-0008-SKILL-048,JOB-DATA-0008,SKILL-048,47,0.076923,required,1.1.0,synthetic,true,SRC-SYNTH,2026-09-05T00:00:00+08:00,0.88,synthetic,not_applicable,,team_generated,false,dev
JOB-DATA-0008-SKILL-049,JOB-DATA-0008,SKILL-049,47,0.076923,required,1.1.0,synthetic,true,SRC-SYNTH,2026-09-05T00:00:00+08:00,0.88,synthetic,not_applicable,,team_generated,false,dev
JOB-DATA-0008-SKILL-054,JOB-DATA-0008,SKILL-054,47,0.076923,preferred,1.1.0,synthetic,true,SRC-SYNTH,2026-09-05T00:00:00+08:00,0.88,synthetic,not_applicable,,team_generated,false,dev
JOB-DATA-0008-SKILL-001,JOB-DATA-0008,SKILL-001,71,0.076923,preferred,1.1.0,synthetic,true,SRC-SYNTH,2026-09-05T00:00:00+08:00,0.88,synthetic,not_applicable,,team_generated,false,dev
JOB-DATA-0008-SKILL-009,JOB-DATA-0008,SKILL-009,71,0.076923,preferred,1.1.0,synthetic,true,SRC-SYNTH,2026-09-05T00:00:00+08:00,0.88,synthetic,not_applicable,,team_generated,false,dev
JOB-DATA-0008-SKILL-010,JOB-DATA-0008,SKILL-010,65,0.076924,preferred,1.1.0,synthetic,true,SRC-SYNTH,2026-09-05T00:00:00+08:00,0.88,synthetic,not_applicable,,team_generated,false,dev
JOB-DATA-0009-SKILL-040,JOB-DATA-0009,SKILL-040,59,0.071429,required,1.1.0,synthetic,true,SRC-SYNTH,2026-09-05T00:00:00+08:00,0.88,synthetic,not_applicable,,team_generated,false,dev
JOB-DATA-0009-SKILL-041,JOB-DATA-0009,SKILL-041,54,0.071429,required,1.1.0,synthetic,true,SRC-SYNTH,2026-09-05T00:00:00+08:00,0.88,synthetic,not_applicable,,team_generated,false,dev
JOB-DATA-0009-SKILL-043,JOB-DATA-0009,SKILL-043,54,0.071429,required,1.1.0,synthetic,true,SRC-SYNTH,2026-09-05T00:00:00+08:00,0.88,synthetic,not_applicable,,team_generated,false,dev
JOB-DATA-0009-SKILL-044,JOB-DATA-0009,SKILL-044,53,0.071429,required,1.1.0,synthetic,true,SRC-SYNTH,2026-09-05T00:00:00+08:00,0.88,synthetic,not_applicable,,team_generated,false,dev
JOB-DATA-0009-SKILL-045,JOB-DATA-0009,SKILL-045,53,0.071429,required,1.1.0,synthetic,true,SRC-SYNTH,2026-09-05T00:00:00+08:00,0.88,synthetic,not_applicable,,team_generated,false,dev
JOB-DATA-0009-SKILL-046,JOB-DATA-0009,SKILL-046,52,0.071429,required,1.1.0,synthetic,true,SRC-SYNTH,2026-09-05T00:00:00+08:00,0.88,synthetic,not_applicable,,team_generated,false,dev
JOB-DATA-0009-SKILL-048,JOB-DATA-0009,SKILL-048,47,0.071429,required,1.1.0,synthetic,true,SRC-SYNTH,2026-09-05T00:00:00+08:00,0.88,synthetic,not_applicable,,team_generated,false,dev
JOB-DATA-0009-SKILL-049,JOB-DATA-0009,SKILL-049,47,0.071429,required,1.1.0,synthetic,true,SRC-SYNTH,2026-09-05T00:00:00+08:00,0.88,synthetic,not_applicable,,team_generated,false,dev
JOB-DATA-0009-SKILL-054,JOB-DATA-0009,SKILL-054,47,0.071429,required,1.1.0,synthetic,true,SRC-SYNTH,2026-09-05T00:00:00+08:00,0.88,synthetic,not_applicable,,team_generated,false,dev
JOB-DATA-0009-SKILL-001,JOB-DATA-0009,SKILL-001,71,0.071429,required,1.1.0,synthetic,true,SRC-SYNTH,2026-09-05T00:00:00+08:00,0.88,synthetic,not_applicable,,team_generated,false,dev
JOB-DATA-0009-SKILL-009,JOB-DATA-0009,SKILL-009,71,0.071429,preferred,1.1.0,synthetic,true,SRC-SYNTH,2026-09-05T00:00:00+08:00,0.88,synthetic,not_applicable,,team_generated,false,dev
JOB-DATA-0009-SKILL-010,JOB-DATA-0009,SKILL-010,65,0.071429,preferred,1.1.0,synthetic,true,SRC-SYNTH,2026-09-05T00:00:00+08:00,0.88,synthetic,not_applicable,,team_generated,false,dev
JOB-DATA-0009-SKILL-011,JOB-DATA-0009,SKILL-011,65,0.071429,preferred,1.1.0,synthetic,true,SRC-SYNTH,2026-09-05T00:00:00+08:00,0.88,synthetic,not_applicable,,team_generated,false,dev
JOB-DATA-0009-SKILL-012,JOB-DATA-0009,SKILL-012,64,0.071423,preferred,1.1.0,synthetic,true,SRC-SYNTH,2026-09-05T00:00:00+08:00,0.88,synthetic,not_applicable,,team_generated,false,dev
JOB-DATA-0010-SKILL-041,JOB-DATA-0010,SKILL-041,54,0.066667,required,1.1.0,synthetic,true,SRC-SYNTH,2026-09-05T00:00:00+08:00,0.88,synthetic,not_applicable,,team_generated,false,dev
JOB-DATA-0010-SKILL-043,JOB-DATA-0010,SKILL-043,54,0.066667,required,1.1.0,synthetic,true,SRC-SYNTH,2026-09-05T00:00:00+08:00,0.88,synthetic,not_applicable,,team_generated,false,dev
JOB-DATA-0010-SKILL-044,JOB-DATA-0010,SKILL-044,53,0.066667,required,1.1.0,synthetic,true,SRC-SYNTH,2026-09-05T00:00:00+08:00,0.88,synthetic,not_applicable,,team_generated,false,dev
JOB-DATA-0010-SKILL-045,JOB-DATA-0010,SKILL-045,53,0.066667,required,1.1.0,synthetic,true,SRC-SYNTH,2026-09-05T00:00:00+08:00,0.88,synthetic,not_applicable,,team_generated,false,dev
JOB-DATA-0010-SKILL-046,JOB-DATA-0010,SKILL-046,52,0.066667,required,1.1.0,synthetic,true,SRC-SYNTH,2026-09-05T00:00:00+08:00,0.88,synthetic,not_applicable,,team_generated,false,dev
JOB-DATA-0010-SKILL-048,JOB-DATA-0010,SKILL-048,47,0.066667,required,1.1.0,synthetic,true,SRC-SYNTH,2026-09-05T00:00:00+08:00,0.88,synthetic,not_applicable,,team_generated,false,dev
JOB-DATA-0010-SKILL-049,JOB-DATA-0010,SKILL-049,47,0.066667,required,1.1.0,synthetic,true,SRC-SYNTH,2026-09-05T00:00:00+08:00,0.88,synthetic,not_applicable,,team_generated,false,dev
JOB-DATA-0010-SKILL-054,JOB-DATA-0010,SKILL-054,47,0.066667,required,1.1.0,synthetic,true,SRC-SYNTH,2026-09-05T00:00:00+08:00,0.88,synthetic,not_applicable,,team_generated,false,dev
JOB-DATA-0010-SKILL-001,JOB-DATA-0010,SKILL-001,71,0.066667,required,1.1.0,synthetic,true,SRC-SYNTH,2026-09-05T00:00:00+08:00,0.88,synthetic,not_applicable,,team_generated,false,dev
JOB-DATA-0010-SKILL-009,JOB-DATA-0010,SKILL-009,71,0.066667,required,1.1.0,synthetic,true,SRC-SYNTH,2026-09-05T00:00:00+08:00,0.88,synthetic,not_applicable,,team_generated,false,dev
JOB-DATA-0010-SKILL-010,JOB-DATA-0010,SKILL-010,65,0.066667,preferred,1.1.0,synthetic,true,SRC-SYNTH,2026-09-05T00:00:00+08:00,0.88,synthetic,not_applicable,,team_generated,false,dev
JOB-DATA-0010-SKILL-011,JOB-DATA-0010,SKILL-011,65,0.066667,preferred,1.1.0,synthetic,true,SRC-SYNTH,2026-09-05T00:00:00+08:00,0.88,synthetic,not_applicable,,team_generated,false,dev
JOB-DATA-0010-SKILL-012,JOB-DATA-0010,SKILL-012,64,0.066667,preferred,1.1.0,synthetic,true,SRC-SYNTH,2026-09-05T00:00:00+08:00,0.88,synthetic,not_applicable,,team_generated,false,dev
JOB-DATA-0010-SKILL-013,JOB-DATA-0010,SKILL-013,64,0.066667,preferred,1.1.0,synthetic,true,SRC-SYNTH,2026-09-05T00:00:00+08:00,0.88,synthetic,not_applicable,,team_generated,false,dev
JOB-DATA-0010-SKILL-014,JOB-DATA-0010,SKILL-014,64,0.066662,preferred,1.1.0,synthetic,true,SRC-SYNTH,2026-09-05T00:00:00+08:00,0.88,synthetic,not_applicable,,team_generated,false,dev
JOB-DATA-0011-SKILL-043,JOB-DATA-0011,SKILL-043,54,0.0625,required,1.1.0,synthetic,true,SRC-SYNTH,2026-09-05T00:00:00+08:00,0.88,synthetic,not_applicable,,team_generated,false,dev
JOB-DATA-0011-SKILL-044,JOB-DATA-0011,SKILL-044,53,0.0625,required,1.1.0,synthetic,true,SRC-SYNTH,2026-09-05T00:00:00+08:00,0.88,synthetic,not_applicable,,team_generated,false,dev
JOB-DATA-0011-SKILL-045,JOB-DATA-0011,SKILL-045,53,0.0625,required,1.1.0,synthetic,true,SRC-SYNTH,2026-09-05T00:00:00+08:00,0.88,synthetic,not_applicable,,team_generated,false,dev
JOB-DATA-0011-SKILL-046,JOB-DATA-0011,SKILL-046,52,0.0625,required,1.1.0,synthetic,true,SRC-SYNTH,2026-09-05T00:00:00+08:00,0.88,synthetic,not_applicable,,team_generated,false,dev
JOB-DATA-0011-SKILL-048,JOB-DATA-0011,SKILL-048,47,0.0625,required,1.1.0,synthetic,true,SRC-SYNTH,2026-09-05T00:00:00+08:00,0.88,synthetic,not_applicable,,team_generated,false,dev
JOB-DATA-0011-SKILL-049,JOB-DATA-0011,SKILL-049,47,0.0625,required,1.1.0,synthetic,true,SRC-SYNTH,2026-09-05T00:00:00+08:00,0.88,synthetic,not_applicable,,team_generated,false,dev
JOB-DATA-0011-SKILL-054,JOB-DATA-0011,SKILL-054,47,0.0625,required,1.1.0,synthetic,true,SRC-SYNTH,2026-09-05T00:00:00+08:00,0.88,synthetic,not_applicable,,team_generated,false,dev
JOB-DATA-0011-SKILL-001,JOB-DATA-0011,SKILL-001,71,0.0625,required,1.1.0,synthetic,true,SRC-SYNTH,2026-09-05T00:00:00+08:00,0.88,synthetic,not_applicable,,team_generated,false,dev
JOB-DATA-0011-SKILL-009,JOB-DATA-0011,SKILL-009,71,0.0625,required,1.1.0,synthetic,true,SRC-SYNTH,2026-09-05T00:00:00+08:00,0.88,synthetic,not_applicable,,team_generated,false,dev
JOB-DATA-0011-SKILL-010,JOB-DATA-0011,SKILL-010,65,0.0625,required,1.1.0,synthetic,true,SRC-SYNTH,2026-09-05T00:00:00+08:00,0.88,synthetic,not_applicable,,team_generated,false,dev
JOB-DATA-0011-SKILL-011,JOB-DATA-0011,SKILL-011,65,0.0625,required,1.1.0,synthetic,true,SRC-SYNTH,2026-09-05T00:00:00+08:00,0.88,synthetic,not_applicable,,team_generated,false,dev
JOB-DATA-0011-SKILL-012,JOB-DATA-0011,SKILL-012,64,0.0625,preferred,1.1.0,synthetic,true,SRC-SYNTH,2026-09-05T00:00:00+08:00,0.88,synthetic,not_applicable,,team_generated,false,dev
JOB-DATA-0011-SKILL-013,JOB-DATA-0011,SKILL-013,64,0.0625,preferred,1.1.0,synthetic,true,SRC-SYNTH,2026-09-05T00:00:00+08:00,0.88,synthetic,not_applicable,,team_generated,false,dev
JOB-DATA-0011-SKILL-014,JOB-DATA-0011,SKILL-014,64,0.0625,preferred,1.1.0,synthetic,true,SRC-SYNTH,2026-09-05T00:00:00+08:00,0.88,synthetic,not_applicable,,team_generated,false,dev
JOB-DATA-0011-SKILL-015,JOB-DATA-0011,SKILL-015,58,0.0625,preferred,1.1.0,synthetic,true,SRC-SYNTH,2026-09-05T00:00:00+08:00,0.88,synthetic,not_applicable,,team_generated,false,dev
JOB-DATA-0011-SKILL-016,JOB-DATA-0011,SKILL-016,58,0.0625,preferred,1.1.0,synthetic,true,SRC-SYNTH,2026-09-05T00:00:00+08:00,0.88,synthetic,not_applicable,,team_generated,false,dev
JOB-DATA-0012-SKILL-044,JOB-DATA-0012,SKILL-044,53,0.058824,required,1.1.0,synthetic,true,SRC-SYNTH,2026-09-05T00:00:00+08:00,0.88,synthetic,not_applicable,,team_generated,false,dev
JOB-DATA-0012-SKILL-045,JOB-DATA-0012,SKILL-045,53,0.058824,required,1.1.0,synthetic,true,SRC-SYNTH,2026-09-05T00:00:00+08:00,0.88,synthetic,not_applicable,,team_generated,false,dev
JOB-DATA-0012-SKILL-046,JOB-DATA-0012,SKILL-046,52,0.058824,required,1.1.0,synthetic,true,SRC-SYNTH,2026-09-05T00:00:00+08:00,0.88,synthetic,not_applicable,,team_generated,false,dev
JOB-DATA-0012-SKILL-048,JOB-DATA-0012,SKILL-048,47,0.058824,required,1.1.0,synthetic,true,SRC-SYNTH,2026-09-05T00:00:00+08:00,0.88,synthetic,not_applicable,,team_generated,false,dev
JOB-DATA-0012-SKILL-049,JOB-DATA-0012,SKILL-049,47,0.058824,required,1.1.0,synthetic,true,SRC-SYNTH,2026-09-05T00:00:00+08:00,0.88,synthetic,not_applicable,,team_generated,false,dev
JOB-DATA-0012-SKILL-054,JOB-DATA-0012,SKILL-054,47,0.058824,required,1.1.0,synthetic,true,SRC-SYNTH,2026-09-05T00:00:00+08:00,0.88,synthetic,not_applicable,,team_generated,false,dev
JOB-DATA-0012-SKILL-001,JOB-DATA-0012,SKILL-001,71,0.058824,required,1.1.0,synthetic,true,SRC-SYNTH,2026-09-05T00:00:00+08:00,0.88,synthetic,not_applicable,,team_generated,false,dev
JOB-DATA-0012-SKILL-009,JOB-DATA-0012,SKILL-009,71,0.058824,required,1.1.0,synthetic,true,SRC-SYNTH,2026-09-05T00:00:00+08:00,0.88,synthetic,not_applicable,,team_generated,false,dev
JOB-DATA-0012-SKILL-010,JOB-DATA-0012,SKILL-010,65,0.058824,required,1.1.0,synthetic,true,SRC-SYNTH,2026-09-05T00:00:00+08:00,0.88,synthetic,not_applicable,,team_generated,false,dev
JOB-DATA-0012-SKILL-011,JOB-DATA-0012,SKILL-011,65,0.058824,required,1.1.0,synthetic,true,SRC-SYNTH,2026-09-05T00:00:00+08:00,0.88,synthetic,not_applicable,,team_generated,false,dev
JOB-DATA-0012-SKILL-012,JOB-DATA-0012,SKILL-012,64,0.058824,required,1.1.0,synthetic,true,SRC-SYNTH,2026-09-05T00:00:00+08:00,0.88,synthetic,not_applicable,,team_generated,false,dev
JOB-DATA-0012-SKILL-013,JOB-DATA-0012,SKILL-013,64,0.058824,required,1.1.0,synthetic,true,SRC-SYNTH,2026-09-05T00:00:00+08:00,0.88,synthetic,not_applicable,,team_generated,false,dev
JOB-DATA-0012-SKILL-014,JOB-DATA-0012,SKILL-014,64,0.058824,preferred,1.1.0,synthetic,true,SRC-SYNTH,2026-09-05T00:00:00+08:00,0.88,synthetic,not_applicable,,team_generated,false,dev
JOB-DATA-0012-SKILL-015,JOB-DATA-0012,SKILL-015,58,0.058824,preferred,1.1.0,synthetic,true,SRC-SYNTH,2026-09-05T00:00:00+08:00,0.88,synthetic,not_applicable,,team_generated,false,dev
JOB-DATA-0012-SKILL-016,JOB-DATA-0012,SKILL-016,58,0.058824,preferred,1.1.0,synthetic,true,SRC-SYNTH,2026-09-05T00:00:00+08:00,0.88,synthetic,not_applicable,,team_generated,false,dev
JOB-DATA-0012-SKILL-040,JOB-DATA-0012,SKILL-040,57,0.058824,preferred,1.1.0,synthetic,true,SRC-SYNTH,2026-09-05T00:00:00+08:00,0.88,synthetic,not_applicable,,team_generated,false,dev
JOB-DATA-0012-SKILL-041,JOB-DATA-0012,SKILL-041,57,0.058816,preferred,1.1.0,synthetic,true,SRC-SYNTH,2026-09-05T00:00:00+08:00,0.88,synthetic,not_applicable,,team_generated,false,dev
JOB-DATA-0013-SKILL-045,JOB-DATA-0013,SKILL-045,53,0.055556,required,1.1.0,synthetic,true,SRC-SYNTH,2026-09-05T00:00:00+08:00,0.88,synthetic,not_applicable,,team_generated,false,dev
JOB-DATA-0013-SKILL-046,JOB-DATA-0013,SKILL-046,52,0.055556,required,1.1.0,synthetic,true,SRC-SYNTH,2026-09-05T00:00:00+08:00,0.88,synthetic,not_applicable,,team_generated,false,dev
JOB-DATA-0013-SKILL-048,JOB-DATA-0013,SKILL-048,47,0.055556,required,1.1.0,synthetic,true,SRC-SYNTH,2026-09-05T00:00:00+08:00,0.88,synthetic,not_applicable,,team_generated,false,dev
JOB-DATA-0013-SKILL-049,JOB-DATA-0013,SKILL-049,47,0.055556,required,1.1.0,synthetic,true,SRC-SYNTH,2026-09-05T00:00:00+08:00,0.88,synthetic,not_applicable,,team_generated,false,dev
JOB-DATA-0013-SKILL-054,JOB-DATA-0013,SKILL-054,47,0.055556,required,1.1.0,synthetic,true,SRC-SYNTH,2026-09-05T00:00:00+08:00,0.88,synthetic,not_applicable,,team_generated,false,dev
JOB-DATA-0013-SKILL-001,JOB-DATA-0013,SKILL-001,71,0.055556,required,1.1.0,synthetic,true,SRC-SYNTH,2026-09-05T00:00:00+08:00,0.88,synthetic,not_applicable,,team_generated,false,dev
JOB-DATA-0013-SKILL-009,JOB-DATA-0013,SKILL-009,71,0.055556,required,1.1.0,synthetic,true,SRC-SYNTH,2026-09-05T00:00:00+08:00,0.88,synthetic,not_applicable,,team_generated,false,dev
JOB-DATA-0013-SKILL-010,JOB-DATA-0013,SKILL-010,65,0.055556,required,1.1.0,synthetic,true,SRC-SYNTH,2026-09-05T00:00:00+08:00,0.88,synthetic,not_applicable,,team_generated,false,dev
JOB-DATA-0013-SKILL-011,JOB-DATA-0013,SKILL-011,65,0.055556,required,1.1.0,synthetic,true,SRC-SYNTH,2026-09-05T00:00:00+08:00,0.88,synthetic,not_applicable,,team_generated,false,dev
JOB-DATA-0013-SKILL-012,JOB-DATA-0013,SKILL-012,64,0.055556,required,1.1.0,synthetic,true,SRC-SYNTH,2026-09-05T00:00:00+08:00,0.88,synthetic,not_applicable,,team_generated,false,dev
JOB-DATA-0013-SKILL-013,JOB-DATA-0013,SKILL-013,64,0.055556,required,1.1.0,synthetic,true,SRC-SYNTH,2026-09-05T00:00:00+08:00,0.88,synthetic,not_applicable,,team_generated,false,dev
JOB-DATA-0013-SKILL-014,JOB-DATA-0013,SKILL-014,64,0.055556,required,1.1.0,synthetic,true,SRC-SYNTH,2026-09-05T00:00:00+08:00,0.88,synthetic,not_applicable,,team_generated,false,dev
JOB-DATA-0013-SKILL-015,JOB-DATA-0013,SKILL-015,58,0.055556,preferred,1.1.0,synthetic,true,SRC-SYNTH,2026-09-05T00:00:00+08:00,0.88,synthetic,not_applicable,,team_generated,false,dev
JOB-DATA-0013-SKILL-016,JOB-DATA-0013,SKILL-016,58,0.055556,preferred,1.1.0,synthetic,true,SRC-SYNTH,2026-09-05T00:00:00+08:00,0.88,synthetic,not_applicable,,team_generated,false,dev
JOB-DATA-0013-SKILL-040,JOB-DATA-0013,SKILL-040,57,0.055556,preferred,1.1.0,synthetic,true,SRC-SYNTH,2026-09-05T00:00:00+08:00,0.88,synthetic,not_applicable,,team_generated,false,dev
JOB-DATA-0013-SKILL-041,JOB-DATA-0013,SKILL-041,57,0.055556,preferred,1.1.0,synthetic,true,SRC-SYNTH,2026-09-05T00:00:00+08:00,0.88,synthetic,not_applicable,,team_generated,false,dev
JOB-DATA-0013-SKILL-043,JOB-DATA-0013,SKILL-043,57,0.055556,preferred,1.1.0,synthetic,true,SRC-SYNTH,2026-09-05T00:00:00+08:00,0.88,synthetic,not_applicable,,team_generated,false,dev
JOB-DATA-0013-SKILL-044,JOB-DATA-0013,SKILL-044,51,0.055548,preferred,1.1.0,synthetic,true,SRC-SYNTH,2026-09-05T00:00:00+08:00,0.88,synthetic,not_applicable,,team_generated,false,dev
JOB-DATA-0014-SKILL-046,JOB-DATA-0014,SKILL-046,52,0.083333,required,1.1.0,synthetic,true,SRC-SYNTH,2026-09-05T00:00:00+08:00,0.88,synthetic,not_applicable,,team_generated,false,dev
JOB-DATA-0014-SKILL-048,JOB-DATA-0014,SKILL-048,47,0.083333,required,1.1.0,synthetic,true,SRC-SYNTH,2026-09-05T00:00:00+08:00,0.88,synthetic,not_applicable,,team_generated,false,dev
JOB-DATA-0014-SKILL-049,JOB-DATA-0014,SKILL-049,47,0.083333,required,1.1.0,synthetic,true,SRC-SYNTH,2026-09-05T00:00:00+08:00,0.88,synthetic,not_applicable,,team_generated,false,dev
JOB-DATA-0014-SKILL-054,JOB-DATA-0014,SKILL-054,47,0.083333,required,1.1.0,synthetic,true,SRC-SYNTH,2026-09-05T00:00:00+08:00,0.88,synthetic,not_applicable,,team_generated,false,dev
JOB-DATA-0014-SKILL-001,JOB-DATA-0014,SKILL-001,71,0.083333,required,1.1.0,synthetic,true,SRC-SYNTH,2026-09-05T00:00:00+08:00,0.88,synthetic,not_applicable,,team_generated,false,dev
JOB-DATA-0014-SKILL-009,JOB-DATA-0014,SKILL-009,71,0.083333,required,1.1.0,synthetic,true,SRC-SYNTH,2026-09-05T00:00:00+08:00,0.88,synthetic,not_applicable,,team_generated,false,dev
JOB-DATA-0014-SKILL-010,JOB-DATA-0014,SKILL-010,65,0.083333,required,1.1.0,synthetic,true,SRC-SYNTH,2026-09-05T00:00:00+08:00,0.88,synthetic,not_applicable,,team_generated,false,dev
JOB-DATA-0014-SKILL-011,JOB-DATA-0014,SKILL-011,65,0.083333,required,1.1.0,synthetic,true,SRC-SYNTH,2026-09-05T00:00:00+08:00,0.88,synthetic,not_applicable,,team_generated,false,dev
JOB-DATA-0014-SKILL-012,JOB-DATA-0014,SKILL-012,64,0.083333,preferred,1.1.0,synthetic,true,SRC-SYNTH,2026-09-05T00:00:00+08:00,0.88,synthetic,not_applicable,,team_generated,false,dev
JOB-DATA-0014-SKILL-013,JOB-DATA-0014,SKILL-013,64,0.083333,preferred,1.1.0,synthetic,true,SRC-SYNTH,2026-09-05T00:00:00+08:00,0.88,synthetic,not_applicable,,team_generated,false,dev
JOB-DATA-0014-SKILL-014,JOB-DATA-0014,SKILL-014,64,0.083333,preferred,1.1.0,synthetic,true,SRC-SYNTH,2026-09-05T00:00:00+08:00,0.88,synthetic,not_applicable,,team_generated,false,dev
JOB-DATA-0014-SKILL-015,JOB-DATA-0014,SKILL-015,58,0.083337,preferred,1.1.0,synthetic,true,SRC-SYNTH,2026-09-05T00:00:00+08:00,0.88,synthetic,not_applicable,,team_generated,false,dev
JOB-DATA-0015-SKILL-048,JOB-DATA-0015,SKILL-048,47,0.076923,required,1.1.0,synthetic,true,SRC-SYNTH,2026-09-05T00:00:00+08:00,0.88,synthetic,not_applicable,,team_generated,false,dev
JOB-DATA-0015-SKILL-049,JOB-DATA-0015,SKILL-049,47,0.076923,required,1.1.0,synthetic,true,SRC-SYNTH,2026-09-05T00:00:00+08:00,0.88,synthetic,not_applicable,,team_generated,false,dev
JOB-DATA-0015-SKILL-054,JOB-DATA-0015,SKILL-054,47,0.076923,required,1.1.0,synthetic,true,SRC-SYNTH,2026-09-05T00:00:00+08:00,0.88,synthetic,not_applicable,,team_generated,false,dev
JOB-DATA-0015-SKILL-001,JOB-DATA-0015,SKILL-001,71,0.076923,required,1.1.0,synthetic,true,SRC-SYNTH,2026-09-05T00:00:00+08:00,0.88,synthetic,not_applicable,,team_generated,false,dev
JOB-DATA-0015-SKILL-009,JOB-DATA-0015,SKILL-009,71,0.076923,required,1.1.0,synthetic,true,SRC-SYNTH,2026-09-05T00:00:00+08:00,0.88,synthetic,not_applicable,,team_generated,false,dev
JOB-DATA-0015-SKILL-010,JOB-DATA-0015,SKILL-010,65,0.076923,required,1.1.0,synthetic,true,SRC-SYNTH,2026-09-05T00:00:00+08:00,0.88,synthetic,not_applicable,,team_generated,false,dev
JOB-DATA-0015-SKILL-011,JOB-DATA-0015,SKILL-011,65,0.076923,required,1.1.0,synthetic,true,SRC-SYNTH,2026-09-05T00:00:00+08:00,0.88,synthetic,not_applicable,,team_generated,false,dev
JOB-DATA-0015-SKILL-012,JOB-DATA-0015,SKILL-012,64,0.076923,required,1.1.0,synthetic,true,SRC-SYNTH,2026-09-05T00:00:00+08:00,0.88,synthetic,not_applicable,,team_generated,false,dev
JOB-DATA-0015-SKILL-013,JOB-DATA-0015,SKILL-013,64,0.076923,required,1.1.0,synthetic,true,SRC-SYNTH,2026-09-05T00:00:00+08:00,0.88,synthetic,not_applicable,,team_generated,false,dev
JOB-DATA-0015-SKILL-014,JOB-DATA-0015,SKILL-014,64,0.076923,preferred,1.1.0,synthetic,true,SRC-SYNTH,2026-09-05T00:00:00+08:00,0.88,synthetic,not_applicable,,team_generated,false,dev
JOB-DATA-0015-SKILL-015,JOB-DATA-0015,SKILL-015,58,0.076923,preferred,1.1.0,synthetic,true,SRC-SYNTH,2026-09-05T00:00:00+08:00,0.88,synthetic,not_applicable,,team_generated,false,dev
JOB-DATA-0015-SKILL-016,JOB-DATA-0015,SKILL-016,58,0.076923,preferred,1.1.0,synthetic,true,SRC-SYNTH,2026-09-05T00:00:00+08:00,0.88,synthetic,not_applicable,,team_generated,false,dev
JOB-DATA-0015-SKILL-040,JOB-DATA-0015,SKILL-040,57,0.076924,preferred,1.1.0,synthetic,true,SRC-SYNTH,2026-09-05T00:00:00+08:00,0.88,synthetic,not_applicable,,team_generated,false,dev
JOB-DATA-0016-SKILL-049,JOB-DATA-0016,SKILL-049,47,0.071429,required,1.1.0,synthetic,true,SRC-SYNTH,2026-09-05T00:00:00+08:00,0.88,synthetic,not_applicable,,team_generated,false,dev
JOB-DATA-0016-SKILL-054,JOB-DATA-0016,SKILL-054,47,0.071429,required,1.1.0,synthetic,true,SRC-SYNTH,2026-09-05T00:00:00+08:00,0.88,synthetic,not_applicable,,team_generated,false,dev
JOB-DATA-0016-SKILL-001,JOB-DATA-0016,SKILL-001,71,0.071429,required,1.1.0,synthetic,true,SRC-SYNTH,2026-09-05T00:00:00+08:00,0.88,synthetic,not_applicable,,team_generated,false,dev
JOB-DATA-0016-SKILL-009,JOB-DATA-0016,SKILL-009,71,0.071429,required,1.1.0,synthetic,true,SRC-SYNTH,2026-09-05T00:00:00+08:00,0.88,synthetic,not_applicable,,team_generated,false,dev
JOB-DATA-0016-SKILL-010,JOB-DATA-0016,SKILL-010,65,0.071429,required,1.1.0,synthetic,true,SRC-SYNTH,2026-09-05T00:00:00+08:00,0.88,synthetic,not_applicable,,team_generated,false,dev
JOB-DATA-0016-SKILL-011,JOB-DATA-0016,SKILL-011,65,0.071429,required,1.1.0,synthetic,true,SRC-SYNTH,2026-09-05T00:00:00+08:00,0.88,synthetic,not_applicable,,team_generated,false,dev
JOB-DATA-0016-SKILL-012,JOB-DATA-0016,SKILL-012,64,0.071429,required,1.1.0,synthetic,true,SRC-SYNTH,2026-09-05T00:00:00+08:00,0.88,synthetic,not_applicable,,team_generated,false,dev
JOB-DATA-0016-SKILL-013,JOB-DATA-0016,SKILL-013,64,0.071429,required,1.1.0,synthetic,true,SRC-SYNTH,2026-09-05T00:00:00+08:00,0.88,synthetic,not_applicable,,team_generated,false,dev
JOB-DATA-0016-SKILL-014,JOB-DATA-0016,SKILL-014,64,0.071429,required,1.1.0,synthetic,true,SRC-SYNTH,2026-09-05T00:00:00+08:00,0.88,synthetic,not_applicable,,team_generated,false,dev
JOB-DATA-0016-SKILL-015,JOB-DATA-0016,SKILL-015,58,0.071429,required,1.1.0,synthetic,true,SRC-SYNTH,2026-09-05T00:00:00+08:00,0.88,synthetic,not_applicable,,team_generated,false,dev
JOB-DATA-0016-SKILL-016,JOB-DATA-0016,SKILL-016,58,0.071429,preferred,1.1.0,synthetic,true,SRC-SYNTH,2026-09-05T00:00:00+08:00,0.88,synthetic,not_applicable,,team_generated,false,dev
JOB-DATA-0016-SKILL-040,JOB-DATA-0016,SKILL-040,57,0.071429,preferred,1.1.0,synthetic,true,SRC-SYNTH,2026-09-05T00:00:00+08:00,0.88,synthetic,not_applicable,,team_generated,false,dev
JOB-DATA-0016-SKILL-041,JOB-DATA-0016,SKILL-041,57,0.071429,preferred,1.1.0,synthetic,true,SRC-SYNTH,2026-09-05T00:00:00+08:00,0.88,synthetic,not_applicable,,team_generated,false,dev
JOB-DATA-0016-SKILL-043,JOB-DATA-0016,SKILL-043,57,0.071423,preferred,1.1.0,synthetic,true,SRC-SYNTH,2026-09-05T00:00:00+08:00,0.88,synthetic,not_applicable,,team_generated,false,dev
JOB-DATA-0017-SKILL-054,JOB-DATA-0017,SKILL-054,47,0.066667,required,1.1.0,synthetic,true,SRC-SYNTH,2026-09-05T00:00:00+08:00,0.88,synthetic,not_applicable,,team_generated,false,dev
JOB-DATA-0017-SKILL-001,JOB-DATA-0017,SKILL-001,71,0.066667,required,1.1.0,synthetic,true,SRC-SYNTH,2026-09-05T00:00:00+08:00,0.88,synthetic,not_applicable,,team_generated,false,dev
JOB-DATA-0017-SKILL-009,JOB-DATA-0017,SKILL-009,71,0.066667,required,1.1.0,synthetic,true,SRC-SYNTH,2026-09-05T00:00:00+08:00,0.88,synthetic,not_applicable,,team_generated,false,dev
JOB-DATA-0017-SKILL-010,JOB-DATA-0017,SKILL-010,65,0.066667,required,1.1.0,synthetic,true,SRC-SYNTH,2026-09-05T00:00:00+08:00,0.88,synthetic,not_applicable,,team_generated,false,dev
JOB-DATA-0017-SKILL-011,JOB-DATA-0017,SKILL-011,65,0.066667,required,1.1.0,synthetic,true,SRC-SYNTH,2026-09-05T00:00:00+08:00,0.88,synthetic,not_applicable,,team_generated,false,dev
JOB-DATA-0017-SKILL-012,JOB-DATA-0017,SKILL-012,64,0.066667,required,1.1.0,synthetic,true,SRC-SYNTH,2026-09-05T00:00:00+08:00,0.88,synthetic,not_applicable,,team_generated,false,dev
JOB-DATA-0017-SKILL-013,JOB-DATA-0017,SKILL-013,64,0.066667,required,1.1.0,synthetic,true,SRC-SYNTH,2026-09-05T00:00:00+08:00,0.88,synthetic,not_applicable,,team_generated,false,dev
JOB-DATA-0017-SKILL-014,JOB-DATA-0017,SKILL-014,64,0.066667,required,1.1.0,synthetic,true,SRC-SYNTH,2026-09-05T00:00:00+08:00,0.88,synthetic,not_applicable,,team_generated,false,dev
JOB-DATA-0017-SKILL-015,JOB-DATA-0017,SKILL-015,58,0.066667,required,1.1.0,synthetic,true,SRC-SYNTH,2026-09-05T00:00:00+08:00,0.88,synthetic,not_applicable,,team_generated,false,dev
JOB-DATA-0017-SKILL-016,JOB-DATA-0017,SKILL-016,58,0.066667,required,1.1.0,synthetic,true,SRC-SYNTH,2026-09-05T00:00:00+08:00,0.88,synthetic,not_applicable,,team_generated,false,dev
JOB-DATA-0017-SKILL-040,JOB-DATA-0017,SKILL-040,57,0.066667,preferred,1.1.0,synthetic,true,SRC-SYNTH,2026-09-05T00:00:00+08:00,0.88,synthetic,not_applicable,,team_generated,false,dev
JOB-DATA-0017-SKILL-041,JOB-DATA-0017,SKILL-041,57,0.066667,preferred,1.1.0,synthetic,true,SRC-SYNTH,2026-09-05T00:00:00+08:00,0.88,synthetic,not_applicable,,team_generated,false,dev
JOB-DATA-0017-SKILL-043,JOB-DATA-0017,SKILL-043,57,0.066667,preferred,1.1.0,synthetic,true,SRC-SYNTH,2026-09-05T00:00:00+08:00,0.88,synthetic,not_applicable,,team_generated,false,dev
JOB-DATA-0017-SKILL-044,JOB-DATA-0017,SKILL-044,51,0.066667,preferred,1.1.0,synthetic,true,SRC-SYNTH,2026-09-05T00:00:00+08:00,0.88,synthetic,not_applicable,,team_generated,false,dev
JOB-DATA-0017-SKILL-045,JOB-DATA-0017,SKILL-045,51,0.066662,preferred,1.1.0,synthetic,true,SRC-SYNTH,2026-09-05T00:00:00+08:00,0.88,synthetic,not_applicable,,team_generated,false,dev
JOB-DATA-0018-SKILL-001,JOB-DATA-0018,SKILL-001,71,0.0625,required,1.1.0,synthetic,true,SRC-SYNTH,2026-09-05T00:00:00+08:00,0.88,synthetic,not_applicable,,team_generated,false,dev
JOB-DATA-0018-SKILL-009,JOB-DATA-0018,SKILL-009,71,0.0625,required,1.1.0,synthetic,true,SRC-SYNTH,2026-09-05T00:00:00+08:00,0.88,synthetic,not_applicable,,team_generated,false,dev
JOB-DATA-0018-SKILL-010,JOB-DATA-0018,SKILL-010,65,0.0625,required,1.1.0,synthetic,true,SRC-SYNTH,2026-09-05T00:00:00+08:00,0.88,synthetic,not_applicable,,team_generated,false,dev
JOB-DATA-0018-SKILL-011,JOB-DATA-0018,SKILL-011,65,0.0625,required,1.1.0,synthetic,true,SRC-SYNTH,2026-09-05T00:00:00+08:00,0.88,synthetic,not_applicable,,team_generated,false,dev
JOB-DATA-0018-SKILL-012,JOB-DATA-0018,SKILL-012,64,0.0625,required,1.1.0,synthetic,true,SRC-SYNTH,2026-09-05T00:00:00+08:00,0.88,synthetic,not_applicable,,team_generated,false,dev
JOB-DATA-0018-SKILL-013,JOB-DATA-0018,SKILL-013,64,0.0625,required,1.1.0,synthetic,true,SRC-SYNTH,2026-09-05T00:00:00+08:00,0.88,synthetic,not_applicable,,team_generated,false,dev
JOB-DATA-0018-SKILL-014,JOB-DATA-0018,SKILL-014,64,0.0625,required,1.1.0,synthetic,true,SRC-SYNTH,2026-09-05T00:00:00+08:00,0.88,synthetic,not_applicable,,team_generated,false,dev
JOB-DATA-0018-SKILL-015,JOB-DATA-0018,SKILL-015,58,0.0625,required,1.1.0,synthetic,true,SRC-SYNTH,2026-09-05T00:00:00+08:00,0.88,synthetic,not_applicable,,team_generated,false,dev
JOB-DATA-0018-SKILL-016,JOB-DATA-0018,SKILL-016,58,0.0625,required,1.1.0,synthetic,true,SRC-SYNTH,2026-09-05T00:00:00+08:00,0.88,synthetic,not_applicable,,team_generated,false,dev
JOB-DATA-0018-SKILL-040,JOB-DATA-0018,SKILL-040,57,0.0625,required,1.1.0,synthetic,true,SRC-SYNTH,2026-09-05T00:00:00+08:00,0.88,synthetic,not_applicable,,team_generated,false,dev
JOB-DATA-0018-SKILL-041,JOB-DATA-0018,SKILL-041,57,0.0625,required,1.1.0,synthetic,true,SRC-SYNTH,2026-09-05T00:00:00+08:00,0.88,synthetic,not_applicable,,team_generated,false,dev
JOB-DATA-0018-SKILL-043,JOB-DATA-0018,SKILL-043,57,0.0625,preferred,1.1.0,synthetic,true,SRC-SYNTH,2026-09-05T00:00:00+08:00,0.88,synthetic,not_applicable,,team_generated,false,dev
JOB-DATA-0018-SKILL-044,JOB-DATA-0018,SKILL-044,51,0.0625,preferred,1.1.0,synthetic,true,SRC-SYNTH,2026-09-05T00:00:00+08:00,0.88,synthetic,not_applicable,,team_generated,false,dev
JOB-DATA-0018-SKILL-045,JOB-DATA-0018,SKILL-045,51,0.0625,preferred,1.1.0,synthetic,true,SRC-SYNTH,2026-09-05T00:00:00+08:00,0.88,synthetic,not_applicable,,team_generated,false,dev
JOB-DATA-0018-SKILL-046,JOB-DATA-0018,SKILL-046,50,0.0625,preferred,1.1.0,synthetic,true,SRC-SYNTH,2026-09-05T00:00:00+08:00,0.88,synthetic,not_applicable,,team_generated,false,dev
JOB-DATA-0018-SKILL-048,JOB-DATA-0018,SKILL-048,50,0.0625,preferred,1.1.0,synthetic,true,SRC-SYNTH,2026-09-05T00:00:00+08:00,0.88,synthetic,not_applicable,,team_generated,false,dev
JOB-DATA-0019-SKILL-009,JOB-DATA-0019,SKILL-009,71,0.058824,required,1.1.0,synthetic,true,SRC-SYNTH,2026-09-05T00:00:00+08:00,0.88,synthetic,not_applicable,,team_generated,false,dev
JOB-DATA-0019-SKILL-010,JOB-DATA-0019,SKILL-010,65,0.058824,required,1.1.0,synthetic,true,SRC-SYNTH,2026-09-05T00:00:00+08:00,0.88,synthetic,not_applicable,,team_generated,false,dev
JOB-DATA-0019-SKILL-011,JOB-DATA-0019,SKILL-011,65,0.058824,required,1.1.0,synthetic,true,SRC-SYNTH,2026-09-05T00:00:00+08:00,0.88,synthetic,not_applicable,,team_generated,false,dev
JOB-DATA-0019-SKILL-012,JOB-DATA-0019,SKILL-012,64,0.058824,required,1.1.0,synthetic,true,SRC-SYNTH,2026-09-05T00:00:00+08:00,0.88,synthetic,not_applicable,,team_generated,false,dev
JOB-DATA-0019-SKILL-013,JOB-DATA-0019,SKILL-013,64,0.058824,required,1.1.0,synthetic,true,SRC-SYNTH,2026-09-05T00:00:00+08:00,0.88,synthetic,not_applicable,,team_generated,false,dev
JOB-DATA-0019-SKILL-014,JOB-DATA-0019,SKILL-014,64,0.058824,required,1.1.0,synthetic,true,SRC-SYNTH,2026-09-05T00:00:00+08:00,0.88,synthetic,not_applicable,,team_generated,false,dev
JOB-DATA-0019-SKILL-015,JOB-DATA-0019,SKILL-015,58,0.058824,required,1.1.0,synthetic,true,SRC-SYNTH,2026-09-05T00:00:00+08:00,0.88,synthetic,not_applicable,,team_generated,false,dev
JOB-DATA-0019-SKILL-016,JOB-DATA-0019,SKILL-016,58,0.058824,required,1.1.0,synthetic,true,SRC-SYNTH,2026-09-05T00:00:00+08:00,0.88,synthetic,not_applicable,,team_generated,false,dev
JOB-DATA-0019-SKILL-040,JOB-DATA-0019,SKILL-040,57,0.058824,required,1.1.0,synthetic,true,SRC-SYNTH,2026-09-05T00:00:00+08:00,0.88,synthetic,not_applicable,,team_generated,false,dev
JOB-DATA-0019-SKILL-041,JOB-DATA-0019,SKILL-041,57,0.058824,required,1.1.0,synthetic,true,SRC-SYNTH,2026-09-05T00:00:00+08:00,0.88,synthetic,not_applicable,,team_generated,false,dev
JOB-DATA-0019-SKILL-043,JOB-DATA-0019,SKILL-043,57,0.058824,required,1.1.0,synthetic,true,SRC-SYNTH,2026-09-05T00:00:00+08:00,0.88,synthetic,not_applicable,,team_generated,false,dev
JOB-DATA-0019-SKILL-044,JOB-DATA-0019,SKILL-044,51,0.058824,required,1.1.0,synthetic,true,SRC-SYNTH,2026-09-05T00:00:00+08:00,0.88,synthetic,not_applicable,,team_generated,false,dev
JOB-DATA-0019-SKILL-045,JOB-DATA-0019,SKILL-045,51,0.058824,preferred,1.1.0,synthetic,true,SRC-SYNTH,2026-09-05T00:00:00+08:00,0.88,synthetic,not_applicable,,team_generated,false,dev
JOB-DATA-0019-SKILL-046,JOB-DATA-0019,SKILL-046,50,0.058824,preferred,1.1.0,synthetic,true,SRC-SYNTH,2026-09-05T00:00:00+08:00,0.88,synthetic,not_applicable,,team_generated,false,dev
JOB-DATA-0019-SKILL-048,JOB-DATA-0019,SKILL-048,50,0.058824,preferred,1.1.0,synthetic,true,SRC-SYNTH,2026-09-05T00:00:00+08:00,0.88,synthetic,not_applicable,,team_generated,false,dev
JOB-DATA-0019-SKILL-049,JOB-DATA-0019,SKILL-049,50,0.058824,preferred,1.1.0,synthetic,true,SRC-SYNTH,2026-09-05T00:00:00+08:00,0.88,synthetic,not_applicable,,team_generated,false,dev
JOB-DATA-0019-SKILL-054,JOB-DATA-0019,SKILL-054,45,0.058816,preferred,1.1.0,synthetic,true,SRC-SYNTH,2026-09-05T00:00:00+08:00,0.88,synthetic,not_applicable,,team_generated,false,dev
JOB-DATA-0020-SKILL-010,JOB-DATA-0020,SKILL-010,65,0.055556,required,1.1.0,synthetic,true,SRC-SYNTH,2026-09-05T00:00:00+08:00,0.88,synthetic,not_applicable,,team_generated,false,dev
JOB-DATA-0020-SKILL-011,JOB-DATA-0020,SKILL-011,65,0.055556,required,1.1.0,synthetic,true,SRC-SYNTH,2026-09-05T00:00:00+08:00,0.88,synthetic,not_applicable,,team_generated,false,dev
JOB-DATA-0020-SKILL-012,JOB-DATA-0020,SKILL-012,64,0.055556,required,1.1.0,synthetic,true,SRC-SYNTH,2026-09-05T00:00:00+08:00,0.88,synthetic,not_applicable,,team_generated,false,dev
JOB-DATA-0020-SKILL-013,JOB-DATA-0020,SKILL-013,64,0.055556,required,1.1.0,synthetic,true,SRC-SYNTH,2026-09-05T00:00:00+08:00,0.88,synthetic,not_applicable,,team_generated,false,dev
JOB-DATA-0020-SKILL-014,JOB-DATA-0020,SKILL-014,64,0.055556,required,1.1.0,synthetic,true,SRC-SYNTH,2026-09-05T00:00:00+08:00,0.88,synthetic,not_applicable,,team_generated,false,dev
JOB-DATA-0020-SKILL-015,JOB-DATA-0020,SKILL-015,58,0.055556,required,1.1.0,synthetic,true,SRC-SYNTH,2026-09-05T00:00:00+08:00,0.88,synthetic,not_applicable,,team_generated,false,dev
JOB-DATA-0020-SKILL-016,JOB-DATA-0020,SKILL-016,58,0.055556,required,1.1.0,synthetic,true,SRC-SYNTH,2026-09-05T00:00:00+08:00,0.88,synthetic,not_applicable,,team_generated,false,dev
JOB-DATA-0020-SKILL-040,JOB-DATA-0020,SKILL-040,57,0.055556,required,1.1.0,synthetic,true,SRC-SYNTH,2026-09-05T00:00:00+08:00,0.88,synthetic,not_applicable,,team_generated,false,dev
JOB-DATA-0020-SKILL-041,JOB-DATA-0020,SKILL-041,57,0.055556,required,1.1.0,synthetic,true,SRC-SYNTH,2026-09-05T00:00:00+08:00,0.88,synthetic,not_applicable,,team_generated,false,dev
JOB-DATA-0020-SKILL-043,JOB-DATA-0020,SKILL-043,57,0.055556,required,1.1.0,synthetic,true,SRC-SYNTH,2026-09-05T00:00:00+08:00,0.88,synthetic,not_applicable,,team_generated,false,dev
JOB-DATA-0020-SKILL-044,JOB-DATA-0020,SKILL-044,51,0.055556,required,1.1.0,synthetic,true,SRC-SYNTH,2026-09-05T00:00:00+08:00,0.88,synthetic,not_applicable,,team_generated,false,dev
JOB-DATA-0020-SKILL-045,JOB-DATA-0020,SKILL-045,51,0.055556,required,1.1.0,synthetic,true,SRC-SYNTH,2026-09-05T00:00:00+08:00,0.88,synthetic,not_applicable,,team_generated,false,dev
JOB-DATA-0020-SKILL-046,JOB-DATA-0020,SKILL-046,50,0.055556,preferred,1.1.0,synthetic,true,SRC-SYNTH,2026-09-05T00:00:00+08:00,0.88,synthetic,not_applicable,,team_generated,false,dev
JOB-DATA-0020-SKILL-048,JOB-DATA-0020,SKILL-048,50,0.055556,preferred,1.1.0,synthetic,true,SRC-SYNTH,2026-09-05T00:00:00+08:00,0.88,synthetic,not_applicable,,team_generated,false,dev
JOB-DATA-0020-SKILL-049,JOB-DATA-0020,SKILL-049,50,0.055556,preferred,1.1.0,synthetic,true,SRC-SYNTH,2026-09-05T00:00:00+08:00,0.88,synthetic,not_applicable,,team_generated,false,dev
JOB-DATA-0020-SKILL-054,JOB-DATA-0020,SKILL-054,45,0.055556,preferred,1.1.0,synthetic,true,SRC-SYNTH,2026-09-05T00:00:00+08:00,0.88,synthetic,not_applicable,,team_generated,false,dev
JOB-DATA-0020-SKILL-001,JOB-DATA-0020,SKILL-001,69,0.055556,preferred,1.1.0,synthetic,true,SRC-SYNTH,2026-09-05T00:00:00+08:00,0.88,synthetic,not_applicable,,team_generated,false,dev
JOB-DATA-0020-SKILL-009,JOB-DATA-0020,SKILL-009,69,0.055548,preferred,1.1.0,synthetic,true,SRC-SYNTH,2026-09-05T00:00:00+08:00,0.88,synthetic,not_applicable,,team_generated,false,dev
JOB-DATA-0021-SKILL-011,JOB-DATA-0021,SKILL-011,65,0.083333,required,1.1.0,synthetic,true,SRC-SYNTH,2026-09-05T00:00:00+08:00,0.88,synthetic,not_applicable,,team_generated,false,dev
JOB-DATA-0021-SKILL-012,JOB-DATA-0021,SKILL-012,64,0.083333,required,1.1.0,synthetic,true,SRC-SYNTH,2026-09-05T00:00:00+08:00,0.88,synthetic,not_applicable,,team_generated,false,dev
JOB-DATA-0021-SKILL-013,JOB-DATA-0021,SKILL-013,64,0.083333,required,1.1.0,synthetic,true,SRC-SYNTH,2026-09-05T00:00:00+08:00,0.88,synthetic,not_applicable,,team_generated,false,dev
JOB-DATA-0021-SKILL-014,JOB-DATA-0021,SKILL-014,64,0.083333,required,1.1.0,synthetic,true,SRC-SYNTH,2026-09-05T00:00:00+08:00,0.88,synthetic,not_applicable,,team_generated,false,dev
JOB-DATA-0021-SKILL-015,JOB-DATA-0021,SKILL-015,58,0.083333,required,1.1.0,synthetic,true,SRC-SYNTH,2026-09-05T00:00:00+08:00,0.88,synthetic,not_applicable,,team_generated,false,dev
JOB-DATA-0021-SKILL-016,JOB-DATA-0021,SKILL-016,58,0.083333,required,1.1.0,synthetic,true,SRC-SYNTH,2026-09-05T00:00:00+08:00,0.88,synthetic,not_applicable,,team_generated,false,dev
JOB-DATA-0021-SKILL-040,JOB-DATA-0021,SKILL-040,57,0.083333,required,1.1.0,synthetic,true,SRC-SYNTH,2026-09-05T00:00:00+08:00,0.88,synthetic,not_applicable,,team_generated,false,dev
JOB-DATA-0021-SKILL-041,JOB-DATA-0021,SKILL-041,57,0.083333,required,1.1.0,synthetic,true,SRC-SYNTH,2026-09-05T00:00:00+08:00,0.88,synthetic,not_applicable,,team_generated,false,dev
JOB-DATA-0021-SKILL-043,JOB-DATA-0021,SKILL-043,57,0.083333,preferred,1.1.0,synthetic,true,SRC-SYNTH,2026-09-05T00:00:00+08:00,0.88,synthetic,not_applicable,,team_generated,false,dev
JOB-DATA-0021-SKILL-044,JOB-DATA-0021,SKILL-044,51,0.083333,preferred,1.1.0,synthetic,true,SRC-SYNTH,2026-09-05T00:00:00+08:00,0.88,synthetic,not_applicable,,team_generated,false,dev
JOB-DATA-0021-SKILL-045,JOB-DATA-0021,SKILL-045,51,0.083333,preferred,1.1.0,synthetic,true,SRC-SYNTH,2026-09-05T00:00:00+08:00,0.88,synthetic,not_applicable,,team_generated,false,dev
JOB-DATA-0021-SKILL-046,JOB-DATA-0021,SKILL-046,50,0.083337,preferred,1.1.0,synthetic,true,SRC-SYNTH,2026-09-05T00:00:00+08:00,0.88,synthetic,not_applicable,,team_generated,false,dev
JOB-DATA-0022-SKILL-012,JOB-DATA-0022,SKILL-012,64,0.076923,required,1.1.0,synthetic,true,SRC-SYNTH,2026-09-05T00:00:00+08:00,0.88,synthetic,not_applicable,,team_generated,false,dev
JOB-DATA-0022-SKILL-013,JOB-DATA-0022,SKILL-013,64,0.076923,required,1.1.0,synthetic,true,SRC-SYNTH,2026-09-05T00:00:00+08:00,0.88,synthetic,not_applicable,,team_generated,false,dev
JOB-DATA-0022-SKILL-014,JOB-DATA-0022,SKILL-014,64,0.076923,required,1.1.0,synthetic,true,SRC-SYNTH,2026-09-05T00:00:00+08:00,0.88,synthetic,not_applicable,,team_generated,false,dev
JOB-DATA-0022-SKILL-015,JOB-DATA-0022,SKILL-015,58,0.076923,required,1.1.0,synthetic,true,SRC-SYNTH,2026-09-05T00:00:00+08:00,0.88,synthetic,not_applicable,,team_generated,false,dev
JOB-DATA-0022-SKILL-016,JOB-DATA-0022,SKILL-016,58,0.076923,required,1.1.0,synthetic,true,SRC-SYNTH,2026-09-05T00:00:00+08:00,0.88,synthetic,not_applicable,,team_generated,false,dev
JOB-DATA-0022-SKILL-040,JOB-DATA-0022,SKILL-040,57,0.076923,required,1.1.0,synthetic,true,SRC-SYNTH,2026-09-05T00:00:00+08:00,0.88,synthetic,not_applicable,,team_generated,false,dev
JOB-DATA-0022-SKILL-041,JOB-DATA-0022,SKILL-041,57,0.076923,required,1.1.0,synthetic,true,SRC-SYNTH,2026-09-05T00:00:00+08:00,0.88,synthetic,not_applicable,,team_generated,false,dev
JOB-DATA-0022-SKILL-043,JOB-DATA-0022,SKILL-043,57,0.076923,required,1.1.0,synthetic,true,SRC-SYNTH,2026-09-05T00:00:00+08:00,0.88,synthetic,not_applicable,,team_generated,false,dev
JOB-DATA-0022-SKILL-044,JOB-DATA-0022,SKILL-044,51,0.076923,required,1.1.0,synthetic,true,SRC-SYNTH,2026-09-05T00:00:00+08:00,0.88,synthetic,not_applicable,,team_generated,false,dev
JOB-DATA-0022-SKILL-045,JOB-DATA-0022,SKILL-045,51,0.076923,preferred,1.1.0,synthetic,true,SRC-SYNTH,2026-09-05T00:00:00+08:00,0.88,synthetic,not_applicable,,team_generated,false,dev
JOB-DATA-0022-SKILL-046,JOB-DATA-0022,SKILL-046,50,0.076923,preferred,1.1.0,synthetic,true,SRC-SYNTH,2026-09-05T00:00:00+08:00,0.88,synthetic,not_applicable,,team_generated,false,dev
JOB-DATA-0022-SKILL-048,JOB-DATA-0022,SKILL-048,50,0.076923,preferred,1.1.0,synthetic,true,SRC-SYNTH,2026-09-05T00:00:00+08:00,0.88,synthetic,not_applicable,,team_generated,false,dev
JOB-DATA-0022-SKILL-049,JOB-DATA-0022,SKILL-049,50,0.076924,preferred,1.1.0,synthetic,true,SRC-SYNTH,2026-09-05T00:00:00+08:00,0.88,synthetic,not_applicable,,team_generated,false,dev
JOB-DATA-0023-SKILL-013,JOB-DATA-0023,SKILL-013,64,0.071429,required,1.1.0,synthetic,true,SRC-SYNTH,2026-09-05T00:00:00+08:00,0.88,synthetic,not_applicable,,team_generated,false,dev
JOB-DATA-0023-SKILL-014,JOB-DATA-0023,SKILL-014,64,0.071429,required,1.1.0,synthetic,true,SRC-SYNTH,2026-09-05T00:00:00+08:00,0.88,synthetic,not_applicable,,team_generated,false,dev
JOB-DATA-0023-SKILL-015,JOB-DATA-0023,SKILL-015,58,0.071429,required,1.1.0,synthetic,true,SRC-SYNTH,2026-09-05T00:00:00+08:00,0.88,synthetic,not_applicable,,team_generated,false,dev
JOB-DATA-0023-SKILL-016,JOB-DATA-0023,SKILL-016,58,0.071429,required,1.1.0,synthetic,true,SRC-SYNTH,2026-09-05T00:00:00+08:00,0.88,synthetic,not_applicable,,team_generated,false,dev
JOB-DATA-0023-SKILL-040,JOB-DATA-0023,SKILL-040,57,0.071429,required,1.1.0,synthetic,true,SRC-SYNTH,2026-09-05T00:00:00+08:00,0.88,synthetic,not_applicable,,team_generated,false,dev
JOB-DATA-0023-SKILL-041,JOB-DATA-0023,SKILL-041,57,0.071429,required,1.1.0,synthetic,true,SRC-SYNTH,2026-09-05T00:00:00+08:00,0.88,synthetic,not_applicable,,team_generated,false,dev
JOB-DATA-0023-SKILL-043,JOB-DATA-0023,SKILL-043,57,0.071429,required,1.1.0,synthetic,true,SRC-SYNTH,2026-09-05T00:00:00+08:00,0.88,synthetic,not_applicable,,team_generated,false,dev
JOB-DATA-0023-SKILL-044,JOB-DATA-0023,SKILL-044,51,0.071429,required,1.1.0,synthetic,true,SRC-SYNTH,2026-09-05T00:00:00+08:00,0.88,synthetic,not_applicable,,team_generated,false,dev
JOB-DATA-0023-SKILL-045,JOB-DATA-0023,SKILL-045,51,0.071429,required,1.1.0,synthetic,true,SRC-SYNTH,2026-09-05T00:00:00+08:00,0.88,synthetic,not_applicable,,team_generated,false,dev
JOB-DATA-0023-SKILL-046,JOB-DATA-0023,SKILL-046,50,0.071429,required,1.1.0,synthetic,true,SRC-SYNTH,2026-09-05T00:00:00+08:00,0.88,synthetic,not_applicable,,team_generated,false,dev
JOB-DATA-0023-SKILL-048,JOB-DATA-0023,SKILL-048,50,0.071429,preferred,1.1.0,synthetic,true,SRC-SYNTH,2026-09-05T00:00:00+08:00,0.88,synthetic,not_applicable,,team_generated,false,dev
JOB-DATA-0023-SKILL-049,JOB-DATA-0023,SKILL-049,50,0.071429,preferred,1.1.0,synthetic,true,SRC-SYNTH,2026-09-05T00:00:00+08:00,0.88,synthetic,not_applicable,,team_generated,false,dev
JOB-DATA-0023-SKILL-054,JOB-DATA-0023,SKILL-054,45,0.071429,preferred,1.1.0,synthetic,true,SRC-SYNTH,2026-09-05T00:00:00+08:00,0.88,synthetic,not_applicable,,team_generated,false,dev
JOB-DATA-0023-SKILL-001,JOB-DATA-0023,SKILL-001,69,0.071423,preferred,1.1.0,synthetic,true,SRC-SYNTH,2026-09-05T00:00:00+08:00,0.88,synthetic,not_applicable,,team_generated,false,dev
JOB-DATA-0024-SKILL-014,JOB-DATA-0024,SKILL-014,64,0.066667,required,1.1.0,synthetic,true,SRC-SYNTH,2026-09-05T00:00:00+08:00,0.88,synthetic,not_applicable,,team_generated,false,dev
JOB-DATA-0024-SKILL-015,JOB-DATA-0024,SKILL-015,58,0.066667,required,1.1.0,synthetic,true,SRC-SYNTH,2026-09-05T00:00:00+08:00,0.88,synthetic,not_applicable,,team_generated,false,dev
JOB-DATA-0024-SKILL-016,JOB-DATA-0024,SKILL-016,58,0.066667,required,1.1.0,synthetic,true,SRC-SYNTH,2026-09-05T00:00:00+08:00,0.88,synthetic,not_applicable,,team_generated,false,dev
JOB-DATA-0024-SKILL-040,JOB-DATA-0024,SKILL-040,57,0.066667,required,1.1.0,synthetic,true,SRC-SYNTH,2026-09-05T00:00:00+08:00,0.88,synthetic,not_applicable,,team_generated,false,dev
JOB-DATA-0024-SKILL-041,JOB-DATA-0024,SKILL-041,57,0.066667,required,1.1.0,synthetic,true,SRC-SYNTH,2026-09-05T00:00:00+08:00,0.88,synthetic,not_applicable,,team_generated,false,dev
JOB-DATA-0024-SKILL-043,JOB-DATA-0024,SKILL-043,57,0.066667,required,1.1.0,synthetic,true,SRC-SYNTH,2026-09-05T00:00:00+08:00,0.88,synthetic,not_applicable,,team_generated,false,dev
JOB-DATA-0024-SKILL-044,JOB-DATA-0024,SKILL-044,51,0.066667,required,1.1.0,synthetic,true,SRC-SYNTH,2026-09-05T00:00:00+08:00,0.88,synthetic,not_applicable,,team_generated,false,dev
JOB-DATA-0024-SKILL-045,JOB-DATA-0024,SKILL-045,51,0.066667,required,1.1.0,synthetic,true,SRC-SYNTH,2026-09-05T00:00:00+08:00,0.88,synthetic,not_applicable,,team_generated,false,dev
JOB-DATA-0024-SKILL-046,JOB-DATA-0024,SKILL-046,50,0.066667,required,1.1.0,synthetic,true,SRC-SYNTH,2026-09-05T00:00:00+08:00,0.88,synthetic,not_applicable,,team_generated,false,dev
JOB-DATA-0024-SKILL-048,JOB-DATA-0024,SKILL-048,50,0.066667,required,1.1.0,synthetic,true,SRC-SYNTH,2026-09-05T00:00:00+08:00,0.88,synthetic,not_applicable,,team_generated,false,dev
JOB-DATA-0024-SKILL-049,JOB-DATA-0024,SKILL-049,50,0.066667,preferred,1.1.0,synthetic,true,SRC-SYNTH,2026-09-05T00:00:00+08:00,0.88,synthetic,not_applicable,,team_generated,false,dev
JOB-DATA-0024-SKILL-054,JOB-DATA-0024,SKILL-054,45,0.066667,preferred,1.1.0,synthetic,true,SRC-SYNTH,2026-09-05T00:00:00+08:00,0.88,synthetic,not_applicable,,team_generated,false,dev
JOB-DATA-0024-SKILL-001,JOB-DATA-0024,SKILL-001,69,0.066667,preferred,1.1.0,synthetic,true,SRC-SYNTH,2026-09-05T00:00:00+08:00,0.88,synthetic,not_applicable,,team_generated,false,dev
JOB-DATA-0024-SKILL-009,JOB-DATA-0024,SKILL-009,69,0.066667,preferred,1.1.0,synthetic,true,SRC-SYNTH,2026-09-05T00:00:00+08:00,0.88,synthetic,not_applicable,,team_generated,false,dev
JOB-DATA-0024-SKILL-010,JOB-DATA-0024,SKILL-010,68,0.066662,preferred,1.1.0,synthetic,true,SRC-SYNTH,2026-09-05T00:00:00+08:00,0.88,synthetic,not_applicable,,team_generated,false,dev
JOB-DATA-0025-SKILL-015,JOB-DATA-0025,SKILL-015,58,0.0625,required,1.1.0,synthetic,true,SRC-SYNTH,2026-09-05T00:00:00+08:00,0.88,synthetic,not_applicable,,team_generated,false,dev
JOB-DATA-0025-SKILL-016,JOB-DATA-0025,SKILL-016,58,0.0625,required,1.1.0,synthetic,true,SRC-SYNTH,2026-09-05T00:00:00+08:00,0.88,synthetic,not_applicable,,team_generated,false,dev
JOB-DATA-0025-SKILL-040,JOB-DATA-0025,SKILL-040,57,0.0625,required,1.1.0,synthetic,true,SRC-SYNTH,2026-09-05T00:00:00+08:00,0.88,synthetic,not_applicable,,team_generated,false,dev
JOB-DATA-0025-SKILL-041,JOB-DATA-0025,SKILL-041,57,0.0625,required,1.1.0,synthetic,true,SRC-SYNTH,2026-09-05T00:00:00+08:00,0.88,synthetic,not_applicable,,team_generated,false,dev
JOB-DATA-0025-SKILL-043,JOB-DATA-0025,SKILL-043,57,0.0625,required,1.1.0,synthetic,true,SRC-SYNTH,2026-09-05T00:00:00+08:00,0.88,synthetic,not_applicable,,team_generated,false,dev
JOB-DATA-0025-SKILL-044,JOB-DATA-0025,SKILL-044,51,0.0625,required,1.1.0,synthetic,true,SRC-SYNTH,2026-09-05T00:00:00+08:00,0.88,synthetic,not_applicable,,team_generated,false,dev
JOB-DATA-0025-SKILL-045,JOB-DATA-0025,SKILL-045,51,0.0625,required,1.1.0,synthetic,true,SRC-SYNTH,2026-09-05T00:00:00+08:00,0.88,synthetic,not_applicable,,team_generated,false,dev
JOB-DATA-0025-SKILL-046,JOB-DATA-0025,SKILL-046,50,0.0625,required,1.1.0,synthetic,true,SRC-SYNTH,2026-09-05T00:00:00+08:00,0.88,synthetic,not_applicable,,team_generated,false,dev
JOB-DATA-0025-SKILL-048,JOB-DATA-0025,SKILL-048,50,0.0625,required,1.1.0,synthetic,true,SRC-SYNTH,2026-09-05T00:00:00+08:00,0.88,synthetic,not_applicable,,team_generated,false,dev
JOB-DATA-0025-SKILL-049,JOB-DATA-0025,SKILL-049,50,0.0625,required,1.1.0,synthetic,true,SRC-SYNTH,2026-09-05T00:00:00+08:00,0.88,synthetic,not_applicable,,team_generated,false,dev
JOB-DATA-0025-SKILL-054,JOB-DATA-0025,SKILL-054,45,0.0625,required,1.1.0,synthetic,true,SRC-SYNTH,2026-09-05T00:00:00+08:00,0.88,synthetic,not_applicable,,team_generated,false,dev
JOB-DATA-0025-SKILL-001,JOB-DATA-0025,SKILL-001,69,0.0625,preferred,1.1.0,synthetic,true,SRC-SYNTH,2026-09-05T00:00:00+08:00,0.88,synthetic,not_applicable,,team_generated,false,dev
JOB-DATA-0025-SKILL-009,JOB-DATA-0025,SKILL-009,69,0.0625,preferred,1.1.0,synthetic,true,SRC-SYNTH,2026-09-05T00:00:00+08:00,0.88,synthetic,not_applicable,,team_generated,false,dev
JOB-DATA-0025-SKILL-010,JOB-DATA-0025,SKILL-010,68,0.0625,preferred,1.1.0,synthetic,true,SRC-SYNTH,2026-09-05T00:00:00+08:00,0.88,synthetic,not_applicable,,team_generated,false,dev
JOB-DATA-0025-SKILL-011,JOB-DATA-0025,SKILL-011,68,0.0625,preferred,1.1.0,synthetic,true,SRC-SYNTH,2026-09-05T00:00:00+08:00,0.88,synthetic,not_applicable,,team_generated,false,dev
JOB-DATA-0025-SKILL-012,JOB-DATA-0025,SKILL-012,62,0.0625,preferred,1.1.0,synthetic,true,SRC-SYNTH,2026-09-05T00:00:00+08:00,0.88,synthetic,not_applicable,,team_generated,false,dev
JOB-DATA-0026-SKILL-016,JOB-DATA-0026,SKILL-016,58,0.058824,required,1.1.0,synthetic,true,SRC-SYNTH,2026-09-05T00:00:00+08:00,0.88,synthetic,not_applicable,,team_generated,false,dev
JOB-DATA-0026-SKILL-040,JOB-DATA-0026,SKILL-040,57,0.058824,required,1.1.0,synthetic,true,SRC-SYNTH,2026-09-05T00:00:00+08:00,0.88,synthetic,not_applicable,,team_generated,false,dev
JOB-DATA-0026-SKILL-041,JOB-DATA-0026,SKILL-041,57,0.058824,required,1.1.0,synthetic,true,SRC-SYNTH,2026-09-05T00:00:00+08:00,0.88,synthetic,not_applicable,,team_generated,false,dev
JOB-DATA-0026-SKILL-043,JOB-DATA-0026,SKILL-043,57,0.058824,required,1.1.0,synthetic,true,SRC-SYNTH,2026-09-05T00:00:00+08:00,0.88,synthetic,not_applicable,,team_generated,false,dev
JOB-DATA-0026-SKILL-044,JOB-DATA-0026,SKILL-044,51,0.058824,required,1.1.0,synthetic,true,SRC-SYNTH,2026-09-05T00:00:00+08:00,0.88,synthetic,not_applicable,,team_generated,false,dev
JOB-DATA-0026-SKILL-045,JOB-DATA-0026,SKILL-045,51,0.058824,required,1.1.0,synthetic,true,SRC-SYNTH,2026-09-05T00:00:00+08:00,0.88,synthetic,not_applicable,,team_generated,false,dev
JOB-DATA-0026-SKILL-046,JOB-DATA-0026,SKILL-046,50,0.058824,required,1.1.0,synthetic,true,SRC-SYNTH,2026-09-05T00:00:00+08:00,0.88,synthetic,not_applicable,,team_generated,false,dev
JOB-DATA-0026-SKILL-048,JOB-DATA-0026,SKILL-048,50,0.058824,required,1.1.0,synthetic,true,SRC-SYNTH,2026-09-05T00:00:00+08:00,0.88,synthetic,not_applicable,,team_generated,false,dev
JOB-DATA-0026-SKILL-049,JOB-DATA-0026,SKILL-049,50,0.058824,required,1.1.0,synthetic,true,SRC-SYNTH,2026-09-05T00:00:00+08:00,0.88,synthetic,not_applicable,,team_generated,false,dev
JOB-DATA-0026-SKILL-054,JOB-DATA-0026,SKILL-054,45,0.058824,required,1.1.0,synthetic,true,SRC-SYNTH,2026-09-05T00:00:00+08:00,0.88,synthetic,not_applicable,,team_generated,false,dev
JOB-DATA-0026-SKILL-001,JOB-DATA-0026,SKILL-001,69,0.058824,required,1.1.0,synthetic,true,SRC-SYNTH,2026-09-05T00:00:00+08:00,0.88,synthetic,not_applicable,,team_generated,false,dev
JOB-DATA-0026-SKILL-009,JOB-DATA-0026,SKILL-009,69,0.058824,required,1.1.0,synthetic,true,SRC-SYNTH,2026-09-05T00:00:00+08:00,0.88,synthetic,not_applicable,,team_generated,false,dev
JOB-DATA-0026-SKILL-010,JOB-DATA-0026,SKILL-010,68,0.058824,preferred,1.1.0,synthetic,true,SRC-SYNTH,2026-09-05T00:00:00+08:00,0.88,synthetic,not_applicable,,team_generated,false,dev
JOB-DATA-0026-SKILL-011,JOB-DATA-0026,SKILL-011,68,0.058824,preferred,1.1.0,synthetic,true,SRC-SYNTH,2026-09-05T00:00:00+08:00,0.88,synthetic,not_applicable,,team_generated,false,dev
JOB-DATA-0026-SKILL-012,JOB-DATA-0026,SKILL-012,62,0.058824,preferred,1.1.0,synthetic,true,SRC-SYNTH,2026-09-05T00:00:00+08:00,0.88,synthetic,not_applicable,,team_generated,false,dev
JOB-DATA-0026-SKILL-013,JOB-DATA-0026,SKILL-013,62,0.058824,preferred,1.1.0,synthetic,true,SRC-SYNTH,2026-09-05T00:00:00+08:00,0.88,synthetic,not_applicable,,team_generated,false,dev
JOB-DATA-0026-SKILL-014,JOB-DATA-0026,SKILL-014,62,0.058816,preferred,1.1.0,synthetic,true,SRC-SYNTH,2026-09-05T00:00:00+08:00,0.88,synthetic,not_applicable,,team_generated,false,dev
JOB-DATA-0027-SKILL-040,JOB-DATA-0027,SKILL-040,57,0.055556,required,1.1.0,synthetic,true,SRC-SYNTH,2026-09-05T00:00:00+08:00,0.88,synthetic,not_applicable,,team_generated,false,dev
JOB-DATA-0027-SKILL-041,JOB-DATA-0027,SKILL-041,57,0.055556,required,1.1.0,synthetic,true,SRC-SYNTH,2026-09-05T00:00:00+08:00,0.88,synthetic,not_applicable,,team_generated,false,dev
JOB-DATA-0027-SKILL-043,JOB-DATA-0027,SKILL-043,57,0.055556,required,1.1.0,synthetic,true,SRC-SYNTH,2026-09-05T00:00:00+08:00,0.88,synthetic,not_applicable,,team_generated,false,dev
JOB-DATA-0027-SKILL-044,JOB-DATA-0027,SKILL-044,51,0.055556,required,1.1.0,synthetic,true,SRC-SYNTH,2026-09-05T00:00:00+08:00,0.88,synthetic,not_applicable,,team_generated,false,dev
JOB-DATA-0027-SKILL-045,JOB-DATA-0027,SKILL-045,51,0.055556,required,1.1.0,synthetic,true,SRC-SYNTH,2026-09-05T00:00:00+08:00,0.88,synthetic,not_applicable,,team_generated,false,dev
JOB-DATA-0027-SKILL-046,JOB-DATA-0027,SKILL-046,50,0.055556,required,1.1.0,synthetic,true,SRC-SYNTH,2026-09-05T00:00:00+08:00,0.88,synthetic,not_applicable,,team_generated,false,dev
JOB-DATA-0027-SKILL-048,JOB-DATA-0027,SKILL-048,50,0.055556,required,1.1.0,synthetic,true,SRC-SYNTH,2026-09-05T00:00:00+08:00,0.88,synthetic,not_applicable,,team_generated,false,dev
JOB-DATA-0027-SKILL-049,JOB-DATA-0027,SKILL-049,50,0.055556,required,1.1.0,synthetic,true,SRC-SYNTH,2026-09-05T00:00:00+08:00,0.88,synthetic,not_applicable,,team_generated,false,dev
JOB-DATA-0027-SKILL-054,JOB-DATA-0027,SKILL-054,45,0.055556,required,1.1.0,synthetic,true,SRC-SYNTH,2026-09-05T00:00:00+08:00,0.88,synthetic,not_applicable,,team_generated,false,dev
JOB-DATA-0027-SKILL-001,JOB-DATA-0027,SKILL-001,69,0.055556,required,1.1.0,synthetic,true,SRC-SYNTH,2026-09-05T00:00:00+08:00,0.88,synthetic,not_applicable,,team_generated,false,dev
JOB-DATA-0027-SKILL-009,JOB-DATA-0027,SKILL-009,69,0.055556,required,1.1.0,synthetic,true,SRC-SYNTH,2026-09-05T00:00:00+08:00,0.88,synthetic,not_applicable,,team_generated,false,dev
JOB-DATA-0027-SKILL-010,JOB-DATA-0027,SKILL-010,68,0.055556,required,1.1.0,synthetic,true,SRC-SYNTH,2026-09-05T00:00:00+08:00,0.88,synthetic,not_applicable,,team_generated,false,dev
JOB-DATA-0027-SKILL-011,JOB-DATA-0027,SKILL-011,68,0.055556,preferred,1.1.0,synthetic,true,SRC-SYNTH,2026-09-05T00:00:00+08:00,0.88,synthetic,not_applicable,,team_generated,false,dev
JOB-DATA-0027-SKILL-012,JOB-DATA-0027,SKILL-012,62,0.055556,preferred,1.1.0,synthetic,true,SRC-SYNTH,2026-09-05T00:00:00+08:00,0.88,synthetic,not_applicable,,team_generated,false,dev
JOB-DATA-0027-SKILL-013,JOB-DATA-0027,SKILL-013,62,0.055556,preferred,1.1.0,synthetic,true,SRC-SYNTH,2026-09-05T00:00:00+08:00,0.88,synthetic,not_applicable,,team_generated,false,dev
JOB-DATA-0027-SKILL-014,JOB-DATA-0027,SKILL-014,62,0.055556,preferred,1.1.0,synthetic,true,SRC-SYNTH,2026-09-05T00:00:00+08:00,0.88,synthetic,not_applicable,,team_generated,false,dev
JOB-DATA-0027-SKILL-015,JOB-DATA-0027,SKILL-015,61,0.055556,preferred,1.1.0,synthetic,true,SRC-SYNTH,2026-09-05T00:00:00+08:00,0.88,synthetic,not_applicable,,team_generated,false,dev
JOB-DATA-0027-SKILL-016,JOB-DATA-0027,SKILL-016,61,0.055548,preferred,1.1.0,synthetic,true,SRC-SYNTH,2026-09-05T00:00:00+08:00,0.88,synthetic,not_applicable,,team_generated,false,dev
JOB-DATA-0028-SKILL-041,JOB-DATA-0028,SKILL-041,57,0.083333,required,1.1.0,synthetic,true,SRC-SYNTH,2026-09-05T00:00:00+08:00,0.88,synthetic,not_applicable,,team_generated,false,dev
JOB-DATA-0028-SKILL-043,JOB-DATA-0028,SKILL-043,57,0.083333,required,1.1.0,synthetic,true,SRC-SYNTH,2026-09-05T00:00:00+08:00,0.88,synthetic,not_applicable,,team_generated,false,dev
JOB-DATA-0028-SKILL-044,JOB-DATA-0028,SKILL-044,51,0.083333,required,1.1.0,synthetic,true,SRC-SYNTH,2026-09-05T00:00:00+08:00,0.88,synthetic,not_applicable,,team_generated,false,dev
JOB-DATA-0028-SKILL-045,JOB-DATA-0028,SKILL-045,51,0.083333,required,1.1.0,synthetic,true,SRC-SYNTH,2026-09-05T00:00:00+08:00,0.88,synthetic,not_applicable,,team_generated,false,dev
JOB-DATA-0028-SKILL-046,JOB-DATA-0028,SKILL-046,50,0.083333,required,1.1.0,synthetic,true,SRC-SYNTH,2026-09-05T00:00:00+08:00,0.88,synthetic,not_applicable,,team_generated,false,dev
JOB-DATA-0028-SKILL-048,JOB-DATA-0028,SKILL-048,50,0.083333,required,1.1.0,synthetic,true,SRC-SYNTH,2026-09-05T00:00:00+08:00,0.88,synthetic,not_applicable,,team_generated,false,dev
JOB-DATA-0028-SKILL-049,JOB-DATA-0028,SKILL-049,50,0.083333,required,1.1.0,synthetic,true,SRC-SYNTH,2026-09-05T00:00:00+08:00,0.88,synthetic,not_applicable,,team_generated,false,dev
JOB-DATA-0028-SKILL-054,JOB-DATA-0028,SKILL-054,45,0.083333,required,1.1.0,synthetic,true,SRC-SYNTH,2026-09-05T00:00:00+08:00,0.88,synthetic,not_applicable,,team_generated,false,dev
JOB-DATA-0028-SKILL-001,JOB-DATA-0028,SKILL-001,69,0.083333,preferred,1.1.0,synthetic,true,SRC-SYNTH,2026-09-05T00:00:00+08:00,0.88,synthetic,not_applicable,,team_generated,false,dev
JOB-DATA-0028-SKILL-009,JOB-DATA-0028,SKILL-009,69,0.083333,preferred,1.1.0,synthetic,true,SRC-SYNTH,2026-09-05T00:00:00+08:00,0.88,synthetic,not_applicable,,team_generated,false,dev
JOB-DATA-0028-SKILL-010,JOB-DATA-0028,SKILL-010,68,0.083333,preferred,1.1.0,synthetic,true,SRC-SYNTH,2026-09-05T00:00:00+08:00,0.88,synthetic,not_applicable,,team_generated,false,dev
JOB-DATA-0028-SKILL-011,JOB-DATA-0028,SKILL-011,68,0.083337,preferred,1.1.0,synthetic,true,SRC-SYNTH,2026-09-05T00:00:00+08:00,0.88,synthetic,not_applicable,,team_generated,false,dev
JOB-DATA-0029-SKILL-043,JOB-DATA-0029,SKILL-043,57,0.076923,required,1.1.0,synthetic,true,SRC-SYNTH,2026-09-05T00:00:00+08:00,0.88,synthetic,not_applicable,,team_generated,false,dev
JOB-DATA-0029-SKILL-044,JOB-DATA-0029,SKILL-044,51,0.076923,required,1.1.0,synthetic,true,SRC-SYNTH,2026-09-05T00:00:00+08:00,0.88,synthetic,not_applicable,,team_generated,false,dev
JOB-DATA-0029-SKILL-045,JOB-DATA-0029,SKILL-045,51,0.076923,required,1.1.0,synthetic,true,SRC-SYNTH,2026-09-05T00:00:00+08:00,0.88,synthetic,not_applicable,,team_generated,false,dev
JOB-DATA-0029-SKILL-046,JOB-DATA-0029,SKILL-046,50,0.076923,required,1.1.0,synthetic,true,SRC-SYNTH,2026-09-05T00:00:00+08:00,0.88,synthetic,not_applicable,,team_generated,false,dev
JOB-DATA-0029-SKILL-048,JOB-DATA-0029,SKILL-048,50,0.076923,required,1.1.0,synthetic,true,SRC-SYNTH,2026-09-05T00:00:00+08:00,0.88,synthetic,not_applicable,,team_generated,false,dev
JOB-DATA-0029-SKILL-049,JOB-DATA-0029,SKILL-049,50,0.076923,required,1.1.0,synthetic,true,SRC-SYNTH,2026-09-05T00:00:00+08:00,0.88,synthetic,not_applicable,,team_generated,false,dev
JOB-DATA-0029-SKILL-054,JOB-DATA-0029,SKILL-054,45,0.076923,required,1.1.0,synthetic,true,SRC-SYNTH,2026-09-05T00:00:00+08:00,0.88,synthetic,not_applicable,,team_generated,false,dev
JOB-DATA-0029-SKILL-001,JOB-DATA-0029,SKILL-001,69,0.076923,required,1.1.0,synthetic,true,SRC-SYNTH,2026-09-05T00:00:00+08:00,0.88,synthetic,not_applicable,,team_generated,false,dev
JOB-DATA-0029-SKILL-009,JOB-DATA-0029,SKILL-009,69,0.076923,required,1.1.0,synthetic,true,SRC-SYNTH,2026-09-05T00:00:00+08:00,0.88,synthetic,not_applicable,,team_generated,false,dev
JOB-DATA-0029-SKILL-010,JOB-DATA-0029,SKILL-010,68,0.076923,preferred,1.1.0,synthetic,true,SRC-SYNTH,2026-09-05T00:00:00+08:00,0.88,synthetic,not_applicable,,team_generated,false,dev
JOB-DATA-0029-SKILL-011,JOB-DATA-0029,SKILL-011,68,0.076923,preferred,1.1.0,synthetic,true,SRC-SYNTH,2026-09-05T00:00:00+08:00,0.88,synthetic,not_applicable,,team_generated,false,dev
JOB-DATA-0029-SKILL-012,JOB-DATA-0029,SKILL-012,62,0.076923,preferred,1.1.0,synthetic,true,SRC-SYNTH,2026-09-05T00:00:00+08:00,0.88,synthetic,not_applicable,,team_generated,false,dev
JOB-DATA-0029-SKILL-013,JOB-DATA-0029,SKILL-013,62,0.076924,preferred,1.1.0,synthetic,true,SRC-SYNTH,2026-09-05T00:00:00+08:00,0.88,synthetic,not_applicable,,team_generated,false,dev
JOB-DATA-0030-SKILL-044,JOB-DATA-0030,SKILL-044,51,0.071429,required,1.1.0,synthetic,true,SRC-SYNTH,2026-09-05T00:00:00+08:00,0.88,synthetic,not_applicable,,team_generated,false,dev
JOB-DATA-0030-SKILL-045,JOB-DATA-0030,SKILL-045,51,0.071429,required,1.1.0,synthetic,true,SRC-SYNTH,2026-09-05T00:00:00+08:00,0.88,synthetic,not_applicable,,team_generated,false,dev
JOB-DATA-0030-SKILL-046,JOB-DATA-0030,SKILL-046,50,0.071429,required,1.1.0,synthetic,true,SRC-SYNTH,2026-09-05T00:00:00+08:00,0.88,synthetic,not_applicable,,team_generated,false,dev
JOB-DATA-0030-SKILL-048,JOB-DATA-0030,SKILL-048,50,0.071429,required,1.1.0,synthetic,true,SRC-SYNTH,2026-09-05T00:00:00+08:00,0.88,synthetic,not_applicable,,team_generated,false,dev
JOB-DATA-0030-SKILL-049,JOB-DATA-0030,SKILL-049,50,0.071429,required,1.1.0,synthetic,true,SRC-SYNTH,2026-09-05T00:00:00+08:00,0.88,synthetic,not_applicable,,team_generated,false,dev
JOB-DATA-0030-SKILL-054,JOB-DATA-0030,SKILL-054,45,0.071429,required,1.1.0,synthetic,true,SRC-SYNTH,2026-09-05T00:00:00+08:00,0.88,synthetic,not_applicable,,team_generated,false,dev
JOB-DATA-0030-SKILL-001,JOB-DATA-0030,SKILL-001,69,0.071429,required,1.1.0,synthetic,true,SRC-SYNTH,2026-09-05T00:00:00+08:00,0.88,synthetic,not_applicable,,team_generated,false,dev
JOB-DATA-0030-SKILL-009,JOB-DATA-0030,SKILL-009,69,0.071429,required,1.1.0,synthetic,true,SRC-SYNTH,2026-09-05T00:00:00+08:00,0.88,synthetic,not_applicable,,team_generated,false,dev
JOB-DATA-0030-SKILL-010,JOB-DATA-0030,SKILL-010,68,0.071429,required,1.1.0,synthetic,true,SRC-SYNTH,2026-09-05T00:00:00+08:00,0.88,synthetic,not_applicable,,team_generated,false,dev
JOB-DATA-0030-SKILL-011,JOB-DATA-0030,SKILL-011,68,0.071429,required,1.1.0,synthetic,true,SRC-SYNTH,2026-09-05T00:00:00+08:00,0.88,synthetic,not_applicable,,team_generated,false,dev
JOB-DATA-0030-SKILL-012,JOB-DATA-0030,SKILL-012,62,0.071429,preferred,1.1.0,synthetic,true,SRC-SYNTH,2026-09-05T00:00:00+08:00,0.88,synthetic,not_applicable,,team_generated,false,dev
JOB-DATA-0030-SKILL-013,JOB-DATA-0030,SKILL-013,62,0.071429,preferred,1.1.0,synthetic,true,SRC-SYNTH,2026-09-05T00:00:00+08:00,0.88,synthetic,not_applicable,,team_generated,false,dev
JOB-DATA-0030-SKILL-014,JOB-DATA-0030,SKILL-014,62,0.071429,preferred,1.1.0,synthetic,true,SRC-SYNTH,2026-09-05T00:00:00+08:00,0.88,synthetic,not_applicable,,team_generated,false,dev
JOB-DATA-0030-SKILL-015,JOB-DATA-0030,SKILL-015,61,0.071423,preferred,1.1.0,synthetic,true,SRC-SYNTH,2026-09-05T00:00:00+08:00,0.88,synthetic,not_applicable,,team_generated,false,dev
JOB-DATA-0031-SKILL-045,JOB-DATA-0031,SKILL-045,51,0.066667,required,1.1.0,synthetic,true,SRC-SYNTH,2026-09-05T00:00:00+08:00,0.88,synthetic,not_applicable,,team_generated,false,dev
JOB-DATA-0031-SKILL-046,JOB-DATA-0031,SKILL-046,50,0.066667,required,1.1.0,synthetic,true,SRC-SYNTH,2026-09-05T00:00:00+08:00,0.88,synthetic,not_applicable,,team_generated,false,dev
JOB-DATA-0031-SKILL-048,JOB-DATA-0031,SKILL-048,50,0.066667,required,1.1.0,synthetic,true,SRC-SYNTH,2026-09-05T00:00:00+08:00,0.88,synthetic,not_applicable,,team_generated,false,dev
JOB-DATA-0031-SKILL-049,JOB-DATA-0031,SKILL-049,50,0.066667,required,1.1.0,synthetic,true,SRC-SYNTH,2026-09-05T00:00:00+08:00,0.88,synthetic,not_applicable,,team_generated,false,dev
JOB-DATA-0031-SKILL-054,JOB-DATA-0031,SKILL-054,45,0.066667,required,1.1.0,synthetic,true,SRC-SYNTH,2026-09-05T00:00:00+08:00,0.88,synthetic,not_applicable,,team_generated,false,dev
JOB-DATA-0031-SKILL-001,JOB-DATA-0031,SKILL-001,69,0.066667,required,1.1.0,synthetic,true,SRC-SYNTH,2026-09-05T00:00:00+08:00,0.88,synthetic,not_applicable,,team_generated,false,dev
JOB-DATA-0031-SKILL-009,JOB-DATA-0031,SKILL-009,69,0.066667,required,1.1.0,synthetic,true,SRC-SYNTH,2026-09-05T00:00:00+08:00,0.88,synthetic,not_applicable,,team_generated,false,dev
JOB-DATA-0031-SKILL-010,JOB-DATA-0031,SKILL-010,68,0.066667,required,1.1.0,synthetic,true,SRC-SYNTH,2026-09-05T00:00:00+08:00,0.88,synthetic,not_applicable,,team_generated,false,dev
JOB-DATA-0031-SKILL-011,JOB-DATA-0031,SKILL-011,68,0.066667,required,1.1.0,synthetic,true,SRC-SYNTH,2026-09-05T00:00:00+08:00,0.88,synthetic,not_applicable,,team_generated,false,dev
JOB-DATA-0031-SKILL-012,JOB-DATA-0031,SKILL-012,62,0.066667,required,1.1.0,synthetic,true,SRC-SYNTH,2026-09-05T00:00:00+08:00,0.88,synthetic,not_applicable,,team_generated,false,dev
JOB-DATA-0031-SKILL-013,JOB-DATA-0031,SKILL-013,62,0.066667,preferred,1.1.0,synthetic,true,SRC-SYNTH,2026-09-05T00:00:00+08:00,0.88,synthetic,not_applicable,,team_generated,false,dev
JOB-DATA-0031-SKILL-014,JOB-DATA-0031,SKILL-014,62,0.066667,preferred,1.1.0,synthetic,true,SRC-SYNTH,2026-09-05T00:00:00+08:00,0.88,synthetic,not_applicable,,team_generated,false,dev
JOB-DATA-0031-SKILL-015,JOB-DATA-0031,SKILL-015,61,0.066667,preferred,1.1.0,synthetic,true,SRC-SYNTH,2026-09-05T00:00:00+08:00,0.88,synthetic,not_applicable,,team_generated,false,dev
JOB-DATA-0031-SKILL-016,JOB-DATA-0031,SKILL-016,61,0.066667,preferred,1.1.0,synthetic,true,SRC-SYNTH,2026-09-05T00:00:00+08:00,0.88,synthetic,not_applicable,,team_generated,false,dev
JOB-DATA-0031-SKILL-040,JOB-DATA-0031,SKILL-040,55,0.066662,preferred,1.1.0,synthetic,true,SRC-SYNTH,2026-09-05T00:00:00+08:00,0.88,synthetic,not_applicable,,team_generated,false,dev
JOB-DATA-0032-SKILL-046,JOB-DATA-0032,SKILL-046,50,0.0625,required,1.1.0,synthetic,true,SRC-SYNTH,2026-09-05T00:00:00+08:00,0.88,synthetic,not_applicable,,team_generated,false,dev
JOB-DATA-0032-SKILL-048,JOB-DATA-0032,SKILL-048,50,0.0625,required,1.1.0,synthetic,true,SRC-SYNTH,2026-09-05T00:00:00+08:00,0.88,synthetic,not_applicable,,team_generated,false,dev
JOB-DATA-0032-SKILL-049,JOB-DATA-0032,SKILL-049,50,0.0625,required,1.1.0,synthetic,true,SRC-SYNTH,2026-09-05T00:00:00+08:00,0.88,synthetic,not_applicable,,team_generated,false,dev
JOB-DATA-0032-SKILL-054,JOB-DATA-0032,SKILL-054,45,0.0625,required,1.1.0,synthetic,true,SRC-SYNTH,2026-09-05T00:00:00+08:00,0.88,synthetic,not_applicable,,team_generated,false,dev
JOB-DATA-0032-SKILL-001,JOB-DATA-0032,SKILL-001,69,0.0625,required,1.1.0,synthetic,true,SRC-SYNTH,2026-09-05T00:00:00+08:00,0.88,synthetic,not_applicable,,team_generated,false,dev
JOB-DATA-0032-SKILL-009,JOB-DATA-0032,SKILL-009,69,0.0625,required,1.1.0,synthetic,true,SRC-SYNTH,2026-09-05T00:00:00+08:00,0.88,synthetic,not_applicable,,team_generated,false,dev
JOB-DATA-0032-SKILL-010,JOB-DATA-0032,SKILL-010,68,0.0625,required,1.1.0,synthetic,true,SRC-SYNTH,2026-09-05T00:00:00+08:00,0.88,synthetic,not_applicable,,team_generated,false,dev
JOB-DATA-0032-SKILL-011,JOB-DATA-0032,SKILL-011,68,0.0625,required,1.1.0,synthetic,true,SRC-SYNTH,2026-09-05T00:00:00+08:00,0.88,synthetic,not_applicable,,team_generated,false,dev
JOB-DATA-0032-SKILL-012,JOB-DATA-0032,SKILL-012,62,0.0625,required,1.1.0,synthetic,true,SRC-SYNTH,2026-09-05T00:00:00+08:00,0.88,synthetic,not_applicable,,team_generated,false,dev
JOB-DATA-0032-SKILL-013,JOB-DATA-0032,SKILL-013,62,0.0625,required,1.1.0,synthetic,true,SRC-SYNTH,2026-09-05T00:00:00+08:00,0.88,synthetic,not_applicable,,team_generated,false,dev
JOB-DATA-0032-SKILL-014,JOB-DATA-0032,SKILL-014,62,0.0625,required,1.1.0,synthetic,true,SRC-SYNTH,2026-09-05T00:00:00+08:00,0.88,synthetic,not_applicable,,team_generated,false,dev
JOB-DATA-0032-SKILL-015,JOB-DATA-0032,SKILL-015,61,0.0625,preferred,1.1.0,synthetic,true,SRC-SYNTH,2026-09-05T00:00:00+08:00,0.88,synthetic,not_applicable,,team_generated,false,dev
JOB-DATA-0032-SKILL-016,JOB-DATA-0032,SKILL-016,61,0.0625,preferred,1.1.0,synthetic,true,SRC-SYNTH,2026-09-05T00:00:00+08:00,0.88,synthetic,not_applicable,,team_generated,false,dev
JOB-DATA-0032-SKILL-040,JOB-DATA-0032,SKILL-040,55,0.0625,preferred,1.1.0,synthetic,true,SRC-SYNTH,2026-09-05T00:00:00+08:00,0.88,synthetic,not_applicable,,team_generated,false,dev
JOB-DATA-0032-SKILL-041,JOB-DATA-0032,SKILL-041,55,0.0625,preferred,1.1.0,synthetic,true,SRC-SYNTH,2026-09-05T00:00:00+08:00,0.88,synthetic,not_applicable,,team_generated,false,dev
JOB-DATA-0032-SKILL-043,JOB-DATA-0032,SKILL-043,55,0.0625,preferred,1.1.0,synthetic,true,SRC-SYNTH,2026-09-05T00:00:00+08:00,0.88,synthetic,not_applicable,,team_generated,false,dev
JOB-DATA-0033-SKILL-048,JOB-DATA-0033,SKILL-048,50,0.058824,required,1.1.0,synthetic,true,SRC-SYNTH,2026-09-05T00:00:00+08:00,0.88,synthetic,not_applicable,,team_generated,false,dev
JOB-DATA-0033-SKILL-049,JOB-DATA-0033,SKILL-049,50,0.058824,required,1.1.0,synthetic,true,SRC-SYNTH,2026-09-05T00:00:00+08:00,0.88,synthetic,not_applicable,,team_generated,false,dev
JOB-DATA-0033-SKILL-054,JOB-DATA-0033,SKILL-054,45,0.058824,required,1.1.0,synthetic,true,SRC-SYNTH,2026-09-05T00:00:00+08:00,0.88,synthetic,not_applicable,,team_generated,false,dev
JOB-DATA-0033-SKILL-001,JOB-DATA-0033,SKILL-001,69,0.058824,required,1.1.0,synthetic,true,SRC-SYNTH,2026-09-05T00:00:00+08:00,0.88,synthetic,not_applicable,,team_generated,false,dev
JOB-DATA-0033-SKILL-009,JOB-DATA-0033,SKILL-009,69,0.058824,required,1.1.0,synthetic,true,SRC-SYNTH,2026-09-05T00:00:00+08:00,0.88,synthetic,not_applicable,,team_generated,false,dev
JOB-DATA-0033-SKILL-010,JOB-DATA-0033,SKILL-010,68,0.058824,required,1.1.0,synthetic,true,SRC-SYNTH,2026-09-05T00:00:00+08:00,0.88,synthetic,not_applicable,,team_generated,false,dev
JOB-DATA-0033-SKILL-011,JOB-DATA-0033,SKILL-011,68,0.058824,required,1.1.0,synthetic,true,SRC-SYNTH,2026-09-05T00:00:00+08:00,0.88,synthetic,not_applicable,,team_generated,false,dev
JOB-DATA-0033-SKILL-012,JOB-DATA-0033,SKILL-012,62,0.058824,required,1.1.0,synthetic,true,SRC-SYNTH,2026-09-05T00:00:00+08:00,0.88,synthetic,not_applicable,,team_generated,false,dev
JOB-DATA-0033-SKILL-013,JOB-DATA-0033,SKILL-013,62,0.058824,required,1.1.0,synthetic,true,SRC-SYNTH,2026-09-05T00:00:00+08:00,0.88,synthetic,not_applicable,,team_generated,false,dev
JOB-DATA-0033-SKILL-014,JOB-DATA-0033,SKILL-014,62,0.058824,required,1.1.0,synthetic,true,SRC-SYNTH,2026-09-05T00:00:00+08:00,0.88,synthetic,not_applicable,,team_generated,false,dev
JOB-DATA-0033-SKILL-015,JOB-DATA-0033,SKILL-015,61,0.058824,required,1.1.0,synthetic,true,SRC-SYNTH,2026-09-05T00:00:00+08:00,0.88,synthetic,not_applicable,,team_generated,false,dev
JOB-DATA-0033-SKILL-016,JOB-DATA-0033,SKILL-016,61,0.058824,required,1.1.0,synthetic,true,SRC-SYNTH,2026-09-05T00:00:00+08:00,0.88,synthetic,not_applicable,,team_generated,false,dev
JOB-DATA-0033-SKILL-040,JOB-DATA-0033,SKILL-040,55,0.058824,preferred,1.1.0,synthetic,true,SRC-SYNTH,2026-09-05T00:00:00+08:00,0.88,synthetic,not_applicable,,team_generated,false,dev
JOB-DATA-0033-SKILL-041,JOB-DATA-0033,SKILL-041,55,0.058824,preferred,1.1.0,synthetic,true,SRC-SYNTH,2026-09-05T00:00:00+08:00,0.88,synthetic,not_applicable,,team_generated,false,dev
JOB-DATA-0033-SKILL-043,JOB-DATA-0033,SKILL-043,55,0.058824,preferred,1.1.0,synthetic,true,SRC-SYNTH,2026-09-05T00:00:00+08:00,0.88,synthetic,not_applicable,,team_generated,false,dev
JOB-DATA-0033-SKILL-044,JOB-DATA-0033,SKILL-044,54,0.058824,preferred,1.1.0,synthetic,true,SRC-SYNTH,2026-09-05T00:00:00+08:00,0.88,synthetic,not_applicable,,team_generated,false,dev
JOB-DATA-0033-SKILL-045,JOB-DATA-0033,SKILL-045,54,0.058816,preferred,1.1.0,synthetic,true,SRC-SYNTH,2026-09-05T00:00:00+08:00,0.88,synthetic,not_applicable,,team_generated,false,dev
JOB-DATA-0034-SKILL-049,JOB-DATA-0034,SKILL-049,50,0.055556,required,1.1.0,synthetic,true,SRC-SYNTH,2026-09-05T00:00:00+08:00,0.88,synthetic,not_applicable,,team_generated,false,dev
JOB-DATA-0034-SKILL-054,JOB-DATA-0034,SKILL-054,45,0.055556,required,1.1.0,synthetic,true,SRC-SYNTH,2026-09-05T00:00:00+08:00,0.88,synthetic,not_applicable,,team_generated,false,dev
JOB-DATA-0034-SKILL-001,JOB-DATA-0034,SKILL-001,69,0.055556,required,1.1.0,synthetic,true,SRC-SYNTH,2026-09-05T00:00:00+08:00,0.88,synthetic,not_applicable,,team_generated,false,dev
JOB-DATA-0034-SKILL-009,JOB-DATA-0034,SKILL-009,69,0.055556,required,1.1.0,synthetic,true,SRC-SYNTH,2026-09-05T00:00:00+08:00,0.88,synthetic,not_applicable,,team_generated,false,dev
JOB-DATA-0034-SKILL-010,JOB-DATA-0034,SKILL-010,68,0.055556,required,1.1.0,synthetic,true,SRC-SYNTH,2026-09-05T00:00:00+08:00,0.88,synthetic,not_applicable,,team_generated,false,dev
JOB-DATA-0034-SKILL-011,JOB-DATA-0034,SKILL-011,68,0.055556,required,1.1.0,synthetic,true,SRC-SYNTH,2026-09-05T00:00:00+08:00,0.88,synthetic,not_applicable,,team_generated,false,dev
JOB-DATA-0034-SKILL-012,JOB-DATA-0034,SKILL-012,62,0.055556,required,1.1.0,synthetic,true,SRC-SYNTH,2026-09-05T00:00:00+08:00,0.88,synthetic,not_applicable,,team_generated,false,dev
JOB-DATA-0034-SKILL-013,JOB-DATA-0034,SKILL-013,62,0.055556,required,1.1.0,synthetic,true,SRC-SYNTH,2026-09-05T00:00:00+08:00,0.88,synthetic,not_applicable,,team_generated,false,dev
JOB-DATA-0034-SKILL-014,JOB-DATA-0034,SKILL-014,62,0.055556,required,1.1.0,synthetic,true,SRC-SYNTH,2026-09-05T00:00:00+08:00,0.88,synthetic,not_applicable,,team_generated,false,dev
JOB-DATA-0034-SKILL-015,JOB-DATA-0034,SKILL-015,61,0.055556,required,1.1.0,synthetic,true,SRC-SYNTH,2026-09-05T00:00:00+08:00,0.88,synthetic,not_applicable,,team_generated,false,dev
JOB-DATA-0034-SKILL-016,JOB-DATA-0034,SKILL-016,61,0.055556,required,1.1.0,synthetic,true,SRC-SYNTH,2026-09-05T00:00:00+08:00,0.88,synthetic,not_applicable,,team_generated,false,dev
JOB-DATA-0034-SKILL-040,JOB-DATA-0034,SKILL-040,55,0.055556,required,1.1.0,synthetic,true,SRC-SYNTH,2026-09-05T00:00:00+08:00,0.88,synthetic,not_applicable,,team_generated,false,dev
JOB-DATA-0034-SKILL-041,JOB-DATA-0034,SKILL-041,55,0.055556,preferred,1.1.0,synthetic,true,SRC-SYNTH,2026-09-05T00:00:00+08:00,0.88,synthetic,not_applicable,,team_generated,false,dev
JOB-DATA-0034-SKILL-043,JOB-DATA-0034,SKILL-043,55,0.055556,preferred,1.1.0,synthetic,true,SRC-SYNTH,2026-09-05T00:00:00+08:00,0.88,synthetic,not_applicable,,team_generated,false,dev
JOB-DATA-0034-SKILL-044,JOB-DATA-0034,SKILL-044,54,0.055556,preferred,1.1.0,synthetic,true,SRC-SYNTH,2026-09-05T00:00:00+08:00,0.88,synthetic,not_applicable,,team_generated,false,dev
JOB-DATA-0034-SKILL-045,JOB-DATA-0034,SKILL-045,54,0.055556,preferred,1.1.0,synthetic,true,SRC-SYNTH,2026-09-05T00:00:00+08:00,0.88,synthetic,not_applicable,,team_generated,false,dev
JOB-DATA-0034-SKILL-046,JOB-DATA-0034,SKILL-046,48,0.055556,preferred,1.1.0,synthetic,true,SRC-SYNTH,2026-09-05T00:00:00+08:00,0.88,synthetic,not_applicable,,team_generated,false,dev
JOB-DATA-0034-SKILL-048,JOB-DATA-0034,SKILL-048,48,0.055548,preferred,1.1.0,synthetic,true,SRC-SYNTH,2026-09-05T00:00:00+08:00,0.88,synthetic,not_applicable,,team_generated,false,dev
JOB-DATA-0035-SKILL-054,JOB-DATA-0035,SKILL-054,45,0.083333,required,1.1.0,synthetic,true,SRC-SYNTH,2026-09-05T00:00:00+08:00,0.88,synthetic,not_applicable,,team_generated,false,dev
JOB-DATA-0035-SKILL-001,JOB-DATA-0035,SKILL-001,69,0.083333,required,1.1.0,synthetic,true,SRC-SYNTH,2026-09-05T00:00:00+08:00,0.88,synthetic,not_applicable,,team_generated,false,dev
JOB-DATA-0035-SKILL-009,JOB-DATA-0035,SKILL-009,69,0.083333,required,1.1.0,synthetic,true,SRC-SYNTH,2026-09-05T00:00:00+08:00,0.88,synthetic,not_applicable,,team_generated,false,dev
JOB-DATA-0035-SKILL-010,JOB-DATA-0035,SKILL-010,68,0.083333,required,1.1.0,synthetic,true,SRC-SYNTH,2026-09-05T00:00:00+08:00,0.88,synthetic,not_applicable,,team_generated,false,dev
JOB-DATA-0035-SKILL-011,JOB-DATA-0035,SKILL-011,68,0.083333,required,1.1.0,synthetic,true,SRC-SYNTH,2026-09-05T00:00:00+08:00,0.88,synthetic,not_applicable,,team_generated,false,dev
JOB-DATA-0035-SKILL-012,JOB-DATA-0035,SKILL-012,62,0.083333,required,1.1.0,synthetic,true,SRC-SYNTH,2026-09-05T00:00:00+08:00,0.88,synthetic,not_applicable,,team_generated,false,dev
JOB-DATA-0035-SKILL-013,JOB-DATA-0035,SKILL-013,62,0.083333,required,1.1.0,synthetic,true,SRC-SYNTH,2026-09-05T00:00:00+08:00,0.88,synthetic,not_applicable,,team_generated,false,dev
JOB-DATA-0035-SKILL-014,JOB-DATA-0035,SKILL-014,62,0.083333,required,1.1.0,synthetic,true,SRC-SYNTH,2026-09-05T00:00:00+08:00,0.88,synthetic,not_applicable,,team_generated,false,dev
JOB-DATA-0035-SKILL-015,JOB-DATA-0035,SKILL-015,61,0.083333,preferred,1.1.0,synthetic,true,SRC-SYNTH,2026-09-05T00:00:00+08:00,0.88,synthetic,not_applicable,,team_generated,false,dev
JOB-DATA-0035-SKILL-016,JOB-DATA-0035,SKILL-016,61,0.083333,preferred,1.1.0,synthetic,true,SRC-SYNTH,2026-09-05T00:00:00+08:00,0.88,synthetic,not_applicable,,team_generated,false,dev
JOB-DATA-0035-SKILL-040,JOB-DATA-0035,SKILL-040,55,0.083333,preferred,1.1.0,synthetic,true,SRC-SYNTH,2026-09-05T00:00:00+08:00,0.88,synthetic,not_applicable,,team_generated,false,dev
JOB-DATA-0035-SKILL-041,JOB-DATA-0035,SKILL-041,55,0.083337,preferred,1.1.0,synthetic,true,SRC-SYNTH,2026-09-05T00:00:00+08:00,0.88,synthetic,not_applicable,,team_generated,false,dev
JOB-DATA-0036-SKILL-001,JOB-DATA-0036,SKILL-001,69,0.076923,required,1.1.0,synthetic,true,SRC-SYNTH,2026-09-05T00:00:00+08:00,0.88,synthetic,not_applicable,,team_generated,false,dev
JOB-DATA-0036-SKILL-009,JOB-DATA-0036,SKILL-009,69,0.076923,required,1.1.0,synthetic,true,SRC-SYNTH,2026-09-05T00:00:00+08:00,0.88,synthetic,not_applicable,,team_generated,false,dev
JOB-DATA-0036-SKILL-010,JOB-DATA-0036,SKILL-010,68,0.076923,required,1.1.0,synthetic,true,SRC-SYNTH,2026-09-05T00:00:00+08:00,0.88,synthetic,not_applicable,,team_generated,false,dev
JOB-DATA-0036-SKILL-011,JOB-DATA-0036,SKILL-011,68,0.076923,required,1.1.0,synthetic,true,SRC-SYNTH,2026-09-05T00:00:00+08:00,0.88,synthetic,not_applicable,,team_generated,false,dev
JOB-DATA-0036-SKILL-012,JOB-DATA-0036,SKILL-012,62,0.076923,required,1.1.0,synthetic,true,SRC-SYNTH,2026-09-05T00:00:00+08:00,0.88,synthetic,not_applicable,,team_generated,false,dev
JOB-DATA-0036-SKILL-013,JOB-DATA-0036,SKILL-013,62,0.076923,required,1.1.0,synthetic,true,SRC-SYNTH,2026-09-05T00:00:00+08:00,0.88,synthetic,not_applicable,,team_generated,false,dev
JOB-DATA-0036-SKILL-014,JOB-DATA-0036,SKILL-014,62,0.076923,required,1.1.0,synthetic,true,SRC-SYNTH,2026-09-05T00:00:00+08:00,0.88,synthetic,not_applicable,,team_generated,false,dev
JOB-DATA-0036-SKILL-015,JOB-DATA-0036,SKILL-015,61,0.076923,required,1.1.0,synthetic,true,SRC-SYNTH,2026-09-05T00:00:00+08:00,0.88,synthetic,not_applicable,,team_generated,false,dev
JOB-DATA-0036-SKILL-016,JOB-DATA-0036,SKILL-016,61,0.076923,required,1.1.0,synthetic,true,SRC-SYNTH,2026-09-05T00:00:00+08:00,0.88,synthetic,not_applicable,,team_generated,false,dev
JOB-DATA-0036-SKILL-040,JOB-DATA-0036,SKILL-040,55,0.076923,preferred,1.1.0,synthetic,true,SRC-SYNTH,2026-09-05T00:00:00+08:00,0.88,synthetic,not_applicable,,team_generated,false,dev
JOB-DATA-0036-SKILL-041,JOB-DATA-0036,SKILL-041,55,0.076923,preferred,1.1.0,synthetic,true,SRC-SYNTH,2026-09-05T00:00:00+08:00,0.88,synthetic,not_applicable,,team_generated,false,dev
JOB-DATA-0036-SKILL-043,JOB-DATA-0036,SKILL-043,55,0.076923,preferred,1.1.0,synthetic,true,SRC-SYNTH,2026-09-05T00:00:00+08:00,0.88,synthetic,not_applicable,,team_generated,false,dev
JOB-DATA-0036-SKILL-044,JOB-DATA-0036,SKILL-044,54,0.076924,preferred,1.1.0,synthetic,true,SRC-SYNTH,2026-09-05T00:00:00+08:00,0.88,synthetic,not_applicable,,team_generated,false,dev
JOB-DATA-0037-SKILL-009,JOB-DATA-0037,SKILL-009,69,0.071429,required,1.1.0,synthetic,true,SRC-SYNTH,2026-09-05T00:00:00+08:00,0.88,synthetic,not_applicable,,team_generated,false,dev
JOB-DATA-0037-SKILL-010,JOB-DATA-0037,SKILL-010,68,0.071429,required,1.1.0,synthetic,true,SRC-SYNTH,2026-09-05T00:00:00+08:00,0.88,synthetic,not_applicable,,team_generated,false,dev
JOB-DATA-0037-SKILL-011,JOB-DATA-0037,SKILL-011,68,0.071429,required,1.1.0,synthetic,true,SRC-SYNTH,2026-09-05T00:00:00+08:00,0.88,synthetic,not_applicable,,team_generated,false,dev
JOB-DATA-0037-SKILL-012,JOB-DATA-0037,SKILL-012,62,0.071429,required,1.1.0,synthetic,true,SRC-SYNTH,2026-09-05T00:00:00+08:00,0.88,synthetic,not_applicable,,team_generated,false,dev
JOB-DATA-0037-SKILL-013,JOB-DATA-0037,SKILL-013,62,0.071429,required,1.1.0,synthetic,true,SRC-SYNTH,2026-09-05T00:00:00+08:00,0.88,synthetic,not_applicable,,team_generated,false,dev
JOB-DATA-0037-SKILL-014,JOB-DATA-0037,SKILL-014,62,0.071429,required,1.1.0,synthetic,true,SRC-SYNTH,2026-09-05T00:00:00+08:00,0.88,synthetic,not_applicable,,team_generated,false,dev
JOB-DATA-0037-SKILL-015,JOB-DATA-0037,SKILL-015,61,0.071429,required,1.1.0,synthetic,true,SRC-SYNTH,2026-09-05T00:00:00+08:00,0.88,synthetic,not_applicable,,team_generated,false,dev
JOB-DATA-0037-SKILL-016,JOB-DATA-0037,SKILL-016,61,0.071429,required,1.1.0,synthetic,true,SRC-SYNTH,2026-09-05T00:00:00+08:00,0.88,synthetic,not_applicable,,team_generated,false,dev
JOB-DATA-0037-SKILL-040,JOB-DATA-0037,SKILL-040,55,0.071429,required,1.1.0,synthetic,true,SRC-SYNTH,2026-09-05T00:00:00+08:00,0.88,synthetic,not_applicable,,team_generated,false,dev
JOB-DATA-0037-SKILL-041,JOB-DATA-0037,SKILL-041,55,0.071429,required,1.1.0,synthetic,true,SRC-SYNTH,2026-09-05T00:00:00+08:00,0.88,synthetic,not_applicable,,team_generated,false,dev
JOB-DATA-0037-SKILL-043,JOB-DATA-0037,SKILL-043,55,0.071429,preferred,1.1.0,synthetic,true,SRC-SYNTH,2026-09-05T00:00:00+08:00,0.88,synthetic,not_applicable,,team_generated,false,dev
JOB-DATA-0037-SKILL-044,JOB-DATA-0037,SKILL-044,54,0.071429,preferred,1.1.0,synthetic,true,SRC-SYNTH,2026-09-05T00:00:00+08:00,0.88,synthetic,not_applicable,,team_generated,false,dev
JOB-DATA-0037-SKILL-045,JOB-DATA-0037,SKILL-045,54,0.071429,preferred,1.1.0,synthetic,true,SRC-SYNTH,2026-09-05T00:00:00+08:00,0.88,synthetic,not_applicable,,team_generated,false,dev
JOB-DATA-0037-SKILL-046,JOB-DATA-0037,SKILL-046,48,0.071423,preferred,1.1.0,synthetic,true,SRC-SYNTH,2026-09-05T00:00:00+08:00,0.88,synthetic,not_applicable,,team_generated,false,dev
JOB-DATA-0038-SKILL-010,JOB-DATA-0038,SKILL-010,68,0.066667,required,1.1.0,synthetic,true,SRC-SYNTH,2026-09-05T00:00:00+08:00,0.88,synthetic,not_applicable,,team_generated,false,dev
JOB-DATA-0038-SKILL-011,JOB-DATA-0038,SKILL-011,68,0.066667,required,1.1.0,synthetic,true,SRC-SYNTH,2026-09-05T00:00:00+08:00,0.88,synthetic,not_applicable,,team_generated,false,dev
JOB-DATA-0038-SKILL-012,JOB-DATA-0038,SKILL-012,62,0.066667,required,1.1.0,synthetic,true,SRC-SYNTH,2026-09-05T00:00:00+08:00,0.88,synthetic,not_applicable,,team_generated,false,dev
JOB-DATA-0038-SKILL-013,JOB-DATA-0038,SKILL-013,62,0.066667,required,1.1.0,synthetic,true,SRC-SYNTH,2026-09-05T00:00:00+08:00,0.88,synthetic,not_applicable,,team_generated,false,dev
JOB-DATA-0038-SKILL-014,JOB-DATA-0038,SKILL-014,62,0.066667,required,1.1.0,synthetic,true,SRC-SYNTH,2026-09-05T00:00:00+08:00,0.88,synthetic,not_applicable,,team_generated,false,dev
JOB-DATA-0038-SKILL-015,JOB-DATA-0038,SKILL-015,61,0.066667,required,1.1.0,synthetic,true,SRC-SYNTH,2026-09-05T00:00:00+08:00,0.88,synthetic,not_applicable,,team_generated,false,dev
JOB-DATA-0038-SKILL-016,JOB-DATA-0038,SKILL-016,61,0.066667,required,1.1.0,synthetic,true,SRC-SYNTH,2026-09-05T00:00:00+08:00,0.88,synthetic,not_applicable,,team_generated,false,dev
JOB-DATA-0038-SKILL-040,JOB-DATA-0038,SKILL-040,55,0.066667,required,1.1.0,synthetic,true,SRC-SYNTH,2026-09-05T00:00:00+08:00,0.88,synthetic,not_applicable,,team_generated,false,dev
JOB-DATA-0038-SKILL-041,JOB-DATA-0038,SKILL-041,55,0.066667,required,1.1.0,synthetic,true,SRC-SYNTH,2026-09-05T00:00:00+08:00,0.88,synthetic,not_applicable,,team_generated,false,dev
JOB-DATA-0038-SKILL-043,JOB-DATA-0038,SKILL-043,55,0.066667,required,1.1.0,synthetic,true,SRC-SYNTH,2026-09-05T00:00:00+08:00,0.88,synthetic,not_applicable,,team_generated,false,dev
JOB-DATA-0038-SKILL-044,JOB-DATA-0038,SKILL-044,54,0.066667,preferred,1.1.0,synthetic,true,SRC-SYNTH,2026-09-05T00:00:00+08:00,0.88,synthetic,not_applicable,,team_generated,false,dev
JOB-DATA-0038-SKILL-045,JOB-DATA-0038,SKILL-045,54,0.066667,preferred,1.1.0,synthetic,true,SRC-SYNTH,2026-09-05T00:00:00+08:00,0.88,synthetic,not_applicable,,team_generated,false,dev
JOB-DATA-0038-SKILL-046,JOB-DATA-0038,SKILL-046,48,0.066667,preferred,1.1.0,synthetic,true,SRC-SYNTH,2026-09-05T00:00:00+08:00,0.88,synthetic,not_applicable,,team_generated,false,dev
JOB-DATA-0038-SKILL-048,JOB-DATA-0038,SKILL-048,48,0.066667,preferred,1.1.0,synthetic,true,SRC-SYNTH,2026-09-05T00:00:00+08:00,0.88,synthetic,not_applicable,,team_generated,false,dev
JOB-DATA-0038-SKILL-049,JOB-DATA-0038,SKILL-049,48,0.066662,preferred,1.1.0,synthetic,true,SRC-SYNTH,2026-09-05T00:00:00+08:00,0.88,synthetic,not_applicable,,team_generated,false,dev
JOB-DATA-0039-SKILL-011,JOB-DATA-0039,SKILL-011,68,0.0625,required,1.1.0,synthetic,true,SRC-SYNTH,2026-09-05T00:00:00+08:00,0.88,synthetic,not_applicable,,team_generated,false,dev
JOB-DATA-0039-SKILL-012,JOB-DATA-0039,SKILL-012,62,0.0625,required,1.1.0,synthetic,true,SRC-SYNTH,2026-09-05T00:00:00+08:00,0.88,synthetic,not_applicable,,team_generated,false,dev
JOB-DATA-0039-SKILL-013,JOB-DATA-0039,SKILL-013,62,0.0625,required,1.1.0,synthetic,true,SRC-SYNTH,2026-09-05T00:00:00+08:00,0.88,synthetic,not_applicable,,team_generated,false,dev
JOB-DATA-0039-SKILL-014,JOB-DATA-0039,SKILL-014,62,0.0625,required,1.1.0,synthetic,true,SRC-SYNTH,2026-09-05T00:00:00+08:00,0.88,synthetic,not_applicable,,team_generated,false,dev
JOB-DATA-0039-SKILL-015,JOB-DATA-0039,SKILL-015,61,0.0625,required,1.1.0,synthetic,true,SRC-SYNTH,2026-09-05T00:00:00+08:00,0.88,synthetic,not_applicable,,team_generated,false,dev
JOB-DATA-0039-SKILL-016,JOB-DATA-0039,SKILL-016,61,0.0625,required,1.1.0,synthetic,true,SRC-SYNTH,2026-09-05T00:00:00+08:00,0.88,synthetic,not_applicable,,team_generated,false,dev
JOB-DATA-0039-SKILL-040,JOB-DATA-0039,SKILL-040,55,0.0625,required,1.1.0,synthetic,true,SRC-SYNTH,2026-09-05T00:00:00+08:00,0.88,synthetic,not_applicable,,team_generated,false,dev
JOB-DATA-0039-SKILL-041,JOB-DATA-0039,SKILL-041,55,0.0625,required,1.1.0,synthetic,true,SRC-SYNTH,2026-09-05T00:00:00+08:00,0.88,synthetic,not_applicable,,team_generated,false,dev
JOB-DATA-0039-SKILL-043,JOB-DATA-0039,SKILL-043,55,0.0625,required,1.1.0,synthetic,true,SRC-SYNTH,2026-09-05T00:00:00+08:00,0.88,synthetic,not_applicable,,team_generated,false,dev
JOB-DATA-0039-SKILL-044,JOB-DATA-0039,SKILL-044,54,0.0625,required,1.1.0,synthetic,true,SRC-SYNTH,2026-09-05T00:00:00+08:00,0.88,synthetic,not_applicable,,team_generated,false,dev
JOB-DATA-0039-SKILL-045,JOB-DATA-0039,SKILL-045,54,0.0625,required,1.1.0,synthetic,true,SRC-SYNTH,2026-09-05T00:00:00+08:00,0.88,synthetic,not_applicable,,team_generated,false,dev
JOB-DATA-0039-SKILL-046,JOB-DATA-0039,SKILL-046,48,0.0625,preferred,1.1.0,synthetic,true,SRC-SYNTH,2026-09-05T00:00:00+08:00,0.88,synthetic,not_applicable,,team_generated,false,dev
JOB-DATA-0039-SKILL-048,JOB-DATA-0039,SKILL-048,48,0.0625,preferred,1.1.0,synthetic,true,SRC-SYNTH,2026-09-05T00:00:00+08:00,0.88,synthetic,not_applicable,,team_generated,false,dev
JOB-DATA-0039-SKILL-049,JOB-DATA-0039,SKILL-049,48,0.0625,preferred,1.1.0,synthetic,true,SRC-SYNTH,2026-09-05T00:00:00+08:00,0.88,synthetic,not_applicable,,team_generated,false,dev
JOB-DATA-0039-SKILL-054,JOB-DATA-0039,SKILL-054,48,0.0625,preferred,1.1.0,synthetic,true,SRC-SYNTH,2026-09-05T00:00:00+08:00,0.88,synthetic,not_applicable,,team_generated,false,dev
JOB-DATA-0039-SKILL-001,JOB-DATA-0039,SKILL-001,72,0.0625,preferred,1.1.0,synthetic,true,SRC-SYNTH,2026-09-05T00:00:00+08:00,0.88,synthetic,not_applicable,,team_generated,false,dev
JOB-DATA-0040-SKILL-012,JOB-DATA-0040,SKILL-012,62,0.058824,required,1.1.0,synthetic,true,SRC-SYNTH,2026-09-05T00:00:00+08:00,0.88,synthetic,not_applicable,,team_generated,false,dev
JOB-DATA-0040-SKILL-013,JOB-DATA-0040,SKILL-013,62,0.058824,required,1.1.0,synthetic,true,SRC-SYNTH,2026-09-05T00:00:00+08:00,0.88,synthetic,not_applicable,,team_generated,false,dev
JOB-DATA-0040-SKILL-014,JOB-DATA-0040,SKILL-014,62,0.058824,required,1.1.0,synthetic,true,SRC-SYNTH,2026-09-05T00:00:00+08:00,0.88,synthetic,not_applicable,,team_generated,false,dev
JOB-DATA-0040-SKILL-015,JOB-DATA-0040,SKILL-015,61,0.058824,required,1.1.0,synthetic,true,SRC-SYNTH,2026-09-05T00:00:00+08:00,0.88,synthetic,not_applicable,,team_generated,false,dev
JOB-DATA-0040-SKILL-016,JOB-DATA-0040,SKILL-016,61,0.058824,required,1.1.0,synthetic,true,SRC-SYNTH,2026-09-05T00:00:00+08:00,0.88,synthetic,not_applicable,,team_generated,false,dev
JOB-DATA-0040-SKILL-040,JOB-DATA-0040,SKILL-040,55,0.058824,required,1.1.0,synthetic,true,SRC-SYNTH,2026-09-05T00:00:00+08:00,0.88,synthetic,not_applicable,,team_generated,false,dev
JOB-DATA-0040-SKILL-041,JOB-DATA-0040,SKILL-041,55,0.058824,required,1.1.0,synthetic,true,SRC-SYNTH,2026-09-05T00:00:00+08:00,0.88,synthetic,not_applicable,,team_generated,false,dev
JOB-DATA-0040-SKILL-043,JOB-DATA-0040,SKILL-043,55,0.058824,required,1.1.0,synthetic,true,SRC-SYNTH,2026-09-05T00:00:00+08:00,0.88,synthetic,not_applicable,,team_generated,false,dev
JOB-DATA-0040-SKILL-044,JOB-DATA-0040,SKILL-044,54,0.058824,required,1.1.0,synthetic,true,SRC-SYNTH,2026-09-05T00:00:00+08:00,0.88,synthetic,not_applicable,,team_generated,false,dev
JOB-DATA-0040-SKILL-045,JOB-DATA-0040,SKILL-045,54,0.058824,required,1.1.0,synthetic,true,SRC-SYNTH,2026-09-05T00:00:00+08:00,0.88,synthetic,not_applicable,,team_generated,false,dev
JOB-DATA-0040-SKILL-046,JOB-DATA-0040,SKILL-046,48,0.058824,required,1.1.0,synthetic,true,SRC-SYNTH,2026-09-05T00:00:00+08:00,0.88,synthetic,not_applicable,,team_generated,false,dev
JOB-DATA-0040-SKILL-048,JOB-DATA-0040,SKILL-048,48,0.058824,required,1.1.0,synthetic,true,SRC-SYNTH,2026-09-05T00:00:00+08:00,0.88,synthetic,not_applicable,,team_generated,false,dev
JOB-DATA-0040-SKILL-049,JOB-DATA-0040,SKILL-049,48,0.058824,preferred,1.1.0,synthetic,true,SRC-SYNTH,2026-09-05T00:00:00+08:00,0.88,synthetic,not_applicable,,team_generated,false,dev
JOB-DATA-0040-SKILL-054,JOB-DATA-0040,SKILL-054,48,0.058824,preferred,1.1.0,synthetic,true,SRC-SYNTH,2026-09-05T00:00:00+08:00,0.88,synthetic,not_applicable,,team_generated,false,dev
JOB-DATA-0040-SKILL-001,JOB-DATA-0040,SKILL-001,72,0.058824,preferred,1.1.0,synthetic,true,SRC-SYNTH,2026-09-05T00:00:00+08:00,0.88,synthetic,not_applicable,,team_generated,false,dev
JOB-DATA-0040-SKILL-009,JOB-DATA-0040,SKILL-009,67,0.058824,preferred,1.1.0,synthetic,true,SRC-SYNTH,2026-09-05T00:00:00+08:00,0.88,synthetic,not_applicable,,team_generated,false,dev
JOB-DATA-0040-SKILL-010,JOB-DATA-0040,SKILL-010,66,0.058816,preferred,1.1.0,synthetic,true,SRC-SYNTH,2026-09-05T00:00:00+08:00,0.88,synthetic,not_applicable,,team_generated,false,dev
JOB-DATA-0041-SKILL-013,JOB-DATA-0041,SKILL-013,62,0.055556,required,1.1.0,synthetic,true,SRC-SYNTH,2026-09-05T00:00:00+08:00,0.88,synthetic,not_applicable,,team_generated,false,dev
JOB-DATA-0041-SKILL-014,JOB-DATA-0041,SKILL-014,62,0.055556,required,1.1.0,synthetic,true,SRC-SYNTH,2026-09-05T00:00:00+08:00,0.88,synthetic,not_applicable,,team_generated,false,dev
JOB-DATA-0041-SKILL-015,JOB-DATA-0041,SKILL-015,61,0.055556,required,1.1.0,synthetic,true,SRC-SYNTH,2026-09-05T00:00:00+08:00,0.88,synthetic,not_applicable,,team_generated,false,dev
JOB-DATA-0041-SKILL-016,JOB-DATA-0041,SKILL-016,61,0.055556,required,1.1.0,synthetic,true,SRC-SYNTH,2026-09-05T00:00:00+08:00,0.88,synthetic,not_applicable,,team_generated,false,dev
JOB-DATA-0041-SKILL-040,JOB-DATA-0041,SKILL-040,55,0.055556,required,1.1.0,synthetic,true,SRC-SYNTH,2026-09-05T00:00:00+08:00,0.88,synthetic,not_applicable,,team_generated,false,dev
JOB-DATA-0041-SKILL-041,JOB-DATA-0041,SKILL-041,55,0.055556,required,1.1.0,synthetic,true,SRC-SYNTH,2026-09-05T00:00:00+08:00,0.88,synthetic,not_applicable,,team_generated,false,dev
JOB-DATA-0041-SKILL-043,JOB-DATA-0041,SKILL-043,55,0.055556,required,1.1.0,synthetic,true,SRC-SYNTH,2026-09-05T00:00:00+08:00,0.88,synthetic,not_applicable,,team_generated,false,dev
JOB-DATA-0041-SKILL-044,JOB-DATA-0041,SKILL-044,54,0.055556,required,1.1.0,synthetic,true,SRC-SYNTH,2026-09-05T00:00:00+08:00,0.88,synthetic,not_applicable,,team_generated,false,dev
JOB-DATA-0041-SKILL-045,JOB-DATA-0041,SKILL-045,54,0.055556,required,1.1.0,synthetic,true,SRC-SYNTH,2026-09-05T00:00:00+08:00,0.88,synthetic,not_applicable,,team_generated,false,dev
JOB-DATA-0041-SKILL-046,JOB-DATA-0041,SKILL-046,48,0.055556,required,1.1.0,synthetic,true,SRC-SYNTH,2026-09-05T00:00:00+08:00,0.88,synthetic,not_applicable,,team_generated,false,dev
JOB-DATA-0041-SKILL-048,JOB-DATA-0041,SKILL-048,48,0.055556,required,1.1.0,synthetic,true,SRC-SYNTH,2026-09-05T00:00:00+08:00,0.88,synthetic,not_applicable,,team_generated,false,dev
JOB-DATA-0041-SKILL-049,JOB-DATA-0041,SKILL-049,48,0.055556,required,1.1.0,synthetic,true,SRC-SYNTH,2026-09-05T00:00:00+08:00,0.88,synthetic,not_applicable,,team_generated,false,dev
JOB-DATA-0041-SKILL-054,JOB-DATA-0041,SKILL-054,48,0.055556,preferred,1.1.0,synthetic,true,SRC-SYNTH,2026-09-05T00:00:00+08:00,0.88,synthetic,not_applicable,,team_generated,false,dev
JOB-DATA-0041-SKILL-001,JOB-DATA-0041,SKILL-001,72,0.055556,preferred,1.1.0,synthetic,true,SRC-SYNTH,2026-09-05T00:00:00+08:00,0.88,synthetic,not_applicable,,team_generated,false,dev
JOB-DATA-0041-SKILL-009,JOB-DATA-0041,SKILL-009,67,0.055556,preferred,1.1.0,synthetic,true,SRC-SYNTH,2026-09-05T00:00:00+08:00,0.88,synthetic,not_applicable,,team_generated,false,dev
JOB-DATA-0041-SKILL-010,JOB-DATA-0041,SKILL-010,66,0.055556,preferred,1.1.0,synthetic,true,SRC-SYNTH,2026-09-05T00:00:00+08:00,0.88,synthetic,not_applicable,,team_generated,false,dev
JOB-DATA-0041-SKILL-011,JOB-DATA-0041,SKILL-011,66,0.055556,preferred,1.1.0,synthetic,true,SRC-SYNTH,2026-09-05T00:00:00+08:00,0.88,synthetic,not_applicable,,team_generated,false,dev
JOB-DATA-0041-SKILL-012,JOB-DATA-0041,SKILL-012,65,0.055548,preferred,1.1.0,synthetic,true,SRC-SYNTH,2026-09-05T00:00:00+08:00,0.88,synthetic,not_applicable,,team_generated,false,dev
JOB-DATA-0042-SKILL-014,JOB-DATA-0042,SKILL-014,62,0.083333,required,1.1.0,synthetic,true,SRC-SYNTH,2026-09-05T00:00:00+08:00,0.88,synthetic,not_applicable,,team_generated,false,dev
JOB-DATA-0042-SKILL-015,JOB-DATA-0042,SKILL-015,61,0.083333,required,1.1.0,synthetic,true,SRC-SYNTH,2026-09-05T00:00:00+08:00,0.88,synthetic,not_applicable,,team_generated,false,dev
JOB-DATA-0042-SKILL-016,JOB-DATA-0042,SKILL-016,61,0.083333,required,1.1.0,synthetic,true,SRC-SYNTH,2026-09-05T00:00:00+08:00,0.88,synthetic,not_applicable,,team_generated,false,dev
JOB-DATA-0042-SKILL-040,JOB-DATA-0042,SKILL-040,55,0.083333,required,1.1.0,synthetic,true,SRC-SYNTH,2026-09-05T00:00:00+08:00,0.88,synthetic,not_applicable,,team_generated,false,dev
JOB-DATA-0042-SKILL-041,JOB-DATA-0042,SKILL-041,55,0.083333,required,1.1.0,synthetic,true,SRC-SYNTH,2026-09-05T00:00:00+08:00,0.88,synthetic,not_applicable,,team_generated,false,dev
JOB-DATA-0042-SKILL-043,JOB-DATA-0042,SKILL-043,55,0.083333,required,1.1.0,synthetic,true,SRC-SYNTH,2026-09-05T00:00:00+08:00,0.88,synthetic,not_applicable,,team_generated,false,dev
JOB-DATA-0042-SKILL-044,JOB-DATA-0042,SKILL-044,54,0.083333,required,1.1.0,synthetic,true,SRC-SYNTH,2026-09-05T00:00:00+08:00,0.88,synthetic,not_applicable,,team_generated,false,dev
JOB-DATA-0042-SKILL-045,JOB-DATA-0042,SKILL-045,54,0.083333,required,1.1.0,synthetic,true,SRC-SYNTH,2026-09-05T00:00:00+08:00,0.88,synthetic,not_applicable,,team_generated,false,dev
JOB-DATA-0042-SKILL-046,JOB-DATA-0042,SKILL-046,48,0.083333,preferred,1.1.0,synthetic,true,SRC-SYNTH,2026-09-05T00:00:00+08:00,0.88,synthetic,not_applicable,,team_generated,false,dev
JOB-DATA-0042-SKILL-048,JOB-DATA-0042,SKILL-048,48,0.083333,preferred,1.1.0,synthetic,true,SRC-SYNTH,2026-09-05T00:00:00+08:00,0.88,synthetic,not_applicable,,team_generated,false,dev
JOB-DATA-0042-SKILL-049,JOB-DATA-0042,SKILL-049,48,0.083333,preferred,1.1.0,synthetic,true,SRC-SYNTH,2026-09-05T00:00:00+08:00,0.88,synthetic,not_applicable,,team_generated,false,dev
JOB-DATA-0042-SKILL-054,JOB-DATA-0042,SKILL-054,48,0.083337,preferred,1.1.0,synthetic,true,SRC-SYNTH,2026-09-05T00:00:00+08:00,0.88,synthetic,not_applicable,,team_generated,false,dev
JOB-DATA-0043-SKILL-015,JOB-DATA-0043,SKILL-015,61,0.076923,required,1.1.0,synthetic,true,SRC-SYNTH,2026-09-05T00:00:00+08:00,0.88,synthetic,not_applicable,,team_generated,false,dev
JOB-DATA-0043-SKILL-016,JOB-DATA-0043,SKILL-016,61,0.076923,required,1.1.0,synthetic,true,SRC-SYNTH,2026-09-05T00:00:00+08:00,0.88,synthetic,not_applicable,,team_generated,false,dev
JOB-DATA-0043-SKILL-040,JOB-DATA-0043,SKILL-040,55,0.076923,required,1.1.0,synthetic,true,SRC-SYNTH,2026-09-05T00:00:00+08:00,0.88,synthetic,not_applicable,,team_generated,false,dev
JOB-DATA-0043-SKILL-041,JOB-DATA-0043,SKILL-041,55,0.076923,required,1.1.0,synthetic,true,SRC-SYNTH,2026-09-05T00:00:00+08:00,0.88,synthetic,not_applicable,,team_generated,false,dev
JOB-DATA-0043-SKILL-043,JOB-DATA-0043,SKILL-043,55,0.076923,required,1.1.0,synthetic,true,SRC-SYNTH,2026-09-05T00:00:00+08:00,0.88,synthetic,not_applicable,,team_generated,false,dev
JOB-DATA-0043-SKILL-044,JOB-DATA-0043,SKILL-044,54,0.076923,required,1.1.0,synthetic,true,SRC-SYNTH,2026-09-05T00:00:00+08:00,0.88,synthetic,not_applicable,,team_generated,false,dev
JOB-DATA-0043-SKILL-045,JOB-DATA-0043,SKILL-045,54,0.076923,required,1.1.0,synthetic,true,SRC-SYNTH,2026-09-05T00:00:00+08:00,0.88,synthetic,not_applicable,,team_generated,false,dev
JOB-DATA-0043-SKILL-046,JOB-DATA-0043,SKILL-046,48,0.076923,required,1.1.0,synthetic,true,SRC-SYNTH,2026-09-05T00:00:00+08:00,0.88,synthetic,not_applicable,,team_generated,false,dev
JOB-DATA-0043-SKILL-048,JOB-DATA-0043,SKILL-048,48,0.076923,required,1.1.0,synthetic,true,SRC-SYNTH,2026-09-05T00:00:00+08:00,0.88,synthetic,not_applicable,,team_generated,false,dev
JOB-DATA-0043-SKILL-049,JOB-DATA-0043,SKILL-049,48,0.076923,preferred,1.1.0,synthetic,true,SRC-SYNTH,2026-09-05T00:00:00+08:00,0.88,synthetic,not_applicable,,team_generated,false,dev
JOB-DATA-0043-SKILL-054,JOB-DATA-0043,SKILL-054,48,0.076923,preferred,1.1.0,synthetic,true,SRC-SYNTH,2026-09-05T00:00:00+08:00,0.88,synthetic,not_applicable,,team_generated,false,dev
JOB-DATA-0043-SKILL-001,JOB-DATA-0043,SKILL-001,72,0.076923,preferred,1.1.0,synthetic,true,SRC-SYNTH,2026-09-05T00:00:00+08:00,0.88,synthetic,not_applicable,,team_generated,false,dev
JOB-DATA-0043-SKILL-009,JOB-DATA-0043,SKILL-009,67,0.076924,preferred,1.1.0,synthetic,true,SRC-SYNTH,2026-09-05T00:00:00+08:00,0.88,synthetic,not_applicable,,team_generated,false,dev
JOB-DATA-0044-SKILL-016,JOB-DATA-0044,SKILL-016,61,0.071429,required,1.1.0,synthetic,true,SRC-SYNTH,2026-09-05T00:00:00+08:00,0.88,synthetic,not_applicable,,team_generated,false,dev
JOB-DATA-0044-SKILL-040,JOB-DATA-0044,SKILL-040,55,0.071429,required,1.1.0,synthetic,true,SRC-SYNTH,2026-09-05T00:00:00+08:00,0.88,synthetic,not_applicable,,team_generated,false,dev
JOB-DATA-0044-SKILL-041,JOB-DATA-0044,SKILL-041,55,0.071429,required,1.1.0,synthetic,true,SRC-SYNTH,2026-09-05T00:00:00+08:00,0.88,synthetic,not_applicable,,team_generated,false,dev
JOB-DATA-0044-SKILL-043,JOB-DATA-0044,SKILL-043,55,0.071429,required,1.1.0,synthetic,true,SRC-SYNTH,2026-09-05T00:00:00+08:00,0.88,synthetic,not_applicable,,team_generated,false,dev
JOB-DATA-0044-SKILL-044,JOB-DATA-0044,SKILL-044,54,0.071429,required,1.1.0,synthetic,true,SRC-SYNTH,2026-09-05T00:00:00+08:00,0.88,synthetic,not_applicable,,team_generated,false,dev
JOB-DATA-0044-SKILL-045,JOB-DATA-0044,SKILL-045,54,0.071429,required,1.1.0,synthetic,true,SRC-SYNTH,2026-09-05T00:00:00+08:00,0.88,synthetic,not_applicable,,team_generated,false,dev
JOB-DATA-0044-SKILL-046,JOB-DATA-0044,SKILL-046,48,0.071429,required,1.1.0,synthetic,true,SRC-SYNTH,2026-09-05T00:00:00+08:00,0.88,synthetic,not_applicable,,team_generated,false,dev
JOB-DATA-0044-SKILL-048,JOB-DATA-0044,SKILL-048,48,0.071429,required,1.1.0,synthetic,true,SRC-SYNTH,2026-09-05T00:00:00+08:00,0.88,synthetic,not_applicable,,team_generated,false,dev
JOB-DATA-0044-SKILL-049,JOB-DATA-0044,SKILL-049,48,0.071429,required,1.1.0,synthetic,true,SRC-SYNTH,2026-09-05T00:00:00+08:00,0.88,synthetic,not_applicable,,team_generated,false,dev
JOB-DATA-0044-SKILL-054,JOB-DATA-0044,SKILL-054,48,0.071429,required,1.1.0,synthetic,true,SRC-SYNTH,2026-09-05T00:00:00+08:00,0.88,synthetic,not_applicable,,team_generated,false,dev
JOB-DATA-0044-SKILL-001,JOB-DATA-0044,SKILL-001,72,0.071429,preferred,1.1.0,synthetic,true,SRC-SYNTH,2026-09-05T00:00:00+08:00,0.88,synthetic,not_applicable,,team_generated,false,dev
JOB-DATA-0044-SKILL-009,JOB-DATA-0044,SKILL-009,67,0.071429,preferred,1.1.0,synthetic,true,SRC-SYNTH,2026-09-05T00:00:00+08:00,0.88,synthetic,not_applicable,,team_generated,false,dev
JOB-DATA-0044-SKILL-010,JOB-DATA-0044,SKILL-010,66,0.071429,preferred,1.1.0,synthetic,true,SRC-SYNTH,2026-09-05T00:00:00+08:00,0.88,synthetic,not_applicable,,team_generated,false,dev
JOB-DATA-0044-SKILL-011,JOB-DATA-0044,SKILL-011,66,0.071423,preferred,1.1.0,synthetic,true,SRC-SYNTH,2026-09-05T00:00:00+08:00,0.88,synthetic,not_applicable,,team_generated,false,dev
JOB-DATA-0045-SKILL-040,JOB-DATA-0045,SKILL-040,55,0.066667,required,1.1.0,synthetic,true,SRC-SYNTH,2026-09-05T00:00:00+08:00,0.88,synthetic,not_applicable,,team_generated,false,dev
JOB-DATA-0045-SKILL-041,JOB-DATA-0045,SKILL-041,55,0.066667,required,1.1.0,synthetic,true,SRC-SYNTH,2026-09-05T00:00:00+08:00,0.88,synthetic,not_applicable,,team_generated,false,dev
JOB-DATA-0045-SKILL-043,JOB-DATA-0045,SKILL-043,55,0.066667,required,1.1.0,synthetic,true,SRC-SYNTH,2026-09-05T00:00:00+08:00,0.88,synthetic,not_applicable,,team_generated,false,dev
JOB-DATA-0045-SKILL-044,JOB-DATA-0045,SKILL-044,54,0.066667,required,1.1.0,synthetic,true,SRC-SYNTH,2026-09-05T00:00:00+08:00,0.88,synthetic,not_applicable,,team_generated,false,dev
JOB-DATA-0045-SKILL-045,JOB-DATA-0045,SKILL-045,54,0.066667,required,1.1.0,synthetic,true,SRC-SYNTH,2026-09-05T00:00:00+08:00,0.88,synthetic,not_applicable,,team_generated,false,dev
JOB-DATA-0045-SKILL-046,JOB-DATA-0045,SKILL-046,48,0.066667,required,1.1.0,synthetic,true,SRC-SYNTH,2026-09-05T00:00:00+08:00,0.88,synthetic,not_applicable,,team_generated,false,dev
JOB-DATA-0045-SKILL-048,JOB-DATA-0045,SKILL-048,48,0.066667,required,1.1.0,synthetic,true,SRC-SYNTH,2026-09-05T00:00:00+08:00,0.88,synthetic,not_applicable,,team_generated,false,dev
JOB-DATA-0045-SKILL-049,JOB-DATA-0045,SKILL-049,48,0.066667,required,1.1.0,synthetic,true,SRC-SYNTH,2026-09-05T00:00:00+08:00,0.88,synthetic,not_applicable,,team_generated,false,dev
JOB-DATA-0045-SKILL-054,JOB-DATA-0045,SKILL-054,48,0.066667,required,1.1.0,synthetic,true,SRC-SYNTH,2026-09-05T00:00:00+08:00,0.88,synthetic,not_applicable,,team_generated,false,dev
JOB-DATA-0045-SKILL-001,JOB-DATA-0045,SKILL-001,72,0.066667,required,1.1.0,synthetic,true,SRC-SYNTH,2026-09-05T00:00:00+08:00,0.88,synthetic,not_applicable,,team_generated,false,dev
JOB-DATA-0045-SKILL-009,JOB-DATA-0045,SKILL-009,67,0.066667,preferred,1.1.0,synthetic,true,SRC-SYNTH,2026-09-05T00:00:00+08:00,0.88,synthetic,not_applicable,,team_generated,false,dev
JOB-DATA-0045-SKILL-010,JOB-DATA-0045,SKILL-010,66,0.066667,preferred,1.1.0,synthetic,true,SRC-SYNTH,2026-09-05T00:00:00+08:00,0.88,synthetic,not_applicable,,team_generated,false,dev
JOB-DATA-0045-SKILL-011,JOB-DATA-0045,SKILL-011,66,0.066667,preferred,1.1.0,synthetic,true,SRC-SYNTH,2026-09-05T00:00:00+08:00,0.88,synthetic,not_applicable,,team_generated,false,dev
JOB-DATA-0045-SKILL-012,JOB-DATA-0045,SKILL-012,65,0.066667,preferred,1.1.0,synthetic,true,SRC-SYNTH,2026-09-05T00:00:00+08:00,0.88,synthetic,not_applicable,,team_generated,false,dev
JOB-DATA-0045-SKILL-013,JOB-DATA-0045,SKILL-013,65,0.066662,preferred,1.1.0,synthetic,true,SRC-SYNTH,2026-09-05T00:00:00+08:00,0.88,synthetic,not_applicable,,team_generated,false,dev
JOB-DATA-0046-SKILL-041,JOB-DATA-0046,SKILL-041,55,0.0625,required,1.1.0,synthetic,true,SRC-SYNTH,2026-09-05T00:00:00+08:00,0.88,synthetic,not_applicable,,team_generated,false,dev
JOB-DATA-0046-SKILL-043,JOB-DATA-0046,SKILL-043,55,0.0625,required,1.1.0,synthetic,true,SRC-SYNTH,2026-09-05T00:00:00+08:00,0.88,synthetic,not_applicable,,team_generated,false,dev
JOB-DATA-0046-SKILL-044,JOB-DATA-0046,SKILL-044,54,0.0625,required,1.1.0,synthetic,true,SRC-SYNTH,2026-09-05T00:00:00+08:00,0.88,synthetic,not_applicable,,team_generated,false,dev
JOB-DATA-0046-SKILL-045,JOB-DATA-0046,SKILL-045,54,0.0625,required,1.1.0,synthetic,true,SRC-SYNTH,2026-09-05T00:00:00+08:00,0.88,synthetic,not_applicable,,team_generated,false,dev
JOB-DATA-0046-SKILL-046,JOB-DATA-0046,SKILL-046,48,0.0625,required,1.1.0,synthetic,true,SRC-SYNTH,2026-09-05T00:00:00+08:00,0.88,synthetic,not_applicable,,team_generated,false,dev
JOB-DATA-0046-SKILL-048,JOB-DATA-0046,SKILL-048,48,0.0625,required,1.1.0,synthetic,true,SRC-SYNTH,2026-09-05T00:00:00+08:00,0.88,synthetic,not_applicable,,team_generated,false,dev
JOB-DATA-0046-SKILL-049,JOB-DATA-0046,SKILL-049,48,0.0625,required,1.1.0,synthetic,true,SRC-SYNTH,2026-09-05T00:00:00+08:00,0.88,synthetic,not_applicable,,team_generated,false,dev
JOB-DATA-0046-SKILL-054,JOB-DATA-0046,SKILL-054,48,0.0625,required,1.1.0,synthetic,true,SRC-SYNTH,2026-09-05T00:00:00+08:00,0.88,synthetic,not_applicable,,team_generated,false,dev
JOB-DATA-0046-SKILL-001,JOB-DATA-0046,SKILL-001,72,0.0625,required,1.1.0,synthetic,true,SRC-SYNTH,2026-09-05T00:00:00+08:00,0.88,synthetic,not_applicable,,team_generated,false,dev
JOB-DATA-0046-SKILL-009,JOB-DATA-0046,SKILL-009,67,0.0625,required,1.1.0,synthetic,true,SRC-SYNTH,2026-09-05T00:00:00+08:00,0.88,synthetic,not_applicable,,team_generated,false,dev
JOB-DATA-0046-SKILL-010,JOB-DATA-0046,SKILL-010,66,0.0625,required,1.1.0,synthetic,true,SRC-SYNTH,2026-09-05T00:00:00+08:00,0.88,synthetic,not_applicable,,team_generated,false,dev
JOB-DATA-0046-SKILL-011,JOB-DATA-0046,SKILL-011,66,0.0625,preferred,1.1.0,synthetic,true,SRC-SYNTH,2026-09-05T00:00:00+08:00,0.88,synthetic,not_applicable,,team_generated,false,dev
JOB-DATA-0046-SKILL-012,JOB-DATA-0046,SKILL-012,65,0.0625,preferred,1.1.0,synthetic,true,SRC-SYNTH,2026-09-05T00:00:00+08:00,0.88,synthetic,not_applicable,,team_generated,false,dev
JOB-DATA-0046-SKILL-013,JOB-DATA-0046,SKILL-013,65,0.0625,preferred,1.1.0,synthetic,true,SRC-SYNTH,2026-09-05T00:00:00+08:00,0.88,synthetic,not_applicable,,team_generated,false,dev
JOB-DATA-0046-SKILL-014,JOB-DATA-0046,SKILL-014,60,0.0625,preferred,1.1.0,synthetic,true,SRC-SYNTH,2026-09-05T00:00:00+08:00,0.88,synthetic,not_applicable,,team_generated,false,dev
JOB-DATA-0046-SKILL-015,JOB-DATA-0046,SKILL-015,59,0.0625,preferred,1.1.0,synthetic,true,SRC-SYNTH,2026-09-05T00:00:00+08:00,0.88,synthetic,not_applicable,,team_generated,false,dev
JOB-DATA-0047-SKILL-043,JOB-DATA-0047,SKILL-043,55,0.058824,required,1.1.0,synthetic,true,SRC-SYNTH,2026-09-05T00:00:00+08:00,0.88,synthetic,not_applicable,,team_generated,false,dev
JOB-DATA-0047-SKILL-044,JOB-DATA-0047,SKILL-044,54,0.058824,required,1.1.0,synthetic,true,SRC-SYNTH,2026-09-05T00:00:00+08:00,0.88,synthetic,not_applicable,,team_generated,false,dev
JOB-DATA-0047-SKILL-045,JOB-DATA-0047,SKILL-045,54,0.058824,required,1.1.0,synthetic,true,SRC-SYNTH,2026-09-05T00:00:00+08:00,0.88,synthetic,not_applicable,,team_generated,false,dev
JOB-DATA-0047-SKILL-046,JOB-DATA-0047,SKILL-046,48,0.058824,required,1.1.0,synthetic,true,SRC-SYNTH,2026-09-05T00:00:00+08:00,0.88,synthetic,not_applicable,,team_generated,false,dev
JOB-DATA-0047-SKILL-048,JOB-DATA-0047,SKILL-048,48,0.058824,required,1.1.0,synthetic,true,SRC-SYNTH,2026-09-05T00:00:00+08:00,0.88,synthetic,not_applicable,,team_generated,false,dev
JOB-DATA-0047-SKILL-049,JOB-DATA-0047,SKILL-049,48,0.058824,required,1.1.0,synthetic,true,SRC-SYNTH,2026-09-05T00:00:00+08:00,0.88,synthetic,not_applicable,,team_generated,false,dev
JOB-DATA-0047-SKILL-054,JOB-DATA-0047,SKILL-054,48,0.058824,required,1.1.0,synthetic,true,SRC-SYNTH,2026-09-05T00:00:00+08:00,0.88,synthetic,not_applicable,,team_generated,false,dev
JOB-DATA-0047-SKILL-001,JOB-DATA-0047,SKILL-001,72,0.058824,required,1.1.0,synthetic,true,SRC-SYNTH,2026-09-05T00:00:00+08:00,0.88,synthetic,not_applicable,,team_generated,false,dev
JOB-DATA-0047-SKILL-009,JOB-DATA-0047,SKILL-009,67,0.058824,required,1.1.0,synthetic,true,SRC-SYNTH,2026-09-05T00:00:00+08:00,0.88,synthetic,not_applicable,,team_generated,false,dev
JOB-DATA-0047-SKILL-010,JOB-DATA-0047,SKILL-010,66,0.058824,required,1.1.0,synthetic,true,SRC-SYNTH,2026-09-05T00:00:00+08:00,0.88,synthetic,not_applicable,,team_generated,false,dev
JOB-DATA-0047-SKILL-011,JOB-DATA-0047,SKILL-011,66,0.058824,required,1.1.0,synthetic,true,SRC-SYNTH,2026-09-05T00:00:00+08:00,0.88,synthetic,not_applicable,,team_generated,false,dev
JOB-DATA-0047-SKILL-012,JOB-DATA-0047,SKILL-012,65,0.058824,required,1.1.0,synthetic,true,SRC-SYNTH,2026-09-05T00:00:00+08:00,0.88,synthetic,not_applicable,,team_generated,false,dev
JOB-DATA-0047-SKILL-013,JOB-DATA-0047,SKILL-013,65,0.058824,preferred,1.1.0,synthetic,true,SRC-SYNTH,2026-09-05T00:00:00+08:00,0.88,synthetic,not_applicable,,team_generated,false,dev
JOB-DATA-0047-SKILL-014,JOB-DATA-0047,SKILL-014,60,0.058824,preferred,1.1.0,synthetic,true,SRC-SYNTH,2026-09-05T00:00:00+08:00,0.88,synthetic,not_applicable,,team_generated,false,dev
JOB-DATA-0047-SKILL-015,JOB-DATA-0047,SKILL-015,59,0.058824,preferred,1.1.0,synthetic,true,SRC-SYNTH,2026-09-05T00:00:00+08:00,0.88,synthetic,not_applicable,,team_generated,false,dev
JOB-DATA-0047-SKILL-016,JOB-DATA-0047,SKILL-016,59,0.058824,preferred,1.1.0,synthetic,true,SRC-SYNTH,2026-09-05T00:00:00+08:00,0.88,synthetic,not_applicable,,team_generated,false,dev
JOB-DATA-0047-SKILL-040,JOB-DATA-0047,SKILL-040,58,0.058816,preferred,1.1.0,synthetic,true,SRC-SYNTH,2026-09-05T00:00:00+08:00,0.88,synthetic,not_applicable,,team_generated,false,dev
JOB-DATA-0048-SKILL-044,JOB-DATA-0048,SKILL-044,54,0.055556,required,1.1.0,synthetic,true,SRC-SYNTH,2026-09-05T00:00:00+08:00,0.88,synthetic,not_applicable,,team_generated,false,dev
JOB-DATA-0048-SKILL-045,JOB-DATA-0048,SKILL-045,54,0.055556,required,1.1.0,synthetic,true,SRC-SYNTH,2026-09-05T00:00:00+08:00,0.88,synthetic,not_applicable,,team_generated,false,dev
JOB-DATA-0048-SKILL-046,JOB-DATA-0048,SKILL-046,48,0.055556,required,1.1.0,synthetic,true,SRC-SYNTH,2026-09-05T00:00:00+08:00,0.88,synthetic,not_applicable,,team_generated,false,dev
JOB-DATA-0048-SKILL-048,JOB-DATA-0048,SKILL-048,48,0.055556,required,1.1.0,synthetic,true,SRC-SYNTH,2026-09-05T00:00:00+08:00,0.88,synthetic,not_applicable,,team_generated,false,dev
JOB-DATA-0048-SKILL-049,JOB-DATA-0048,SKILL-049,48,0.055556,required,1.1.0,synthetic,true,SRC-SYNTH,2026-09-05T00:00:00+08:00,0.88,synthetic,not_applicable,,team_generated,false,dev
JOB-DATA-0048-SKILL-054,JOB-DATA-0048,SKILL-054,48,0.055556,required,1.1.0,synthetic,true,SRC-SYNTH,2026-09-05T00:00:00+08:00,0.88,synthetic,not_applicable,,team_generated,false,dev
JOB-DATA-0048-SKILL-001,JOB-DATA-0048,SKILL-001,72,0.055556,required,1.1.0,synthetic,true,SRC-SYNTH,2026-09-05T00:00:00+08:00,0.88,synthetic,not_applicable,,team_generated,false,dev
JOB-DATA-0048-SKILL-009,JOB-DATA-0048,SKILL-009,67,0.055556,required,1.1.0,synthetic,true,SRC-SYNTH,2026-09-05T00:00:00+08:00,0.88,synthetic,not_applicable,,team_generated,false,dev
JOB-DATA-0048-SKILL-010,JOB-DATA-0048,SKILL-010,66,0.055556,required,1.1.0,synthetic,true,SRC-SYNTH,2026-09-05T00:00:00+08:00,0.88,synthetic,not_applicable,,team_generated,false,dev
JOB-DATA-0048-SKILL-011,JOB-DATA-0048,SKILL-011,66,0.055556,required,1.1.0,synthetic,true,SRC-SYNTH,2026-09-05T00:00:00+08:00,0.88,synthetic,not_applicable,,team_generated,false,dev
JOB-DATA-0048-SKILL-012,JOB-DATA-0048,SKILL-012,65,0.055556,required,1.1.0,synthetic,true,SRC-SYNTH,2026-09-05T00:00:00+08:00,0.88,synthetic,not_applicable,,team_generated,false,dev
JOB-DATA-0048-SKILL-013,JOB-DATA-0048,SKILL-013,65,0.055556,required,1.1.0,synthetic,true,SRC-SYNTH,2026-09-05T00:00:00+08:00,0.88,synthetic,not_applicable,,team_generated,false,dev
JOB-DATA-0048-SKILL-014,JOB-DATA-0048,SKILL-014,60,0.055556,preferred,1.1.0,synthetic,true,SRC-SYNTH,2026-09-05T00:00:00+08:00,0.88,synthetic,not_applicable,,team_generated,false,dev
JOB-DATA-0048-SKILL-015,JOB-DATA-0048,SKILL-015,59,0.055556,preferred,1.1.0,synthetic,true,SRC-SYNTH,2026-09-05T00:00:00+08:00,0.88,synthetic,not_applicable,,team_generated,false,dev
JOB-DATA-0048-SKILL-016,JOB-DATA-0048,SKILL-016,59,0.055556,preferred,1.1.0,synthetic,true,SRC-SYNTH,2026-09-05T00:00:00+08:00,0.88,synthetic,not_applicable,,team_generated,false,dev
JOB-DATA-0048-SKILL-040,JOB-DATA-0048,SKILL-040,58,0.055556,preferred,1.1.0,synthetic,true,SRC-SYNTH,2026-09-05T00:00:00+08:00,0.88,synthetic,not_applicable,,team_generated,false,dev
JOB-DATA-0048-SKILL-041,JOB-DATA-0048,SKILL-041,58,0.055556,preferred,1.1.0,synthetic,true,SRC-SYNTH,2026-09-05T00:00:00+08:00,0.88,synthetic,not_applicable,,team_generated,false,dev
JOB-DATA-0048-SKILL-043,JOB-DATA-0048,SKILL-043,53,0.055548,preferred,1.1.0,synthetic,true,SRC-SYNTH,2026-09-05T00:00:00+08:00,0.88,synthetic,not_applicable,,team_generated,false,dev
JOB-DATA-0049-SKILL-045,JOB-DATA-0049,SKILL-045,54,0.083333,required,1.1.0,synthetic,true,SRC-SYNTH,2026-09-05T00:00:00+08:00,0.88,synthetic,not_applicable,,team_generated,false,dev
JOB-DATA-0049-SKILL-046,JOB-DATA-0049,SKILL-046,48,0.083333,required,1.1.0,synthetic,true,SRC-SYNTH,2026-09-05T00:00:00+08:00,0.88,synthetic,not_applicable,,team_generated,false,dev
JOB-DATA-0049-SKILL-048,JOB-DATA-0049,SKILL-048,48,0.083333,required,1.1.0,synthetic,true,SRC-SYNTH,2026-09-05T00:00:00+08:00,0.88,synthetic,not_applicable,,team_generated,false,dev
JOB-DATA-0049-SKILL-049,JOB-DATA-0049,SKILL-049,48,0.083333,required,1.1.0,synthetic,true,SRC-SYNTH,2026-09-05T00:00:00+08:00,0.88,synthetic,not_applicable,,team_generated,false,dev
JOB-DATA-0049-SKILL-054,JOB-DATA-0049,SKILL-054,48,0.083333,required,1.1.0,synthetic,true,SRC-SYNTH,2026-09-05T00:00:00+08:00,0.88,synthetic,not_applicable,,team_generated,false,dev
JOB-DATA-0049-SKILL-001,JOB-DATA-0049,SKILL-001,72,0.083333,required,1.1.0,synthetic,true,SRC-SYNTH,2026-09-05T00:00:00+08:00,0.88,synthetic,not_applicable,,team_generated,false,dev
JOB-DATA-0049-SKILL-009,JOB-DATA-0049,SKILL-009,67,0.083333,required,1.1.0,synthetic,true,SRC-SYNTH,2026-09-05T00:00:00+08:00,0.88,synthetic,not_applicable,,team_generated,false,dev
JOB-DATA-0049-SKILL-010,JOB-DATA-0049,SKILL-010,66,0.083333,required,1.1.0,synthetic,true,SRC-SYNTH,2026-09-05T00:00:00+08:00,0.88,synthetic,not_applicable,,team_generated,false,dev
JOB-DATA-0049-SKILL-011,JOB-DATA-0049,SKILL-011,66,0.083333,preferred,1.1.0,synthetic,true,SRC-SYNTH,2026-09-05T00:00:00+08:00,0.88,synthetic,not_applicable,,team_generated,false,dev
JOB-DATA-0049-SKILL-012,JOB-DATA-0049,SKILL-012,65,0.083333,preferred,1.1.0,synthetic,true,SRC-SYNTH,2026-09-05T00:00:00+08:00,0.88,synthetic,not_applicable,,team_generated,false,dev
JOB-DATA-0049-SKILL-013,JOB-DATA-0049,SKILL-013,65,0.083333,preferred,1.1.0,synthetic,true,SRC-SYNTH,2026-09-05T00:00:00+08:00,0.88,synthetic,not_applicable,,team_generated,false,dev
JOB-DATA-0049-SKILL-014,JOB-DATA-0049,SKILL-014,60,0.083337,preferred,1.1.0,synthetic,true,SRC-SYNTH,2026-09-05T00:00:00+08:00,0.88,synthetic,not_applicable,,team_generated,false,dev
JOB-DATA-0050-SKILL-046,JOB-DATA-0050,SKILL-046,48,0.076923,required,1.1.0,synthetic,true,SRC-SYNTH,2026-09-05T00:00:00+08:00,0.88,synthetic,not_applicable,,team_generated,false,dev
JOB-DATA-0050-SKILL-048,JOB-DATA-0050,SKILL-048,48,0.076923,required,1.1.0,synthetic,true,SRC-SYNTH,2026-09-05T00:00:00+08:00,0.88,synthetic,not_applicable,,team_generated,false,dev
JOB-DATA-0050-SKILL-049,JOB-DATA-0050,SKILL-049,48,0.076923,required,1.1.0,synthetic,true,SRC-SYNTH,2026-09-05T00:00:00+08:00,0.88,synthetic,not_applicable,,team_generated,false,dev
JOB-DATA-0050-SKILL-054,JOB-DATA-0050,SKILL-054,48,0.076923,required,1.1.0,synthetic,true,SRC-SYNTH,2026-09-05T00:00:00+08:00,0.88,synthetic,not_applicable,,team_generated,false,dev
JOB-DATA-0050-SKILL-001,JOB-DATA-0050,SKILL-001,72,0.076923,required,1.1.0,synthetic,true,SRC-SYNTH,2026-09-05T00:00:00+08:00,0.88,synthetic,not_applicable,,team_generated,false,dev
JOB-DATA-0050-SKILL-009,JOB-DATA-0050,SKILL-009,67,0.076923,required,1.1.0,synthetic,true,SRC-SYNTH,2026-09-05T00:00:00+08:00,0.88,synthetic,not_applicable,,team_generated,false,dev
JOB-DATA-0050-SKILL-010,JOB-DATA-0050,SKILL-010,66,0.076923,required,1.1.0,synthetic,true,SRC-SYNTH,2026-09-05T00:00:00+08:00,0.88,synthetic,not_applicable,,team_generated,false,dev
JOB-DATA-0050-SKILL-011,JOB-DATA-0050,SKILL-011,66,0.076923,required,1.1.0,synthetic,true,SRC-SYNTH,2026-09-05T00:00:00+08:00,0.88,synthetic,not_applicable,,team_generated,false,dev
JOB-DATA-0050-SKILL-012,JOB-DATA-0050,SKILL-012,65,0.076923,required,1.1.0,synthetic,true,SRC-SYNTH,2026-09-05T00:00:00+08:00,0.88,synthetic,not_applicable,,team_generated,false,dev
JOB-DATA-0050-SKILL-013,JOB-DATA-0050,SKILL-013,65,0.076923,preferred,1.1.0,synthetic,true,SRC-SYNTH,2026-09-05T00:00:00+08:00,0.88,synthetic,not_applicable,,team_generated,false,dev
JOB-DATA-0050-SKILL-014,JOB-DATA-0050,SKILL-014,60,0.076923,preferred,1.1.0,synthetic,true,SRC-SYNTH,2026-09-05T00:00:00+08:00,0.88,synthetic,not_applicable,,team_generated,false,dev
JOB-DATA-0050-SKILL-015,JOB-DATA-0050,SKILL-015,59,0.076923,preferred,1.1.0,synthetic,true,SRC-SYNTH,2026-09-05T00:00:00+08:00,0.88,synthetic,not_applicable,,team_generated,false,dev
JOB-DATA-0050-SKILL-016,JOB-DATA-0050,SKILL-016,59,0.076924,preferred,1.1.0,synthetic,true,SRC-SYNTH,2026-09-05T00:00:00+08:00,0.88,synthetic,not_applicable,,team_generated,false,dev
JOB-DATA-0051-SKILL-048,JOB-DATA-0051,SKILL-048,48,0.071429,required,1.1.0,synthetic,true,SRC-SYNTH,2026-09-05T00:00:00+08:00,0.88,synthetic,not_applicable,,team_generated,false,dev
JOB-DATA-0051-SKILL-049,JOB-DATA-0051,SKILL-049,48,0.071429,required,1.1.0,synthetic,true,SRC-SYNTH,2026-09-05T00:00:00+08:00,0.88,synthetic,not_applicable,,team_generated,false,dev
JOB-DATA-0051-SKILL-054,JOB-DATA-0051,SKILL-054,48,0.071429,required,1.1.0,synthetic,true,SRC-SYNTH,2026-09-05T00:00:00+08:00,0.88,synthetic,not_applicable,,team_generated,false,dev
JOB-DATA-0051-SKILL-001,JOB-DATA-0051,SKILL-001,72,0.071429,required,1.1.0,synthetic,true,SRC-SYNTH,2026-09-05T00:00:00+08:00,0.88,synthetic,not_applicable,,team_generated,false,dev
JOB-DATA-0051-SKILL-009,JOB-DATA-0051,SKILL-009,67,0.071429,required,1.1.0,synthetic,true,SRC-SYNTH,2026-09-05T00:00:00+08:00,0.88,synthetic,not_applicable,,team_generated,false,dev
JOB-DATA-0051-SKILL-010,JOB-DATA-0051,SKILL-010,66,0.071429,required,1.1.0,synthetic,true,SRC-SYNTH,2026-09-05T00:00:00+08:00,0.88,synthetic,not_applicable,,team_generated,false,dev
JOB-DATA-0051-SKILL-011,JOB-DATA-0051,SKILL-011,66,0.071429,required,1.1.0,synthetic,true,SRC-SYNTH,2026-09-05T00:00:00+08:00,0.88,synthetic,not_applicable,,team_generated,false,dev
JOB-DATA-0051-SKILL-012,JOB-DATA-0051,SKILL-012,65,0.071429,required,1.1.0,synthetic,true,SRC-SYNTH,2026-09-05T00:00:00+08:00,0.88,synthetic,not_applicable,,team_generated,false,dev
JOB-DATA-0051-SKILL-013,JOB-DATA-0051,SKILL-013,65,0.071429,required,1.1.0,synthetic,true,SRC-SYNTH,2026-09-05T00:00:00+08:00,0.88,synthetic,not_applicable,,team_generated,false,dev
JOB-DATA-0051-SKILL-014,JOB-DATA-0051,SKILL-014,60,0.071429,required,1.1.0,synthetic,true,SRC-SYNTH,2026-09-05T00:00:00+08:00,0.88,synthetic,not_applicable,,team_generated,false,dev
JOB-DATA-0051-SKILL-015,JOB-DATA-0051,SKILL-015,59,0.071429,preferred,1.1.0,synthetic,true,SRC-SYNTH,2026-09-05T00:00:00+08:00,0.88,synthetic,not_applicable,,team_generated,false,dev
JOB-DATA-0051-SKILL-016,JOB-DATA-0051,SKILL-016,59,0.071429,preferred,1.1.0,synthetic,true,SRC-SYNTH,2026-09-05T00:00:00+08:00,0.88,synthetic,not_applicable,,team_generated,false,dev
JOB-DATA-0051-SKILL-040,JOB-DATA-0051,SKILL-040,58,0.071429,preferred,1.1.0,synthetic,true,SRC-SYNTH,2026-09-05T00:00:00+08:00,0.88,synthetic,not_applicable,,team_generated,false,dev
JOB-DATA-0051-SKILL-041,JOB-DATA-0051,SKILL-041,58,0.071423,preferred,1.1.0,synthetic,true,SRC-SYNTH,2026-09-05T00:00:00+08:00,0.88,synthetic,not_applicable,,team_generated,false,dev
JOB-DATA-0052-SKILL-049,JOB-DATA-0052,SKILL-049,48,0.066667,required,1.1.0,synthetic,true,SRC-SYNTH,2026-09-05T00:00:00+08:00,0.88,synthetic,not_applicable,,team_generated,false,dev
JOB-DATA-0052-SKILL-054,JOB-DATA-0052,SKILL-054,48,0.066667,required,1.1.0,synthetic,true,SRC-SYNTH,2026-09-05T00:00:00+08:00,0.88,synthetic,not_applicable,,team_generated,false,dev
JOB-DATA-0052-SKILL-001,JOB-DATA-0052,SKILL-001,72,0.066667,required,1.1.0,synthetic,true,SRC-SYNTH,2026-09-05T00:00:00+08:00,0.88,synthetic,not_applicable,,team_generated,false,dev
JOB-DATA-0052-SKILL-009,JOB-DATA-0052,SKILL-009,67,0.066667,required,1.1.0,synthetic,true,SRC-SYNTH,2026-09-05T00:00:00+08:00,0.88,synthetic,not_applicable,,team_generated,false,dev
JOB-DATA-0052-SKILL-010,JOB-DATA-0052,SKILL-010,66,0.066667,required,1.1.0,synthetic,true,SRC-SYNTH,2026-09-05T00:00:00+08:00,0.88,synthetic,not_applicable,,team_generated,false,dev
JOB-DATA-0052-SKILL-011,JOB-DATA-0052,SKILL-011,66,0.066667,required,1.1.0,synthetic,true,SRC-SYNTH,2026-09-05T00:00:00+08:00,0.88,synthetic,not_applicable,,team_generated,false,dev
JOB-DATA-0052-SKILL-012,JOB-DATA-0052,SKILL-012,65,0.066667,required,1.1.0,synthetic,true,SRC-SYNTH,2026-09-05T00:00:00+08:00,0.88,synthetic,not_applicable,,team_generated,false,dev
JOB-DATA-0052-SKILL-013,JOB-DATA-0052,SKILL-013,65,0.066667,required,1.1.0,synthetic,true,SRC-SYNTH,2026-09-05T00:00:00+08:00,0.88,synthetic,not_applicable,,team_generated,false,dev
JOB-DATA-0052-SKILL-014,JOB-DATA-0052,SKILL-014,60,0.066667,required,1.1.0,synthetic,true,SRC-SYNTH,2026-09-05T00:00:00+08:00,0.88,synthetic,not_applicable,,team_generated,false,dev
JOB-DATA-0052-SKILL-015,JOB-DATA-0052,SKILL-015,59,0.066667,required,1.1.0,synthetic,true,SRC-SYNTH,2026-09-05T00:00:00+08:00,0.88,synthetic,not_applicable,,team_generated,false,dev
JOB-DATA-0052-SKILL-016,JOB-DATA-0052,SKILL-016,59,0.066667,preferred,1.1.0,synthetic,true,SRC-SYNTH,2026-09-05T00:00:00+08:00,0.88,synthetic,not_applicable,,team_generated,false,dev
JOB-DATA-0052-SKILL-040,JOB-DATA-0052,SKILL-040,58,0.066667,preferred,1.1.0,synthetic,true,SRC-SYNTH,2026-09-05T00:00:00+08:00,0.88,synthetic,not_applicable,,team_generated,false,dev
JOB-DATA-0052-SKILL-041,JOB-DATA-0052,SKILL-041,58,0.066667,preferred,1.1.0,synthetic,true,SRC-SYNTH,2026-09-05T00:00:00+08:00,0.88,synthetic,not_applicable,,team_generated,false,dev
JOB-DATA-0052-SKILL-043,JOB-DATA-0052,SKILL-043,53,0.066667,preferred,1.1.0,synthetic,true,SRC-SYNTH,2026-09-05T00:00:00+08:00,0.88,synthetic,not_applicable,,team_generated,false,dev
JOB-DATA-0052-SKILL-044,JOB-DATA-0052,SKILL-044,52,0.066662,preferred,1.1.0,synthetic,true,SRC-SYNTH,2026-09-05T00:00:00+08:00,0.88,synthetic,not_applicable,,team_generated,false,dev
JOB-DATA-0053-SKILL-054,JOB-DATA-0053,SKILL-054,48,0.0625,required,1.1.0,synthetic,true,SRC-SYNTH,2026-09-05T00:00:00+08:00,0.88,synthetic,not_applicable,,team_generated,false,dev
JOB-DATA-0053-SKILL-001,JOB-DATA-0053,SKILL-001,72,0.0625,required,1.1.0,synthetic,true,SRC-SYNTH,2026-09-05T00:00:00+08:00,0.88,synthetic,not_applicable,,team_generated,false,dev
JOB-DATA-0053-SKILL-009,JOB-DATA-0053,SKILL-009,67,0.0625,required,1.1.0,synthetic,true,SRC-SYNTH,2026-09-05T00:00:00+08:00,0.88,synthetic,not_applicable,,team_generated,false,dev
JOB-DATA-0053-SKILL-010,JOB-DATA-0053,SKILL-010,66,0.0625,required,1.1.0,synthetic,true,SRC-SYNTH,2026-09-05T00:00:00+08:00,0.88,synthetic,not_applicable,,team_generated,false,dev
JOB-DATA-0053-SKILL-011,JOB-DATA-0053,SKILL-011,66,0.0625,required,1.1.0,synthetic,true,SRC-SYNTH,2026-09-05T00:00:00+08:00,0.88,synthetic,not_applicable,,team_generated,false,dev
JOB-DATA-0053-SKILL-012,JOB-DATA-0053,SKILL-012,65,0.0625,required,1.1.0,synthetic,true,SRC-SYNTH,2026-09-05T00:00:00+08:00,0.88,synthetic,not_applicable,,team_generated,false,dev
JOB-DATA-0053-SKILL-013,JOB-DATA-0053,SKILL-013,65,0.0625,required,1.1.0,synthetic,true,SRC-SYNTH,2026-09-05T00:00:00+08:00,0.88,synthetic,not_applicable,,team_generated,false,dev
JOB-DATA-0053-SKILL-014,JOB-DATA-0053,SKILL-014,60,0.0625,required,1.1.0,synthetic,true,SRC-SYNTH,2026-09-05T00:00:00+08:00,0.88,synthetic,not_applicable,,team_generated,false,dev
JOB-DATA-0053-SKILL-015,JOB-DATA-0053,SKILL-015,59,0.0625,required,1.1.0,synthetic,true,SRC-SYNTH,2026-09-05T00:00:00+08:00,0.88,synthetic,not_applicable,,team_generated,false,dev
JOB-DATA-0053-SKILL-016,JOB-DATA-0053,SKILL-016,59,0.0625,required,1.1.0,synthetic,true,SRC-SYNTH,2026-09-05T00:00:00+08:00,0.88,synthetic,not_applicable,,team_generated,false,dev
JOB-DATA-0053-SKILL-040,JOB-DATA-0053,SKILL-040,58,0.0625,required,1.1.0,synthetic,true,SRC-SYNTH,2026-09-05T00:00:00+08:00,0.88,synthetic,not_applicable,,team_generated,false,dev
JOB-DATA-0053-SKILL-041,JOB-DATA-0053,SKILL-041,58,0.0625,preferred,1.1.0,synthetic,true,SRC-SYNTH,2026-09-05T00:00:00+08:00,0.88,synthetic,not_applicable,,team_generated,false,dev
JOB-DATA-0053-SKILL-043,JOB-DATA-0053,SKILL-043,53,0.0625,preferred,1.1.0,synthetic,true,SRC-SYNTH,2026-09-05T00:00:00+08:00,0.88,synthetic,not_applicable,,team_generated,false,dev
JOB-DATA-0053-SKILL-044,JOB-DATA-0053,SKILL-044,52,0.0625,preferred,1.1.0,synthetic,true,SRC-SYNTH,2026-09-05T00:00:00+08:00,0.88,synthetic,not_applicable,,team_generated,false,dev
JOB-DATA-0053-SKILL-045,JOB-DATA-0053,SKILL-045,52,0.0625,preferred,1.1.0,synthetic,true,SRC-SYNTH,2026-09-05T00:00:00+08:00,0.88,synthetic,not_applicable,,team_generated,false,dev
JOB-DATA-0053-SKILL-046,JOB-DATA-0053,SKILL-046,51,0.0625,preferred,1.1.0,synthetic,true,SRC-SYNTH,2026-09-05T00:00:00+08:00,0.88,synthetic,not_applicable,,team_generated,false,dev
JOB-DATA-0054-SKILL-001,JOB-DATA-0054,SKILL-001,72,0.058824,required,1.1.0,synthetic,true,SRC-SYNTH,2026-09-05T00:00:00+08:00,0.88,synthetic,not_applicable,,team_generated,false,dev
JOB-DATA-0054-SKILL-009,JOB-DATA-0054,SKILL-009,67,0.058824,required,1.1.0,synthetic,true,SRC-SYNTH,2026-09-05T00:00:00+08:00,0.88,synthetic,not_applicable,,team_generated,false,dev
JOB-DATA-0054-SKILL-010,JOB-DATA-0054,SKILL-010,66,0.058824,required,1.1.0,synthetic,true,SRC-SYNTH,2026-09-05T00:00:00+08:00,0.88,synthetic,not_applicable,,team_generated,false,dev
JOB-DATA-0054-SKILL-011,JOB-DATA-0054,SKILL-011,66,0.058824,required,1.1.0,synthetic,true,SRC-SYNTH,2026-09-05T00:00:00+08:00,0.88,synthetic,not_applicable,,team_generated,false,dev
JOB-DATA-0054-SKILL-012,JOB-DATA-0054,SKILL-012,65,0.058824,required,1.1.0,synthetic,true,SRC-SYNTH,2026-09-05T00:00:00+08:00,0.88,synthetic,not_applicable,,team_generated,false,dev
JOB-DATA-0054-SKILL-013,JOB-DATA-0054,SKILL-013,65,0.058824,required,1.1.0,synthetic,true,SRC-SYNTH,2026-09-05T00:00:00+08:00,0.88,synthetic,not_applicable,,team_generated,false,dev
JOB-DATA-0054-SKILL-014,JOB-DATA-0054,SKILL-014,60,0.058824,required,1.1.0,synthetic,true,SRC-SYNTH,2026-09-05T00:00:00+08:00,0.88,synthetic,not_applicable,,team_generated,false,dev
JOB-DATA-0054-SKILL-015,JOB-DATA-0054,SKILL-015,59,0.058824,required,1.1.0,synthetic,true,SRC-SYNTH,2026-09-05T00:00:00+08:00,0.88,synthetic,not_applicable,,team_generated,false,dev
JOB-DATA-0054-SKILL-016,JOB-DATA-0054,SKILL-016,59,0.058824,required,1.1.0,synthetic,true,SRC-SYNTH,2026-09-05T00:00:00+08:00,0.88,synthetic,not_applicable,,team_generated,false,dev
JOB-DATA-0054-SKILL-040,JOB-DATA-0054,SKILL-040,58,0.058824,required,1.1.0,synthetic,true,SRC-SYNTH,2026-09-05T00:00:00+08:00,0.88,synthetic,not_applicable,,team_generated,false,dev
JOB-DATA-0054-SKILL-041,JOB-DATA-0054,SKILL-041,58,0.058824,required,1.1.0,synthetic,true,SRC-SYNTH,2026-09-05T00:00:00+08:00,0.88,synthetic,not_applicable,,team_generated,false,dev
JOB-DATA-0054-SKILL-043,JOB-DATA-0054,SKILL-043,53,0.058824,required,1.1.0,synthetic,true,SRC-SYNTH,2026-09-05T00:00:00+08:00,0.88,synthetic,not_applicable,,team_generated,false,dev
JOB-DATA-0054-SKILL-044,JOB-DATA-0054,SKILL-044,52,0.058824,preferred,1.1.0,synthetic,true,SRC-SYNTH,2026-09-05T00:00:00+08:00,0.88,synthetic,not_applicable,,team_generated,false,dev
JOB-DATA-0054-SKILL-045,JOB-DATA-0054,SKILL-045,52,0.058824,preferred,1.1.0,synthetic,true,SRC-SYNTH,2026-09-05T00:00:00+08:00,0.88,synthetic,not_applicable,,team_generated,false,dev
JOB-DATA-0054-SKILL-046,JOB-DATA-0054,SKILL-046,51,0.058824,preferred,1.1.0,synthetic,true,SRC-SYNTH,2026-09-05T00:00:00+08:00,0.88,synthetic,not_applicable,,team_generated,false,dev
JOB-DATA-0054-SKILL-048,JOB-DATA-0054,SKILL-048,51,0.058824,preferred,1.1.0,synthetic,true,SRC-SYNTH,2026-09-05T00:00:00+08:00,0.88,synthetic,not_applicable,,team_generated,false,dev
JOB-DATA-0054-SKILL-049,JOB-DATA-0054,SKILL-049,46,0.058816,preferred,1.1.0,synthetic,true,SRC-SYNTH,2026-09-05T00:00:00+08:00,0.88,synthetic,not_applicable,,team_generated,false,dev
JOB-DATA-0055-SKILL-009,JOB-DATA-0055,SKILL-009,67,0.055556,required,1.1.0,synthetic,true,SRC-SYNTH,2026-09-05T00:00:00+08:00,0.88,synthetic,not_applicable,,team_generated,false,dev
JOB-DATA-0055-SKILL-010,JOB-DATA-0055,SKILL-010,66,0.055556,required,1.1.0,synthetic,true,SRC-SYNTH,2026-09-05T00:00:00+08:00,0.88,synthetic,not_applicable,,team_generated,false,dev
JOB-DATA-0055-SKILL-011,JOB-DATA-0055,SKILL-011,66,0.055556,required,1.1.0,synthetic,true,SRC-SYNTH,2026-09-05T00:00:00+08:00,0.88,synthetic,not_applicable,,team_generated,false,dev
JOB-DATA-0055-SKILL-012,JOB-DATA-0055,SKILL-012,65,0.055556,required,1.1.0,synthetic,true,SRC-SYNTH,2026-09-05T00:00:00+08:00,0.88,synthetic,not_applicable,,team_generated,false,dev
JOB-DATA-0055-SKILL-013,JOB-DATA-0055,SKILL-013,65,0.055556,required,1.1.0,synthetic,true,SRC-SYNTH,2026-09-05T00:00:00+08:00,0.88,synthetic,not_applicable,,team_generated,false,dev
JOB-DATA-0055-SKILL-014,JOB-DATA-0055,SKILL-014,60,0.055556,required,1.1.0,synthetic,true,SRC-SYNTH,2026-09-05T00:00:00+08:00,0.88,synthetic,not_applicable,,team_generated,false,dev
JOB-DATA-0055-SKILL-015,JOB-DATA-0055,SKILL-015,59,0.055556,required,1.1.0,synthetic,true,SRC-SYNTH,2026-09-05T00:00:00+08:00,0.88,synthetic,not_applicable,,team_generated,false,dev
JOB-DATA-0055-SKILL-016,JOB-DATA-0055,SKILL-016,59,0.055556,required,1.1.0,synthetic,true,SRC-SYNTH,2026-09-05T00:00:00+08:00,0.88,synthetic,not_applicable,,team_generated,false,dev
JOB-DATA-0055-SKILL-040,JOB-DATA-0055,SKILL-040,58,0.055556,required,1.1.0,synthetic,true,SRC-SYNTH,2026-09-05T00:00:00+08:00,0.88,synthetic,not_applicable,,team_generated,false,dev
JOB-DATA-0055-SKILL-041,JOB-DATA-0055,SKILL-041,58,0.055556,required,1.1.0,synthetic,true,SRC-SYNTH,2026-09-05T00:00:00+08:00,0.88,synthetic,not_applicable,,team_generated,false,dev
JOB-DATA-0055-SKILL-043,JOB-DATA-0055,SKILL-043,53,0.055556,required,1.1.0,synthetic,true,SRC-SYNTH,2026-09-05T00:00:00+08:00,0.88,synthetic,not_applicable,,team_generated,false,dev
JOB-DATA-0055-SKILL-044,JOB-DATA-0055,SKILL-044,52,0.055556,required,1.1.0,synthetic,true,SRC-SYNTH,2026-09-05T00:00:00+08:00,0.88,synthetic,not_applicable,,team_generated,false,dev
JOB-DATA-0055-SKILL-045,JOB-DATA-0055,SKILL-045,52,0.055556,preferred,1.1.0,synthetic,true,SRC-SYNTH,2026-09-05T00:00:00+08:00,0.88,synthetic,not_applicable,,team_generated,false,dev
JOB-DATA-0055-SKILL-046,JOB-DATA-0055,SKILL-046,51,0.055556,preferred,1.1.0,synthetic,true,SRC-SYNTH,2026-09-05T00:00:00+08:00,0.88,synthetic,not_applicable,,team_generated,false,dev
JOB-DATA-0055-SKILL-048,JOB-DATA-0055,SKILL-048,51,0.055556,preferred,1.1.0,synthetic,true,SRC-SYNTH,2026-09-05T00:00:00+08:00,0.88,synthetic,not_applicable,,team_generated,false,dev
JOB-DATA-0055-SKILL-049,JOB-DATA-0055,SKILL-049,46,0.055556,preferred,1.1.0,synthetic,true,SRC-SYNTH,2026-09-05T00:00:00+08:00,0.88,synthetic,not_applicable,,team_generated,false,dev
JOB-DATA-0055-SKILL-054,JOB-DATA-0055,SKILL-054,46,0.055556,preferred,1.1.0,synthetic,true,SRC-SYNTH,2026-09-05T00:00:00+08:00,0.88,synthetic,not_applicable,,team_generated,false,dev
JOB-DATA-0055-SKILL-001,JOB-DATA-0055,SKILL-001,70,0.055548,preferred,1.1.0,synthetic,true,SRC-SYNTH,2026-09-05T00:00:00+08:00,0.88,synthetic,not_applicable,,team_generated,false,dev
JOB-DATA-0056-SKILL-010,JOB-DATA-0056,SKILL-010,66,0.083333,required,1.1.0,synthetic,true,SRC-SYNTH,2026-09-05T00:00:00+08:00,0.88,synthetic,not_applicable,,team_generated,false,dev
JOB-DATA-0056-SKILL-011,JOB-DATA-0056,SKILL-011,66,0.083333,required,1.1.0,synthetic,true,SRC-SYNTH,2026-09-05T00:00:00+08:00,0.88,synthetic,not_applicable,,team_generated,false,dev
JOB-DATA-0056-SKILL-012,JOB-DATA-0056,SKILL-012,65,0.083333,required,1.1.0,synthetic,true,SRC-SYNTH,2026-09-05T00:00:00+08:00,0.88,synthetic,not_applicable,,team_generated,false,dev
JOB-DATA-0056-SKILL-013,JOB-DATA-0056,SKILL-013,65,0.083333,required,1.1.0,synthetic,true,SRC-SYNTH,2026-09-05T00:00:00+08:00,0.88,synthetic,not_applicable,,team_generated,false,dev
JOB-DATA-0056-SKILL-014,JOB-DATA-0056,SKILL-014,60,0.083333,required,1.1.0,synthetic,true,SRC-SYNTH,2026-09-05T00:00:00+08:00,0.88,synthetic,not_applicable,,team_generated,false,dev
JOB-DATA-0056-SKILL-015,JOB-DATA-0056,SKILL-015,59,0.083333,required,1.1.0,synthetic,true,SRC-SYNTH,2026-09-05T00:00:00+08:00,0.88,synthetic,not_applicable,,team_generated,false,dev
JOB-DATA-0056-SKILL-016,JOB-DATA-0056,SKILL-016,59,0.083333,required,1.1.0,synthetic,true,SRC-SYNTH,2026-09-05T00:00:00+08:00,0.88,synthetic,not_applicable,,team_generated,false,dev
JOB-DATA-0056-SKILL-040,JOB-DATA-0056,SKILL-040,58,0.083333,required,1.1.0,synthetic,true,SRC-SYNTH,2026-09-05T00:00:00+08:00,0.88,synthetic,not_applicable,,team_generated,false,dev
JOB-DATA-0056-SKILL-041,JOB-DATA-0056,SKILL-041,58,0.083333,preferred,1.1.0,synthetic,true,SRC-SYNTH,2026-09-05T00:00:00+08:00,0.88,synthetic,not_applicable,,team_generated,false,dev
JOB-DATA-0056-SKILL-043,JOB-DATA-0056,SKILL-043,53,0.083333,preferred,1.1.0,synthetic,true,SRC-SYNTH,2026-09-05T00:00:00+08:00,0.88,synthetic,not_applicable,,team_generated,false,dev
JOB-DATA-0056-SKILL-044,JOB-DATA-0056,SKILL-044,52,0.083333,preferred,1.1.0,synthetic,true,SRC-SYNTH,2026-09-05T00:00:00+08:00,0.88,synthetic,not_applicable,,team_generated,false,dev
JOB-DATA-0056-SKILL-045,JOB-DATA-0056,SKILL-045,52,0.083337,preferred,1.1.0,synthetic,true,SRC-SYNTH,2026-09-05T00:00:00+08:00,0.88,synthetic,not_applicable,,team_generated,false,dev
JOB-DATA-0057-SKILL-011,JOB-DATA-0057,SKILL-011,66,0.076923,required,1.1.0,synthetic,true,SRC-SYNTH,2026-09-05T00:00:00+08:00,0.88,synthetic,not_applicable,,team_generated,false,dev
JOB-DATA-0057-SKILL-012,JOB-DATA-0057,SKILL-012,65,0.076923,required,1.1.0,synthetic,true,SRC-SYNTH,2026-09-05T00:00:00+08:00,0.88,synthetic,not_applicable,,team_generated,false,dev
JOB-DATA-0057-SKILL-013,JOB-DATA-0057,SKILL-013,65,0.076923,required,1.1.0,synthetic,true,SRC-SYNTH,2026-09-05T00:00:00+08:00,0.88,synthetic,not_applicable,,team_generated,false,dev
JOB-DATA-0057-SKILL-014,JOB-DATA-0057,SKILL-014,60,0.076923,required,1.1.0,synthetic,true,SRC-SYNTH,2026-09-05T00:00:00+08:00,0.88,synthetic,not_applicable,,team_generated,false,dev
JOB-DATA-0057-SKILL-015,JOB-DATA-0057,SKILL-015,59,0.076923,required,1.1.0,synthetic,true,SRC-SYNTH,2026-09-05T00:00:00+08:00,0.88,synthetic,not_applicable,,team_generated,false,dev
JOB-DATA-0057-SKILL-016,JOB-DATA-0057,SKILL-016,59,0.076923,required,1.1.0,synthetic,true,SRC-SYNTH,2026-09-05T00:00:00+08:00,0.88,synthetic,not_applicable,,team_generated,false,dev
JOB-DATA-0057-SKILL-040,JOB-DATA-0057,SKILL-040,58,0.076923,required,1.1.0,synthetic,true,SRC-SYNTH,2026-09-05T00:00:00+08:00,0.88,synthetic,not_applicable,,team_generated,false,dev
JOB-DATA-0057-SKILL-041,JOB-DATA-0057,SKILL-041,58,0.076923,required,1.1.0,synthetic,true,SRC-SYNTH,2026-09-05T00:00:00+08:00,0.88,synthetic,not_applicable,,team_generated,false,dev
JOB-DATA-0057-SKILL-043,JOB-DATA-0057,SKILL-043,53,0.076923,required,1.1.0,synthetic,true,SRC-SYNTH,2026-09-05T00:00:00+08:00,0.88,synthetic,not_applicable,,team_generated,false,dev
JOB-DATA-0057-SKILL-044,JOB-DATA-0057,SKILL-044,52,0.076923,preferred,1.1.0,synthetic,true,SRC-SYNTH,2026-09-05T00:00:00+08:00,0.88,synthetic,not_applicable,,team_generated,false,dev
JOB-DATA-0057-SKILL-045,JOB-DATA-0057,SKILL-045,52,0.076923,preferred,1.1.0,synthetic,true,SRC-SYNTH,2026-09-05T00:00:00+08:00,0.88,synthetic,not_applicable,,team_generated,false,dev
JOB-DATA-0057-SKILL-046,JOB-DATA-0057,SKILL-046,51,0.076923,preferred,1.1.0,synthetic,true,SRC-SYNTH,2026-09-05T00:00:00+08:00,0.88,synthetic,not_applicable,,team_generated,false,dev
JOB-DATA-0057-SKILL-048,JOB-DATA-0057,SKILL-048,51,0.076924,preferred,1.1.0,synthetic,true,SRC-SYNTH,2026-09-05T00:00:00+08:00,0.88,synthetic,not_applicable,,team_generated,false,dev
JOB-DATA-0058-SKILL-012,JOB-DATA-0058,SKILL-012,65,0.071429,required,1.1.0,synthetic,true,SRC-SYNTH,2026-09-05T00:00:00+08:00,0.88,synthetic,not_applicable,,team_generated,false,dev
JOB-DATA-0058-SKILL-013,JOB-DATA-0058,SKILL-013,65,0.071429,required,1.1.0,synthetic,true,SRC-SYNTH,2026-09-05T00:00:00+08:00,0.88,synthetic,not_applicable,,team_generated,false,dev
JOB-DATA-0058-SKILL-014,JOB-DATA-0058,SKILL-014,60,0.071429,required,1.1.0,synthetic,true,SRC-SYNTH,2026-09-05T00:00:00+08:00,0.88,synthetic,not_applicable,,team_generated,false,dev
JOB-DATA-0058-SKILL-015,JOB-DATA-0058,SKILL-015,59,0.071429,required,1.1.0,synthetic,true,SRC-SYNTH,2026-09-05T00:00:00+08:00,0.88,synthetic,not_applicable,,team_generated,false,dev
JOB-DATA-0058-SKILL-016,JOB-DATA-0058,SKILL-016,59,0.071429,required,1.1.0,synthetic,true,SRC-SYNTH,2026-09-05T00:00:00+08:00,0.88,synthetic,not_applicable,,team_generated,false,dev
JOB-DATA-0058-SKILL-040,JOB-DATA-0058,SKILL-040,58,0.071429,required,1.1.0,synthetic,true,SRC-SYNTH,2026-09-05T00:00:00+08:00,0.88,synthetic,not_applicable,,team_generated,false,dev
JOB-DATA-0058-SKILL-041,JOB-DATA-0058,SKILL-041,58,0.071429,required,1.1.0,synthetic,true,SRC-SYNTH,2026-09-05T00:00:00+08:00,0.88,synthetic,not_applicable,,team_generated,false,dev
JOB-DATA-0058-SKILL-043,JOB-DATA-0058,SKILL-043,53,0.071429,required,1.1.0,synthetic,true,SRC-SYNTH,2026-09-05T00:00:00+08:00,0.88,synthetic,not_applicable,,team_generated,false,dev
JOB-DATA-0058-SKILL-044,JOB-DATA-0058,SKILL-044,52,0.071429,required,1.1.0,synthetic,true,SRC-SYNTH,2026-09-05T00:00:00+08:00,0.88,synthetic,not_applicable,,team_generated,false,dev
JOB-DATA-0058-SKILL-045,JOB-DATA-0058,SKILL-045,52,0.071429,required,1.1.0,synthetic,true,SRC-SYNTH,2026-09-05T00:00:00+08:00,0.88,synthetic,not_applicable,,team_generated,false,dev
JOB-DATA-0058-SKILL-046,JOB-DATA-0058,SKILL-046,51,0.071429,preferred,1.1.0,synthetic,true,SRC-SYNTH,2026-09-05T00:00:00+08:00,0.88,synthetic,not_applicable,,team_generated,false,dev
JOB-DATA-0058-SKILL-048,JOB-DATA-0058,SKILL-048,51,0.071429,preferred,1.1.0,synthetic,true,SRC-SYNTH,2026-09-05T00:00:00+08:00,0.88,synthetic,not_applicable,,team_generated,false,dev
JOB-DATA-0058-SKILL-049,JOB-DATA-0058,SKILL-049,46,0.071429,preferred,1.1.0,synthetic,true,SRC-SYNTH,2026-09-05T00:00:00+08:00,0.88,synthetic,not_applicable,,team_generated,false,dev
JOB-DATA-0058-SKILL-054,JOB-DATA-0058,SKILL-054,46,0.071423,preferred,1.1.0,synthetic,true,SRC-SYNTH,2026-09-05T00:00:00+08:00,0.88,synthetic,not_applicable,,team_generated,false,dev
JOB-DATA-0059-SKILL-013,JOB-DATA-0059,SKILL-013,65,0.066667,required,1.1.0,synthetic,true,SRC-SYNTH,2026-09-05T00:00:00+08:00,0.88,synthetic,not_applicable,,team_generated,false,dev
JOB-DATA-0059-SKILL-014,JOB-DATA-0059,SKILL-014,60,0.066667,required,1.1.0,synthetic,true,SRC-SYNTH,2026-09-05T00:00:00+08:00,0.88,synthetic,not_applicable,,team_generated,false,dev
JOB-DATA-0059-SKILL-015,JOB-DATA-0059,SKILL-015,59,0.066667,required,1.1.0,synthetic,true,SRC-SYNTH,2026-09-05T00:00:00+08:00,0.88,synthetic,not_applicable,,team_generated,false,dev
JOB-DATA-0059-SKILL-016,JOB-DATA-0059,SKILL-016,59,0.066667,required,1.1.0,synthetic,true,SRC-SYNTH,2026-09-05T00:00:00+08:00,0.88,synthetic,not_applicable,,team_generated,false,dev
JOB-DATA-0059-SKILL-040,JOB-DATA-0059,SKILL-040,58,0.066667,required,1.1.0,synthetic,true,SRC-SYNTH,2026-09-05T00:00:00+08:00,0.88,synthetic,not_applicable,,team_generated,false,dev
JOB-DATA-0059-SKILL-041,JOB-DATA-0059,SKILL-041,58,0.066667,required,1.1.0,synthetic,true,SRC-SYNTH,2026-09-05T00:00:00+08:00,0.88,synthetic,not_applicable,,team_generated,false,dev
JOB-DATA-0059-SKILL-043,JOB-DATA-0059,SKILL-043,53,0.066667,required,1.1.0,synthetic,true,SRC-SYNTH,2026-09-05T00:00:00+08:00,0.88,synthetic,not_applicable,,team_generated,false,dev
JOB-DATA-0059-SKILL-044,JOB-DATA-0059,SKILL-044,52,0.066667,required,1.1.0,synthetic,true,SRC-SYNTH,2026-09-05T00:00:00+08:00,0.88,synthetic,not_applicable,,team_generated,false,dev
JOB-DATA-0059-SKILL-045,JOB-DATA-0059,SKILL-045,52,0.066667,required,1.1.0,synthetic,true,SRC-SYNTH,2026-09-05T00:00:00+08:00,0.88,synthetic,not_applicable,,team_generated,false,dev
JOB-DATA-0059-SKILL-046,JOB-DATA-0059,SKILL-046,51,0.066667,required,1.1.0,synthetic,true,SRC-SYNTH,2026-09-05T00:00:00+08:00,0.88,synthetic,not_applicable,,team_generated,false,dev
JOB-DATA-0059-SKILL-048,JOB-DATA-0059,SKILL-048,51,0.066667,preferred,1.1.0,synthetic,true,SRC-SYNTH,2026-09-05T00:00:00+08:00,0.88,synthetic,not_applicable,,team_generated,false,dev
JOB-DATA-0059-SKILL-049,JOB-DATA-0059,SKILL-049,46,0.066667,preferred,1.1.0,synthetic,true,SRC-SYNTH,2026-09-05T00:00:00+08:00,0.88,synthetic,not_applicable,,team_generated,false,dev
JOB-DATA-0059-SKILL-054,JOB-DATA-0059,SKILL-054,46,0.066667,preferred,1.1.0,synthetic,true,SRC-SYNTH,2026-09-05T00:00:00+08:00,0.88,synthetic,not_applicable,,team_generated,false,dev
JOB-DATA-0059-SKILL-001,JOB-DATA-0059,SKILL-001,70,0.066667,preferred,1.1.0,synthetic,true,SRC-SYNTH,2026-09-05T00:00:00+08:00,0.88,synthetic,not_applicable,,team_generated,false,dev
JOB-DATA-0059-SKILL-009,JOB-DATA-0059,SKILL-009,70,0.066662,preferred,1.1.0,synthetic,true,SRC-SYNTH,2026-09-05T00:00:00+08:00,0.88,synthetic,not_applicable,,team_generated,false,dev
JOB-DATA-0060-SKILL-014,JOB-DATA-0060,SKILL-014,60,0.0625,required,1.1.0,synthetic,true,SRC-SYNTH,2026-09-05T00:00:00+08:00,0.88,synthetic,not_applicable,,team_generated,false,dev
JOB-DATA-0060-SKILL-015,JOB-DATA-0060,SKILL-015,59,0.0625,required,1.1.0,synthetic,true,SRC-SYNTH,2026-09-05T00:00:00+08:00,0.88,synthetic,not_applicable,,team_generated,false,dev
JOB-DATA-0060-SKILL-016,JOB-DATA-0060,SKILL-016,59,0.0625,required,1.1.0,synthetic,true,SRC-SYNTH,2026-09-05T00:00:00+08:00,0.88,synthetic,not_applicable,,team_generated,false,dev
JOB-DATA-0060-SKILL-040,JOB-DATA-0060,SKILL-040,58,0.0625,required,1.1.0,synthetic,true,SRC-SYNTH,2026-09-05T00:00:00+08:00,0.88,synthetic,not_applicable,,team_generated,false,dev
JOB-DATA-0060-SKILL-041,JOB-DATA-0060,SKILL-041,58,0.0625,required,1.1.0,synthetic,true,SRC-SYNTH,2026-09-05T00:00:00+08:00,0.88,synthetic,not_applicable,,team_generated,false,dev
JOB-DATA-0060-SKILL-043,JOB-DATA-0060,SKILL-043,53,0.0625,required,1.1.0,synthetic,true,SRC-SYNTH,2026-09-05T00:00:00+08:00,0.88,synthetic,not_applicable,,team_generated,false,dev
JOB-DATA-0060-SKILL-044,JOB-DATA-0060,SKILL-044,52,0.0625,required,1.1.0,synthetic,true,SRC-SYNTH,2026-09-05T00:00:00+08:00,0.88,synthetic,not_applicable,,team_generated,false,dev
JOB-DATA-0060-SKILL-045,JOB-DATA-0060,SKILL-045,52,0.0625,required,1.1.0,synthetic,true,SRC-SYNTH,2026-09-05T00:00:00+08:00,0.88,synthetic,not_applicable,,team_generated,false,dev
JOB-DATA-0060-SKILL-046,JOB-DATA-0060,SKILL-046,51,0.0625,required,1.1.0,synthetic,true,SRC-SYNTH,2026-09-05T00:00:00+08:00,0.88,synthetic,not_applicable,,team_generated,false,dev
JOB-DATA-0060-SKILL-048,JOB-DATA-0060,SKILL-048,51,0.0625,required,1.1.0,synthetic,true,SRC-SYNTH,2026-09-05T00:00:00+08:00,0.88,synthetic,not_applicable,,team_generated,false,dev
JOB-DATA-0060-SKILL-049,JOB-DATA-0060,SKILL-049,46,0.0625,required,1.1.0,synthetic,true,SRC-SYNTH,2026-09-05T00:00:00+08:00,0.88,synthetic,not_applicable,,team_generated,false,dev
JOB-DATA-0060-SKILL-054,JOB-DATA-0060,SKILL-054,46,0.0625,preferred,1.1.0,synthetic,true,SRC-SYNTH,2026-09-05T00:00:00+08:00,0.88,synthetic,not_applicable,,team_generated,false,dev
JOB-DATA-0060-SKILL-001,JOB-DATA-0060,SKILL-001,70,0.0625,preferred,1.1.0,synthetic,true,SRC-SYNTH,2026-09-05T00:00:00+08:00,0.88,synthetic,not_applicable,,team_generated,false,dev
JOB-DATA-0060-SKILL-009,JOB-DATA-0060,SKILL-009,70,0.0625,preferred,1.1.0,synthetic,true,SRC-SYNTH,2026-09-05T00:00:00+08:00,0.88,synthetic,not_applicable,,team_generated,false,dev
JOB-DATA-0060-SKILL-010,JOB-DATA-0060,SKILL-010,69,0.0625,preferred,1.1.0,synthetic,true,SRC-SYNTH,2026-09-05T00:00:00+08:00,0.88,synthetic,not_applicable,,team_generated,false,dev
JOB-DATA-0060-SKILL-011,JOB-DATA-0060,SKILL-011,64,0.0625,preferred,1.1.0,synthetic,true,SRC-SYNTH,2026-09-05T00:00:00+08:00,0.88,synthetic,not_applicable,,team_generated,false,dev
JOB-DATA-0061-SKILL-015,JOB-DATA-0061,SKILL-015,59,0.058824,required,1.1.0,synthetic,true,SRC-SYNTH,2026-09-05T00:00:00+08:00,0.88,synthetic,not_applicable,,team_generated,false,dev
JOB-DATA-0061-SKILL-016,JOB-DATA-0061,SKILL-016,59,0.058824,required,1.1.0,synthetic,true,SRC-SYNTH,2026-09-05T00:00:00+08:00,0.88,synthetic,not_applicable,,team_generated,false,dev
JOB-DATA-0061-SKILL-040,JOB-DATA-0061,SKILL-040,58,0.058824,required,1.1.0,synthetic,true,SRC-SYNTH,2026-09-05T00:00:00+08:00,0.88,synthetic,not_applicable,,team_generated,false,dev
JOB-DATA-0061-SKILL-041,JOB-DATA-0061,SKILL-041,58,0.058824,required,1.1.0,synthetic,true,SRC-SYNTH,2026-09-05T00:00:00+08:00,0.88,synthetic,not_applicable,,team_generated,false,dev
JOB-DATA-0061-SKILL-043,JOB-DATA-0061,SKILL-043,53,0.058824,required,1.1.0,synthetic,true,SRC-SYNTH,2026-09-05T00:00:00+08:00,0.88,synthetic,not_applicable,,team_generated,false,dev
JOB-DATA-0061-SKILL-044,JOB-DATA-0061,SKILL-044,52,0.058824,required,1.1.0,synthetic,true,SRC-SYNTH,2026-09-05T00:00:00+08:00,0.88,synthetic,not_applicable,,team_generated,false,dev
JOB-DATA-0061-SKILL-045,JOB-DATA-0061,SKILL-045,52,0.058824,required,1.1.0,synthetic,true,SRC-SYNTH,2026-09-05T00:00:00+08:00,0.88,synthetic,not_applicable,,team_generated,false,dev
JOB-DATA-0061-SKILL-046,JOB-DATA-0061,SKILL-046,51,0.058824,required,1.1.0,synthetic,true,SRC-SYNTH,2026-09-05T00:00:00+08:00,0.88,synthetic,not_applicable,,team_generated,false,dev
JOB-DATA-0061-SKILL-048,JOB-DATA-0061,SKILL-048,51,0.058824,required,1.1.0,synthetic,true,SRC-SYNTH,2026-09-05T00:00:00+08:00,0.88,synthetic,not_applicable,,team_generated,false,dev
JOB-DATA-0061-SKILL-049,JOB-DATA-0061,SKILL-049,46,0.058824,required,1.1.0,synthetic,true,SRC-SYNTH,2026-09-05T00:00:00+08:00,0.88,synthetic,not_applicable,,team_generated,false,dev
JOB-DATA-0061-SKILL-054,JOB-DATA-0061,SKILL-054,46,0.058824,required,1.1.0,synthetic,true,SRC-SYNTH,2026-09-05T00:00:00+08:00,0.88,synthetic,not_applicable,,team_generated,false,dev
JOB-DATA-0061-SKILL-001,JOB-DATA-0061,SKILL-001,70,0.058824,required,1.1.0,synthetic,true,SRC-SYNTH,2026-09-05T00:00:00+08:00,0.88,synthetic,not_applicable,,team_generated,false,dev
JOB-DATA-0061-SKILL-009,JOB-DATA-0061,SKILL-009,70,0.058824,preferred,1.1.0,synthetic,true,SRC-SYNTH,2026-09-05T00:00:00+08:00,0.88,synthetic,not_applicable,,team_generated,false,dev
JOB-DATA-0061-SKILL-010,JOB-DATA-0061,SKILL-010,69,0.058824,preferred,1.1.0,synthetic,true,SRC-SYNTH,2026-09-05T00:00:00+08:00,0.88,synthetic,not_applicable,,team_generated,false,dev
JOB-DATA-0061-SKILL-011,JOB-DATA-0061,SKILL-011,64,0.058824,preferred,1.1.0,synthetic,true,SRC-SYNTH,2026-09-05T00:00:00+08:00,0.88,synthetic,not_applicable,,team_generated,false,dev
JOB-DATA-0061-SKILL-012,JOB-DATA-0061,SKILL-012,63,0.058824,preferred,1.1.0,synthetic,true,SRC-SYNTH,2026-09-05T00:00:00+08:00,0.88,synthetic,not_applicable,,team_generated,false,dev
JOB-DATA-0061-SKILL-013,JOB-DATA-0061,SKILL-013,63,0.058816,preferred,1.1.0,synthetic,true,SRC-SYNTH,2026-09-05T00:00:00+08:00,0.88,synthetic,not_applicable,,team_generated,false,dev
JOB-DATA-0062-SKILL-016,JOB-DATA-0062,SKILL-016,59,0.055556,required,1.1.0,synthetic,true,SRC-SYNTH,2026-09-05T00:00:00+08:00,0.88,synthetic,not_applicable,,team_generated,false,dev
JOB-DATA-0062-SKILL-040,JOB-DATA-0062,SKILL-040,58,0.055556,required,1.1.0,synthetic,true,SRC-SYNTH,2026-09-05T00:00:00+08:00,0.88,synthetic,not_applicable,,team_generated,false,dev
JOB-DATA-0062-SKILL-041,JOB-DATA-0062,SKILL-041,58,0.055556,required,1.1.0,synthetic,true,SRC-SYNTH,2026-09-05T00:00:00+08:00,0.88,synthetic,not_applicable,,team_generated,false,dev
JOB-DATA-0062-SKILL-043,JOB-DATA-0062,SKILL-043,53,0.055556,required,1.1.0,synthetic,true,SRC-SYNTH,2026-09-05T00:00:00+08:00,0.88,synthetic,not_applicable,,team_generated,false,dev
JOB-DATA-0062-SKILL-044,JOB-DATA-0062,SKILL-044,52,0.055556,required,1.1.0,synthetic,true,SRC-SYNTH,2026-09-05T00:00:00+08:00,0.88,synthetic,not_applicable,,team_generated,false,dev
JOB-DATA-0062-SKILL-045,JOB-DATA-0062,SKILL-045,52,0.055556,required,1.1.0,synthetic,true,SRC-SYNTH,2026-09-05T00:00:00+08:00,0.88,synthetic,not_applicable,,team_generated,false,dev
JOB-DATA-0062-SKILL-046,JOB-DATA-0062,SKILL-046,51,0.055556,required,1.1.0,synthetic,true,SRC-SYNTH,2026-09-05T00:00:00+08:00,0.88,synthetic,not_applicable,,team_generated,false,dev
JOB-DATA-0062-SKILL-048,JOB-DATA-0062,SKILL-048,51,0.055556,required,1.1.0,synthetic,true,SRC-SYNTH,2026-09-05T00:00:00+08:00,0.88,synthetic,not_applicable,,team_generated,false,dev
JOB-DATA-0062-SKILL-049,JOB-DATA-0062,SKILL-049,46,0.055556,required,1.1.0,synthetic,true,SRC-SYNTH,2026-09-05T00:00:00+08:00,0.88,synthetic,not_applicable,,team_generated,false,dev
JOB-DATA-0062-SKILL-054,JOB-DATA-0062,SKILL-054,46,0.055556,required,1.1.0,synthetic,true,SRC-SYNTH,2026-09-05T00:00:00+08:00,0.88,synthetic,not_applicable,,team_generated,false,dev
JOB-DATA-0062-SKILL-001,JOB-DATA-0062,SKILL-001,70,0.055556,required,1.1.0,synthetic,true,SRC-SYNTH,2026-09-05T00:00:00+08:00,0.88,synthetic,not_applicable,,team_generated,false,dev
JOB-DATA-0062-SKILL-009,JOB-DATA-0062,SKILL-009,70,0.055556,required,1.1.0,synthetic,true,SRC-SYNTH,2026-09-05T00:00:00+08:00,0.88,synthetic,not_applicable,,team_generated,false,dev
JOB-DATA-0062-SKILL-010,JOB-DATA-0062,SKILL-010,69,0.055556,preferred,1.1.0,synthetic,true,SRC-SYNTH,2026-09-05T00:00:00+08:00,0.88,synthetic,not_applicable,,team_generated,false,dev
JOB-DATA-0062-SKILL-011,JOB-DATA-0062,SKILL-011,64,0.055556,preferred,1.1.0,synthetic,true,SRC-SYNTH,2026-09-05T00:00:00+08:00,0.88,synthetic,not_applicable,,team_generated,false,dev
JOB-DATA-0062-SKILL-012,JOB-DATA-0062,SKILL-012,63,0.055556,preferred,1.1.0,synthetic,true,SRC-SYNTH,2026-09-05T00:00:00+08:00,0.88,synthetic,not_applicable,,team_generated,false,dev
JOB-DATA-0062-SKILL-013,JOB-DATA-0062,SKILL-013,63,0.055556,preferred,1.1.0,synthetic,true,SRC-SYNTH,2026-09-05T00:00:00+08:00,0.88,synthetic,not_applicable,,team_generated,false,dev
JOB-DATA-0062-SKILL-014,JOB-DATA-0062,SKILL-014,63,0.055556,preferred,1.1.0,synthetic,true,SRC-SYNTH,2026-09-05T00:00:00+08:00,0.88,synthetic,not_applicable,,team_generated,false,dev
JOB-DATA-0062-SKILL-015,JOB-DATA-0062,SKILL-015,62,0.055548,preferred,1.1.0,synthetic,true,SRC-SYNTH,2026-09-05T00:00:00+08:00,0.88,synthetic,not_applicable,,team_generated,false,dev
JOB-DATA-0063-SKILL-040,JOB-DATA-0063,SKILL-040,58,0.083333,required,1.1.0,synthetic,true,SRC-SYNTH,2026-09-05T00:00:00+08:00,0.88,synthetic,not_applicable,,team_generated,false,dev
JOB-DATA-0063-SKILL-041,JOB-DATA-0063,SKILL-041,58,0.083333,required,1.1.0,synthetic,true,SRC-SYNTH,2026-09-05T00:00:00+08:00,0.88,synthetic,not_applicable,,team_generated,false,dev
JOB-DATA-0063-SKILL-043,JOB-DATA-0063,SKILL-043,53,0.083333,required,1.1.0,synthetic,true,SRC-SYNTH,2026-09-05T00:00:00+08:00,0.88,synthetic,not_applicable,,team_generated,false,dev
JOB-DATA-0063-SKILL-044,JOB-DATA-0063,SKILL-044,52,0.083333,required,1.1.0,synthetic,true,SRC-SYNTH,2026-09-05T00:00:00+08:00,0.88,synthetic,not_applicable,,team_generated,false,dev
JOB-DATA-0063-SKILL-045,JOB-DATA-0063,SKILL-045,52,0.083333,required,1.1.0,synthetic,true,SRC-SYNTH,2026-09-05T00:00:00+08:00,0.88,synthetic,not_applicable,,team_generated,false,dev
JOB-DATA-0063-SKILL-046,JOB-DATA-0063,SKILL-046,51,0.083333,required,1.1.0,synthetic,true,SRC-SYNTH,2026-09-05T00:00:00+08:00,0.88,synthetic,not_applicable,,team_generated,false,dev
JOB-DATA-0063-SKILL-048,JOB-DATA-0063,SKILL-048,51,0.083333,required,1.1.0,synthetic,true,SRC-SYNTH,2026-09-05T00:00:00+08:00,0.88,synthetic,not_applicable,,team_generated,false,dev
JOB-DATA-0063-SKILL-049,JOB-DATA-0063,SKILL-049,46,0.083333,required,1.1.0,synthetic,true,SRC-SYNTH,2026-09-05T00:00:00+08:00,0.88,synthetic,not_applicable,,team_generated,false,dev
JOB-DATA-0063-SKILL-054,JOB-DATA-0063,SKILL-054,46,0.083333,preferred,1.1.0,synthetic,true,SRC-SYNTH,2026-09-05T00:00:00+08:00,0.88,synthetic,not_applicable,,team_generated,false,dev
JOB-DATA-0063-SKILL-001,JOB-DATA-0063,SKILL-001,70,0.083333,preferred,1.1.0,synthetic,true,SRC-SYNTH,2026-09-05T00:00:00+08:00,0.88,synthetic,not_applicable,,team_generated,false,dev
JOB-DATA-0063-SKILL-009,JOB-DATA-0063,SKILL-009,70,0.083333,preferred,1.1.0,synthetic,true,SRC-SYNTH,2026-09-05T00:00:00+08:00,0.88,synthetic,not_applicable,,team_generated,false,dev
JOB-DATA-0063-SKILL-010,JOB-DATA-0063,SKILL-010,69,0.083337,preferred,1.1.0,synthetic,true,SRC-SYNTH,2026-09-05T00:00:00+08:00,0.88,synthetic,not_applicable,,team_generated,false,dev
JOB-DATA-0064-SKILL-041,JOB-DATA-0064,SKILL-041,58,0.076923,required,1.1.0,synthetic,true,SRC-SYNTH,2026-09-05T00:00:00+08:00,0.88,synthetic,not_applicable,,team_generated,false,dev
JOB-DATA-0064-SKILL-043,JOB-DATA-0064,SKILL-043,53,0.076923,required,1.1.0,synthetic,true,SRC-SYNTH,2026-09-05T00:00:00+08:00,0.88,synthetic,not_applicable,,team_generated,false,dev
JOB-DATA-0064-SKILL-044,JOB-DATA-0064,SKILL-044,52,0.076923,required,1.1.0,synthetic,true,SRC-SYNTH,2026-09-05T00:00:00+08:00,0.88,synthetic,not_applicable,,team_generated,false,dev
JOB-DATA-0064-SKILL-045,JOB-DATA-0064,SKILL-045,52,0.076923,required,1.1.0,synthetic,true,SRC-SYNTH,2026-09-05T00:00:00+08:00,0.88,synthetic,not_applicable,,team_generated,false,dev
JOB-DATA-0064-SKILL-046,JOB-DATA-0064,SKILL-046,51,0.076923,required,1.1.0,synthetic,true,SRC-SYNTH,2026-09-05T00:00:00+08:00,0.88,synthetic,not_applicable,,team_generated,false,dev
JOB-DATA-0064-SKILL-048,JOB-DATA-0064,SKILL-048,51,0.076923,required,1.1.0,synthetic,true,SRC-SYNTH,2026-09-05T00:00:00+08:00,0.88,synthetic,not_applicable,,team_generated,false,dev
JOB-DATA-0064-SKILL-049,JOB-DATA-0064,SKILL-049,46,0.076923,required,1.1.0,synthetic,true,SRC-SYNTH,2026-09-05T00:00:00+08:00,0.88,synthetic,not_applicable,,team_generated,false,dev
JOB-DATA-0064-SKILL-054,JOB-DATA-0064,SKILL-054,46,0.076923,required,1.1.0,synthetic,true,SRC-SYNTH,2026-09-05T00:00:00+08:00,0.88,synthetic,not_applicable,,team_generated,false,dev
JOB-DATA-0064-SKILL-001,JOB-DATA-0064,SKILL-001,70,0.076923,required,1.1.0,synthetic,true,SRC-SYNTH,2026-09-05T00:00:00+08:00,0.88,synthetic,not_applicable,,team_generated,false,dev
JOB-DATA-0064-SKILL-009,JOB-DATA-0064,SKILL-009,70,0.076923,preferred,1.1.0,synthetic,true,SRC-SYNTH,2026-09-05T00:00:00+08:00,0.88,synthetic,not_applicable,,team_generated,false,dev
JOB-DATA-0064-SKILL-010,JOB-DATA-0064,SKILL-010,69,0.076923,preferred,1.1.0,synthetic,true,SRC-SYNTH,2026-09-05T00:00:00+08:00,0.88,synthetic,not_applicable,,team_generated,false,dev
JOB-DATA-0064-SKILL-011,JOB-DATA-0064,SKILL-011,64,0.076923,preferred,1.1.0,synthetic,true,SRC-SYNTH,2026-09-05T00:00:00+08:00,0.88,synthetic,not_applicable,,team_generated,false,dev
JOB-DATA-0064-SKILL-012,JOB-DATA-0064,SKILL-012,63,0.076924,preferred,1.1.0,synthetic,true,SRC-SYNTH,2026-09-05T00:00:00+08:00,0.88,synthetic,not_applicable,,team_generated,false,dev
JOB-DATA-0065-SKILL-043,JOB-DATA-0065,SKILL-043,53,0.071429,required,1.1.0,synthetic,true,SRC-SYNTH,2026-09-05T00:00:00+08:00,0.88,synthetic,not_applicable,,team_generated,false,dev
JOB-DATA-0065-SKILL-044,JOB-DATA-0065,SKILL-044,52,0.071429,required,1.1.0,synthetic,true,SRC-SYNTH,2026-09-05T00:00:00+08:00,0.88,synthetic,not_applicable,,team_generated,false,dev
JOB-DATA-0065-SKILL-045,JOB-DATA-0065,SKILL-045,52,0.071429,required,1.1.0,synthetic,true,SRC-SYNTH,2026-09-05T00:00:00+08:00,0.88,synthetic,not_applicable,,team_generated,false,dev
JOB-DATA-0065-SKILL-046,JOB-DATA-0065,SKILL-046,51,0.071429,required,1.1.0,synthetic,true,SRC-SYNTH,2026-09-05T00:00:00+08:00,0.88,synthetic,not_applicable,,team_generated,false,dev
JOB-DATA-0065-SKILL-048,JOB-DATA-0065,SKILL-048,51,0.071429,required,1.1.0,synthetic,true,SRC-SYNTH,2026-09-05T00:00:00+08:00,0.88,synthetic,not_applicable,,team_generated,false,dev
JOB-DATA-0065-SKILL-049,JOB-DATA-0065,SKILL-049,46,0.071429,required,1.1.0,synthetic,true,SRC-SYNTH,2026-09-05T00:00:00+08:00,0.88,synthetic,not_applicable,,team_generated,false,dev
JOB-DATA-0065-SKILL-054,JOB-DATA-0065,SKILL-054,46,0.071429,required,1.1.0,synthetic,true,SRC-SYNTH,2026-09-05T00:00:00+08:00,0.88,synthetic,not_applicable,,team_generated,false,dev
JOB-DATA-0065-SKILL-001,JOB-DATA-0065,SKILL-001,70,0.071429,required,1.1.0,synthetic,true,SRC-SYNTH,2026-09-05T00:00:00+08:00,0.88,synthetic,not_applicable,,team_generated,false,dev
JOB-DATA-0065-SKILL-009,JOB-DATA-0065,SKILL-009,70,0.071429,required,1.1.0,synthetic,true,SRC-SYNTH,2026-09-05T00:00:00+08:00,0.88,synthetic,not_applicable,,team_generated,false,dev
JOB-DATA-0065-SKILL-010,JOB-DATA-0065,SKILL-010,69,0.071429,required,1.1.0,synthetic,true,SRC-SYNTH,2026-09-05T00:00:00+08:00,0.88,synthetic,not_applicable,,team_generated,false,dev
JOB-DATA-0065-SKILL-011,JOB-DATA-0065,SKILL-011,64,0.071429,preferred,1.1.0,synthetic,true,SRC-SYNTH,2026-09-05T00:00:00+08:00,0.88,synthetic,not_applicable,,team_generated,false,dev
JOB-DATA-0065-SKILL-012,JOB-DATA-0065,SKILL-012,63,0.071429,preferred,1.1.0,synthetic,true,SRC-SYNTH,2026-09-05T00:00:00+08:00,0.88,synthetic,not_applicable,,team_generated,false,dev
JOB-DATA-0065-SKILL-013,JOB-DATA-0065,SKILL-013,63,0.071429,preferred,1.1.0,synthetic,true,SRC-SYNTH,2026-09-05T00:00:00+08:00,0.88,synthetic,not_applicable,,team_generated,false,dev
JOB-DATA-0065-SKILL-014,JOB-DATA-0065,SKILL-014,63,0.071423,preferred,1.1.0,synthetic,true,SRC-SYNTH,2026-09-05T00:00:00+08:00,0.88,synthetic,not_applicable,,team_generated,false,dev
JOB-DATA-0066-SKILL-044,JOB-DATA-0066,SKILL-044,52,0.066667,required,1.1.0,synthetic,true,SRC-SYNTH,2026-09-05T00:00:00+08:00,0.88,synthetic,not_applicable,,team_generated,false,dev
JOB-DATA-0066-SKILL-045,JOB-DATA-0066,SKILL-045,52,0.066667,required,1.1.0,synthetic,true,SRC-SYNTH,2026-09-05T00:00:00+08:00,0.88,synthetic,not_applicable,,team_generated,false,dev
JOB-DATA-0066-SKILL-046,JOB-DATA-0066,SKILL-046,51,0.066667,required,1.1.0,synthetic,true,SRC-SYNTH,2026-09-05T00:00:00+08:00,0.88,synthetic,not_applicable,,team_generated,false,dev
JOB-DATA-0066-SKILL-048,JOB-DATA-0066,SKILL-048,51,0.066667,required,1.1.0,synthetic,true,SRC-SYNTH,2026-09-05T00:00:00+08:00,0.88,synthetic,not_applicable,,team_generated,false,dev
JOB-DATA-0066-SKILL-049,JOB-DATA-0066,SKILL-049,46,0.066667,required,1.1.0,synthetic,true,SRC-SYNTH,2026-09-05T00:00:00+08:00,0.88,synthetic,not_applicable,,team_generated,false,dev
JOB-DATA-0066-SKILL-054,JOB-DATA-0066,SKILL-054,46,0.066667,required,1.1.0,synthetic,true,SRC-SYNTH,2026-09-05T00:00:00+08:00,0.88,synthetic,not_applicable,,team_generated,false,dev
JOB-DATA-0066-SKILL-001,JOB-DATA-0066,SKILL-001,70,0.066667,required,1.1.0,synthetic,true,SRC-SYNTH,2026-09-05T00:00:00+08:00,0.88,synthetic,not_applicable,,team_generated,false,dev
JOB-DATA-0066-SKILL-009,JOB-DATA-0066,SKILL-009,70,0.066667,required,1.1.0,synthetic,true,SRC-SYNTH,2026-09-05T00:00:00+08:00,0.88,synthetic,not_applicable,,team_generated,false,dev
JOB-DATA-0066-SKILL-010,JOB-DATA-0066,SKILL-010,69,0.066667,required,1.1.0,synthetic,true,SRC-SYNTH,2026-09-05T00:00:00+08:00,0.88,synthetic,not_applicable,,team_generated,false,dev
JOB-DATA-0066-SKILL-011,JOB-DATA-0066,SKILL-011,64,0.066667,required,1.1.0,synthetic,true,SRC-SYNTH,2026-09-05T00:00:00+08:00,0.88,synthetic,not_applicable,,team_generated,false,dev
JOB-DATA-0066-SKILL-012,JOB-DATA-0066,SKILL-012,63,0.066667,preferred,1.1.0,synthetic,true,SRC-SYNTH,2026-09-05T00:00:00+08:00,0.88,synthetic,not_applicable,,team_generated,false,dev
JOB-DATA-0066-SKILL-013,JOB-DATA-0066,SKILL-013,63,0.066667,preferred,1.1.0,synthetic,true,SRC-SYNTH,2026-09-05T00:00:00+08:00,0.88,synthetic,not_applicable,,team_generated,false,dev
JOB-DATA-0066-SKILL-014,JOB-DATA-0066,SKILL-014,63,0.066667,preferred,1.1.0,synthetic,true,SRC-SYNTH,2026-09-05T00:00:00+08:00,0.88,synthetic,not_applicable,,team_generated,false,dev
JOB-DATA-0066-SKILL-015,JOB-DATA-0066,SKILL-015,62,0.066667,preferred,1.1.0,synthetic,true,SRC-SYNTH,2026-09-05T00:00:00+08:00,0.88,synthetic,not_applicable,,team_generated,false,dev
JOB-DATA-0066-SKILL-016,JOB-DATA-0066,SKILL-016,57,0.066662,preferred,1.1.0,synthetic,true,SRC-SYNTH,2026-09-05T00:00:00+08:00,0.88,synthetic,not_applicable,,team_generated,false,dev
JOB-DATA-0067-SKILL-045,JOB-DATA-0067,SKILL-045,52,0.0625,required,1.1.0,synthetic,true,SRC-SYNTH,2026-09-05T00:00:00+08:00,0.88,synthetic,not_applicable,,team_generated,false,dev
JOB-DATA-0067-SKILL-046,JOB-DATA-0067,SKILL-046,51,0.0625,required,1.1.0,synthetic,true,SRC-SYNTH,2026-09-05T00:00:00+08:00,0.88,synthetic,not_applicable,,team_generated,false,dev
JOB-DATA-0067-SKILL-048,JOB-DATA-0067,SKILL-048,51,0.0625,required,1.1.0,synthetic,true,SRC-SYNTH,2026-09-05T00:00:00+08:00,0.88,synthetic,not_applicable,,team_generated,false,dev
JOB-DATA-0067-SKILL-049,JOB-DATA-0067,SKILL-049,46,0.0625,required,1.1.0,synthetic,true,SRC-SYNTH,2026-09-05T00:00:00+08:00,0.88,synthetic,not_applicable,,team_generated,false,dev
JOB-DATA-0067-SKILL-054,JOB-DATA-0067,SKILL-054,46,0.0625,required,1.1.0,synthetic,true,SRC-SYNTH,2026-09-05T00:00:00+08:00,0.88,synthetic,not_applicable,,team_generated,false,dev
JOB-DATA-0067-SKILL-001,JOB-DATA-0067,SKILL-001,70,0.0625,required,1.1.0,synthetic,true,SRC-SYNTH,2026-09-05T00:00:00+08:00,0.88,synthetic,not_applicable,,team_generated,false,dev
JOB-DATA-0067-SKILL-009,JOB-DATA-0067,SKILL-009,70,0.0625,required,1.1.0,synthetic,true,SRC-SYNTH,2026-09-05T00:00:00+08:00,0.88,synthetic,not_applicable,,team_generated,false,dev
JOB-DATA-0067-SKILL-010,JOB-DATA-0067,SKILL-010,69,0.0625,required,1.1.0,synthetic,true,SRC-SYNTH,2026-09-05T00:00:00+08:00,0.88,synthetic,not_applicable,,team_generated,false,dev
JOB-DATA-0067-SKILL-011,JOB-DATA-0067,SKILL-011,64,0.0625,required,1.1.0,synthetic,true,SRC-SYNTH,2026-09-05T00:00:00+08:00,0.88,synthetic,not_applicable,,team_generated,false,dev
JOB-DATA-0067-SKILL-012,JOB-DATA-0067,SKILL-012,63,0.0625,required,1.1.0,synthetic,true,SRC-SYNTH,2026-09-05T00:00:00+08:00,0.88,synthetic,not_applicable,,team_generated,false,dev
JOB-DATA-0067-SKILL-013,JOB-DATA-0067,SKILL-013,63,0.0625,required,1.1.0,synthetic,true,SRC-SYNTH,2026-09-05T00:00:00+08:00,0.88,synthetic,not_applicable,,team_generated,false,dev
JOB-DATA-0067-SKILL-014,JOB-DATA-0067,SKILL-014,63,0.0625,preferred,1.1.0,synthetic,true,SRC-SYNTH,2026-09-05T00:00:00+08:00,0.88,synthetic,not_applicable,,team_generated,false,dev
JOB-DATA-0067-SKILL-015,JOB-DATA-0067,SKILL-015,62,0.0625,preferred,1.1.0,synthetic,true,SRC-SYNTH,2026-09-05T00:00:00+08:00,0.88,synthetic,not_applicable,,team_generated,false,dev
JOB-DATA-0067-SKILL-016,JOB-DATA-0067,SKILL-016,57,0.0625,preferred,1.1.0,synthetic,true,SRC-SYNTH,2026-09-05T00:00:00+08:00,0.88,synthetic,not_applicable,,team_generated,false,dev
JOB-DATA-0067-SKILL-040,JOB-DATA-0067,SKILL-040,56,0.0625,preferred,1.1.0,synthetic,true,SRC-SYNTH,2026-09-05T00:00:00+08:00,0.88,synthetic,not_applicable,,team_generated,false,dev
JOB-DATA-0067-SKILL-041,JOB-DATA-0067,SKILL-041,56,0.0625,preferred,1.1.0,synthetic,true,SRC-SYNTH,2026-09-05T00:00:00+08:00,0.88,synthetic,not_applicable,,team_generated,false,dev
JOB-DATA-0068-SKILL-046,JOB-DATA-0068,SKILL-046,51,0.058824,required,1.1.0,synthetic,true,SRC-SYNTH,2026-09-05T00:00:00+08:00,0.88,synthetic,not_applicable,,team_generated,false,dev
JOB-DATA-0068-SKILL-048,JOB-DATA-0068,SKILL-048,51,0.058824,required,1.1.0,synthetic,true,SRC-SYNTH,2026-09-05T00:00:00+08:00,0.88,synthetic,not_applicable,,team_generated,false,dev
JOB-DATA-0068-SKILL-049,JOB-DATA-0068,SKILL-049,46,0.058824,required,1.1.0,synthetic,true,SRC-SYNTH,2026-09-05T00:00:00+08:00,0.88,synthetic,not_applicable,,team_generated,false,dev
JOB-DATA-0068-SKILL-054,JOB-DATA-0068,SKILL-054,46,0.058824,required,1.1.0,synthetic,true,SRC-SYNTH,2026-09-05T00:00:00+08:00,0.88,synthetic,not_applicable,,team_generated,false,dev
JOB-DATA-0068-SKILL-001,JOB-DATA-0068,SKILL-001,70,0.058824,required,1.1.0,synthetic,true,SRC-SYNTH,2026-09-05T00:00:00+08:00,0.88,synthetic,not_applicable,,team_generated,false,dev
JOB-DATA-0068-SKILL-009,JOB-DATA-0068,SKILL-009,70,0.058824,required,1.1.0,synthetic,true,SRC-SYNTH,2026-09-05T00:00:00+08:00,0.88,synthetic,not_applicable,,team_generated,false,dev
JOB-DATA-0068-SKILL-010,JOB-DATA-0068,SKILL-010,69,0.058824,required,1.1.0,synthetic,true,SRC-SYNTH,2026-09-05T00:00:00+08:00,0.88,synthetic,not_applicable,,team_generated,false,dev
JOB-DATA-0068-SKILL-011,JOB-DATA-0068,SKILL-011,64,0.058824,required,1.1.0,synthetic,true,SRC-SYNTH,2026-09-05T00:00:00+08:00,0.88,synthetic,not_applicable,,team_generated,false,dev
JOB-DATA-0068-SKILL-012,JOB-DATA-0068,SKILL-012,63,0.058824,required,1.1.0,synthetic,true,SRC-SYNTH,2026-09-05T00:00:00+08:00,0.88,synthetic,not_applicable,,team_generated,false,dev
JOB-DATA-0068-SKILL-013,JOB-DATA-0068,SKILL-013,63,0.058824,required,1.1.0,synthetic,true,SRC-SYNTH,2026-09-05T00:00:00+08:00,0.88,synthetic,not_applicable,,team_generated,false,dev
JOB-DATA-0068-SKILL-014,JOB-DATA-0068,SKILL-014,63,0.058824,required,1.1.0,synthetic,true,SRC-SYNTH,2026-09-05T00:00:00+08:00,0.88,synthetic,not_applicable,,team_generated,false,dev
JOB-DATA-0068-SKILL-015,JOB-DATA-0068,SKILL-015,62,0.058824,required,1.1.0,synthetic,true,SRC-SYNTH,2026-09-05T00:00:00+08:00,0.88,synthetic,not_applicable,,team_generated,false,dev
JOB-DATA-0068-SKILL-016,JOB-DATA-0068,SKILL-016,57,0.058824,preferred,1.1.0,synthetic,true,SRC-SYNTH,2026-09-05T00:00:00+08:00,0.88,synthetic,not_applicable,,team_generated,false,dev
JOB-DATA-0068-SKILL-040,JOB-DATA-0068,SKILL-040,56,0.058824,preferred,1.1.0,synthetic,true,SRC-SYNTH,2026-09-05T00:00:00+08:00,0.88,synthetic,not_applicable,,team_generated,false,dev
JOB-DATA-0068-SKILL-041,JOB-DATA-0068,SKILL-041,56,0.058824,preferred,1.1.0,synthetic,true,SRC-SYNTH,2026-09-05T00:00:00+08:00,0.88,synthetic,not_applicable,,team_generated,false,dev
JOB-DATA-0068-SKILL-043,JOB-DATA-0068,SKILL-043,56,0.058824,preferred,1.1.0,synthetic,true,SRC-SYNTH,2026-09-05T00:00:00+08:00,0.88,synthetic,not_applicable,,team_generated,false,dev
JOB-DATA-0068-SKILL-044,JOB-DATA-0068,SKILL-044,55,0.058816,preferred,1.1.0,synthetic,true,SRC-SYNTH,2026-09-05T00:00:00+08:00,0.88,synthetic,not_applicable,,team_generated,false,dev
JOB-DATA-0069-SKILL-048,JOB-DATA-0069,SKILL-048,51,0.055556,required,1.1.0,synthetic,true,SRC-SYNTH,2026-09-05T00:00:00+08:00,0.88,synthetic,not_applicable,,team_generated,false,dev
JOB-DATA-0069-SKILL-049,JOB-DATA-0069,SKILL-049,46,0.055556,required,1.1.0,synthetic,true,SRC-SYNTH,2026-09-05T00:00:00+08:00,0.88,synthetic,not_applicable,,team_generated,false,dev
JOB-DATA-0069-SKILL-054,JOB-DATA-0069,SKILL-054,46,0.055556,required,1.1.0,synthetic,true,SRC-SYNTH,2026-09-05T00:00:00+08:00,0.88,synthetic,not_applicable,,team_generated,false,dev
JOB-DATA-0069-SKILL-001,JOB-DATA-0069,SKILL-001,70,0.055556,required,1.1.0,synthetic,true,SRC-SYNTH,2026-09-05T00:00:00+08:00,0.88,synthetic,not_applicable,,team_generated,false,dev
JOB-DATA-0069-SKILL-009,JOB-DATA-0069,SKILL-009,70,0.055556,required,1.1.0,synthetic,true,SRC-SYNTH,2026-09-05T00:00:00+08:00,0.88,synthetic,not_applicable,,team_generated,false,dev
JOB-DATA-0069-SKILL-010,JOB-DATA-0069,SKILL-010,69,0.055556,required,1.1.0,synthetic,true,SRC-SYNTH,2026-09-05T00:00:00+08:00,0.88,synthetic,not_applicable,,team_generated,false,dev
JOB-DATA-0069-SKILL-011,JOB-DATA-0069,SKILL-011,64,0.055556,required,1.1.0,synthetic,true,SRC-SYNTH,2026-09-05T00:00:00+08:00,0.88,synthetic,not_applicable,,team_generated,false,dev
JOB-DATA-0069-SKILL-012,JOB-DATA-0069,SKILL-012,63,0.055556,required,1.1.0,synthetic,true,SRC-SYNTH,2026-09-05T00:00:00+08:00,0.88,synthetic,not_applicable,,team_generated,false,dev
JOB-DATA-0069-SKILL-013,JOB-DATA-0069,SKILL-013,63,0.055556,required,1.1.0,synthetic,true,SRC-SYNTH,2026-09-05T00:00:00+08:00,0.88,synthetic,not_applicable,,team_generated,false,dev
JOB-DATA-0069-SKILL-014,JOB-DATA-0069,SKILL-014,63,0.055556,required,1.1.0,synthetic,true,SRC-SYNTH,2026-09-05T00:00:00+08:00,0.88,synthetic,not_applicable,,team_generated,false,dev
JOB-DATA-0069-SKILL-015,JOB-DATA-0069,SKILL-015,62,0.055556,required,1.1.0,synthetic,true,SRC-SYNTH,2026-09-05T00:00:00+08:00,0.88,synthetic,not_applicable,,team_generated,false,dev
JOB-DATA-0069-SKILL-016,JOB-DATA-0069,SKILL-016,57,0.055556,required,1.1.0,synthetic,true,SRC-SYNTH,2026-09-05T00:00:00+08:00,0.88,synthetic,not_applicable,,team_generated,false,dev
JOB-DATA-0069-SKILL-040,JOB-DATA-0069,SKILL-040,56,0.055556,preferred,1.1.0,synthetic,true,SRC-SYNTH,2026-09-05T00:00:00+08:00,0.88,synthetic,not_applicable,,team_generated,false,dev
JOB-DATA-0069-SKILL-041,JOB-DATA-0069,SKILL-041,56,0.055556,preferred,1.1.0,synthetic,true,SRC-SYNTH,2026-09-05T00:00:00+08:00,0.88,synthetic,not_applicable,,team_generated,false,dev
JOB-DATA-0069-SKILL-043,JOB-DATA-0069,SKILL-043,56,0.055556,preferred,1.1.0,synthetic,true,SRC-SYNTH,2026-09-05T00:00:00+08:00,0.88,synthetic,not_applicable,,team_generated,false,dev
JOB-DATA-0069-SKILL-044,JOB-DATA-0069,SKILL-044,55,0.055556,preferred,1.1.0,synthetic,true,SRC-SYNTH,2026-09-05T00:00:00+08:00,0.88,synthetic,not_applicable,,team_generated,false,dev
JOB-DATA-0069-SKILL-045,JOB-DATA-0069,SKILL-045,50,0.055556,preferred,1.1.0,synthetic,true,SRC-SYNTH,2026-09-05T00:00:00+08:00,0.88,synthetic,not_applicable,,team_generated,false,dev
JOB-DATA-0069-SKILL-046,JOB-DATA-0069,SKILL-046,49,0.055548,preferred,1.1.0,synthetic,true,SRC-SYNTH,2026-09-05T00:00:00+08:00,0.88,synthetic,not_applicable,,team_generated,false,dev
JOB-DATA-0070-SKILL-049,JOB-DATA-0070,SKILL-049,46,0.083333,required,1.1.0,synthetic,true,SRC-SYNTH,2026-09-05T00:00:00+08:00,0.88,synthetic,not_applicable,,team_generated,false,dev
JOB-DATA-0070-SKILL-054,JOB-DATA-0070,SKILL-054,46,0.083333,required,1.1.0,synthetic,true,SRC-SYNTH,2026-09-05T00:00:00+08:00,0.88,synthetic,not_applicable,,team_generated,false,dev
JOB-DATA-0070-SKILL-001,JOB-DATA-0070,SKILL-001,70,0.083333,required,1.1.0,synthetic,true,SRC-SYNTH,2026-09-05T00:00:00+08:00,0.88,synthetic,not_applicable,,team_generated,false,dev
JOB-DATA-0070-SKILL-009,JOB-DATA-0070,SKILL-009,70,0.083333,required,1.1.0,synthetic,true,SRC-SYNTH,2026-09-05T00:00:00+08:00,0.88,synthetic,not_applicable,,team_generated,false,dev
JOB-DATA-0070-SKILL-010,JOB-DATA-0070,SKILL-010,69,0.083333,required,1.1.0,synthetic,true,SRC-SYNTH,2026-09-05T00:00:00+08:00,0.88,synthetic,not_applicable,,team_generated,false,dev
JOB-DATA-0070-SKILL-011,JOB-DATA-0070,SKILL-011,64,0.083333,required,1.1.0,synthetic,true,SRC-SYNTH,2026-09-05T00:00:00+08:00,0.88,synthetic,not_applicable,,team_generated,false,dev
JOB-DATA-0070-SKILL-012,JOB-DATA-0070,SKILL-012,63,0.083333,required,1.1.0,synthetic,true,SRC-SYNTH,2026-09-05T00:00:00+08:00,0.88,synthetic,not_applicable,,team_generated,false,dev
JOB-DATA-0070-SKILL-013,JOB-DATA-0070,SKILL-013,63,0.083333,required,1.1.0,synthetic,true,SRC-SYNTH,2026-09-05T00:00:00+08:00,0.88,synthetic,not_applicable,,team_generated,false,dev
JOB-DATA-0070-SKILL-014,JOB-DATA-0070,SKILL-014,63,0.083333,preferred,1.1.0,synthetic,true,SRC-SYNTH,2026-09-05T00:00:00+08:00,0.88,synthetic,not_applicable,,team_generated,false,dev
JOB-DATA-0070-SKILL-015,JOB-DATA-0070,SKILL-015,62,0.083333,preferred,1.1.0,synthetic,true,SRC-SYNTH,2026-09-05T00:00:00+08:00,0.88,synthetic,not_applicable,,team_generated,false,dev
JOB-DATA-0070-SKILL-016,JOB-DATA-0070,SKILL-016,57,0.083333,preferred,1.1.0,synthetic,true,SRC-SYNTH,2026-09-05T00:00:00+08:00,0.88,synthetic,not_applicable,,team_generated,false,dev
JOB-DATA-0070-SKILL-040,JOB-DATA-0070,SKILL-040,56,0.083337,preferred,1.1.0,synthetic,true,SRC-SYNTH,2026-09-05T00:00:00+08:00,0.88,synthetic,not_applicable,,team_generated,false,dev
JOB-DATA-0071-SKILL-054,JOB-DATA-0071,SKILL-054,46,0.076923,required,1.1.0,synthetic,true,SRC-SYNTH,2026-09-05T00:00:00+08:00,0.88,synthetic,not_applicable,,team_generated,false,dev
JOB-DATA-0071-SKILL-001,JOB-DATA-0071,SKILL-001,70,0.076923,required,1.1.0,synthetic,true,SRC-SYNTH,2026-09-05T00:00:00+08:00,0.88,synthetic,not_applicable,,team_generated,false,dev
JOB-DATA-0071-SKILL-009,JOB-DATA-0071,SKILL-009,70,0.076923,required,1.1.0,synthetic,true,SRC-SYNTH,2026-09-05T00:00:00+08:00,0.88,synthetic,not_applicable,,team_generated,false,dev
JOB-DATA-0071-SKILL-010,JOB-DATA-0071,SKILL-010,69,0.076923,required,1.1.0,synthetic,true,SRC-SYNTH,2026-09-05T00:00:00+08:00,0.88,synthetic,not_applicable,,team_generated,false,dev
JOB-DATA-0071-SKILL-011,JOB-DATA-0071,SKILL-011,64,0.076923,required,1.1.0,synthetic,true,SRC-SYNTH,2026-09-05T00:00:00+08:00,0.88,synthetic,not_applicable,,team_generated,false,dev
JOB-DATA-0071-SKILL-012,JOB-DATA-0071,SKILL-012,63,0.076923,required,1.1.0,synthetic,true,SRC-SYNTH,2026-09-05T00:00:00+08:00,0.88,synthetic,not_applicable,,team_generated,false,dev
JOB-DATA-0071-SKILL-013,JOB-DATA-0071,SKILL-013,63,0.076923,required,1.1.0,synthetic,true,SRC-SYNTH,2026-09-05T00:00:00+08:00,0.88,synthetic,not_applicable,,team_generated,false,dev
JOB-DATA-0071-SKILL-014,JOB-DATA-0071,SKILL-014,63,0.076923,required,1.1.0,synthetic,true,SRC-SYNTH,2026-09-05T00:00:00+08:00,0.88,synthetic,not_applicable,,team_generated,false,dev
JOB-DATA-0071-SKILL-015,JOB-DATA-0071,SKILL-015,62,0.076923,required,1.1.0,synthetic,true,SRC-SYNTH,2026-09-05T00:00:00+08:00,0.88,synthetic,not_applicable,,team_generated,false,dev
JOB-DATA-0071-SKILL-016,JOB-DATA-0071,SKILL-016,57,0.076923,preferred,1.1.0,synthetic,true,SRC-SYNTH,2026-09-05T00:00:00+08:00,0.88,synthetic,not_applicable,,team_generated,false,dev
JOB-DATA-0071-SKILL-040,JOB-DATA-0071,SKILL-040,56,0.076923,preferred,1.1.0,synthetic,true,SRC-SYNTH,2026-09-05T00:00:00+08:00,0.88,synthetic,not_applicable,,team_generated,false,dev
JOB-DATA-0071-SKILL-041,JOB-DATA-0071,SKILL-041,56,0.076923,preferred,1.1.0,synthetic,true,SRC-SYNTH,2026-09-05T00:00:00+08:00,0.88,synthetic,not_applicable,,team_generated,false,dev
JOB-DATA-0071-SKILL-043,JOB-DATA-0071,SKILL-043,56,0.076924,preferred,1.1.0,synthetic,true,SRC-SYNTH,2026-09-05T00:00:00+08:00,0.88,synthetic,not_applicable,,team_generated,false,dev
JOB-DATA-0072-SKILL-001,JOB-DATA-0072,SKILL-001,70,0.071429,required,1.1.0,synthetic,true,SRC-SYNTH,2026-09-05T00:00:00+08:00,0.88,synthetic,not_applicable,,team_generated,false,dev
JOB-DATA-0072-SKILL-009,JOB-DATA-0072,SKILL-009,70,0.071429,required,1.1.0,synthetic,true,SRC-SYNTH,2026-09-05T00:00:00+08:00,0.88,synthetic,not_applicable,,team_generated,false,dev
JOB-DATA-0072-SKILL-010,JOB-DATA-0072,SKILL-010,69,0.071429,required,1.1.0,synthetic,true,SRC-SYNTH,2026-09-05T00:00:00+08:00,0.88,synthetic,not_applicable,,team_generated,false,dev
JOB-DATA-0072-SKILL-011,JOB-DATA-0072,SKILL-011,64,0.071429,required,1.1.0,synthetic,true,SRC-SYNTH,2026-09-05T00:00:00+08:00,0.88,synthetic,not_applicable,,team_generated,false,dev
JOB-DATA-0072-SKILL-012,JOB-DATA-0072,SKILL-012,63,0.071429,required,1.1.0,synthetic,true,SRC-SYNTH,2026-09-05T00:00:00+08:00,0.88,synthetic,not_applicable,,team_generated,false,dev
JOB-DATA-0072-SKILL-013,JOB-DATA-0072,SKILL-013,63,0.071429,required,1.1.0,synthetic,true,SRC-SYNTH,2026-09-05T00:00:00+08:00,0.88,synthetic,not_applicable,,team_generated,false,dev
JOB-DATA-0072-SKILL-014,JOB-DATA-0072,SKILL-014,63,0.071429,required,1.1.0,synthetic,true,SRC-SYNTH,2026-09-05T00:00:00+08:00,0.88,synthetic,not_applicable,,team_generated,false,dev
JOB-DATA-0072-SKILL-015,JOB-DATA-0072,SKILL-015,62,0.071429,required,1.1.0,synthetic,true,SRC-SYNTH,2026-09-05T00:00:00+08:00,0.88,synthetic,not_applicable,,team_generated,false,dev
JOB-DATA-0072-SKILL-016,JOB-DATA-0072,SKILL-016,57,0.071429,required,1.1.0,synthetic,true,SRC-SYNTH,2026-09-05T00:00:00+08:00,0.88,synthetic,not_applicable,,team_generated,false,dev
JOB-DATA-0072-SKILL-040,JOB-DATA-0072,SKILL-040,56,0.071429,required,1.1.0,synthetic,true,SRC-SYNTH,2026-09-05T00:00:00+08:00,0.88,synthetic,not_applicable,,team_generated,false,dev
JOB-DATA-0072-SKILL-041,JOB-DATA-0072,SKILL-041,56,0.071429,preferred,1.1.0,synthetic,true,SRC-SYNTH,2026-09-05T00:00:00+08:00,0.88,synthetic,not_applicable,,team_generated,false,dev
JOB-DATA-0072-SKILL-043,JOB-DATA-0072,SKILL-043,56,0.071429,preferred,1.1.0,synthetic,true,SRC-SYNTH,2026-09-05T00:00:00+08:00,0.88,synthetic,not_applicable,,team_generated,false,dev
JOB-DATA-0072-SKILL-044,JOB-DATA-0072,SKILL-044,55,0.071429,preferred,1.1.0,synthetic,true,SRC-SYNTH,2026-09-05T00:00:00+08:00,0.88,synthetic,not_applicable,,team_generated,false,dev
JOB-DATA-0072-SKILL-045,JOB-DATA-0072,SKILL-045,50,0.071423,preferred,1.1.0,synthetic,true,SRC-SYNTH,2026-09-05T00:00:00+08:00,0.88,synthetic,not_applicable,,team_generated,false,dev
JOB-DATA-0073-SKILL-009,JOB-DATA-0073,SKILL-009,70,0.066667,required,1.1.0,synthetic,true,SRC-SYNTH,2026-09-05T00:00:00+08:00,0.88,synthetic,not_applicable,,team_generated,false,dev
JOB-DATA-0073-SKILL-010,JOB-DATA-0073,SKILL-010,69,0.066667,required,1.1.0,synthetic,true,SRC-SYNTH,2026-09-05T00:00:00+08:00,0.88,synthetic,not_applicable,,team_generated,false,dev
JOB-DATA-0073-SKILL-011,JOB-DATA-0073,SKILL-011,64,0.066667,required,1.1.0,synthetic,true,SRC-SYNTH,2026-09-05T00:00:00+08:00,0.88,synthetic,not_applicable,,team_generated,false,dev
JOB-DATA-0073-SKILL-012,JOB-DATA-0073,SKILL-012,63,0.066667,required,1.1.0,synthetic,true,SRC-SYNTH,2026-09-05T00:00:00+08:00,0.88,synthetic,not_applicable,,team_generated,false,dev
JOB-DATA-0073-SKILL-013,JOB-DATA-0073,SKILL-013,63,0.066667,required,1.1.0,synthetic,true,SRC-SYNTH,2026-09-05T00:00:00+08:00,0.88,synthetic,not_applicable,,team_generated,false,dev
JOB-DATA-0073-SKILL-014,JOB-DATA-0073,SKILL-014,63,0.066667,required,1.1.0,synthetic,true,SRC-SYNTH,2026-09-05T00:00:00+08:00,0.88,synthetic,not_applicable,,team_generated,false,dev
JOB-DATA-0073-SKILL-015,JOB-DATA-0073,SKILL-015,62,0.066667,required,1.1.0,synthetic,true,SRC-SYNTH,2026-09-05T00:00:00+08:00,0.88,synthetic,not_applicable,,team_generated,false,dev
JOB-DATA-0073-SKILL-016,JOB-DATA-0073,SKILL-016,57,0.066667,required,1.1.0,synthetic,true,SRC-SYNTH,2026-09-05T00:00:00+08:00,0.88,synthetic,not_applicable,,team_generated,false,dev
JOB-DATA-0073-SKILL-040,JOB-DATA-0073,SKILL-040,56,0.066667,required,1.1.0,synthetic,true,SRC-SYNTH,2026-09-05T00:00:00+08:00,0.88,synthetic,not_applicable,,team_generated,false,dev
JOB-DATA-0073-SKILL-041,JOB-DATA-0073,SKILL-041,56,0.066667,required,1.1.0,synthetic,true,SRC-SYNTH,2026-09-05T00:00:00+08:00,0.88,synthetic,not_applicable,,team_generated,false,dev
JOB-DATA-0073-SKILL-043,JOB-DATA-0073,SKILL-043,56,0.066667,preferred,1.1.0,synthetic,true,SRC-SYNTH,2026-09-05T00:00:00+08:00,0.88,synthetic,not_applicable,,team_generated,false,dev
JOB-DATA-0073-SKILL-044,JOB-DATA-0073,SKILL-044,55,0.066667,preferred,1.1.0,synthetic,true,SRC-SYNTH,2026-09-05T00:00:00+08:00,0.88,synthetic,not_applicable,,team_generated,false,dev
JOB-DATA-0073-SKILL-045,JOB-DATA-0073,SKILL-045,50,0.066667,preferred,1.1.0,synthetic,true,SRC-SYNTH,2026-09-05T00:00:00+08:00,0.88,synthetic,not_applicable,,team_generated,false,dev
JOB-DATA-0073-SKILL-046,JOB-DATA-0073,SKILL-046,49,0.066667,preferred,1.1.0,synthetic,true,SRC-SYNTH,2026-09-05T00:00:00+08:00,0.88,synthetic,not_applicable,,team_generated,false,dev
JOB-DATA-0073-SKILL-048,JOB-DATA-0073,SKILL-048,49,0.066662,preferred,1.1.0,synthetic,true,SRC-SYNTH,2026-09-05T00:00:00+08:00,0.88,synthetic,not_applicable,,team_generated,false,dev
JOB-DATA-0074-SKILL-010,JOB-DATA-0074,SKILL-010,69,0.0625,required,1.1.0,synthetic,true,SRC-SYNTH,2026-09-05T00:00:00+08:00,0.88,synthetic,not_applicable,,team_generated,false,dev
JOB-DATA-0074-SKILL-011,JOB-DATA-0074,SKILL-011,64,0.0625,required,1.1.0,synthetic,true,SRC-SYNTH,2026-09-05T00:00:00+08:00,0.88,synthetic,not_applicable,,team_generated,false,dev
JOB-DATA-0074-SKILL-012,JOB-DATA-0074,SKILL-012,63,0.0625,required,1.1.0,synthetic,true,SRC-SYNTH,2026-09-05T00:00:00+08:00,0.88,synthetic,not_applicable,,team_generated,false,dev
JOB-DATA-0074-SKILL-013,JOB-DATA-0074,SKILL-013,63,0.0625,required,1.1.0,synthetic,true,SRC-SYNTH,2026-09-05T00:00:00+08:00,0.88,synthetic,not_applicable,,team_generated,false,dev
JOB-DATA-0074-SKILL-014,JOB-DATA-0074,SKILL-014,63,0.0625,required,1.1.0,synthetic,true,SRC-SYNTH,2026-09-05T00:00:00+08:00,0.88,synthetic,not_applicable,,team_generated,false,dev
JOB-DATA-0074-SKILL-015,JOB-DATA-0074,SKILL-015,62,0.0625,required,1.1.0,synthetic,true,SRC-SYNTH,2026-09-05T00:00:00+08:00,0.88,synthetic,not_applicable,,team_generated,false,dev
JOB-DATA-0074-SKILL-016,JOB-DATA-0074,SKILL-016,57,0.0625,required,1.1.0,synthetic,true,SRC-SYNTH,2026-09-05T00:00:00+08:00,0.88,synthetic,not_applicable,,team_generated,false,dev
JOB-DATA-0074-SKILL-040,JOB-DATA-0074,SKILL-040,56,0.0625,required,1.1.0,synthetic,true,SRC-SYNTH,2026-09-05T00:00:00+08:00,0.88,synthetic,not_applicable,,team_generated,false,dev
JOB-DATA-0074-SKILL-041,JOB-DATA-0074,SKILL-041,56,0.0625,required,1.1.0,synthetic,true,SRC-SYNTH,2026-09-05T00:00:00+08:00,0.88,synthetic,not_applicable,,team_generated,false,dev
JOB-DATA-0074-SKILL-043,JOB-DATA-0074,SKILL-043,56,0.0625,required,1.1.0,synthetic,true,SRC-SYNTH,2026-09-05T00:00:00+08:00,0.88,synthetic,not_applicable,,team_generated,false,dev
JOB-DATA-0074-SKILL-044,JOB-DATA-0074,SKILL-044,55,0.0625,required,1.1.0,synthetic,true,SRC-SYNTH,2026-09-05T00:00:00+08:00,0.88,synthetic,not_applicable,,team_generated,false,dev
JOB-DATA-0074-SKILL-045,JOB-DATA-0074,SKILL-045,50,0.0625,preferred,1.1.0,synthetic,true,SRC-SYNTH,2026-09-05T00:00:00+08:00,0.88,synthetic,not_applicable,,team_generated,false,dev
JOB-DATA-0074-SKILL-046,JOB-DATA-0074,SKILL-046,49,0.0625,preferred,1.1.0,synthetic,true,SRC-SYNTH,2026-09-05T00:00:00+08:00,0.88,synthetic,not_applicable,,team_generated,false,dev
JOB-DATA-0074-SKILL-048,JOB-DATA-0074,SKILL-048,49,0.0625,preferred,1.1.0,synthetic,true,SRC-SYNTH,2026-09-05T00:00:00+08:00,0.88,synthetic,not_applicable,,team_generated,false,dev
JOB-DATA-0074-SKILL-049,JOB-DATA-0074,SKILL-049,49,0.0625,preferred,1.1.0,synthetic,true,SRC-SYNTH,2026-09-05T00:00:00+08:00,0.88,synthetic,not_applicable,,team_generated,false,dev
JOB-DATA-0074-SKILL-054,JOB-DATA-0074,SKILL-054,49,0.0625,preferred,1.1.0,synthetic,true,SRC-SYNTH,2026-09-05T00:00:00+08:00,0.88,synthetic,not_applicable,,team_generated,false,dev
JOB-DATA-0075-SKILL-011,JOB-DATA-0075,SKILL-011,64,0.058824,required,1.1.0,synthetic,true,SRC-SYNTH,2026-09-05T00:00:00+08:00,0.88,synthetic,not_applicable,,team_generated,false,dev
JOB-DATA-0075-SKILL-012,JOB-DATA-0075,SKILL-012,63,0.058824,required,1.1.0,synthetic,true,SRC-SYNTH,2026-09-05T00:00:00+08:00,0.88,synthetic,not_applicable,,team_generated,false,dev
JOB-DATA-0075-SKILL-013,JOB-DATA-0075,SKILL-013,63,0.058824,required,1.1.0,synthetic,true,SRC-SYNTH,2026-09-05T00:00:00+08:00,0.88,synthetic,not_applicable,,team_generated,false,dev
JOB-DATA-0075-SKILL-014,JOB-DATA-0075,SKILL-014,63,0.058824,required,1.1.0,synthetic,true,SRC-SYNTH,2026-09-05T00:00:00+08:00,0.88,synthetic,not_applicable,,team_generated,false,dev
JOB-DATA-0075-SKILL-015,JOB-DATA-0075,SKILL-015,62,0.058824,required,1.1.0,synthetic,true,SRC-SYNTH,2026-09-05T00:00:00+08:00,0.88,synthetic,not_applicable,,team_generated,false,dev
JOB-DATA-0075-SKILL-016,JOB-DATA-0075,SKILL-016,57,0.058824,required,1.1.0,synthetic,true,SRC-SYNTH,2026-09-05T00:00:00+08:00,0.88,synthetic,not_applicable,,team_generated,false,dev
JOB-DATA-0075-SKILL-040,JOB-DATA-0075,SKILL-040,56,0.058824,required,1.1.0,synthetic,true,SRC-SYNTH,2026-09-05T00:00:00+08:00,0.88,synthetic,not_applicable,,team_generated,false,dev
JOB-DATA-0075-SKILL-041,JOB-DATA-0075,SKILL-041,56,0.058824,required,1.1.0,synthetic,true,SRC-SYNTH,2026-09-05T00:00:00+08:00,0.88,synthetic,not_applicable,,team_generated,false,dev
JOB-DATA-0075-SKILL-043,JOB-DATA-0075,SKILL-043,56,0.058824,required,1.1.0,synthetic,true,SRC-SYNTH,2026-09-05T00:00:00+08:00,0.88,synthetic,not_applicable,,team_generated,false,dev
JOB-DATA-0075-SKILL-044,JOB-DATA-0075,SKILL-044,55,0.058824,required,1.1.0,synthetic,true,SRC-SYNTH,2026-09-05T00:00:00+08:00,0.88,synthetic,not_applicable,,team_generated,false,dev
JOB-DATA-0075-SKILL-045,JOB-DATA-0075,SKILL-045,50,0.058824,required,1.1.0,synthetic,true,SRC-SYNTH,2026-09-05T00:00:00+08:00,0.88,synthetic,not_applicable,,team_generated,false,dev
JOB-DATA-0075-SKILL-046,JOB-DATA-0075,SKILL-046,49,0.058824,required,1.1.0,synthetic,true,SRC-SYNTH,2026-09-05T00:00:00+08:00,0.88,synthetic,not_applicable,,team_generated,false,dev
JOB-DATA-0075-SKILL-048,JOB-DATA-0075,SKILL-048,49,0.058824,preferred,1.1.0,synthetic,true,SRC-SYNTH,2026-09-05T00:00:00+08:00,0.88,synthetic,not_applicable,,team_generated,false,dev
JOB-DATA-0075-SKILL-049,JOB-DATA-0075,SKILL-049,49,0.058824,preferred,1.1.0,synthetic,true,SRC-SYNTH,2026-09-05T00:00:00+08:00,0.88,synthetic,not_applicable,,team_generated,false,dev
JOB-DATA-0075-SKILL-054,JOB-DATA-0075,SKILL-054,49,0.058824,preferred,1.1.0,synthetic,true,SRC-SYNTH,2026-09-05T00:00:00+08:00,0.88,synthetic,not_applicable,,team_generated,false,dev
JOB-DATA-0075-SKILL-001,JOB-DATA-0075,SKILL-001,68,0.058824,preferred,1.1.0,synthetic,true,SRC-SYNTH,2026-09-05T00:00:00+08:00,0.88,synthetic,not_applicable,,team_generated,false,dev
JOB-DATA-0075-SKILL-009,JOB-DATA-0075,SKILL-009,68,0.058816,preferred,1.1.0,synthetic,true,SRC-SYNTH,2026-09-05T00:00:00+08:00,0.88,synthetic,not_applicable,,team_generated,false,dev
JOB-DATA-0076-SKILL-012,JOB-DATA-0076,SKILL-012,63,0.055556,required,1.1.0,synthetic,true,SRC-SYNTH,2026-09-05T00:00:00+08:00,0.88,synthetic,not_applicable,,team_generated,false,dev
JOB-DATA-0076-SKILL-013,JOB-DATA-0076,SKILL-013,63,0.055556,required,1.1.0,synthetic,true,SRC-SYNTH,2026-09-05T00:00:00+08:00,0.88,synthetic,not_applicable,,team_generated,false,dev
JOB-DATA-0076-SKILL-014,JOB-DATA-0076,SKILL-014,63,0.055556,required,1.1.0,synthetic,true,SRC-SYNTH,2026-09-05T00:00:00+08:00,0.88,synthetic,not_applicable,,team_generated,false,dev
JOB-DATA-0076-SKILL-015,JOB-DATA-0076,SKILL-015,62,0.055556,required,1.1.0,synthetic,true,SRC-SYNTH,2026-09-05T00:00:00+08:00,0.88,synthetic,not_applicable,,team_generated,false,dev
JOB-DATA-0076-SKILL-016,JOB-DATA-0076,SKILL-016,57,0.055556,required,1.1.0,synthetic,true,SRC-SYNTH,2026-09-05T00:00:00+08:00,0.88,synthetic,not_applicable,,team_generated,false,dev
JOB-DATA-0076-SKILL-040,JOB-DATA-0076,SKILL-040,56,0.055556,required,1.1.0,synthetic,true,SRC-SYNTH,2026-09-05T00:00:00+08:00,0.88,synthetic,not_applicable,,team_generated,false,dev
JOB-DATA-0076-SKILL-041,JOB-DATA-0076,SKILL-041,56,0.055556,required,1.1.0,synthetic,true,SRC-SYNTH,2026-09-05T00:00:00+08:00,0.88,synthetic,not_applicable,,team_generated,false,dev
JOB-DATA-0076-SKILL-043,JOB-DATA-0076,SKILL-043,56,0.055556,required,1.1.0,synthetic,true,SRC-SYNTH,2026-09-05T00:00:00+08:00,0.88,synthetic,not_applicable,,team_generated,false,dev
JOB-DATA-0076-SKILL-044,JOB-DATA-0076,SKILL-044,55,0.055556,required,1.1.0,synthetic,true,SRC-SYNTH,2026-09-05T00:00:00+08:00,0.88,synthetic,not_applicable,,team_generated,false,dev
JOB-DATA-0076-SKILL-045,JOB-DATA-0076,SKILL-045,50,0.055556,required,1.1.0,synthetic,true,SRC-SYNTH,2026-09-05T00:00:00+08:00,0.88,synthetic,not_applicable,,team_generated,false,dev
JOB-DATA-0076-SKILL-046,JOB-DATA-0076,SKILL-046,49,0.055556,required,1.1.0,synthetic,true,SRC-SYNTH,2026-09-05T00:00:00+08:00,0.88,synthetic,not_applicable,,team_generated,false,dev
JOB-DATA-0076-SKILL-048,JOB-DATA-0076,SKILL-048,49,0.055556,required,1.1.0,synthetic,true,SRC-SYNTH,2026-09-05T00:00:00+08:00,0.88,synthetic,not_applicable,,team_generated,false,dev
JOB-DATA-0076-SKILL-049,JOB-DATA-0076,SKILL-049,49,0.055556,preferred,1.1.0,synthetic,true,SRC-SYNTH,2026-09-05T00:00:00+08:00,0.88,synthetic,not_applicable,,team_generated,false,dev
JOB-DATA-0076-SKILL-054,JOB-DATA-0076,SKILL-054,49,0.055556,preferred,1.1.0,synthetic,true,SRC-SYNTH,2026-09-05T00:00:00+08:00,0.88,synthetic,not_applicable,,team_generated,false,dev
JOB-DATA-0076-SKILL-001,JOB-DATA-0076,SKILL-001,68,0.055556,preferred,1.1.0,synthetic,true,SRC-SYNTH,2026-09-05T00:00:00+08:00,0.88,synthetic,not_applicable,,team_generated,false,dev
JOB-DATA-0076-SKILL-009,JOB-DATA-0076,SKILL-009,68,0.055556,preferred,1.1.0,synthetic,true,SRC-SYNTH,2026-09-05T00:00:00+08:00,0.88,synthetic,not_applicable,,team_generated,false,dev
JOB-DATA-0076-SKILL-010,JOB-DATA-0076,SKILL-010,67,0.055556,preferred,1.1.0,synthetic,true,SRC-SYNTH,2026-09-05T00:00:00+08:00,0.88,synthetic,not_applicable,,team_generated,false,dev
JOB-DATA-0076-SKILL-011,JOB-DATA-0076,SKILL-011,67,0.055548,preferred,1.1.0,synthetic,true,SRC-SYNTH,2026-09-05T00:00:00+08:00,0.88,synthetic,not_applicable,,team_generated,false,dev
JOB-DATA-0077-SKILL-013,JOB-DATA-0077,SKILL-013,63,0.083333,required,1.1.0,synthetic,true,SRC-SYNTH,2026-09-05T00:00:00+08:00,0.88,synthetic,not_applicable,,team_generated,false,dev
JOB-DATA-0077-SKILL-014,JOB-DATA-0077,SKILL-014,63,0.083333,required,1.1.0,synthetic,true,SRC-SYNTH,2026-09-05T00:00:00+08:00,0.88,synthetic,not_applicable,,team_generated,false,dev
JOB-DATA-0077-SKILL-015,JOB-DATA-0077,SKILL-015,62,0.083333,required,1.1.0,synthetic,true,SRC-SYNTH,2026-09-05T00:00:00+08:00,0.88,synthetic,not_applicable,,team_generated,false,dev
JOB-DATA-0077-SKILL-016,JOB-DATA-0077,SKILL-016,57,0.083333,required,1.1.0,synthetic,true,SRC-SYNTH,2026-09-05T00:00:00+08:00,0.88,synthetic,not_applicable,,team_generated,false,dev
JOB-DATA-0077-SKILL-040,JOB-DATA-0077,SKILL-040,56,0.083333,required,1.1.0,synthetic,true,SRC-SYNTH,2026-09-05T00:00:00+08:00,0.88,synthetic,not_applicable,,team_generated,false,dev
JOB-DATA-0077-SKILL-041,JOB-DATA-0077,SKILL-041,56,0.083333,required,1.1.0,synthetic,true,SRC-SYNTH,2026-09-05T00:00:00+08:00,0.88,synthetic,not_applicable,,team_generated,false,dev
JOB-DATA-0077-SKILL-043,JOB-DATA-0077,SKILL-043,56,0.083333,required,1.1.0,synthetic,true,SRC-SYNTH,2026-09-05T00:00:00+08:00,0.88,synthetic,not_applicable,,team_generated,false,dev
JOB-DATA-0077-SKILL-044,JOB-DATA-0077,SKILL-044,55,0.083333,required,1.1.0,synthetic,true,SRC-SYNTH,2026-09-05T00:00:00+08:00,0.88,synthetic,not_applicable,,team_generated,false,dev
JOB-DATA-0077-SKILL-045,JOB-DATA-0077,SKILL-045,50,0.083333,preferred,1.1.0,synthetic,true,SRC-SYNTH,2026-09-05T00:00:00+08:00,0.88,synthetic,not_applicable,,team_generated,false,dev
JOB-DATA-0077-SKILL-046,JOB-DATA-0077,SKILL-046,49,0.083333,preferred,1.1.0,synthetic,true,SRC-SYNTH,2026-09-05T00:00:00+08:00,0.88,synthetic,not_applicable,,team_generated,false,dev
JOB-DATA-0077-SKILL-048,JOB-DATA-0077,SKILL-048,49,0.083333,preferred,1.1.0,synthetic,true,SRC-SYNTH,2026-09-05T00:00:00+08:00,0.88,synthetic,not_applicable,,team_generated,false,dev
JOB-DATA-0077-SKILL-049,JOB-DATA-0077,SKILL-049,49,0.083337,preferred,1.1.0,synthetic,true,SRC-SYNTH,2026-09-05T00:00:00+08:00,0.88,synthetic,not_applicable,,team_generated,false,dev
JOB-DATA-0078-SKILL-014,JOB-DATA-0078,SKILL-014,63,0.076923,required,1.1.0,synthetic,true,SRC-SYNTH,2026-09-05T00:00:00+08:00,0.88,synthetic,not_applicable,,team_generated,false,dev
JOB-DATA-0078-SKILL-015,JOB-DATA-0078,SKILL-015,62,0.076923,required,1.1.0,synthetic,true,SRC-SYNTH,2026-09-05T00:00:00+08:00,0.88,synthetic,not_applicable,,team_generated,false,dev
JOB-DATA-0078-SKILL-016,JOB-DATA-0078,SKILL-016,57,0.076923,required,1.1.0,synthetic,true,SRC-SYNTH,2026-09-05T00:00:00+08:00,0.88,synthetic,not_applicable,,team_generated,false,dev
JOB-DATA-0078-SKILL-040,JOB-DATA-0078,SKILL-040,56,0.076923,required,1.1.0,synthetic,true,SRC-SYNTH,2026-09-05T00:00:00+08:00,0.88,synthetic,not_applicable,,team_generated,false,dev
JOB-DATA-0078-SKILL-041,JOB-DATA-0078,SKILL-041,56,0.076923,required,1.1.0,synthetic,true,SRC-SYNTH,2026-09-05T00:00:00+08:00,0.88,synthetic,not_applicable,,team_generated,false,dev
JOB-DATA-0078-SKILL-043,JOB-DATA-0078,SKILL-043,56,0.076923,required,1.1.0,synthetic,true,SRC-SYNTH,2026-09-05T00:00:00+08:00,0.88,synthetic,not_applicable,,team_generated,false,dev
JOB-DATA-0078-SKILL-044,JOB-DATA-0078,SKILL-044,55,0.076923,required,1.1.0,synthetic,true,SRC-SYNTH,2026-09-05T00:00:00+08:00,0.88,synthetic,not_applicable,,team_generated,false,dev
JOB-DATA-0078-SKILL-045,JOB-DATA-0078,SKILL-045,50,0.076923,required,1.1.0,synthetic,true,SRC-SYNTH,2026-09-05T00:00:00+08:00,0.88,synthetic,not_applicable,,team_generated,false,dev
JOB-DATA-0078-SKILL-046,JOB-DATA-0078,SKILL-046,49,0.076923,required,1.1.0,synthetic,true,SRC-SYNTH,2026-09-05T00:00:00+08:00,0.88,synthetic,not_applicable,,team_generated,false,dev
JOB-DATA-0078-SKILL-048,JOB-DATA-0078,SKILL-048,49,0.076923,preferred,1.1.0,synthetic,true,SRC-SYNTH,2026-09-05T00:00:00+08:00,0.88,synthetic,not_applicable,,team_generated,false,dev
JOB-DATA-0078-SKILL-049,JOB-DATA-0078,SKILL-049,49,0.076923,preferred,1.1.0,synthetic,true,SRC-SYNTH,2026-09-05T00:00:00+08:00,0.88,synthetic,not_applicable,,team_generated,false,dev
JOB-DATA-0078-SKILL-054,JOB-DATA-0078,SKILL-054,49,0.076923,preferred,1.1.0,synthetic,true,SRC-SYNTH,2026-09-05T00:00:00+08:00,0.88,synthetic,not_applicable,,team_generated,false,dev
JOB-DATA-0078-SKILL-001,JOB-DATA-0078,SKILL-001,68,0.076924,preferred,1.1.0,synthetic,true,SRC-SYNTH,2026-09-05T00:00:00+08:00,0.88,synthetic,not_applicable,,team_generated,false,dev
JOB-DATA-0079-SKILL-015,JOB-DATA-0079,SKILL-015,62,0.071429,required,1.1.0,synthetic,true,SRC-SYNTH,2026-09-05T00:00:00+08:00,0.88,synthetic,not_applicable,,team_generated,false,dev
JOB-DATA-0079-SKILL-016,JOB-DATA-0079,SKILL-016,57,0.071429,required,1.1.0,synthetic,true,SRC-SYNTH,2026-09-05T00:00:00+08:00,0.88,synthetic,not_applicable,,team_generated,false,dev
JOB-DATA-0079-SKILL-040,JOB-DATA-0079,SKILL-040,56,0.071429,required,1.1.0,synthetic,true,SRC-SYNTH,2026-09-05T00:00:00+08:00,0.88,synthetic,not_applicable,,team_generated,false,dev
JOB-DATA-0079-SKILL-041,JOB-DATA-0079,SKILL-041,56,0.071429,required,1.1.0,synthetic,true,SRC-SYNTH,2026-09-05T00:00:00+08:00,0.88,synthetic,not_applicable,,team_generated,false,dev
JOB-DATA-0079-SKILL-043,JOB-DATA-0079,SKILL-043,56,0.071429,required,1.1.0,synthetic,true,SRC-SYNTH,2026-09-05T00:00:00+08:00,0.88,synthetic,not_applicable,,team_generated,false,dev
JOB-DATA-0079-SKILL-044,JOB-DATA-0079,SKILL-044,55,0.071429,required,1.1.0,synthetic,true,SRC-SYNTH,2026-09-05T00:00:00+08:00,0.88,synthetic,not_applicable,,team_generated,false,dev
JOB-DATA-0079-SKILL-045,JOB-DATA-0079,SKILL-045,50,0.071429,required,1.1.0,synthetic,true,SRC-SYNTH,2026-09-05T00:00:00+08:00,0.88,synthetic,not_applicable,,team_generated,false,dev
JOB-DATA-0079-SKILL-046,JOB-DATA-0079,SKILL-046,49,0.071429,required,1.1.0,synthetic,true,SRC-SYNTH,2026-09-05T00:00:00+08:00,0.88,synthetic,not_applicable,,team_generated,false,dev
JOB-DATA-0079-SKILL-048,JOB-DATA-0079,SKILL-048,49,0.071429,required,1.1.0,synthetic,true,SRC-SYNTH,2026-09-05T00:00:00+08:00,0.88,synthetic,not_applicable,,team_generated,false,dev
JOB-DATA-0079-SKILL-049,JOB-DATA-0079,SKILL-049,49,0.071429,required,1.1.0,synthetic,true,SRC-SYNTH,2026-09-05T00:00:00+08:00,0.88,synthetic,not_applicable,,team_generated,false,dev
JOB-DATA-0079-SKILL-054,JOB-DATA-0079,SKILL-054,49,0.071429,preferred,1.1.0,synthetic,true,SRC-SYNTH,2026-09-05T00:00:00+08:00,0.88,synthetic,not_applicable,,team_generated,false,dev
JOB-DATA-0079-SKILL-001,JOB-DATA-0079,SKILL-001,68,0.071429,preferred,1.1.0,synthetic,true,SRC-SYNTH,2026-09-05T00:00:00+08:00,0.88,synthetic,not_applicable,,team_generated,false,dev
JOB-DATA-0079-SKILL-009,JOB-DATA-0079,SKILL-009,68,0.071429,preferred,1.1.0,synthetic,true,SRC-SYNTH,2026-09-05T00:00:00+08:00,0.88,synthetic,not_applicable,,team_generated,false,dev
JOB-DATA-0079-SKILL-010,JOB-DATA-0079,SKILL-010,67,0.071423,preferred,1.1.0,synthetic,true,SRC-SYNTH,2026-09-05T00:00:00+08:00,0.88,synthetic,not_applicable,,team_generated,false,dev
JOB-DATA-0080-SKILL-016,JOB-DATA-0080,SKILL-016,57,0.066667,required,1.1.0,synthetic,true,SRC-SYNTH,2026-09-05T00:00:00+08:00,0.88,synthetic,not_applicable,,team_generated,false,dev
JOB-DATA-0080-SKILL-040,JOB-DATA-0080,SKILL-040,56,0.066667,required,1.1.0,synthetic,true,SRC-SYNTH,2026-09-05T00:00:00+08:00,0.88,synthetic,not_applicable,,team_generated,false,dev
JOB-DATA-0080-SKILL-041,JOB-DATA-0080,SKILL-041,56,0.066667,required,1.1.0,synthetic,true,SRC-SYNTH,2026-09-05T00:00:00+08:00,0.88,synthetic,not_applicable,,team_generated,false,dev
JOB-DATA-0080-SKILL-043,JOB-DATA-0080,SKILL-043,56,0.066667,required,1.1.0,synthetic,true,SRC-SYNTH,2026-09-05T00:00:00+08:00,0.88,synthetic,not_applicable,,team_generated,false,dev
JOB-DATA-0080-SKILL-044,JOB-DATA-0080,SKILL-044,55,0.066667,required,1.1.0,synthetic,true,SRC-SYNTH,2026-09-05T00:00:00+08:00,0.88,synthetic,not_applicable,,team_generated,false,dev
JOB-DATA-0080-SKILL-045,JOB-DATA-0080,SKILL-045,50,0.066667,required,1.1.0,synthetic,true,SRC-SYNTH,2026-09-05T00:00:00+08:00,0.88,synthetic,not_applicable,,team_generated,false,dev
JOB-DATA-0080-SKILL-046,JOB-DATA-0080,SKILL-046,49,0.066667,required,1.1.0,synthetic,true,SRC-SYNTH,2026-09-05T00:00:00+08:00,0.88,synthetic,not_applicable,,team_generated,false,dev
JOB-DATA-0080-SKILL-048,JOB-DATA-0080,SKILL-048,49,0.066667,required,1.1.0,synthetic,true,SRC-SYNTH,2026-09-05T00:00:00+08:00,0.88,synthetic,not_applicable,,team_generated,false,dev
JOB-DATA-0080-SKILL-049,JOB-DATA-0080,SKILL-049,49,0.066667,required,1.1.0,synthetic,true,SRC-SYNTH,2026-09-05T00:00:00+08:00,0.88,synthetic,not_applicable,,team_generated,false,dev
JOB-DATA-0080-SKILL-054,JOB-DATA-0080,SKILL-054,49,0.066667,required,1.1.0,synthetic,true,SRC-SYNTH,2026-09-05T00:00:00+08:00,0.88,synthetic,not_applicable,,team_generated,false,dev
JOB-DATA-0080-SKILL-001,JOB-DATA-0080,SKILL-001,68,0.066667,preferred,1.1.0,synthetic,true,SRC-SYNTH,2026-09-05T00:00:00+08:00,0.88,synthetic,not_applicable,,team_generated,false,dev
JOB-DATA-0080-SKILL-009,JOB-DATA-0080,SKILL-009,68,0.066667,preferred,1.1.0,synthetic,true,SRC-SYNTH,2026-09-05T00:00:00+08:00,0.88,synthetic,not_applicable,,team_generated,false,dev
JOB-DATA-0080-SKILL-010,JOB-DATA-0080,SKILL-010,67,0.066667,preferred,1.1.0,synthetic,true,SRC-SYNTH,2026-09-05T00:00:00+08:00,0.88,synthetic,not_applicable,,team_generated,false,dev
JOB-DATA-0080-SKILL-011,JOB-DATA-0080,SKILL-011,67,0.066667,preferred,1.1.0,synthetic,true,SRC-SYNTH,2026-09-05T00:00:00+08:00,0.88,synthetic,not_applicable,,team_generated,false,dev
JOB-DATA-0080-SKILL-012,JOB-DATA-0080,SKILL-012,66,0.066662,preferred,1.1.0,synthetic,true,SRC-SYNTH,2026-09-05T00:00:00+08:00,0.88,synthetic,not_applicable,,team_generated,false,dev
JOB-DATA-0081-SKILL-040,JOB-DATA-0081,SKILL-040,56,0.0625,required,1.1.0,synthetic,true,SRC-SYNTH,2026-09-05T00:00:00+08:00,0.88,synthetic,not_applicable,,team_generated,false,dev
JOB-DATA-0081-SKILL-041,JOB-DATA-0081,SKILL-041,56,0.0625,required,1.1.0,synthetic,true,SRC-SYNTH,2026-09-05T00:00:00+08:00,0.88,synthetic,not_applicable,,team_generated,false,dev
JOB-DATA-0081-SKILL-043,JOB-DATA-0081,SKILL-043,56,0.0625,required,1.1.0,synthetic,true,SRC-SYNTH,2026-09-05T00:00:00+08:00,0.88,synthetic,not_applicable,,team_generated,false,dev
JOB-DATA-0081-SKILL-044,JOB-DATA-0081,SKILL-044,55,0.0625,required,1.1.0,synthetic,true,SRC-SYNTH,2026-09-05T00:00:00+08:00,0.88,synthetic,not_applicable,,team_generated,false,dev
JOB-DATA-0081-SKILL-045,JOB-DATA-0081,SKILL-045,50,0.0625,required,1.1.0,synthetic,true,SRC-SYNTH,2026-09-05T00:00:00+08:00,0.88,synthetic,not_applicable,,team_generated,false,dev
JOB-DATA-0081-SKILL-046,JOB-DATA-0081,SKILL-046,49,0.0625,required,1.1.0,synthetic,true,SRC-SYNTH,2026-09-05T00:00:00+08:00,0.88,synthetic,not_applicable,,team_generated,false,dev
JOB-DATA-0081-SKILL-048,JOB-DATA-0081,SKILL-048,49,0.0625,required,1.1.0,synthetic,true,SRC-SYNTH,2026-09-05T00:00:00+08:00,0.88,synthetic,not_applicable,,team_generated,false,dev
JOB-DATA-0081-SKILL-049,JOB-DATA-0081,SKILL-049,49,0.0625,required,1.1.0,synthetic,true,SRC-SYNTH,2026-09-05T00:00:00+08:00,0.88,synthetic,not_applicable,,team_generated,false,dev
JOB-DATA-0081-SKILL-054,JOB-DATA-0081,SKILL-054,49,0.0625,required,1.1.0,synthetic,true,SRC-SYNTH,2026-09-05T00:00:00+08:00,0.88,synthetic,not_applicable,,team_generated,false,dev
JOB-DATA-0081-SKILL-001,JOB-DATA-0081,SKILL-001,68,0.0625,required,1.1.0,synthetic,true,SRC-SYNTH,2026-09-05T00:00:00+08:00,0.88,synthetic,not_applicable,,team_generated,false,dev
JOB-DATA-0081-SKILL-009,JOB-DATA-0081,SKILL-009,68,0.0625,required,1.1.0,synthetic,true,SRC-SYNTH,2026-09-05T00:00:00+08:00,0.88,synthetic,not_applicable,,team_generated,false,dev
JOB-DATA-0081-SKILL-010,JOB-DATA-0081,SKILL-010,67,0.0625,preferred,1.1.0,synthetic,true,SRC-SYNTH,2026-09-05T00:00:00+08:00,0.88,synthetic,not_applicable,,team_generated,false,dev
JOB-DATA-0081-SKILL-011,JOB-DATA-0081,SKILL-011,67,0.0625,preferred,1.1.0,synthetic,true,SRC-SYNTH,2026-09-05T00:00:00+08:00,0.88,synthetic,not_applicable,,team_generated,false,dev
JOB-DATA-0081-SKILL-012,JOB-DATA-0081,SKILL-012,66,0.0625,preferred,1.1.0,synthetic,true,SRC-SYNTH,2026-09-05T00:00:00+08:00,0.88,synthetic,not_applicable,,team_generated,false,dev
JOB-DATA-0081-SKILL-013,JOB-DATA-0081,SKILL-013,61,0.0625,preferred,1.1.0,synthetic,true,SRC-SYNTH,2026-09-05T00:00:00+08:00,0.88,synthetic,not_applicable,,team_generated,false,dev
JOB-DATA-0081-SKILL-014,JOB-DATA-0081,SKILL-014,61,0.0625,preferred,1.1.0,synthetic,true,SRC-SYNTH,2026-09-05T00:00:00+08:00,0.88,synthetic,not_applicable,,team_generated,false,dev
JOB-DATA-0082-SKILL-041,JOB-DATA-0082,SKILL-041,56,0.058824,required,1.1.0,synthetic,true,SRC-SYNTH,2026-09-05T00:00:00+08:00,0.88,synthetic,not_applicable,,team_generated,false,dev
JOB-DATA-0082-SKILL-043,JOB-DATA-0082,SKILL-043,56,0.058824,required,1.1.0,synthetic,true,SRC-SYNTH,2026-09-05T00:00:00+08:00,0.88,synthetic,not_applicable,,team_generated,false,dev
JOB-DATA-0082-SKILL-044,JOB-DATA-0082,SKILL-044,55,0.058824,required,1.1.0,synthetic,true,SRC-SYNTH,2026-09-05T00:00:00+08:00,0.88,synthetic,not_applicable,,team_generated,false,dev
JOB-DATA-0082-SKILL-045,JOB-DATA-0082,SKILL-045,50,0.058824,required,1.1.0,synthetic,true,SRC-SYNTH,2026-09-05T00:00:00+08:00,0.88,synthetic,not_applicable,,team_generated,false,dev
JOB-DATA-0082-SKILL-046,JOB-DATA-0082,SKILL-046,49,0.058824,required,1.1.0,synthetic,true,SRC-SYNTH,2026-09-05T00:00:00+08:00,0.88,synthetic,not_applicable,,team_generated,false,dev
JOB-DATA-0082-SKILL-048,JOB-DATA-0082,SKILL-048,49,0.058824,required,1.1.0,synthetic,true,SRC-SYNTH,2026-09-05T00:00:00+08:00,0.88,synthetic,not_applicable,,team_generated,false,dev
JOB-DATA-0082-SKILL-049,JOB-DATA-0082,SKILL-049,49,0.058824,required,1.1.0,synthetic,true,SRC-SYNTH,2026-09-05T00:00:00+08:00,0.88,synthetic,not_applicable,,team_generated,false,dev
JOB-DATA-0082-SKILL-054,JOB-DATA-0082,SKILL-054,49,0.058824,required,1.1.0,synthetic,true,SRC-SYNTH,2026-09-05T00:00:00+08:00,0.88,synthetic,not_applicable,,team_generated,false,dev
JOB-DATA-0082-SKILL-001,JOB-DATA-0082,SKILL-001,68,0.058824,required,1.1.0,synthetic,true,SRC-SYNTH,2026-09-05T00:00:00+08:00,0.88,synthetic,not_applicable,,team_generated,false,dev
JOB-DATA-0082-SKILL-009,JOB-DATA-0082,SKILL-009,68,0.058824,required,1.1.0,synthetic,true,SRC-SYNTH,2026-09-05T00:00:00+08:00,0.88,synthetic,not_applicable,,team_generated,false,dev
JOB-DATA-0082-SKILL-010,JOB-DATA-0082,SKILL-010,67,0.058824,required,1.1.0,synthetic,true,SRC-SYNTH,2026-09-05T00:00:00+08:00,0.88,synthetic,not_applicable,,team_generated,false,dev
JOB-DATA-0082-SKILL-011,JOB-DATA-0082,SKILL-011,67,0.058824,required,1.1.0,synthetic,true,SRC-SYNTH,2026-09-05T00:00:00+08:00,0.88,synthetic,not_applicable,,team_generated,false,dev
JOB-DATA-0082-SKILL-012,JOB-DATA-0082,SKILL-012,66,0.058824,preferred,1.1.0,synthetic,true,SRC-SYNTH,2026-09-05T00:00:00+08:00,0.88,synthetic,not_applicable,,team_generated,false,dev
JOB-DATA-0082-SKILL-013,JOB-DATA-0082,SKILL-013,61,0.058824,preferred,1.1.0,synthetic,true,SRC-SYNTH,2026-09-05T00:00:00+08:00,0.88,synthetic,not_applicable,,team_generated,false,dev
JOB-DATA-0082-SKILL-014,JOB-DATA-0082,SKILL-014,61,0.058824,preferred,1.1.0,synthetic,true,SRC-SYNTH,2026-09-05T00:00:00+08:00,0.88,synthetic,not_applicable,,team_generated,false,dev
JOB-DATA-0082-SKILL-015,JOB-DATA-0082,SKILL-015,60,0.058824,preferred,1.1.0,synthetic,true,SRC-SYNTH,2026-09-05T00:00:00+08:00,0.88,synthetic,not_applicable,,team_generated,false,dev
JOB-DATA-0082-SKILL-016,JOB-DATA-0082,SKILL-016,60,0.058816,preferred,1.1.0,synthetic,true,SRC-SYNTH,2026-09-05T00:00:00+08:00,0.88,synthetic,not_applicable,,team_generated,false,dev
JOB-DATA-0083-SKILL-043,JOB-DATA-0083,SKILL-043,56,0.055556,required,1.1.0,synthetic,true,SRC-SYNTH,2026-09-05T00:00:00+08:00,0.88,synthetic,not_applicable,,team_generated,false,dev
JOB-DATA-0083-SKILL-044,JOB-DATA-0083,SKILL-044,55,0.055556,required,1.1.0,synthetic,true,SRC-SYNTH,2026-09-05T00:00:00+08:00,0.88,synthetic,not_applicable,,team_generated,false,dev
JOB-DATA-0083-SKILL-045,JOB-DATA-0083,SKILL-045,50,0.055556,required,1.1.0,synthetic,true,SRC-SYNTH,2026-09-05T00:00:00+08:00,0.88,synthetic,not_applicable,,team_generated,false,dev
JOB-DATA-0083-SKILL-046,JOB-DATA-0083,SKILL-046,49,0.055556,required,1.1.0,synthetic,true,SRC-SYNTH,2026-09-05T00:00:00+08:00,0.88,synthetic,not_applicable,,team_generated,false,dev
JOB-DATA-0083-SKILL-048,JOB-DATA-0083,SKILL-048,49,0.055556,required,1.1.0,synthetic,true,SRC-SYNTH,2026-09-05T00:00:00+08:00,0.88,synthetic,not_applicable,,team_generated,false,dev
JOB-DATA-0083-SKILL-049,JOB-DATA-0083,SKILL-049,49,0.055556,required,1.1.0,synthetic,true,SRC-SYNTH,2026-09-05T00:00:00+08:00,0.88,synthetic,not_applicable,,team_generated,false,dev
JOB-DATA-0083-SKILL-054,JOB-DATA-0083,SKILL-054,49,0.055556,required,1.1.0,synthetic,true,SRC-SYNTH,2026-09-05T00:00:00+08:00,0.88,synthetic,not_applicable,,team_generated,false,dev
JOB-DATA-0083-SKILL-001,JOB-DATA-0083,SKILL-001,68,0.055556,required,1.1.0,synthetic,true,SRC-SYNTH,2026-09-05T00:00:00+08:00,0.88,synthetic,not_applicable,,team_generated,false,dev
JOB-DATA-0083-SKILL-009,JOB-DATA-0083,SKILL-009,68,0.055556,required,1.1.0,synthetic,true,SRC-SYNTH,2026-09-05T00:00:00+08:00,0.88,synthetic,not_applicable,,team_generated,false,dev
JOB-DATA-0083-SKILL-010,JOB-DATA-0083,SKILL-010,67,0.055556,required,1.1.0,synthetic,true,SRC-SYNTH,2026-09-05T00:00:00+08:00,0.88,synthetic,not_applicable,,team_generated,false,dev
JOB-DATA-0083-SKILL-011,JOB-DATA-0083,SKILL-011,67,0.055556,required,1.1.0,synthetic,true,SRC-SYNTH,2026-09-05T00:00:00+08:00,0.88,synthetic,not_applicable,,team_generated,false,dev
JOB-DATA-0083-SKILL-012,JOB-DATA-0083,SKILL-012,66,0.055556,required,1.1.0,synthetic,true,SRC-SYNTH,2026-09-05T00:00:00+08:00,0.88,synthetic,not_applicable,,team_generated,false,dev
JOB-DATA-0083-SKILL-013,JOB-DATA-0083,SKILL-013,61,0.055556,preferred,1.1.0,synthetic,true,SRC-SYNTH,2026-09-05T00:00:00+08:00,0.88,synthetic,not_applicable,,team_generated,false,dev
JOB-DATA-0083-SKILL-014,JOB-DATA-0083,SKILL-014,61,0.055556,preferred,1.1.0,synthetic,true,SRC-SYNTH,2026-09-05T00:00:00+08:00,0.88,synthetic,not_applicable,,team_generated,false,dev
JOB-DATA-0083-SKILL-015,JOB-DATA-0083,SKILL-015,60,0.055556,preferred,1.1.0,synthetic,true,SRC-SYNTH,2026-09-05T00:00:00+08:00,0.88,synthetic,not_applicable,,team_generated,false,dev
JOB-DATA-0083-SKILL-016,JOB-DATA-0083,SKILL-016,60,0.055556,preferred,1.1.0,synthetic,true,SRC-SYNTH,2026-09-05T00:00:00+08:00,0.88,synthetic,not_applicable,,team_generated,false,dev
JOB-DATA-0083-SKILL-040,JOB-DATA-0083,SKILL-040,59,0.055556,preferred,1.1.0,synthetic,true,SRC-SYNTH,2026-09-05T00:00:00+08:00,0.88,synthetic,not_applicable,,team_generated,false,dev
JOB-DATA-0083-SKILL-041,JOB-DATA-0083,SKILL-041,54,0.055548,preferred,1.1.0,synthetic,true,SRC-SYNTH,2026-09-05T00:00:00+08:00,0.88,synthetic,not_applicable,,team_generated,false,dev
JOB-DATA-0084-SKILL-044,JOB-DATA-0084,SKILL-044,55,0.083333,required,1.1.0,synthetic,true,SRC-SYNTH,2026-09-05T00:00:00+08:00,0.88,synthetic,not_applicable,,team_generated,false,dev
JOB-DATA-0084-SKILL-045,JOB-DATA-0084,SKILL-045,50,0.083333,required,1.1.0,synthetic,true,SRC-SYNTH,2026-09-05T00:00:00+08:00,0.88,synthetic,not_applicable,,team_generated,false,dev
JOB-DATA-0084-SKILL-046,JOB-DATA-0084,SKILL-046,49,0.083333,required,1.1.0,synthetic,true,SRC-SYNTH,2026-09-05T00:00:00+08:00,0.88,synthetic,not_applicable,,team_generated,false,dev
JOB-DATA-0084-SKILL-048,JOB-DATA-0084,SKILL-048,49,0.083333,required,1.1.0,synthetic,true,SRC-SYNTH,2026-09-05T00:00:00+08:00,0.88,synthetic,not_applicable,,team_generated,false,dev
JOB-DATA-0084-SKILL-049,JOB-DATA-0084,SKILL-049,49,0.083333,required,1.1.0,synthetic,true,SRC-SYNTH,2026-09-05T00:00:00+08:00,0.88,synthetic,not_applicable,,team_generated,false,dev
JOB-DATA-0084-SKILL-054,JOB-DATA-0084,SKILL-054,49,0.083333,required,1.1.0,synthetic,true,SRC-SYNTH,2026-09-05T00:00:00+08:00,0.88,synthetic,not_applicable,,team_generated,false,dev
JOB-DATA-0084-SKILL-001,JOB-DATA-0084,SKILL-001,68,0.083333,required,1.1.0,synthetic,true,SRC-SYNTH,2026-09-05T00:00:00+08:00,0.88,synthetic,not_applicable,,team_generated,false,dev
JOB-DATA-0084-SKILL-009,JOB-DATA-0084,SKILL-009,68,0.083333,required,1.1.0,synthetic,true,SRC-SYNTH,2026-09-05T00:00:00+08:00,0.88,synthetic,not_applicable,,team_generated,false,dev
JOB-DATA-0084-SKILL-010,JOB-DATA-0084,SKILL-010,67,0.083333,preferred,1.1.0,synthetic,true,SRC-SYNTH,2026-09-05T00:00:00+08:00,0.88,synthetic,not_applicable,,team_generated,false,dev
JOB-DATA-0084-SKILL-011,JOB-DATA-0084,SKILL-011,67,0.083333,preferred,1.1.0,synthetic,true,SRC-SYNTH,2026-09-05T00:00:00+08:00,0.88,synthetic,not_applicable,,team_generated,false,dev
JOB-DATA-0084-SKILL-012,JOB-DATA-0084,SKILL-012,66,0.083333,preferred,1.1.0,synthetic,true,SRC-SYNTH,2026-09-05T00:00:00+08:00,0.88,synthetic,not_applicable,,team_generated,false,dev
JOB-DATA-0084-SKILL-013,JOB-DATA-0084,SKILL-013,61,0.083337,preferred,1.1.0,synthetic,true,SRC-SYNTH,2026-09-05T00:00:00+08:00,0.88,synthetic,not_applicable,,team_generated,false,dev
JOB-DATA-0085-SKILL-045,JOB-DATA-0085,SKILL-045,50,0.076923,required,1.1.0,synthetic,true,SRC-SYNTH,2026-09-05T00:00:00+08:00,0.88,synthetic,not_applicable,,team_generated,false,dev
JOB-DATA-0085-SKILL-046,JOB-DATA-0085,SKILL-046,49,0.076923,required,1.1.0,synthetic,true,SRC-SYNTH,2026-09-05T00:00:00+08:00,0.88,synthetic,not_applicable,,team_generated,false,dev
JOB-DATA-0085-SKILL-048,JOB-DATA-0085,SKILL-048,49,0.076923,required,1.1.0,synthetic,true,SRC-SYNTH,2026-09-05T00:00:00+08:00,0.88,synthetic,not_applicable,,team_generated,false,dev
JOB-DATA-0085-SKILL-049,JOB-DATA-0085,SKILL-049,49,0.076923,required,1.1.0,synthetic,true,SRC-SYNTH,2026-09-05T00:00:00+08:00,0.88,synthetic,not_applicable,,team_generated,false,dev
JOB-DATA-0085-SKILL-054,JOB-DATA-0085,SKILL-054,49,0.076923,required,1.1.0,synthetic,true,SRC-SYNTH,2026-09-05T00:00:00+08:00,0.88,synthetic,not_applicable,,team_generated,false,dev
JOB-DATA-0085-SKILL-001,JOB-DATA-0085,SKILL-001,68,0.076923,required,1.1.0,synthetic,true,SRC-SYNTH,2026-09-05T00:00:00+08:00,0.88,synthetic,not_applicable,,team_generated,false,dev
JOB-DATA-0085-SKILL-009,JOB-DATA-0085,SKILL-009,68,0.076923,required,1.1.0,synthetic,true,SRC-SYNTH,2026-09-05T00:00:00+08:00,0.88,synthetic,not_applicable,,team_generated,false,dev
JOB-DATA-0085-SKILL-010,JOB-DATA-0085,SKILL-010,67,0.076923,required,1.1.0,synthetic,true,SRC-SYNTH,2026-09-05T00:00:00+08:00,0.88,synthetic,not_applicable,,team_generated,false,dev
JOB-DATA-0085-SKILL-011,JOB-DATA-0085,SKILL-011,67,0.076923,required,1.1.0,synthetic,true,SRC-SYNTH,2026-09-05T00:00:00+08:00,0.88,synthetic,not_applicable,,team_generated,false,dev
JOB-DATA-0085-SKILL-012,JOB-DATA-0085,SKILL-012,66,0.076923,preferred,1.1.0,synthetic,true,SRC-SYNTH,2026-09-05T00:00:00+08:00,0.88,synthetic,not_applicable,,team_generated,false,dev
JOB-DATA-0085-SKILL-013,JOB-DATA-0085,SKILL-013,61,0.076923,preferred,1.1.0,synthetic,true,SRC-SYNTH,2026-09-05T00:00:00+08:00,0.88,synthetic,not_applicable,,team_generated,false,dev
JOB-DATA-0085-SKILL-014,JOB-DATA-0085,SKILL-014,61,0.076923,preferred,1.1.0,synthetic,true,SRC-SYNTH,2026-09-05T00:00:00+08:00,0.88,synthetic,not_applicable,,team_generated,false,dev
JOB-DATA-0085-SKILL-015,JOB-DATA-0085,SKILL-015,60,0.076924,preferred,1.1.0,synthetic,true,SRC-SYNTH,2026-09-05T00:00:00+08:00,0.88,synthetic,not_applicable,,team_generated,false,dev
JOB-DATA-0086-SKILL-046,JOB-DATA-0086,SKILL-046,49,0.071429,required,1.1.0,synthetic,true,SRC-SYNTH,2026-09-05T00:00:00+08:00,0.88,synthetic,not_applicable,,team_generated,false,dev
JOB-DATA-0086-SKILL-048,JOB-DATA-0086,SKILL-048,49,0.071429,required,1.1.0,synthetic,true,SRC-SYNTH,2026-09-05T00:00:00+08:00,0.88,synthetic,not_applicable,,team_generated,false,dev
JOB-DATA-0086-SKILL-049,JOB-DATA-0086,SKILL-049,49,0.071429,required,1.1.0,synthetic,true,SRC-SYNTH,2026-09-05T00:00:00+08:00,0.88,synthetic,not_applicable,,team_generated,false,dev
JOB-DATA-0086-SKILL-054,JOB-DATA-0086,SKILL-054,49,0.071429,required,1.1.0,synthetic,true,SRC-SYNTH,2026-09-05T00:00:00+08:00,0.88,synthetic,not_applicable,,team_generated,false,dev
JOB-DATA-0086-SKILL-001,JOB-DATA-0086,SKILL-001,68,0.071429,required,1.1.0,synthetic,true,SRC-SYNTH,2026-09-05T00:00:00+08:00,0.88,synthetic,not_applicable,,team_generated,false,dev
JOB-DATA-0086-SKILL-009,JOB-DATA-0086,SKILL-009,68,0.071429,required,1.1.0,synthetic,true,SRC-SYNTH,2026-09-05T00:00:00+08:00,0.88,synthetic,not_applicable,,team_generated,false,dev
JOB-DATA-0086-SKILL-010,JOB-DATA-0086,SKILL-010,67,0.071429,required,1.1.0,synthetic,true,SRC-SYNTH,2026-09-05T00:00:00+08:00,0.88,synthetic,not_applicable,,team_generated,false,dev
JOB-DATA-0086-SKILL-011,JOB-DATA-0086,SKILL-011,67,0.071429,required,1.1.0,synthetic,true,SRC-SYNTH,2026-09-05T00:00:00+08:00,0.88,synthetic,not_applicable,,team_generated,false,dev
JOB-DATA-0086-SKILL-012,JOB-DATA-0086,SKILL-012,66,0.071429,required,1.1.0,synthetic,true,SRC-SYNTH,2026-09-05T00:00:00+08:00,0.88,synthetic,not_applicable,,team_generated,false,dev
JOB-DATA-0086-SKILL-013,JOB-DATA-0086,SKILL-013,61,0.071429,required,1.1.0,synthetic,true,SRC-SYNTH,2026-09-05T00:00:00+08:00,0.88,synthetic,not_applicable,,team_generated,false,dev
JOB-DATA-0086-SKILL-014,JOB-DATA-0086,SKILL-014,61,0.071429,preferred,1.1.0,synthetic,true,SRC-SYNTH,2026-09-05T00:00:00+08:00,0.88,synthetic,not_applicable,,team_generated,false,dev
JOB-DATA-0086-SKILL-015,JOB-DATA-0086,SKILL-015,60,0.071429,preferred,1.1.0,synthetic,true,SRC-SYNTH,2026-09-05T00:00:00+08:00,0.88,synthetic,not_applicable,,team_generated,false,dev
JOB-DATA-0086-SKILL-016,JOB-DATA-0086,SKILL-016,60,0.071429,preferred,1.1.0,synthetic,true,SRC-SYNTH,2026-09-05T00:00:00+08:00,0.88,synthetic,not_applicable,,team_generated,false,dev
JOB-DATA-0086-SKILL-040,JOB-DATA-0086,SKILL-040,59,0.071423,preferred,1.1.0,synthetic,true,SRC-SYNTH,2026-09-05T00:00:00+08:00,0.88,synthetic,not_applicable,,team_generated,false,dev
JOB-DATA-0087-SKILL-048,JOB-DATA-0087,SKILL-048,49,0.066667,required,1.1.0,synthetic,true,SRC-SYNTH,2026-09-05T00:00:00+08:00,0.88,synthetic,not_applicable,,team_generated,false,dev
JOB-DATA-0087-SKILL-049,JOB-DATA-0087,SKILL-049,49,0.066667,required,1.1.0,synthetic,true,SRC-SYNTH,2026-09-05T00:00:00+08:00,0.88,synthetic,not_applicable,,team_generated,false,dev
JOB-DATA-0087-SKILL-054,JOB-DATA-0087,SKILL-054,49,0.066667,required,1.1.0,synthetic,true,SRC-SYNTH,2026-09-05T00:00:00+08:00,0.88,synthetic,not_applicable,,team_generated,false,dev
JOB-DATA-0087-SKILL-001,JOB-DATA-0087,SKILL-001,68,0.066667,required,1.1.0,synthetic,true,SRC-SYNTH,2026-09-05T00:00:00+08:00,0.88,synthetic,not_applicable,,team_generated,false,dev
JOB-DATA-0087-SKILL-009,JOB-DATA-0087,SKILL-009,68,0.066667,required,1.1.0,synthetic,true,SRC-SYNTH,2026-09-05T00:00:00+08:00,0.88,synthetic,not_applicable,,team_generated,false,dev
JOB-DATA-0087-SKILL-010,JOB-DATA-0087,SKILL-010,67,0.066667,required,1.1.0,synthetic,true,SRC-SYNTH,2026-09-05T00:00:00+08:00,0.88,synthetic,not_applicable,,team_generated,false,dev
JOB-DATA-0087-SKILL-011,JOB-DATA-0087,SKILL-011,67,0.066667,required,1.1.0,synthetic,true,SRC-SYNTH,2026-09-05T00:00:00+08:00,0.88,synthetic,not_applicable,,team_generated,false,dev
JOB-DATA-0087-SKILL-012,JOB-DATA-0087,SKILL-012,66,0.066667,required,1.1.0,synthetic,true,SRC-SYNTH,2026-09-05T00:00:00+08:00,0.88,synthetic,not_applicable,,team_generated,false,dev
JOB-DATA-0087-SKILL-013,JOB-DATA-0087,SKILL-013,61,0.066667,required,1.1.0,synthetic,true,SRC-SYNTH,2026-09-05T00:00:00+08:00,0.88,synthetic,not_applicable,,team_generated,false,dev
JOB-DATA-0087-SKILL-014,JOB-DATA-0087,SKILL-014,61,0.066667,required,1.1.0,synthetic,true,SRC-SYNTH,2026-09-05T00:00:00+08:00,0.88,synthetic,not_applicable,,team_generated,false,dev
JOB-DATA-0087-SKILL-015,JOB-DATA-0087,SKILL-015,60,0.066667,preferred,1.1.0,synthetic,true,SRC-SYNTH,2026-09-05T00:00:00+08:00,0.88,synthetic,not_applicable,,team_generated,false,dev
JOB-DATA-0087-SKILL-016,JOB-DATA-0087,SKILL-016,60,0.066667,preferred,1.1.0,synthetic,true,SRC-SYNTH,2026-09-05T00:00:00+08:00,0.88,synthetic,not_applicable,,team_generated,false,dev
JOB-DATA-0087-SKILL-040,JOB-DATA-0087,SKILL-040,59,0.066667,preferred,1.1.0,synthetic,true,SRC-SYNTH,2026-09-05T00:00:00+08:00,0.88,synthetic,not_applicable,,team_generated,false,dev
JOB-DATA-0087-SKILL-041,JOB-DATA-0087,SKILL-041,54,0.066667,preferred,1.1.0,synthetic,true,SRC-SYNTH,2026-09-05T00:00:00+08:00,0.88,synthetic,not_applicable,,team_generated,false,dev
JOB-DATA-0087-SKILL-043,JOB-DATA-0087,SKILL-043,54,0.066662,preferred,1.1.0,synthetic,true,SRC-SYNTH,2026-09-05T00:00:00+08:00,0.88,synthetic,not_applicable,,team_generated,false,dev
JOB-DATA-0088-SKILL-049,JOB-DATA-0088,SKILL-049,49,0.0625,required,1.1.0,synthetic,true,SRC-SYNTH,2026-09-05T00:00:00+08:00,0.88,synthetic,not_applicable,,team_generated,false,dev
JOB-DATA-0088-SKILL-054,JOB-DATA-0088,SKILL-054,49,0.0625,required,1.1.0,synthetic,true,SRC-SYNTH,2026-09-05T00:00:00+08:00,0.88,synthetic,not_applicable,,team_generated,false,dev
JOB-DATA-0088-SKILL-001,JOB-DATA-0088,SKILL-001,68,0.0625,required,1.1.0,synthetic,true,SRC-SYNTH,2026-09-05T00:00:00+08:00,0.88,synthetic,not_applicable,,team_generated,false,dev
JOB-DATA-0088-SKILL-009,JOB-DATA-0088,SKILL-009,68,0.0625,required,1.1.0,synthetic,true,SRC-SYNTH,2026-09-05T00:00:00+08:00,0.88,synthetic,not_applicable,,team_generated,false,dev
JOB-DATA-0088-SKILL-010,JOB-DATA-0088,SKILL-010,67,0.0625,required,1.1.0,synthetic,true,SRC-SYNTH,2026-09-05T00:00:00+08:00,0.88,synthetic,not_applicable,,team_generated,false,dev
JOB-DATA-0088-SKILL-011,JOB-DATA-0088,SKILL-011,67,0.0625,required,1.1.0,synthetic,true,SRC-SYNTH,2026-09-05T00:00:00+08:00,0.88,synthetic,not_applicable,,team_generated,false,dev
JOB-DATA-0088-SKILL-012,JOB-DATA-0088,SKILL-012,66,0.0625,required,1.1.0,synthetic,true,SRC-SYNTH,2026-09-05T00:00:00+08:00,0.88,synthetic,not_applicable,,team_generated,false,dev
JOB-DATA-0088-SKILL-013,JOB-DATA-0088,SKILL-013,61,0.0625,required,1.1.0,synthetic,true,SRC-SYNTH,2026-09-05T00:00:00+08:00,0.88,synthetic,not_applicable,,team_generated,false,dev
JOB-DATA-0088-SKILL-014,JOB-DATA-0088,SKILL-014,61,0.0625,required,1.1.0,synthetic,true,SRC-SYNTH,2026-09-05T00:00:00+08:00,0.88,synthetic,not_applicable,,team_generated,false,dev
JOB-DATA-0088-SKILL-015,JOB-DATA-0088,SKILL-015,60,0.0625,required,1.1.0,synthetic,true,SRC-SYNTH,2026-09-05T00:00:00+08:00,0.88,synthetic,not_applicable,,team_generated,false,dev
JOB-DATA-0088-SKILL-016,JOB-DATA-0088,SKILL-016,60,0.0625,required,1.1.0,synthetic,true,SRC-SYNTH,2026-09-05T00:00:00+08:00,0.88,synthetic,not_applicable,,team_generated,false,dev
JOB-DATA-0088-SKILL-040,JOB-DATA-0088,SKILL-040,59,0.0625,preferred,1.1.0,synthetic,true,SRC-SYNTH,2026-09-05T00:00:00+08:00,0.88,synthetic,not_applicable,,team_generated,false,dev
JOB-DATA-0088-SKILL-041,JOB-DATA-0088,SKILL-041,54,0.0625,preferred,1.1.0,synthetic,true,SRC-SYNTH,2026-09-05T00:00:00+08:00,0.88,synthetic,not_applicable,,team_generated,false,dev
JOB-DATA-0088-SKILL-043,JOB-DATA-0088,SKILL-043,54,0.0625,preferred,1.1.0,synthetic,true,SRC-SYNTH,2026-09-05T00:00:00+08:00,0.88,synthetic,not_applicable,,team_generated,false,dev
JOB-DATA-0088-SKILL-044,JOB-DATA-0088,SKILL-044,53,0.0625,preferred,1.1.0,synthetic,true,SRC-SYNTH,2026-09-05T00:00:00+08:00,0.88,synthetic,not_applicable,,team_generated,false,dev
JOB-DATA-0088-SKILL-045,JOB-DATA-0088,SKILL-045,53,0.0625,preferred,1.1.0,synthetic,true,SRC-SYNTH,2026-09-05T00:00:00+08:00,0.88,synthetic,not_applicable,,team_generated,false,dev
JOB-DATA-0089-SKILL-054,JOB-DATA-0089,SKILL-054,49,0.058824,required,1.1.0,synthetic,true,SRC-SYNTH,2026-09-05T00:00:00+08:00,0.88,synthetic,not_applicable,,team_generated,false,dev
JOB-DATA-0089-SKILL-001,JOB-DATA-0089,SKILL-001,68,0.058824,required,1.1.0,synthetic,true,SRC-SYNTH,2026-09-05T00:00:00+08:00,0.88,synthetic,not_applicable,,team_generated,false,dev
JOB-DATA-0089-SKILL-009,JOB-DATA-0089,SKILL-009,68,0.058824,required,1.1.0,synthetic,true,SRC-SYNTH,2026-09-05T00:00:00+08:00,0.88,synthetic,not_applicable,,team_generated,false,dev
JOB-DATA-0089-SKILL-010,JOB-DATA-0089,SKILL-010,67,0.058824,required,1.1.0,synthetic,true,SRC-SYNTH,2026-09-05T00:00:00+08:00,0.88,synthetic,not_applicable,,team_generated,false,dev
JOB-DATA-0089-SKILL-011,JOB-DATA-0089,SKILL-011,67,0.058824,required,1.1.0,synthetic,true,SRC-SYNTH,2026-09-05T00:00:00+08:00,0.88,synthetic,not_applicable,,team_generated,false,dev
JOB-DATA-0089-SKILL-012,JOB-DATA-0089,SKILL-012,66,0.058824,required,1.1.0,synthetic,true,SRC-SYNTH,2026-09-05T00:00:00+08:00,0.88,synthetic,not_applicable,,team_generated,false,dev
JOB-DATA-0089-SKILL-013,JOB-DATA-0089,SKILL-013,61,0.058824,required,1.1.0,synthetic,true,SRC-SYNTH,2026-09-05T00:00:00+08:00,0.88,synthetic,not_applicable,,team_generated,false,dev
JOB-DATA-0089-SKILL-014,JOB-DATA-0089,SKILL-014,61,0.058824,required,1.1.0,synthetic,true,SRC-SYNTH,2026-09-05T00:00:00+08:00,0.88,synthetic,not_applicable,,team_generated,false,dev
JOB-DATA-0089-SKILL-015,JOB-DATA-0089,SKILL-015,60,0.058824,required,1.1.0,synthetic,true,SRC-SYNTH,2026-09-05T00:00:00+08:00,0.88,synthetic,not_applicable,,team_generated,false,dev
JOB-DATA-0089-SKILL-016,JOB-DATA-0089,SKILL-016,60,0.058824,required,1.1.0,synthetic,true,SRC-SYNTH,2026-09-05T00:00:00+08:00,0.88,synthetic,not_applicable,,team_generated,false,dev
JOB-DATA-0089-SKILL-040,JOB-DATA-0089,SKILL-040,59,0.058824,required,1.1.0,synthetic,true,SRC-SYNTH,2026-09-05T00:00:00+08:00,0.88,synthetic,not_applicable,,team_generated,false,dev
JOB-DATA-0089-SKILL-041,JOB-DATA-0089,SKILL-041,54,0.058824,required,1.1.0,synthetic,true,SRC-SYNTH,2026-09-05T00:00:00+08:00,0.88,synthetic,not_applicable,,team_generated,false,dev
JOB-DATA-0089-SKILL-043,JOB-DATA-0089,SKILL-043,54,0.058824,preferred,1.1.0,synthetic,true,SRC-SYNTH,2026-09-05T00:00:00+08:00,0.88,synthetic,not_applicable,,team_generated,false,dev
JOB-DATA-0089-SKILL-044,JOB-DATA-0089,SKILL-044,53,0.058824,preferred,1.1.0,synthetic,true,SRC-SYNTH,2026-09-05T00:00:00+08:00,0.88,synthetic,not_applicable,,team_generated,false,dev
JOB-DATA-0089-SKILL-045,JOB-DATA-0089,SKILL-045,53,0.058824,preferred,1.1.0,synthetic,true,SRC-SYNTH,2026-09-05T00:00:00+08:00,0.88,synthetic,not_applicable,,team_generated,false,dev
JOB-DATA-0089-SKILL-046,JOB-DATA-0089,SKILL-046,52,0.058824,preferred,1.1.0,synthetic,true,SRC-SYNTH,2026-09-05T00:00:00+08:00,0.88,synthetic,not_applicable,,team_generated,false,dev
JOB-DATA-0089-SKILL-048,JOB-DATA-0089,SKILL-048,47,0.058816,preferred,1.1.0,synthetic,true,SRC-SYNTH,2026-09-05T00:00:00+08:00,0.88,synthetic,not_applicable,,team_generated,false,dev
JOB-DATA-0090-SKILL-001,JOB-DATA-0090,SKILL-001,68,0.055556,required,1.1.0,synthetic,true,SRC-SYNTH,2026-09-05T00:00:00+08:00,0.88,synthetic,not_applicable,,team_generated,false,dev
JOB-DATA-0090-SKILL-009,JOB-DATA-0090,SKILL-009,68,0.055556,required,1.1.0,synthetic,true,SRC-SYNTH,2026-09-05T00:00:00+08:00,0.88,synthetic,not_applicable,,team_generated,false,dev
JOB-DATA-0090-SKILL-010,JOB-DATA-0090,SKILL-010,67,0.055556,required,1.1.0,synthetic,true,SRC-SYNTH,2026-09-05T00:00:00+08:00,0.88,synthetic,not_applicable,,team_generated,false,dev
JOB-DATA-0090-SKILL-011,JOB-DATA-0090,SKILL-011,67,0.055556,required,1.1.0,synthetic,true,SRC-SYNTH,2026-09-05T00:00:00+08:00,0.88,synthetic,not_applicable,,team_generated,false,dev
JOB-DATA-0090-SKILL-012,JOB-DATA-0090,SKILL-012,66,0.055556,required,1.1.0,synthetic,true,SRC-SYNTH,2026-09-05T00:00:00+08:00,0.88,synthetic,not_applicable,,team_generated,false,dev
JOB-DATA-0090-SKILL-013,JOB-DATA-0090,SKILL-013,61,0.055556,required,1.1.0,synthetic,true,SRC-SYNTH,2026-09-05T00:00:00+08:00,0.88,synthetic,not_applicable,,team_generated,false,dev
JOB-DATA-0090-SKILL-014,JOB-DATA-0090,SKILL-014,61,0.055556,required,1.1.0,synthetic,true,SRC-SYNTH,2026-09-05T00:00:00+08:00,0.88,synthetic,not_applicable,,team_generated,false,dev
JOB-DATA-0090-SKILL-015,JOB-DATA-0090,SKILL-015,60,0.055556,required,1.1.0,synthetic,true,SRC-SYNTH,2026-09-05T00:00:00+08:00,0.88,synthetic,not_applicable,,team_generated,false,dev
JOB-DATA-0090-SKILL-016,JOB-DATA-0090,SKILL-016,60,0.055556,required,1.1.0,synthetic,true,SRC-SYNTH,2026-09-05T00:00:00+08:00,0.88,synthetic,not_applicable,,team_generated,false,dev
JOB-DATA-0090-SKILL-040,JOB-DATA-0090,SKILL-040,59,0.055556,required,1.1.0,synthetic,true,SRC-SYNTH,2026-09-05T00:00:00+08:00,0.88,synthetic,not_applicable,,team_generated,false,dev
JOB-DATA-0090-SKILL-041,JOB-DATA-0090,SKILL-041,54,0.055556,required,1.1.0,synthetic,true,SRC-SYNTH,2026-09-05T00:00:00+08:00,0.88,synthetic,not_applicable,,team_generated,false,dev
JOB-DATA-0090-SKILL-043,JOB-DATA-0090,SKILL-043,54,0.055556,required,1.1.0,synthetic,true,SRC-SYNTH,2026-09-05T00:00:00+08:00,0.88,synthetic,not_applicable,,team_generated,false,dev
JOB-DATA-0090-SKILL-044,JOB-DATA-0090,SKILL-044,53,0.055556,preferred,1.1.0,synthetic,true,SRC-SYNTH,2026-09-05T00:00:00+08:00,0.88,synthetic,not_applicable,,team_generated,false,dev
JOB-DATA-0090-SKILL-045,JOB-DATA-0090,SKILL-045,53,0.055556,preferred,1.1.0,synthetic,true,SRC-SYNTH,2026-09-05T00:00:00+08:00,0.88,synthetic,not_applicable,,team_generated,false,dev
JOB-DATA-0090-SKILL-046,JOB-DATA-0090,SKILL-046,52,0.055556,preferred,1.1.0,synthetic,true,SRC-SYNTH,2026-09-05T00:00:00+08:00,0.88,synthetic,not_applicable,,team_generated,false,dev
JOB-DATA-0090-SKILL-048,JOB-DATA-0090,SKILL-048,47,0.055556,preferred,1.1.0,synthetic,true,SRC-SYNTH,2026-09-05T00:00:00+08:00,0.88,synthetic,not_applicable,,team_generated,false,dev
JOB-DATA-0090-SKILL-049,JOB-DATA-0090,SKILL-049,47,0.055556,preferred,1.1.0,synthetic,true,SRC-SYNTH,2026-09-05T00:00:00+08:00,0.88,synthetic,not_applicable,,team_generated,false,dev
JOB-DATA-0090-SKILL-054,JOB-DATA-0090,SKILL-054,47,0.055548,preferred,1.1.0,synthetic,true,SRC-SYNTH,2026-09-05T00:00:00+08:00,0.88,synthetic,not_applicable,,team_generated,false,dev
JOB-DATA-0091-SKILL-009,JOB-DATA-0091,SKILL-009,68,0.083333,required,1.1.0,synthetic,true,SRC-SYNTH,2026-09-05T00:00:00+08:00,0.88,synthetic,not_applicable,,team_generated,false,dev
JOB-DATA-0091-SKILL-010,JOB-DATA-0091,SKILL-010,67,0.083333,required,1.1.0,synthetic,true,SRC-SYNTH,2026-09-05T00:00:00+08:00,0.88,synthetic,not_applicable,,team_generated,false,dev
JOB-DATA-0091-SKILL-011,JOB-DATA-0091,SKILL-011,67,0.083333,required,1.1.0,synthetic,true,SRC-SYNTH,2026-09-05T00:00:00+08:00,0.88,synthetic,not_applicable,,team_generated,false,dev
JOB-DATA-0091-SKILL-012,JOB-DATA-0091,SKILL-012,66,0.083333,required,1.1.0,synthetic,true,SRC-SYNTH,2026-09-05T00:00:00+08:00,0.88,synthetic,not_applicable,,team_generated,false,dev
JOB-DATA-0091-SKILL-013,JOB-DATA-0091,SKILL-013,61,0.083333,required,1.1.0,synthetic,true,SRC-SYNTH,2026-09-05T00:00:00+08:00,0.88,synthetic,not_applicable,,team_generated,false,dev
JOB-DATA-0091-SKILL-014,JOB-DATA-0091,SKILL-014,61,0.083333,required,1.1.0,synthetic,true,SRC-SYNTH,2026-09-05T00:00:00+08:00,0.88,synthetic,not_applicable,,team_generated,false,dev
JOB-DATA-0091-SKILL-015,JOB-DATA-0091,SKILL-015,60,0.083333,required,1.1.0,synthetic,true,SRC-SYNTH,2026-09-05T00:00:00+08:00,0.88,synthetic,not_applicable,,team_generated,false,dev
JOB-DATA-0091-SKILL-016,JOB-DATA-0091,SKILL-016,60,0.083333,required,1.1.0,synthetic,true,SRC-SYNTH,2026-09-05T00:00:00+08:00,0.88,synthetic,not_applicable,,team_generated,false,dev
JOB-DATA-0091-SKILL-040,JOB-DATA-0091,SKILL-040,59,0.083333,preferred,1.1.0,synthetic,true,SRC-SYNTH,2026-09-05T00:00:00+08:00,0.88,synthetic,not_applicable,,team_generated,false,dev
JOB-DATA-0091-SKILL-041,JOB-DATA-0091,SKILL-041,54,0.083333,preferred,1.1.0,synthetic,true,SRC-SYNTH,2026-09-05T00:00:00+08:00,0.88,synthetic,not_applicable,,team_generated,false,dev
JOB-DATA-0091-SKILL-043,JOB-DATA-0091,SKILL-043,54,0.083333,preferred,1.1.0,synthetic,true,SRC-SYNTH,2026-09-05T00:00:00+08:00,0.88,synthetic,not_applicable,,team_generated,false,dev
JOB-DATA-0091-SKILL-044,JOB-DATA-0091,SKILL-044,53,0.083337,preferred,1.1.0,synthetic,true,SRC-SYNTH,2026-09-05T00:00:00+08:00,0.88,synthetic,not_applicable,,team_generated,false,dev
JOB-DATA-0092-SKILL-010,JOB-DATA-0092,SKILL-010,67,0.076923,required,1.1.0,synthetic,true,SRC-SYNTH,2026-09-05T00:00:00+08:00,0.88,synthetic,not_applicable,,team_generated,false,dev
JOB-DATA-0092-SKILL-011,JOB-DATA-0092,SKILL-011,67,0.076923,required,1.1.0,synthetic,true,SRC-SYNTH,2026-09-05T00:00:00+08:00,0.88,synthetic,not_applicable,,team_generated,false,dev
JOB-DATA-0092-SKILL-012,JOB-DATA-0092,SKILL-012,66,0.076923,required,1.1.0,synthetic,true,SRC-SYNTH,2026-09-05T00:00:00+08:00,0.88,synthetic,not_applicable,,team_generated,false,dev
JOB-DATA-0092-SKILL-013,JOB-DATA-0092,SKILL-013,61,0.076923,required,1.1.0,synthetic,true,SRC-SYNTH,2026-09-05T00:00:00+08:00,0.88,synthetic,not_applicable,,team_generated,false,dev
JOB-DATA-0092-SKILL-014,JOB-DATA-0092,SKILL-014,61,0.076923,required,1.1.0,synthetic,true,SRC-SYNTH,2026-09-05T00:00:00+08:00,0.88,synthetic,not_applicable,,team_generated,false,dev
JOB-DATA-0092-SKILL-015,JOB-DATA-0092,SKILL-015,60,0.076923,required,1.1.0,synthetic,true,SRC-SYNTH,2026-09-05T00:00:00+08:00,0.88,synthetic,not_applicable,,team_generated,false,dev
JOB-DATA-0092-SKILL-016,JOB-DATA-0092,SKILL-016,60,0.076923,required,1.1.0,synthetic,true,SRC-SYNTH,2026-09-05T00:00:00+08:00,0.88,synthetic,not_applicable,,team_generated,false,dev
JOB-DATA-0092-SKILL-040,JOB-DATA-0092,SKILL-040,59,0.076923,required,1.1.0,synthetic,true,SRC-SYNTH,2026-09-05T00:00:00+08:00,0.88,synthetic,not_applicable,,team_generated,false,dev
JOB-DATA-0092-SKILL-041,JOB-DATA-0092,SKILL-041,54,0.076923,required,1.1.0,synthetic,true,SRC-SYNTH,2026-09-05T00:00:00+08:00,0.88,synthetic,not_applicable,,team_generated,false,dev
JOB-DATA-0092-SKILL-043,JOB-DATA-0092,SKILL-043,54,0.076923,preferred,1.1.0,synthetic,true,SRC-SYNTH,2026-09-05T00:00:00+08:00,0.88,synthetic,not_applicable,,team_generated,false,dev
JOB-DATA-0092-SKILL-044,JOB-DATA-0092,SKILL-044,53,0.076923,preferred,1.1.0,synthetic,true,SRC-SYNTH,2026-09-05T00:00:00+08:00,0.88,synthetic,not_applicable,,team_generated,false,dev
JOB-DATA-0092-SKILL-045,JOB-DATA-0092,SKILL-045,53,0.076923,preferred,1.1.0,synthetic,true,SRC-SYNTH,2026-09-05T00:00:00+08:00,0.88,synthetic,not_applicable,,team_generated,false,dev
JOB-DATA-0092-SKILL-046,JOB-DATA-0092,SKILL-046,52,0.076924,preferred,1.1.0,synthetic,true,SRC-SYNTH,2026-09-05T00:00:00+08:00,0.88,synthetic,not_applicable,,team_generated,false,dev
JOB-DATA-0093-SKILL-011,JOB-DATA-0093,SKILL-011,67,0.071429,required,1.1.0,synthetic,true,SRC-SYNTH,2026-09-05T00:00:00+08:00,0.88,synthetic,not_applicable,,team_generated,false,dev
JOB-DATA-0093-SKILL-012,JOB-DATA-0093,SKILL-012,66,0.071429,required,1.1.0,synthetic,true,SRC-SYNTH,2026-09-05T00:00:00+08:00,0.88,synthetic,not_applicable,,team_generated,false,dev
JOB-DATA-0093-SKILL-013,JOB-DATA-0093,SKILL-013,61,0.071429,required,1.1.0,synthetic,true,SRC-SYNTH,2026-09-05T00:00:00+08:00,0.88,synthetic,not_applicable,,team_generated,false,dev
JOB-DATA-0093-SKILL-014,JOB-DATA-0093,SKILL-014,61,0.071429,required,1.1.0,synthetic,true,SRC-SYNTH,2026-09-05T00:00:00+08:00,0.88,synthetic,not_applicable,,team_generated,false,dev
JOB-DATA-0093-SKILL-015,JOB-DATA-0093,SKILL-015,60,0.071429,required,1.1.0,synthetic,true,SRC-SYNTH,2026-09-05T00:00:00+08:00,0.88,synthetic,not_applicable,,team_generated,false,dev
JOB-DATA-0093-SKILL-016,JOB-DATA-0093,SKILL-016,60,0.071429,required,1.1.0,synthetic,true,SRC-SYNTH,2026-09-05T00:00:00+08:00,0.88,synthetic,not_applicable,,team_generated,false,dev
JOB-DATA-0093-SKILL-040,JOB-DATA-0093,SKILL-040,59,0.071429,required,1.1.0,synthetic,true,SRC-SYNTH,2026-09-05T00:00:00+08:00,0.88,synthetic,not_applicable,,team_generated,false,dev
JOB-DATA-0093-SKILL-041,JOB-DATA-0093,SKILL-041,54,0.071429,required,1.1.0,synthetic,true,SRC-SYNTH,2026-09-05T00:00:00+08:00,0.88,synthetic,not_applicable,,team_generated,false,dev
JOB-DATA-0093-SKILL-043,JOB-DATA-0093,SKILL-043,54,0.071429,required,1.1.0,synthetic,true,SRC-SYNTH,2026-09-05T00:00:00+08:00,0.88,synthetic,not_applicable,,team_generated,false,dev
JOB-DATA-0093-SKILL-044,JOB-DATA-0093,SKILL-044,53,0.071429,required,1.1.0,synthetic,true,SRC-SYNTH,2026-09-05T00:00:00+08:00,0.88,synthetic,not_applicable,,team_generated,false,dev
JOB-DATA-0093-SKILL-045,JOB-DATA-0093,SKILL-045,53,0.071429,preferred,1.1.0,synthetic,true,SRC-SYNTH,2026-09-05T00:00:00+08:00,0.88,synthetic,not_applicable,,team_generated,false,dev
JOB-DATA-0093-SKILL-046,JOB-DATA-0093,SKILL-046,52,0.071429,preferred,1.1.0,synthetic,true,SRC-SYNTH,2026-09-05T00:00:00+08:00,0.88,synthetic,not_applicable,,team_generated,false,dev
JOB-DATA-0093-SKILL-048,JOB-DATA-0093,SKILL-048,47,0.071429,preferred,1.1.0,synthetic,true,SRC-SYNTH,2026-09-05T00:00:00+08:00,0.88,synthetic,not_applicable,,team_generated,false,dev
JOB-DATA-0093-SKILL-049,JOB-DATA-0093,SKILL-049,47,0.071423,preferred,1.1.0,synthetic,true,SRC-SYNTH,2026-09-05T00:00:00+08:00,0.88,synthetic,not_applicable,,team_generated,false,dev
JOB-DATA-0094-SKILL-012,JOB-DATA-0094,SKILL-012,66,0.066667,required,1.1.0,synthetic,true,SRC-SYNTH,2026-09-05T00:00:00+08:00,0.88,synthetic,not_applicable,,team_generated,false,dev
JOB-DATA-0094-SKILL-013,JOB-DATA-0094,SKILL-013,61,0.066667,required,1.1.0,synthetic,true,SRC-SYNTH,2026-09-05T00:00:00+08:00,0.88,synthetic,not_applicable,,team_generated,false,dev
JOB-DATA-0094-SKILL-014,JOB-DATA-0094,SKILL-014,61,0.066667,required,1.1.0,synthetic,true,SRC-SYNTH,2026-09-05T00:00:00+08:00,0.88,synthetic,not_applicable,,team_generated,false,dev
JOB-DATA-0094-SKILL-015,JOB-DATA-0094,SKILL-015,60,0.066667,required,1.1.0,synthetic,true,SRC-SYNTH,2026-09-05T00:00:00+08:00,0.88,synthetic,not_applicable,,team_generated,false,dev
JOB-DATA-0094-SKILL-016,JOB-DATA-0094,SKILL-016,60,0.066667,required,1.1.0,synthetic,true,SRC-SYNTH,2026-09-05T00:00:00+08:00,0.88,synthetic,not_applicable,,team_generated,false,dev
JOB-DATA-0094-SKILL-040,JOB-DATA-0094,SKILL-040,59,0.066667,required,1.1.0,synthetic,true,SRC-SYNTH,2026-09-05T00:00:00+08:00,0.88,synthetic,not_applicable,,team_generated,false,dev
JOB-DATA-0094-SKILL-041,JOB-DATA-0094,SKILL-041,54,0.066667,required,1.1.0,synthetic,true,SRC-SYNTH,2026-09-05T00:00:00+08:00,0.88,synthetic,not_applicable,,team_generated,false,dev
JOB-DATA-0094-SKILL-043,JOB-DATA-0094,SKILL-043,54,0.066667,required,1.1.0,synthetic,true,SRC-SYNTH,2026-09-05T00:00:00+08:00,0.88,synthetic,not_applicable,,team_generated,false,dev
JOB-DATA-0094-SKILL-044,JOB-DATA-0094,SKILL-044,53,0.066667,required,1.1.0,synthetic,true,SRC-SYNTH,2026-09-05T00:00:00+08:00,0.88,synthetic,not_applicable,,team_generated,false,dev
JOB-DATA-0094-SKILL-045,JOB-DATA-0094,SKILL-045,53,0.066667,required,1.1.0,synthetic,true,SRC-SYNTH,2026-09-05T00:00:00+08:00,0.88,synthetic,not_applicable,,team_generated,false,dev
JOB-DATA-0094-SKILL-046,JOB-DATA-0094,SKILL-046,52,0.066667,preferred,1.1.0,synthetic,true,SRC-SYNTH,2026-09-05T00:00:00+08:00,0.88,synthetic,not_applicable,,team_generated,false,dev
JOB-DATA-0094-SKILL-048,JOB-DATA-0094,SKILL-048,47,0.066667,preferred,1.1.0,synthetic,true,SRC-SYNTH,2026-09-05T00:00:00+08:00,0.88,synthetic,not_applicable,,team_generated,false,dev
JOB-DATA-0094-SKILL-049,JOB-DATA-0094,SKILL-049,47,0.066667,preferred,1.1.0,synthetic,true,SRC-SYNTH,2026-09-05T00:00:00+08:00,0.88,synthetic,not_applicable,,team_generated,false,dev
JOB-DATA-0094-SKILL-054,JOB-DATA-0094,SKILL-054,47,0.066667,preferred,1.1.0,synthetic,true,SRC-SYNTH,2026-09-05T00:00:00+08:00,0.88,synthetic,not_applicable,,team_generated,false,dev
JOB-DATA-0094-SKILL-001,JOB-DATA-0094,SKILL-001,71,0.066662,preferred,1.1.0,synthetic,true,SRC-SYNTH,2026-09-05T00:00:00+08:00,0.88,synthetic,not_applicable,,team_generated,false,dev
JOB-DATA-0095-SKILL-013,JOB-DATA-0095,SKILL-013,61,0.0625,required,1.1.0,synthetic,true,SRC-SYNTH,2026-09-05T00:00:00+08:00,0.88,synthetic,not_applicable,,team_generated,false,dev
JOB-DATA-0095-SKILL-014,JOB-DATA-0095,SKILL-014,61,0.0625,required,1.1.0,synthetic,true,SRC-SYNTH,2026-09-05T00:00:00+08:00,0.88,synthetic,not_applicable,,team_generated,false,dev
JOB-DATA-0095-SKILL-015,JOB-DATA-0095,SKILL-015,60,0.0625,required,1.1.0,synthetic,true,SRC-SYNTH,2026-09-05T00:00:00+08:00,0.88,synthetic,not_applicable,,team_generated,false,dev
JOB-DATA-0095-SKILL-016,JOB-DATA-0095,SKILL-016,60,0.0625,required,1.1.0,synthetic,true,SRC-SYNTH,2026-09-05T00:00:00+08:00,0.88,synthetic,not_applicable,,team_generated,false,dev
JOB-DATA-0095-SKILL-040,JOB-DATA-0095,SKILL-040,59,0.0625,required,1.1.0,synthetic,true,SRC-SYNTH,2026-09-05T00:00:00+08:00,0.88,synthetic,not_applicable,,team_generated,false,dev
JOB-DATA-0095-SKILL-041,JOB-DATA-0095,SKILL-041,54,0.0625,required,1.1.0,synthetic,true,SRC-SYNTH,2026-09-05T00:00:00+08:00,0.88,synthetic,not_applicable,,team_generated,false,dev
JOB-DATA-0095-SKILL-043,JOB-DATA-0095,SKILL-043,54,0.0625,required,1.1.0,synthetic,true,SRC-SYNTH,2026-09-05T00:00:00+08:00,0.88,synthetic,not_applicable,,team_generated,false,dev
JOB-DATA-0095-SKILL-044,JOB-DATA-0095,SKILL-044,53,0.0625,required,1.1.0,synthetic,true,SRC-SYNTH,2026-09-05T00:00:00+08:00,0.88,synthetic,not_applicable,,team_generated,false,dev
JOB-DATA-0095-SKILL-045,JOB-DATA-0095,SKILL-045,53,0.0625,required,1.1.0,synthetic,true,SRC-SYNTH,2026-09-05T00:00:00+08:00,0.88,synthetic,not_applicable,,team_generated,false,dev
JOB-DATA-0095-SKILL-046,JOB-DATA-0095,SKILL-046,52,0.0625,required,1.1.0,synthetic,true,SRC-SYNTH,2026-09-05T00:00:00+08:00,0.88,synthetic,not_applicable,,team_generated,false,dev
JOB-DATA-0095-SKILL-048,JOB-DATA-0095,SKILL-048,47,0.0625,required,1.1.0,synthetic,true,SRC-SYNTH,2026-09-05T00:00:00+08:00,0.88,synthetic,not_applicable,,team_generated,false,dev
JOB-DATA-0095-SKILL-049,JOB-DATA-0095,SKILL-049,47,0.0625,preferred,1.1.0,synthetic,true,SRC-SYNTH,2026-09-05T00:00:00+08:00,0.88,synthetic,not_applicable,,team_generated,false,dev
JOB-DATA-0095-SKILL-054,JOB-DATA-0095,SKILL-054,47,0.0625,preferred,1.1.0,synthetic,true,SRC-SYNTH,2026-09-05T00:00:00+08:00,0.88,synthetic,not_applicable,,team_generated,false,dev
JOB-DATA-0095-SKILL-001,JOB-DATA-0095,SKILL-001,71,0.0625,preferred,1.1.0,synthetic,true,SRC-SYNTH,2026-09-05T00:00:00+08:00,0.88,synthetic,not_applicable,,team_generated,false,dev
JOB-DATA-0095-SKILL-009,JOB-DATA-0095,SKILL-009,71,0.0625,preferred,1.1.0,synthetic,true,SRC-SYNTH,2026-09-05T00:00:00+08:00,0.88,synthetic,not_applicable,,team_generated,false,dev
JOB-DATA-0095-SKILL-010,JOB-DATA-0095,SKILL-010,65,0.0625,preferred,1.1.0,synthetic,true,SRC-SYNTH,2026-09-05T00:00:00+08:00,0.88,synthetic,not_applicable,,team_generated,false,dev
JOB-DATA-0096-SKILL-014,JOB-DATA-0096,SKILL-014,61,0.058824,required,1.1.0,synthetic,true,SRC-SYNTH,2026-09-05T00:00:00+08:00,0.88,synthetic,not_applicable,,team_generated,false,dev
JOB-DATA-0096-SKILL-015,JOB-DATA-0096,SKILL-015,60,0.058824,required,1.1.0,synthetic,true,SRC-SYNTH,2026-09-05T00:00:00+08:00,0.88,synthetic,not_applicable,,team_generated,false,dev
JOB-DATA-0096-SKILL-016,JOB-DATA-0096,SKILL-016,60,0.058824,required,1.1.0,synthetic,true,SRC-SYNTH,2026-09-05T00:00:00+08:00,0.88,synthetic,not_applicable,,team_generated,false,dev
JOB-DATA-0096-SKILL-040,JOB-DATA-0096,SKILL-040,59,0.058824,required,1.1.0,synthetic,true,SRC-SYNTH,2026-09-05T00:00:00+08:00,0.88,synthetic,not_applicable,,team_generated,false,dev
JOB-DATA-0096-SKILL-041,JOB-DATA-0096,SKILL-041,54,0.058824,required,1.1.0,synthetic,true,SRC-SYNTH,2026-09-05T00:00:00+08:00,0.88,synthetic,not_applicable,,team_generated,false,dev
JOB-DATA-0096-SKILL-043,JOB-DATA-0096,SKILL-043,54,0.058824,required,1.1.0,synthetic,true,SRC-SYNTH,2026-09-05T00:00:00+08:00,0.88,synthetic,not_applicable,,team_generated,false,dev
JOB-DATA-0096-SKILL-044,JOB-DATA-0096,SKILL-044,53,0.058824,required,1.1.0,synthetic,true,SRC-SYNTH,2026-09-05T00:00:00+08:00,0.88,synthetic,not_applicable,,team_generated,false,dev
JOB-DATA-0096-SKILL-045,JOB-DATA-0096,SKILL-045,53,0.058824,required,1.1.0,synthetic,true,SRC-SYNTH,2026-09-05T00:00:00+08:00,0.88,synthetic,not_applicable,,team_generated,false,dev
JOB-DATA-0096-SKILL-046,JOB-DATA-0096,SKILL-046,52,0.058824,required,1.1.0,synthetic,true,SRC-SYNTH,2026-09-05T00:00:00+08:00,0.88,synthetic,not_applicable,,team_generated,false,dev
JOB-DATA-0096-SKILL-048,JOB-DATA-0096,SKILL-048,47,0.058824,required,1.1.0,synthetic,true,SRC-SYNTH,2026-09-05T00:00:00+08:00,0.88,synthetic,not_applicable,,team_generated,false,dev
JOB-DATA-0096-SKILL-049,JOB-DATA-0096,SKILL-049,47,0.058824,required,1.1.0,synthetic,true,SRC-SYNTH,2026-09-05T00:00:00+08:00,0.88,synthetic,not_applicable,,team_generated,false,dev
JOB-DATA-0096-SKILL-054,JOB-DATA-0096,SKILL-054,47,0.058824,required,1.1.0,synthetic,true,SRC-SYNTH,2026-09-05T00:00:00+08:00,0.88,synthetic,not_applicable,,team_generated,false,dev
JOB-DATA-0096-SKILL-001,JOB-DATA-0096,SKILL-001,71,0.058824,preferred,1.1.0,synthetic,true,SRC-SYNTH,2026-09-05T00:00:00+08:00,0.88,synthetic,not_applicable,,team_generated,false,dev
JOB-DATA-0096-SKILL-009,JOB-DATA-0096,SKILL-009,71,0.058824,preferred,1.1.0,synthetic,true,SRC-SYNTH,2026-09-05T00:00:00+08:00,0.88,synthetic,not_applicable,,team_generated,false,dev
JOB-DATA-0096-SKILL-010,JOB-DATA-0096,SKILL-010,65,0.058824,preferred,1.1.0,synthetic,true,SRC-SYNTH,2026-09-05T00:00:00+08:00,0.88,synthetic,not_applicable,,team_generated,false,dev
JOB-DATA-0096-SKILL-011,JOB-DATA-0096,SKILL-011,65,0.058824,preferred,1.1.0,synthetic,true,SRC-SYNTH,2026-09-05T00:00:00+08:00,0.88,synthetic,not_applicable,,team_generated,false,dev
JOB-DATA-0096-SKILL-012,JOB-DATA-0096,SKILL-012,64,0.058816,preferred,1.1.0,synthetic,true,SRC-SYNTH,2026-09-05T00:00:00+08:00,0.88,synthetic,not_applicable,,team_generated,false,dev
JOB-DATA-0097-SKILL-015,JOB-DATA-0097,SKILL-015,60,0.055556,required,1.1.0,synthetic,true,SRC-SYNTH,2026-09-05T00:00:00+08:00,0.88,synthetic,not_applicable,,team_generated,false,dev
JOB-DATA-0097-SKILL-016,JOB-DATA-0097,SKILL-016,60,0.055556,required,1.1.0,synthetic,true,SRC-SYNTH,2026-09-05T00:00:00+08:00,0.88,synthetic,not_applicable,,team_generated,false,dev
JOB-DATA-0097-SKILL-040,JOB-DATA-0097,SKILL-040,59,0.055556,required,1.1.0,synthetic,true,SRC-SYNTH,2026-09-05T00:00:00+08:00,0.88,synthetic,not_applicable,,team_generated,false,dev
JOB-DATA-0097-SKILL-041,JOB-DATA-0097,SKILL-041,54,0.055556,required,1.1.0,synthetic,true,SRC-SYNTH,2026-09-05T00:00:00+08:00,0.88,synthetic,not_applicable,,team_generated,false,dev
JOB-DATA-0097-SKILL-043,JOB-DATA-0097,SKILL-043,54,0.055556,required,1.1.0,synthetic,true,SRC-SYNTH,2026-09-05T00:00:00+08:00,0.88,synthetic,not_applicable,,team_generated,false,dev
JOB-DATA-0097-SKILL-044,JOB-DATA-0097,SKILL-044,53,0.055556,required,1.1.0,synthetic,true,SRC-SYNTH,2026-09-05T00:00:00+08:00,0.88,synthetic,not_applicable,,team_generated,false,dev
JOB-DATA-0097-SKILL-045,JOB-DATA-0097,SKILL-045,53,0.055556,required,1.1.0,synthetic,true,SRC-SYNTH,2026-09-05T00:00:00+08:00,0.88,synthetic,not_applicable,,team_generated,false,dev
JOB-DATA-0097-SKILL-046,JOB-DATA-0097,SKILL-046,52,0.055556,required,1.1.0,synthetic,true,SRC-SYNTH,2026-09-05T00:00:00+08:00,0.88,synthetic,not_applicable,,team_generated,false,dev
JOB-DATA-0097-SKILL-048,JOB-DATA-0097,SKILL-048,47,0.055556,required,1.1.0,synthetic,true,SRC-SYNTH,2026-09-05T00:00:00+08:00,0.88,synthetic,not_applicable,,team_generated,false,dev
JOB-DATA-0097-SKILL-049,JOB-DATA-0097,SKILL-049,47,0.055556,required,1.1.0,synthetic,true,SRC-SYNTH,2026-09-05T00:00:00+08:00,0.88,synthetic,not_applicable,,team_generated,false,dev
JOB-DATA-0097-SKILL-054,JOB-DATA-0097,SKILL-054,47,0.055556,required,1.1.0,synthetic,true,SRC-SYNTH,2026-09-05T00:00:00+08:00,0.88,synthetic,not_applicable,,team_generated,false,dev
JOB-DATA-0097-SKILL-001,JOB-DATA-0097,SKILL-001,71,0.055556,required,1.1.0,synthetic,true,SRC-SYNTH,2026-09-05T00:00:00+08:00,0.88,synthetic,not_applicable,,team_generated,false,dev
JOB-DATA-0097-SKILL-009,JOB-DATA-0097,SKILL-009,71,0.055556,preferred,1.1.0,synthetic,true,SRC-SYNTH,2026-09-05T00:00:00+08:00,0.88,synthetic,not_applicable,,team_generated,false,dev
JOB-DATA-0097-SKILL-010,JOB-DATA-0097,SKILL-010,65,0.055556,preferred,1.1.0,synthetic,true,SRC-SYNTH,2026-09-05T00:00:00+08:00,0.88,synthetic,not_applicable,,team_generated,false,dev
JOB-DATA-0097-SKILL-011,JOB-DATA-0097,SKILL-011,65,0.055556,preferred,1.1.0,synthetic,true,SRC-SYNTH,2026-09-05T00:00:00+08:00,0.88,synthetic,not_applicable,,team_generated,false,dev
JOB-DATA-0097-SKILL-012,JOB-DATA-0097,SKILL-012,64,0.055556,preferred,1.1.0,synthetic,true,SRC-SYNTH,2026-09-05T00:00:00+08:00,0.88,synthetic,not_applicable,,team_generated,false,dev
JOB-DATA-0097-SKILL-013,JOB-DATA-0097,SKILL-013,64,0.055556,preferred,1.1.0,synthetic,true,SRC-SYNTH,2026-09-05T00:00:00+08:00,0.88,synthetic,not_applicable,,team_generated,false,dev
JOB-DATA-0097-SKILL-014,JOB-DATA-0097,SKILL-014,64,0.055548,preferred,1.1.0,synthetic,true,SRC-SYNTH,2026-09-05T00:00:00+08:00,0.88,synthetic,not_applicable,,team_generated,false,dev
JOB-DATA-0098-SKILL-016,JOB-DATA-0098,SKILL-016,60,0.083333,required,1.1.0,synthetic,true,SRC-SYNTH,2026-09-05T00:00:00+08:00,0.88,synthetic,not_applicable,,team_generated,false,dev
JOB-DATA-0098-SKILL-040,JOB-DATA-0098,SKILL-040,59,0.083333,required,1.1.0,synthetic,true,SRC-SYNTH,2026-09-05T00:00:00+08:00,0.88,synthetic,not_applicable,,team_generated,false,dev
JOB-DATA-0098-SKILL-041,JOB-DATA-0098,SKILL-041,54,0.083333,required,1.1.0,synthetic,true,SRC-SYNTH,2026-09-05T00:00:00+08:00,0.88,synthetic,not_applicable,,team_generated,false,dev
JOB-DATA-0098-SKILL-043,JOB-DATA-0098,SKILL-043,54,0.083333,required,1.1.0,synthetic,true,SRC-SYNTH,2026-09-05T00:00:00+08:00,0.88,synthetic,not_applicable,,team_generated,false,dev
JOB-DATA-0098-SKILL-044,JOB-DATA-0098,SKILL-044,53,0.083333,required,1.1.0,synthetic,true,SRC-SYNTH,2026-09-05T00:00:00+08:00,0.88,synthetic,not_applicable,,team_generated,false,dev
JOB-DATA-0098-SKILL-045,JOB-DATA-0098,SKILL-045,53,0.083333,required,1.1.0,synthetic,true,SRC-SYNTH,2026-09-05T00:00:00+08:00,0.88,synthetic,not_applicable,,team_generated,false,dev
JOB-DATA-0098-SKILL-046,JOB-DATA-0098,SKILL-046,52,0.083333,required,1.1.0,synthetic,true,SRC-SYNTH,2026-09-05T00:00:00+08:00,0.88,synthetic,not_applicable,,team_generated,false,dev
JOB-DATA-0098-SKILL-048,JOB-DATA-0098,SKILL-048,47,0.083333,required,1.1.0,synthetic,true,SRC-SYNTH,2026-09-05T00:00:00+08:00,0.88,synthetic,not_applicable,,team_generated,false,dev
JOB-DATA-0098-SKILL-049,JOB-DATA-0098,SKILL-049,47,0.083333,preferred,1.1.0,synthetic,true,SRC-SYNTH,2026-09-05T00:00:00+08:00,0.88,synthetic,not_applicable,,team_generated,false,dev
JOB-DATA-0098-SKILL-054,JOB-DATA-0098,SKILL-054,47,0.083333,preferred,1.1.0,synthetic,true,SRC-SYNTH,2026-09-05T00:00:00+08:00,0.88,synthetic,not_applicable,,team_generated,false,dev
JOB-DATA-0098-SKILL-001,JOB-DATA-0098,SKILL-001,71,0.083333,preferred,1.1.0,synthetic,true,SRC-SYNTH,2026-09-05T00:00:00+08:00,0.88,synthetic,not_applicable,,team_generated,false,dev
JOB-DATA-0098-SKILL-009,JOB-DATA-0098,SKILL-009,71,0.083337,preferred,1.1.0,synthetic,true,SRC-SYNTH,2026-09-05T00:00:00+08:00,0.88,synthetic,not_applicable,,team_generated,false,dev
JOB-DATA-0099-SKILL-040,JOB-DATA-0099,SKILL-040,59,0.076923,required,1.1.0,synthetic,true,SRC-SYNTH,2026-09-05T00:00:00+08:00,0.88,synthetic,not_applicable,,team_generated,false,dev
JOB-DATA-0099-SKILL-041,JOB-DATA-0099,SKILL-041,54,0.076923,required,1.1.0,synthetic,true,SRC-SYNTH,2026-09-05T00:00:00+08:00,0.88,synthetic,not_applicable,,team_generated,false,dev
JOB-DATA-0099-SKILL-043,JOB-DATA-0099,SKILL-043,54,0.076923,required,1.1.0,synthetic,true,SRC-SYNTH,2026-09-05T00:00:00+08:00,0.88,synthetic,not_applicable,,team_generated,false,dev
JOB-DATA-0099-SKILL-044,JOB-DATA-0099,SKILL-044,53,0.076923,required,1.1.0,synthetic,true,SRC-SYNTH,2026-09-05T00:00:00+08:00,0.88,synthetic,not_applicable,,team_generated,false,dev
JOB-DATA-0099-SKILL-045,JOB-DATA-0099,SKILL-045,53,0.076923,required,1.1.0,synthetic,true,SRC-SYNTH,2026-09-05T00:00:00+08:00,0.88,synthetic,not_applicable,,team_generated,false,dev
JOB-DATA-0099-SKILL-046,JOB-DATA-0099,SKILL-046,52,0.076923,required,1.1.0,synthetic,true,SRC-SYNTH,2026-09-05T00:00:00+08:00,0.88,synthetic,not_applicable,,team_generated,false,dev
JOB-DATA-0099-SKILL-048,JOB-DATA-0099,SKILL-048,47,0.076923,required,1.1.0,synthetic,true,SRC-SYNTH,2026-09-05T00:00:00+08:00,0.88,synthetic,not_applicable,,team_generated,false,dev
JOB-DATA-0099-SKILL-049,JOB-DATA-0099,SKILL-049,47,0.076923,required,1.1.0,synthetic,true,SRC-SYNTH,2026-09-05T00:00:00+08:00,0.88,synthetic,not_applicable,,team_generated,false,dev
JOB-DATA-0099-SKILL-054,JOB-DATA-0099,SKILL-054,47,0.076923,required,1.1.0,synthetic,true,SRC-SYNTH,2026-09-05T00:00:00+08:00,0.88,synthetic,not_applicable,,team_generated,false,dev
JOB-DATA-0099-SKILL-001,JOB-DATA-0099,SKILL-001,71,0.076923,preferred,1.1.0,synthetic,true,SRC-SYNTH,2026-09-05T00:00:00+08:00,0.88,synthetic,not_applicable,,team_generated,false,dev
JOB-DATA-0099-SKILL-009,JOB-DATA-0099,SKILL-009,71,0.076923,preferred,1.1.0,synthetic,true,SRC-SYNTH,2026-09-05T00:00:00+08:00,0.88,synthetic,not_applicable,,team_generated,false,dev
JOB-DATA-0099-SKILL-010,JOB-DATA-0099,SKILL-010,65,0.076923,preferred,1.1.0,synthetic,true,SRC-SYNTH,2026-09-05T00:00:00+08:00,0.88,synthetic,not_applicable,,team_generated,false,dev
JOB-DATA-0099-SKILL-011,JOB-DATA-0099,SKILL-011,65,0.076924,preferred,1.1.0,synthetic,true,SRC-SYNTH,2026-09-05T00:00:00+08:00,0.88,synthetic,not_applicable,,team_generated,false,dev
JOB-DATA-0100-SKILL-041,JOB-DATA-0100,SKILL-041,54,0.071429,required,1.1.0,synthetic,true,SRC-SYNTH,2026-09-05T00:00:00+08:00,0.88,synthetic,not_applicable,,team_generated,false,dev
JOB-DATA-0100-SKILL-043,JOB-DATA-0100,SKILL-043,54,0.071429,required,1.1.0,synthetic,true,SRC-SYNTH,2026-09-05T00:00:00+08:00,0.88,synthetic,not_applicable,,team_generated,false,dev
JOB-DATA-0100-SKILL-044,JOB-DATA-0100,SKILL-044,53,0.071429,required,1.1.0,synthetic,true,SRC-SYNTH,2026-09-05T00:00:00+08:00,0.88,synthetic,not_applicable,,team_generated,false,dev
JOB-DATA-0100-SKILL-045,JOB-DATA-0100,SKILL-045,53,0.071429,required,1.1.0,synthetic,true,SRC-SYNTH,2026-09-05T00:00:00+08:00,0.88,synthetic,not_applicable,,team_generated,false,dev
JOB-DATA-0100-SKILL-046,JOB-DATA-0100,SKILL-046,52,0.071429,required,1.1.0,synthetic,true,SRC-SYNTH,2026-09-05T00:00:00+08:00,0.88,synthetic,not_applicable,,team_generated,false,dev
JOB-DATA-0100-SKILL-048,JOB-DATA-0100,SKILL-048,47,0.071429,required,1.1.0,synthetic,true,SRC-SYNTH,2026-09-05T00:00:00+08:00,0.88,synthetic,not_applicable,,team_generated,false,dev
JOB-DATA-0100-SKILL-049,JOB-DATA-0100,SKILL-049,47,0.071429,required,1.1.0,synthetic,true,SRC-SYNTH,2026-09-05T00:00:00+08:00,0.88,synthetic,not_applicable,,team_generated,false,dev
JOB-DATA-0100-SKILL-054,JOB-DATA-0100,SKILL-054,47,0.071429,required,1.1.0,synthetic,true,SRC-SYNTH,2026-09-05T00:00:00+08:00,0.88,synthetic,not_applicable,,team_generated,false,dev
JOB-DATA-0100-SKILL-001,JOB-DATA-0100,SKILL-001,71,0.071429,required,1.1.0,synthetic,true,SRC-SYNTH,2026-09-05T00:00:00+08:00,0.88,synthetic,not_applicable,,team_generated,false,dev
JOB-DATA-0100-SKILL-009,JOB-DATA-0100,SKILL-009,71,0.071429,required,1.1.0,synthetic,true,SRC-SYNTH,2026-09-05T00:00:00+08:00,0.88,synthetic,not_applicable,,team_generated,false,dev
JOB-DATA-0100-SKILL-010,JOB-DATA-0100,SKILL-010,65,0.071429,preferred,1.1.0,synthetic,true,SRC-SYNTH,2026-09-05T00:00:00+08:00,0.88,synthetic,not_applicable,,team_generated,false,dev
JOB-DATA-0100-SKILL-011,JOB-DATA-0100,SKILL-011,65,0.071429,preferred,1.1.0,synthetic,true,SRC-SYNTH,2026-09-05T00:00:00+08:00,0.88,synthetic,not_applicable,,team_generated,false,dev
JOB-DATA-0100-SKILL-012,JOB-DATA-0100,SKILL-012,64,0.071429,preferred,1.1.0,synthetic,true,SRC-SYNTH,2026-09-05T00:00:00+08:00,0.88,synthetic,not_applicable,,team_generated,false,dev
JOB-DATA-0100-SKILL-013,JOB-DATA-0100,SKILL-013,64,0.071423,preferred,1.1.0,synthetic,true,SRC-SYNTH,2026-09-05T00:00:00+08:00,0.88,synthetic,not_applicable,,team_generated,false,dev
