job_id,role_id,title,company_code,industry,city,work_mode,experience_level,required_experience_months,education_level,employment_type,salary_min_cny_month,salary_max_cny_month,salary_is_simulated,summary,posted_at,expires_at,display_disclaimer,schema_version,origin,is_synthetic,source_ids,generated_at,confidence,claim_level,verification_status,last_verified_at,license_scope,is_market_fact,data_split
JOB-AI-ALG-0001,ROLE-AI-ALG,AI算法工程师（实习/校招）,模拟企业-008,智能制造,上海,hybrid,campus,0,bachelor_or_equivalent,full_time,12000,16000,true,参与AI算法工程师相关项目，重点使用数据结构与算法、数据清洗、统计学基础、线性代数、微积分与优化、机器学习；岗位、企业和薪资均为演示数据。,2026-09-02,2026-11-01,模拟岗位/演示数据，不代表真实招聘机会,1.2.0,synthetic,true,SRC-ONET|SRC-ESCO|SRC-SYNTH,2026-09-13T00:00:00+08:00,0.88,synthetic,not_applicable,,cc_by_4_0_attribution,false,dev
JOB-AI-ALG-0002,ROLE-AI-ALG,AI算法工程师（实习/校招）,模拟企业-015,教育科技,北京,remote,campus,0,bachelor_or_equivalent,internship,12000,16000,true,参与AI算法工程师相关项目，重点使用数据清洗、统计学基础、线性代数、微积分与优化、机器学习、特征工程；岗位、企业和薪资均为演示数据。,2026-09-01,2026-10-31,模拟岗位/演示数据，不代表真实招聘机会,1.2.0,synthetic,true,SRC-ONET|SRC-ESCO|SRC-SYNTH,2026-09-13T00:00:00+08:00,0.88,synthetic,not_applicable,,cc_by_4_0_attribution,false,dev
JOB-AI-ALG-0003,ROLE-AI-ALG,AI算法工程师（实习/校招）,模拟企业-022,零售科技,深圳,onsite,campus,0,bachelor_or_equivalent,full_time,12000,16000,true,参与AI算法工程师相关项目，重点使用统计学基础、线性代数、微积分与优化、机器学习、特征工程、模型评估；岗位、企业和薪资均为演示数据。,2026-08-31,2026-10-30,模拟岗位/演示数据，不代表真实招聘机会,1.2.0,synthetic,true,SRC-ONET|SRC-ESCO|SRC-SYNTH,2026-09-13T00:00:00+08:00,0.88,synthetic,not_applicable,,cc_by_4_0_attribution,false,dev
JOB-AI-ALG-0004,ROLE-AI-ALG,AI算法工程师（实习/校招）,模拟企业-029,金融科技,南京,hybrid,campus,0,bachelor_or_equivalent,internship,10500,14500,true,参与AI算法工程师相关项目，重点使用线性代数、微积分与优化、机器学习、特征工程、模型评估、深度学习；岗位、企业和薪资均为演示数据。,2026-08-30,2026-10-29,模拟岗位/演示数据，不代表真实招聘机会,1.2.0,synthetic,true,SRC-ONET|SRC-ESCO|SRC-SYNTH,2026-09-13T00:00:00+08:00,0.88,synthetic,not_applicable,,cc_by_4_0_attribution,false,dev
JOB-AI-ALG-0005,ROLE-AI-ALG,AI算法工程师（实习/校招）,模拟企业-036,医疗信息化,成都,remote,campus,0,bachelor_or_equivalent,full_time,9500,13500,true,参与AI算法工程师相关项目，重点使用微积分与优化、机器学习、特征工程、模型评估、深度学习、自然语言处理；岗位、企业和薪资均为演示数据。,2026-08-29,2026-10-28,模拟岗位/演示数据，不代表真实招聘机会,1.2.0,synthetic,true,SRC-ONET|SRC-ESCO|SRC-SYNTH,2026-09-13T00:00:00+08:00,0.88,synthetic,not_applicable,,cc_by_4_0_attribution,false,dev
JOB-AI-ALG-0006,ROLE-AI-ALG,AI算法工程师（实习/校招）,模拟企业-043,物流科技,武汉,onsite,campus,0,bachelor_or_equivalent,internship,9500,13500,true,参与AI算法工程师相关项目，重点使用机器学习、特征工程、模型评估、深度学习、自然语言处理、模型调优；岗位、企业和薪资均为演示数据。,2026-08-28,2026-10-27,模拟岗位/演示数据，不代表真实招聘机会,1.2.0,synthetic,true,SRC-ONET|SRC-ESCO|SRC-SYNTH,2026-09-13T00:00:00+08:00,0.88,synthetic,not_applicable,,cc_by_4_0_attribution,false,dev
JOB-AI-ALG-0007,ROLE-AI-ALG,AI算法工程师（实习/校招）,模拟企业-050,内容平台,西安,hybrid,campus,0,bachelor_or_equivalent,full_time,9000,13000,true,参与AI算法工程师相关项目，重点使用特征工程、模型评估、深度学习、自然语言处理、模型调优、大模型基础；岗位、企业和薪资均为演示数据。,2026-08-27,2026-10-26,模拟岗位/演示数据，不代表真实招聘机会,1.2.0,synthetic,true,SRC-ONET|SRC-ESCO|SRC-SYNTH,2026-09-13T00:00:00+08:00,0.88,synthetic,not_applicable,,cc_by_4_0_attribution,false,dev
JOB-AI-ALG-0008,ROLE-AI-ALG,AI算法工程师（实习/校招）,模拟企业-057,企业服务,杭州,remote,campus,0,bachelor_or_equivalent,internship,11500,15500,true,参与AI算法工程师相关项目，重点使用模型评估、深度学习、自然语言处理、模型调优、大模型基础、Git版本控制；岗位、企业和薪资均为演示数据。,2026-08-26,2026-10-25,模拟岗位/演示数据，不代表真实招聘机会,1.2.0,synthetic,true,SRC-ONET|SRC-ESCO|SRC-SYNTH,2026-09-13T00:00:00+08:00,0.88,synthetic,not_applicable,,cc_by_4_0_attribution,false,dev
JOB-AI-ALG-0009,ROLE-AI-ALG,AI算法工程师（实习/校招）,模拟企业-064,智能制造,上海,onsite,campus,0,bachelor_or_equivalent,full_time,12000,16000,true,参与AI算法工程师相关项目，重点使用深度学习、自然语言处理、模型调优、大模型基础、Git版本控制、Docker容器；岗位、企业和薪资均为演示数据。,2026-08-25,2026-10-24,模拟岗位/演示数据，不代表真实招聘机会,1.2.0,synthetic,true,SRC-ONET|SRC-ESCO|SRC-SYNTH,2026-09-13T00:00:00+08:00,0.88,synthetic,not_applicable,,cc_by_4_0_attribution,false,dev
JOB-AI-ALG-0010,ROLE-AI-ALG,AI算法工程师（实习/校招）,模拟企业-071,教育科技,北京,hybrid,campus,0,bachelor_or_equivalent,internship,12000,16000,true,参与AI算法工程师相关项目，重点使用自然语言处理、模型调优、大模型基础、Git版本控制、Docker容器、书面沟通；岗位、企业和薪资均为演示数据。,2026-08-24,2026-10-23,模拟岗位/演示数据，不代表真实招聘机会,1.2.0,synthetic,true,SRC-ONET|SRC-ESCO|SRC-SYNTH,2026-09-13T00:00:00+08:00,0.88,synthetic,not_applicable,,cc_by_4_0_attribution,false,dev
JOB-AI-ALG-0011,ROLE-AI-ALG,AI算法工程师（实习/校招）,模拟企业-078,零售科技,深圳,remote,campus,0,bachelor_or_equivalent,full_time,12000,16000,true,参与AI算法工程师相关项目，重点使用模型调优、大模型基础、Git版本控制、Docker容器、书面沟通、项目交付；岗位、企业和薪资均为演示数据。,2026-08-23,2026-10-22,模拟岗位/演示数据，不代表真实招聘机会,1.2.0,synthetic,true,SRC-ONET|SRC-ESCO|SRC-SYNTH,2026-09-13T00:00:00+08:00,0.88,synthetic,not_applicable,,cc_by_4_0_attribution,false,dev
JOB-AI-ALG-0012,ROLE-AI-ALG,AI算法工程师（实习/校招）,模拟企业-085,金融科技,南京,onsite,campus,0,bachelor_or_equivalent,internship,10500,14500,true,参与AI算法工程师相关项目，重点使用大模型基础、Git版本控制、Docker容器、书面沟通、项目交付、职业伦理与隐私；岗位、企业和薪资均为演示数据。,2026-08-22,2026-10-21,模拟岗位/演示数据，不代表真实招聘机会,1.2.0,synthetic,true,SRC-ONET|SRC-ESCO|SRC-SYNTH,2026-09-13T00:00:00+08:00,0.88,synthetic,not_applicable,,cc_by_4_0_attribution,false,dev
JOB-AI-ALG-0013,ROLE-AI-ALG,AI算法工程师（实习/校招）,模拟企业-092,医疗信息化,成都,hybrid,campus,0,bachelor_or_equivalent,full_time,9500,13500,true,参与AI算法工程师相关项目，重点使用Git版本控制、Docker容器、书面沟通、项目交付、职业伦理与隐私、Python编程；岗位、企业和薪资均为演示数据。,2026-08-21,2026-10-20,模拟岗位/演示数据，不代表真实招聘机会,1.2.0,synthetic,true,SRC-ONET|SRC-ESCO|SRC-SYNTH,2026-09-13T00:00:00+08:00,0.88,synthetic,not_applicable,,cc_by_4_0_attribution,false,dev
JOB-AI-ALG-0014,ROLE-AI-ALG,AI算法工程师（实习/校招）,模拟企业-099,物流科技,武汉,remote,campus,0,bachelor_or_equivalent,internship,9500,13500,true,参与AI算法工程师相关项目，重点使用Docker容器、书面沟通、项目交付、职业伦理与隐私、Python编程、数据结构与算法；岗位、企业和薪资均为演示数据。,2026-08-20,2026-10-19,模拟岗位/演示数据，不代表真实招聘机会,1.2.0,synthetic,true,SRC-ONET|SRC-ESCO|SRC-SYNTH,2026-09-13T00:00:00+08:00,0.88,synthetic,not_applicable,,cc_by_4_0_attribution,false,dev
JOB-AI-ALG-0015,ROLE-AI-ALG,AI算法工程师（实习/校招）,模拟企业-106,内容平台,西安,onsite,campus,0,bachelor_or_equivalent,full_time,9000,13000,true,参与AI算法工程师相关项目，重点使用书面沟通、项目交付、职业伦理与隐私、Python编程、数据结构与算法、数据清洗；岗位、企业和薪资均为演示数据。,2026-08-19,2026-10-18,模拟岗位/演示数据，不代表真实招聘机会,1.2.0,synthetic,true,SRC-ONET|SRC-ESCO|SRC-SYNTH,2026-09-13T00:00:00+08:00,0.88,synthetic,not_applicable,,cc_by_4_0_attribution,false,dev
JOB-AI-ALG-0016,ROLE-AI-ALG,AI算法工程师（实习/校招）,模拟企业-113,企业服务,杭州,hybrid,campus,0,bachelor_or_equivalent,internship,11500,15500,true,参与AI算法工程师相关项目，重点使用项目交付、职业伦理与隐私、Python编程、数据结构与算法、数据清洗、统计学基础；岗位、企业和薪资均为演示数据。,2026-08-18,2026-10-17,模拟岗位/演示数据，不代表真实招聘机会,1.2.0,synthetic,true,SRC-ONET|SRC-ESCO|SRC-SYNTH,2026-09-13T00:00:00+08:00,0.88,synthetic,not_applicable,,cc_by_4_0_attribution,false,dev
JOB-AI-ALG-0017,ROLE-AI-ALG,AI算法工程师（实习/校招）,模拟企业-120,智能制造,上海,remote,campus,0,bachelor_or_equivalent,full_time,12000,16000,true,参与AI算法工程师相关项目，重点使用职业伦理与隐私、Python编程、数据结构与算法、数据清洗、统计学基础、线性代数；岗位、企业和薪资均为演示数据。,2026-08-17,2026-10-16,模拟岗位/演示数据，不代表真实招聘机会,1.2.0,synthetic,true,SRC-ONET|SRC-ESCO|SRC-SYNTH,2026-09-13T00:00:00+08:00,0.88,synthetic,not_applicable,,cc_by_4_0_attribution,false,dev
JOB-AI-ALG-0018,ROLE-AI-ALG,AI算法工程师（实习/校招）,模拟企业-127,教育科技,北京,onsite,campus,0,bachelor_or_equivalent,internship,12000,16000,true,参与AI算法工程师相关项目，重点使用Python编程、数据结构与算法、数据清洗、统计学基础、线性代数、微积分与优化；岗位、企业和薪资均为演示数据。,2026-08-16,2026-10-15,模拟岗位/演示数据，不代表真实招聘机会,1.2.0,synthetic,true,SRC-ONET|SRC-ESCO|SRC-SYNTH,2026-09-13T00:00:00+08:00,0.88,synthetic,not_applicable,,cc_by_4_0_attribution,false,dev
JOB-AI-ALG-0019,ROLE-AI-ALG,AI算法工程师（实习/校招）,模拟企业-134,零售科技,深圳,hybrid,campus,0,bachelor_or_equivalent,full_time,12000,16000,true,参与AI算法工程师相关项目，重点使用数据结构与算法、数据清洗、统计学基础、线性代数、微积分与优化、机器学习；岗位、企业和薪资均为演示数据。,2026-08-15,2026-10-14,模拟岗位/演示数据，不代表真实招聘机会,1.2.0,synthetic,true,SRC-ONET|SRC-ESCO|SRC-SYNTH,2026-09-13T00:00:00+08:00,0.88,synthetic,not_applicable,,cc_by_4_0_attribution,false,dev
JOB-AI-ALG-0020,ROLE-AI-ALG,AI算法工程师（实习/校招）,模拟企业-141,金融科技,南京,remote,campus,0,bachelor_or_equivalent,internship,10500,14500,true,参与AI算法工程师相关项目，重点使用数据清洗、统计学基础、线性代数、微积分与优化、机器学习、特征工程；岗位、企业和薪资均为演示数据。,2026-08-14,2026-10-13,模拟岗位/演示数据，不代表真实招聘机会,1.2.0,synthetic,true,SRC-ONET|SRC-ESCO|SRC-SYNTH,2026-09-13T00:00:00+08:00,0.88,synthetic,not_applicable,,cc_by_4_0_attribution,false,dev
JOB-AI-ALG-0021,ROLE-AI-ALG,AI算法工程师（实习/校招）,模拟企业-148,医疗信息化,成都,onsite,campus,0,bachelor_or_equivalent,full_time,9500,13500,true,参与AI算法工程师相关项目，重点使用统计学基础、线性代数、微积分与优化、机器学习、特征工程、模型评估；岗位、企业和薪资均为演示数据。,2026-08-13,2026-10-12,模拟岗位/演示数据，不代表真实招聘机会,1.2.0,synthetic,true,SRC-ONET|SRC-ESCO|SRC-SYNTH,2026-09-13T00:00:00+08:00,0.88,synthetic,not_applicable,,cc_by_4_0_attribution,false,dev
JOB-AI-ALG-0022,ROLE-AI-ALG,AI算法工程师（实习/校招）,模拟企业-155,物流科技,武汉,hybrid,campus,0,bachelor_or_equivalent,internship,9500,13500,true,参与AI算法工程师相关项目，重点使用线性代数、微积分与优化、机器学习、特征工程、模型评估、深度学习；岗位、企业和薪资均为演示数据。,2026-08-12,2026-10-11,模拟岗位/演示数据，不代表真实招聘机会,1.2.0,synthetic,true,SRC-ONET|SRC-ESCO|SRC-SYNTH,2026-09-13T00:00:00+08:00,0.88,synthetic,not_applicable,,cc_by_4_0_attribution,false,dev
JOB-AI-ALG-0023,ROLE-AI-ALG,AI算法工程师（实习/校招）,模拟企业-162,内容平台,西安,remote,campus,0,bachelor_or_equivalent,full_time,9000,13000,true,参与AI算法工程师相关项目，重点使用微积分与优化、机器学习、特征工程、模型评估、深度学习、自然语言处理；岗位、企业和薪资均为演示数据。,2026-08-11,2026-10-10,模拟岗位/演示数据，不代表真实招聘机会,1.2.0,synthetic,true,SRC-ONET|SRC-ESCO|SRC-SYNTH,2026-09-13T00:00:00+08:00,0.88,synthetic,not_applicable,,cc_by_4_0_attribution,false,dev
JOB-AI-ALG-0024,ROLE-AI-ALG,AI算法工程师（实习/校招）,模拟企业-169,企业服务,杭州,onsite,campus,0,bachelor_or_equivalent,internship,11500,15500,true,参与AI算法工程师相关项目，重点使用机器学习、特征工程、模型评估、深度学习、自然语言处理、模型调优；岗位、企业和薪资均为演示数据。,2026-08-10,2026-10-09,模拟岗位/演示数据，不代表真实招聘机会,1.2.0,synthetic,true,SRC-ONET|SRC-ESCO|SRC-SYNTH,2026-09-13T00:00:00+08:00,0.88,synthetic,not_applicable,,cc_by_4_0_attribution,false,dev
JOB-AI-ALG-0025,ROLE-AI-ALG,AI算法工程师（实习/校招）,模拟企业-176,智能制造,上海,hybrid,campus,0,bachelor_or_equivalent,full_time,12000,16000,true,参与AI算法工程师相关项目，重点使用特征工程、模型评估、深度学习、自然语言处理、模型调优、大模型基础；岗位、企业和薪资均为演示数据。,2026-08-09,2026-10-08,模拟岗位/演示数据，不代表真实招聘机会,1.2.0,synthetic,true,SRC-ONET|SRC-ESCO|SRC-SYNTH,2026-09-13T00:00:00+08:00,0.88,synthetic,not_applicable,,cc_by_4_0_attribution,false,dev
JOB-AI-ALG-0026,ROLE-AI-ALG,AI算法工程师（实习/校招）,模拟企业-003,教育科技,北京,remote,campus,0,bachelor_or_equivalent,internship,12000,16000,true,参与AI算法工程师相关项目，重点使用模型评估、深度学习、自然语言处理、模型调优、大模型基础、Git版本控制；岗位、企业和薪资均为演示数据。,2026-08-08,2026-10-07,模拟岗位/演示数据，不代表真实招聘机会,1.2.0,synthetic,true,SRC-ONET|SRC-ESCO|SRC-SYNTH,2026-09-13T00:00:00+08:00,0.88,synthetic,not_applicable,,cc_by_4_0_attribution,false,dev
JOB-AI-ALG-0027,ROLE-AI-ALG,AI算法工程师（实习/校招）,模拟企业-010,零售科技,深圳,onsite,campus,0,bachelor_or_equivalent,full_time,12000,16000,true,参与AI算法工程师相关项目，重点使用深度学习、自然语言处理、模型调优、大模型基础、Git版本控制、Docker容器；岗位、企业和薪资均为演示数据。,2026-08-07,2026-10-06,模拟岗位/演示数据，不代表真实招聘机会,1.2.0,synthetic,true,SRC-ONET|SRC-ESCO|SRC-SYNTH,2026-09-13T00:00:00+08:00,0.88,synthetic,not_applicable,,cc_by_4_0_attribution,false,dev
JOB-AI-ALG-0028,ROLE-AI-ALG,AI算法工程师（实习/校招）,模拟企业-017,金融科技,南京,hybrid,campus,0,bachelor_or_equivalent,internship,10500,14500,true,参与AI算法工程师相关项目，重点使用自然语言处理、模型调优、大模型基础、Git版本控制、Docker容器、书面沟通；岗位、企业和薪资均为演示数据。,2026-08-06,2026-10-05,模拟岗位/演示数据，不代表真实招聘机会,1.2.0,synthetic,true,SRC-ONET|SRC-ESCO|SRC-SYNTH,2026-09-13T00:00:00+08:00,0.88,synthetic,not_applicable,,cc_by_4_0_attribution,false,dev
JOB-AI-ALG-0029,ROLE-AI-ALG,AI算法工程师（实习/校招）,模拟企业-024,医疗信息化,成都,remote,campus,0,bachelor_or_equivalent,full_time,9500,13500,true,参与AI算法工程师相关项目，重点使用模型调优、大模型基础、Git版本控制、Docker容器、书面沟通、项目交付；岗位、企业和薪资均为演示数据。,2026-08-05,2026-10-04,模拟岗位/演示数据，不代表真实招聘机会,1.2.0,synthetic,true,SRC-ONET|SRC-ESCO|SRC-SYNTH,2026-09-13T00:00:00+08:00,0.88,synthetic,not_applicable,,cc_by_4_0_attribution,false,dev
JOB-AI-ALG-0030,ROLE-AI-ALG,AI算法工程师（实习/校招）,模拟企业-031,物流科技,武汉,onsite,campus,0,bachelor_or_equivalent,internship,9500,13500,true,参与AI算法工程师相关项目，重点使用大模型基础、Git版本控制、Docker容器、书面沟通、项目交付、职业伦理与隐私；岗位、企业和薪资均为演示数据。,2026-08-04,2026-10-03,模拟岗位/演示数据，不代表真实招聘机会,1.2.0,synthetic,true,SRC-ONET|SRC-ESCO|SRC-SYNTH,2026-09-13T00:00:00+08:00,0.88,synthetic,not_applicable,,cc_by_4_0_attribution,false,dev
JOB-AI-ALG-0031,ROLE-AI-ALG,AI算法工程师（实习/校招）,模拟企业-038,内容平台,西安,hybrid,campus,0,bachelor_or_equivalent,full_time,9000,13000,true,参与AI算法工程师相关项目，重点使用Git版本控制、Docker容器、书面沟通、项目交付、职业伦理与隐私、Python编程；岗位、企业和薪资均为演示数据。,2026-08-03,2026-10-02,模拟岗位/演示数据，不代表真实招聘机会,1.2.0,synthetic,true,SRC-ONET|SRC-ESCO|SRC-SYNTH,2026-09-13T00:00:00+08:00,0.88,synthetic,not_applicable,,cc_by_4_0_attribution,false,dev
JOB-AI-ALG-0032,ROLE-AI-ALG,AI算法工程师（实习/校招）,模拟企业-045,企业服务,杭州,remote,campus,0,bachelor_or_equivalent,internship,11500,15500,true,参与AI算法工程师相关项目，重点使用Docker容器、书面沟通、项目交付、职业伦理与隐私、Python编程、数据结构与算法；岗位、企业和薪资均为演示数据。,2026-08-02,2026-10-01,模拟岗位/演示数据，不代表真实招聘机会,1.2.0,synthetic,true,SRC-ONET|SRC-ESCO|SRC-SYNTH,2026-09-13T00:00:00+08:00,0.88,synthetic,not_applicable,,cc_by_4_0_attribution,false,dev
JOB-AI-ALG-0033,ROLE-AI-ALG,AI算法工程师（实习/校招）,模拟企业-052,智能制造,上海,onsite,campus,0,bachelor_or_equivalent,full_time,12000,16000,true,参与AI算法工程师相关项目，重点使用书面沟通、项目交付、职业伦理与隐私、Python编程、数据结构与算法、数据清洗；岗位、企业和薪资均为演示数据。,2026-08-01,2026-09-30,模拟岗位/演示数据，不代表真实招聘机会,1.2.0,synthetic,true,SRC-ONET|SRC-ESCO|SRC-SYNTH,2026-09-13T00:00:00+08:00,0.88,synthetic,not_applicable,,cc_by_4_0_attribution,false,dev
JOB-AI-ALG-0034,ROLE-AI-ALG,AI算法工程师（实习/校招）,模拟企业-059,教育科技,北京,hybrid,campus,0,bachelor_or_equivalent,internship,12000,16000,true,参与AI算法工程师相关项目，重点使用项目交付、职业伦理与隐私、Python编程、数据结构与算法、数据清洗、统计学基础；岗位、企业和薪资均为演示数据。,2026-07-31,2026-09-29,模拟岗位/演示数据，不代表真实招聘机会,1.2.0,synthetic,true,SRC-ONET|SRC-ESCO|SRC-SYNTH,2026-09-13T00:00:00+08:00,0.88,synthetic,not_applicable,,cc_by_4_0_attribution,false,dev
JOB-AI-ALG-0035,ROLE-AI-ALG,AI算法工程师（实习/校招）,模拟企业-066,零售科技,深圳,remote,campus,0,bachelor_or_equivalent,full_time,12000,16000,true,参与AI算法工程师相关项目，重点使用职业伦理与隐私、Python编程、数据结构与算法、数据清洗、统计学基础、线性代数；岗位、企业和薪资均为演示数据。,2026-07-30,2026-09-28,模拟岗位/演示数据，不代表真实招聘机会,1.2.0,synthetic,true,SRC-ONET|SRC-ESCO|SRC-SYNTH,2026-09-13T00:00:00+08:00,0.88,synthetic,not_applicable,,cc_by_4_0_attribution,false,dev
JOB-AI-ALG-0036,ROLE-AI-ALG,AI算法工程师（实习/校招）,模拟企业-073,金融科技,南京,onsite,campus,0,bachelor_or_equivalent,internship,10500,14500,true,参与AI算法工程师相关项目，重点使用Python编程、数据结构与算法、数据清洗、统计学基础、线性代数、微积分与优化；岗位、企业和薪资均为演示数据。,2026-07-29,2026-09-27,模拟岗位/演示数据，不代表真实招聘机会,1.2.0,synthetic,true,SRC-ONET|SRC-ESCO|SRC-SYNTH,2026-09-13T00:00:00+08:00,0.88,synthetic,not_applicable,,cc_by_4_0_attribution,false,dev
JOB-AI-ALG-0037,ROLE-AI-ALG,AI算法工程师（实习/校招）,模拟企业-080,医疗信息化,成都,hybrid,campus,0,bachelor_or_equivalent,full_time,9500,13500,true,参与AI算法工程师相关项目，重点使用数据结构与算法、数据清洗、统计学基础、线性代数、微积分与优化、机器学习；岗位、企业和薪资均为演示数据。,2026-07-28,2026-09-26,模拟岗位/演示数据，不代表真实招聘机会,1.2.0,synthetic,true,SRC-ONET|SRC-ESCO|SRC-SYNTH,2026-09-13T00:00:00+08:00,0.88,synthetic,not_applicable,,cc_by_4_0_attribution,false,dev
JOB-AI-ALG-0038,ROLE-AI-ALG,AI算法工程师（实习/校招）,模拟企业-087,物流科技,武汉,remote,campus,0,bachelor_or_equivalent,internship,9500,13500,true,参与AI算法工程师相关项目，重点使用数据清洗、统计学基础、线性代数、微积分与优化、机器学习、特征工程；岗位、企业和薪资均为演示数据。,2026-07-27,2026-09-25,模拟岗位/演示数据，不代表真实招聘机会,1.2.0,synthetic,true,SRC-ONET|SRC-ESCO|SRC-SYNTH,2026-09-13T00:00:00+08:00,0.88,synthetic,not_applicable,,cc_by_4_0_attribution,false,dev
JOB-AI-ALG-0039,ROLE-AI-ALG,AI算法工程师（实习/校招）,模拟企业-094,内容平台,西安,onsite,campus,0,bachelor_or_equivalent,full_time,9000,13000,true,参与AI算法工程师相关项目，重点使用统计学基础、线性代数、微积分与优化、机器学习、特征工程、模型评估；岗位、企业和薪资均为演示数据。,2026-07-26,2026-09-24,模拟岗位/演示数据，不代表真实招聘机会,1.2.0,synthetic,true,SRC-ONET|SRC-ESCO|SRC-SYNTH,2026-09-13T00:00:00+08:00,0.88,synthetic,not_applicable,,cc_by_4_0_attribution,false,dev
JOB-AI-ALG-0040,ROLE-AI-ALG,AI算法工程师（实习/校招）,模拟企业-101,企业服务,杭州,hybrid,campus,0,bachelor_or_equivalent,internship,11500,15500,true,参与AI算法工程师相关项目，重点使用线性代数、微积分与优化、机器学习、特征工程、模型评估、深度学习；岗位、企业和薪资均为演示数据。,2026-07-25,2026-09-23,模拟岗位/演示数据，不代表真实招聘机会,1.2.0,synthetic,true,SRC-ONET|SRC-ESCO|SRC-SYNTH,2026-09-13T00:00:00+08:00,0.88,synthetic,not_applicable,,cc_by_4_0_attribution,false,dev
JOB-AI-ALG-0041,ROLE-AI-ALG,AI算法工程师（实习/校招）,模拟企业-108,智能制造,上海,remote,campus,0,bachelor_or_equivalent,full_time,12000,16000,true,参与AI算法工程师相关项目，重点使用微积分与优化、机器学习、特征工程、模型评估、深度学习、自然语言处理；岗位、企业和薪资均为演示数据。,2026-07-24,2026-09-22,模拟岗位/演示数据，不代表真实招聘机会,1.2.0,synthetic,true,SRC-ONET|SRC-ESCO|SRC-SYNTH,2026-09-13T00:00:00+08:00,0.88,synthetic,not_applicable,,cc_by_4_0_attribution,false,dev
JOB-AI-ALG-0042,ROLE-AI-ALG,AI算法工程师（实习/校招）,模拟企业-115,教育科技,北京,onsite,campus,0,bachelor_or_equivalent,internship,12000,16000,true,参与AI算法工程师相关项目，重点使用机器学习、特征工程、模型评估、深度学习、自然语言处理、模型调优；岗位、企业和薪资均为演示数据。,2026-07-23,2026-09-21,模拟岗位/演示数据，不代表真实招聘机会,1.2.0,synthetic,true,SRC-ONET|SRC-ESCO|SRC-SYNTH,2026-09-13T00:00:00+08:00,0.88,synthetic,not_applicable,,cc_by_4_0_attribution,false,dev
JOB-AI-ALG-0043,ROLE-AI-ALG,AI算法工程师（实习/校招）,模拟企业-122,零售科技,深圳,hybrid,campus,0,bachelor_or_equivalent,full_time,12000,16000,true,参与AI算法工程师相关项目，重点使用特征工程、模型评估、深度学习、自然语言处理、模型调优、大模型基础；岗位、企业和薪资均为演示数据。,2026-07-22,2026-09-20,模拟岗位/演示数据，不代表真实招聘机会,1.2.0,synthetic,true,SRC-ONET|SRC-ESCO|SRC-SYNTH,2026-09-13T00:00:00+08:00,0.88,synthetic,not_applicable,,cc_by_4_0_attribution,false,dev
JOB-AI-ALG-0044,ROLE-AI-ALG,AI算法工程师（实习/校招）,模拟企业-129,金融科技,南京,remote,campus,0,bachelor_or_equivalent,internship,10500,14500,true,参与AI算法工程师相关项目，重点使用模型评估、深度学习、自然语言处理、模型调优、大模型基础、Git版本控制；岗位、企业和薪资均为演示数据。,2026-07-21,2026-09-19,模拟岗位/演示数据，不代表真实招聘机会,1.2.0,synthetic,true,SRC-ONET|SRC-ESCO|SRC-SYNTH,2026-09-13T00:00:00+08:00,0.88,synthetic,not_applicable,,cc_by_4_0_attribution,false,dev
JOB-AI-ALG-0045,ROLE-AI-ALG,AI算法工程师（实习/校招）,模拟企业-136,医疗信息化,成都,onsite,campus,0,bachelor_or_equivalent,full_time,9500,13500,true,参与AI算法工程师相关项目，重点使用深度学习、自然语言处理、模型调优、大模型基础、Git版本控制、Docker容器；岗位、企业和薪资均为演示数据。,2026-09-03,2026-11-02,模拟岗位/演示数据，不代表真实招聘机会,1.2.0,synthetic,true,SRC-ONET|SRC-ESCO|SRC-SYNTH,2026-09-13T00:00:00+08:00,0.88,synthetic,not_applicable,,cc_by_4_0_attribution,false,dev
JOB-AI-ALG-0046,ROLE-AI-ALG,AI算法工程师（实习/校招）,模拟企业-143,物流科技,武汉,hybrid,campus,0,bachelor_or_equivalent,internship,9500,13500,true,参与AI算法工程师相关项目，重点使用自然语言处理、模型调优、大模型基础、Git版本控制、Docker容器、书面沟通；岗位、企业和薪资均为演示数据。,2026-09-02,2026-11-01,模拟岗位/演示数据，不代表真实招聘机会,1.2.0,synthetic,true,SRC-ONET|SRC-ESCO|SRC-SYNTH,2026-09-13T00:00:00+08:00,0.88,synthetic,not_applicable,,cc_by_4_0_attribution,false,dev
JOB-AI-ALG-0047,ROLE-AI-ALG,AI算法工程师（实习/校招）,模拟企业-150,内容平台,西安,remote,campus,0,bachelor_or_equivalent,full_time,9000,13000,true,参与AI算法工程师相关项目，重点使用模型调优、大模型基础、Git版本控制、Docker容器、书面沟通、项目交付；岗位、企业和薪资均为演示数据。,2026-09-01,2026-10-31,模拟岗位/演示数据，不代表真实招聘机会,1.2.0,synthetic,true,SRC-ONET|SRC-ESCO|SRC-SYNTH,2026-09-13T00:00:00+08:00,0.88,synthetic,not_applicable,,cc_by_4_0_attribution,false,dev
JOB-AI-ALG-0048,ROLE-AI-ALG,AI算法工程师（实习/校招）,模拟企业-157,企业服务,杭州,onsite,campus,0,bachelor_or_equivalent,internship,11500,15500,true,参与AI算法工程师相关项目，重点使用大模型基础、Git版本控制、Docker容器、书面沟通、项目交付、职业伦理与隐私；岗位、企业和薪资均为演示数据。,2026-08-31,2026-10-30,模拟岗位/演示数据，不代表真实招聘机会,1.2.0,synthetic,true,SRC-ONET|SRC-ESCO|SRC-SYNTH,2026-09-13T00:00:00+08:00,0.88,synthetic,not_applicable,,cc_by_4_0_attribution,false,dev
JOB-AI-ALG-0049,ROLE-AI-ALG,AI算法工程师（实习/校招）,模拟企业-164,智能制造,上海,hybrid,campus,0,bachelor_or_equivalent,full_time,12000,16000,true,参与AI算法工程师相关项目，重点使用Git版本控制、Docker容器、书面沟通、项目交付、职业伦理与隐私、Python编程；岗位、企业和薪资均为演示数据。,2026-08-30,2026-10-29,模拟岗位/演示数据，不代表真实招聘机会,1.2.0,synthetic,true,SRC-ONET|SRC-ESCO|SRC-SYNTH,2026-09-13T00:00:00+08:00,0.88,synthetic,not_applicable,,cc_by_4_0_attribution,false,dev
JOB-AI-ALG-0050,ROLE-AI-ALG,AI算法工程师（实习/校招）,模拟企业-171,教育科技,北京,remote,campus,0,bachelor_or_equivalent,internship,12000,16000,true,参与AI算法工程师相关项目，重点使用Docker容器、书面沟通、项目交付、职业伦理与隐私、Python编程、数据结构与算法；岗位、企业和薪资均为演示数据。,2026-08-29,2026-10-28,模拟岗位/演示数据，不代表真实招聘机会,1.2.0,synthetic,true,SRC-ONET|SRC-ESCO|SRC-SYNTH,2026-09-13T00:00:00+08:00,0.88,synthetic,not_applicable,,cc_by_4_0_attribution,false,dev
JOB-AI-ALG-0051,ROLE-AI-ALG,AI算法工程师（实习/校招）,模拟企业-178,零售科技,深圳,onsite,campus,0,bachelor_or_equivalent,full_time,12000,16000,true,参与AI算法工程师相关项目，重点使用书面沟通、项目交付、职业伦理与隐私、Python编程、数据结构与算法、数据清洗；岗位、企业和薪资均为演示数据。,2026-08-28,2026-10-27,模拟岗位/演示数据，不代表真实招聘机会,1.2.0,synthetic,true,SRC-ONET|SRC-ESCO|SRC-SYNTH,2026-09-13T00:00:00+08:00,0.88,synthetic,not_applicable,,cc_by_4_0_attribution,false,dev
JOB-AI-ALG-0052,ROLE-AI-ALG,AI算法工程师（实习/校招）,模拟企业-005,金融科技,南京,hybrid,campus,0,bachelor_or_equivalent,internship,10500,14500,true,参与AI算法工程师相关项目，重点使用项目交付、职业伦理与隐私、Python编程、数据结构与算法、数据清洗、统计学基础；岗位、企业和薪资均为演示数据。,2026-08-27,2026-10-26,模拟岗位/演示数据，不代表真实招聘机会,1.2.0,synthetic,true,SRC-ONET|SRC-ESCO|SRC-SYNTH,2026-09-13T00:00:00+08:00,0.88,synthetic,not_applicable,,cc_by_4_0_attribution,false,dev
JOB-AI-ALG-0053,ROLE-AI-ALG,AI算法工程师（实习/校招）,模拟企业-012,医疗信息化,成都,remote,campus,0,bachelor_or_equivalent,full_time,9500,13500,true,参与AI算法工程师相关项目，重点使用职业伦理与隐私、Python编程、数据结构与算法、数据清洗、统计学基础、线性代数；岗位、企业和薪资均为演示数据。,2026-08-26,2026-10-25,模拟岗位/演示数据，不代表真实招聘机会,1.2.0,synthetic,true,SRC-ONET|SRC-ESCO|SRC-SYNTH,2026-09-13T00:00:00+08:00,0.88,synthetic,not_applicable,,cc_by_4_0_attribution,false,dev
JOB-AI-ALG-0054,ROLE-AI-ALG,AI算法工程师（实习/校招）,模拟企业-019,物流科技,武汉,onsite,campus,0,bachelor_or_equivalent,internship,9500,13500,true,参与AI算法工程师相关项目，重点使用Python编程、数据结构与算法、数据清洗、统计学基础、线性代数、微积分与优化；岗位、企业和薪资均为演示数据。,2026-08-25,2026-10-24,模拟岗位/演示数据，不代表真实招聘机会,1.2.0,synthetic,true,SRC-ONET|SRC-ESCO|SRC-SYNTH,2026-09-13T00:00:00+08:00,0.88,synthetic,not_applicable,,cc_by_4_0_attribution,false,dev
JOB-AI-ALG-0055,ROLE-AI-ALG,AI算法工程师（实习/校招）,模拟企业-026,内容平台,西安,hybrid,campus,0,bachelor_or_equivalent,full_time,9000,13000,true,参与AI算法工程师相关项目，重点使用数据结构与算法、数据清洗、统计学基础、线性代数、微积分与优化、机器学习；岗位、企业和薪资均为演示数据。,2026-08-24,2026-10-23,模拟岗位/演示数据，不代表真实招聘机会,1.2.0,synthetic,true,SRC-ONET|SRC-ESCO|SRC-SYNTH,2026-09-13T00:00:00+08:00,0.88,synthetic,not_applicable,,cc_by_4_0_attribution,false,dev
JOB-AI-ALG-0056,ROLE-AI-ALG,AI算法工程师（实习/校招）,模拟企业-033,企业服务,杭州,remote,campus,0,bachelor_or_equivalent,internship,11500,15500,true,参与AI算法工程师相关项目，重点使用数据清洗、统计学基础、线性代数、微积分与优化、机器学习、特征工程；岗位、企业和薪资均为演示数据。,2026-08-23,2026-10-22,模拟岗位/演示数据，不代表真实招聘机会,1.2.0,synthetic,true,SRC-ONET|SRC-ESCO|SRC-SYNTH,2026-09-13T00:00:00+08:00,0.88,synthetic,not_applicable,,cc_by_4_0_attribution,false,dev
JOB-AI-ALG-0057,ROLE-AI-ALG,AI算法工程师（实习/校招）,模拟企业-040,智能制造,上海,onsite,campus,0,bachelor_or_equivalent,full_time,12000,16000,true,参与AI算法工程师相关项目，重点使用统计学基础、线性代数、微积分与优化、机器学习、特征工程、模型评估；岗位、企业和薪资均为演示数据。,2026-08-22,2026-10-21,模拟岗位/演示数据，不代表真实招聘机会,1.2.0,synthetic,true,SRC-ONET|SRC-ESCO|SRC-SYNTH,2026-09-13T00:00:00+08:00,0.88,synthetic,not_applicable,,cc_by_4_0_attribution,false,dev
JOB-AI-ALG-0058,ROLE-AI-ALG,AI算法工程师（实习/校招）,模拟企业-047,教育科技,北京,hybrid,campus,0,bachelor_or_equivalent,internship,12000,16000,true,参与AI算法工程师相关项目，重点使用线性代数、微积分与优化、机器学习、特征工程、模型评估、深度学习；岗位、企业和薪资均为演示数据。,2026-08-21,2026-10-20,模拟岗位/演示数据，不代表真实招聘机会,1.2.0,synthetic,true,SRC-ONET|SRC-ESCO|SRC-SYNTH,2026-09-13T00:00:00+08:00,0.88,synthetic,not_applicable,,cc_by_4_0_attribution,false,dev
JOB-AI-ALG-0059,ROLE-AI-ALG,AI算法工程师（实习/校招）,模拟企业-054,零售科技,深圳,remote,campus,0,bachelor_or_equivalent,full_time,12000,16000,true,参与AI算法工程师相关项目，重点使用微积分与优化、机器学习、特征工程、模型评估、深度学习、自然语言处理；岗位、企业和薪资均为演示数据。,2026-08-20,2026-10-19,模拟岗位/演示数据，不代表真实招聘机会,1.2.0,synthetic,true,SRC-ONET|SRC-ESCO|SRC-SYNTH,2026-09-13T00:00:00+08:00,0.88,synthetic,not_applicable,,cc_by_4_0_attribution,false,dev
JOB-AI-ALG-0060,ROLE-AI-ALG,AI算法工程师（实习/校招）,模拟企业-061,金融科技,南京,onsite,campus,0,bachelor_or_equivalent,internship,10500,14500,true,参与AI算法工程师相关项目，重点使用机器学习、特征工程、模型评估、深度学习、自然语言处理、模型调优；岗位、企业和薪资均为演示数据。,2026-08-19,2026-10-18,模拟岗位/演示数据，不代表真实招聘机会,1.2.0,synthetic,true,SRC-ONET|SRC-ESCO|SRC-SYNTH,2026-09-13T00:00:00+08:00,0.88,synthetic,not_applicable,,cc_by_4_0_attribution,false,dev
JOB-AI-ALG-0061,ROLE-AI-ALG,AI算法工程师（实习/校招）,模拟企业-068,医疗信息化,成都,hybrid,campus,0,bachelor_or_equivalent,full_time,9500,13500,true,参与AI算法工程师相关项目，重点使用特征工程、模型评估、深度学习、自然语言处理、模型调优、大模型基础；岗位、企业和薪资均为演示数据。,2026-08-18,2026-10-17,模拟岗位/演示数据，不代表真实招聘机会,1.2.0,synthetic,true,SRC-ONET|SRC-ESCO|SRC-SYNTH,2026-09-13T00:00:00+08:00,0.88,synthetic,not_applicable,,cc_by_4_0_attribution,false,dev
JOB-AI-ALG-0062,ROLE-AI-ALG,AI算法工程师（实习/校招）,模拟企业-075,物流科技,武汉,remote,campus,0,bachelor_or_equivalent,internship,9500,13500,true,参与AI算法工程师相关项目，重点使用模型评估、深度学习、自然语言处理、模型调优、大模型基础、Git版本控制；岗位、企业和薪资均为演示数据。,2026-08-17,2026-10-16,模拟岗位/演示数据，不代表真实招聘机会,1.2.0,synthetic,true,SRC-ONET|SRC-ESCO|SRC-SYNTH,2026-09-13T00:00:00+08:00,0.88,synthetic,not_applicable,,cc_by_4_0_attribution,false,dev
JOB-AI-ALG-0063,ROLE-AI-ALG,AI算法工程师（实习/校招）,模拟企业-082,内容平台,西安,onsite,campus,0,bachelor_or_equivalent,full_time,9000,13000,true,参与AI算法工程师相关项目，重点使用深度学习、自然语言处理、模型调优、大模型基础、Git版本控制、Docker容器；岗位、企业和薪资均为演示数据。,2026-08-16,2026-10-15,模拟岗位/演示数据，不代表真实招聘机会,1.2.0,synthetic,true,SRC-ONET|SRC-ESCO|SRC-SYNTH,2026-09-13T00:00:00+08:00,0.88,synthetic,not_applicable,,cc_by_4_0_attribution,false,dev
JOB-AI-ALG-0064,ROLE-AI-ALG,AI算法工程师（实习/校招）,模拟企业-089,企业服务,杭州,hybrid,campus,0,bachelor_or_equivalent,internship,11500,15500,true,参与AI算法工程师相关项目，重点使用自然语言处理、模型调优、大模型基础、Git版本控制、Docker容器、书面沟通；岗位、企业和薪资均为演示数据。,2026-08-15,2026-10-14,模拟岗位/演示数据，不代表真实招聘机会,1.2.0,synthetic,true,SRC-ONET|SRC-ESCO|SRC-SYNTH,2026-09-13T00:00:00+08:00,0.88,synthetic,not_applicable,,cc_by_4_0_attribution,false,dev
JOB-AI-ALG-0065,ROLE-AI-ALG,AI算法工程师（实习/校招）,模拟企业-096,智能制造,上海,remote,campus,0,bachelor_or_equivalent,full_time,12000,16000,true,参与AI算法工程师相关项目，重点使用模型调优、大模型基础、Git版本控制、Docker容器、书面沟通、项目交付；岗位、企业和薪资均为演示数据。,2026-08-14,2026-10-13,模拟岗位/演示数据，不代表真实招聘机会,1.2.0,synthetic,true,SRC-ONET|SRC-ESCO|SRC-SYNTH,2026-09-13T00:00:00+08:00,0.88,synthetic,not_applicable,,cc_by_4_0_attribution,false,dev
JOB-AI-ALG-0066,ROLE-AI-ALG,AI算法工程师（实习/校招）,模拟企业-103,教育科技,北京,onsite,campus,0,bachelor_or_equivalent,internship,12000,16000,true,参与AI算法工程师相关项目，重点使用大模型基础、Git版本控制、Docker容器、书面沟通、项目交付、职业伦理与隐私；岗位、企业和薪资均为演示数据。,2026-08-13,2026-10-12,模拟岗位/演示数据，不代表真实招聘机会,1.2.0,synthetic,true,SRC-ONET|SRC-ESCO|SRC-SYNTH,2026-09-13T00:00:00+08:00,0.88,synthetic,not_applicable,,cc_by_4_0_attribution,false,dev
JOB-AI-ALG-0067,ROLE-AI-ALG,AI算法工程师（实习/校招）,模拟企业-110,零售科技,深圳,hybrid,campus,0,bachelor_or_equivalent,full_time,12000,16000,true,参与AI算法工程师相关项目，重点使用Git版本控制、Docker容器、书面沟通、项目交付、职业伦理与隐私、Python编程；岗位、企业和薪资均为演示数据。,2026-08-12,2026-10-11,模拟岗位/演示数据，不代表真实招聘机会,1.2.0,synthetic,true,SRC-ONET|SRC-ESCO|SRC-SYNTH,2026-09-13T00:00:00+08:00,0.88,synthetic,not_applicable,,cc_by_4_0_attribution,false,dev
JOB-AI-ALG-0068,ROLE-AI-ALG,AI算法工程师（实习/校招）,模拟企业-117,金融科技,南京,remote,campus,0,bachelor_or_equivalent,internship,10500,14500,true,参与AI算法工程师相关项目，重点使用Docker容器、书面沟通、项目交付、职业伦理与隐私、Python编程、数据结构与算法；岗位、企业和薪资均为演示数据。,2026-08-11,2026-10-10,模拟岗位/演示数据，不代表真实招聘机会,1.2.0,synthetic,true,SRC-ONET|SRC-ESCO|SRC-SYNTH,2026-09-13T00:00:00+08:00,0.88,synthetic,not_applicable,,cc_by_4_0_attribution,false,dev
JOB-AI-ALG-0069,ROLE-AI-ALG,AI算法工程师（实习/校招）,模拟企业-124,医疗信息化,成都,onsite,campus,0,bachelor_or_equivalent,full_time,9500,13500,true,参与AI算法工程师相关项目，重点使用书面沟通、项目交付、职业伦理与隐私、Python编程、数据结构与算法、数据清洗；岗位、企业和薪资均为演示数据。,2026-08-10,2026-10-09,模拟岗位/演示数据，不代表真实招聘机会,1.2.0,synthetic,true,SRC-ONET|SRC-ESCO|SRC-SYNTH,2026-09-13T00:00:00+08:00,0.88,synthetic,not_applicable,,cc_by_4_0_attribution,false,dev
JOB-AI-ALG-0070,ROLE-AI-ALG,AI算法工程师（实习/校招）,模拟企业-131,物流科技,武汉,hybrid,campus,0,bachelor_or_equivalent,internship,9500,13500,true,参与AI算法工程师相关项目，重点使用项目交付、职业伦理与隐私、Python编程、数据结构与算法、数据清洗、统计学基础；岗位、企业和薪资均为演示数据。,2026-08-09,2026-10-08,模拟岗位/演示数据，不代表真实招聘机会,1.2.0,synthetic,true,SRC-ONET|SRC-ESCO|SRC-SYNTH,2026-09-13T00:00:00+08:00,0.88,synthetic,not_applicable,,cc_by_4_0_attribution,false,dev
JOB-AI-ALG-0071,ROLE-AI-ALG,AI算法工程师（实习/校招）,模拟企业-138,内容平台,西安,remote,campus,0,bachelor_or_equivalent,full_time,9000,13000,true,参与AI算法工程师相关项目，重点使用职业伦理与隐私、Python编程、数据结构与算法、数据清洗、统计学基础、线性代数；岗位、企业和薪资均为演示数据。,2026-08-08,2026-10-07,模拟岗位/演示数据，不代表真实招聘机会,1.2.0,synthetic,true,SRC-ONET|SRC-ESCO|SRC-SYNTH,2026-09-13T00:00:00+08:00,0.88,synthetic,not_applicable,,cc_by_4_0_attribution,false,dev
JOB-AI-ALG-0072,ROLE-AI-ALG,AI算法工程师（实习/校招）,模拟企业-145,企业服务,杭州,onsite,campus,0,bachelor_or_equivalent,internship,11500,15500,true,参与AI算法工程师相关项目，重点使用Python编程、数据结构与算法、数据清洗、统计学基础、线性代数、微积分与优化；岗位、企业和薪资均为演示数据。,2026-08-07,2026-10-06,模拟岗位/演示数据，不代表真实招聘机会,1.2.0,synthetic,true,SRC-ONET|SRC-ESCO|SRC-SYNTH,2026-09-13T00:00:00+08:00,0.88,synthetic,not_applicable,,cc_by_4_0_attribution,false,dev
JOB-AI-ALG-0073,ROLE-AI-ALG,AI算法工程师（实习/校招）,模拟企业-152,智能制造,上海,hybrid,campus,0,bachelor_or_equivalent,full_time,12000,16000,true,参与AI算法工程师相关项目，重点使用数据结构与算法、数据清洗、统计学基础、线性代数、微积分与优化、机器学习；岗位、企业和薪资均为演示数据。,2026-08-06,2026-10-05,模拟岗位/演示数据，不代表真实招聘机会,1.2.0,synthetic,true,SRC-ONET|SRC-ESCO|SRC-SYNTH,2026-09-13T00:00:00+08:00,0.88,synthetic,not_applicable,,cc_by_4_0_attribution,false,dev
JOB-AI-ALG-0074,ROLE-AI-ALG,AI算法工程师（实习/校招）,模拟企业-159,教育科技,北京,remote,campus,0,bachelor_or_equivalent,internship,12000,16000,true,参与AI算法工程师相关项目，重点使用数据清洗、统计学基础、线性代数、微积分与优化、机器学习、特征工程；岗位、企业和薪资均为演示数据。,2026-08-05,2026-10-04,模拟岗位/演示数据，不代表真实招聘机会,1.2.0,synthetic,true,SRC-ONET|SRC-ESCO|SRC-SYNTH,2026-09-13T00:00:00+08:00,0.88,synthetic,not_applicable,,cc_by_4_0_attribution,false,dev
JOB-AI-ALG-0075,ROLE-AI-ALG,AI算法工程师（实习/校招）,模拟企业-166,零售科技,深圳,onsite,campus,0,bachelor_or_equivalent,full_time,12000,16000,true,参与AI算法工程师相关项目，重点使用统计学基础、线性代数、微积分与优化、机器学习、特征工程、模型评估；岗位、企业和薪资均为演示数据。,2026-08-04,2026-10-03,模拟岗位/演示数据，不代表真实招聘机会,1.2.0,synthetic,true,SRC-ONET|SRC-ESCO|SRC-SYNTH,2026-09-13T00:00:00+08:00,0.88,synthetic,not_applicable,,cc_by_4_0_attribution,false,dev
JOB-AI-ALG-0076,ROLE-AI-ALG,AI算法工程师（实习/校招）,模拟企业-173,金融科技,南京,hybrid,campus,0,bachelor_or_equivalent,internship,10500,14500,true,参与AI算法工程师相关项目，重点使用线性代数、微积分与优化、机器学习、特征工程、模型评估、深度学习；岗位、企业和薪资均为演示数据。,2026-08-03,2026-10-02,模拟岗位/演示数据，不代表真实招聘机会,1.2.0,synthetic,true,SRC-ONET|SRC-ESCO|SRC-SYNTH,2026-09-13T00:00:00+08:00,0.88,synthetic,not_applicable,,cc_by_4_0_attribution,false,dev
JOB-AI-ALG-0077,ROLE-AI-ALG,AI算法工程师（实习/校招）,模拟企业-180,医疗信息化,成都,remote,campus,0,bachelor_or_equivalent,full_time,9500,13500,true,参与AI算法工程师相关项目，重点使用微积分与优化、机器学习、特征工程、模型评估、深度学习、自然语言处理；岗位、企业和薪资均为演示数据。,2026-08-02,2026-10-01,模拟岗位/演示数据，不代表真实招聘机会,1.2.0,synthetic,true,SRC-ONET|SRC-ESCO|SRC-SYNTH,2026-09-13T00:00:00+08:00,0.88,synthetic,not_applicable,,cc_by_4_0_attribution,false,dev
JOB-AI-ALG-0078,ROLE-AI-ALG,AI算法工程师（实习/校招）,模拟企业-007,物流科技,武汉,onsite,campus,0,bachelor_or_equivalent,internship,9500,13500,true,参与AI算法工程师相关项目，重点使用机器学习、特征工程、模型评估、深度学习、自然语言处理、模型调优；岗位、企业和薪资均为演示数据。,2026-08-01,2026-09-30,模拟岗位/演示数据，不代表真实招聘机会,1.2.0,synthetic,true,SRC-ONET|SRC-ESCO|SRC-SYNTH,2026-09-13T00:00:00+08:00,0.88,synthetic,not_applicable,,cc_by_4_0_attribution,false,dev
JOB-AI-ALG-0079,ROLE-AI-ALG,AI算法工程师（实习/校招）,模拟企业-014,内容平台,西安,hybrid,campus,0,bachelor_or_equivalent,full_time,9000,13000,true,参与AI算法工程师相关项目，重点使用特征工程、模型评估、深度学习、自然语言处理、模型调优、大模型基础；岗位、企业和薪资均为演示数据。,2026-07-31,2026-09-29,模拟岗位/演示数据，不代表真实招聘机会,1.2.0,synthetic,true,SRC-ONET|SRC-ESCO|SRC-SYNTH,2026-09-13T00:00:00+08:00,0.88,synthetic,not_applicable,,cc_by_4_0_attribution,false,dev
JOB-AI-ALG-0080,ROLE-AI-ALG,AI算法工程师（实习/校招）,模拟企业-021,企业服务,杭州,remote,campus,0,bachelor_or_equivalent,internship,11500,15500,true,参与AI算法工程师相关项目，重点使用模型评估、深度学习、自然语言处理、模型调优、大模型基础、Git版本控制；岗位、企业和薪资均为演示数据。,2026-07-30,2026-09-28,模拟岗位/演示数据，不代表真实招聘机会,1.2.0,synthetic,true,SRC-ONET|SRC-ESCO|SRC-SYNTH,2026-09-13T00:00:00+08:00,0.88,synthetic,not_applicable,,cc_by_4_0_attribution,false,dev
JOB-AI-ALG-0081,ROLE-AI-ALG,AI算法工程师（实习/校招）,模拟企业-028,智能制造,上海,onsite,campus,0,bachelor_or_equivalent,full_time,12000,16000,true,参与AI算法工程师相关项目，重点使用深度学习、自然语言处理、模型调优、大模型基础、Git版本控制、Docker容器；岗位、企业和薪资均为演示数据。,2026-07-29,2026-09-27,模拟岗位/演示数据，不代表真实招聘机会,1.2.0,synthetic,true,SRC-ONET|SRC-ESCO|SRC-SYNTH,2026-09-13T00:00:00+08:00,0.88,synthetic,not_applicable,,cc_by_4_0_attribution,false,dev
JOB-AI-ALG-0082,ROLE-AI-ALG,AI算法工程师（实习/校招）,模拟企业-035,教育科技,北京,hybrid,campus,0,bachelor_or_equivalent,internship,12000,16000,true,参与AI算法工程师相关项目，重点使用自然语言处理、模型调优、大模型基础、Git版本控制、Docker容器、书面沟通；岗位、企业和薪资均为演示数据。,2026-07-28,2026-09-26,模拟岗位/演示数据，不代表真实招聘机会,1.2.0,synthetic,true,SRC-ONET|SRC-ESCO|SRC-SYNTH,2026-09-13T00:00:00+08:00,0.88,synthetic,not_applicable,,cc_by_4_0_attribution,false,dev
JOB-AI-ALG-0083,ROLE-AI-ALG,AI算法工程师（实习/校招）,模拟企业-042,零售科技,深圳,remote,campus,0,bachelor_or_equivalent,full_time,12000,16000,true,参与AI算法工程师相关项目，重点使用模型调优、大模型基础、Git版本控制、Docker容器、书面沟通、项目交付；岗位、企业和薪资均为演示数据。,2026-07-27,2026-09-25,模拟岗位/演示数据，不代表真实招聘机会,1.2.0,synthetic,true,SRC-ONET|SRC-ESCO|SRC-SYNTH,2026-09-13T00:00:00+08:00,0.88,synthetic,not_applicable,,cc_by_4_0_attribution,false,dev
JOB-AI-ALG-0084,ROLE-AI-ALG,AI算法工程师（实习/校招）,模拟企业-049,金融科技,南京,onsite,campus,0,bachelor_or_equivalent,internship,10500,14500,true,参与AI算法工程师相关项目，重点使用大模型基础、Git版本控制、Docker容器、书面沟通、项目交付、职业伦理与隐私；岗位、企业和薪资均为演示数据。,2026-07-26,2026-09-24,模拟岗位/演示数据，不代表真实招聘机会,1.2.0,synthetic,true,SRC-ONET|SRC-ESCO|SRC-SYNTH,2026-09-13T00:00:00+08:00,0.88,synthetic,not_applicable,,cc_by_4_0_attribution,false,dev
JOB-AI-ALG-0085,ROLE-AI-ALG,AI算法工程师（实习/校招）,模拟企业-056,医疗信息化,成都,hybrid,campus,0,bachelor_or_equivalent,full_time,9500,13500,true,参与AI算法工程师相关项目，重点使用Git版本控制、Docker容器、书面沟通、项目交付、职业伦理与隐私、Python编程；岗位、企业和薪资均为演示数据。,2026-07-25,2026-09-23,模拟岗位/演示数据，不代表真实招聘机会,1.2.0,synthetic,true,SRC-ONET|SRC-ESCO|SRC-SYNTH,2026-09-13T00:00:00+08:00,0.88,synthetic,not_applicable,,cc_by_4_0_attribution,false,dev
JOB-AI-ALG-0086,ROLE-AI-ALG,AI算法工程师（实习/校招）,模拟企业-063,物流科技,武汉,remote,campus,0,bachelor_or_equivalent,internship,9500,13500,true,参与AI算法工程师相关项目，重点使用Docker容器、书面沟通、项目交付、职业伦理与隐私、Python编程、数据结构与算法；岗位、企业和薪资均为演示数据。,2026-07-24,2026-09-22,模拟岗位/演示数据，不代表真实招聘机会,1.2.0,synthetic,true,SRC-ONET|SRC-ESCO|SRC-SYNTH,2026-09-13T00:00:00+08:00,0.88,synthetic,not_applicable,,cc_by_4_0_attribution,false,dev
JOB-AI-ALG-0087,ROLE-AI-ALG,AI算法工程师（实习/校招）,模拟企业-070,内容平台,西安,onsite,campus,0,bachelor_or_equivalent,full_time,9000,13000,true,参与AI算法工程师相关项目，重点使用书面沟通、项目交付、职业伦理与隐私、Python编程、数据结构与算法、数据清洗；岗位、企业和薪资均为演示数据。,2026-07-23,2026-09-21,模拟岗位/演示数据，不代表真实招聘机会,1.2.0,synthetic,true,SRC-ONET|SRC-ESCO|SRC-SYNTH,2026-09-13T00:00:00+08:00,0.88,synthetic,not_applicable,,cc_by_4_0_attribution,false,dev
JOB-AI-ALG-0088,ROLE-AI-ALG,AI算法工程师（实习/校招）,模拟企业-077,企业服务,杭州,hybrid,campus,0,bachelor_or_equivalent,internship,11500,15500,true,参与AI算法工程师相关项目，重点使用项目交付、职业伦理与隐私、Python编程、数据结构与算法、数据清洗、统计学基础；岗位、企业和薪资均为演示数据。,2026-07-22,2026-09-20,模拟岗位/演示数据，不代表真实招聘机会,1.2.0,synthetic,true,SRC-ONET|SRC-ESCO|SRC-SYNTH,2026-09-13T00:00:00+08:00,0.88,synthetic,not_applicable,,cc_by_4_0_attribution,false,dev
JOB-AI-ALG-0089,ROLE-AI-ALG,AI算法工程师（实习/校招）,模拟企业-084,智能制造,上海,remote,campus,0,bachelor_or_equivalent,full_time,12000,16000,true,参与AI算法工程师相关项目，重点使用职业伦理与隐私、Python编程、数据结构与算法、数据清洗、统计学基础、线性代数；岗位、企业和薪资均为演示数据。,2026-07-21,2026-09-19,模拟岗位/演示数据，不代表真实招聘机会,1.2.0,synthetic,true,SRC-ONET|SRC-ESCO|SRC-SYNTH,2026-09-13T00:00:00+08:00,0.88,synthetic,not_applicable,,cc_by_4_0_attribution,false,dev
JOB-AI-ALG-0090,ROLE-AI-ALG,AI算法工程师（实习/校招）,模拟企业-091,教育科技,北京,onsite,campus,0,bachelor_or_equivalent,internship,12000,16000,true,参与AI算法工程师相关项目，重点使用Python编程、数据结构与算法、数据清洗、统计学基础、线性代数、微积分与优化；岗位、企业和薪资均为演示数据。,2026-09-03,2026-11-02,模拟岗位/演示数据，不代表真实招聘机会,1.2.0,synthetic,true,SRC-ONET|SRC-ESCO|SRC-SYNTH,2026-09-13T00:00:00+08:00,0.88,synthetic,not_applicable,,cc_by_4_0_attribution,false,dev
JOB-AI-ALG-0091,ROLE-AI-ALG,AI算法工程师（实习/校招）,模拟企业-098,零售科技,深圳,hybrid,campus,0,bachelor_or_equivalent,full_time,12000,16000,true,参与AI算法工程师相关项目，重点使用数据结构与算法、数据清洗、统计学基础、线性代数、微积分与优化、机器学习；岗位、企业和薪资均为演示数据。,2026-09-02,2026-11-01,模拟岗位/演示数据，不代表真实招聘机会,1.2.0,synthetic,true,SRC-ONET|SRC-ESCO|SRC-SYNTH,2026-09-13T00:00:00+08:00,0.88,synthetic,not_applicable,,cc_by_4_0_attribution,false,dev
JOB-AI-ALG-0092,ROLE-AI-ALG,AI算法工程师（实习/校招）,模拟企业-105,金融科技,南京,remote,campus,0,bachelor_or_equivalent,internship,10500,14500,true,参与AI算法工程师相关项目，重点使用数据清洗、统计学基础、线性代数、微积分与优化、机器学习、特征工程；岗位、企业和薪资均为演示数据。,2026-09-01,2026-10-31,模拟岗位/演示数据，不代表真实招聘机会,1.2.0,synthetic,true,SRC-ONET|SRC-ESCO|SRC-SYNTH,2026-09-13T00:00:00+08:00,0.88,synthetic,not_applicable,,cc_by_4_0_attribution,false,dev
JOB-AI-ALG-0093,ROLE-AI-ALG,AI算法工程师（实习/校招）,模拟企业-112,医疗信息化,成都,onsite,campus,0,bachelor_or_equivalent,full_time,9500,13500,true,参与AI算法工程师相关项目，重点使用统计学基础、线性代数、微积分与优化、机器学习、特征工程、模型评估；岗位、企业和薪资均为演示数据。,2026-08-31,2026-10-30,模拟岗位/演示数据，不代表真实招聘机会,1.2.0,synthetic,true,SRC-ONET|SRC-ESCO|SRC-SYNTH,2026-09-13T00:00:00+08:00,0.88,synthetic,not_applicable,,cc_by_4_0_attribution,false,dev
JOB-AI-ALG-0094,ROLE-AI-ALG,AI算法工程师（实习/校招）,模拟企业-119,物流科技,武汉,hybrid,campus,0,bachelor_or_equivalent,internship,9500,13500,true,参与AI算法工程师相关项目，重点使用线性代数、微积分与优化、机器学习、特征工程、模型评估、深度学习；岗位、企业和薪资均为演示数据。,2026-08-30,2026-10-29,模拟岗位/演示数据，不代表真实招聘机会,1.2.0,synthetic,true,SRC-ONET|SRC-ESCO|SRC-SYNTH,2026-09-13T00:00:00+08:00,0.88,synthetic,not_applicable,,cc_by_4_0_attribution,false,dev
JOB-AI-ALG-0095,ROLE-AI-ALG,AI算法工程师（实习/校招）,模拟企业-126,内容平台,西安,remote,campus,0,bachelor_or_equivalent,full_time,9000,13000,true,参与AI算法工程师相关项目，重点使用微积分与优化、机器学习、特征工程、模型评估、深度学习、自然语言处理；岗位、企业和薪资均为演示数据。,2026-08-29,2026-10-28,模拟岗位/演示数据，不代表真实招聘机会,1.2.0,synthetic,true,SRC-ONET|SRC-ESCO|SRC-SYNTH,2026-09-13T00:00:00+08:00,0.88,synthetic,not_applicable,,cc_by_4_0_attribution,false,dev
JOB-AI-ALG-0096,ROLE-AI-ALG,AI算法工程师（实习/校招）,模拟企业-133,企业服务,杭州,onsite,campus,0,bachelor_or_equivalent,internship,11500,15500,true,参与AI算法工程师相关项目，重点使用机器学习、特征工程、模型评估、深度学习、自然语言处理、模型调优；岗位、企业和薪资均为演示数据。,2026-08-28,2026-10-27,模拟岗位/演示数据，不代表真实招聘机会,1.2.0,synthetic,true,SRC-ONET|SRC-ESCO|SRC-SYNTH,2026-09-13T00:00:00+08:00,0.88,synthetic,not_applicable,,cc_by_4_0_attribution,false,dev
JOB-AI-ALG-0097,ROLE-AI-ALG,AI算法工程师（实习/校招）,模拟企业-140,智能制造,上海,hybrid,campus,0,bachelor_or_equivalent,full_time,12000,16000,true,参与AI算法工程师相关项目，重点使用特征工程、模型评估、深度学习、自然语言处理、模型调优、大模型基础；岗位、企业和薪资均为演示数据。,2026-08-27,2026-10-26,模拟岗位/演示数据，不代表真实招聘机会,1.2.0,synthetic,true,SRC-ONET|SRC-ESCO|SRC-SYNTH,2026-09-13T00:00:00+08:00,0.88,synthetic,not_applicable,,cc_by_4_0_attribution,false,dev
JOB-AI-ALG-0098,ROLE-AI-ALG,AI算法工程师（实习/校招）,模拟企业-147,教育科技,北京,remote,campus,0,bachelor_or_equivalent,internship,12000,16000,true,参与AI算法工程师相关项目，重点使用模型评估、深度学习、自然语言处理、模型调优、大模型基础、Git版本控制；岗位、企业和薪资均为演示数据。,2026-08-26,2026-10-25,模拟岗位/演示数据，不代表真实招聘机会,1.2.0,synthetic,true,SRC-ONET|SRC-ESCO|SRC-SYNTH,2026-09-13T00:00:00+08:00,0.88,synthetic,not_applicable,,cc_by_4_0_attribution,false,dev
JOB-AI-ALG-0099,ROLE-AI-ALG,AI算法工程师（实习/校招）,模拟企业-154,零售科技,深圳,onsite,campus,0,bachelor_or_equivalent,full_time,12000,16000,true,参与AI算法工程师相关项目，重点使用深度学习、自然语言处理、模型调优、大模型基础、Git版本控制、Docker容器；岗位、企业和薪资均为演示数据。,2026-08-25,2026-10-24,模拟岗位/演示数据，不代表真实招聘机会,1.2.0,synthetic,true,SRC-ONET|SRC-ESCO|SRC-SYNTH,2026-09-13T00:00:00+08:00,0.88,synthetic,not_applicable,,cc_by_4_0_attribution,false,dev
JOB-AI-ALG-0100,ROLE-AI-ALG,AI算法工程师（实习/校招）,模拟企业-161,金融科技,南京,hybrid,campus,0,bachelor_or_equivalent,internship,10500,14500,true,参与AI算法工程师相关项目，重点使用自然语言处理、模型调优、大模型基础、Git版本控制、Docker容器、书面沟通；岗位、企业和薪资均为演示数据。,2026-08-24,2026-10-23,模拟岗位/演示数据，不代表真实招聘机会,1.2.0,synthetic,true,SRC-ONET|SRC-ESCO|SRC-SYNTH,2026-09-13T00:00:00+08:00,0.88,synthetic,not_applicable,,cc_by_4_0_attribution,false,dev
JOB-AI-APP-0001,ROLE-AI-APP,AI应用开发工程师（实习/校招）,模拟企业-039,教育科技,深圳,hybrid,campus,0,bachelor_or_equivalent,full_time,11000,15000,true,参与AI应用开发工程师相关项目，重点使用软件工程、测试与调试、SQL、大模型基础、提示词设计、RAG应用；岗位、企业和薪资均为演示数据。,2026-09-02,2026-11-01,模拟岗位/演示数据，不代表真实招聘机会,1.2.0,synthetic,true,SRC-ONET|SRC-ESCO|SRC-SYNTH,2026-09-13T00:00:00+08:00,0.88,synthetic,not_applicable,,cc_by_4_0_attribution,false,dev
JOB-AI-APP-0002,ROLE-AI-APP,AI应用开发工程师（实习/校招）,模拟企业-046,零售科技,南京,remote,campus,0,bachelor_or_equivalent,internship,9500,13500,true,参与AI应用开发工程师相关项目，重点使用测试与调试、SQL、大模型基础、提示词设计、RAG应用、向量数据库；岗位、企业和薪资均为演示数据。,2026-09-01,2026-10-31,模拟岗位/演示数据，不代表真实招聘机会,1.2.0,synthetic,true,SRC-ONET|SRC-ESCO|SRC-SYNTH,2026-09-13T00:00:00+08:00,0.88,synthetic,not_applicable,,cc_by_4_0_attribution,false,dev
JOB-AI-APP-0003,ROLE-AI-APP,AI应用开发工程师（实习/校招）,模拟企业-053,金融科技,成都,onsite,campus,0,bachelor_or_equivalent,full_time,9000,13000,true,参与AI应用开发工程师相关项目，重点使用SQL、大模型基础、提示词设计、RAG应用、向量数据库、智能体开发；岗位、企业和薪资均为演示数据。,2026-08-31,2026-10-30,模拟岗位/演示数据，不代表真实招聘机会,1.2.0,synthetic,true,SRC-ONET|SRC-ESCO|SRC-SYNTH,2026-09-13T00:00:00+08:00,0.88,synthetic,not_applicable,,cc_by_4_0_attribution,false,dev
JOB-AI-APP-0004,ROLE-AI-APP,AI应用开发工程师（实习/校招）,模拟企业-060,医疗信息化,武汉,hybrid,campus,0,bachelor_or_equivalent,internship,9000,13000,true,参与AI应用开发工程师相关项目，重点使用大模型基础、提示词设计、RAG应用、向量数据库、智能体开发、MCP与工具调用；岗位、企业和薪资均为演示数据。,2026-08-30,2026-10-29,模拟岗位/演示数据，不代表真实招聘机会,1.2.0,synthetic,true,SRC-ONET|SRC-ESCO|SRC-SYNTH,2026-09-13T00:00:00+08:00,0.88,synthetic,not_applicable,,cc_by_4_0_attribution,false,dev
JOB-AI-APP-0005,ROLE-AI-APP,AI应用开发工程师（实习/校招）,模拟企业-067,物流科技,西安,remote,campus,0,bachelor_or_equivalent,full_time,8500,12500,true,参与AI应用开发工程师相关项目，重点使用提示词设计、RAG应用、向量数据库、智能体开发、MCP与工具调用、API设计；岗位、企业和薪资均为演示数据。,2026-08-29,2026-10-28,模拟岗位/演示数据，不代表真实招聘机会,1.2.0,synthetic,true,SRC-ONET|SRC-ESCO|SRC-SYNTH,2026-09-13T00:00:00+08:00,0.88,synthetic,not_applicable,,cc_by_4_0_attribution,false,dev
JOB-AI-APP-0006,ROLE-AI-APP,AI应用开发工程师（实习/校招）,模拟企业-074,内容平台,杭州,onsite,campus,0,bachelor_or_equivalent,internship,10500,14500,true,参与AI应用开发工程师相关项目，重点使用RAG应用、向量数据库、智能体开发、MCP与工具调用、API设计、后端服务开发；岗位、企业和薪资均为演示数据。,2026-08-28,2026-10-27,模拟岗位/演示数据，不代表真实招聘机会,1.2.0,synthetic,true,SRC-ONET|SRC-ESCO|SRC-SYNTH,2026-09-13T00:00:00+08:00,0.88,synthetic,not_applicable,,cc_by_4_0_attribution,false,dev
JOB-AI-APP-0007,ROLE-AI-APP,AI应用开发工程师（实习/校招）,模拟企业-081,企业服务,上海,hybrid,campus,0,bachelor_or_equivalent,full_time,11000,15000,true,参与AI应用开发工程师相关项目，重点使用向量数据库、智能体开发、MCP与工具调用、API设计、后端服务开发、Docker容器；岗位、企业和薪资均为演示数据。,2026-08-27,2026-10-26,模拟岗位/演示数据，不代表真实招聘机会,1.2.0,synthetic,true,SRC-ONET|SRC-ESCO|SRC-SYNTH,2026-09-13T00:00:00+08:00,0.88,synthetic,not_applicable,,cc_by_4_0_attribution,false,dev
JOB-AI-APP-0008,ROLE-AI-APP,AI应用开发工程师（实习/校招）,模拟企业-088,智能制造,北京,remote,campus,0,bachelor_or_equivalent,internship,11500,15500,true,参与AI应用开发工程师相关项目，重点使用智能体开发、MCP与工具调用、API设计、后端服务开发、Docker容器、CI/CD；岗位、企业和薪资均为演示数据。,2026-08-26,2026-10-25,模拟岗位/演示数据，不代表真实招聘机会,1.2.0,synthetic,true,SRC-ONET|SRC-ESCO|SRC-SYNTH,2026-09-13T00:00:00+08:00,0.88,synthetic,not_applicable,,cc_by_4_0_attribution,false,dev
JOB-AI-APP-0009,ROLE-AI-APP,AI应用开发工程师（实习/校招）,模拟企业-095,教育科技,深圳,onsite,campus,0,bachelor_or_equivalent,full_time,11000,15000,true,参与AI应用开发工程师相关项目，重点使用MCP与工具调用、API设计、后端服务开发、Docker容器、CI/CD、云端部署；岗位、企业和薪资均为演示数据。,2026-08-25,2026-10-24,模拟岗位/演示数据，不代表真实招聘机会,1.2.0,synthetic,true,SRC-ONET|SRC-ESCO|SRC-SYNTH,2026-09-13T00:00:00+08:00,0.88,synthetic,not_applicable,,cc_by_4_0_attribution,false,dev
JOB-AI-APP-0010,ROLE-AI-APP,AI应用开发工程师（实习/校招）,模拟企业-102,零售科技,南京,hybrid,campus,0,bachelor_or_equivalent,internship,9500,13500,true,参与AI应用开发工程师相关项目，重点使用API设计、后端服务开发、Docker容器、CI/CD、云端部署、监控与可观测性；岗位、企业和薪资均为演示数据。,2026-08-24,2026-10-23,模拟岗位/演示数据，不代表真实招聘机会,1.2.0,synthetic,true,SRC-ONET|SRC-ESCO|SRC-SYNTH,2026-09-13T00:00:00+08:00,0.88,synthetic,not_applicable,,cc_by_4_0_attribution,false,dev
JOB-AI-APP-0011,ROLE-AI-APP,AI应用开发工程师（实习/校招）,模拟企业-109,金融科技,成都,remote,campus,0,bachelor_or_equivalent,full_time,9000,13000,true,参与AI应用开发工程师相关项目，重点使用后端服务开发、Docker容器、CI/CD、云端部署、监控与可观测性、需求分析；岗位、企业和薪资均为演示数据。,2026-08-23,2026-10-22,模拟岗位/演示数据，不代表真实招聘机会,1.2.0,synthetic,true,SRC-ONET|SRC-ESCO|SRC-SYNTH,2026-09-13T00:00:00+08:00,0.88,synthetic,not_applicable,,cc_by_4_0_attribution,false,dev
JOB-AI-APP-0012,ROLE-AI-APP,AI应用开发工程师（实习/校招）,模拟企业-116,医疗信息化,武汉,onsite,campus,0,bachelor_or_equivalent,internship,9000,13000,true,参与AI应用开发工程师相关项目，重点使用Docker容器、CI/CD、云端部署、监控与可观测性、需求分析、跨岗位沟通；岗位、企业和薪资均为演示数据。,2026-08-22,2026-10-21,模拟岗位/演示数据，不代表真实招聘机会,1.2.0,synthetic,true,SRC-ONET|SRC-ESCO|SRC-SYNTH,2026-09-13T00:00:00+08:00,0.88,synthetic,not_applicable,,cc_by_4_0_attribution,false,dev
JOB-AI-APP-0013,ROLE-AI-APP,AI应用开发工程师（实习/校招）,模拟企业-123,物流科技,西安,hybrid,campus,0,bachelor_or_equivalent,full_time,8500,12500,true,参与AI应用开发工程师相关项目，重点使用CI/CD、云端部署、监控与可观测性、需求分析、跨岗位沟通、Python编程；岗位、企业和薪资均为演示数据。,2026-08-21,2026-10-20,模拟岗位/演示数据，不代表真实招聘机会,1.2.0,synthetic,true,SRC-ONET|SRC-ESCO|SRC-SYNTH,2026-09-13T00:00:00+08:00,0.88,synthetic,not_applicable,,cc_by_4_0_attribution,false,dev
JOB-AI-APP-0014,ROLE-AI-APP,AI应用开发工程师（实习/校招）,模拟企业-130,内容平台,杭州,remote,campus,0,bachelor_or_equivalent,internship,10500,14500,true,参与AI应用开发工程师相关项目，重点使用云端部署、监控与可观测性、需求分析、跨岗位沟通、Python编程、软件工程；岗位、企业和薪资均为演示数据。,2026-08-20,2026-10-19,模拟岗位/演示数据，不代表真实招聘机会,1.2.0,synthetic,true,SRC-ONET|SRC-ESCO|SRC-SYNTH,2026-09-13T00:00:00+08:00,0.88,synthetic,not_applicable,,cc_by_4_0_attribution,false,dev
JOB-AI-APP-0015,ROLE-AI-APP,AI应用开发工程师（实习/校招）,模拟企业-137,企业服务,上海,onsite,campus,0,bachelor_or_equivalent,full_time,11000,15000,true,参与AI应用开发工程师相关项目，重点使用监控与可观测性、需求分析、跨岗位沟通、Python编程、软件工程、测试与调试；岗位、企业和薪资均为演示数据。,2026-08-19,2026-10-18,模拟岗位/演示数据，不代表真实招聘机会,1.2.0,synthetic,true,SRC-ONET|SRC-ESCO|SRC-SYNTH,2026-09-13T00:00:00+08:00,0.88,synthetic,not_applicable,,cc_by_4_0_attribution,false,dev
JOB-AI-APP-0016,ROLE-AI-APP,AI应用开发工程师（实习/校招）,模拟企业-144,智能制造,北京,hybrid,campus,0,bachelor_or_equivalent,internship,11500,15500,true,参与AI应用开发工程师相关项目，重点使用需求分析、跨岗位沟通、Python编程、软件工程、测试与调试、SQL；岗位、企业和薪资均为演示数据。,2026-08-18,2026-10-17,模拟岗位/演示数据，不代表真实招聘机会,1.2.0,synthetic,true,SRC-ONET|SRC-ESCO|SRC-SYNTH,2026-09-13T00:00:00+08:00,0.88,synthetic,not_applicable,,cc_by_4_0_attribution,false,dev
JOB-AI-APP-0017,ROLE-AI-APP,AI应用开发工程师（实习/校招）,模拟企业-151,教育科技,深圳,remote,campus,0,bachelor_or_equivalent,full_time,11000,15000,true,参与AI应用开发工程师相关项目，重点使用跨岗位沟通、Python编程、软件工程、测试与调试、SQL、大模型基础；岗位、企业和薪资均为演示数据。,2026-08-17,2026-10-16,模拟岗位/演示数据，不代表真实招聘机会,1.2.0,synthetic,true,SRC-ONET|SRC-ESCO|SRC-SYNTH,2026-09-13T00:00:00+08:00,0.88,synthetic,not_applicable,,cc_by_4_0_attribution,false,dev
JOB-AI-APP-0018,ROLE-AI-APP,AI应用开发工程师（实习/校招）,模拟企业-158,零售科技,南京,onsite,campus,0,bachelor_or_equivalent,internship,9500,13500,true,参与AI应用开发工程师相关项目，重点使用Python编程、软件工程、测试与调试、SQL、大模型基础、提示词设计；岗位、企业和薪资均为演示数据。,2026-08-16,2026-10-15,模拟岗位/演示数据，不代表真实招聘机会,1.2.0,synthetic,true,SRC-ONET|SRC-ESCO|SRC-SYNTH,2026-09-13T00:00:00+08:00,0.88,synthetic,not_applicable,,cc_by_4_0_attribution,false,dev
JOB-AI-APP-0019,ROLE-AI-APP,AI应用开发工程师（实习/校招）,模拟企业-165,金融科技,成都,hybrid,campus,0,bachelor_or_equivalent,full_time,9000,13000,true,参与AI应用开发工程师相关项目，重点使用软件工程、测试与调试、SQL、大模型基础、提示词设计、RAG应用；岗位、企业和薪资均为演示数据。,2026-08-15,2026-10-14,模拟岗位/演示数据，不代表真实招聘机会,1.2.0,synthetic,true,SRC-ONET|SRC-ESCO|SRC-SYNTH,2026-09-13T00:00:00+08:00,0.88,synthetic,not_applicable,,cc_by_4_0_attribution,false,dev
JOB-AI-APP-0020,ROLE-AI-APP,AI应用开发工程师（实习/校招）,模拟企业-172,医疗信息化,武汉,remote,campus,0,bachelor_or_equivalent,internship,9000,13000,true,参与AI应用开发工程师相关项目，重点使用测试与调试、SQL、大模型基础、提示词设计、RAG应用、向量数据库；岗位、企业和薪资均为演示数据。,2026-08-14,2026-10-13,模拟岗位/演示数据，不代表真实招聘机会,1.2.0,synthetic,true,SRC-ONET|SRC-ESCO|SRC-SYNTH,2026-09-13T00:00:00+08:00,0.88,synthetic,not_applicable,,cc_by_4_0_attribution,false,dev
JOB-AI-APP-0021,ROLE-AI-APP,AI应用开发工程师（实习/校招）,模拟企业-179,物流科技,西安,onsite,campus,0,bachelor_or_equivalent,full_time,8500,12500,true,参与AI应用开发工程师相关项目，重点使用SQL、大模型基础、提示词设计、RAG应用、向量数据库、智能体开发；岗位、企业和薪资均为演示数据。,2026-08-13,2026-10-12,模拟岗位/演示数据，不代表真实招聘机会,1.2.0,synthetic,true,SRC-ONET|SRC-ESCO|SRC-SYNTH,2026-09-13T00:00:00+08:00,0.88,synthetic,not_applicable,,cc_by_4_0_attribution,false,dev
JOB-AI-APP-0022,ROLE-AI-APP,AI应用开发工程师（实习/校招）,模拟企业-006,内容平台,杭州,hybrid,campus,0,bachelor_or_equivalent,internship,10500,14500,true,参与AI应用开发工程师相关项目，重点使用大模型基础、提示词设计、RAG应用、向量数据库、智能体开发、MCP与工具调用；岗位、企业和薪资均为演示数据。,2026-08-12,2026-10-11,模拟岗位/演示数据，不代表真实招聘机会,1.2.0,synthetic,true,SRC-ONET|SRC-ESCO|SRC-SYNTH,2026-09-13T00:00:00+08:00,0.88,synthetic,not_applicable,,cc_by_4_0_attribution,false,dev
JOB-AI-APP-0023,ROLE-AI-APP,AI应用开发工程师（实习/校招）,模拟企业-013,企业服务,上海,remote,campus,0,bachelor_or_equivalent,full_time,11000,15000,true,参与AI应用开发工程师相关项目，重点使用提示词设计、RAG应用、向量数据库、智能体开发、MCP与工具调用、API设计；岗位、企业和薪资均为演示数据。,2026-08-11,2026-10-10,模拟岗位/演示数据，不代表真实招聘机会,1.2.0,synthetic,true,SRC-ONET|SRC-ESCO|SRC-SYNTH,2026-09-13T00:00:00+08:00,0.88,synthetic,not_applicable,,cc_by_4_0_attribution,false,dev
JOB-AI-APP-0024,ROLE-AI-APP,AI应用开发工程师（实习/校招）,模拟企业-020,智能制造,北京,onsite,campus,0,bachelor_or_equivalent,internship,11500,15500,true,参与AI应用开发工程师相关项目，重点使用RAG应用、向量数据库、智能体开发、MCP与工具调用、API设计、后端服务开发；岗位、企业和薪资均为演示数据。,2026-08-10,2026-10-09,模拟岗位/演示数据，不代表真实招聘机会,1.2.0,synthetic,true,SRC-ONET|SRC-ESCO|SRC-SYNTH,2026-09-13T00:00:00+08:00,0.88,synthetic,not_applicable,,cc_by_4_0_attribution,false,dev
JOB-AI-APP-0025,ROLE-AI-APP,AI应用开发工程师（实习/校招）,模拟企业-027,教育科技,深圳,hybrid,campus,0,bachelor_or_equivalent,full_time,11000,15000,true,参与AI应用开发工程师相关项目，重点使用向量数据库、智能体开发、MCP与工具调用、API设计、后端服务开发、Docker容器；岗位、企业和薪资均为演示数据。,2026-08-09,2026-10-08,模拟岗位/演示数据，不代表真实招聘机会,1.2.0,synthetic,true,SRC-ONET|SRC-ESCO|SRC-SYNTH,2026-09-13T00:00:00+08:00,0.88,synthetic,not_applicable,,cc_by_4_0_attribution,false,dev
JOB-AI-APP-0026,ROLE-AI-APP,AI应用开发工程师（实习/校招）,模拟企业-034,零售科技,南京,remote,campus,0,bachelor_or_equivalent,internship,9500,13500,true,参与AI应用开发工程师相关项目，重点使用智能体开发、MCP与工具调用、API设计、后端服务开发、Docker容器、CI/CD；岗位、企业和薪资均为演示数据。,2026-08-08,2026-10-07,模拟岗位/演示数据，不代表真实招聘机会,1.2.0,synthetic,true,SRC-ONET|SRC-ESCO|SRC-SYNTH,2026-09-13T00:00:00+08:00,0.88,synthetic,not_applicable,,cc_by_4_0_attribution,false,dev
JOB-AI-APP-0027,ROLE-AI-APP,AI应用开发工程师（实习/校招）,模拟企业-041,金融科技,成都,onsite,campus,0,bachelor_or_equivalent,full_time,9000,13000,true,参与AI应用开发工程师相关项目，重点使用MCP与工具调用、API设计、后端服务开发、Docker容器、CI/CD、云端部署；岗位、企业和薪资均为演示数据。,2026-08-07,2026-10-06,模拟岗位/演示数据，不代表真实招聘机会,1.2.0,synthetic,true,SRC-ONET|SRC-ESCO|SRC-SYNTH,2026-09-13T00:00:00+08:00,0.88,synthetic,not_applicable,,cc_by_4_0_attribution,false,dev
JOB-AI-APP-0028,ROLE-AI-APP,AI应用开发工程师（实习/校招）,模拟企业-048,医疗信息化,武汉,hybrid,campus,0,bachelor_or_equivalent,internship,9000,13000,true,参与AI应用开发工程师相关项目，重点使用API设计、后端服务开发、Docker容器、CI/CD、云端部署、监控与可观测性；岗位、企业和薪资均为演示数据。,2026-08-06,2026-10-05,模拟岗位/演示数据，不代表真实招聘机会,1.2.0,synthetic,true,SRC-ONET|SRC-ESCO|SRC-SYNTH,2026-09-13T00:00:00+08:00,0.88,synthetic,not_applicable,,cc_by_4_0_attribution,false,dev
JOB-AI-APP-0029,ROLE-AI-APP,AI应用开发工程师（实习/校招）,模拟企业-055,物流科技,西安,remote,campus,0,bachelor_or_equivalent,full_time,8500,12500,true,参与AI应用开发工程师相关项目，重点使用后端服务开发、Docker容器、CI/CD、云端部署、监控与可观测性、需求分析；岗位、企业和薪资均为演示数据。,2026-08-05,2026-10-04,模拟岗位/演示数据，不代表真实招聘机会,1.2.0,synthetic,true,SRC-ONET|SRC-ESCO|SRC-SYNTH,2026-09-13T00:00:00+08:00,0.88,synthetic,not_applicable,,cc_by_4_0_attribution,false,dev
JOB-AI-APP-0030,ROLE-AI-APP,AI应用开发工程师（实习/校招）,模拟企业-062,内容平台,杭州,onsite,campus,0,bachelor_or_equivalent,internship,10500,14500,true,参与AI应用开发工程师相关项目，重点使用Docker容器、CI/CD、云端部署、监控与可观测性、需求分析、跨岗位沟通；岗位、企业和薪资均为演示数据。,2026-08-04,2026-10-03,模拟岗位/演示数据，不代表真实招聘机会,1.2.0,synthetic,true,SRC-ONET|SRC-ESCO|SRC-SYNTH,2026-09-13T00:00:00+08:00,0.88,synthetic,not_applicable,,cc_by_4_0_attribution,false,dev
JOB-AI-APP-0031,ROLE-AI-APP,AI应用开发工程师（实习/校招）,模拟企业-069,企业服务,上海,hybrid,campus,0,bachelor_or_equivalent,full_time,11000,15000,true,参与AI应用开发工程师相关项目，重点使用CI/CD、云端部署、监控与可观测性、需求分析、跨岗位沟通、Python编程；岗位、企业和薪资均为演示数据。,2026-08-03,2026-10-02,模拟岗位/演示数据，不代表真实招聘机会,1.2.0,synthetic,true,SRC-ONET|SRC-ESCO|SRC-SYNTH,2026-09-13T00:00:00+08:00,0.88,synthetic,not_applicable,,cc_by_4_0_attribution,false,dev
JOB-AI-APP-0032,ROLE-AI-APP,AI应用开发工程师（实习/校招）,模拟企业-076,智能制造,北京,remote,campus,0,bachelor_or_equivalent,internship,11500,15500,true,参与AI应用开发工程师相关项目，重点使用云端部署、监控与可观测性、需求分析、跨岗位沟通、Python编程、软件工程；岗位、企业和薪资均为演示数据。,2026-08-02,2026-10-01,模拟岗位/演示数据，不代表真实招聘机会,1.2.0,synthetic,true,SRC-ONET|SRC-ESCO|SRC-SYNTH,2026-09-13T00:00:00+08:00,0.88,synthetic,not_applicable,,cc_by_4_0_attribution,false,dev
JOB-AI-APP-0033,ROLE-AI-APP,AI应用开发工程师（实习/校招）,模拟企业-083,教育科技,深圳,onsite,campus,0,bachelor_or_equivalent,full_time,11000,15000,true,参与AI应用开发工程师相关项目，重点使用监控与可观测性、需求分析、跨岗位沟通、Python编程、软件工程、测试与调试；岗位、企业和薪资均为演示数据。,2026-08-01,2026-09-30,模拟岗位/演示数据，不代表真实招聘机会,1.2.0,synthetic,true,SRC-ONET|SRC-ESCO|SRC-SYNTH,2026-09-13T00:00:00+08:00,0.88,synthetic,not_applicable,,cc_by_4_0_attribution,false,dev
JOB-AI-APP-0034,ROLE-AI-APP,AI应用开发工程师（实习/校招）,模拟企业-090,零售科技,南京,hybrid,campus,0,bachelor_or_equivalent,internship,9500,13500,true,参与AI应用开发工程师相关项目，重点使用需求分析、跨岗位沟通、Python编程、软件工程、测试与调试、SQL；岗位、企业和薪资均为演示数据。,2026-07-31,2026-09-29,模拟岗位/演示数据，不代表真实招聘机会,1.2.0,synthetic,true,SRC-ONET|SRC-ESCO|SRC-SYNTH,2026-09-13T00:00:00+08:00,0.88,synthetic,not_applicable,,cc_by_4_0_attribution,false,dev
JOB-AI-APP-0035,ROLE-AI-APP,AI应用开发工程师（实习/校招）,模拟企业-097,金融科技,成都,remote,campus,0,bachelor_or_equivalent,full_time,9000,13000,true,参与AI应用开发工程师相关项目，重点使用跨岗位沟通、Python编程、软件工程、测试与调试、SQL、大模型基础；岗位、企业和薪资均为演示数据。,2026-07-30,2026-09-28,模拟岗位/演示数据，不代表真实招聘机会,1.2.0,synthetic,true,SRC-ONET|SRC-ESCO|SRC-SYNTH,2026-09-13T00:00:00+08:00,0.88,synthetic,not_applicable,,cc_by_4_0_attribution,false,dev
JOB-AI-APP-0036,ROLE-AI-APP,AI应用开发工程师（实习/校招）,模拟企业-104,医疗信息化,武汉,onsite,campus,0,bachelor_or_equivalent,internship,9000,13000,true,参与AI应用开发工程师相关项目，重点使用Python编程、软件工程、测试与调试、SQL、大模型基础、提示词设计；岗位、企业和薪资均为演示数据。,2026-07-29,2026-09-27,模拟岗位/演示数据，不代表真实招聘机会,1.2.0,synthetic,true,SRC-ONET|SRC-ESCO|SRC-SYNTH,2026-09-13T00:00:00+08:00,0.88,synthetic,not_applicable,,cc_by_4_0_attribution,false,dev
JOB-AI-APP-0037,ROLE-AI-APP,AI应用开发工程师（实习/校招）,模拟企业-111,物流科技,西安,hybrid,campus,0,bachelor_or_equivalent,full_time,8500,12500,true,参与AI应用开发工程师相关项目，重点使用软件工程、测试与调试、SQL、大模型基础、提示词设计、RAG应用；岗位、企业和薪资均为演示数据。,2026-07-28,2026-09-26,模拟岗位/演示数据，不代表真实招聘机会,1.2.0,synthetic,true,SRC-ONET|SRC-ESCO|SRC-SYNTH,2026-09-13T00:00:00+08:00,0.88,synthetic,not_applicable,,cc_by_4_0_attribution,false,dev
JOB-AI-APP-0038,ROLE-AI-APP,AI应用开发工程师（实习/校招）,模拟企业-118,内容平台,杭州,remote,campus,0,bachelor_or_equivalent,internship,10500,14500,true,参与AI应用开发工程师相关项目，重点使用测试与调试、SQL、大模型基础、提示词设计、RAG应用、向量数据库；岗位、企业和薪资均为演示数据。,2026-07-27,2026-09-25,模拟岗位/演示数据，不代表真实招聘机会,1.2.0,synthetic,true,SRC-ONET|SRC-ESCO|SRC-SYNTH,2026-09-13T00:00:00+08:00,0.88,synthetic,not_applicable,,cc_by_4_0_attribution,false,dev
JOB-AI-APP-0039,ROLE-AI-APP,AI应用开发工程师（实习/校招）,模拟企业-125,企业服务,上海,onsite,campus,0,bachelor_or_equivalent,full_time,11000,15000,true,参与AI应用开发工程师相关项目，重点使用SQL、大模型基础、提示词设计、RAG应用、向量数据库、智能体开发；岗位、企业和薪资均为演示数据。,2026-07-26,2026-09-24,模拟岗位/演示数据，不代表真实招聘机会,1.2.0,synthetic,true,SRC-ONET|SRC-ESCO|SRC-SYNTH,2026-09-13T00:00:00+08:00,0.88,synthetic,not_applicable,,cc_by_4_0_attribution,false,dev
JOB-AI-APP-0040,ROLE-AI-APP,AI应用开发工程师（实习/校招）,模拟企业-132,智能制造,北京,hybrid,campus,0,bachelor_or_equivalent,internship,11500,15500,true,参与AI应用开发工程师相关项目，重点使用大模型基础、提示词设计、RAG应用、向量数据库、智能体开发、MCP与工具调用；岗位、企业和薪资均为演示数据。,2026-07-25,2026-09-23,模拟岗位/演示数据，不代表真实招聘机会,1.2.0,synthetic,true,SRC-ONET|SRC-ESCO|SRC-SYNTH,2026-09-13T00:00:00+08:00,0.88,synthetic,not_applicable,,cc_by_4_0_attribution,false,dev
JOB-AI-APP-0041,ROLE-AI-APP,AI应用开发工程师（实习/校招）,模拟企业-139,教育科技,深圳,remote,campus,0,bachelor_or_equivalent,full_time,11000,15000,true,参与AI应用开发工程师相关项目，重点使用提示词设计、RAG应用、向量数据库、智能体开发、MCP与工具调用、API设计；岗位、企业和薪资均为演示数据。,2026-07-24,2026-09-22,模拟岗位/演示数据，不代表真实招聘机会,1.2.0,synthetic,true,SRC-ONET|SRC-ESCO|SRC-SYNTH,2026-09-13T00:00:00+08:00,0.88,synthetic,not_applicable,,cc_by_4_0_attribution,false,dev
JOB-AI-APP-0042,ROLE-AI-APP,AI应用开发工程师（实习/校招）,模拟企业-146,零售科技,南京,onsite,campus,0,bachelor_or_equivalent,internship,9500,13500,true,参与AI应用开发工程师相关项目，重点使用RAG应用、向量数据库、智能体开发、MCP与工具调用、API设计、后端服务开发；岗位、企业和薪资均为演示数据。,2026-07-23,2026-09-21,模拟岗位/演示数据，不代表真实招聘机会,1.2.0,synthetic,true,SRC-ONET|SRC-ESCO|SRC-SYNTH,2026-09-13T00:00:00+08:00,0.88,synthetic,not_applicable,,cc_by_4_0_attribution,false,dev
JOB-AI-APP-0043,ROLE-AI-APP,AI应用开发工程师（实习/校招）,模拟企业-153,金融科技,成都,hybrid,campus,0,bachelor_or_equivalent,full_time,9000,13000,true,参与AI应用开发工程师相关项目，重点使用向量数据库、智能体开发、MCP与工具调用、API设计、后端服务开发、Docker容器；岗位、企业和薪资均为演示数据。,2026-07-22,2026-09-20,模拟岗位/演示数据，不代表真实招聘机会,1.2.0,synthetic,true,SRC-ONET|SRC-ESCO|SRC-SYNTH,2026-09-13T00:00:00+08:00,0.88,synthetic,not_applicable,,cc_by_4_0_attribution,false,dev
JOB-AI-APP-0044,ROLE-AI-APP,AI应用开发工程师（实习/校招）,模拟企业-160,医疗信息化,武汉,remote,campus,0,bachelor_or_equivalent,internship,9000,13000,true,参与AI应用开发工程师相关项目，重点使用智能体开发、MCP与工具调用、API设计、后端服务开发、Docker容器、CI/CD；岗位、企业和薪资均为演示数据。,2026-07-21,2026-09-19,模拟岗位/演示数据，不代表真实招聘机会,1.2.0,synthetic,true,SRC-ONET|SRC-ESCO|SRC-SYNTH,2026-09-13T00:00:00+08:00,0.88,synthetic,not_applicable,,cc_by_4_0_attribution,false,dev
JOB-AI-APP-0045,ROLE-AI-APP,AI应用开发工程师（实习/校招）,模拟企业-167,物流科技,西安,onsite,campus,0,bachelor_or_equivalent,full_time,8500,12500,true,参与AI应用开发工程师相关项目，重点使用MCP与工具调用、API设计、后端服务开发、Docker容器、CI/CD、云端部署；岗位、企业和薪资均为演示数据。,2026-09-03,2026-11-02,模拟岗位/演示数据，不代表真实招聘机会,1.2.0,synthetic,true,SRC-ONET|SRC-ESCO|SRC-SYNTH,2026-09-13T00:00:00+08:00,0.88,synthetic,not_applicable,,cc_by_4_0_attribution,false,dev
JOB-AI-APP-0046,ROLE-AI-APP,AI应用开发工程师（实习/校招）,模拟企业-174,内容平台,杭州,hybrid,campus,0,bachelor_or_equivalent,internship,10500,14500,true,参与AI应用开发工程师相关项目，重点使用API设计、后端服务开发、Docker容器、CI/CD、云端部署、监控与可观测性；岗位、企业和薪资均为演示数据。,2026-09-02,2026-11-01,模拟岗位/演示数据，不代表真实招聘机会,1.2.0,synthetic,true,SRC-ONET|SRC-ESCO|SRC-SYNTH,2026-09-13T00:00:00+08:00,0.88,synthetic,not_applicable,,cc_by_4_0_attribution,false,dev
JOB-AI-APP-0047,ROLE-AI-APP,AI应用开发工程师（实习/校招）,模拟企业-001,企业服务,上海,remote,campus,0,bachelor_or_equivalent,full_time,11000,15000,true,参与AI应用开发工程师相关项目，重点使用后端服务开发、Docker容器、CI/CD、云端部署、监控与可观测性、需求分析；岗位、企业和薪资均为演示数据。,2026-09-01,2026-10-31,模拟岗位/演示数据，不代表真实招聘机会,1.2.0,synthetic,true,SRC-ONET|SRC-ESCO|SRC-SYNTH,2026-09-13T00:00:00+08:00,0.88,synthetic,not_applicable,,cc_by_4_0_attribution,false,dev
JOB-AI-APP-0048,ROLE-AI-APP,AI应用开发工程师（实习/校招）,模拟企业-008,智能制造,北京,onsite,campus,0,bachelor_or_equivalent,internship,11500,15500,true,参与AI应用开发工程师相关项目，重点使用Docker容器、CI/CD、云端部署、监控与可观测性、需求分析、跨岗位沟通；岗位、企业和薪资均为演示数据。,2026-08-31,2026-10-30,模拟岗位/演示数据，不代表真实招聘机会,1.2.0,synthetic,true,SRC-ONET|SRC-ESCO|SRC-SYNTH,2026-09-13T00:00:00+08:00,0.88,synthetic,not_applicable,,cc_by_4_0_attribution,false,dev
JOB-AI-APP-0049,ROLE-AI-APP,AI应用开发工程师（实习/校招）,模拟企业-015,教育科技,深圳,hybrid,campus,0,bachelor_or_equivalent,full_time,11000,15000,true,参与AI应用开发工程师相关项目，重点使用CI/CD、云端部署、监控与可观测性、需求分析、跨岗位沟通、Python编程；岗位、企业和薪资均为演示数据。,2026-08-30,2026-10-29,模拟岗位/演示数据，不代表真实招聘机会,1.2.0,synthetic,true,SRC-ONET|SRC-ESCO|SRC-SYNTH,2026-09-13T00:00:00+08:00,0.88,synthetic,not_applicable,,cc_by_4_0_attribution,false,dev
JOB-AI-APP-0050,ROLE-AI-APP,AI应用开发工程师（实习/校招）,模拟企业-022,零售科技,南京,remote,campus,0,bachelor_or_equivalent,internship,9500,13500,true,参与AI应用开发工程师相关项目，重点使用云端部署、监控与可观测性、需求分析、跨岗位沟通、Python编程、软件工程；岗位、企业和薪资均为演示数据。,2026-08-29,2026-10-28,模拟岗位/演示数据，不代表真实招聘机会,1.2.0,synthetic,true,SRC-ONET|SRC-ESCO|SRC-SYNTH,2026-09-13T00:00:00+08:00,0.88,synthetic,not_applicable,,cc_by_4_0_attribution,false,dev
JOB-AI-APP-0051,ROLE-AI-APP,AI应用开发工程师（实习/校招）,模拟企业-029,金融科技,成都,onsite,campus,0,bachelor_or_equivalent,full_time,9000,13000,true,参与AI应用开发工程师相关项目，重点使用监控与可观测性、需求分析、跨岗位沟通、Python编程、软件工程、测试与调试；岗位、企业和薪资均为演示数据。,2026-08-28,2026-10-27,模拟岗位/演示数据，不代表真实招聘机会,1.2.0,synthetic,true,SRC-ONET|SRC-ESCO|SRC-SYNTH,2026-09-13T00:00:00+08:00,0.88,synthetic,not_applicable,,cc_by_4_0_attribution,false,dev
JOB-AI-APP-0052,ROLE-AI-APP,AI应用开发工程师（实习/校招）,模拟企业-036,医疗信息化,武汉,hybrid,campus,0,bachelor_or_equivalent,internship,9000,13000,true,参与AI应用开发工程师相关项目，重点使用需求分析、跨岗位沟通、Python编程、软件工程、测试与调试、SQL；岗位、企业和薪资均为演示数据。,2026-08-27,2026-10-26,模拟岗位/演示数据，不代表真实招聘机会,1.2.0,synthetic,true,SRC-ONET|SRC-ESCO|SRC-SYNTH,2026-09-13T00:00:00+08:00,0.88,synthetic,not_applicable,,cc_by_4_0_attribution,false,dev
JOB-AI-APP-0053,ROLE-AI-APP,AI应用开发工程师（实习/校招）,模拟企业-043,物流科技,西安,remote,campus,0,bachelor_or_equivalent,full_time,8500,12500,true,参与AI应用开发工程师相关项目，重点使用跨岗位沟通、Python编程、软件工程、测试与调试、SQL、大模型基础；岗位、企业和薪资均为演示数据。,2026-08-26,2026-10-25,模拟岗位/演示数据，不代表真实招聘机会,1.2.0,synthetic,true,SRC-ONET|SRC-ESCO|SRC-SYNTH,2026-09-13T00:00:00+08:00,0.88,synthetic,not_applicable,,cc_by_4_0_attribution,false,dev
JOB-AI-APP-0054,ROLE-AI-APP,AI应用开发工程师（实习/校招）,模拟企业-050,内容平台,杭州,onsite,campus,0,bachelor_or_equivalent,internship,10500,14500,true,参与AI应用开发工程师相关项目，重点使用Python编程、软件工程、测试与调试、SQL、大模型基础、提示词设计；岗位、企业和薪资均为演示数据。,2026-08-25,2026-10-24,模拟岗位/演示数据，不代表真实招聘机会,1.2.0,synthetic,true,SRC-ONET|SRC-ESCO|SRC-SYNTH,2026-09-13T00:00:00+08:00,0.88,synthetic,not_applicable,,cc_by_4_0_attribution,false,dev
JOB-AI-APP-0055,ROLE-AI-APP,AI应用开发工程师（实习/校招）,模拟企业-057,企业服务,上海,hybrid,campus,0,bachelor_or_equivalent,full_time,11000,15000,true,参与AI应用开发工程师相关项目，重点使用软件工程、测试与调试、SQL、大模型基础、提示词设计、RAG应用；岗位、企业和薪资均为演示数据。,2026-08-24,2026-10-23,模拟岗位/演示数据，不代表真实招聘机会,1.2.0,synthetic,true,SRC-ONET|SRC-ESCO|SRC-SYNTH,2026-09-13T00:00:00+08:00,0.88,synthetic,not_applicable,,cc_by_4_0_attribution,false,dev
JOB-AI-APP-0056,ROLE-AI-APP,AI应用开发工程师（实习/校招）,模拟企业-064,智能制造,北京,remote,campus,0,bachelor_or_equivalent,internship,11500,15500,true,参与AI应用开发工程师相关项目，重点使用测试与调试、SQL、大模型基础、提示词设计、RAG应用、向量数据库；岗位、企业和薪资均为演示数据。,2026-08-23,2026-10-22,模拟岗位/演示数据，不代表真实招聘机会,1.2.0,synthetic,true,SRC-ONET|SRC-ESCO|SRC-SYNTH,2026-09-13T00:00:00+08:00,0.88,synthetic,not_applicable,,cc_by_4_0_attribution,false,dev
JOB-AI-APP-0057,ROLE-AI-APP,AI应用开发工程师（实习/校招）,模拟企业-071,教育科技,深圳,onsite,campus,0,bachelor_or_equivalent,full_time,11000,15000,true,参与AI应用开发工程师相关项目，重点使用SQL、大模型基础、提示词设计、RAG应用、向量数据库、智能体开发；岗位、企业和薪资均为演示数据。,2026-08-22,2026-10-21,模拟岗位/演示数据，不代表真实招聘机会,1.2.0,synthetic,true,SRC-ONET|SRC-ESCO|SRC-SYNTH,2026-09-13T00:00:00+08:00,0.88,synthetic,not_applicable,,cc_by_4_0_attribution,false,dev
JOB-AI-APP-0058,ROLE-AI-APP,AI应用开发工程师（实习/校招）,模拟企业-078,零售科技,南京,hybrid,campus,0,bachelor_or_equivalent,internship,9500,13500,true,参与AI应用开发工程师相关项目，重点使用大模型基础、提示词设计、RAG应用、向量数据库、智能体开发、MCP与工具调用；岗位、企业和薪资均为演示数据。,2026-08-21,2026-10-20,模拟岗位/演示数据，不代表真实招聘机会,1.2.0,synthetic,true,SRC-ONET|SRC-ESCO|SRC-SYNTH,2026-09-13T00:00:00+08:00,0.88,synthetic,not_applicable,,cc_by_4_0_attribution,false,dev
JOB-AI-APP-0059,ROLE-AI-APP,AI应用开发工程师（实习/校招）,模拟企业-085,金融科技,成都,remote,campus,0,bachelor_or_equivalent,full_time,9000,13000,true,参与AI应用开发工程师相关项目，重点使用提示词设计、RAG应用、向量数据库、智能体开发、MCP与工具调用、API设计；岗位、企业和薪资均为演示数据。,2026-08-20,2026-10-19,模拟岗位/演示数据，不代表真实招聘机会,1.2.0,synthetic,true,SRC-ONET|SRC-ESCO|SRC-SYNTH,2026-09-13T00:00:00+08:00,0.88,synthetic,not_applicable,,cc_by_4_0_attribution,false,dev
JOB-AI-APP-0060,ROLE-AI-APP,AI应用开发工程师（实习/校招）,模拟企业-092,医疗信息化,武汉,onsite,campus,0,bachelor_or_equivalent,internship,9000,13000,true,参与AI应用开发工程师相关项目，重点使用RAG应用、向量数据库、智能体开发、MCP与工具调用、API设计、后端服务开发；岗位、企业和薪资均为演示数据。,2026-08-19,2026-10-18,模拟岗位/演示数据，不代表真实招聘机会,1.2.0,synthetic,true,SRC-ONET|SRC-ESCO|SRC-SYNTH,2026-09-13T00:00:00+08:00,0.88,synthetic,not_applicable,,cc_by_4_0_attribution,false,dev
JOB-AI-APP-0061,ROLE-AI-APP,AI应用开发工程师（实习/校招）,模拟企业-099,物流科技,西安,hybrid,campus,0,bachelor_or_equivalent,full_time,8500,12500,true,参与AI应用开发工程师相关项目，重点使用向量数据库、智能体开发、MCP与工具调用、API设计、后端服务开发、Docker容器；岗位、企业和薪资均为演示数据。,2026-08-18,2026-10-17,模拟岗位/演示数据，不代表真实招聘机会,1.2.0,synthetic,true,SRC-ONET|SRC-ESCO|SRC-SYNTH,2026-09-13T00:00:00+08:00,0.88,synthetic,not_applicable,,cc_by_4_0_attribution,false,dev
JOB-AI-APP-0062,ROLE-AI-APP,AI应用开发工程师（实习/校招）,模拟企业-106,内容平台,杭州,remote,campus,0,bachelor_or_equivalent,internship,10500,14500,true,参与AI应用开发工程师相关项目，重点使用智能体开发、MCP与工具调用、API设计、后端服务开发、Docker容器、CI/CD；岗位、企业和薪资均为演示数据。,2026-08-17,2026-10-16,模拟岗位/演示数据，不代表真实招聘机会,1.2.0,synthetic,true,SRC-ONET|SRC-ESCO|SRC-SYNTH,2026-09-13T00:00:00+08:00,0.88,synthetic,not_applicable,,cc_by_4_0_attribution,false,dev
JOB-AI-APP-0063,ROLE-AI-APP,AI应用开发工程师（实习/校招）,模拟企业-113,企业服务,上海,onsite,campus,0,bachelor_or_equivalent,full_time,11000,15000,true,参与AI应用开发工程师相关项目，重点使用MCP与工具调用、API设计、后端服务开发、Docker容器、CI/CD、云端部署；岗位、企业和薪资均为演示数据。,2026-08-16,2026-10-15,模拟岗位/演示数据，不代表真实招聘机会,1.2.0,synthetic,true,SRC-ONET|SRC-ESCO|SRC-SYNTH,2026-09-13T00:00:00+08:00,0.88,synthetic,not_applicable,,cc_by_4_0_attribution,false,dev
JOB-AI-APP-0064,ROLE-AI-APP,AI应用开发工程师（实习/校招）,模拟企业-120,智能制造,北京,hybrid,campus,0,bachelor_or_equivalent,internship,11500,15500,true,参与AI应用开发工程师相关项目，重点使用API设计、后端服务开发、Docker容器、CI/CD、云端部署、监控与可观测性；岗位、企业和薪资均为演示数据。,2026-08-15,2026-10-14,模拟岗位/演示数据，不代表真实招聘机会,1.2.0,synthetic,true,SRC-ONET|SRC-ESCO|SRC-SYNTH,2026-09-13T00:00:00+08:00,0.88,synthetic,not_applicable,,cc_by_4_0_attribution,false,dev
JOB-AI-APP-0065,ROLE-AI-APP,AI应用开发工程师（实习/校招）,模拟企业-127,教育科技,深圳,remote,campus,0,bachelor_or_equivalent,full_time,11000,15000,true,参与AI应用开发工程师相关项目，重点使用后端服务开发、Docker容器、CI/CD、云端部署、监控与可观测性、需求分析；岗位、企业和薪资均为演示数据。,2026-08-14,2026-10-13,模拟岗位/演示数据，不代表真实招聘机会,1.2.0,synthetic,true,SRC-ONET|SRC-ESCO|SRC-SYNTH,2026-09-13T00:00:00+08:00,0.88,synthetic,not_applicable,,cc_by_4_0_attribution,false,dev
JOB-AI-APP-0066,ROLE-AI-APP,AI应用开发工程师（实习/校招）,模拟企业-134,零售科技,南京,onsite,campus,0,bachelor_or_equivalent,internship,9500,13500,true,参与AI应用开发工程师相关项目，重点使用Docker容器、CI/CD、云端部署、监控与可观测性、需求分析、跨岗位沟通；岗位、企业和薪资均为演示数据。,2026-08-13,2026-10-12,模拟岗位/演示数据，不代表真实招聘机会,1.2.0,synthetic,true,SRC-ONET|SRC-ESCO|SRC-SYNTH,2026-09-13T00:00:00+08:00,0.88,synthetic,not_applicable,,cc_by_4_0_attribution,false,dev
JOB-AI-APP-0067,ROLE-AI-APP,AI应用开发工程师（实习/校招）,模拟企业-141,金融科技,成都,hybrid,campus,0,bachelor_or_equivalent,full_time,9000,13000,true,参与AI应用开发工程师相关项目，重点使用CI/CD、云端部署、监控与可观测性、需求分析、跨岗位沟通、Python编程；岗位、企业和薪资均为演示数据。,2026-08-12,2026-10-11,模拟岗位/演示数据，不代表真实招聘机会,1.2.0,synthetic,true,SRC-ONET|SRC-ESCO|SRC-SYNTH,2026-09-13T00:00:00+08:00,0.88,synthetic,not_applicable,,cc_by_4_0_attribution,false,dev
JOB-AI-APP-0068,ROLE-AI-APP,AI应用开发工程师（实习/校招）,模拟企业-148,医疗信息化,武汉,remote,campus,0,bachelor_or_equivalent,internship,9000,13000,true,参与AI应用开发工程师相关项目，重点使用云端部署、监控与可观测性、需求分析、跨岗位沟通、Python编程、软件工程；岗位、企业和薪资均为演示数据。,2026-08-11,2026-10-10,模拟岗位/演示数据，不代表真实招聘机会,1.2.0,synthetic,true,SRC-ONET|SRC-ESCO|SRC-SYNTH,2026-09-13T00:00:00+08:00,0.88,synthetic,not_applicable,,cc_by_4_0_attribution,false,dev
JOB-AI-APP-0069,ROLE-AI-APP,AI应用开发工程师（实习/校招）,模拟企业-155,物流科技,西安,onsite,campus,0,bachelor_or_equivalent,full_time,8500,12500,true,参与AI应用开发工程师相关项目，重点使用监控与可观测性、需求分析、跨岗位沟通、Python编程、软件工程、测试与调试；岗位、企业和薪资均为演示数据。,2026-08-10,2026-10-09,模拟岗位/演示数据，不代表真实招聘机会,1.2.0,synthetic,true,SRC-ONET|SRC-ESCO|SRC-SYNTH,2026-09-13T00:00:00+08:00,0.88,synthetic,not_applicable,,cc_by_4_0_attribution,false,dev
JOB-AI-APP-0070,ROLE-AI-APP,AI应用开发工程师（实习/校招）,模拟企业-162,内容平台,杭州,hybrid,campus,0,bachelor_or_equivalent,internship,10500,14500,true,参与AI应用开发工程师相关项目，重点使用需求分析、跨岗位沟通、Python编程、软件工程、测试与调试、SQL；岗位、企业和薪资均为演示数据。,2026-08-09,2026-10-08,模拟岗位/演示数据，不代表真实招聘机会,1.2.0,synthetic,true,SRC-ONET|SRC-ESCO|SRC-SYNTH,2026-09-13T00:00:00+08:00,0.88,synthetic,not_applicable,,cc_by_4_0_attribution,false,dev
JOB-AI-APP-0071,ROLE-AI-APP,AI应用开发工程师（实习/校招）,模拟企业-169,企业服务,上海,remote,campus,0,bachelor_or_equivalent,full_time,11000,15000,true,参与AI应用开发工程师相关项目，重点使用跨岗位沟通、Python编程、软件工程、测试与调试、SQL、大模型基础；岗位、企业和薪资均为演示数据。,2026-08-08,2026-10-07,模拟岗位/演示数据，不代表真实招聘机会,1.2.0,synthetic,true,SRC-ONET|SRC-ESCO|SRC-SYNTH,2026-09-13T00:00:00+08:00,0.88,synthetic,not_applicable,,cc_by_4_0_attribution,false,dev
JOB-AI-APP-0072,ROLE-AI-APP,AI应用开发工程师（实习/校招）,模拟企业-176,智能制造,北京,onsite,campus,0,bachelor_or_equivalent,internship,11500,15500,true,参与AI应用开发工程师相关项目，重点使用Python编程、软件工程、测试与调试、SQL、大模型基础、提示词设计；岗位、企业和薪资均为演示数据。,2026-08-07,2026-10-06,模拟岗位/演示数据，不代表真实招聘机会,1.2.0,synthetic,true,SRC-ONET|SRC-ESCO|SRC-SYNTH,2026-09-13T00:00:00+08:00,0.88,synthetic,not_applicable,,cc_by_4_0_attribution,false,dev
JOB-AI-APP-0073,ROLE-AI-APP,AI应用开发工程师（实习/校招）,模拟企业-003,教育科技,深圳,hybrid,campus,0,bachelor_or_equivalent,full_time,11000,15000,true,参与AI应用开发工程师相关项目，重点使用软件工程、测试与调试、SQL、大模型基础、提示词设计、RAG应用；岗位、企业和薪资均为演示数据。,2026-08-06,2026-10-05,模拟岗位/演示数据，不代表真实招聘机会,1.2.0,synthetic,true,SRC-ONET|SRC-ESCO|SRC-SYNTH,2026-09-13T00:00:00+08:00,0.88,synthetic,not_applicable,,cc_by_4_0_attribution,false,dev
JOB-AI-APP-0074,ROLE-AI-APP,AI应用开发工程师（实习/校招）,模拟企业-010,零售科技,南京,remote,campus,0,bachelor_or_equivalent,internship,9500,13500,true,参与AI应用开发工程师相关项目，重点使用测试与调试、SQL、大模型基础、提示词设计、RAG应用、向量数据库；岗位、企业和薪资均为演示数据。,2026-08-05,2026-10-04,模拟岗位/演示数据，不代表真实招聘机会,1.2.0,synthetic,true,SRC-ONET|SRC-ESCO|SRC-SYNTH,2026-09-13T00:00:00+08:00,0.88,synthetic,not_applicable,,cc_by_4_0_attribution,false,dev
JOB-AI-APP-0075,ROLE-AI-APP,AI应用开发工程师（实习/校招）,模拟企业-017,金融科技,成都,onsite,campus,0,bachelor_or_equivalent,full_time,9000,13000,true,参与AI应用开发工程师相关项目，重点使用SQL、大模型基础、提示词设计、RAG应用、向量数据库、智能体开发；岗位、企业和薪资均为演示数据。,2026-08-04,2026-10-03,模拟岗位/演示数据，不代表真实招聘机会,1.2.0,synthetic,true,SRC-ONET|SRC-ESCO|SRC-SYNTH,2026-09-13T00:00:00+08:00,0.88,synthetic,not_applicable,,cc_by_4_0_attribution,false,dev
JOB-AI-APP-0076,ROLE-AI-APP,AI应用开发工程师（实习/校招）,模拟企业-024,医疗信息化,武汉,hybrid,campus,0,bachelor_or_equivalent,internship,9000,13000,true,参与AI应用开发工程师相关项目，重点使用大模型基础、提示词设计、RAG应用、向量数据库、智能体开发、MCP与工具调用；岗位、企业和薪资均为演示数据。,2026-08-03,2026-10-02,模拟岗位/演示数据，不代表真实招聘机会,1.2.0,synthetic,true,SRC-ONET|SRC-ESCO|SRC-SYNTH,2026-09-13T00:00:00+08:00,0.88,synthetic,not_applicable,,cc_by_4_0_attribution,false,dev
JOB-AI-APP-0077,ROLE-AI-APP,AI应用开发工程师（实习/校招）,模拟企业-031,物流科技,西安,remote,campus,0,bachelor_or_equivalent,full_time,8500,12500,true,参与AI应用开发工程师相关项目，重点使用提示词设计、RAG应用、向量数据库、智能体开发、MCP与工具调用、API设计；岗位、企业和薪资均为演示数据。,2026-08-02,2026-10-01,模拟岗位/演示数据，不代表真实招聘机会,1.2.0,synthetic,true,SRC-ONET|SRC-ESCO|SRC-SYNTH,2026-09-13T00:00:00+08:00,0.88,synthetic,not_applicable,,cc_by_4_0_attribution,false,dev
JOB-AI-APP-0078,ROLE-AI-APP,AI应用开发工程师（实习/校招）,模拟企业-038,内容平台,杭州,onsite,campus,0,bachelor_or_equivalent,internship,10500,14500,true,参与AI应用开发工程师相关项目，重点使用RAG应用、向量数据库、智能体开发、MCP与工具调用、API设计、后端服务开发；岗位、企业和薪资均为演示数据。,2026-08-01,2026-09-30,模拟岗位/演示数据，不代表真实招聘机会,1.2.0,synthetic,true,SRC-ONET|SRC-ESCO|SRC-SYNTH,2026-09-13T00:00:00+08:00,0.88,synthetic,not_applicable,,cc_by_4_0_attribution,false,dev
JOB-AI-APP-0079,ROLE-AI-APP,AI应用开发工程师（实习/校招）,模拟企业-045,企业服务,上海,hybrid,campus,0,bachelor_or_equivalent,full_time,11000,15000,true,参与AI应用开发工程师相关项目，重点使用向量数据库、智能体开发、MCP与工具调用、API设计、后端服务开发、Docker容器；岗位、企业和薪资均为演示数据。,2026-07-31,2026-09-29,模拟岗位/演示数据，不代表真实招聘机会,1.2.0,synthetic,true,SRC-ONET|SRC-ESCO|SRC-SYNTH,2026-09-13T00:00:00+08:00,0.88,synthetic,not_applicable,,cc_by_4_0_attribution,false,dev
JOB-AI-APP-0080,ROLE-AI-APP,AI应用开发工程师（实习/校招）,模拟企业-052,智能制造,北京,remote,campus,0,bachelor_or_equivalent,internship,11500,15500,true,参与AI应用开发工程师相关项目，重点使用智能体开发、MCP与工具调用、API设计、后端服务开发、Docker容器、CI/CD；岗位、企业和薪资均为演示数据。,2026-07-30,2026-09-28,模拟岗位/演示数据，不代表真实招聘机会,1.2.0,synthetic,true,SRC-ONET|SRC-ESCO|SRC-SYNTH,2026-09-13T00:00:00+08:00,0.88,synthetic,not_applicable,,cc_by_4_0_attribution,false,dev
JOB-AI-APP-0081,ROLE-AI-APP,AI应用开发工程师（实习/校招）,模拟企业-059,教育科技,深圳,onsite,campus,0,bachelor_or_equivalent,full_time,11000,15000,true,参与AI应用开发工程师相关项目，重点使用MCP与工具调用、API设计、后端服务开发、Docker容器、CI/CD、云端部署；岗位、企业和薪资均为演示数据。,2026-07-29,2026-09-27,模拟岗位/演示数据，不代表真实招聘机会,1.2.0,synthetic,true,SRC-ONET|SRC-ESCO|SRC-SYNTH,2026-09-13T00:00:00+08:00,0.88,synthetic,not_applicable,,cc_by_4_0_attribution,false,dev
JOB-AI-APP-0082,ROLE-AI-APP,AI应用开发工程师（实习/校招）,模拟企业-066,零售科技,南京,hybrid,campus,0,bachelor_or_equivalent,internship,9500,13500,true,参与AI应用开发工程师相关项目，重点使用API设计、后端服务开发、Docker容器、CI/CD、云端部署、监控与可观测性；岗位、企业和薪资均为演示数据。,2026-07-28,2026-09-26,模拟岗位/演示数据，不代表真实招聘机会,1.2.0,synthetic,true,SRC-ONET|SRC-ESCO|SRC-SYNTH,2026-09-13T00:00:00+08:00,0.88,synthetic,not_applicable,,cc_by_4_0_attribution,false,dev
JOB-AI-APP-0083,ROLE-AI-APP,AI应用开发工程师（实习/校招）,模拟企业-073,金融科技,成都,remote,campus,0,bachelor_or_equivalent,full_time,9000,13000,true,参与AI应用开发工程师相关项目，重点使用后端服务开发、Docker容器、CI/CD、云端部署、监控与可观测性、需求分析；岗位、企业和薪资均为演示数据。,2026-07-27,2026-09-25,模拟岗位/演示数据，不代表真实招聘机会,1.2.0,synthetic,true,SRC-ONET|SRC-ESCO|SRC-SYNTH,2026-09-13T00:00:00+08:00,0.88,synthetic,not_applicable,,cc_by_4_0_attribution,false,dev
JOB-AI-APP-0084,ROLE-AI-APP,AI应用开发工程师（实习/校招）,模拟企业-080,医疗信息化,武汉,onsite,campus,0,bachelor_or_equivalent,internship,9000,13000,true,参与AI应用开发工程师相关项目，重点使用Docker容器、CI/CD、云端部署、监控与可观测性、需求分析、跨岗位沟通；岗位、企业和薪资均为演示数据。,2026-07-26,2026-09-24,模拟岗位/演示数据，不代表真实招聘机会,1.2.0,synthetic,true,SRC-ONET|SRC-ESCO|SRC-SYNTH,2026-09-13T00:00:00+08:00,0.88,synthetic,not_applicable,,cc_by_4_0_attribution,false,dev
JOB-AI-APP-0085,ROLE-AI-APP,AI应用开发工程师（实习/校招）,模拟企业-087,物流科技,西安,hybrid,campus,0,bachelor_or_equivalent,full_time,8500,12500,true,参与AI应用开发工程师相关项目，重点使用CI/CD、云端部署、监控与可观测性、需求分析、跨岗位沟通、Python编程；岗位、企业和薪资均为演示数据。,2026-07-25,2026-09-23,模拟岗位/演示数据，不代表真实招聘机会,1.2.0,synthetic,true,SRC-ONET|SRC-ESCO|SRC-SYNTH,2026-09-13T00:00:00+08:00,0.88,synthetic,not_applicable,,cc_by_4_0_attribution,false,dev
JOB-AI-APP-0086,ROLE-AI-APP,AI应用开发工程师（实习/校招）,模拟企业-094,内容平台,杭州,remote,campus,0,bachelor_or_equivalent,internship,10500,14500,true,参与AI应用开发工程师相关项目，重点使用云端部署、监控与可观测性、需求分析、跨岗位沟通、Python编程、软件工程；岗位、企业和薪资均为演示数据。,2026-07-24,2026-09-22,模拟岗位/演示数据，不代表真实招聘机会,1.2.0,synthetic,true,SRC-ONET|SRC-ESCO|SRC-SYNTH,2026-09-13T00:00:00+08:00,0.88,synthetic,not_applicable,,cc_by_4_0_attribution,false,dev
JOB-AI-APP-0087,ROLE-AI-APP,AI应用开发工程师（实习/校招）,模拟企业-101,企业服务,上海,onsite,campus,0,bachelor_or_equivalent,full_time,11000,15000,true,参与AI应用开发工程师相关项目，重点使用监控与可观测性、需求分析、跨岗位沟通、Python编程、软件工程、测试与调试；岗位、企业和薪资均为演示数据。,2026-07-23,2026-09-21,模拟岗位/演示数据，不代表真实招聘机会,1.2.0,synthetic,true,SRC-ONET|SRC-ESCO|SRC-SYNTH,2026-09-13T00:00:00+08:00,0.88,synthetic,not_applicable,,cc_by_4_0_attribution,false,dev
JOB-AI-APP-0088,ROLE-AI-APP,AI应用开发工程师（实习/校招）,模拟企业-108,智能制造,北京,hybrid,campus,0,bachelor_or_equivalent,internship,11500,15500,true,参与AI应用开发工程师相关项目，重点使用需求分析、跨岗位沟通、Python编程、软件工程、测试与调试、SQL；岗位、企业和薪资均为演示数据。,2026-07-22,2026-09-20,模拟岗位/演示数据，不代表真实招聘机会,1.2.0,synthetic,true,SRC-ONET|SRC-ESCO|SRC-SYNTH,2026-09-13T00:00:00+08:00,0.88,synthetic,not_applicable,,cc_by_4_0_attribution,false,dev
JOB-AI-APP-0089,ROLE-AI-APP,AI应用开发工程师（实习/校招）,模拟企业-115,教育科技,深圳,remote,campus,0,bachelor_or_equivalent,full_time,11000,15000,true,参与AI应用开发工程师相关项目，重点使用跨岗位沟通、Python编程、软件工程、测试与调试、SQL、大模型基础；岗位、企业和薪资均为演示数据。,2026-07-21,2026-09-19,模拟岗位/演示数据，不代表真实招聘机会,1.2.0,synthetic,true,SRC-ONET|SRC-ESCO|SRC-SYNTH,2026-09-13T00:00:00+08:00,0.88,synthetic,not_applicable,,cc_by_4_0_attribution,false,dev
JOB-AI-APP-0090,ROLE-AI-APP,AI应用开发工程师（实习/校招）,模拟企业-122,零售科技,南京,onsite,campus,0,bachelor_or_equivalent,internship,9500,13500,true,参与AI应用开发工程师相关项目，重点使用Python编程、软件工程、测试与调试、SQL、大模型基础、提示词设计；岗位、企业和薪资均为演示数据。,2026-09-03,2026-11-02,模拟岗位/演示数据，不代表真实招聘机会,1.2.0,synthetic,true,SRC-ONET|SRC-ESCO|SRC-SYNTH,2026-09-13T00:00:00+08:00,0.88,synthetic,not_applicable,,cc_by_4_0_attribution,false,dev
JOB-AI-APP-0091,ROLE-AI-APP,AI应用开发工程师（实习/校招）,模拟企业-129,金融科技,成都,hybrid,campus,0,bachelor_or_equivalent,full_time,9000,13000,true,参与AI应用开发工程师相关项目，重点使用软件工程、测试与调试、SQL、大模型基础、提示词设计、RAG应用；岗位、企业和薪资均为演示数据。,2026-09-02,2026-11-01,模拟岗位/演示数据，不代表真实招聘机会,1.2.0,synthetic,true,SRC-ONET|SRC-ESCO|SRC-SYNTH,2026-09-13T00:00:00+08:00,0.88,synthetic,not_applicable,,cc_by_4_0_attribution,false,dev
JOB-AI-APP-0092,ROLE-AI-APP,AI应用开发工程师（实习/校招）,模拟企业-136,医疗信息化,武汉,remote,campus,0,bachelor_or_equivalent,internship,9000,13000,true,参与AI应用开发工程师相关项目，重点使用测试与调试、SQL、大模型基础、提示词设计、RAG应用、向量数据库；岗位、企业和薪资均为演示数据。,2026-09-01,2026-10-31,模拟岗位/演示数据，不代表真实招聘机会,1.2.0,synthetic,true,SRC-ONET|SRC-ESCO|SRC-SYNTH,2026-09-13T00:00:00+08:00,0.88,synthetic,not_applicable,,cc_by_4_0_attribution,false,dev
JOB-AI-APP-0093,ROLE-AI-APP,AI应用开发工程师（实习/校招）,模拟企业-143,物流科技,西安,onsite,campus,0,bachelor_or_equivalent,full_time,8500,12500,true,参与AI应用开发工程师相关项目，重点使用SQL、大模型基础、提示词设计、RAG应用、向量数据库、智能体开发；岗位、企业和薪资均为演示数据。,2026-08-31,2026-10-30,模拟岗位/演示数据，不代表真实招聘机会,1.2.0,synthetic,true,SRC-ONET|SRC-ESCO|SRC-SYNTH,2026-09-13T00:00:00+08:00,0.88,synthetic,not_applicable,,cc_by_4_0_attribution,false,dev
JOB-AI-APP-0094,ROLE-AI-APP,AI应用开发工程师（实习/校招）,模拟企业-150,内容平台,杭州,hybrid,campus,0,bachelor_or_equivalent,internship,10500,14500,true,参与AI应用开发工程师相关项目，重点使用大模型基础、提示词设计、RAG应用、向量数据库、智能体开发、MCP与工具调用；岗位、企业和薪资均为演示数据。,2026-08-30,2026-10-29,模拟岗位/演示数据，不代表真实招聘机会,1.2.0,synthetic,true,SRC-ONET|SRC-ESCO|SRC-SYNTH,2026-09-13T00:00:00+08:00,0.88,synthetic,not_applicable,,cc_by_4_0_attribution,false,dev
JOB-AI-APP-0095,ROLE-AI-APP,AI应用开发工程师（实习/校招）,模拟企业-157,企业服务,上海,remote,campus,0,bachelor_or_equivalent,full_time,11000,15000,true,参与AI应用开发工程师相关项目，重点使用提示词设计、RAG应用、向量数据库、智能体开发、MCP与工具调用、API设计；岗位、企业和薪资均为演示数据。,2026-08-29,2026-10-28,模拟岗位/演示数据，不代表真实招聘机会,1.2.0,synthetic,true,SRC-ONET|SRC-ESCO|SRC-SYNTH,2026-09-13T00:00:00+08:00,0.88,synthetic,not_applicable,,cc_by_4_0_attribution,false,dev
JOB-AI-APP-0096,ROLE-AI-APP,AI应用开发工程师（实习/校招）,模拟企业-164,智能制造,北京,onsite,campus,0,bachelor_or_equivalent,internship,11500,15500,true,参与AI应用开发工程师相关项目，重点使用RAG应用、向量数据库、智能体开发、MCP与工具调用、API设计、后端服务开发；岗位、企业和薪资均为演示数据。,2026-08-28,2026-10-27,模拟岗位/演示数据，不代表真实招聘机会,1.2.0,synthetic,true,SRC-ONET|SRC-ESCO|SRC-SYNTH,2026-09-13T00:00:00+08:00,0.88,synthetic,not_applicable,,cc_by_4_0_attribution,false,dev
JOB-AI-APP-0097,ROLE-AI-APP,AI应用开发工程师（实习/校招）,模拟企业-171,教育科技,深圳,hybrid,campus,0,bachelor_or_equivalent,full_time,11000,15000,true,参与AI应用开发工程师相关项目，重点使用向量数据库、智能体开发、MCP与工具调用、API设计、后端服务开发、Docker容器；岗位、企业和薪资均为演示数据。,2026-08-27,2026-10-26,模拟岗位/演示数据，不代表真实招聘机会,1.2.0,synthetic,true,SRC-ONET|SRC-ESCO|SRC-SYNTH,2026-09-13T00:00:00+08:00,0.88,synthetic,not_applicable,,cc_by_4_0_attribution,false,dev
JOB-AI-APP-0098,ROLE-AI-APP,AI应用开发工程师（实习/校招）,模拟企业-178,零售科技,南京,remote,campus,0,bachelor_or_equivalent,internship,9500,13500,true,参与AI应用开发工程师相关项目，重点使用智能体开发、MCP与工具调用、API设计、后端服务开发、Docker容器、CI/CD；岗位、企业和薪资均为演示数据。,2026-08-26,2026-10-25,模拟岗位/演示数据，不代表真实招聘机会,1.2.0,synthetic,true,SRC-ONET|SRC-ESCO|SRC-SYNTH,2026-09-13T00:00:00+08:00,0.88,synthetic,not_applicable,,cc_by_4_0_attribution,false,dev
JOB-AI-APP-0099,ROLE-AI-APP,AI应用开发工程师（实习/校招）,模拟企业-005,金融科技,成都,onsite,campus,0,bachelor_or_equivalent,full_time,9000,13000,true,参与AI应用开发工程师相关项目，重点使用MCP与工具调用、API设计、后端服务开发、Docker容器、CI/CD、云端部署；岗位、企业和薪资均为演示数据。,2026-08-25,2026-10-24,模拟岗位/演示数据，不代表真实招聘机会,1.2.0,synthetic,true,SRC-ONET|SRC-ESCO|SRC-SYNTH,2026-09-13T00:00:00+08:00,0.88,synthetic,not_applicable,,cc_by_4_0_attribution,false,dev
JOB-AI-APP-0100,ROLE-AI-APP,AI应用开发工程师（实习/校招）,模拟企业-012,医疗信息化,武汉,hybrid,campus,0,bachelor_or_equivalent,internship,9000,13000,true,参与AI应用开发工程师相关项目，重点使用API设计、后端服务开发、Docker容器、CI/CD、云端部署、监控与可观测性；岗位、企业和薪资均为演示数据。,2026-08-24,2026-10-23,模拟岗位/演示数据，不代表真实招聘机会,1.2.0,synthetic,true,SRC-ONET|SRC-ESCO|SRC-SYNTH,2026-09-13T00:00:00+08:00,0.88,synthetic,not_applicable,,cc_by_4_0_attribution,false,dev
JOB-DATA-0001,ROLE-DATA,数据分析师（实习/校招）,模拟企业-070,零售科技,成都,hybrid,campus,0,bachelor_or_equivalent,full_time,8000,12000,true,参与数据分析师相关项目，重点使用SQL、数据清洗、统计学基础、探索性数据分析、数据可视化、Excel与BI工具；岗位、企业和薪资均为演示数据。,2026-09-02,2026-11-01,模拟岗位/演示数据，不代表真实招聘机会,1.2.0,synthetic,true,SRC-ONET|SRC-ESCO|SRC-SYNTH,2026-09-13T00:00:00+08:00,0.88,synthetic,not_applicable,,cc_by_4_0_attribution,false,dev
JOB-DATA-0002,ROLE-DATA,数据分析师（实习/校招）,模拟企业-077,金融科技,武汉,remote,campus,0,bachelor_or_equivalent,internship,8000,12000,true,参与数据分析师相关项目，重点使用数据清洗、统计学基础、探索性数据分析、数据可视化、Excel与BI工具、数据建模；岗位、企业和薪资均为演示数据。,2026-09-01,2026-10-31,模拟岗位/演示数据，不代表真实招聘机会,1.2.0,synthetic,true,SRC-ONET|SRC-ESCO|SRC-SYNTH,2026-09-13T00:00:00+08:00,0.88,synthetic,not_applicable,,cc_by_4_0_attribution,false,dev
JOB-DATA-0003,ROLE-DATA,数据分析师（实习/校招）,模拟企业-084,医疗信息化,西安,onsite,campus,0,bachelor_or_equivalent,full_time,7500,11500,true,参与数据分析师相关项目，重点使用统计学基础、探索性数据分析、数据可视化、Excel与BI工具、数据建模、实验与A/B测试；岗位、企业和薪资均为演示数据。,2026-08-31,2026-10-30,模拟岗位/演示数据，不代表真实招聘机会,1.2.0,synthetic,true,SRC-ONET|SRC-ESCO|SRC-SYNTH,2026-09-13T00:00:00+08:00,0.88,synthetic,not_applicable,,cc_by_4_0_attribution,false,dev
JOB-DATA-0004,ROLE-DATA,数据分析师（实习/校招）,模拟企业-091,物流科技,杭州,hybrid,campus,0,bachelor_or_equivalent,internship,9500,13500,true,参与数据分析师相关项目，重点使用探索性数据分析、数据可视化、Excel与BI工具、数据建模、实验与A/B测试、数据工程管道；岗位、企业和薪资均为演示数据。,2026-08-30,2026-10-29,模拟岗位/演示数据，不代表真实招聘机会,1.2.0,synthetic,true,SRC-ONET|SRC-ESCO|SRC-SYNTH,2026-09-13T00:00:00+08:00,0.88,synthetic,not_applicable,,cc_by_4_0_attribution,false,dev
JOB-DATA-0005,ROLE-DATA,数据分析师（实习/校招）,模拟企业-098,内容平台,上海,remote,campus,0,bachelor_or_equivalent,full_time,10000,14000,true,参与数据分析师相关项目，重点使用数据可视化、Excel与BI工具、数据建模、实验与A/B测试、数据工程管道、问题拆解；岗位、企业和薪资均为演示数据。,2026-08-29,2026-10-28,模拟岗位/演示数据，不代表真实招聘机会,1.2.0,synthetic,true,SRC-ONET|SRC-ESCO|SRC-SYNTH,2026-09-13T00:00:00+08:00,0.88,synthetic,not_applicable,,cc_by_4_0_attribution,false,dev
JOB-DATA-0006,ROLE-DATA,数据分析师（实习/校招）,模拟企业-105,企业服务,北京,onsite,campus,0,bachelor_or_equivalent,internship,10500,14500,true,参与数据分析师相关项目，重点使用Excel与BI工具、数据建模、实验与A/B测试、数据工程管道、问题拆解、需求分析；岗位、企业和薪资均为演示数据。,2026-08-28,2026-10-27,模拟岗位/演示数据，不代表真实招聘机会,1.2.0,synthetic,true,SRC-ONET|SRC-ESCO|SRC-SYNTH,2026-09-13T00:00:00+08:00,0.88,synthetic,not_applicable,,cc_by_4_0_attribution,false,dev
JOB-DATA-0007,ROLE-DATA,数据分析师（实习/校招）,模拟企业-112,智能制造,深圳,hybrid,campus,0,bachelor_or_equivalent,full_time,10000,14000,true,参与数据分析师相关项目，重点使用数据建模、实验与A/B测试、数据工程管道、问题拆解、需求分析、用户研究；岗位、企业和薪资均为演示数据。,2026-08-27,2026-10-26,模拟岗位/演示数据，不代表真实招聘机会,1.2.0,synthetic,true,SRC-ONET|SRC-ESCO|SRC-SYNTH,2026-09-13T00:00:00+08:00,0.88,synthetic,not_applicable,,cc_by_4_0_attribution,false,dev
JOB-DATA-0008,ROLE-DATA,数据分析师（实习/校招）,模拟企业-119,教育科技,南京,remote,campus,0,bachelor_or_equivalent,internship,8500,12500,true,参与数据分析师相关项目，重点使用实验与A/B测试、数据工程管道、问题拆解、需求分析、用户研究、指标设计；岗位、企业和薪资均为演示数据。,2026-08-26,2026-10-25,模拟岗位/演示数据，不代表真实招聘机会,1.2.0,synthetic,true,SRC-ONET|SRC-ESCO|SRC-SYNTH,2026-09-13T00:00:00+08:00,0.88,synthetic,not_applicable,,cc_by_4_0_attribution,false,dev
JOB-DATA-0009,ROLE-DATA,数据分析师（实习/校招）,模拟企业-126,零售科技,成都,onsite,campus,0,bachelor_or_equivalent,full_time,8000,12000,true,参与数据分析师相关项目，重点使用数据工程管道、问题拆解、需求分析、用户研究、指标设计、业务理解；岗位、企业和薪资均为演示数据。,2026-08-25,2026-10-24,模拟岗位/演示数据，不代表真实招聘机会,1.2.0,synthetic,true,SRC-ONET|SRC-ESCO|SRC-SYNTH,2026-09-13T00:00:00+08:00,0.88,synthetic,not_applicable,,cc_by_4_0_attribution,false,dev
JOB-DATA-0010,ROLE-DATA,数据分析师（实习/校招）,模拟企业-133,金融科技,武汉,hybrid,campus,0,bachelor_or_equivalent,internship,8000,12000,true,参与数据分析师相关项目，重点使用问题拆解、需求分析、用户研究、指标设计、业务理解、书面沟通；岗位、企业和薪资均为演示数据。,2026-08-24,2026-10-23,模拟岗位/演示数据，不代表真实招聘机会,1.2.0,synthetic,true,SRC-ONET|SRC-ESCO|SRC-SYNTH,2026-09-13T00:00:00+08:00,0.88,synthetic,not_applicable,,cc_by_4_0_attribution,false,dev
JOB-DATA-0011,ROLE-DATA,数据分析师（实习/校招）,模拟企业-140,医疗信息化,西安,remote,campus,0,bachelor_or_equivalent,full_time,7500,11500,true,参与数据分析师相关项目，重点使用需求分析、用户研究、指标设计、业务理解、书面沟通、表达与汇报；岗位、企业和薪资均为演示数据。,2026-08-23,2026-10-22,模拟岗位/演示数据，不代表真实招聘机会,1.2.0,synthetic,true,SRC-ONET|SRC-ESCO|SRC-SYNTH,2026-09-13T00:00:00+08:00,0.88,synthetic,not_applicable,,cc_by_4_0_attribution,false,dev
JOB-DATA-0012,ROLE-DATA,数据分析师（实习/校招）,模拟企业-147,物流科技,杭州,onsite,campus,0,bachelor_or_equivalent,internship,9500,13500,true,参与数据分析师相关项目，重点使用用户研究、指标设计、业务理解、书面沟通、表达与汇报、职业伦理与隐私；岗位、企业和薪资均为演示数据。,2026-08-22,2026-10-21,模拟岗位/演示数据，不代表真实招聘机会,1.2.0,synthetic,true,SRC-ONET|SRC-ESCO|SRC-SYNTH,2026-09-13T00:00:00+08:00,0.88,synthetic,not_applicable,,cc_by_4_0_attribution,false,dev
JOB-DATA-0013,ROLE-DATA,数据分析师（实习/校招）,模拟企业-154,内容平台,上海,hybrid,campus,0,bachelor_or_equivalent,full_time,10000,14000,true,参与数据分析师相关项目，重点使用指标设计、业务理解、书面沟通、表达与汇报、职业伦理与隐私、Python编程；岗位、企业和薪资均为演示数据。,2026-08-21,2026-10-20,模拟岗位/演示数据，不代表真实招聘机会,1.2.0,synthetic,true,SRC-ONET|SRC-ESCO|SRC-SYNTH,2026-09-13T00:00:00+08:00,0.88,synthetic,not_applicable,,cc_by_4_0_attribution,false,dev
JOB-DATA-0014,ROLE-DATA,数据分析师（实习/校招）,模拟企业-161,企业服务,北京,remote,campus,0,bachelor_or_equivalent,internship,10500,14500,true,参与数据分析师相关项目，重点使用业务理解、书面沟通、表达与汇报、职业伦理与隐私、Python编程、SQL；岗位、企业和薪资均为演示数据。,2026-08-20,2026-10-19,模拟岗位/演示数据，不代表真实招聘机会,1.2.0,synthetic,true,SRC-ONET|SRC-ESCO|SRC-SYNTH,2026-09-13T00:00:00+08:00,0.88,synthetic,not_applicable,,cc_by_4_0_attribution,false,dev
JOB-DATA-0015,ROLE-DATA,数据分析师（实习/校招）,模拟企业-168,智能制造,深圳,onsite,campus,0,bachelor_or_equivalent,full_time,10000,14000,true,参与数据分析师相关项目，重点使用书面沟通、表达与汇报、职业伦理与隐私、Python编程、SQL、数据清洗；岗位、企业和薪资均为演示数据。,2026-08-19,2026-10-18,模拟岗位/演示数据，不代表真实招聘机会,1.2.0,synthetic,true,SRC-ONET|SRC-ESCO|SRC-SYNTH,2026-09-13T00:00:00+08:00,0.88,synthetic,not_applicable,,cc_by_4_0_attribution,false,dev
JOB-DATA-0016,ROLE-DATA,数据分析师（实习/校招）,模拟企业-175,教育科技,南京,hybrid,campus,0,bachelor_or_equivalent,internship,8500,12500,true,参与数据分析师相关项目，重点使用表达与汇报、职业伦理与隐私、Python编程、SQL、数据清洗、统计学基础；岗位、企业和薪资均为演示数据。,2026-08-18,2026-10-17,模拟岗位/演示数据，不代表真实招聘机会,1.2.0,synthetic,true,SRC-ONET|SRC-ESCO|SRC-SYNTH,2026-09-13T00:00:00+08:00,0.88,synthetic,not_applicable,,cc_by_4_0_attribution,false,dev
JOB-DATA-0017,ROLE-DATA,数据分析师（实习/校招）,模拟企业-002,零售科技,成都,remote,campus,0,bachelor_or_equivalent,full_time,8000,12000,true,参与数据分析师相关项目，重点使用职业伦理与隐私、Python编程、SQL、数据清洗、统计学基础、探索性数据分析；岗位、企业和薪资均为演示数据。,2026-08-17,2026-10-16,模拟岗位/演示数据，不代表真实招聘机会,1.2.0,synthetic,true,SRC-ONET|SRC-ESCO|SRC-SYNTH,2026-09-13T00:00:00+08:00,0.88,synthetic,not_applicable,,cc_by_4_0_attribution,false,dev
JOB-DATA-0018,ROLE-DATA,数据分析师（实习/校招）,模拟企业-009,金融科技,武汉,onsite,campus,0,bachelor_or_equivalent,internship,8000,12000,true,参与数据分析师相关项目，重点使用Python编程、SQL、数据清洗、统计学基础、探索性数据分析、数据可视化；岗位、企业和薪资均为演示数据。,2026-08-16,2026-10-15,模拟岗位/演示数据，不代表真实招聘机会,1.2.0,synthetic,true,SRC-ONET|SRC-ESCO|SRC-SYNTH,2026-09-13T00:00:00+08:00,0.88,synthetic,not_applicable,,cc_by_4_0_attribution,false,dev
JOB-DATA-0019,ROLE-DATA,数据分析师（实习/校招）,模拟企业-016,医疗信息化,西安,hybrid,campus,0,bachelor_or_equivalent,full_time,7500,11500,true,参与数据分析师相关项目，重点使用SQL、数据清洗、统计学基础、探索性数据分析、数据可视化、Excel与BI工具；岗位、企业和薪资均为演示数据。,2026-08-15,2026-10-14,模拟岗位/演示数据，不代表真实招聘机会,1.2.0,synthetic,true,SRC-ONET|SRC-ESCO|SRC-SYNTH,2026-09-13T00:00:00+08:00,0.88,synthetic,not_applicable,,cc_by_4_0_attribution,false,dev
JOB-DATA-0020,ROLE-DATA,数据分析师（实习/校招）,模拟企业-023,物流科技,杭州,remote,campus,0,bachelor_or_equivalent,internship,9500,13500,true,参与数据分析师相关项目，重点使用数据清洗、统计学基础、探索性数据分析、数据可视化、Excel与BI工具、数据建模；岗位、企业和薪资均为演示数据。,2026-08-14,2026-10-13,模拟岗位/演示数据，不代表真实招聘机会,1.2.0,synthetic,true,SRC-ONET|SRC-ESCO|SRC-SYNTH,2026-09-13T00:00:00+08:00,0.88,synthetic,not_applicable,,cc_by_4_0_attribution,false,dev
JOB-DATA-0021,ROLE-DATA,数据分析师（实习/校招）,模拟企业-030,内容平台,上海,onsite,campus,0,bachelor_or_equivalent,full_time,10000,14000,true,参与数据分析师相关项目，重点使用统计学基础、探索性数据分析、数据可视化、Excel与BI工具、数据建模、实验与A/B测试；岗位、企业和薪资均为演示数据。,2026-08-13,2026-10-12,模拟岗位/演示数据，不代表真实招聘机会,1.2.0,synthetic,true,SRC-ONET|SRC-ESCO|SRC-SYNTH,2026-09-13T00:00:00+08:00,0.88,synthetic,not_applicable,,cc_by_4_0_attribution,false,dev
JOB-DATA-0022,ROLE-DATA,数据分析师（实习/校招）,模拟企业-037,企业服务,北京,hybrid,campus,0,bachelor_or_equivalent,internship,10500,14500,true,参与数据分析师相关项目，重点使用探索性数据分析、数据可视化、Excel与BI工具、数据建模、实验与A/B测试、数据工程管道；岗位、企业和薪资均为演示数据。,2026-08-12,2026-10-11,模拟岗位/演示数据，不代表真实招聘机会,1.2.0,synthetic,true,SRC-ONET|SRC-ESCO|SRC-SYNTH,2026-09-13T00:00:00+08:00,0.88,synthetic,not_applicable,,cc_by_4_0_attribution,false,dev
JOB-DATA-0023,ROLE-DATA,数据分析师（实习/校招）,模拟企业-044,智能制造,深圳,remote,campus,0,bachelor_or_equivalent,full_time,10000,14000,true,参与数据分析师相关项目，重点使用数据可视化、Excel与BI工具、数据建模、实验与A/B测试、数据工程管道、问题拆解；岗位、企业和薪资均为演示数据。,2026-08-11,2026-10-10,模拟岗位/演示数据，不代表真实招聘机会,1.2.0,synthetic,true,SRC-ONET|SRC-ESCO|SRC-SYNTH,2026-09-13T00:00:00+08:00,0.88,synthetic,not_applicable,,cc_by_4_0_attribution,false,dev
JOB-DATA-0024,ROLE-DATA,数据分析师（实习/校招）,模拟企业-051,教育科技,南京,onsite,campus,0,bachelor_or_equivalent,internship,8500,12500,true,参与数据分析师相关项目，重点使用Excel与BI工具、数据建模、实验与A/B测试、数据工程管道、问题拆解、需求分析；岗位、企业和薪资均为演示数据。,2026-08-10,2026-10-09,模拟岗位/演示数据，不代表真实招聘机会,1.2.0,synthetic,true,SRC-ONET|SRC-ESCO|SRC-SYNTH,2026-09-13T00:00:00+08:00,0.88,synthetic,not_applicable,,cc_by_4_0_attribution,false,dev
JOB-DATA-0025,ROLE-DATA,数据分析师（实习/校招）,模拟企业-058,零售科技,成都,hybrid,campus,0,bachelor_or_equivalent,full_time,8000,12000,true,参与数据分析师相关项目，重点使用数据建模、实验与A/B测试、数据工程管道、问题拆解、需求分析、用户研究；岗位、企业和薪资均为演示数据。,2026-08-09,2026-10-08,模拟岗位/演示数据，不代表真实招聘机会,1.2.0,synthetic,true,SRC-ONET|SRC-ESCO|SRC-SYNTH,2026-09-13T00:00:00+08:00,0.88,synthetic,not_applicable,,cc_by_4_0_attribution,false,dev
JOB-DATA-0026,ROLE-DATA,数据分析师（实习/校招）,模拟企业-065,金融科技,武汉,remote,campus,0,bachelor_or_equivalent,internship,8000,12000,true,参与数据分析师相关项目，重点使用实验与A/B测试、数据工程管道、问题拆解、需求分析、用户研究、指标设计；岗位、企业和薪资均为演示数据。,2026-08-08,2026-10-07,模拟岗位/演示数据，不代表真实招聘机会,1.2.0,synthetic,true,SRC-ONET|SRC-ESCO|SRC-SYNTH,2026-09-13T00:00:00+08:00,0.88,synthetic,not_applicable,,cc_by_4_0_attribution,false,dev
JOB-DATA-0027,ROLE-DATA,数据分析师（实习/校招）,模拟企业-072,医疗信息化,西安,onsite,campus,0,bachelor_or_equivalent,full_time,7500,11500,true,参与数据分析师相关项目，重点使用数据工程管道、问题拆解、需求分析、用户研究、指标设计、业务理解；岗位、企业和薪资均为演示数据。,2026-08-07,2026-10-06,模拟岗位/演示数据，不代表真实招聘机会,1.2.0,synthetic,true,SRC-ONET|SRC-ESCO|SRC-SYNTH,2026-09-13T00:00:00+08:00,0.88,synthetic,not_applicable,,cc_by_4_0_attribution,false,dev
JOB-DATA-0028,ROLE-DATA,数据分析师（实习/校招）,模拟企业-079,物流科技,杭州,hybrid,campus,0,bachelor_or_equivalent,internship,9500,13500,true,参与数据分析师相关项目，重点使用问题拆解、需求分析、用户研究、指标设计、业务理解、书面沟通；岗位、企业和薪资均为演示数据。,2026-08-06,2026-10-05,模拟岗位/演示数据，不代表真实招聘机会,1.2.0,synthetic,true,SRC-ONET|SRC-ESCO|SRC-SYNTH,2026-09-13T00:00:00+08:00,0.88,synthetic,not_applicable,,cc_by_4_0_attribution,false,dev
JOB-DATA-0029,ROLE-DATA,数据分析师（实习/校招）,模拟企业-086,内容平台,上海,remote,campus,0,bachelor_or_equivalent,full_time,10000,14000,true,参与数据分析师相关项目，重点使用需求分析、用户研究、指标设计、业务理解、书面沟通、表达与汇报；岗位、企业和薪资均为演示数据。,2026-08-05,2026-10-04,模拟岗位/演示数据，不代表真实招聘机会,1.2.0,synthetic,true,SRC-ONET|SRC-ESCO|SRC-SYNTH,2026-09-13T00:00:00+08:00,0.88,synthetic,not_applicable,,cc_by_4_0_attribution,false,dev
JOB-DATA-0030,ROLE-DATA,数据分析师（实习/校招）,模拟企业-093,企业服务,北京,onsite,campus,0,bachelor_or_equivalent,internship,10500,14500,true,参与数据分析师相关项目，重点使用用户研究、指标设计、业务理解、书面沟通、表达与汇报、职业伦理与隐私；岗位、企业和薪资均为演示数据。,2026-08-04,2026-10-03,模拟岗位/演示数据，不代表真实招聘机会,1.2.0,synthetic,true,SRC-ONET|SRC-ESCO|SRC-SYNTH,2026-09-13T00:00:00+08:00,0.88,synthetic,not_applicable,,cc_by_4_0_attribution,false,dev
JOB-DATA-0031,ROLE-DATA,数据分析师（实习/校招）,模拟企业-100,智能制造,深圳,hybrid,campus,0,bachelor_or_equivalent,full_time,10000,14000,true,参与数据分析师相关项目，重点使用指标设计、业务理解、书面沟通、表达与汇报、职业伦理与隐私、Python编程；岗位、企业和薪资均为演示数据。,2026-08-03,2026-10-02,模拟岗位/演示数据，不代表真实招聘机会,1.2.0,synthetic,true,SRC-ONET|SRC-ESCO|SRC-SYNTH,2026-09-13T00:00:00+08:00,0.88,synthetic,not_applicable,,cc_by_4_0_attribution,false,dev
JOB-DATA-0032,ROLE-DATA,数据分析师（实习/校招）,模拟企业-107,教育科技,南京,remote,campus,0,bachelor_or_equivalent,internship,8500,12500,true,参与数据分析师相关项目，重点使用业务理解、书面沟通、表达与汇报、职业伦理与隐私、Python编程、SQL；岗位、企业和薪资均为演示数据。,2026-08-02,2026-10-01,模拟岗位/演示数据，不代表真实招聘机会,1.2.0,synthetic,true,SRC-ONET|SRC-ESCO|SRC-SYNTH,2026-09-13T00:00:00+08:00,0.88,synthetic,not_applicable,,cc_by_4_0_attribution,false,dev
JOB-DATA-0033,ROLE-DATA,数据分析师（实习/校招）,模拟企业-114,零售科技,成都,onsite,campus,0,bachelor_or_equivalent,full_time,8000,12000,true,参与数据分析师相关项目，重点使用书面沟通、表达与汇报、职业伦理与隐私、Python编程、SQL、数据清洗；岗位、企业和薪资均为演示数据。,2026-08-01,2026-09-30,模拟岗位/演示数据，不代表真实招聘机会,1.2.0,synthetic,true,SRC-ONET|SRC-ESCO|SRC-SYNTH,2026-09-13T00:00:00+08:00,0.88,synthetic,not_applicable,,cc_by_4_0_attribution,false,dev
JOB-DATA-0034,ROLE-DATA,数据分析师（实习/校招）,模拟企业-121,金融科技,武汉,hybrid,campus,0,bachelor_or_equivalent,internship,8000,12000,true,参与数据分析师相关项目，重点使用表达与汇报、职业伦理与隐私、Python编程、SQL、数据清洗、统计学基础；岗位、企业和薪资均为演示数据。,2026-07-31,2026-09-29,模拟岗位/演示数据，不代表真实招聘机会,1.2.0,synthetic,true,SRC-ONET|SRC-ESCO|SRC-SYNTH,2026-09-13T00:00:00+08:00,0.88,synthetic,not_applicable,,cc_by_4_0_attribution,false,dev
JOB-DATA-0035,ROLE-DATA,数据分析师（实习/校招）,模拟企业-128,医疗信息化,西安,remote,campus,0,bachelor_or_equivalent,full_time,7500,11500,true,参与数据分析师相关项目，重点使用职业伦理与隐私、Python编程、SQL、数据清洗、统计学基础、探索性数据分析；岗位、企业和薪资均为演示数据。,2026-07-30,2026-09-28,模拟岗位/演示数据，不代表真实招聘机会,1.2.0,synthetic,true,SRC-ONET|SRC-ESCO|SRC-SYNTH,2026-09-13T00:00:00+08:00,0.88,synthetic,not_applicable,,cc_by_4_0_attribution,false,dev
JOB-DATA-0036,ROLE-DATA,数据分析师（实习/校招）,模拟企业-135,物流科技,杭州,onsite,campus,0,bachelor_or_equivalent,internship,9500,13500,true,参与数据分析师相关项目，重点使用Python编程、SQL、数据清洗、统计学基础、探索性数据分析、数据可视化；岗位、企业和薪资均为演示数据。,2026-07-29,2026-09-27,模拟岗位/演示数据，不代表真实招聘机会,1.2.0,synthetic,true,SRC-ONET|SRC-ESCO|SRC-SYNTH,2026-09-13T00:00:00+08:00,0.88,synthetic,not_applicable,,cc_by_4_0_attribution,false,dev
JOB-DATA-0037,ROLE-DATA,数据分析师（实习/校招）,模拟企业-142,内容平台,上海,hybrid,campus,0,bachelor_or_equivalent,full_time,10000,14000,true,参与数据分析师相关项目，重点使用SQL、数据清洗、统计学基础、探索性数据分析、数据可视化、Excel与BI工具；岗位、企业和薪资均为演示数据。,2026-07-28,2026-09-26,模拟岗位/演示数据，不代表真实招聘机会,1.2.0,synthetic,true,SRC-ONET|SRC-ESCO|SRC-SYNTH,2026-09-13T00:00:00+08:00,0.88,synthetic,not_applicable,,cc_by_4_0_attribution,false,dev
JOB-DATA-0038,ROLE-DATA,数据分析师（实习/校招）,模拟企业-149,企业服务,北京,remote,campus,0,bachelor_or_equivalent,internship,10500,14500,true,参与数据分析师相关项目，重点使用数据清洗、统计学基础、探索性数据分析、数据可视化、Excel与BI工具、数据建模；岗位、企业和薪资均为演示数据。,2026-07-27,2026-09-25,模拟岗位/演示数据，不代表真实招聘机会,1.2.0,synthetic,true,SRC-ONET|SRC-ESCO|SRC-SYNTH,2026-09-13T00:00:00+08:00,0.88,synthetic,not_applicable,,cc_by_4_0_attribution,false,dev
JOB-DATA-0039,ROLE-DATA,数据分析师（实习/校招）,模拟企业-156,智能制造,深圳,onsite,campus,0,bachelor_or_equivalent,full_time,10000,14000,true,参与数据分析师相关项目，重点使用统计学基础、探索性数据分析、数据可视化、Excel与BI工具、数据建模、实验与A/B测试；岗位、企业和薪资均为演示数据。,2026-07-26,2026-09-24,模拟岗位/演示数据，不代表真实招聘机会,1.2.0,synthetic,true,SRC-ONET|SRC-ESCO|SRC-SYNTH,2026-09-13T00:00:00+08:00,0.88,synthetic,not_applicable,,cc_by_4_0_attribution,false,dev
JOB-DATA-0040,ROLE-DATA,数据分析师（实习/校招）,模拟企业-163,教育科技,南京,hybrid,campus,0,bachelor_or_equivalent,internship,8500,12500,true,参与数据分析师相关项目，重点使用探索性数据分析、数据可视化、Excel与BI工具、数据建模、实验与A/B测试、数据工程管道；岗位、企业和薪资均为演示数据。,2026-07-25,2026-09-23,模拟岗位/演示数据，不代表真实招聘机会,1.2.0,synthetic,true,SRC-ONET|SRC-ESCO|SRC-SYNTH,2026-09-13T00:00:00+08:00,0.88,synthetic,not_applicable,,cc_by_4_0_attribution,false,dev
JOB-DATA-0041,ROLE-DATA,数据分析师（实习/校招）,模拟企业-170,零售科技,成都,remote,campus,0,bachelor_or_equivalent,full_time,8000,12000,true,参与数据分析师相关项目，重点使用数据可视化、Excel与BI工具、数据建模、实验与A/B测试、数据工程管道、问题拆解；岗位、企业和薪资均为演示数据。,2026-07-24,2026-09-22,模拟岗位/演示数据，不代表真实招聘机会,1.2.0,synthetic,true,SRC-ONET|SRC-ESCO|SRC-SYNTH,2026-09-13T00:00:00+08:00,0.88,synthetic,not_applicable,,cc_by_4_0_attribution,false,dev
JOB-DATA-0042,ROLE-DATA,数据分析师（实习/校招）,模拟企业-177,金融科技,武汉,onsite,campus,0,bachelor_or_equivalent,internship,8000,12000,true,参与数据分析师相关项目，重点使用Excel与BI工具、数据建模、实验与A/B测试、数据工程管道、问题拆解、需求分析；岗位、企业和薪资均为演示数据。,2026-07-23,2026-09-21,模拟岗位/演示数据，不代表真实招聘机会,1.2.0,synthetic,true,SRC-ONET|SRC-ESCO|SRC-SYNTH,2026-09-13T00:00:00+08:00,0.88,synthetic,not_applicable,,cc_by_4_0_attribution,false,dev
JOB-DATA-0043,ROLE-DATA,数据分析师（实习/校招）,模拟企业-004,医疗信息化,西安,hybrid,campus,0,bachelor_or_equivalent,full_time,7500,11500,true,参与数据分析师相关项目，重点使用数据建模、实验与A/B测试、数据工程管道、问题拆解、需求分析、用户研究；岗位、企业和薪资均为演示数据。,2026-07-22,2026-09-20,模拟岗位/演示数据，不代表真实招聘机会,1.2.0,synthetic,true,SRC-ONET|SRC-ESCO|SRC-SYNTH,2026-09-13T00:00:00+08:00,0.88,synthetic,not_applicable,,cc_by_4_0_attribution,false,dev
JOB-DATA-0044,ROLE-DATA,数据分析师（实习/校招）,模拟企业-011,物流科技,杭州,remote,campus,0,bachelor_or_equivalent,internship,9500,13500,true,参与数据分析师相关项目，重点使用实验与A/B测试、数据工程管道、问题拆解、需求分析、用户研究、指标设计；岗位、企业和薪资均为演示数据。,2026-07-21,2026-09-19,模拟岗位/演示数据，不代表真实招聘机会,1.2.0,synthetic,true,SRC-ONET|SRC-ESCO|SRC-SYNTH,2026-09-13T00:00:00+08:00,0.88,synthetic,not_applicable,,cc_by_4_0_attribution,false,dev
JOB-DATA-0045,ROLE-DATA,数据分析师（实习/校招）,模拟企业-018,内容平台,上海,onsite,campus,0,bachelor_or_equivalent,full_time,10000,14000,true,参与数据分析师相关项目，重点使用数据工程管道、问题拆解、需求分析、用户研究、指标设计、业务理解；岗位、企业和薪资均为演示数据。,2026-09-03,2026-11-02,模拟岗位/演示数据，不代表真实招聘机会,1.2.0,synthetic,true,SRC-ONET|SRC-ESCO|SRC-SYNTH,2026-09-13T00:00:00+08:00,0.88,synthetic,not_applicable,,cc_by_4_0_attribution,false,dev
JOB-DATA-0046,ROLE-DATA,数据分析师（实习/校招）,模拟企业-025,企业服务,北京,hybrid,campus,0,bachelor_or_equivalent,internship,10500,14500,true,参与数据分析师相关项目，重点使用问题拆解、需求分析、用户研究、指标设计、业务理解、书面沟通；岗位、企业和薪资均为演示数据。,2026-09-02,2026-11-01,模拟岗位/演示数据，不代表真实招聘机会,1.2.0,synthetic,true,SRC-ONET|SRC-ESCO|SRC-SYNTH,2026-09-13T00:00:00+08:00,0.88,synthetic,not_applicable,,cc_by_4_0_attribution,false,dev
JOB-DATA-0047,ROLE-DATA,数据分析师（实习/校招）,模拟企业-032,智能制造,深圳,remote,campus,0,bachelor_or_equivalent,full_time,10000,14000,true,参与数据分析师相关项目，重点使用需求分析、用户研究、指标设计、业务理解、书面沟通、表达与汇报；岗位、企业和薪资均为演示数据。,2026-09-01,2026-10-31,模拟岗位/演示数据，不代表真实招聘机会,1.2.0,synthetic,true,SRC-ONET|SRC-ESCO|SRC-SYNTH,2026-09-13T00:00:00+08:00,0.88,synthetic,not_applicable,,cc_by_4_0_attribution,false,dev
JOB-DATA-0048,ROLE-DATA,数据分析师（实习/校招）,模拟企业-039,教育科技,南京,onsite,campus,0,bachelor_or_equivalent,internship,8500,12500,true,参与数据分析师相关项目，重点使用用户研究、指标设计、业务理解、书面沟通、表达与汇报、职业伦理与隐私；岗位、企业和薪资均为演示数据。,2026-08-31,2026-10-30,模拟岗位/演示数据，不代表真实招聘机会,1.2.0,synthetic,true,SRC-ONET|SRC-ESCO|SRC-SYNTH,2026-09-13T00:00:00+08:00,0.88,synthetic,not_applicable,,cc_by_4_0_attribution,false,dev
JOB-DATA-0049,ROLE-DATA,数据分析师（实习/校招）,模拟企业-046,零售科技,成都,hybrid,campus,0,bachelor_or_equivalent,full_time,8000,12000,true,参与数据分析师相关项目，重点使用指标设计、业务理解、书面沟通、表达与汇报、职业伦理与隐私、Python编程；岗位、企业和薪资均为演示数据。,2026-08-30,2026-10-29,模拟岗位/演示数据，不代表真实招聘机会,1.2.0,synthetic,true,SRC-ONET|SRC-ESCO|SRC-SYNTH,2026-09-13T00:00:00+08:00,0.88,synthetic,not_applicable,,cc_by_4_0_attribution,false,dev
JOB-DATA-0050,ROLE-DATA,数据分析师（实习/校招）,模拟企业-053,金融科技,武汉,remote,campus,0,bachelor_or_equivalent,internship,8000,12000,true,参与数据分析师相关项目，重点使用业务理解、书面沟通、表达与汇报、职业伦理与隐私、Python编程、SQL；岗位、企业和薪资均为演示数据。,2026-08-29,2026-10-28,模拟岗位/演示数据，不代表真实招聘机会,1.2.0,synthetic,true,SRC-ONET|SRC-ESCO|SRC-SYNTH,2026-09-13T00:00:00+08:00,0.88,synthetic,not_applicable,,cc_by_4_0_attribution,false,dev
JOB-DATA-0051,ROLE-DATA,数据分析师（实习/校招）,模拟企业-060,医疗信息化,西安,onsite,campus,0,bachelor_or_equivalent,full_time,7500,11500,true,参与数据分析师相关项目，重点使用书面沟通、表达与汇报、职业伦理与隐私、Python编程、SQL、数据清洗；岗位、企业和薪资均为演示数据。,2026-08-28,2026-10-27,模拟岗位/演示数据，不代表真实招聘机会,1.2.0,synthetic,true,SRC-ONET|SRC-ESCO|SRC-SYNTH,2026-09-13T00:00:00+08:00,0.88,synthetic,not_applicable,,cc_by_4_0_attribution,false,dev
JOB-DATA-0052,ROLE-DATA,数据分析师（实习/校招）,模拟企业-067,物流科技,杭州,hybrid,campus,0,bachelor_or_equivalent,internship,9500,13500,true,参与数据分析师相关项目，重点使用表达与汇报、职业伦理与隐私、Python编程、SQL、数据清洗、统计学基础；岗位、企业和薪资均为演示数据。,2026-08-27,2026-10-26,模拟岗位/演示数据，不代表真实招聘机会,1.2.0,synthetic,true,SRC-ONET|SRC-ESCO|SRC-SYNTH,2026-09-13T00:00:00+08:00,0.88,synthetic,not_applicable,,cc_by_4_0_attribution,false,dev
JOB-DATA-0053,ROLE-DATA,数据分析师（实习/校招）,模拟企业-074,内容平台,上海,remote,campus,0,bachelor_or_equivalent,full_time,10000,14000,true,参与数据分析师相关项目，重点使用职业伦理与隐私、Python编程、SQL、数据清洗、统计学基础、探索性数据分析；岗位、企业和薪资均为演示数据。,2026-08-26,2026-10-25,模拟岗位/演示数据，不代表真实招聘机会,1.2.0,synthetic,true,SRC-ONET|SRC-ESCO|SRC-SYNTH,2026-09-13T00:00:00+08:00,0.88,synthetic,not_applicable,,cc_by_4_0_attribution,false,dev
JOB-DATA-0054,ROLE-DATA,数据分析师（实习/校招）,模拟企业-081,企业服务,北京,onsite,campus,0,bachelor_or_equivalent,internship,10500,14500,true,参与数据分析师相关项目，重点使用Python编程、SQL、数据清洗、统计学基础、探索性数据分析、数据可视化；岗位、企业和薪资均为演示数据。,2026-08-25,2026-10-24,模拟岗位/演示数据，不代表真实招聘机会,1.2.0,synthetic,true,SRC-ONET|SRC-ESCO|SRC-SYNTH,2026-09-13T00:00:00+08:00,0.88,synthetic,not_applicable,,cc_by_4_0_attribution,false,dev
JOB-DATA-0055,ROLE-DATA,数据分析师（实习/校招）,模拟企业-088,智能制造,深圳,hybrid,campus,0,bachelor_or_equivalent,full_time,10000,14000,true,参与数据分析师相关项目，重点使用SQL、数据清洗、统计学基础、探索性数据分析、数据可视化、Excel与BI工具；岗位、企业和薪资均为演示数据。,2026-08-24,2026-10-23,模拟岗位/演示数据，不代表真实招聘机会,1.2.0,synthetic,true,SRC-ONET|SRC-ESCO|SRC-SYNTH,2026-09-13T00:00:00+08:00,0.88,synthetic,not_applicable,,cc_by_4_0_attribution,false,dev
JOB-DATA-0056,ROLE-DATA,数据分析师（实习/校招）,模拟企业-095,教育科技,南京,remote,campus,0,bachelor_or_equivalent,internship,8500,12500,true,参与数据分析师相关项目，重点使用数据清洗、统计学基础、探索性数据分析、数据可视化、Excel与BI工具、数据建模；岗位、企业和薪资均为演示数据。,2026-08-23,2026-10-22,模拟岗位/演示数据，不代表真实招聘机会,1.2.0,synthetic,true,SRC-ONET|SRC-ESCO|SRC-SYNTH,2026-09-13T00:00:00+08:00,0.88,synthetic,not_applicable,,cc_by_4_0_attribution,false,dev
JOB-DATA-0057,ROLE-DATA,数据分析师（实习/校招）,模拟企业-102,零售科技,成都,onsite,campus,0,bachelor_or_equivalent,full_time,8000,12000,true,参与数据分析师相关项目，重点使用统计学基础、探索性数据分析、数据可视化、Excel与BI工具、数据建模、实验与A/B测试；岗位、企业和薪资均为演示数据。,2026-08-22,2026-10-21,模拟岗位/演示数据，不代表真实招聘机会,1.2.0,synthetic,true,SRC-ONET|SRC-ESCO|SRC-SYNTH,2026-09-13T00:00:00+08:00,0.88,synthetic,not_applicable,,cc_by_4_0_attribution,false,dev
JOB-DATA-0058,ROLE-DATA,数据分析师（实习/校招）,模拟企业-109,金融科技,武汉,hybrid,campus,0,bachelor_or_equivalent,internship,8000,12000,true,参与数据分析师相关项目，重点使用探索性数据分析、数据可视化、Excel与BI工具、数据建模、实验与A/B测试、数据工程管道；岗位、企业和薪资均为演示数据。,2026-08-21,2026-10-20,模拟岗位/演示数据，不代表真实招聘机会,1.2.0,synthetic,true,SRC-ONET|SRC-ESCO|SRC-SYNTH,2026-09-13T00:00:00+08:00,0.88,synthetic,not_applicable,,cc_by_4_0_attribution,false,dev
JOB-DATA-0059,ROLE-DATA,数据分析师（实习/校招）,模拟企业-116,医疗信息化,西安,remote,campus,0,bachelor_or_equivalent,full_time,7500,11500,true,参与数据分析师相关项目，重点使用数据可视化、Excel与BI工具、数据建模、实验与A/B测试、数据工程管道、问题拆解；岗位、企业和薪资均为演示数据。,2026-08-20,2026-10-19,模拟岗位/演示数据，不代表真实招聘机会,1.2.0,synthetic,true,SRC-ONET|SRC-ESCO|SRC-SYNTH,2026-09-13T00:00:00+08:00,0.88,synthetic,not_applicable,,cc_by_4_0_attribution,false,dev
JOB-DATA-0060,ROLE-DATA,数据分析师（实习/校招）,模拟企业-123,物流科技,杭州,onsite,campus,0,bachelor_or_equivalent,internship,9500,13500,true,参与数据分析师相关项目，重点使用Excel与BI工具、数据建模、实验与A/B测试、数据工程管道、问题拆解、需求分析；岗位、企业和薪资均为演示数据。,2026-08-19,2026-10-18,模拟岗位/演示数据，不代表真实招聘机会,1.2.0,synthetic,true,SRC-ONET|SRC-ESCO|SRC-SYNTH,2026-09-13T00:00:00+08:00,0.88,synthetic,not_applicable,,cc_by_4_0_attribution,false,dev
JOB-DATA-0061,ROLE-DATA,数据分析师（实习/校招）,模拟企业-130,内容平台,上海,hybrid,campus,0,bachelor_or_equivalent,full_time,10000,14000,true,参与数据分析师相关项目，重点使用数据建模、实验与A/B测试、数据工程管道、问题拆解、需求分析、用户研究；岗位、企业和薪资均为演示数据。,2026-08-18,2026-10-17,模拟岗位/演示数据，不代表真实招聘机会,1.2.0,synthetic,true,SRC-ONET|SRC-ESCO|SRC-SYNTH,2026-09-13T00:00:00+08:00,0.88,synthetic,not_applicable,,cc_by_4_0_attribution,false,dev
JOB-DATA-0062,ROLE-DATA,数据分析师（实习/校招）,模拟企业-137,企业服务,北京,remote,campus,0,bachelor_or_equivalent,internship,10500,14500,true,参与数据分析师相关项目，重点使用实验与A/B测试、数据工程管道、问题拆解、需求分析、用户研究、指标设计；岗位、企业和薪资均为演示数据。,2026-08-17,2026-10-16,模拟岗位/演示数据，不代表真实招聘机会,1.2.0,synthetic,true,SRC-ONET|SRC-ESCO|SRC-SYNTH,2026-09-13T00:00:00+08:00,0.88,synthetic,not_applicable,,cc_by_4_0_attribution,false,dev
JOB-DATA-0063,ROLE-DATA,数据分析师（实习/校招）,模拟企业-144,智能制造,深圳,onsite,campus,0,bachelor_or_equivalent,full_time,10000,14000,true,参与数据分析师相关项目，重点使用数据工程管道、问题拆解、需求分析、用户研究、指标设计、业务理解；岗位、企业和薪资均为演示数据。,2026-08-16,2026-10-15,模拟岗位/演示数据，不代表真实招聘机会,1.2.0,synthetic,true,SRC-ONET|SRC-ESCO|SRC-SYNTH,2026-09-13T00:00:00+08:00,0.88,synthetic,not_applicable,,cc_by_4_0_attribution,false,dev
JOB-DATA-0064,ROLE-DATA,数据分析师（实习/校招）,模拟企业-151,教育科技,南京,hybrid,campus,0,bachelor_or_equivalent,internship,8500,12500,true,参与数据分析师相关项目，重点使用问题拆解、需求分析、用户研究、指标设计、业务理解、书面沟通；岗位、企业和薪资均为演示数据。,2026-08-15,2026-10-14,模拟岗位/演示数据，不代表真实招聘机会,1.2.0,synthetic,true,SRC-ONET|SRC-ESCO|SRC-SYNTH,2026-09-13T00:00:00+08:00,0.88,synthetic,not_applicable,,cc_by_4_0_attribution,false,dev
JOB-DATA-0065,ROLE-DATA,数据分析师（实习/校招）,模拟企业-158,零售科技,成都,remote,campus,0,bachelor_or_equivalent,full_time,8000,12000,true,参与数据分析师相关项目，重点使用需求分析、用户研究、指标设计、业务理解、书面沟通、表达与汇报；岗位、企业和薪资均为演示数据。,2026-08-14,2026-10-13,模拟岗位/演示数据，不代表真实招聘机会,1.2.0,synthetic,true,SRC-ONET|SRC-ESCO|SRC-SYNTH,2026-09-13T00:00:00+08:00,0.88,synthetic,not_applicable,,cc_by_4_0_attribution,false,dev
JOB-DATA-0066,ROLE-DATA,数据分析师（实习/校招）,模拟企业-165,金融科技,武汉,onsite,campus,0,bachelor_or_equivalent,internship,8000,12000,true,参与数据分析师相关项目，重点使用用户研究、指标设计、业务理解、书面沟通、表达与汇报、职业伦理与隐私；岗位、企业和薪资均为演示数据。,2026-08-13,2026-10-12,模拟岗位/演示数据，不代表真实招聘机会,1.2.0,synthetic,true,SRC-ONET|SRC-ESCO|SRC-SYNTH,2026-09-13T00:00:00+08:00,0.88,synthetic,not_applicable,,cc_by_4_0_attribution,false,dev
JOB-DATA-0067,ROLE-DATA,数据分析师（实习/校招）,模拟企业-172,医疗信息化,西安,hybrid,campus,0,bachelor_or_equivalent,full_time,7500,11500,true,参与数据分析师相关项目，重点使用指标设计、业务理解、书面沟通、表达与汇报、职业伦理与隐私、Python编程；岗位、企业和薪资均为演示数据。,2026-08-12,2026-10-11,模拟岗位/演示数据，不代表真实招聘机会,1.2.0,synthetic,true,SRC-ONET|SRC-ESCO|SRC-SYNTH,2026-09-13T00:00:00+08:00,0.88,synthetic,not_applicable,,cc_by_4_0_attribution,false,dev
JOB-DATA-0068,ROLE-DATA,数据分析师（实习/校招）,模拟企业-179,物流科技,杭州,remote,campus,0,bachelor_or_equivalent,internship,9500,13500,true,参与数据分析师相关项目，重点使用业务理解、书面沟通、表达与汇报、职业伦理与隐私、Python编程、SQL；岗位、企业和薪资均为演示数据。,2026-08-11,2026-10-10,模拟岗位/演示数据，不代表真实招聘机会,1.2.0,synthetic,true,SRC-ONET|SRC-ESCO|SRC-SYNTH,2026-09-13T00:00:00+08:00,0.88,synthetic,not_applicable,,cc_by_4_0_attribution,false,dev
JOB-DATA-0069,ROLE-DATA,数据分析师（实习/校招）,模拟企业-006,内容平台,上海,onsite,campus,0,bachelor_or_equivalent,full_time,10000,14000,true,参与数据分析师相关项目，重点使用书面沟通、表达与汇报、职业伦理与隐私、Python编程、SQL、数据清洗；岗位、企业和薪资均为演示数据。,2026-08-10,2026-10-09,模拟岗位/演示数据，不代表真实招聘机会,1.2.0,synthetic,true,SRC-ONET|SRC-ESCO|SRC-SYNTH,2026-09-13T00:00:00+08:00,0.88,synthetic,not_applicable,,cc_by_4_0_attribution,false,dev
JOB-DATA-0070,ROLE-DATA,数据分析师（实习/校招）,模拟企业-013,企业服务,北京,hybrid,campus,0,bachelor_or_equivalent,internship,10500,14500,true,参与数据分析师相关项目，重点使用表达与汇报、职业伦理与隐私、Python编程、SQL、数据清洗、统计学基础；岗位、企业和薪资均为演示数据。,2026-08-09,2026-10-08,模拟岗位/演示数据，不代表真实招聘机会,1.2.0,synthetic,true,SRC-ONET|SRC-ESCO|SRC-SYNTH,2026-09-13T00:00:00+08:00,0.88,synthetic,not_applicable,,cc_by_4_0_attribution,false,dev
JOB-DATA-0071,ROLE-DATA,数据分析师（实习/校招）,模拟企业-020,智能制造,深圳,remote,campus,0,bachelor_or_equivalent,full_time,10000,14000,true,参与数据分析师相关项目，重点使用职业伦理与隐私、Python编程、SQL、数据清洗、统计学基础、探索性数据分析；岗位、企业和薪资均为演示数据。,2026-08-08,2026-10-07,模拟岗位/演示数据，不代表真实招聘机会,1.2.0,synthetic,true,SRC-ONET|SRC-ESCO|SRC-SYNTH,2026-09-13T00:00:00+08:00,0.88,synthetic,not_applicable,,cc_by_4_0_attribution,false,dev
JOB-DATA-0072,ROLE-DATA,数据分析师（实习/校招）,模拟企业-027,教育科技,南京,onsite,campus,0,bachelor_or_equivalent,internship,8500,12500,true,参与数据分析师相关项目，重点使用Python编程、SQL、数据清洗、统计学基础、探索性数据分析、数据可视化；岗位、企业和薪资均为演示数据。,2026-08-07,2026-10-06,模拟岗位/演示数据，不代表真实招聘机会,1.2.0,synthetic,true,SRC-ONET|SRC-ESCO|SRC-SYNTH,2026-09-13T00:00:00+08:00,0.88,synthetic,not_applicable,,cc_by_4_0_attribution,false,dev
JOB-DATA-0073,ROLE-DATA,数据分析师（实习/校招）,模拟企业-034,零售科技,成都,hybrid,campus,0,bachelor_or_equivalent,full_time,8000,12000,true,参与数据分析师相关项目，重点使用SQL、数据清洗、统计学基础、探索性数据分析、数据可视化、Excel与BI工具；岗位、企业和薪资均为演示数据。,2026-08-06,2026-10-05,模拟岗位/演示数据，不代表真实招聘机会,1.2.0,synthetic,true,SRC-ONET|SRC-ESCO|SRC-SYNTH,2026-09-13T00:00:00+08:00,0.88,synthetic,not_applicable,,cc_by_4_0_attribution,false,dev
JOB-DATA-0074,ROLE-DATA,数据分析师（实习/校招）,模拟企业-041,金融科技,武汉,remote,campus,0,bachelor_or_equivalent,internship,8000,12000,true,参与数据分析师相关项目，重点使用数据清洗、统计学基础、探索性数据分析、数据可视化、Excel与BI工具、数据建模；岗位、企业和薪资均为演示数据。,2026-08-05,2026-10-04,模拟岗位/演示数据，不代表真实招聘机会,1.2.0,synthetic,true,SRC-ONET|SRC-ESCO|SRC-SYNTH,2026-09-13T00:00:00+08:00,0.88,synthetic,not_applicable,,cc_by_4_0_attribution,false,dev
JOB-DATA-0075,ROLE-DATA,数据分析师（实习/校招）,模拟企业-048,医疗信息化,西安,onsite,campus,0,bachelor_or_equivalent,full_time,7500,11500,true,参与数据分析师相关项目，重点使用统计学基础、探索性数据分析、数据可视化、Excel与BI工具、数据建模、实验与A/B测试；岗位、企业和薪资均为演示数据。,2026-08-04,2026-10-03,模拟岗位/演示数据，不代表真实招聘机会,1.2.0,synthetic,true,SRC-ONET|SRC-ESCO|SRC-SYNTH,2026-09-13T00:00:00+08:00,0.88,synthetic,not_applicable,,cc_by_4_0_attribution,false,dev
JOB-DATA-0076,ROLE-DATA,数据分析师（实习/校招）,模拟企业-055,物流科技,杭州,hybrid,campus,0,bachelor_or_equivalent,internship,9500,13500,true,参与数据分析师相关项目，重点使用探索性数据分析、数据可视化、Excel与BI工具、数据建模、实验与A/B测试、数据工程管道；岗位、企业和薪资均为演示数据。,2026-08-03,2026-10-02,模拟岗位/演示数据，不代表真实招聘机会,1.2.0,synthetic,true,SRC-ONET|SRC-ESCO|SRC-SYNTH,2026-09-13T00:00:00+08:00,0.88,synthetic,not_applicable,,cc_by_4_0_attribution,false,dev
JOB-DATA-0077,ROLE-DATA,数据分析师（实习/校招）,模拟企业-062,内容平台,上海,remote,campus,0,bachelor_or_equivalent,full_time,10000,14000,true,参与数据分析师相关项目，重点使用数据可视化、Excel与BI工具、数据建模、实验与A/B测试、数据工程管道、问题拆解；岗位、企业和薪资均为演示数据。,2026-08-02,2026-10-01,模拟岗位/演示数据，不代表真实招聘机会,1.2.0,synthetic,true,SRC-ONET|SRC-ESCO|SRC-SYNTH,2026-09-13T00:00:00+08:00,0.88,synthetic,not_applicable,,cc_by_4_0_attribution,false,dev
JOB-DATA-0078,ROLE-DATA,数据分析师（实习/校招）,模拟企业-069,企业服务,北京,onsite,campus,0,bachelor_or_equivalent,internship,10500,14500,true,参与数据分析师相关项目，重点使用Excel与BI工具、数据建模、实验与A/B测试、数据工程管道、问题拆解、需求分析；岗位、企业和薪资均为演示数据。,2026-08-01,2026-09-30,模拟岗位/演示数据，不代表真实招聘机会,1.2.0,synthetic,true,SRC-ONET|SRC-ESCO|SRC-SYNTH,2026-09-13T00:00:00+08:00,0.88,synthetic,not_applicable,,cc_by_4_0_attribution,false,dev
JOB-DATA-0079,ROLE-DATA,数据分析师（实习/校招）,模拟企业-076,智能制造,深圳,hybrid,campus,0,bachelor_or_equivalent,full_time,10000,14000,true,参与数据分析师相关项目，重点使用数据建模、实验与A/B测试、数据工程管道、问题拆解、需求分析、用户研究；岗位、企业和薪资均为演示数据。,2026-07-31,2026-09-29,模拟岗位/演示数据，不代表真实招聘机会,1.2.0,synthetic,true,SRC-ONET|SRC-ESCO|SRC-SYNTH,2026-09-13T00:00:00+08:00,0.88,synthetic,not_applicable,,cc_by_4_0_attribution,false,dev
JOB-DATA-0080,ROLE-DATA,数据分析师（实习/校招）,模拟企业-083,教育科技,南京,remote,campus,0,bachelor_or_equivalent,internship,8500,12500,true,参与数据分析师相关项目，重点使用实验与A/B测试、数据工程管道、问题拆解、需求分析、用户研究、指标设计；岗位、企业和薪资均为演示数据。,2026-07-30,2026-09-28,模拟岗位/演示数据，不代表真实招聘机会,1.2.0,synthetic,true,SRC-ONET|SRC-ESCO|SRC-SYNTH,2026-09-13T00:00:00+08:00,0.88,synthetic,not_applicable,,cc_by_4_0_attribution,false,dev
JOB-DATA-0081,ROLE-DATA,数据分析师（实习/校招）,模拟企业-090,零售科技,成都,onsite,campus,0,bachelor_or_equivalent,full_time,8000,12000,true,参与数据分析师相关项目，重点使用数据工程管道、问题拆解、需求分析、用户研究、指标设计、业务理解；岗位、企业和薪资均为演示数据。,2026-07-29,2026-09-27,模拟岗位/演示数据，不代表真实招聘机会,1.2.0,synthetic,true,SRC-ONET|SRC-ESCO|SRC-SYNTH,2026-09-13T00:00:00+08:00,0.88,synthetic,not_applicable,,cc_by_4_0_attribution,false,dev
JOB-DATA-0082,ROLE-DATA,数据分析师（实习/校招）,模拟企业-097,金融科技,武汉,hybrid,campus,0,bachelor_or_equivalent,internship,8000,12000,true,参与数据分析师相关项目，重点使用问题拆解、需求分析、用户研究、指标设计、业务理解、书面沟通；岗位、企业和薪资均为演示数据。,2026-07-28,2026-09-26,模拟岗位/演示数据，不代表真实招聘机会,1.2.0,synthetic,true,SRC-ONET|SRC-ESCO|SRC-SYNTH,2026-09-13T00:00:00+08:00,0.88,synthetic,not_applicable,,cc_by_4_0_attribution,false,dev
JOB-DATA-0083,ROLE-DATA,数据分析师（实习/校招）,模拟企业-104,医疗信息化,西安,remote,campus,0,bachelor_or_equivalent,full_time,7500,11500,true,参与数据分析师相关项目，重点使用需求分析、用户研究、指标设计、业务理解、书面沟通、表达与汇报；岗位、企业和薪资均为演示数据。,2026-07-27,2026-09-25,模拟岗位/演示数据，不代表真实招聘机会,1.2.0,synthetic,true,SRC-ONET|SRC-ESCO|SRC-SYNTH,2026-09-13T00:00:00+08:00,0.88,synthetic,not_applicable,,cc_by_4_0_attribution,false,dev
JOB-DATA-0084,ROLE-DATA,数据分析师（实习/校招）,模拟企业-111,物流科技,杭州,onsite,campus,0,bachelor_or_equivalent,internship,9500,13500,true,参与数据分析师相关项目，重点使用用户研究、指标设计、业务理解、书面沟通、表达与汇报、职业伦理与隐私；岗位、企业和薪资均为演示数据。,2026-07-26,2026-09-24,模拟岗位/演示数据，不代表真实招聘机会,1.2.0,synthetic,true,SRC-ONET|SRC-ESCO|SRC-SYNTH,2026-09-13T00:00:00+08:00,0.88,synthetic,not_applicable,,cc_by_4_0_attribution,false,dev
JOB-DATA-0085,ROLE-DATA,数据分析师（实习/校招）,模拟企业-118,内容平台,上海,hybrid,campus,0,bachelor_or_equivalent,full_time,10000,14000,true,参与数据分析师相关项目，重点使用指标设计、业务理解、书面沟通、表达与汇报、职业伦理与隐私、Python编程；岗位、企业和薪资均为演示数据。,2026-07-25,2026-09-23,模拟岗位/演示数据，不代表真实招聘机会,1.2.0,synthetic,true,SRC-ONET|SRC-ESCO|SRC-SYNTH,2026-09-13T00:00:00+08:00,0.88,synthetic,not_applicable,,cc_by_4_0_attribution,false,dev
JOB-DATA-0086,ROLE-DATA,数据分析师（实习/校招）,模拟企业-125,企业服务,北京,remote,campus,0,bachelor_or_equivalent,internship,10500,14500,true,参与数据分析师相关项目，重点使用业务理解、书面沟通、表达与汇报、职业伦理与隐私、Python编程、SQL；岗位、企业和薪资均为演示数据。,2026-07-24,2026-09-22,模拟岗位/演示数据，不代表真实招聘机会,1.2.0,synthetic,true,SRC-ONET|SRC-ESCO|SRC-SYNTH,2026-09-13T00:00:00+08:00,0.88,synthetic,not_applicable,,cc_by_4_0_attribution,false,dev
JOB-DATA-0087,ROLE-DATA,数据分析师（实习/校招）,模拟企业-132,智能制造,深圳,onsite,campus,0,bachelor_or_equivalent,full_time,10000,14000,true,参与数据分析师相关项目，重点使用书面沟通、表达与汇报、职业伦理与隐私、Python编程、SQL、数据清洗；岗位、企业和薪资均为演示数据。,2026-07-23,2026-09-21,模拟岗位/演示数据，不代表真实招聘机会,1.2.0,synthetic,true,SRC-ONET|SRC-ESCO|SRC-SYNTH,2026-09-13T00:00:00+08:00,0.88,synthetic,not_applicable,,cc_by_4_0_attribution,false,dev
JOB-DATA-0088,ROLE-DATA,数据分析师（实习/校招）,模拟企业-139,教育科技,南京,hybrid,campus,0,bachelor_or_equivalent,internship,8500,12500,true,参与数据分析师相关项目，重点使用表达与汇报、职业伦理与隐私、Python编程、SQL、数据清洗、统计学基础；岗位、企业和薪资均为演示数据。,2026-07-22,2026-09-20,模拟岗位/演示数据，不代表真实招聘机会,1.2.0,synthetic,true,SRC-ONET|SRC-ESCO|SRC-SYNTH,2026-09-13T00:00:00+08:00,0.88,synthetic,not_applicable,,cc_by_4_0_attribution,false,dev
JOB-DATA-0089,ROLE-DATA,数据分析师（实习/校招）,模拟企业-146,零售科技,成都,remote,campus,0,bachelor_or_equivalent,full_time,8000,12000,true,参与数据分析师相关项目，重点使用职业伦理与隐私、Python编程、SQL、数据清洗、统计学基础、探索性数据分析；岗位、企业和薪资均为演示数据。,2026-07-21,2026-09-19,模拟岗位/演示数据，不代表真实招聘机会,1.2.0,synthetic,true,SRC-ONET|SRC-ESCO|SRC-SYNTH,2026-09-13T00:00:00+08:00,0.88,synthetic,not_applicable,,cc_by_4_0_attribution,false,dev
JOB-DATA-0090,ROLE-DATA,数据分析师（实习/校招）,模拟企业-153,金融科技,武汉,onsite,campus,0,bachelor_or_equivalent,internship,8000,12000,true,参与数据分析师相关项目，重点使用Python编程、SQL、数据清洗、统计学基础、探索性数据分析、数据可视化；岗位、企业和薪资均为演示数据。,2026-09-03,2026-11-02,模拟岗位/演示数据，不代表真实招聘机会,1.2.0,synthetic,true,SRC-ONET|SRC-ESCO|SRC-SYNTH,2026-09-13T00:00:00+08:00,0.88,synthetic,not_applicable,,cc_by_4_0_attribution,false,dev
JOB-DATA-0091,ROLE-DATA,数据分析师（实习/校招）,模拟企业-160,医疗信息化,西安,hybrid,campus,0,bachelor_or_equivalent,full_time,7500,11500,true,参与数据分析师相关项目，重点使用SQL、数据清洗、统计学基础、探索性数据分析、数据可视化、Excel与BI工具；岗位、企业和薪资均为演示数据。,2026-09-02,2026-11-01,模拟岗位/演示数据，不代表真实招聘机会,1.2.0,synthetic,true,SRC-ONET|SRC-ESCO|SRC-SYNTH,2026-09-13T00:00:00+08:00,0.88,synthetic,not_applicable,,cc_by_4_0_attribution,false,dev
JOB-DATA-0092,ROLE-DATA,数据分析师（实习/校招）,模拟企业-167,物流科技,杭州,remote,campus,0,bachelor_or_equivalent,internship,9500,13500,true,参与数据分析师相关项目，重点使用数据清洗、统计学基础、探索性数据分析、数据可视化、Excel与BI工具、数据建模；岗位、企业和薪资均为演示数据。,2026-09-01,2026-10-31,模拟岗位/演示数据，不代表真实招聘机会,1.2.0,synthetic,true,SRC-ONET|SRC-ESCO|SRC-SYNTH,2026-09-13T00:00:00+08:00,0.88,synthetic,not_applicable,,cc_by_4_0_attribution,false,dev
JOB-DATA-0093,ROLE-DATA,数据分析师（实习/校招）,模拟企业-174,内容平台,上海,onsite,campus,0,bachelor_or_equivalent,full_time,10000,14000,true,参与数据分析师相关项目，重点使用统计学基础、探索性数据分析、数据可视化、Excel与BI工具、数据建模、实验与A/B测试；岗位、企业和薪资均为演示数据。,2026-08-31,2026-10-30,模拟岗位/演示数据，不代表真实招聘机会,1.2.0,synthetic,true,SRC-ONET|SRC-ESCO|SRC-SYNTH,2026-09-13T00:00:00+08:00,0.88,synthetic,not_applicable,,cc_by_4_0_attribution,false,dev
JOB-DATA-0094,ROLE-DATA,数据分析师（实习/校招）,模拟企业-001,企业服务,北京,hybrid,campus,0,bachelor_or_equivalent,internship,10500,14500,true,参与数据分析师相关项目，重点使用探索性数据分析、数据可视化、Excel与BI工具、数据建模、实验与A/B测试、数据工程管道；岗位、企业和薪资均为演示数据。,2026-08-30,2026-10-29,模拟岗位/演示数据，不代表真实招聘机会,1.2.0,synthetic,true,SRC-ONET|SRC-ESCO|SRC-SYNTH,2026-09-13T00:00:00+08:00,0.88,synthetic,not_applicable,,cc_by_4_0_attribution,false,dev
JOB-DATA-0095,ROLE-DATA,数据分析师（实习/校招）,模拟企业-008,智能制造,深圳,remote,campus,0,bachelor_or_equivalent,full_time,10000,14000,true,参与数据分析师相关项目，重点使用数据可视化、Excel与BI工具、数据建模、实验与A/B测试、数据工程管道、问题拆解；岗位、企业和薪资均为演示数据。,2026-08-29,2026-10-28,模拟岗位/演示数据，不代表真实招聘机会,1.2.0,synthetic,true,SRC-ONET|SRC-ESCO|SRC-SYNTH,2026-09-13T00:00:00+08:00,0.88,synthetic,not_applicable,,cc_by_4_0_attribution,false,dev
JOB-DATA-0096,ROLE-DATA,数据分析师（实习/校招）,模拟企业-015,教育科技,南京,onsite,campus,0,bachelor_or_equivalent,internship,8500,12500,true,参与数据分析师相关项目，重点使用Excel与BI工具、数据建模、实验与A/B测试、数据工程管道、问题拆解、需求分析；岗位、企业和薪资均为演示数据。,2026-08-28,2026-10-27,模拟岗位/演示数据，不代表真实招聘机会,1.2.0,synthetic,true,SRC-ONET|SRC-ESCO|SRC-SYNTH,2026-09-13T00:00:00+08:00,0.88,synthetic,not_applicable,,cc_by_4_0_attribution,false,dev
JOB-DATA-0097,ROLE-DATA,数据分析师（实习/校招）,模拟企业-022,零售科技,成都,hybrid,campus,0,bachelor_or_equivalent,full_time,8000,12000,true,参与数据分析师相关项目，重点使用数据建模、实验与A/B测试、数据工程管道、问题拆解、需求分析、用户研究；岗位、企业和薪资均为演示数据。,2026-08-27,2026-10-26,模拟岗位/演示数据，不代表真实招聘机会,1.2.0,synthetic,true,SRC-ONET|SRC-ESCO|SRC-SYNTH,2026-09-13T00:00:00+08:00,0.88,synthetic,not_applicable,,cc_by_4_0_attribution,false,dev
JOB-DATA-0098,ROLE-DATA,数据分析师（实习/校招）,模拟企业-029,金融科技,武汉,remote,campus,0,bachelor_or_equivalent,internship,8000,12000,true,参与数据分析师相关项目，重点使用实验与A/B测试、数据工程管道、问题拆解、需求分析、用户研究、指标设计；岗位、企业和薪资均为演示数据。,2026-08-26,2026-10-25,模拟岗位/演示数据，不代表真实招聘机会,1.2.0,synthetic,true,SRC-ONET|SRC-ESCO|SRC-SYNTH,2026-09-13T00:00:00+08:00,0.88,synthetic,not_applicable,,cc_by_4_0_attribution,false,dev
JOB-DATA-0099,ROLE-DATA,数据分析师（实习/校招）,模拟企业-036,医疗信息化,西安,onsite,campus,0,bachelor_or_equivalent,full_time,7500,11500,true,参与数据分析师相关项目，重点使用数据工程管道、问题拆解、需求分析、用户研究、指标设计、业务理解；岗位、企业和薪资均为演示数据。,2026-08-25,2026-10-24,模拟岗位/演示数据，不代表真实招聘机会,1.2.0,synthetic,true,SRC-ONET|SRC-ESCO|SRC-SYNTH,2026-09-13T00:00:00+08:00,0.88,synthetic,not_applicable,,cc_by_4_0_attribution,false,dev
JOB-DATA-0100,ROLE-DATA,数据分析师（实习/校招）,模拟企业-043,物流科技,杭州,hybrid,campus,0,bachelor_or_equivalent,internship,9500,13500,true,参与数据分析师相关项目，重点使用问题拆解、需求分析、用户研究、指标设计、业务理解、书面沟通；岗位、企业和薪资均为演示数据。,2026-08-24,2026-10-23,模拟岗位/演示数据，不代表真实招聘机会,1.2.0,synthetic,true,SRC-ONET|SRC-ESCO|SRC-SYNTH,2026-09-13T00:00:00+08:00,0.88,synthetic,not_applicable,,cc_by_4_0_attribution,false,dev
