knowledge_card_id,category,title,content,keywords,related_entity_type,related_entity_id,schema_version,origin,is_synthetic,source_ids,generated_at,confidence,claim_level,verification_status,last_verified_at,license_scope,is_market_fact,data_split
KC-SKILL-001-L1,skill_level,Python编程等级1,Python编程属于编程与计算基础。等级1要求学习者理解基础概念并在指导下完成任务。评估应引用近期课程、项目、测评或工作样例。,Python编程|编程与计算基础|能力等级|证据,skill,SKILL-001,1.1.0,derived,true,SRC-ONET|SRC-ESCO|SRC-SYNTH,2026-09-05T00:00:00+08:00,0.9,primary_derived,derived,,cc_by_4_0_attribution,false,dev
KC-SKILL-001-L2,skill_level,Python编程等级2,Python编程属于编程与计算基础。等级2要求学习者理解基础概念并在指导下完成任务。评估应引用近期课程、项目、测评或工作样例。,Python编程|编程与计算基础|能力等级|证据,skill,SKILL-001,1.1.0,derived,true,SRC-ONET|SRC-ESCO|SRC-SYNTH,2026-09-05T00:00:00+08:00,0.9,primary_derived,derived,,cc_by_4_0_attribution,false,dev
KC-SKILL-001-L3,skill_level,Python编程等级3,Python编程属于编程与计算基础。等级3要求学习者独立完成常见任务、解释方法并处理异常。评估应引用近期课程、项目、测评或工作样例。,Python编程|编程与计算基础|能力等级|证据,skill,SKILL-001,1.1.0,derived,true,SRC-ONET|SRC-ESCO|SRC-SYNTH,2026-09-05T00:00:00+08:00,0.9,primary_derived,derived,,cc_by_4_0_attribution,false,dev
KC-SKILL-001-L4,skill_level,Python编程等级4,Python编程属于编程与计算基础。等级4要求学习者独立完成常见任务、解释方法并处理异常。评估应引用近期课程、项目、测评或工作样例。,Python编程|编程与计算基础|能力等级|证据,skill,SKILL-001,1.1.0,derived,true,SRC-ONET|SRC-ESCO|SRC-SYNTH,2026-09-05T00:00:00+08:00,0.9,primary_derived,derived,,cc_by_4_0_attribution,false,dev
KC-SKILL-001-L5,skill_level,Python编程等级5,Python编程属于编程与计算基础。等级5要求学习者设计复杂方案、评估风险并指导他人。评估应引用近期课程、项目、测评或工作样例。,Python编程|编程与计算基础|能力等级|证据,skill,SKILL-001,1.1.0,derived,true,SRC-ONET|SRC-ESCO|SRC-SYNTH,2026-09-05T00:00:00+08:00,0.9,primary_derived,derived,,cc_by_4_0_attribution,false,dev
KC-SKILL-002-L1,skill_level,数据结构与算法等级1,数据结构与算法属于编程与计算基础。等级1要求学习者理解基础概念并在指导下完成任务。评估应引用近期课程、项目、测评或工作样例。,数据结构与算法|编程与计算基础|能力等级|证据,skill,SKILL-002,1.1.0,derived,true,SRC-ONET|SRC-ESCO|SRC-SYNTH,2026-09-05T00:00:00+08:00,0.9,primary_derived,derived,,cc_by_4_0_attribution,false,dev
KC-SKILL-002-L2,skill_level,数据结构与算法等级2,数据结构与算法属于编程与计算基础。等级2要求学习者理解基础概念并在指导下完成任务。评估应引用近期课程、项目、测评或工作样例。,数据结构与算法|编程与计算基础|能力等级|证据,skill,SKILL-002,1.1.0,derived,true,SRC-ONET|SRC-ESCO|SRC-SYNTH,2026-09-05T00:00:00+08:00,0.9,primary_derived,derived,,cc_by_4_0_attribution,false,dev
KC-SKILL-002-L3,skill_level,数据结构与算法等级3,数据结构与算法属于编程与计算基础。等级3要求学习者独立完成常见任务、解释方法并处理异常。评估应引用近期课程、项目、测评或工作样例。,数据结构与算法|编程与计算基础|能力等级|证据,skill,SKILL-002,1.1.0,derived,true,SRC-ONET|SRC-ESCO|SRC-SYNTH,2026-09-05T00:00:00+08:00,0.9,primary_derived,derived,,cc_by_4_0_attribution,false,dev
KC-SKILL-002-L4,skill_level,数据结构与算法等级4,数据结构与算法属于编程与计算基础。等级4要求学习者独立完成常见任务、解释方法并处理异常。评估应引用近期课程、项目、测评或工作样例。,数据结构与算法|编程与计算基础|能力等级|证据,skill,SKILL-002,1.1.0,derived,true,SRC-ONET|SRC-ESCO|SRC-SYNTH,2026-09-05T00:00:00+08:00,0.9,primary_derived,derived,,cc_by_4_0_attribution,false,dev
KC-SKILL-002-L5,skill_level,数据结构与算法等级5,数据结构与算法属于编程与计算基础。等级5要求学习者设计复杂方案、评估风险并指导他人。评估应引用近期课程、项目、测评或工作样例。,数据结构与算法|编程与计算基础|能力等级|证据,skill,SKILL-002,1.1.0,derived,true,SRC-ONET|SRC-ESCO|SRC-SYNTH,2026-09-05T00:00:00+08:00,0.9,primary_derived,derived,,cc_by_4_0_attribution,false,dev
KC-SKILL-003-L1,skill_level,面向对象设计等级1,面向对象设计属于编程与计算基础。等级1要求学习者理解基础概念并在指导下完成任务。评估应引用近期课程、项目、测评或工作样例。,面向对象设计|编程与计算基础|能力等级|证据,skill,SKILL-003,1.1.0,derived,true,SRC-ONET|SRC-ESCO|SRC-SYNTH,2026-09-05T00:00:00+08:00,0.9,primary_derived,derived,,cc_by_4_0_attribution,false,dev
KC-SKILL-003-L2,skill_level,面向对象设计等级2,面向对象设计属于编程与计算基础。等级2要求学习者理解基础概念并在指导下完成任务。评估应引用近期课程、项目、测评或工作样例。,面向对象设计|编程与计算基础|能力等级|证据,skill,SKILL-003,1.1.0,derived,true,SRC-ONET|SRC-ESCO|SRC-SYNTH,2026-09-05T00:00:00+08:00,0.9,primary_derived,derived,,cc_by_4_0_attribution,false,dev
KC-SKILL-003-L3,skill_level,面向对象设计等级3,面向对象设计属于编程与计算基础。等级3要求学习者独立完成常见任务、解释方法并处理异常。评估应引用近期课程、项目、测评或工作样例。,面向对象设计|编程与计算基础|能力等级|证据,skill,SKILL-003,1.1.0,derived,true,SRC-ONET|SRC-ESCO|SRC-SYNTH,2026-09-05T00:00:00+08:00,0.9,primary_derived,derived,,cc_by_4_0_attribution,false,dev
KC-SKILL-003-L4,skill_level,面向对象设计等级4,面向对象设计属于编程与计算基础。等级4要求学习者独立完成常见任务、解释方法并处理异常。评估应引用近期课程、项目、测评或工作样例。,面向对象设计|编程与计算基础|能力等级|证据,skill,SKILL-003,1.1.0,derived,true,SRC-ONET|SRC-ESCO|SRC-SYNTH,2026-09-05T00:00:00+08:00,0.9,primary_derived,derived,,cc_by_4_0_attribution,false,dev
KC-SKILL-003-L5,skill_level,面向对象设计等级5,面向对象设计属于编程与计算基础。等级5要求学习者设计复杂方案、评估风险并指导他人。评估应引用近期课程、项目、测评或工作样例。,面向对象设计|编程与计算基础|能力等级|证据,skill,SKILL-003,1.1.0,derived,true,SRC-ONET|SRC-ESCO|SRC-SYNTH,2026-09-05T00:00:00+08:00,0.9,primary_derived,derived,,cc_by_4_0_attribution,false,dev
KC-SKILL-004-L1,skill_level,计算机系统基础等级1,计算机系统基础属于编程与计算基础。等级1要求学习者理解基础概念并在指导下完成任务。评估应引用近期课程、项目、测评或工作样例。,计算机系统基础|编程与计算基础|能力等级|证据,skill,SKILL-004,1.1.0,derived,true,SRC-ONET|SRC-ESCO|SRC-SYNTH,2026-09-05T00:00:00+08:00,0.9,primary_derived,derived,,cc_by_4_0_attribution,false,dev
KC-SKILL-004-L2,skill_level,计算机系统基础等级2,计算机系统基础属于编程与计算基础。等级2要求学习者理解基础概念并在指导下完成任务。评估应引用近期课程、项目、测评或工作样例。,计算机系统基础|编程与计算基础|能力等级|证据,skill,SKILL-004,1.1.0,derived,true,SRC-ONET|SRC-ESCO|SRC-SYNTH,2026-09-05T00:00:00+08:00,0.9,primary_derived,derived,,cc_by_4_0_attribution,false,dev
KC-SKILL-004-L3,skill_level,计算机系统基础等级3,计算机系统基础属于编程与计算基础。等级3要求学习者独立完成常见任务、解释方法并处理异常。评估应引用近期课程、项目、测评或工作样例。,计算机系统基础|编程与计算基础|能力等级|证据,skill,SKILL-004,1.1.0,derived,true,SRC-ONET|SRC-ESCO|SRC-SYNTH,2026-09-05T00:00:00+08:00,0.9,primary_derived,derived,,cc_by_4_0_attribution,false,dev
KC-SKILL-004-L4,skill_level,计算机系统基础等级4,计算机系统基础属于编程与计算基础。等级4要求学习者独立完成常见任务、解释方法并处理异常。评估应引用近期课程、项目、测评或工作样例。,计算机系统基础|编程与计算基础|能力等级|证据,skill,SKILL-004,1.1.0,derived,true,SRC-ONET|SRC-ESCO|SRC-SYNTH,2026-09-05T00:00:00+08:00,0.9,primary_derived,derived,,cc_by_4_0_attribution,false,dev
KC-SKILL-004-L5,skill_level,计算机系统基础等级5,计算机系统基础属于编程与计算基础。等级5要求学习者设计复杂方案、评估风险并指导他人。评估应引用近期课程、项目、测评或工作样例。,计算机系统基础|编程与计算基础|能力等级|证据,skill,SKILL-004,1.1.0,derived,true,SRC-ONET|SRC-ESCO|SRC-SYNTH,2026-09-05T00:00:00+08:00,0.9,primary_derived,derived,,cc_by_4_0_attribution,false,dev
KC-SKILL-005-L1,skill_level,计算机网络等级1,计算机网络属于编程与计算基础。等级1要求学习者理解基础概念并在指导下完成任务。评估应引用近期课程、项目、测评或工作样例。,计算机网络|编程与计算基础|能力等级|证据,skill,SKILL-005,1.1.0,derived,true,SRC-ONET|SRC-ESCO|SRC-SYNTH,2026-09-05T00:00:00+08:00,0.9,primary_derived,derived,,cc_by_4_0_attribution,false,dev
KC-SKILL-005-L2,skill_level,计算机网络等级2,计算机网络属于编程与计算基础。等级2要求学习者理解基础概念并在指导下完成任务。评估应引用近期课程、项目、测评或工作样例。,计算机网络|编程与计算基础|能力等级|证据,skill,SKILL-005,1.1.0,derived,true,SRC-ONET|SRC-ESCO|SRC-SYNTH,2026-09-05T00:00:00+08:00,0.9,primary_derived,derived,,cc_by_4_0_attribution,false,dev
KC-SKILL-005-L3,skill_level,计算机网络等级3,计算机网络属于编程与计算基础。等级3要求学习者独立完成常见任务、解释方法并处理异常。评估应引用近期课程、项目、测评或工作样例。,计算机网络|编程与计算基础|能力等级|证据,skill,SKILL-005,1.1.0,derived,true,SRC-ONET|SRC-ESCO|SRC-SYNTH,2026-09-05T00:00:00+08:00,0.9,primary_derived,derived,,cc_by_4_0_attribution,false,dev
KC-SKILL-005-L4,skill_level,计算机网络等级4,计算机网络属于编程与计算基础。等级4要求学习者独立完成常见任务、解释方法并处理异常。评估应引用近期课程、项目、测评或工作样例。,计算机网络|编程与计算基础|能力等级|证据,skill,SKILL-005,1.1.0,derived,true,SRC-ONET|SRC-ESCO|SRC-SYNTH,2026-09-05T00:00:00+08:00,0.9,primary_derived,derived,,cc_by_4_0_attribution,false,dev
KC-SKILL-005-L5,skill_level,计算机网络等级5,计算机网络属于编程与计算基础。等级5要求学习者设计复杂方案、评估风险并指导他人。评估应引用近期课程、项目、测评或工作样例。,计算机网络|编程与计算基础|能力等级|证据,skill,SKILL-005,1.1.0,derived,true,SRC-ONET|SRC-ESCO|SRC-SYNTH,2026-09-05T00:00:00+08:00,0.9,primary_derived,derived,,cc_by_4_0_attribution,false,dev
KC-SKILL-006-L1,skill_level,Linux使用等级1,Linux使用属于编程与计算基础。等级1要求学习者理解基础概念并在指导下完成任务。评估应引用近期课程、项目、测评或工作样例。,Linux使用|编程与计算基础|能力等级|证据,skill,SKILL-006,1.1.0,derived,true,SRC-ONET|SRC-ESCO|SRC-SYNTH,2026-09-05T00:00:00+08:00,0.9,primary_derived,derived,,cc_by_4_0_attribution,false,dev
KC-SKILL-006-L2,skill_level,Linux使用等级2,Linux使用属于编程与计算基础。等级2要求学习者理解基础概念并在指导下完成任务。评估应引用近期课程、项目、测评或工作样例。,Linux使用|编程与计算基础|能力等级|证据,skill,SKILL-006,1.1.0,derived,true,SRC-ONET|SRC-ESCO|SRC-SYNTH,2026-09-05T00:00:00+08:00,0.9,primary_derived,derived,,cc_by_4_0_attribution,false,dev
KC-SKILL-006-L3,skill_level,Linux使用等级3,Linux使用属于编程与计算基础。等级3要求学习者独立完成常见任务、解释方法并处理异常。评估应引用近期课程、项目、测评或工作样例。,Linux使用|编程与计算基础|能力等级|证据,skill,SKILL-006,1.1.0,derived,true,SRC-ONET|SRC-ESCO|SRC-SYNTH,2026-09-05T00:00:00+08:00,0.9,primary_derived,derived,,cc_by_4_0_attribution,false,dev
KC-SKILL-006-L4,skill_level,Linux使用等级4,Linux使用属于编程与计算基础。等级4要求学习者独立完成常见任务、解释方法并处理异常。评估应引用近期课程、项目、测评或工作样例。,Linux使用|编程与计算基础|能力等级|证据,skill,SKILL-006,1.1.0,derived,true,SRC-ONET|SRC-ESCO|SRC-SYNTH,2026-09-05T00:00:00+08:00,0.9,primary_derived,derived,,cc_by_4_0_attribution,false,dev
KC-SKILL-006-L5,skill_level,Linux使用等级5,Linux使用属于编程与计算基础。等级5要求学习者设计复杂方案、评估风险并指导他人。评估应引用近期课程、项目、测评或工作样例。,Linux使用|编程与计算基础|能力等级|证据,skill,SKILL-006,1.1.0,derived,true,SRC-ONET|SRC-ESCO|SRC-SYNTH,2026-09-05T00:00:00+08:00,0.9,primary_derived,derived,,cc_by_4_0_attribution,false,dev
KC-SKILL-007-L1,skill_level,软件工程等级1,软件工程属于编程与计算基础。等级1要求学习者理解基础概念并在指导下完成任务。评估应引用近期课程、项目、测评或工作样例。,软件工程|编程与计算基础|能力等级|证据,skill,SKILL-007,1.1.0,derived,true,SRC-ONET|SRC-ESCO|SRC-SYNTH,2026-09-05T00:00:00+08:00,0.9,primary_derived,derived,,cc_by_4_0_attribution,false,dev
KC-SKILL-007-L2,skill_level,软件工程等级2,软件工程属于编程与计算基础。等级2要求学习者理解基础概念并在指导下完成任务。评估应引用近期课程、项目、测评或工作样例。,软件工程|编程与计算基础|能力等级|证据,skill,SKILL-007,1.1.0,derived,true,SRC-ONET|SRC-ESCO|SRC-SYNTH,2026-09-05T00:00:00+08:00,0.9,primary_derived,derived,,cc_by_4_0_attribution,false,dev
KC-SKILL-007-L3,skill_level,软件工程等级3,软件工程属于编程与计算基础。等级3要求学习者独立完成常见任务、解释方法并处理异常。评估应引用近期课程、项目、测评或工作样例。,软件工程|编程与计算基础|能力等级|证据,skill,SKILL-007,1.1.0,derived,true,SRC-ONET|SRC-ESCO|SRC-SYNTH,2026-09-05T00:00:00+08:00,0.9,primary_derived,derived,,cc_by_4_0_attribution,false,dev
KC-SKILL-007-L4,skill_level,软件工程等级4,软件工程属于编程与计算基础。等级4要求学习者独立完成常见任务、解释方法并处理异常。评估应引用近期课程、项目、测评或工作样例。,软件工程|编程与计算基础|能力等级|证据,skill,SKILL-007,1.1.0,derived,true,SRC-ONET|SRC-ESCO|SRC-SYNTH,2026-09-05T00:00:00+08:00,0.9,primary_derived,derived,,cc_by_4_0_attribution,false,dev
KC-SKILL-007-L5,skill_level,软件工程等级5,软件工程属于编程与计算基础。等级5要求学习者设计复杂方案、评估风险并指导他人。评估应引用近期课程、项目、测评或工作样例。,软件工程|编程与计算基础|能力等级|证据,skill,SKILL-007,1.1.0,derived,true,SRC-ONET|SRC-ESCO|SRC-SYNTH,2026-09-05T00:00:00+08:00,0.9,primary_derived,derived,,cc_by_4_0_attribution,false,dev
KC-SKILL-008-L1,skill_level,测试与调试等级1,测试与调试属于编程与计算基础。等级1要求学习者理解基础概念并在指导下完成任务。评估应引用近期课程、项目、测评或工作样例。,测试与调试|编程与计算基础|能力等级|证据,skill,SKILL-008,1.1.0,derived,true,SRC-ONET|SRC-ESCO|SRC-SYNTH,2026-09-05T00:00:00+08:00,0.9,primary_derived,derived,,cc_by_4_0_attribution,false,dev
KC-SKILL-008-L2,skill_level,测试与调试等级2,测试与调试属于编程与计算基础。等级2要求学习者理解基础概念并在指导下完成任务。评估应引用近期课程、项目、测评或工作样例。,测试与调试|编程与计算基础|能力等级|证据,skill,SKILL-008,1.1.0,derived,true,SRC-ONET|SRC-ESCO|SRC-SYNTH,2026-09-05T00:00:00+08:00,0.9,primary_derived,derived,,cc_by_4_0_attribution,false,dev
KC-SKILL-008-L3,skill_level,测试与调试等级3,测试与调试属于编程与计算基础。等级3要求学习者独立完成常见任务、解释方法并处理异常。评估应引用近期课程、项目、测评或工作样例。,测试与调试|编程与计算基础|能力等级|证据,skill,SKILL-008,1.1.0,derived,true,SRC-ONET|SRC-ESCO|SRC-SYNTH,2026-09-05T00:00:00+08:00,0.9,primary_derived,derived,,cc_by_4_0_attribution,false,dev
KC-SKILL-008-L4,skill_level,测试与调试等级4,测试与调试属于编程与计算基础。等级4要求学习者独立完成常见任务、解释方法并处理异常。评估应引用近期课程、项目、测评或工作样例。,测试与调试|编程与计算基础|能力等级|证据,skill,SKILL-008,1.1.0,derived,true,SRC-ONET|SRC-ESCO|SRC-SYNTH,2026-09-05T00:00:00+08:00,0.9,primary_derived,derived,,cc_by_4_0_attribution,false,dev
KC-SKILL-008-L5,skill_level,测试与调试等级5,测试与调试属于编程与计算基础。等级5要求学习者设计复杂方案、评估风险并指导他人。评估应引用近期课程、项目、测评或工作样例。,测试与调试|编程与计算基础|能力等级|证据,skill,SKILL-008,1.1.0,derived,true,SRC-ONET|SRC-ESCO|SRC-SYNTH,2026-09-05T00:00:00+08:00,0.9,primary_derived,derived,,cc_by_4_0_attribution,false,dev
KC-SKILL-009-L1,skill_level,SQL等级1,SQL属于数据处理与分析。等级1要求学习者理解基础概念并在指导下完成任务。评估应引用近期课程、项目、测评或工作样例。,SQL|数据处理与分析|能力等级|证据,skill,SKILL-009,1.1.0,derived,true,SRC-ONET|SRC-ESCO|SRC-SYNTH,2026-09-05T00:00:00+08:00,0.9,primary_derived,derived,,cc_by_4_0_attribution,false,dev
KC-SKILL-009-L2,skill_level,SQL等级2,SQL属于数据处理与分析。等级2要求学习者理解基础概念并在指导下完成任务。评估应引用近期课程、项目、测评或工作样例。,SQL|数据处理与分析|能力等级|证据,skill,SKILL-009,1.1.0,derived,true,SRC-ONET|SRC-ESCO|SRC-SYNTH,2026-09-05T00:00:00+08:00,0.9,primary_derived,derived,,cc_by_4_0_attribution,false,dev
KC-SKILL-009-L3,skill_level,SQL等级3,SQL属于数据处理与分析。等级3要求学习者独立完成常见任务、解释方法并处理异常。评估应引用近期课程、项目、测评或工作样例。,SQL|数据处理与分析|能力等级|证据,skill,SKILL-009,1.1.0,derived,true,SRC-ONET|SRC-ESCO|SRC-SYNTH,2026-09-05T00:00:00+08:00,0.9,primary_derived,derived,,cc_by_4_0_attribution,false,dev
KC-SKILL-009-L4,skill_level,SQL等级4,SQL属于数据处理与分析。等级4要求学习者独立完成常见任务、解释方法并处理异常。评估应引用近期课程、项目、测评或工作样例。,SQL|数据处理与分析|能力等级|证据,skill,SKILL-009,1.1.0,derived,true,SRC-ONET|SRC-ESCO|SRC-SYNTH,2026-09-05T00:00:00+08:00,0.9,primary_derived,derived,,cc_by_4_0_attribution,false,dev
KC-SKILL-009-L5,skill_level,SQL等级5,SQL属于数据处理与分析。等级5要求学习者设计复杂方案、评估风险并指导他人。评估应引用近期课程、项目、测评或工作样例。,SQL|数据处理与分析|能力等级|证据,skill,SKILL-009,1.1.0,derived,true,SRC-ONET|SRC-ESCO|SRC-SYNTH,2026-09-05T00:00:00+08:00,0.9,primary_derived,derived,,cc_by_4_0_attribution,false,dev
KC-SKILL-010-L1,skill_level,数据清洗等级1,数据清洗属于数据处理与分析。等级1要求学习者理解基础概念并在指导下完成任务。评估应引用近期课程、项目、测评或工作样例。,数据清洗|数据处理与分析|能力等级|证据,skill,SKILL-010,1.1.0,derived,true,SRC-ONET|SRC-ESCO|SRC-SYNTH,2026-09-05T00:00:00+08:00,0.9,primary_derived,derived,,cc_by_4_0_attribution,false,dev
KC-SKILL-010-L2,skill_level,数据清洗等级2,数据清洗属于数据处理与分析。等级2要求学习者理解基础概念并在指导下完成任务。评估应引用近期课程、项目、测评或工作样例。,数据清洗|数据处理与分析|能力等级|证据,skill,SKILL-010,1.1.0,derived,true,SRC-ONET|SRC-ESCO|SRC-SYNTH,2026-09-05T00:00:00+08:00,0.9,primary_derived,derived,,cc_by_4_0_attribution,false,dev
KC-SKILL-010-L3,skill_level,数据清洗等级3,数据清洗属于数据处理与分析。等级3要求学习者独立完成常见任务、解释方法并处理异常。评估应引用近期课程、项目、测评或工作样例。,数据清洗|数据处理与分析|能力等级|证据,skill,SKILL-010,1.1.0,derived,true,SRC-ONET|SRC-ESCO|SRC-SYNTH,2026-09-05T00:00:00+08:00,0.9,primary_derived,derived,,cc_by_4_0_attribution,false,dev
KC-SKILL-010-L4,skill_level,数据清洗等级4,数据清洗属于数据处理与分析。等级4要求学习者独立完成常见任务、解释方法并处理异常。评估应引用近期课程、项目、测评或工作样例。,数据清洗|数据处理与分析|能力等级|证据,skill,SKILL-010,1.1.0,derived,true,SRC-ONET|SRC-ESCO|SRC-SYNTH,2026-09-05T00:00:00+08:00,0.9,primary_derived,derived,,cc_by_4_0_attribution,false,dev
KC-SKILL-010-L5,skill_level,数据清洗等级5,数据清洗属于数据处理与分析。等级5要求学习者设计复杂方案、评估风险并指导他人。评估应引用近期课程、项目、测评或工作样例。,数据清洗|数据处理与分析|能力等级|证据,skill,SKILL-010,1.1.0,derived,true,SRC-ONET|SRC-ESCO|SRC-SYNTH,2026-09-05T00:00:00+08:00,0.9,primary_derived,derived,,cc_by_4_0_attribution,false,dev
KC-SKILL-011-L1,skill_level,统计学基础等级1,统计学基础属于数据处理与分析。等级1要求学习者理解基础概念并在指导下完成任务。评估应引用近期课程、项目、测评或工作样例。,统计学基础|数据处理与分析|能力等级|证据,skill,SKILL-011,1.1.0,derived,true,SRC-ONET|SRC-WEF|SRC-SYNTH,2026-09-05T00:00:00+08:00,0.9,primary_derived,derived,,cc_by_4_0_attribution,false,dev
KC-SKILL-011-L2,skill_level,统计学基础等级2,统计学基础属于数据处理与分析。等级2要求学习者理解基础概念并在指导下完成任务。评估应引用近期课程、项目、测评或工作样例。,统计学基础|数据处理与分析|能力等级|证据,skill,SKILL-011,1.1.0,derived,true,SRC-ONET|SRC-WEF|SRC-SYNTH,2026-09-05T00:00:00+08:00,0.9,primary_derived,derived,,cc_by_4_0_attribution,false,dev
KC-SKILL-011-L3,skill_level,统计学基础等级3,统计学基础属于数据处理与分析。等级3要求学习者独立完成常见任务、解释方法并处理异常。评估应引用近期课程、项目、测评或工作样例。,统计学基础|数据处理与分析|能力等级|证据,skill,SKILL-011,1.1.0,derived,true,SRC-ONET|SRC-WEF|SRC-SYNTH,2026-09-05T00:00:00+08:00,0.9,primary_derived,derived,,cc_by_4_0_attribution,false,dev
KC-SKILL-011-L4,skill_level,统计学基础等级4,统计学基础属于数据处理与分析。等级4要求学习者独立完成常见任务、解释方法并处理异常。评估应引用近期课程、项目、测评或工作样例。,统计学基础|数据处理与分析|能力等级|证据,skill,SKILL-011,1.1.0,derived,true,SRC-ONET|SRC-WEF|SRC-SYNTH,2026-09-05T00:00:00+08:00,0.9,primary_derived,derived,,cc_by_4_0_attribution,false,dev
KC-SKILL-011-L5,skill_level,统计学基础等级5,统计学基础属于数据处理与分析。等级5要求学习者设计复杂方案、评估风险并指导他人。评估应引用近期课程、项目、测评或工作样例。,统计学基础|数据处理与分析|能力等级|证据,skill,SKILL-011,1.1.0,derived,true,SRC-ONET|SRC-WEF|SRC-SYNTH,2026-09-05T00:00:00+08:00,0.9,primary_derived,derived,,cc_by_4_0_attribution,false,dev
KC-SKILL-012-L1,skill_level,探索性数据分析等级1,探索性数据分析属于数据处理与分析。等级1要求学习者理解基础概念并在指导下完成任务。评估应引用近期课程、项目、测评或工作样例。,探索性数据分析|数据处理与分析|能力等级|证据,skill,SKILL-012,1.1.0,derived,true,SRC-ONET|SRC-ESCO|SRC-SYNTH,2026-09-05T00:00:00+08:00,0.9,primary_derived,derived,,cc_by_4_0_attribution,false,dev
KC-SKILL-012-L2,skill_level,探索性数据分析等级2,探索性数据分析属于数据处理与分析。等级2要求学习者理解基础概念并在指导下完成任务。评估应引用近期课程、项目、测评或工作样例。,探索性数据分析|数据处理与分析|能力等级|证据,skill,SKILL-012,1.1.0,derived,true,SRC-ONET|SRC-ESCO|SRC-SYNTH,2026-09-05T00:00:00+08:00,0.9,primary_derived,derived,,cc_by_4_0_attribution,false,dev
KC-SKILL-012-L3,skill_level,探索性数据分析等级3,探索性数据分析属于数据处理与分析。等级3要求学习者独立完成常见任务、解释方法并处理异常。评估应引用近期课程、项目、测评或工作样例。,探索性数据分析|数据处理与分析|能力等级|证据,skill,SKILL-012,1.1.0,derived,true,SRC-ONET|SRC-ESCO|SRC-SYNTH,2026-09-05T00:00:00+08:00,0.9,primary_derived,derived,,cc_by_4_0_attribution,false,dev
KC-SKILL-012-L4,skill_level,探索性数据分析等级4,探索性数据分析属于数据处理与分析。等级4要求学习者独立完成常见任务、解释方法并处理异常。评估应引用近期课程、项目、测评或工作样例。,探索性数据分析|数据处理与分析|能力等级|证据,skill,SKILL-012,1.1.0,derived,true,SRC-ONET|SRC-ESCO|SRC-SYNTH,2026-09-05T00:00:00+08:00,0.9,primary_derived,derived,,cc_by_4_0_attribution,false,dev
KC-SKILL-012-L5,skill_level,探索性数据分析等级5,探索性数据分析属于数据处理与分析。等级5要求学习者设计复杂方案、评估风险并指导他人。评估应引用近期课程、项目、测评或工作样例。,探索性数据分析|数据处理与分析|能力等级|证据,skill,SKILL-012,1.1.0,derived,true,SRC-ONET|SRC-ESCO|SRC-SYNTH,2026-09-05T00:00:00+08:00,0.9,primary_derived,derived,,cc_by_4_0_attribution,false,dev
KC-SKILL-013-L1,skill_level,数据可视化等级1,数据可视化属于数据处理与分析。等级1要求学习者理解基础概念并在指导下完成任务。评估应引用近期课程、项目、测评或工作样例。,数据可视化|数据处理与分析|能力等级|证据,skill,SKILL-013,1.1.0,derived,true,SRC-ONET|SRC-ESCO|SRC-SYNTH,2026-09-05T00:00:00+08:00,0.9,primary_derived,derived,,cc_by_4_0_attribution,false,dev
KC-SKILL-013-L2,skill_level,数据可视化等级2,数据可视化属于数据处理与分析。等级2要求学习者理解基础概念并在指导下完成任务。评估应引用近期课程、项目、测评或工作样例。,数据可视化|数据处理与分析|能力等级|证据,skill,SKILL-013,1.1.0,derived,true,SRC-ONET|SRC-ESCO|SRC-SYNTH,2026-09-05T00:00:00+08:00,0.9,primary_derived,derived,,cc_by_4_0_attribution,false,dev
KC-SKILL-013-L3,skill_level,数据可视化等级3,数据可视化属于数据处理与分析。等级3要求学习者独立完成常见任务、解释方法并处理异常。评估应引用近期课程、项目、测评或工作样例。,数据可视化|数据处理与分析|能力等级|证据,skill,SKILL-013,1.1.0,derived,true,SRC-ONET|SRC-ESCO|SRC-SYNTH,2026-09-05T00:00:00+08:00,0.9,primary_derived,derived,,cc_by_4_0_attribution,false,dev
KC-SKILL-013-L4,skill_level,数据可视化等级4,数据可视化属于数据处理与分析。等级4要求学习者独立完成常见任务、解释方法并处理异常。评估应引用近期课程、项目、测评或工作样例。,数据可视化|数据处理与分析|能力等级|证据,skill,SKILL-013,1.1.0,derived,true,SRC-ONET|SRC-ESCO|SRC-SYNTH,2026-09-05T00:00:00+08:00,0.9,primary_derived,derived,,cc_by_4_0_attribution,false,dev
KC-SKILL-013-L5,skill_level,数据可视化等级5,数据可视化属于数据处理与分析。等级5要求学习者设计复杂方案、评估风险并指导他人。评估应引用近期课程、项目、测评或工作样例。,数据可视化|数据处理与分析|能力等级|证据,skill,SKILL-013,1.1.0,derived,true,SRC-ONET|SRC-ESCO|SRC-SYNTH,2026-09-05T00:00:00+08:00,0.9,primary_derived,derived,,cc_by_4_0_attribution,false,dev
KC-SKILL-014-L1,skill_level,Excel与BI工具等级1,Excel与BI工具属于数据处理与分析。等级1要求学习者理解基础概念并在指导下完成任务。评估应引用近期课程、项目、测评或工作样例。,Excel与BI工具|数据处理与分析|能力等级|证据,skill,SKILL-014,1.1.0,derived,true,SRC-ONET|SRC-ESCO|SRC-SYNTH,2026-09-05T00:00:00+08:00,0.9,primary_derived,derived,,cc_by_4_0_attribution,false,dev
KC-SKILL-014-L2,skill_level,Excel与BI工具等级2,Excel与BI工具属于数据处理与分析。等级2要求学习者理解基础概念并在指导下完成任务。评估应引用近期课程、项目、测评或工作样例。,Excel与BI工具|数据处理与分析|能力等级|证据,skill,SKILL-014,1.1.0,derived,true,SRC-ONET|SRC-ESCO|SRC-SYNTH,2026-09-05T00:00:00+08:00,0.9,primary_derived,derived,,cc_by_4_0_attribution,false,dev
KC-SKILL-014-L3,skill_level,Excel与BI工具等级3,Excel与BI工具属于数据处理与分析。等级3要求学习者独立完成常见任务、解释方法并处理异常。评估应引用近期课程、项目、测评或工作样例。,Excel与BI工具|数据处理与分析|能力等级|证据,skill,SKILL-014,1.1.0,derived,true,SRC-ONET|SRC-ESCO|SRC-SYNTH,2026-09-05T00:00:00+08:00,0.9,primary_derived,derived,,cc_by_4_0_attribution,false,dev
KC-SKILL-014-L4,skill_level,Excel与BI工具等级4,Excel与BI工具属于数据处理与分析。等级4要求学习者独立完成常见任务、解释方法并处理异常。评估应引用近期课程、项目、测评或工作样例。,Excel与BI工具|数据处理与分析|能力等级|证据,skill,SKILL-014,1.1.0,derived,true,SRC-ONET|SRC-ESCO|SRC-SYNTH,2026-09-05T00:00:00+08:00,0.9,primary_derived,derived,,cc_by_4_0_attribution,false,dev
KC-SKILL-014-L5,skill_level,Excel与BI工具等级5,Excel与BI工具属于数据处理与分析。等级5要求学习者设计复杂方案、评估风险并指导他人。评估应引用近期课程、项目、测评或工作样例。,Excel与BI工具|数据处理与分析|能力等级|证据,skill,SKILL-014,1.1.0,derived,true,SRC-ONET|SRC-ESCO|SRC-SYNTH,2026-09-05T00:00:00+08:00,0.9,primary_derived,derived,,cc_by_4_0_attribution,false,dev
KC-SKILL-015-L1,skill_level,数据建模等级1,数据建模属于数据处理与分析。等级1要求学习者理解基础概念并在指导下完成任务。评估应引用近期课程、项目、测评或工作样例。,数据建模|数据处理与分析|能力等级|证据,skill,SKILL-015,1.1.0,derived,true,SRC-ONET|SRC-ESCO|SRC-SYNTH,2026-09-05T00:00:00+08:00,0.9,primary_derived,derived,,cc_by_4_0_attribution,false,dev
KC-SKILL-015-L2,skill_level,数据建模等级2,数据建模属于数据处理与分析。等级2要求学习者理解基础概念并在指导下完成任务。评估应引用近期课程、项目、测评或工作样例。,数据建模|数据处理与分析|能力等级|证据,skill,SKILL-015,1.1.0,derived,true,SRC-ONET|SRC-ESCO|SRC-SYNTH,2026-09-05T00:00:00+08:00,0.9,primary_derived,derived,,cc_by_4_0_attribution,false,dev
KC-SKILL-015-L3,skill_level,数据建模等级3,数据建模属于数据处理与分析。等级3要求学习者独立完成常见任务、解释方法并处理异常。评估应引用近期课程、项目、测评或工作样例。,数据建模|数据处理与分析|能力等级|证据,skill,SKILL-015,1.1.0,derived,true,SRC-ONET|SRC-ESCO|SRC-SYNTH,2026-09-05T00:00:00+08:00,0.9,primary_derived,derived,,cc_by_4_0_attribution,false,dev
KC-SKILL-015-L4,skill_level,数据建模等级4,数据建模属于数据处理与分析。等级4要求学习者独立完成常见任务、解释方法并处理异常。评估应引用近期课程、项目、测评或工作样例。,数据建模|数据处理与分析|能力等级|证据,skill,SKILL-015,1.1.0,derived,true,SRC-ONET|SRC-ESCO|SRC-SYNTH,2026-09-05T00:00:00+08:00,0.9,primary_derived,derived,,cc_by_4_0_attribution,false,dev
KC-SKILL-015-L5,skill_level,数据建模等级5,数据建模属于数据处理与分析。等级5要求学习者设计复杂方案、评估风险并指导他人。评估应引用近期课程、项目、测评或工作样例。,数据建模|数据处理与分析|能力等级|证据,skill,SKILL-015,1.1.0,derived,true,SRC-ONET|SRC-ESCO|SRC-SYNTH,2026-09-05T00:00:00+08:00,0.9,primary_derived,derived,,cc_by_4_0_attribution,false,dev
KC-SKILL-016-L1,skill_level,实验与A/B测试等级1,实验与A/B测试属于数据处理与分析。等级1要求学习者理解基础概念并在指导下完成任务。评估应引用近期课程、项目、测评或工作样例。,实验与A/B测试|数据处理与分析|能力等级|证据,skill,SKILL-016,1.1.0,derived,true,SRC-ONET|SRC-ESCO|SRC-SYNTH,2026-09-05T00:00:00+08:00,0.9,primary_derived,derived,,cc_by_4_0_attribution,false,dev
KC-SKILL-016-L2,skill_level,实验与A/B测试等级2,实验与A/B测试属于数据处理与分析。等级2要求学习者理解基础概念并在指导下完成任务。评估应引用近期课程、项目、测评或工作样例。,实验与A/B测试|数据处理与分析|能力等级|证据,skill,SKILL-016,1.1.0,derived,true,SRC-ONET|SRC-ESCO|SRC-SYNTH,2026-09-05T00:00:00+08:00,0.9,primary_derived,derived,,cc_by_4_0_attribution,false,dev
KC-SKILL-016-L3,skill_level,实验与A/B测试等级3,实验与A/B测试属于数据处理与分析。等级3要求学习者独立完成常见任务、解释方法并处理异常。评估应引用近期课程、项目、测评或工作样例。,实验与A/B测试|数据处理与分析|能力等级|证据,skill,SKILL-016,1.1.0,derived,true,SRC-ONET|SRC-ESCO|SRC-SYNTH,2026-09-05T00:00:00+08:00,0.9,primary_derived,derived,,cc_by_4_0_attribution,false,dev
KC-SKILL-016-L4,skill_level,实验与A/B测试等级4,实验与A/B测试属于数据处理与分析。等级4要求学习者独立完成常见任务、解释方法并处理异常。评估应引用近期课程、项目、测评或工作样例。,实验与A/B测试|数据处理与分析|能力等级|证据,skill,SKILL-016,1.1.0,derived,true,SRC-ONET|SRC-ESCO|SRC-SYNTH,2026-09-05T00:00:00+08:00,0.9,primary_derived,derived,,cc_by_4_0_attribution,false,dev
KC-SKILL-016-L5,skill_level,实验与A/B测试等级5,实验与A/B测试属于数据处理与分析。等级5要求学习者设计复杂方案、评估风险并指导他人。评估应引用近期课程、项目、测评或工作样例。,实验与A/B测试|数据处理与分析|能力等级|证据,skill,SKILL-016,1.1.0,derived,true,SRC-ONET|SRC-ESCO|SRC-SYNTH,2026-09-05T00:00:00+08:00,0.9,primary_derived,derived,,cc_by_4_0_attribution,false,dev
KC-SKILL-017-L1,skill_level,线性代数等级1,线性代数属于机器学习与算法。等级1要求学习者理解基础概念并在指导下完成任务。评估应引用近期课程、项目、测评或工作样例。,线性代数|机器学习与算法|能力等级|证据,skill,SKILL-017,1.1.0,derived,true,SRC-ONET|SRC-WEF|SRC-SYNTH,2026-09-05T00:00:00+08:00,0.9,primary_derived,derived,,cc_by_4_0_attribution,false,dev
KC-SKILL-017-L2,skill_level,线性代数等级2,线性代数属于机器学习与算法。等级2要求学习者理解基础概念并在指导下完成任务。评估应引用近期课程、项目、测评或工作样例。,线性代数|机器学习与算法|能力等级|证据,skill,SKILL-017,1.1.0,derived,true,SRC-ONET|SRC-WEF|SRC-SYNTH,2026-09-05T00:00:00+08:00,0.9,primary_derived,derived,,cc_by_4_0_attribution,false,dev
KC-SKILL-017-L3,skill_level,线性代数等级3,线性代数属于机器学习与算法。等级3要求学习者独立完成常见任务、解释方法并处理异常。评估应引用近期课程、项目、测评或工作样例。,线性代数|机器学习与算法|能力等级|证据,skill,SKILL-017,1.1.0,derived,true,SRC-ONET|SRC-WEF|SRC-SYNTH,2026-09-05T00:00:00+08:00,0.9,primary_derived,derived,,cc_by_4_0_attribution,false,dev
KC-SKILL-017-L4,skill_level,线性代数等级4,线性代数属于机器学习与算法。等级4要求学习者独立完成常见任务、解释方法并处理异常。评估应引用近期课程、项目、测评或工作样例。,线性代数|机器学习与算法|能力等级|证据,skill,SKILL-017,1.1.0,derived,true,SRC-ONET|SRC-WEF|SRC-SYNTH,2026-09-05T00:00:00+08:00,0.9,primary_derived,derived,,cc_by_4_0_attribution,false,dev
KC-SKILL-017-L5,skill_level,线性代数等级5,线性代数属于机器学习与算法。等级5要求学习者设计复杂方案、评估风险并指导他人。评估应引用近期课程、项目、测评或工作样例。,线性代数|机器学习与算法|能力等级|证据,skill,SKILL-017,1.1.0,derived,true,SRC-ONET|SRC-WEF|SRC-SYNTH,2026-09-05T00:00:00+08:00,0.9,primary_derived,derived,,cc_by_4_0_attribution,false,dev
KC-SKILL-018-L1,skill_level,微积分与优化等级1,微积分与优化属于机器学习与算法。等级1要求学习者理解基础概念并在指导下完成任务。评估应引用近期课程、项目、测评或工作样例。,微积分与优化|机器学习与算法|能力等级|证据,skill,SKILL-018,1.1.0,derived,true,SRC-ONET|SRC-WEF|SRC-SYNTH,2026-09-05T00:00:00+08:00,0.9,primary_derived,derived,,cc_by_4_0_attribution,false,dev
KC-SKILL-018-L2,skill_level,微积分与优化等级2,微积分与优化属于机器学习与算法。等级2要求学习者理解基础概念并在指导下完成任务。评估应引用近期课程、项目、测评或工作样例。,微积分与优化|机器学习与算法|能力等级|证据,skill,SKILL-018,1.1.0,derived,true,SRC-ONET|SRC-WEF|SRC-SYNTH,2026-09-05T00:00:00+08:00,0.9,primary_derived,derived,,cc_by_4_0_attribution,false,dev
KC-SKILL-018-L3,skill_level,微积分与优化等级3,微积分与优化属于机器学习与算法。等级3要求学习者独立完成常见任务、解释方法并处理异常。评估应引用近期课程、项目、测评或工作样例。,微积分与优化|机器学习与算法|能力等级|证据,skill,SKILL-018,1.1.0,derived,true,SRC-ONET|SRC-WEF|SRC-SYNTH,2026-09-05T00:00:00+08:00,0.9,primary_derived,derived,,cc_by_4_0_attribution,false,dev
KC-SKILL-018-L4,skill_level,微积分与优化等级4,微积分与优化属于机器学习与算法。等级4要求学习者独立完成常见任务、解释方法并处理异常。评估应引用近期课程、项目、测评或工作样例。,微积分与优化|机器学习与算法|能力等级|证据,skill,SKILL-018,1.1.0,derived,true,SRC-ONET|SRC-WEF|SRC-SYNTH,2026-09-05T00:00:00+08:00,0.9,primary_derived,derived,,cc_by_4_0_attribution,false,dev
KC-SKILL-018-L5,skill_level,微积分与优化等级5,微积分与优化属于机器学习与算法。等级5要求学习者设计复杂方案、评估风险并指导他人。评估应引用近期课程、项目、测评或工作样例。,微积分与优化|机器学习与算法|能力等级|证据,skill,SKILL-018,1.1.0,derived,true,SRC-ONET|SRC-WEF|SRC-SYNTH,2026-09-05T00:00:00+08:00,0.9,primary_derived,derived,,cc_by_4_0_attribution,false,dev
KC-SKILL-019-L1,skill_level,机器学习等级1,机器学习属于机器学习与算法。等级1要求学习者理解基础概念并在指导下完成任务。评估应引用近期课程、项目、测评或工作样例。,机器学习|机器学习与算法|能力等级|证据,skill,SKILL-019,1.1.0,derived,true,SRC-ONET|SRC-ESCO|SRC-SYNTH,2026-09-05T00:00:00+08:00,0.9,primary_derived,derived,,cc_by_4_0_attribution,false,dev
KC-SKILL-019-L2,skill_level,机器学习等级2,机器学习属于机器学习与算法。等级2要求学习者理解基础概念并在指导下完成任务。评估应引用近期课程、项目、测评或工作样例。,机器学习|机器学习与算法|能力等级|证据,skill,SKILL-019,1.1.0,derived,true,SRC-ONET|SRC-ESCO|SRC-SYNTH,2026-09-05T00:00:00+08:00,0.9,primary_derived,derived,,cc_by_4_0_attribution,false,dev
KC-SKILL-019-L3,skill_level,机器学习等级3,机器学习属于机器学习与算法。等级3要求学习者独立完成常见任务、解释方法并处理异常。评估应引用近期课程、项目、测评或工作样例。,机器学习|机器学习与算法|能力等级|证据,skill,SKILL-019,1.1.0,derived,true,SRC-ONET|SRC-ESCO|SRC-SYNTH,2026-09-05T00:00:00+08:00,0.9,primary_derived,derived,,cc_by_4_0_attribution,false,dev
KC-SKILL-019-L4,skill_level,机器学习等级4,机器学习属于机器学习与算法。等级4要求学习者独立完成常见任务、解释方法并处理异常。评估应引用近期课程、项目、测评或工作样例。,机器学习|机器学习与算法|能力等级|证据,skill,SKILL-019,1.1.0,derived,true,SRC-ONET|SRC-ESCO|SRC-SYNTH,2026-09-05T00:00:00+08:00,0.9,primary_derived,derived,,cc_by_4_0_attribution,false,dev
KC-SKILL-019-L5,skill_level,机器学习等级5,机器学习属于机器学习与算法。等级5要求学习者设计复杂方案、评估风险并指导他人。评估应引用近期课程、项目、测评或工作样例。,机器学习|机器学习与算法|能力等级|证据,skill,SKILL-019,1.1.0,derived,true,SRC-ONET|SRC-ESCO|SRC-SYNTH,2026-09-05T00:00:00+08:00,0.9,primary_derived,derived,,cc_by_4_0_attribution,false,dev
KC-SKILL-020-L1,skill_level,特征工程等级1,特征工程属于机器学习与算法。等级1要求学习者理解基础概念并在指导下完成任务。评估应引用近期课程、项目、测评或工作样例。,特征工程|机器学习与算法|能力等级|证据,skill,SKILL-020,1.1.0,derived,true,SRC-ONET|SRC-ESCO|SRC-SYNTH,2026-09-05T00:00:00+08:00,0.9,primary_derived,derived,,cc_by_4_0_attribution,false,dev
KC-SKILL-020-L2,skill_level,特征工程等级2,特征工程属于机器学习与算法。等级2要求学习者理解基础概念并在指导下完成任务。评估应引用近期课程、项目、测评或工作样例。,特征工程|机器学习与算法|能力等级|证据,skill,SKILL-020,1.1.0,derived,true,SRC-ONET|SRC-ESCO|SRC-SYNTH,2026-09-05T00:00:00+08:00,0.9,primary_derived,derived,,cc_by_4_0_attribution,false,dev
KC-SKILL-020-L3,skill_level,特征工程等级3,特征工程属于机器学习与算法。等级3要求学习者独立完成常见任务、解释方法并处理异常。评估应引用近期课程、项目、测评或工作样例。,特征工程|机器学习与算法|能力等级|证据,skill,SKILL-020,1.1.0,derived,true,SRC-ONET|SRC-ESCO|SRC-SYNTH,2026-09-05T00:00:00+08:00,0.9,primary_derived,derived,,cc_by_4_0_attribution,false,dev
KC-SKILL-020-L4,skill_level,特征工程等级4,特征工程属于机器学习与算法。等级4要求学习者独立完成常见任务、解释方法并处理异常。评估应引用近期课程、项目、测评或工作样例。,特征工程|机器学习与算法|能力等级|证据,skill,SKILL-020,1.1.0,derived,true,SRC-ONET|SRC-ESCO|SRC-SYNTH,2026-09-05T00:00:00+08:00,0.9,primary_derived,derived,,cc_by_4_0_attribution,false,dev
KC-SKILL-020-L5,skill_level,特征工程等级5,特征工程属于机器学习与算法。等级5要求学习者设计复杂方案、评估风险并指导他人。评估应引用近期课程、项目、测评或工作样例。,特征工程|机器学习与算法|能力等级|证据,skill,SKILL-020,1.1.0,derived,true,SRC-ONET|SRC-ESCO|SRC-SYNTH,2026-09-05T00:00:00+08:00,0.9,primary_derived,derived,,cc_by_4_0_attribution,false,dev
KC-SKILL-021-L1,skill_level,模型评估等级1,模型评估属于机器学习与算法。等级1要求学习者理解基础概念并在指导下完成任务。评估应引用近期课程、项目、测评或工作样例。,模型评估|机器学习与算法|能力等级|证据,skill,SKILL-021,1.1.0,derived,true,SRC-ONET|SRC-ESCO|SRC-SYNTH,2026-09-05T00:00:00+08:00,0.9,primary_derived,derived,,cc_by_4_0_attribution,false,dev
KC-SKILL-021-L2,skill_level,模型评估等级2,模型评估属于机器学习与算法。等级2要求学习者理解基础概念并在指导下完成任务。评估应引用近期课程、项目、测评或工作样例。,模型评估|机器学习与算法|能力等级|证据,skill,SKILL-021,1.1.0,derived,true,SRC-ONET|SRC-ESCO|SRC-SYNTH,2026-09-05T00:00:00+08:00,0.9,primary_derived,derived,,cc_by_4_0_attribution,false,dev
KC-SKILL-021-L3,skill_level,模型评估等级3,模型评估属于机器学习与算法。等级3要求学习者独立完成常见任务、解释方法并处理异常。评估应引用近期课程、项目、测评或工作样例。,模型评估|机器学习与算法|能力等级|证据,skill,SKILL-021,1.1.0,derived,true,SRC-ONET|SRC-ESCO|SRC-SYNTH,2026-09-05T00:00:00+08:00,0.9,primary_derived,derived,,cc_by_4_0_attribution,false,dev
KC-SKILL-021-L4,skill_level,模型评估等级4,模型评估属于机器学习与算法。等级4要求学习者独立完成常见任务、解释方法并处理异常。评估应引用近期课程、项目、测评或工作样例。,模型评估|机器学习与算法|能力等级|证据,skill,SKILL-021,1.1.0,derived,true,SRC-ONET|SRC-ESCO|SRC-SYNTH,2026-09-05T00:00:00+08:00,0.9,primary_derived,derived,,cc_by_4_0_attribution,false,dev
KC-SKILL-021-L5,skill_level,模型评估等级5,模型评估属于机器学习与算法。等级5要求学习者设计复杂方案、评估风险并指导他人。评估应引用近期课程、项目、测评或工作样例。,模型评估|机器学习与算法|能力等级|证据,skill,SKILL-021,1.1.0,derived,true,SRC-ONET|SRC-ESCO|SRC-SYNTH,2026-09-05T00:00:00+08:00,0.9,primary_derived,derived,,cc_by_4_0_attribution,false,dev
KC-SKILL-022-L1,skill_level,深度学习等级1,深度学习属于机器学习与算法。等级1要求学习者理解基础概念并在指导下完成任务。评估应引用近期课程、项目、测评或工作样例。,深度学习|机器学习与算法|能力等级|证据,skill,SKILL-022,1.1.0,derived,true,SRC-ONET|SRC-ESCO|SRC-SYNTH,2026-09-05T00:00:00+08:00,0.9,primary_derived,derived,,cc_by_4_0_attribution,false,dev
KC-SKILL-022-L2,skill_level,深度学习等级2,深度学习属于机器学习与算法。等级2要求学习者理解基础概念并在指导下完成任务。评估应引用近期课程、项目、测评或工作样例。,深度学习|机器学习与算法|能力等级|证据,skill,SKILL-022,1.1.0,derived,true,SRC-ONET|SRC-ESCO|SRC-SYNTH,2026-09-05T00:00:00+08:00,0.9,primary_derived,derived,,cc_by_4_0_attribution,false,dev
KC-SKILL-022-L3,skill_level,深度学习等级3,深度学习属于机器学习与算法。等级3要求学习者独立完成常见任务、解释方法并处理异常。评估应引用近期课程、项目、测评或工作样例。,深度学习|机器学习与算法|能力等级|证据,skill,SKILL-022,1.1.0,derived,true,SRC-ONET|SRC-ESCO|SRC-SYNTH,2026-09-05T00:00:00+08:00,0.9,primary_derived,derived,,cc_by_4_0_attribution,false,dev
KC-SKILL-022-L4,skill_level,深度学习等级4,深度学习属于机器学习与算法。等级4要求学习者独立完成常见任务、解释方法并处理异常。评估应引用近期课程、项目、测评或工作样例。,深度学习|机器学习与算法|能力等级|证据,skill,SKILL-022,1.1.0,derived,true,SRC-ONET|SRC-ESCO|SRC-SYNTH,2026-09-05T00:00:00+08:00,0.9,primary_derived,derived,,cc_by_4_0_attribution,false,dev
KC-SKILL-022-L5,skill_level,深度学习等级5,深度学习属于机器学习与算法。等级5要求学习者设计复杂方案、评估风险并指导他人。评估应引用近期课程、项目、测评或工作样例。,深度学习|机器学习与算法|能力等级|证据,skill,SKILL-022,1.1.0,derived,true,SRC-ONET|SRC-ESCO|SRC-SYNTH,2026-09-05T00:00:00+08:00,0.9,primary_derived,derived,,cc_by_4_0_attribution,false,dev
KC-SKILL-023-L1,skill_level,自然语言处理等级1,自然语言处理属于机器学习与算法。等级1要求学习者理解基础概念并在指导下完成任务。评估应引用近期课程、项目、测评或工作样例。,自然语言处理|机器学习与算法|能力等级|证据,skill,SKILL-023,1.1.0,derived,true,SRC-ONET|SRC-ESCO|SRC-SYNTH,2026-09-05T00:00:00+08:00,0.9,primary_derived,derived,,cc_by_4_0_attribution,false,dev
KC-SKILL-023-L2,skill_level,自然语言处理等级2,自然语言处理属于机器学习与算法。等级2要求学习者理解基础概念并在指导下完成任务。评估应引用近期课程、项目、测评或工作样例。,自然语言处理|机器学习与算法|能力等级|证据,skill,SKILL-023,1.1.0,derived,true,SRC-ONET|SRC-ESCO|SRC-SYNTH,2026-09-05T00:00:00+08:00,0.9,primary_derived,derived,,cc_by_4_0_attribution,false,dev
KC-SKILL-023-L3,skill_level,自然语言处理等级3,自然语言处理属于机器学习与算法。等级3要求学习者独立完成常见任务、解释方法并处理异常。评估应引用近期课程、项目、测评或工作样例。,自然语言处理|机器学习与算法|能力等级|证据,skill,SKILL-023,1.1.0,derived,true,SRC-ONET|SRC-ESCO|SRC-SYNTH,2026-09-05T00:00:00+08:00,0.9,primary_derived,derived,,cc_by_4_0_attribution,false,dev
KC-SKILL-023-L4,skill_level,自然语言处理等级4,自然语言处理属于机器学习与算法。等级4要求学习者独立完成常见任务、解释方法并处理异常。评估应引用近期课程、项目、测评或工作样例。,自然语言处理|机器学习与算法|能力等级|证据,skill,SKILL-023,1.1.0,derived,true,SRC-ONET|SRC-ESCO|SRC-SYNTH,2026-09-05T00:00:00+08:00,0.9,primary_derived,derived,,cc_by_4_0_attribution,false,dev
KC-SKILL-023-L5,skill_level,自然语言处理等级5,自然语言处理属于机器学习与算法。等级5要求学习者设计复杂方案、评估风险并指导他人。评估应引用近期课程、项目、测评或工作样例。,自然语言处理|机器学习与算法|能力等级|证据,skill,SKILL-023,1.1.0,derived,true,SRC-ONET|SRC-ESCO|SRC-SYNTH,2026-09-05T00:00:00+08:00,0.9,primary_derived,derived,,cc_by_4_0_attribution,false,dev
KC-SKILL-024-L1,skill_level,模型调优等级1,模型调优属于机器学习与算法。等级1要求学习者理解基础概念并在指导下完成任务。评估应引用近期课程、项目、测评或工作样例。,模型调优|机器学习与算法|能力等级|证据,skill,SKILL-024,1.1.0,derived,true,SRC-ONET|SRC-ESCO|SRC-SYNTH,2026-09-05T00:00:00+08:00,0.9,primary_derived,derived,,cc_by_4_0_attribution,false,dev
KC-SKILL-024-L2,skill_level,模型调优等级2,模型调优属于机器学习与算法。等级2要求学习者理解基础概念并在指导下完成任务。评估应引用近期课程、项目、测评或工作样例。,模型调优|机器学习与算法|能力等级|证据,skill,SKILL-024,1.1.0,derived,true,SRC-ONET|SRC-ESCO|SRC-SYNTH,2026-09-05T00:00:00+08:00,0.9,primary_derived,derived,,cc_by_4_0_attribution,false,dev
KC-SKILL-024-L3,skill_level,模型调优等级3,模型调优属于机器学习与算法。等级3要求学习者独立完成常见任务、解释方法并处理异常。评估应引用近期课程、项目、测评或工作样例。,模型调优|机器学习与算法|能力等级|证据,skill,SKILL-024,1.1.0,derived,true,SRC-ONET|SRC-ESCO|SRC-SYNTH,2026-09-05T00:00:00+08:00,0.9,primary_derived,derived,,cc_by_4_0_attribution,false,dev
KC-SKILL-024-L4,skill_level,模型调优等级4,模型调优属于机器学习与算法。等级4要求学习者独立完成常见任务、解释方法并处理异常。评估应引用近期课程、项目、测评或工作样例。,模型调优|机器学习与算法|能力等级|证据,skill,SKILL-024,1.1.0,derived,true,SRC-ONET|SRC-ESCO|SRC-SYNTH,2026-09-05T00:00:00+08:00,0.9,primary_derived,derived,,cc_by_4_0_attribution,false,dev
KC-SKILL-024-L5,skill_level,模型调优等级5,模型调优属于机器学习与算法。等级5要求学习者设计复杂方案、评估风险并指导他人。评估应引用近期课程、项目、测评或工作样例。,模型调优|机器学习与算法|能力等级|证据,skill,SKILL-024,1.1.0,derived,true,SRC-ONET|SRC-ESCO|SRC-SYNTH,2026-09-05T00:00:00+08:00,0.9,primary_derived,derived,,cc_by_4_0_attribution,false,dev
KC-SKILL-025-L1,skill_level,大模型基础等级1,大模型基础属于大模型与AI应用。等级1要求学习者理解基础概念并在指导下完成任务。评估应引用近期课程、项目、测评或工作样例。,大模型基础|大模型与AI应用|能力等级|证据,skill,SKILL-025,1.1.0,derived,true,SRC-ONET|SRC-ESCO|SRC-SYNTH,2026-09-05T00:00:00+08:00,0.9,primary_derived,derived,,cc_by_4_0_attribution,false,dev
KC-SKILL-025-L2,skill_level,大模型基础等级2,大模型基础属于大模型与AI应用。等级2要求学习者理解基础概念并在指导下完成任务。评估应引用近期课程、项目、测评或工作样例。,大模型基础|大模型与AI应用|能力等级|证据,skill,SKILL-025,1.1.0,derived,true,SRC-ONET|SRC-ESCO|SRC-SYNTH,2026-09-05T00:00:00+08:00,0.9,primary_derived,derived,,cc_by_4_0_attribution,false,dev
KC-SKILL-025-L3,skill_level,大模型基础等级3,大模型基础属于大模型与AI应用。等级3要求学习者独立完成常见任务、解释方法并处理异常。评估应引用近期课程、项目、测评或工作样例。,大模型基础|大模型与AI应用|能力等级|证据,skill,SKILL-025,1.1.0,derived,true,SRC-ONET|SRC-ESCO|SRC-SYNTH,2026-09-05T00:00:00+08:00,0.9,primary_derived,derived,,cc_by_4_0_attribution,false,dev
KC-SKILL-025-L4,skill_level,大模型基础等级4,大模型基础属于大模型与AI应用。等级4要求学习者独立完成常见任务、解释方法并处理异常。评估应引用近期课程、项目、测评或工作样例。,大模型基础|大模型与AI应用|能力等级|证据,skill,SKILL-025,1.1.0,derived,true,SRC-ONET|SRC-ESCO|SRC-SYNTH,2026-09-05T00:00:00+08:00,0.9,primary_derived,derived,,cc_by_4_0_attribution,false,dev
KC-SKILL-025-L5,skill_level,大模型基础等级5,大模型基础属于大模型与AI应用。等级5要求学习者设计复杂方案、评估风险并指导他人。评估应引用近期课程、项目、测评或工作样例。,大模型基础|大模型与AI应用|能力等级|证据,skill,SKILL-025,1.1.0,derived,true,SRC-ONET|SRC-ESCO|SRC-SYNTH,2026-09-05T00:00:00+08:00,0.9,primary_derived,derived,,cc_by_4_0_attribution,false,dev
KC-SKILL-026-L1,skill_level,提示词设计等级1,提示词设计属于大模型与AI应用。等级1要求学习者理解基础概念并在指导下完成任务。评估应引用近期课程、项目、测评或工作样例。,提示词设计|大模型与AI应用|能力等级|证据,skill,SKILL-026,1.1.0,derived,true,SRC-ONET|SRC-ESCO|SRC-SYNTH,2026-09-05T00:00:00+08:00,0.9,primary_derived,derived,,cc_by_4_0_attribution,false,dev
KC-SKILL-026-L2,skill_level,提示词设计等级2,提示词设计属于大模型与AI应用。等级2要求学习者理解基础概念并在指导下完成任务。评估应引用近期课程、项目、测评或工作样例。,提示词设计|大模型与AI应用|能力等级|证据,skill,SKILL-026,1.1.0,derived,true,SRC-ONET|SRC-ESCO|SRC-SYNTH,2026-09-05T00:00:00+08:00,0.9,primary_derived,derived,,cc_by_4_0_attribution,false,dev
KC-SKILL-026-L3,skill_level,提示词设计等级3,提示词设计属于大模型与AI应用。等级3要求学习者独立完成常见任务、解释方法并处理异常。评估应引用近期课程、项目、测评或工作样例。,提示词设计|大模型与AI应用|能力等级|证据,skill,SKILL-026,1.1.0,derived,true,SRC-ONET|SRC-ESCO|SRC-SYNTH,2026-09-05T00:00:00+08:00,0.9,primary_derived,derived,,cc_by_4_0_attribution,false,dev
KC-SKILL-026-L4,skill_level,提示词设计等级4,提示词设计属于大模型与AI应用。等级4要求学习者独立完成常见任务、解释方法并处理异常。评估应引用近期课程、项目、测评或工作样例。,提示词设计|大模型与AI应用|能力等级|证据,skill,SKILL-026,1.1.0,derived,true,SRC-ONET|SRC-ESCO|SRC-SYNTH,2026-09-05T00:00:00+08:00,0.9,primary_derived,derived,,cc_by_4_0_attribution,false,dev
KC-SKILL-026-L5,skill_level,提示词设计等级5,提示词设计属于大模型与AI应用。等级5要求学习者设计复杂方案、评估风险并指导他人。评估应引用近期课程、项目、测评或工作样例。,提示词设计|大模型与AI应用|能力等级|证据,skill,SKILL-026,1.1.0,derived,true,SRC-ONET|SRC-ESCO|SRC-SYNTH,2026-09-05T00:00:00+08:00,0.9,primary_derived,derived,,cc_by_4_0_attribution,false,dev
KC-SKILL-027-L1,skill_level,RAG应用等级1,RAG应用属于大模型与AI应用。等级1要求学习者理解基础概念并在指导下完成任务。评估应引用近期课程、项目、测评或工作样例。,RAG应用|大模型与AI应用|能力等级|证据,skill,SKILL-027,1.1.0,derived,true,SRC-ONET|SRC-ESCO|SRC-SYNTH,2026-09-05T00:00:00+08:00,0.9,primary_derived,derived,,cc_by_4_0_attribution,false,dev
KC-SKILL-027-L2,skill_level,RAG应用等级2,RAG应用属于大模型与AI应用。等级2要求学习者理解基础概念并在指导下完成任务。评估应引用近期课程、项目、测评或工作样例。,RAG应用|大模型与AI应用|能力等级|证据,skill,SKILL-027,1.1.0,derived,true,SRC-ONET|SRC-ESCO|SRC-SYNTH,2026-09-05T00:00:00+08:00,0.9,primary_derived,derived,,cc_by_4_0_attribution,false,dev
KC-SKILL-027-L3,skill_level,RAG应用等级3,RAG应用属于大模型与AI应用。等级3要求学习者独立完成常见任务、解释方法并处理异常。评估应引用近期课程、项目、测评或工作样例。,RAG应用|大模型与AI应用|能力等级|证据,skill,SKILL-027,1.1.0,derived,true,SRC-ONET|SRC-ESCO|SRC-SYNTH,2026-09-05T00:00:00+08:00,0.9,primary_derived,derived,,cc_by_4_0_attribution,false,dev
KC-SKILL-027-L4,skill_level,RAG应用等级4,RAG应用属于大模型与AI应用。等级4要求学习者独立完成常见任务、解释方法并处理异常。评估应引用近期课程、项目、测评或工作样例。,RAG应用|大模型与AI应用|能力等级|证据,skill,SKILL-027,1.1.0,derived,true,SRC-ONET|SRC-ESCO|SRC-SYNTH,2026-09-05T00:00:00+08:00,0.9,primary_derived,derived,,cc_by_4_0_attribution,false,dev
KC-SKILL-027-L5,skill_level,RAG应用等级5,RAG应用属于大模型与AI应用。等级5要求学习者设计复杂方案、评估风险并指导他人。评估应引用近期课程、项目、测评或工作样例。,RAG应用|大模型与AI应用|能力等级|证据,skill,SKILL-027,1.1.0,derived,true,SRC-ONET|SRC-ESCO|SRC-SYNTH,2026-09-05T00:00:00+08:00,0.9,primary_derived,derived,,cc_by_4_0_attribution,false,dev
KC-SKILL-028-L1,skill_level,向量数据库等级1,向量数据库属于大模型与AI应用。等级1要求学习者理解基础概念并在指导下完成任务。评估应引用近期课程、项目、测评或工作样例。,向量数据库|大模型与AI应用|能力等级|证据,skill,SKILL-028,1.1.0,derived,true,SRC-ONET|SRC-ESCO|SRC-SYNTH,2026-09-05T00:00:00+08:00,0.9,primary_derived,derived,,cc_by_4_0_attribution,false,dev
KC-SKILL-028-L2,skill_level,向量数据库等级2,向量数据库属于大模型与AI应用。等级2要求学习者理解基础概念并在指导下完成任务。评估应引用近期课程、项目、测评或工作样例。,向量数据库|大模型与AI应用|能力等级|证据,skill,SKILL-028,1.1.0,derived,true,SRC-ONET|SRC-ESCO|SRC-SYNTH,2026-09-05T00:00:00+08:00,0.9,primary_derived,derived,,cc_by_4_0_attribution,false,dev
KC-SKILL-028-L3,skill_level,向量数据库等级3,向量数据库属于大模型与AI应用。等级3要求学习者独立完成常见任务、解释方法并处理异常。评估应引用近期课程、项目、测评或工作样例。,向量数据库|大模型与AI应用|能力等级|证据,skill,SKILL-028,1.1.0,derived,true,SRC-ONET|SRC-ESCO|SRC-SYNTH,2026-09-05T00:00:00+08:00,0.9,primary_derived,derived,,cc_by_4_0_attribution,false,dev
KC-SKILL-028-L4,skill_level,向量数据库等级4,向量数据库属于大模型与AI应用。等级4要求学习者独立完成常见任务、解释方法并处理异常。评估应引用近期课程、项目、测评或工作样例。,向量数据库|大模型与AI应用|能力等级|证据,skill,SKILL-028,1.1.0,derived,true,SRC-ONET|SRC-ESCO|SRC-SYNTH,2026-09-05T00:00:00+08:00,0.9,primary_derived,derived,,cc_by_4_0_attribution,false,dev
KC-SKILL-028-L5,skill_level,向量数据库等级5,向量数据库属于大模型与AI应用。等级5要求学习者设计复杂方案、评估风险并指导他人。评估应引用近期课程、项目、测评或工作样例。,向量数据库|大模型与AI应用|能力等级|证据,skill,SKILL-028,1.1.0,derived,true,SRC-ONET|SRC-ESCO|SRC-SYNTH,2026-09-05T00:00:00+08:00,0.9,primary_derived,derived,,cc_by_4_0_attribution,false,dev
KC-SKILL-029-L1,skill_level,智能体开发等级1,智能体开发属于大模型与AI应用。等级1要求学习者理解基础概念并在指导下完成任务。评估应引用近期课程、项目、测评或工作样例。,智能体开发|大模型与AI应用|能力等级|证据,skill,SKILL-029,1.1.0,derived,true,SRC-ONET|SRC-ESCO|SRC-SYNTH,2026-09-05T00:00:00+08:00,0.9,primary_derived,derived,,cc_by_4_0_attribution,false,dev
KC-SKILL-029-L2,skill_level,智能体开发等级2,智能体开发属于大模型与AI应用。等级2要求学习者理解基础概念并在指导下完成任务。评估应引用近期课程、项目、测评或工作样例。,智能体开发|大模型与AI应用|能力等级|证据,skill,SKILL-029,1.1.0,derived,true,SRC-ONET|SRC-ESCO|SRC-SYNTH,2026-09-05T00:00:00+08:00,0.9,primary_derived,derived,,cc_by_4_0_attribution,false,dev
KC-SKILL-029-L3,skill_level,智能体开发等级3,智能体开发属于大模型与AI应用。等级3要求学习者独立完成常见任务、解释方法并处理异常。评估应引用近期课程、项目、测评或工作样例。,智能体开发|大模型与AI应用|能力等级|证据,skill,SKILL-029,1.1.0,derived,true,SRC-ONET|SRC-ESCO|SRC-SYNTH,2026-09-05T00:00:00+08:00,0.9,primary_derived,derived,,cc_by_4_0_attribution,false,dev
KC-SKILL-029-L4,skill_level,智能体开发等级4,智能体开发属于大模型与AI应用。等级4要求学习者独立完成常见任务、解释方法并处理异常。评估应引用近期课程、项目、测评或工作样例。,智能体开发|大模型与AI应用|能力等级|证据,skill,SKILL-029,1.1.0,derived,true,SRC-ONET|SRC-ESCO|SRC-SYNTH,2026-09-05T00:00:00+08:00,0.9,primary_derived,derived,,cc_by_4_0_attribution,false,dev
KC-SKILL-029-L5,skill_level,智能体开发等级5,智能体开发属于大模型与AI应用。等级5要求学习者设计复杂方案、评估风险并指导他人。评估应引用近期课程、项目、测评或工作样例。,智能体开发|大模型与AI应用|能力等级|证据,skill,SKILL-029,1.1.0,derived,true,SRC-ONET|SRC-ESCO|SRC-SYNTH,2026-09-05T00:00:00+08:00,0.9,primary_derived,derived,,cc_by_4_0_attribution,false,dev
KC-SKILL-030-L1,skill_level,MCP与工具调用等级1,MCP与工具调用属于大模型与AI应用。等级1要求学习者理解基础概念并在指导下完成任务。评估应引用近期课程、项目、测评或工作样例。,MCP与工具调用|大模型与AI应用|能力等级|证据,skill,SKILL-030,1.1.0,derived,true,SRC-ONET|SRC-ESCO|SRC-SYNTH,2026-09-05T00:00:00+08:00,0.9,primary_derived,derived,,cc_by_4_0_attribution,false,dev
KC-SKILL-030-L2,skill_level,MCP与工具调用等级2,MCP与工具调用属于大模型与AI应用。等级2要求学习者理解基础概念并在指导下完成任务。评估应引用近期课程、项目、测评或工作样例。,MCP与工具调用|大模型与AI应用|能力等级|证据,skill,SKILL-030,1.1.0,derived,true,SRC-ONET|SRC-ESCO|SRC-SYNTH,2026-09-05T00:00:00+08:00,0.9,primary_derived,derived,,cc_by_4_0_attribution,false,dev
KC-SKILL-030-L3,skill_level,MCP与工具调用等级3,MCP与工具调用属于大模型与AI应用。等级3要求学习者独立完成常见任务、解释方法并处理异常。评估应引用近期课程、项目、测评或工作样例。,MCP与工具调用|大模型与AI应用|能力等级|证据,skill,SKILL-030,1.1.0,derived,true,SRC-ONET|SRC-ESCO|SRC-SYNTH,2026-09-05T00:00:00+08:00,0.9,primary_derived,derived,,cc_by_4_0_attribution,false,dev
KC-SKILL-030-L4,skill_level,MCP与工具调用等级4,MCP与工具调用属于大模型与AI应用。等级4要求学习者独立完成常见任务、解释方法并处理异常。评估应引用近期课程、项目、测评或工作样例。,MCP与工具调用|大模型与AI应用|能力等级|证据,skill,SKILL-030,1.1.0,derived,true,SRC-ONET|SRC-ESCO|SRC-SYNTH,2026-09-05T00:00:00+08:00,0.9,primary_derived,derived,,cc_by_4_0_attribution,false,dev
KC-SKILL-030-L5,skill_level,MCP与工具调用等级5,MCP与工具调用属于大模型与AI应用。等级5要求学习者设计复杂方案、评估风险并指导他人。评估应引用近期课程、项目、测评或工作样例。,MCP与工具调用|大模型与AI应用|能力等级|证据,skill,SKILL-030,1.1.0,derived,true,SRC-ONET|SRC-ESCO|SRC-SYNTH,2026-09-05T00:00:00+08:00,0.9,primary_derived,derived,,cc_by_4_0_attribution,false,dev
KC-SKILL-031-L1,skill_level,模型微调等级1,模型微调属于大模型与AI应用。等级1要求学习者理解基础概念并在指导下完成任务。评估应引用近期课程、项目、测评或工作样例。,模型微调|大模型与AI应用|能力等级|证据,skill,SKILL-031,1.1.0,derived,true,SRC-ONET|SRC-ESCO|SRC-SYNTH,2026-09-05T00:00:00+08:00,0.9,primary_derived,derived,,cc_by_4_0_attribution,false,dev
KC-SKILL-031-L2,skill_level,模型微调等级2,模型微调属于大模型与AI应用。等级2要求学习者理解基础概念并在指导下完成任务。评估应引用近期课程、项目、测评或工作样例。,模型微调|大模型与AI应用|能力等级|证据,skill,SKILL-031,1.1.0,derived,true,SRC-ONET|SRC-ESCO|SRC-SYNTH,2026-09-05T00:00:00+08:00,0.9,primary_derived,derived,,cc_by_4_0_attribution,false,dev
KC-SKILL-031-L3,skill_level,模型微调等级3,模型微调属于大模型与AI应用。等级3要求学习者独立完成常见任务、解释方法并处理异常。评估应引用近期课程、项目、测评或工作样例。,模型微调|大模型与AI应用|能力等级|证据,skill,SKILL-031,1.1.0,derived,true,SRC-ONET|SRC-ESCO|SRC-SYNTH,2026-09-05T00:00:00+08:00,0.9,primary_derived,derived,,cc_by_4_0_attribution,false,dev
KC-SKILL-031-L4,skill_level,模型微调等级4,模型微调属于大模型与AI应用。等级4要求学习者独立完成常见任务、解释方法并处理异常。评估应引用近期课程、项目、测评或工作样例。,模型微调|大模型与AI应用|能力等级|证据,skill,SKILL-031,1.1.0,derived,true,SRC-ONET|SRC-ESCO|SRC-SYNTH,2026-09-05T00:00:00+08:00,0.9,primary_derived,derived,,cc_by_4_0_attribution,false,dev
KC-SKILL-031-L5,skill_level,模型微调等级5,模型微调属于大模型与AI应用。等级5要求学习者设计复杂方案、评估风险并指导他人。评估应引用近期课程、项目、测评或工作样例。,模型微调|大模型与AI应用|能力等级|证据,skill,SKILL-031,1.1.0,derived,true,SRC-ONET|SRC-ESCO|SRC-SYNTH,2026-09-05T00:00:00+08:00,0.9,primary_derived,derived,,cc_by_4_0_attribution,false,dev
KC-SKILL-032-L1,skill_level,AI安全与评测等级1,AI安全与评测属于大模型与AI应用。等级1要求学习者理解基础概念并在指导下完成任务。评估应引用近期课程、项目、测评或工作样例。,AI安全与评测|大模型与AI应用|能力等级|证据,skill,SKILL-032,1.1.0,derived,true,SRC-ONET|SRC-ESCO|SRC-SYNTH,2026-09-05T00:00:00+08:00,0.9,primary_derived,derived,,cc_by_4_0_attribution,false,dev
KC-SKILL-032-L2,skill_level,AI安全与评测等级2,AI安全与评测属于大模型与AI应用。等级2要求学习者理解基础概念并在指导下完成任务。评估应引用近期课程、项目、测评或工作样例。,AI安全与评测|大模型与AI应用|能力等级|证据,skill,SKILL-032,1.1.0,derived,true,SRC-ONET|SRC-ESCO|SRC-SYNTH,2026-09-05T00:00:00+08:00,0.9,primary_derived,derived,,cc_by_4_0_attribution,false,dev
KC-SKILL-032-L3,skill_level,AI安全与评测等级3,AI安全与评测属于大模型与AI应用。等级3要求学习者独立完成常见任务、解释方法并处理异常。评估应引用近期课程、项目、测评或工作样例。,AI安全与评测|大模型与AI应用|能力等级|证据,skill,SKILL-032,1.1.0,derived,true,SRC-ONET|SRC-ESCO|SRC-SYNTH,2026-09-05T00:00:00+08:00,0.9,primary_derived,derived,,cc_by_4_0_attribution,false,dev
KC-SKILL-032-L4,skill_level,AI安全与评测等级4,AI安全与评测属于大模型与AI应用。等级4要求学习者独立完成常见任务、解释方法并处理异常。评估应引用近期课程、项目、测评或工作样例。,AI安全与评测|大模型与AI应用|能力等级|证据,skill,SKILL-032,1.1.0,derived,true,SRC-ONET|SRC-ESCO|SRC-SYNTH,2026-09-05T00:00:00+08:00,0.9,primary_derived,derived,,cc_by_4_0_attribution,false,dev
KC-SKILL-032-L5,skill_level,AI安全与评测等级5,AI安全与评测属于大模型与AI应用。等级5要求学习者设计复杂方案、评估风险并指导他人。评估应引用近期课程、项目、测评或工作样例。,AI安全与评测|大模型与AI应用|能力等级|证据,skill,SKILL-032,1.1.0,derived,true,SRC-ONET|SRC-ESCO|SRC-SYNTH,2026-09-05T00:00:00+08:00,0.9,primary_derived,derived,,cc_by_4_0_attribution,false,dev
KC-SKILL-033-L1,skill_level,Git版本控制等级1,Git版本控制属于工程部署与工具。等级1要求学习者理解基础概念并在指导下完成任务。评估应引用近期课程、项目、测评或工作样例。,Git版本控制|工程部署与工具|能力等级|证据,skill,SKILL-033,1.1.0,derived,true,SRC-ONET|SRC-ESCO|SRC-SYNTH,2026-09-05T00:00:00+08:00,0.9,primary_derived,derived,,cc_by_4_0_attribution,false,dev
KC-SKILL-033-L2,skill_level,Git版本控制等级2,Git版本控制属于工程部署与工具。等级2要求学习者理解基础概念并在指导下完成任务。评估应引用近期课程、项目、测评或工作样例。,Git版本控制|工程部署与工具|能力等级|证据,skill,SKILL-033,1.1.0,derived,true,SRC-ONET|SRC-ESCO|SRC-SYNTH,2026-09-05T00:00:00+08:00,0.9,primary_derived,derived,,cc_by_4_0_attribution,false,dev
KC-SKILL-033-L3,skill_level,Git版本控制等级3,Git版本控制属于工程部署与工具。等级3要求学习者独立完成常见任务、解释方法并处理异常。评估应引用近期课程、项目、测评或工作样例。,Git版本控制|工程部署与工具|能力等级|证据,skill,SKILL-033,1.1.0,derived,true,SRC-ONET|SRC-ESCO|SRC-SYNTH,2026-09-05T00:00:00+08:00,0.9,primary_derived,derived,,cc_by_4_0_attribution,false,dev
KC-SKILL-033-L4,skill_level,Git版本控制等级4,Git版本控制属于工程部署与工具。等级4要求学习者独立完成常见任务、解释方法并处理异常。评估应引用近期课程、项目、测评或工作样例。,Git版本控制|工程部署与工具|能力等级|证据,skill,SKILL-033,1.1.0,derived,true,SRC-ONET|SRC-ESCO|SRC-SYNTH,2026-09-05T00:00:00+08:00,0.9,primary_derived,derived,,cc_by_4_0_attribution,false,dev
KC-SKILL-033-L5,skill_level,Git版本控制等级5,Git版本控制属于工程部署与工具。等级5要求学习者设计复杂方案、评估风险并指导他人。评估应引用近期课程、项目、测评或工作样例。,Git版本控制|工程部署与工具|能力等级|证据,skill,SKILL-033,1.1.0,derived,true,SRC-ONET|SRC-ESCO|SRC-SYNTH,2026-09-05T00:00:00+08:00,0.9,primary_derived,derived,,cc_by_4_0_attribution,false,dev
KC-SKILL-034-L1,skill_level,API设计等级1,API设计属于工程部署与工具。等级1要求学习者理解基础概念并在指导下完成任务。评估应引用近期课程、项目、测评或工作样例。,API设计|工程部署与工具|能力等级|证据,skill,SKILL-034,1.1.0,derived,true,SRC-ONET|SRC-ESCO|SRC-SYNTH,2026-09-05T00:00:00+08:00,0.9,primary_derived,derived,,cc_by_4_0_attribution,false,dev
KC-SKILL-034-L2,skill_level,API设计等级2,API设计属于工程部署与工具。等级2要求学习者理解基础概念并在指导下完成任务。评估应引用近期课程、项目、测评或工作样例。,API设计|工程部署与工具|能力等级|证据,skill,SKILL-034,1.1.0,derived,true,SRC-ONET|SRC-ESCO|SRC-SYNTH,2026-09-05T00:00:00+08:00,0.9,primary_derived,derived,,cc_by_4_0_attribution,false,dev
KC-SKILL-034-L3,skill_level,API设计等级3,API设计属于工程部署与工具。等级3要求学习者独立完成常见任务、解释方法并处理异常。评估应引用近期课程、项目、测评或工作样例。,API设计|工程部署与工具|能力等级|证据,skill,SKILL-034,1.1.0,derived,true,SRC-ONET|SRC-ESCO|SRC-SYNTH,2026-09-05T00:00:00+08:00,0.9,primary_derived,derived,,cc_by_4_0_attribution,false,dev
KC-SKILL-034-L4,skill_level,API设计等级4,API设计属于工程部署与工具。等级4要求学习者独立完成常见任务、解释方法并处理异常。评估应引用近期课程、项目、测评或工作样例。,API设计|工程部署与工具|能力等级|证据,skill,SKILL-034,1.1.0,derived,true,SRC-ONET|SRC-ESCO|SRC-SYNTH,2026-09-05T00:00:00+08:00,0.9,primary_derived,derived,,cc_by_4_0_attribution,false,dev
KC-SKILL-034-L5,skill_level,API设计等级5,API设计属于工程部署与工具。等级5要求学习者设计复杂方案、评估风险并指导他人。评估应引用近期课程、项目、测评或工作样例。,API设计|工程部署与工具|能力等级|证据,skill,SKILL-034,1.1.0,derived,true,SRC-ONET|SRC-ESCO|SRC-SYNTH,2026-09-05T00:00:00+08:00,0.9,primary_derived,derived,,cc_by_4_0_attribution,false,dev
KC-SKILL-035-L1,skill_level,后端服务开发等级1,后端服务开发属于工程部署与工具。等级1要求学习者理解基础概念并在指导下完成任务。评估应引用近期课程、项目、测评或工作样例。,后端服务开发|工程部署与工具|能力等级|证据,skill,SKILL-035,1.1.0,derived,true,SRC-ONET|SRC-ESCO|SRC-SYNTH,2026-09-05T00:00:00+08:00,0.9,primary_derived,derived,,cc_by_4_0_attribution,false,dev
KC-SKILL-035-L2,skill_level,后端服务开发等级2,后端服务开发属于工程部署与工具。等级2要求学习者理解基础概念并在指导下完成任务。评估应引用近期课程、项目、测评或工作样例。,后端服务开发|工程部署与工具|能力等级|证据,skill,SKILL-035,1.1.0,derived,true,SRC-ONET|SRC-ESCO|SRC-SYNTH,2026-09-05T00:00:00+08:00,0.9,primary_derived,derived,,cc_by_4_0_attribution,false,dev
KC-SKILL-035-L3,skill_level,后端服务开发等级3,后端服务开发属于工程部署与工具。等级3要求学习者独立完成常见任务、解释方法并处理异常。评估应引用近期课程、项目、测评或工作样例。,后端服务开发|工程部署与工具|能力等级|证据,skill,SKILL-035,1.1.0,derived,true,SRC-ONET|SRC-ESCO|SRC-SYNTH,2026-09-05T00:00:00+08:00,0.9,primary_derived,derived,,cc_by_4_0_attribution,false,dev
KC-SKILL-035-L4,skill_level,后端服务开发等级4,后端服务开发属于工程部署与工具。等级4要求学习者独立完成常见任务、解释方法并处理异常。评估应引用近期课程、项目、测评或工作样例。,后端服务开发|工程部署与工具|能力等级|证据,skill,SKILL-035,1.1.0,derived,true,SRC-ONET|SRC-ESCO|SRC-SYNTH,2026-09-05T00:00:00+08:00,0.9,primary_derived,derived,,cc_by_4_0_attribution,false,dev
KC-SKILL-035-L5,skill_level,后端服务开发等级5,后端服务开发属于工程部署与工具。等级5要求学习者设计复杂方案、评估风险并指导他人。评估应引用近期课程、项目、测评或工作样例。,后端服务开发|工程部署与工具|能力等级|证据,skill,SKILL-035,1.1.0,derived,true,SRC-ONET|SRC-ESCO|SRC-SYNTH,2026-09-05T00:00:00+08:00,0.9,primary_derived,derived,,cc_by_4_0_attribution,false,dev
KC-SKILL-036-L1,skill_level,Docker容器等级1,Docker容器属于工程部署与工具。等级1要求学习者理解基础概念并在指导下完成任务。评估应引用近期课程、项目、测评或工作样例。,Docker容器|工程部署与工具|能力等级|证据,skill,SKILL-036,1.1.0,derived,true,SRC-ONET|SRC-ESCO|SRC-SYNTH,2026-09-05T00:00:00+08:00,0.9,primary_derived,derived,,cc_by_4_0_attribution,false,dev
KC-SKILL-036-L2,skill_level,Docker容器等级2,Docker容器属于工程部署与工具。等级2要求学习者理解基础概念并在指导下完成任务。评估应引用近期课程、项目、测评或工作样例。,Docker容器|工程部署与工具|能力等级|证据,skill,SKILL-036,1.1.0,derived,true,SRC-ONET|SRC-ESCO|SRC-SYNTH,2026-09-05T00:00:00+08:00,0.9,primary_derived,derived,,cc_by_4_0_attribution,false,dev
KC-SKILL-036-L3,skill_level,Docker容器等级3,Docker容器属于工程部署与工具。等级3要求学习者独立完成常见任务、解释方法并处理异常。评估应引用近期课程、项目、测评或工作样例。,Docker容器|工程部署与工具|能力等级|证据,skill,SKILL-036,1.1.0,derived,true,SRC-ONET|SRC-ESCO|SRC-SYNTH,2026-09-05T00:00:00+08:00,0.9,primary_derived,derived,,cc_by_4_0_attribution,false,dev
KC-SKILL-036-L4,skill_level,Docker容器等级4,Docker容器属于工程部署与工具。等级4要求学习者独立完成常见任务、解释方法并处理异常。评估应引用近期课程、项目、测评或工作样例。,Docker容器|工程部署与工具|能力等级|证据,skill,SKILL-036,1.1.0,derived,true,SRC-ONET|SRC-ESCO|SRC-SYNTH,2026-09-05T00:00:00+08:00,0.9,primary_derived,derived,,cc_by_4_0_attribution,false,dev
KC-SKILL-036-L5,skill_level,Docker容器等级5,Docker容器属于工程部署与工具。等级5要求学习者设计复杂方案、评估风险并指导他人。评估应引用近期课程、项目、测评或工作样例。,Docker容器|工程部署与工具|能力等级|证据,skill,SKILL-036,1.1.0,derived,true,SRC-ONET|SRC-ESCO|SRC-SYNTH,2026-09-05T00:00:00+08:00,0.9,primary_derived,derived,,cc_by_4_0_attribution,false,dev
KC-SKILL-037-L1,skill_level,CI/CD等级1,CI/CD属于工程部署与工具。等级1要求学习者理解基础概念并在指导下完成任务。评估应引用近期课程、项目、测评或工作样例。,CI/CD|工程部署与工具|能力等级|证据,skill,SKILL-037,1.1.0,derived,true,SRC-ONET|SRC-ESCO|SRC-SYNTH,2026-09-05T00:00:00+08:00,0.9,primary_derived,derived,,cc_by_4_0_attribution,false,dev
KC-SKILL-037-L2,skill_level,CI/CD等级2,CI/CD属于工程部署与工具。等级2要求学习者理解基础概念并在指导下完成任务。评估应引用近期课程、项目、测评或工作样例。,CI/CD|工程部署与工具|能力等级|证据,skill,SKILL-037,1.1.0,derived,true,SRC-ONET|SRC-ESCO|SRC-SYNTH,2026-09-05T00:00:00+08:00,0.9,primary_derived,derived,,cc_by_4_0_attribution,false,dev
KC-SKILL-037-L3,skill_level,CI/CD等级3,CI/CD属于工程部署与工具。等级3要求学习者独立完成常见任务、解释方法并处理异常。评估应引用近期课程、项目、测评或工作样例。,CI/CD|工程部署与工具|能力等级|证据,skill,SKILL-037,1.1.0,derived,true,SRC-ONET|SRC-ESCO|SRC-SYNTH,2026-09-05T00:00:00+08:00,0.9,primary_derived,derived,,cc_by_4_0_attribution,false,dev
KC-SKILL-037-L4,skill_level,CI/CD等级4,CI/CD属于工程部署与工具。等级4要求学习者独立完成常见任务、解释方法并处理异常。评估应引用近期课程、项目、测评或工作样例。,CI/CD|工程部署与工具|能力等级|证据,skill,SKILL-037,1.1.0,derived,true,SRC-ONET|SRC-ESCO|SRC-SYNTH,2026-09-05T00:00:00+08:00,0.9,primary_derived,derived,,cc_by_4_0_attribution,false,dev
KC-SKILL-037-L5,skill_level,CI/CD等级5,CI/CD属于工程部署与工具。等级5要求学习者设计复杂方案、评估风险并指导他人。评估应引用近期课程、项目、测评或工作样例。,CI/CD|工程部署与工具|能力等级|证据,skill,SKILL-037,1.1.0,derived,true,SRC-ONET|SRC-ESCO|SRC-SYNTH,2026-09-05T00:00:00+08:00,0.9,primary_derived,derived,,cc_by_4_0_attribution,false,dev
KC-SKILL-038-L1,skill_level,云端部署等级1,云端部署属于工程部署与工具。等级1要求学习者理解基础概念并在指导下完成任务。评估应引用近期课程、项目、测评或工作样例。,云端部署|工程部署与工具|能力等级|证据,skill,SKILL-038,1.1.0,derived,true,SRC-ONET|SRC-ESCO|SRC-SYNTH,2026-09-05T00:00:00+08:00,0.9,primary_derived,derived,,cc_by_4_0_attribution,false,dev
KC-SKILL-038-L2,skill_level,云端部署等级2,云端部署属于工程部署与工具。等级2要求学习者理解基础概念并在指导下完成任务。评估应引用近期课程、项目、测评或工作样例。,云端部署|工程部署与工具|能力等级|证据,skill,SKILL-038,1.1.0,derived,true,SRC-ONET|SRC-ESCO|SRC-SYNTH,2026-09-05T00:00:00+08:00,0.9,primary_derived,derived,,cc_by_4_0_attribution,false,dev
KC-SKILL-038-L3,skill_level,云端部署等级3,云端部署属于工程部署与工具。等级3要求学习者独立完成常见任务、解释方法并处理异常。评估应引用近期课程、项目、测评或工作样例。,云端部署|工程部署与工具|能力等级|证据,skill,SKILL-038,1.1.0,derived,true,SRC-ONET|SRC-ESCO|SRC-SYNTH,2026-09-05T00:00:00+08:00,0.9,primary_derived,derived,,cc_by_4_0_attribution,false,dev
KC-SKILL-038-L4,skill_level,云端部署等级4,云端部署属于工程部署与工具。等级4要求学习者独立完成常见任务、解释方法并处理异常。评估应引用近期课程、项目、测评或工作样例。,云端部署|工程部署与工具|能力等级|证据,skill,SKILL-038,1.1.0,derived,true,SRC-ONET|SRC-ESCO|SRC-SYNTH,2026-09-05T00:00:00+08:00,0.9,primary_derived,derived,,cc_by_4_0_attribution,false,dev
KC-SKILL-038-L5,skill_level,云端部署等级5,云端部署属于工程部署与工具。等级5要求学习者设计复杂方案、评估风险并指导他人。评估应引用近期课程、项目、测评或工作样例。,云端部署|工程部署与工具|能力等级|证据,skill,SKILL-038,1.1.0,derived,true,SRC-ONET|SRC-ESCO|SRC-SYNTH,2026-09-05T00:00:00+08:00,0.9,primary_derived,derived,,cc_by_4_0_attribution,false,dev
KC-SKILL-039-L1,skill_level,监控与可观测性等级1,监控与可观测性属于工程部署与工具。等级1要求学习者理解基础概念并在指导下完成任务。评估应引用近期课程、项目、测评或工作样例。,监控与可观测性|工程部署与工具|能力等级|证据,skill,SKILL-039,1.1.0,derived,true,SRC-ONET|SRC-ESCO|SRC-SYNTH,2026-09-05T00:00:00+08:00,0.9,primary_derived,derived,,cc_by_4_0_attribution,false,dev
KC-SKILL-039-L2,skill_level,监控与可观测性等级2,监控与可观测性属于工程部署与工具。等级2要求学习者理解基础概念并在指导下完成任务。评估应引用近期课程、项目、测评或工作样例。,监控与可观测性|工程部署与工具|能力等级|证据,skill,SKILL-039,1.1.0,derived,true,SRC-ONET|SRC-ESCO|SRC-SYNTH,2026-09-05T00:00:00+08:00,0.9,primary_derived,derived,,cc_by_4_0_attribution,false,dev
KC-SKILL-039-L3,skill_level,监控与可观测性等级3,监控与可观测性属于工程部署与工具。等级3要求学习者独立完成常见任务、解释方法并处理异常。评估应引用近期课程、项目、测评或工作样例。,监控与可观测性|工程部署与工具|能力等级|证据,skill,SKILL-039,1.1.0,derived,true,SRC-ONET|SRC-ESCO|SRC-SYNTH,2026-09-05T00:00:00+08:00,0.9,primary_derived,derived,,cc_by_4_0_attribution,false,dev
KC-SKILL-039-L4,skill_level,监控与可观测性等级4,监控与可观测性属于工程部署与工具。等级4要求学习者独立完成常见任务、解释方法并处理异常。评估应引用近期课程、项目、测评或工作样例。,监控与可观测性|工程部署与工具|能力等级|证据,skill,SKILL-039,1.1.0,derived,true,SRC-ONET|SRC-ESCO|SRC-SYNTH,2026-09-05T00:00:00+08:00,0.9,primary_derived,derived,,cc_by_4_0_attribution,false,dev
KC-SKILL-039-L5,skill_level,监控与可观测性等级5,监控与可观测性属于工程部署与工具。等级5要求学习者设计复杂方案、评估风险并指导他人。评估应引用近期课程、项目、测评或工作样例。,监控与可观测性|工程部署与工具|能力等级|证据,skill,SKILL-039,1.1.0,derived,true,SRC-ONET|SRC-ESCO|SRC-SYNTH,2026-09-05T00:00:00+08:00,0.9,primary_derived,derived,,cc_by_4_0_attribution,false,dev
KC-SKILL-040-L1,skill_level,数据工程管道等级1,数据工程管道属于工程部署与工具。等级1要求学习者理解基础概念并在指导下完成任务。评估应引用近期课程、项目、测评或工作样例。,数据工程管道|工程部署与工具|能力等级|证据,skill,SKILL-040,1.1.0,derived,true,SRC-ONET|SRC-ESCO|SRC-SYNTH,2026-09-05T00:00:00+08:00,0.9,primary_derived,derived,,cc_by_4_0_attribution,false,dev
KC-SKILL-040-L2,skill_level,数据工程管道等级2,数据工程管道属于工程部署与工具。等级2要求学习者理解基础概念并在指导下完成任务。评估应引用近期课程、项目、测评或工作样例。,数据工程管道|工程部署与工具|能力等级|证据,skill,SKILL-040,1.1.0,derived,true,SRC-ONET|SRC-ESCO|SRC-SYNTH,2026-09-05T00:00:00+08:00,0.9,primary_derived,derived,,cc_by_4_0_attribution,false,dev
KC-SKILL-040-L3,skill_level,数据工程管道等级3,数据工程管道属于工程部署与工具。等级3要求学习者独立完成常见任务、解释方法并处理异常。评估应引用近期课程、项目、测评或工作样例。,数据工程管道|工程部署与工具|能力等级|证据,skill,SKILL-040,1.1.0,derived,true,SRC-ONET|SRC-ESCO|SRC-SYNTH,2026-09-05T00:00:00+08:00,0.9,primary_derived,derived,,cc_by_4_0_attribution,false,dev
KC-SKILL-040-L4,skill_level,数据工程管道等级4,数据工程管道属于工程部署与工具。等级4要求学习者独立完成常见任务、解释方法并处理异常。评估应引用近期课程、项目、测评或工作样例。,数据工程管道|工程部署与工具|能力等级|证据,skill,SKILL-040,1.1.0,derived,true,SRC-ONET|SRC-ESCO|SRC-SYNTH,2026-09-05T00:00:00+08:00,0.9,primary_derived,derived,,cc_by_4_0_attribution,false,dev
KC-SKILL-040-L5,skill_level,数据工程管道等级5,数据工程管道属于工程部署与工具。等级5要求学习者设计复杂方案、评估风险并指导他人。评估应引用近期课程、项目、测评或工作样例。,数据工程管道|工程部署与工具|能力等级|证据,skill,SKILL-040,1.1.0,derived,true,SRC-ONET|SRC-ESCO|SRC-SYNTH,2026-09-05T00:00:00+08:00,0.9,primary_derived,derived,,cc_by_4_0_attribution,false,dev
KC-SKILL-041-L1,skill_level,问题拆解等级1,问题拆解属于问题解决与产品思维。等级1要求学习者理解基础概念并在指导下完成任务。评估应引用近期课程、项目、测评或工作样例。,问题拆解|问题解决与产品思维|能力等级|证据,skill,SKILL-041,1.1.0,derived,true,SRC-ONET|SRC-WEF|SRC-SYNTH,2026-09-05T00:00:00+08:00,0.9,primary_derived,derived,,cc_by_4_0_attribution,false,dev
KC-SKILL-041-L2,skill_level,问题拆解等级2,问题拆解属于问题解决与产品思维。等级2要求学习者理解基础概念并在指导下完成任务。评估应引用近期课程、项目、测评或工作样例。,问题拆解|问题解决与产品思维|能力等级|证据,skill,SKILL-041,1.1.0,derived,true,SRC-ONET|SRC-WEF|SRC-SYNTH,2026-09-05T00:00:00+08:00,0.9,primary_derived,derived,,cc_by_4_0_attribution,false,dev
KC-SKILL-041-L3,skill_level,问题拆解等级3,问题拆解属于问题解决与产品思维。等级3要求学习者独立完成常见任务、解释方法并处理异常。评估应引用近期课程、项目、测评或工作样例。,问题拆解|问题解决与产品思维|能力等级|证据,skill,SKILL-041,1.1.0,derived,true,SRC-ONET|SRC-WEF|SRC-SYNTH,2026-09-05T00:00:00+08:00,0.9,primary_derived,derived,,cc_by_4_0_attribution,false,dev
KC-SKILL-041-L4,skill_level,问题拆解等级4,问题拆解属于问题解决与产品思维。等级4要求学习者独立完成常见任务、解释方法并处理异常。评估应引用近期课程、项目、测评或工作样例。,问题拆解|问题解决与产品思维|能力等级|证据,skill,SKILL-041,1.1.0,derived,true,SRC-ONET|SRC-WEF|SRC-SYNTH,2026-09-05T00:00:00+08:00,0.9,primary_derived,derived,,cc_by_4_0_attribution,false,dev
KC-SKILL-041-L5,skill_level,问题拆解等级5,问题拆解属于问题解决与产品思维。等级5要求学习者设计复杂方案、评估风险并指导他人。评估应引用近期课程、项目、测评或工作样例。,问题拆解|问题解决与产品思维|能力等级|证据,skill,SKILL-041,1.1.0,derived,true,SRC-ONET|SRC-WEF|SRC-SYNTH,2026-09-05T00:00:00+08:00,0.9,primary_derived,derived,,cc_by_4_0_attribution,false,dev
KC-SKILL-042-L1,skill_level,系统思维等级1,系统思维属于问题解决与产品思维。等级1要求学习者理解基础概念并在指导下完成任务。评估应引用近期课程、项目、测评或工作样例。,系统思维|问题解决与产品思维|能力等级|证据,skill,SKILL-042,1.1.0,derived,true,SRC-ONET|SRC-WEF|SRC-SYNTH,2026-09-05T00:00:00+08:00,0.9,primary_derived,derived,,cc_by_4_0_attribution,false,dev
KC-SKILL-042-L2,skill_level,系统思维等级2,系统思维属于问题解决与产品思维。等级2要求学习者理解基础概念并在指导下完成任务。评估应引用近期课程、项目、测评或工作样例。,系统思维|问题解决与产品思维|能力等级|证据,skill,SKILL-042,1.1.0,derived,true,SRC-ONET|SRC-WEF|SRC-SYNTH,2026-09-05T00:00:00+08:00,0.9,primary_derived,derived,,cc_by_4_0_attribution,false,dev
KC-SKILL-042-L3,skill_level,系统思维等级3,系统思维属于问题解决与产品思维。等级3要求学习者独立完成常见任务、解释方法并处理异常。评估应引用近期课程、项目、测评或工作样例。,系统思维|问题解决与产品思维|能力等级|证据,skill,SKILL-042,1.1.0,derived,true,SRC-ONET|SRC-WEF|SRC-SYNTH,2026-09-05T00:00:00+08:00,0.9,primary_derived,derived,,cc_by_4_0_attribution,false,dev
KC-SKILL-042-L4,skill_level,系统思维等级4,系统思维属于问题解决与产品思维。等级4要求学习者独立完成常见任务、解释方法并处理异常。评估应引用近期课程、项目、测评或工作样例。,系统思维|问题解决与产品思维|能力等级|证据,skill,SKILL-042,1.1.0,derived,true,SRC-ONET|SRC-WEF|SRC-SYNTH,2026-09-05T00:00:00+08:00,0.9,primary_derived,derived,,cc_by_4_0_attribution,false,dev
KC-SKILL-042-L5,skill_level,系统思维等级5,系统思维属于问题解决与产品思维。等级5要求学习者设计复杂方案、评估风险并指导他人。评估应引用近期课程、项目、测评或工作样例。,系统思维|问题解决与产品思维|能力等级|证据,skill,SKILL-042,1.1.0,derived,true,SRC-ONET|SRC-WEF|SRC-SYNTH,2026-09-05T00:00:00+08:00,0.9,primary_derived,derived,,cc_by_4_0_attribution,false,dev
KC-SKILL-043-L1,skill_level,需求分析等级1,需求分析属于问题解决与产品思维。等级1要求学习者理解基础概念并在指导下完成任务。评估应引用近期课程、项目、测评或工作样例。,需求分析|问题解决与产品思维|能力等级|证据,skill,SKILL-043,1.1.0,derived,true,SRC-ONET|SRC-ESCO|SRC-SYNTH,2026-09-05T00:00:00+08:00,0.9,primary_derived,derived,,cc_by_4_0_attribution,false,dev
KC-SKILL-043-L2,skill_level,需求分析等级2,需求分析属于问题解决与产品思维。等级2要求学习者理解基础概念并在指导下完成任务。评估应引用近期课程、项目、测评或工作样例。,需求分析|问题解决与产品思维|能力等级|证据,skill,SKILL-043,1.1.0,derived,true,SRC-ONET|SRC-ESCO|SRC-SYNTH,2026-09-05T00:00:00+08:00,0.9,primary_derived,derived,,cc_by_4_0_attribution,false,dev
KC-SKILL-043-L3,skill_level,需求分析等级3,需求分析属于问题解决与产品思维。等级3要求学习者独立完成常见任务、解释方法并处理异常。评估应引用近期课程、项目、测评或工作样例。,需求分析|问题解决与产品思维|能力等级|证据,skill,SKILL-043,1.1.0,derived,true,SRC-ONET|SRC-ESCO|SRC-SYNTH,2026-09-05T00:00:00+08:00,0.9,primary_derived,derived,,cc_by_4_0_attribution,false,dev
KC-SKILL-043-L4,skill_level,需求分析等级4,需求分析属于问题解决与产品思维。等级4要求学习者独立完成常见任务、解释方法并处理异常。评估应引用近期课程、项目、测评或工作样例。,需求分析|问题解决与产品思维|能力等级|证据,skill,SKILL-043,1.1.0,derived,true,SRC-ONET|SRC-ESCO|SRC-SYNTH,2026-09-05T00:00:00+08:00,0.9,primary_derived,derived,,cc_by_4_0_attribution,false,dev
KC-SKILL-043-L5,skill_level,需求分析等级5,需求分析属于问题解决与产品思维。等级5要求学习者设计复杂方案、评估风险并指导他人。评估应引用近期课程、项目、测评或工作样例。,需求分析|问题解决与产品思维|能力等级|证据,skill,SKILL-043,1.1.0,derived,true,SRC-ONET|SRC-ESCO|SRC-SYNTH,2026-09-05T00:00:00+08:00,0.9,primary_derived,derived,,cc_by_4_0_attribution,false,dev
KC-SKILL-044-L1,skill_level,用户研究等级1,用户研究属于问题解决与产品思维。等级1要求学习者理解基础概念并在指导下完成任务。评估应引用近期课程、项目、测评或工作样例。,用户研究|问题解决与产品思维|能力等级|证据,skill,SKILL-044,1.1.0,derived,true,SRC-ONET|SRC-ESCO|SRC-SYNTH,2026-09-05T00:00:00+08:00,0.9,primary_derived,derived,,cc_by_4_0_attribution,false,dev
KC-SKILL-044-L2,skill_level,用户研究等级2,用户研究属于问题解决与产品思维。等级2要求学习者理解基础概念并在指导下完成任务。评估应引用近期课程、项目、测评或工作样例。,用户研究|问题解决与产品思维|能力等级|证据,skill,SKILL-044,1.1.0,derived,true,SRC-ONET|SRC-ESCO|SRC-SYNTH,2026-09-05T00:00:00+08:00,0.9,primary_derived,derived,,cc_by_4_0_attribution,false,dev
KC-SKILL-044-L3,skill_level,用户研究等级3,用户研究属于问题解决与产品思维。等级3要求学习者独立完成常见任务、解释方法并处理异常。评估应引用近期课程、项目、测评或工作样例。,用户研究|问题解决与产品思维|能力等级|证据,skill,SKILL-044,1.1.0,derived,true,SRC-ONET|SRC-ESCO|SRC-SYNTH,2026-09-05T00:00:00+08:00,0.9,primary_derived,derived,,cc_by_4_0_attribution,false,dev
KC-SKILL-044-L4,skill_level,用户研究等级4,用户研究属于问题解决与产品思维。等级4要求学习者独立完成常见任务、解释方法并处理异常。评估应引用近期课程、项目、测评或工作样例。,用户研究|问题解决与产品思维|能力等级|证据,skill,SKILL-044,1.1.0,derived,true,SRC-ONET|SRC-ESCO|SRC-SYNTH,2026-09-05T00:00:00+08:00,0.9,primary_derived,derived,,cc_by_4_0_attribution,false,dev
KC-SKILL-044-L5,skill_level,用户研究等级5,用户研究属于问题解决与产品思维。等级5要求学习者设计复杂方案、评估风险并指导他人。评估应引用近期课程、项目、测评或工作样例。,用户研究|问题解决与产品思维|能力等级|证据,skill,SKILL-044,1.1.0,derived,true,SRC-ONET|SRC-ESCO|SRC-SYNTH,2026-09-05T00:00:00+08:00,0.9,primary_derived,derived,,cc_by_4_0_attribution,false,dev
KC-SKILL-045-L1,skill_level,指标设计等级1,指标设计属于问题解决与产品思维。等级1要求学习者理解基础概念并在指导下完成任务。评估应引用近期课程、项目、测评或工作样例。,指标设计|问题解决与产品思维|能力等级|证据,skill,SKILL-045,1.1.0,derived,true,SRC-ONET|SRC-ESCO|SRC-SYNTH,2026-09-05T00:00:00+08:00,0.9,primary_derived,derived,,cc_by_4_0_attribution,false,dev
KC-SKILL-045-L2,skill_level,指标设计等级2,指标设计属于问题解决与产品思维。等级2要求学习者理解基础概念并在指导下完成任务。评估应引用近期课程、项目、测评或工作样例。,指标设计|问题解决与产品思维|能力等级|证据,skill,SKILL-045,1.1.0,derived,true,SRC-ONET|SRC-ESCO|SRC-SYNTH,2026-09-05T00:00:00+08:00,0.9,primary_derived,derived,,cc_by_4_0_attribution,false,dev
KC-SKILL-045-L3,skill_level,指标设计等级3,指标设计属于问题解决与产品思维。等级3要求学习者独立完成常见任务、解释方法并处理异常。评估应引用近期课程、项目、测评或工作样例。,指标设计|问题解决与产品思维|能力等级|证据,skill,SKILL-045,1.1.0,derived,true,SRC-ONET|SRC-ESCO|SRC-SYNTH,2026-09-05T00:00:00+08:00,0.9,primary_derived,derived,,cc_by_4_0_attribution,false,dev
KC-SKILL-045-L4,skill_level,指标设计等级4,指标设计属于问题解决与产品思维。等级4要求学习者独立完成常见任务、解释方法并处理异常。评估应引用近期课程、项目、测评或工作样例。,指标设计|问题解决与产品思维|能力等级|证据,skill,SKILL-045,1.1.0,derived,true,SRC-ONET|SRC-ESCO|SRC-SYNTH,2026-09-05T00:00:00+08:00,0.9,primary_derived,derived,,cc_by_4_0_attribution,false,dev
KC-SKILL-045-L5,skill_level,指标设计等级5,指标设计属于问题解决与产品思维。等级5要求学习者设计复杂方案、评估风险并指导他人。评估应引用近期课程、项目、测评或工作样例。,指标设计|问题解决与产品思维|能力等级|证据,skill,SKILL-045,1.1.0,derived,true,SRC-ONET|SRC-ESCO|SRC-SYNTH,2026-09-05T00:00:00+08:00,0.9,primary_derived,derived,,cc_by_4_0_attribution,false,dev
KC-SKILL-046-L1,skill_level,业务理解等级1,业务理解属于问题解决与产品思维。等级1要求学习者理解基础概念并在指导下完成任务。评估应引用近期课程、项目、测评或工作样例。,业务理解|问题解决与产品思维|能力等级|证据,skill,SKILL-046,1.1.0,derived,true,SRC-ONET|SRC-ESCO|SRC-SYNTH,2026-09-05T00:00:00+08:00,0.9,primary_derived,derived,,cc_by_4_0_attribution,false,dev
KC-SKILL-046-L2,skill_level,业务理解等级2,业务理解属于问题解决与产品思维。等级2要求学习者理解基础概念并在指导下完成任务。评估应引用近期课程、项目、测评或工作样例。,业务理解|问题解决与产品思维|能力等级|证据,skill,SKILL-046,1.1.0,derived,true,SRC-ONET|SRC-ESCO|SRC-SYNTH,2026-09-05T00:00:00+08:00,0.9,primary_derived,derived,,cc_by_4_0_attribution,false,dev
KC-SKILL-046-L3,skill_level,业务理解等级3,业务理解属于问题解决与产品思维。等级3要求学习者独立完成常见任务、解释方法并处理异常。评估应引用近期课程、项目、测评或工作样例。,业务理解|问题解决与产品思维|能力等级|证据,skill,SKILL-046,1.1.0,derived,true,SRC-ONET|SRC-ESCO|SRC-SYNTH,2026-09-05T00:00:00+08:00,0.9,primary_derived,derived,,cc_by_4_0_attribution,false,dev
KC-SKILL-046-L4,skill_level,业务理解等级4,业务理解属于问题解决与产品思维。等级4要求学习者独立完成常见任务、解释方法并处理异常。评估应引用近期课程、项目、测评或工作样例。,业务理解|问题解决与产品思维|能力等级|证据,skill,SKILL-046,1.1.0,derived,true,SRC-ONET|SRC-ESCO|SRC-SYNTH,2026-09-05T00:00:00+08:00,0.9,primary_derived,derived,,cc_by_4_0_attribution,false,dev
KC-SKILL-046-L5,skill_level,业务理解等级5,业务理解属于问题解决与产品思维。等级5要求学习者设计复杂方案、评估风险并指导他人。评估应引用近期课程、项目、测评或工作样例。,业务理解|问题解决与产品思维|能力等级|证据,skill,SKILL-046,1.1.0,derived,true,SRC-ONET|SRC-ESCO|SRC-SYNTH,2026-09-05T00:00:00+08:00,0.9,primary_derived,derived,,cc_by_4_0_attribution,false,dev
KC-SKILL-047-L1,skill_level,创新与方案比较等级1,创新与方案比较属于问题解决与产品思维。等级1要求学习者理解基础概念并在指导下完成任务。评估应引用近期课程、项目、测评或工作样例。,创新与方案比较|问题解决与产品思维|能力等级|证据,skill,SKILL-047,1.1.0,derived,true,SRC-ONET|SRC-ESCO|SRC-SYNTH,2026-09-05T00:00:00+08:00,0.9,primary_derived,derived,,cc_by_4_0_attribution,false,dev
KC-SKILL-047-L2,skill_level,创新与方案比较等级2,创新与方案比较属于问题解决与产品思维。等级2要求学习者理解基础概念并在指导下完成任务。评估应引用近期课程、项目、测评或工作样例。,创新与方案比较|问题解决与产品思维|能力等级|证据,skill,SKILL-047,1.1.0,derived,true,SRC-ONET|SRC-ESCO|SRC-SYNTH,2026-09-05T00:00:00+08:00,0.9,primary_derived,derived,,cc_by_4_0_attribution,false,dev
KC-SKILL-047-L3,skill_level,创新与方案比较等级3,创新与方案比较属于问题解决与产品思维。等级3要求学习者独立完成常见任务、解释方法并处理异常。评估应引用近期课程、项目、测评或工作样例。,创新与方案比较|问题解决与产品思维|能力等级|证据,skill,SKILL-047,1.1.0,derived,true,SRC-ONET|SRC-ESCO|SRC-SYNTH,2026-09-05T00:00:00+08:00,0.9,primary_derived,derived,,cc_by_4_0_attribution,false,dev
KC-SKILL-047-L4,skill_level,创新与方案比较等级4,创新与方案比较属于问题解决与产品思维。等级4要求学习者独立完成常见任务、解释方法并处理异常。评估应引用近期课程、项目、测评或工作样例。,创新与方案比较|问题解决与产品思维|能力等级|证据,skill,SKILL-047,1.1.0,derived,true,SRC-ONET|SRC-ESCO|SRC-SYNTH,2026-09-05T00:00:00+08:00,0.9,primary_derived,derived,,cc_by_4_0_attribution,false,dev
KC-SKILL-047-L5,skill_level,创新与方案比较等级5,创新与方案比较属于问题解决与产品思维。等级5要求学习者设计复杂方案、评估风险并指导他人。评估应引用近期课程、项目、测评或工作样例。,创新与方案比较|问题解决与产品思维|能力等级|证据,skill,SKILL-047,1.1.0,derived,true,SRC-ONET|SRC-ESCO|SRC-SYNTH,2026-09-05T00:00:00+08:00,0.9,primary_derived,derived,,cc_by_4_0_attribution,false,dev
KC-SKILL-048-L1,skill_level,书面沟通等级1,书面沟通属于沟通协作与职业素养。等级1要求学习者理解基础概念并在指导下完成任务。评估应引用近期课程、项目、测评或工作样例。,书面沟通|沟通协作与职业素养|能力等级|证据,skill,SKILL-048,1.1.0,derived,true,SRC-ONET|SRC-WEF|SRC-SYNTH,2026-09-05T00:00:00+08:00,0.9,primary_derived,derived,,cc_by_4_0_attribution,false,dev
KC-SKILL-048-L2,skill_level,书面沟通等级2,书面沟通属于沟通协作与职业素养。等级2要求学习者理解基础概念并在指导下完成任务。评估应引用近期课程、项目、测评或工作样例。,书面沟通|沟通协作与职业素养|能力等级|证据,skill,SKILL-048,1.1.0,derived,true,SRC-ONET|SRC-WEF|SRC-SYNTH,2026-09-05T00:00:00+08:00,0.9,primary_derived,derived,,cc_by_4_0_attribution,false,dev
KC-SKILL-048-L3,skill_level,书面沟通等级3,书面沟通属于沟通协作与职业素养。等级3要求学习者独立完成常见任务、解释方法并处理异常。评估应引用近期课程、项目、测评或工作样例。,书面沟通|沟通协作与职业素养|能力等级|证据,skill,SKILL-048,1.1.0,derived,true,SRC-ONET|SRC-WEF|SRC-SYNTH,2026-09-05T00:00:00+08:00,0.9,primary_derived,derived,,cc_by_4_0_attribution,false,dev
KC-SKILL-048-L4,skill_level,书面沟通等级4,书面沟通属于沟通协作与职业素养。等级4要求学习者独立完成常见任务、解释方法并处理异常。评估应引用近期课程、项目、测评或工作样例。,书面沟通|沟通协作与职业素养|能力等级|证据,skill,SKILL-048,1.1.0,derived,true,SRC-ONET|SRC-WEF|SRC-SYNTH,2026-09-05T00:00:00+08:00,0.9,primary_derived,derived,,cc_by_4_0_attribution,false,dev
KC-SKILL-048-L5,skill_level,书面沟通等级5,书面沟通属于沟通协作与职业素养。等级5要求学习者设计复杂方案、评估风险并指导他人。评估应引用近期课程、项目、测评或工作样例。,书面沟通|沟通协作与职业素养|能力等级|证据,skill,SKILL-048,1.1.0,derived,true,SRC-ONET|SRC-WEF|SRC-SYNTH,2026-09-05T00:00:00+08:00,0.9,primary_derived,derived,,cc_by_4_0_attribution,false,dev
KC-SKILL-049-L1,skill_level,表达与汇报等级1,表达与汇报属于沟通协作与职业素养。等级1要求学习者理解基础概念并在指导下完成任务。评估应引用近期课程、项目、测评或工作样例。,表达与汇报|沟通协作与职业素养|能力等级|证据,skill,SKILL-049,1.1.0,derived,true,SRC-ONET|SRC-WEF|SRC-SYNTH,2026-09-05T00:00:00+08:00,0.9,primary_derived,derived,,cc_by_4_0_attribution,false,dev
KC-SKILL-049-L2,skill_level,表达与汇报等级2,表达与汇报属于沟通协作与职业素养。等级2要求学习者理解基础概念并在指导下完成任务。评估应引用近期课程、项目、测评或工作样例。,表达与汇报|沟通协作与职业素养|能力等级|证据,skill,SKILL-049,1.1.0,derived,true,SRC-ONET|SRC-WEF|SRC-SYNTH,2026-09-05T00:00:00+08:00,0.9,primary_derived,derived,,cc_by_4_0_attribution,false,dev
KC-SKILL-049-L3,skill_level,表达与汇报等级3,表达与汇报属于沟通协作与职业素养。等级3要求学习者独立完成常见任务、解释方法并处理异常。评估应引用近期课程、项目、测评或工作样例。,表达与汇报|沟通协作与职业素养|能力等级|证据,skill,SKILL-049,1.1.0,derived,true,SRC-ONET|SRC-WEF|SRC-SYNTH,2026-09-05T00:00:00+08:00,0.9,primary_derived,derived,,cc_by_4_0_attribution,false,dev
KC-SKILL-049-L4,skill_level,表达与汇报等级4,表达与汇报属于沟通协作与职业素养。等级4要求学习者独立完成常见任务、解释方法并处理异常。评估应引用近期课程、项目、测评或工作样例。,表达与汇报|沟通协作与职业素养|能力等级|证据,skill,SKILL-049,1.1.0,derived,true,SRC-ONET|SRC-WEF|SRC-SYNTH,2026-09-05T00:00:00+08:00,0.9,primary_derived,derived,,cc_by_4_0_attribution,false,dev
KC-SKILL-049-L5,skill_level,表达与汇报等级5,表达与汇报属于沟通协作与职业素养。等级5要求学习者设计复杂方案、评估风险并指导他人。评估应引用近期课程、项目、测评或工作样例。,表达与汇报|沟通协作与职业素养|能力等级|证据,skill,SKILL-049,1.1.0,derived,true,SRC-ONET|SRC-WEF|SRC-SYNTH,2026-09-05T00:00:00+08:00,0.9,primary_derived,derived,,cc_by_4_0_attribution,false,dev
KC-SKILL-050-L1,skill_level,跨岗位沟通等级1,跨岗位沟通属于沟通协作与职业素养。等级1要求学习者理解基础概念并在指导下完成任务。评估应引用近期课程、项目、测评或工作样例。,跨岗位沟通|沟通协作与职业素养|能力等级|证据,skill,SKILL-050,1.1.0,derived,true,SRC-ONET|SRC-WEF|SRC-SYNTH,2026-09-05T00:00:00+08:00,0.9,primary_derived,derived,,cc_by_4_0_attribution,false,dev
KC-SKILL-050-L2,skill_level,跨岗位沟通等级2,跨岗位沟通属于沟通协作与职业素养。等级2要求学习者理解基础概念并在指导下完成任务。评估应引用近期课程、项目、测评或工作样例。,跨岗位沟通|沟通协作与职业素养|能力等级|证据,skill,SKILL-050,1.1.0,derived,true,SRC-ONET|SRC-WEF|SRC-SYNTH,2026-09-05T00:00:00+08:00,0.9,primary_derived,derived,,cc_by_4_0_attribution,false,dev
KC-SKILL-050-L3,skill_level,跨岗位沟通等级3,跨岗位沟通属于沟通协作与职业素养。等级3要求学习者独立完成常见任务、解释方法并处理异常。评估应引用近期课程、项目、测评或工作样例。,跨岗位沟通|沟通协作与职业素养|能力等级|证据,skill,SKILL-050,1.1.0,derived,true,SRC-ONET|SRC-WEF|SRC-SYNTH,2026-09-05T00:00:00+08:00,0.9,primary_derived,derived,,cc_by_4_0_attribution,false,dev
KC-SKILL-050-L4,skill_level,跨岗位沟通等级4,跨岗位沟通属于沟通协作与职业素养。等级4要求学习者独立完成常见任务、解释方法并处理异常。评估应引用近期课程、项目、测评或工作样例。,跨岗位沟通|沟通协作与职业素养|能力等级|证据,skill,SKILL-050,1.1.0,derived,true,SRC-ONET|SRC-WEF|SRC-SYNTH,2026-09-05T00:00:00+08:00,0.9,primary_derived,derived,,cc_by_4_0_attribution,false,dev
KC-SKILL-050-L5,skill_level,跨岗位沟通等级5,跨岗位沟通属于沟通协作与职业素养。等级5要求学习者设计复杂方案、评估风险并指导他人。评估应引用近期课程、项目、测评或工作样例。,跨岗位沟通|沟通协作与职业素养|能力等级|证据,skill,SKILL-050,1.1.0,derived,true,SRC-ONET|SRC-WEF|SRC-SYNTH,2026-09-05T00:00:00+08:00,0.9,primary_derived,derived,,cc_by_4_0_attribution,false,dev
KC-SKILL-051-L1,skill_level,远程协作等级1,远程协作属于沟通协作与职业素养。等级1要求学习者理解基础概念并在指导下完成任务。评估应引用近期课程、项目、测评或工作样例。,远程协作|沟通协作与职业素养|能力等级|证据,skill,SKILL-051,1.1.0,derived,true,SRC-ONET|SRC-ESCO|SRC-SYNTH,2026-09-05T00:00:00+08:00,0.9,primary_derived,derived,,cc_by_4_0_attribution,false,dev
KC-SKILL-051-L2,skill_level,远程协作等级2,远程协作属于沟通协作与职业素养。等级2要求学习者理解基础概念并在指导下完成任务。评估应引用近期课程、项目、测评或工作样例。,远程协作|沟通协作与职业素养|能力等级|证据,skill,SKILL-051,1.1.0,derived,true,SRC-ONET|SRC-ESCO|SRC-SYNTH,2026-09-05T00:00:00+08:00,0.9,primary_derived,derived,,cc_by_4_0_attribution,false,dev
KC-SKILL-051-L3,skill_level,远程协作等级3,远程协作属于沟通协作与职业素养。等级3要求学习者独立完成常见任务、解释方法并处理异常。评估应引用近期课程、项目、测评或工作样例。,远程协作|沟通协作与职业素养|能力等级|证据,skill,SKILL-051,1.1.0,derived,true,SRC-ONET|SRC-ESCO|SRC-SYNTH,2026-09-05T00:00:00+08:00,0.9,primary_derived,derived,,cc_by_4_0_attribution,false,dev
KC-SKILL-051-L4,skill_level,远程协作等级4,远程协作属于沟通协作与职业素养。等级4要求学习者独立完成常见任务、解释方法并处理异常。评估应引用近期课程、项目、测评或工作样例。,远程协作|沟通协作与职业素养|能力等级|证据,skill,SKILL-051,1.1.0,derived,true,SRC-ONET|SRC-ESCO|SRC-SYNTH,2026-09-05T00:00:00+08:00,0.9,primary_derived,derived,,cc_by_4_0_attribution,false,dev
KC-SKILL-051-L5,skill_level,远程协作等级5,远程协作属于沟通协作与职业素养。等级5要求学习者设计复杂方案、评估风险并指导他人。评估应引用近期课程、项目、测评或工作样例。,远程协作|沟通协作与职业素养|能力等级|证据,skill,SKILL-051,1.1.0,derived,true,SRC-ONET|SRC-ESCO|SRC-SYNTH,2026-09-05T00:00:00+08:00,0.9,primary_derived,derived,,cc_by_4_0_attribution,false,dev
KC-SKILL-052-L1,skill_level,团队协作等级1,团队协作属于沟通协作与职业素养。等级1要求学习者理解基础概念并在指导下完成任务。评估应引用近期课程、项目、测评或工作样例。,团队协作|沟通协作与职业素养|能力等级|证据,skill,SKILL-052,1.1.0,derived,true,SRC-ONET|SRC-WEF|SRC-SYNTH,2026-09-05T00:00:00+08:00,0.9,primary_derived,derived,,cc_by_4_0_attribution,false,dev
KC-SKILL-052-L2,skill_level,团队协作等级2,团队协作属于沟通协作与职业素养。等级2要求学习者理解基础概念并在指导下完成任务。评估应引用近期课程、项目、测评或工作样例。,团队协作|沟通协作与职业素养|能力等级|证据,skill,SKILL-052,1.1.0,derived,true,SRC-ONET|SRC-WEF|SRC-SYNTH,2026-09-05T00:00:00+08:00,0.9,primary_derived,derived,,cc_by_4_0_attribution,false,dev
KC-SKILL-052-L3,skill_level,团队协作等级3,团队协作属于沟通协作与职业素养。等级3要求学习者独立完成常见任务、解释方法并处理异常。评估应引用近期课程、项目、测评或工作样例。,团队协作|沟通协作与职业素养|能力等级|证据,skill,SKILL-052,1.1.0,derived,true,SRC-ONET|SRC-WEF|SRC-SYNTH,2026-09-05T00:00:00+08:00,0.9,primary_derived,derived,,cc_by_4_0_attribution,false,dev
KC-SKILL-052-L4,skill_level,团队协作等级4,团队协作属于沟通协作与职业素养。等级4要求学习者独立完成常见任务、解释方法并处理异常。评估应引用近期课程、项目、测评或工作样例。,团队协作|沟通协作与职业素养|能力等级|证据,skill,SKILL-052,1.1.0,derived,true,SRC-ONET|SRC-WEF|SRC-SYNTH,2026-09-05T00:00:00+08:00,0.9,primary_derived,derived,,cc_by_4_0_attribution,false,dev
KC-SKILL-052-L5,skill_level,团队协作等级5,团队协作属于沟通协作与职业素养。等级5要求学习者设计复杂方案、评估风险并指导他人。评估应引用近期课程、项目、测评或工作样例。,团队协作|沟通协作与职业素养|能力等级|证据,skill,SKILL-052,1.1.0,derived,true,SRC-ONET|SRC-WEF|SRC-SYNTH,2026-09-05T00:00:00+08:00,0.9,primary_derived,derived,,cc_by_4_0_attribution,false,dev
KC-SKILL-053-L1,skill_level,时间管理等级1,时间管理属于沟通协作与职业素养。等级1要求学习者理解基础概念并在指导下完成任务。评估应引用近期课程、项目、测评或工作样例。,时间管理|沟通协作与职业素养|能力等级|证据,skill,SKILL-053,1.1.0,derived,true,SRC-ONET|SRC-WEF|SRC-SYNTH,2026-09-05T00:00:00+08:00,0.9,primary_derived,derived,,cc_by_4_0_attribution,false,dev
KC-SKILL-053-L2,skill_level,时间管理等级2,时间管理属于沟通协作与职业素养。等级2要求学习者理解基础概念并在指导下完成任务。评估应引用近期课程、项目、测评或工作样例。,时间管理|沟通协作与职业素养|能力等级|证据,skill,SKILL-053,1.1.0,derived,true,SRC-ONET|SRC-WEF|SRC-SYNTH,2026-09-05T00:00:00+08:00,0.9,primary_derived,derived,,cc_by_4_0_attribution,false,dev
KC-SKILL-053-L3,skill_level,时间管理等级3,时间管理属于沟通协作与职业素养。等级3要求学习者独立完成常见任务、解释方法并处理异常。评估应引用近期课程、项目、测评或工作样例。,时间管理|沟通协作与职业素养|能力等级|证据,skill,SKILL-053,1.1.0,derived,true,SRC-ONET|SRC-WEF|SRC-SYNTH,2026-09-05T00:00:00+08:00,0.9,primary_derived,derived,,cc_by_4_0_attribution,false,dev
KC-SKILL-053-L4,skill_level,时间管理等级4,时间管理属于沟通协作与职业素养。等级4要求学习者独立完成常见任务、解释方法并处理异常。评估应引用近期课程、项目、测评或工作样例。,时间管理|沟通协作与职业素养|能力等级|证据,skill,SKILL-053,1.1.0,derived,true,SRC-ONET|SRC-WEF|SRC-SYNTH,2026-09-05T00:00:00+08:00,0.9,primary_derived,derived,,cc_by_4_0_attribution,false,dev
KC-SKILL-053-L5,skill_level,时间管理等级5,时间管理属于沟通协作与职业素养。等级5要求学习者设计复杂方案、评估风险并指导他人。评估应引用近期课程、项目、测评或工作样例。,时间管理|沟通协作与职业素养|能力等级|证据,skill,SKILL-053,1.1.0,derived,true,SRC-ONET|SRC-WEF|SRC-SYNTH,2026-09-05T00:00:00+08:00,0.9,primary_derived,derived,,cc_by_4_0_attribution,false,dev
KC-SKILL-054-L1,skill_level,职业伦理与隐私等级1,职业伦理与隐私属于沟通协作与职业素养。等级1要求学习者理解基础概念并在指导下完成任务。评估应引用近期课程、项目、测评或工作样例。,职业伦理与隐私|沟通协作与职业素养|能力等级|证据,skill,SKILL-054,1.1.0,derived,true,SRC-ONET|SRC-WEF|SRC-SYNTH,2026-09-05T00:00:00+08:00,0.9,primary_derived,derived,,cc_by_4_0_attribution,false,dev
KC-SKILL-054-L2,skill_level,职业伦理与隐私等级2,职业伦理与隐私属于沟通协作与职业素养。等级2要求学习者理解基础概念并在指导下完成任务。评估应引用近期课程、项目、测评或工作样例。,职业伦理与隐私|沟通协作与职业素养|能力等级|证据,skill,SKILL-054,1.1.0,derived,true,SRC-ONET|SRC-WEF|SRC-SYNTH,2026-09-05T00:00:00+08:00,0.9,primary_derived,derived,,cc_by_4_0_attribution,false,dev
KC-SKILL-054-L3,skill_level,职业伦理与隐私等级3,职业伦理与隐私属于沟通协作与职业素养。等级3要求学习者独立完成常见任务、解释方法并处理异常。评估应引用近期课程、项目、测评或工作样例。,职业伦理与隐私|沟通协作与职业素养|能力等级|证据,skill,SKILL-054,1.1.0,derived,true,SRC-ONET|SRC-WEF|SRC-SYNTH,2026-09-05T00:00:00+08:00,0.9,primary_derived,derived,,cc_by_4_0_attribution,false,dev
KC-SKILL-054-L4,skill_level,职业伦理与隐私等级4,职业伦理与隐私属于沟通协作与职业素养。等级4要求学习者独立完成常见任务、解释方法并处理异常。评估应引用近期课程、项目、测评或工作样例。,职业伦理与隐私|沟通协作与职业素养|能力等级|证据,skill,SKILL-054,1.1.0,derived,true,SRC-ONET|SRC-WEF|SRC-SYNTH,2026-09-05T00:00:00+08:00,0.9,primary_derived,derived,,cc_by_4_0_attribution,false,dev
KC-SKILL-054-L5,skill_level,职业伦理与隐私等级5,职业伦理与隐私属于沟通协作与职业素养。等级5要求学习者设计复杂方案、评估风险并指导他人。评估应引用近期课程、项目、测评或工作样例。,职业伦理与隐私|沟通协作与职业素养|能力等级|证据,skill,SKILL-054,1.1.0,derived,true,SRC-ONET|SRC-WEF|SRC-SYNTH,2026-09-05T00:00:00+08:00,0.9,primary_derived,derived,,cc_by_4_0_attribution,false,dev
KC-SKILL-055-L1,skill_level,自主学习等级1,自主学习属于学习成长与项目实践。等级1要求学习者理解基础概念并在指导下完成任务。评估应引用近期课程、项目、测评或工作样例。,自主学习|学习成长与项目实践|能力等级|证据,skill,SKILL-055,1.1.0,derived,true,SRC-ONET|SRC-WEF|SRC-SYNTH,2026-09-05T00:00:00+08:00,0.9,primary_derived,derived,,cc_by_4_0_attribution,false,dev
KC-SKILL-055-L2,skill_level,自主学习等级2,自主学习属于学习成长与项目实践。等级2要求学习者理解基础概念并在指导下完成任务。评估应引用近期课程、项目、测评或工作样例。,自主学习|学习成长与项目实践|能力等级|证据,skill,SKILL-055,1.1.0,derived,true,SRC-ONET|SRC-WEF|SRC-SYNTH,2026-09-05T00:00:00+08:00,0.9,primary_derived,derived,,cc_by_4_0_attribution,false,dev
KC-SKILL-055-L3,skill_level,自主学习等级3,自主学习属于学习成长与项目实践。等级3要求学习者独立完成常见任务、解释方法并处理异常。评估应引用近期课程、项目、测评或工作样例。,自主学习|学习成长与项目实践|能力等级|证据,skill,SKILL-055,1.1.0,derived,true,SRC-ONET|SRC-WEF|SRC-SYNTH,2026-09-05T00:00:00+08:00,0.9,primary_derived,derived,,cc_by_4_0_attribution,false,dev
KC-SKILL-055-L4,skill_level,自主学习等级4,自主学习属于学习成长与项目实践。等级4要求学习者独立完成常见任务、解释方法并处理异常。评估应引用近期课程、项目、测评或工作样例。,自主学习|学习成长与项目实践|能力等级|证据,skill,SKILL-055,1.1.0,derived,true,SRC-ONET|SRC-WEF|SRC-SYNTH,2026-09-05T00:00:00+08:00,0.9,primary_derived,derived,,cc_by_4_0_attribution,false,dev
KC-SKILL-055-L5,skill_level,自主学习等级5,自主学习属于学习成长与项目实践。等级5要求学习者设计复杂方案、评估风险并指导他人。评估应引用近期课程、项目、测评或工作样例。,自主学习|学习成长与项目实践|能力等级|证据,skill,SKILL-055,1.1.0,derived,true,SRC-ONET|SRC-WEF|SRC-SYNTH,2026-09-05T00:00:00+08:00,0.9,primary_derived,derived,,cc_by_4_0_attribution,false,dev
KC-SKILL-056-L1,skill_level,知识管理等级1,知识管理属于学习成长与项目实践。等级1要求学习者理解基础概念并在指导下完成任务。评估应引用近期课程、项目、测评或工作样例。,知识管理|学习成长与项目实践|能力等级|证据,skill,SKILL-056,1.1.0,derived,true,SRC-ONET|SRC-ESCO|SRC-SYNTH,2026-09-05T00:00:00+08:00,0.9,primary_derived,derived,,cc_by_4_0_attribution,false,dev
KC-SKILL-056-L2,skill_level,知识管理等级2,知识管理属于学习成长与项目实践。等级2要求学习者理解基础概念并在指导下完成任务。评估应引用近期课程、项目、测评或工作样例。,知识管理|学习成长与项目实践|能力等级|证据,skill,SKILL-056,1.1.0,derived,true,SRC-ONET|SRC-ESCO|SRC-SYNTH,2026-09-05T00:00:00+08:00,0.9,primary_derived,derived,,cc_by_4_0_attribution,false,dev
KC-SKILL-056-L3,skill_level,知识管理等级3,知识管理属于学习成长与项目实践。等级3要求学习者独立完成常见任务、解释方法并处理异常。评估应引用近期课程、项目、测评或工作样例。,知识管理|学习成长与项目实践|能力等级|证据,skill,SKILL-056,1.1.0,derived,true,SRC-ONET|SRC-ESCO|SRC-SYNTH,2026-09-05T00:00:00+08:00,0.9,primary_derived,derived,,cc_by_4_0_attribution,false,dev
KC-SKILL-056-L4,skill_level,知识管理等级4,知识管理属于学习成长与项目实践。等级4要求学习者独立完成常见任务、解释方法并处理异常。评估应引用近期课程、项目、测评或工作样例。,知识管理|学习成长与项目实践|能力等级|证据,skill,SKILL-056,1.1.0,derived,true,SRC-ONET|SRC-ESCO|SRC-SYNTH,2026-09-05T00:00:00+08:00,0.9,primary_derived,derived,,cc_by_4_0_attribution,false,dev
KC-SKILL-056-L5,skill_level,知识管理等级5,知识管理属于学习成长与项目实践。等级5要求学习者设计复杂方案、评估风险并指导他人。评估应引用近期课程、项目、测评或工作样例。,知识管理|学习成长与项目实践|能力等级|证据,skill,SKILL-056,1.1.0,derived,true,SRC-ONET|SRC-ESCO|SRC-SYNTH,2026-09-05T00:00:00+08:00,0.9,primary_derived,derived,,cc_by_4_0_attribution,false,dev
KC-SKILL-057-L1,skill_level,项目规划等级1,项目规划属于学习成长与项目实践。等级1要求学习者理解基础概念并在指导下完成任务。评估应引用近期课程、项目、测评或工作样例。,项目规划|学习成长与项目实践|能力等级|证据,skill,SKILL-057,1.1.0,derived,true,SRC-ONET|SRC-ESCO|SRC-SYNTH,2026-09-05T00:00:00+08:00,0.9,primary_derived,derived,,cc_by_4_0_attribution,false,dev
KC-SKILL-057-L2,skill_level,项目规划等级2,项目规划属于学习成长与项目实践。等级2要求学习者理解基础概念并在指导下完成任务。评估应引用近期课程、项目、测评或工作样例。,项目规划|学习成长与项目实践|能力等级|证据,skill,SKILL-057,1.1.0,derived,true,SRC-ONET|SRC-ESCO|SRC-SYNTH,2026-09-05T00:00:00+08:00,0.9,primary_derived,derived,,cc_by_4_0_attribution,false,dev
KC-SKILL-057-L3,skill_level,项目规划等级3,项目规划属于学习成长与项目实践。等级3要求学习者独立完成常见任务、解释方法并处理异常。评估应引用近期课程、项目、测评或工作样例。,项目规划|学习成长与项目实践|能力等级|证据,skill,SKILL-057,1.1.0,derived,true,SRC-ONET|SRC-ESCO|SRC-SYNTH,2026-09-05T00:00:00+08:00,0.9,primary_derived,derived,,cc_by_4_0_attribution,false,dev
KC-SKILL-057-L4,skill_level,项目规划等级4,项目规划属于学习成长与项目实践。等级4要求学习者独立完成常见任务、解释方法并处理异常。评估应引用近期课程、项目、测评或工作样例。,项目规划|学习成长与项目实践|能力等级|证据,skill,SKILL-057,1.1.0,derived,true,SRC-ONET|SRC-ESCO|SRC-SYNTH,2026-09-05T00:00:00+08:00,0.9,primary_derived,derived,,cc_by_4_0_attribution,false,dev
KC-SKILL-057-L5,skill_level,项目规划等级5,项目规划属于学习成长与项目实践。等级5要求学习者设计复杂方案、评估风险并指导他人。评估应引用近期课程、项目、测评或工作样例。,项目规划|学习成长与项目实践|能力等级|证据,skill,SKILL-057,1.1.0,derived,true,SRC-ONET|SRC-ESCO|SRC-SYNTH,2026-09-05T00:00:00+08:00,0.9,primary_derived,derived,,cc_by_4_0_attribution,false,dev
KC-SKILL-058-L1,skill_level,项目交付等级1,项目交付属于学习成长与项目实践。等级1要求学习者理解基础概念并在指导下完成任务。评估应引用近期课程、项目、测评或工作样例。,项目交付|学习成长与项目实践|能力等级|证据,skill,SKILL-058,1.1.0,derived,true,SRC-ONET|SRC-ESCO|SRC-SYNTH,2026-09-05T00:00:00+08:00,0.9,primary_derived,derived,,cc_by_4_0_attribution,false,dev
KC-SKILL-058-L2,skill_level,项目交付等级2,项目交付属于学习成长与项目实践。等级2要求学习者理解基础概念并在指导下完成任务。评估应引用近期课程、项目、测评或工作样例。,项目交付|学习成长与项目实践|能力等级|证据,skill,SKILL-058,1.1.0,derived,true,SRC-ONET|SRC-ESCO|SRC-SYNTH,2026-09-05T00:00:00+08:00,0.9,primary_derived,derived,,cc_by_4_0_attribution,false,dev
KC-SKILL-058-L3,skill_level,项目交付等级3,项目交付属于学习成长与项目实践。等级3要求学习者独立完成常见任务、解释方法并处理异常。评估应引用近期课程、项目、测评或工作样例。,项目交付|学习成长与项目实践|能力等级|证据,skill,SKILL-058,1.1.0,derived,true,SRC-ONET|SRC-ESCO|SRC-SYNTH,2026-09-05T00:00:00+08:00,0.9,primary_derived,derived,,cc_by_4_0_attribution,false,dev
KC-SKILL-058-L4,skill_level,项目交付等级4,项目交付属于学习成长与项目实践。等级4要求学习者独立完成常见任务、解释方法并处理异常。评估应引用近期课程、项目、测评或工作样例。,项目交付|学习成长与项目实践|能力等级|证据,skill,SKILL-058,1.1.0,derived,true,SRC-ONET|SRC-ESCO|SRC-SYNTH,2026-09-05T00:00:00+08:00,0.9,primary_derived,derived,,cc_by_4_0_attribution,false,dev
KC-SKILL-058-L5,skill_level,项目交付等级5,项目交付属于学习成长与项目实践。等级5要求学习者设计复杂方案、评估风险并指导他人。评估应引用近期课程、项目、测评或工作样例。,项目交付|学习成长与项目实践|能力等级|证据,skill,SKILL-058,1.1.0,derived,true,SRC-ONET|SRC-ESCO|SRC-SYNTH,2026-09-05T00:00:00+08:00,0.9,primary_derived,derived,,cc_by_4_0_attribution,false,dev
KC-SKILL-059-L1,skill_level,复盘与反馈等级1,复盘与反馈属于学习成长与项目实践。等级1要求学习者理解基础概念并在指导下完成任务。评估应引用近期课程、项目、测评或工作样例。,复盘与反馈|学习成长与项目实践|能力等级|证据,skill,SKILL-059,1.1.0,derived,true,SRC-ONET|SRC-WEF|SRC-SYNTH,2026-09-05T00:00:00+08:00,0.9,primary_derived,derived,,cc_by_4_0_attribution,false,dev
KC-SKILL-059-L2,skill_level,复盘与反馈等级2,复盘与反馈属于学习成长与项目实践。等级2要求学习者理解基础概念并在指导下完成任务。评估应引用近期课程、项目、测评或工作样例。,复盘与反馈|学习成长与项目实践|能力等级|证据,skill,SKILL-059,1.1.0,derived,true,SRC-ONET|SRC-WEF|SRC-SYNTH,2026-09-05T00:00:00+08:00,0.9,primary_derived,derived,,cc_by_4_0_attribution,false,dev
KC-SKILL-059-L3,skill_level,复盘与反馈等级3,复盘与反馈属于学习成长与项目实践。等级3要求学习者独立完成常见任务、解释方法并处理异常。评估应引用近期课程、项目、测评或工作样例。,复盘与反馈|学习成长与项目实践|能力等级|证据,skill,SKILL-059,1.1.0,derived,true,SRC-ONET|SRC-WEF|SRC-SYNTH,2026-09-05T00:00:00+08:00,0.9,primary_derived,derived,,cc_by_4_0_attribution,false,dev
KC-SKILL-059-L4,skill_level,复盘与反馈等级4,复盘与反馈属于学习成长与项目实践。等级4要求学习者独立完成常见任务、解释方法并处理异常。评估应引用近期课程、项目、测评或工作样例。,复盘与反馈|学习成长与项目实践|能力等级|证据,skill,SKILL-059,1.1.0,derived,true,SRC-ONET|SRC-WEF|SRC-SYNTH,2026-09-05T00:00:00+08:00,0.9,primary_derived,derived,,cc_by_4_0_attribution,false,dev
KC-SKILL-059-L5,skill_level,复盘与反馈等级5,复盘与反馈属于学习成长与项目实践。等级5要求学习者设计复杂方案、评估风险并指导他人。评估应引用近期课程、项目、测评或工作样例。,复盘与反馈|学习成长与项目实践|能力等级|证据,skill,SKILL-059,1.1.0,derived,true,SRC-ONET|SRC-WEF|SRC-SYNTH,2026-09-05T00:00:00+08:00,0.9,primary_derived,derived,,cc_by_4_0_attribution,false,dev
KC-SKILL-060-L1,skill_level,职业探索等级1,职业探索属于学习成长与项目实践。等级1要求学习者理解基础概念并在指导下完成任务。评估应引用近期课程、项目、测评或工作样例。,职业探索|学习成长与项目实践|能力等级|证据,skill,SKILL-060,1.1.0,derived,true,SRC-ONET|SRC-WEF|SRC-SYNTH,2026-09-05T00:00:00+08:00,0.9,primary_derived,derived,,cc_by_4_0_attribution,false,dev
KC-SKILL-060-L2,skill_level,职业探索等级2,职业探索属于学习成长与项目实践。等级2要求学习者理解基础概念并在指导下完成任务。评估应引用近期课程、项目、测评或工作样例。,职业探索|学习成长与项目实践|能力等级|证据,skill,SKILL-060,1.1.0,derived,true,SRC-ONET|SRC-WEF|SRC-SYNTH,2026-09-05T00:00:00+08:00,0.9,primary_derived,derived,,cc_by_4_0_attribution,false,dev
KC-SKILL-060-L3,skill_level,职业探索等级3,职业探索属于学习成长与项目实践。等级3要求学习者独立完成常见任务、解释方法并处理异常。评估应引用近期课程、项目、测评或工作样例。,职业探索|学习成长与项目实践|能力等级|证据,skill,SKILL-060,1.1.0,derived,true,SRC-ONET|SRC-WEF|SRC-SYNTH,2026-09-05T00:00:00+08:00,0.9,primary_derived,derived,,cc_by_4_0_attribution,false,dev
KC-SKILL-060-L4,skill_level,职业探索等级4,职业探索属于学习成长与项目实践。等级4要求学习者独立完成常见任务、解释方法并处理异常。评估应引用近期课程、项目、测评或工作样例。,职业探索|学习成长与项目实践|能力等级|证据,skill,SKILL-060,1.1.0,derived,true,SRC-ONET|SRC-WEF|SRC-SYNTH,2026-09-05T00:00:00+08:00,0.9,primary_derived,derived,,cc_by_4_0_attribution,false,dev
KC-SKILL-060-L5,skill_level,职业探索等级5,职业探索属于学习成长与项目实践。等级5要求学习者设计复杂方案、评估风险并指导他人。评估应引用近期课程、项目、测评或工作样例。,职业探索|学习成长与项目实践|能力等级|证据,skill,SKILL-060,1.1.0,derived,true,SRC-ONET|SRC-WEF|SRC-SYNTH,2026-09-05T00:00:00+08:00,0.9,primary_derived,derived,,cc_by_4_0_attribution,false,dev
KC-RES-0001,learning_resource,人工智能导论,仅保存官方页面公开元数据；课程内容、状态和适用对象以原页面为准。 难度为beginner，预计36小时，先修能力建议不低于20分。,人工智能导论|verified_course_metadata|beginner,resource,RES-0001,1.1.0,public_metadata,false,SRC-SMARTEDU,2026-09-05T00:00:00+08:00,0.97,verified_primary,verified,2026-09-05,metadata_only,false,dev
KC-RES-0002,learning_resource,人工智能概论,仅保存官方页面公开元数据；课程内容、状态和适用对象以原页面为准。 难度为beginner，预计38小时，先修能力建议不低于20分。,人工智能概论|verified_course_metadata|beginner,resource,RES-0002,1.1.0,public_metadata,false,SRC-SMARTEDU,2026-09-05T00:00:00+08:00,0.97,verified_primary,verified,2026-09-05,metadata_only,false,dev
KC-RES-0003,learning_resource,人工智能导论,仅保存官方页面公开元数据；课程内容、状态和适用对象以原页面为准。 难度为beginner，预计38小时，先修能力建议不低于20分。,人工智能导论|verified_course_metadata|beginner,resource,RES-0003,1.1.0,public_metadata,false,SRC-SMARTEDU,2026-09-05T00:00:00+08:00,0.97,verified_primary,verified,2026-09-05,metadata_only,false,dev
KC-RES-0004,learning_resource,人工智能基础,仅保存官方页面公开元数据；课程内容、状态和适用对象以原页面为准。 难度为beginner，预计20小时，先修能力建议不低于20分。,人工智能基础|verified_course_metadata|beginner,resource,RES-0004,1.1.0,public_metadata,false,SRC-SMARTEDU,2026-09-05T00:00:00+08:00,0.97,verified_primary,verified,2026-09-05,metadata_only,false,dev
KC-RES-0005,learning_resource,人工智能,仅保存官方页面公开元数据；课程内容、状态和适用对象以原页面为准。 难度为intermediate，预计50小时，先修能力建议不低于50分。,人工智能|verified_course_metadata|intermediate,resource,RES-0005,1.1.0,public_metadata,false,SRC-SMARTEDU,2026-09-05T00:00:00+08:00,0.97,verified_primary,verified,2026-09-05,metadata_only,false,dev
KC-RES-0006,learning_resource,浙江大学DeepSeek系列专题线上公开课,仅保存官方页面公开元数据；课程内容、状态和适用对象以原页面为准。 难度为intermediate，预计12小时，先修能力建议不低于50分。,浙江大学DeepSeek系列专题线上公开课|verified_course_metadata|intermediate,resource,RES-0006,1.1.0,public_metadata,false,SRC-SMARTEDU,2026-09-05T00:00:00+08:00,0.97,verified_primary,verified,2026-09-05,metadata_only,false,dev
KC-RES-0007,learning_resource,“人工智能先导计划”通识系列讲座,仅保存官方页面公开元数据；课程内容、状态和适用对象以原页面为准。 难度为beginner，预计8小时，先修能力建议不低于20分。,“人工智能先导计划”通识系列讲座|verified_course_metadata|beginner,resource,RES-0007,1.1.0,public_metadata,false,SRC-SMARTEDU,2026-09-05T00:00:00+08:00,0.97,verified_primary,verified,2026-09-05,metadata_only,false,dev
KC-RES-0008,learning_resource,DeepSeek与未来：解码智能时代的无限可能系列公开课,仅保存官方页面公开元数据；课程内容、状态和适用对象以原页面为准。 难度为intermediate，预计14小时，先修能力建议不低于50分。,DeepSeek与未来：解码智能时代的无限可能系列公开课|verified_course_metadata|intermediate,resource,RES-0008,1.1.0,public_metadata,false,SRC-SMARTEDU,2026-09-05T00:00:00+08:00,0.97,verified_primary,verified,2026-09-05,metadata_only,false,dev
KC-RES-0009,learning_resource,北京理工大学人工智能公开课,仅保存官方页面公开元数据；课程内容、状态和适用对象以原页面为准。 难度为intermediate，预计24小时，先修能力建议不低于50分。,北京理工大学人工智能公开课|verified_course_metadata|intermediate,resource,RES-0009,1.1.0,public_metadata,false,SRC-SMARTEDU,2026-09-05T00:00:00+08:00,0.97,verified_primary,verified,2026-09-05,metadata_only,false,dev
KC-RES-0010,learning_resource,AI+能源：油气行业的智能化变革与实践,仅保存官方页面公开元数据；课程内容、状态和适用对象以原页面为准。 难度为intermediate，预计20小时，先修能力建议不低于50分。,AI+能源：油气行业的智能化变革与实践|verified_course_metadata|intermediate,resource,RES-0010,1.1.0,public_metadata,false,SRC-SMARTEDU,2026-09-05T00:00:00+08:00,0.97,verified_primary,verified,2026-09-05,metadata_only,false,dev
KC-RES-0011,learning_resource,国产大模型通义千问介绍及应用,仅保存官方页面公开元数据；课程内容、状态和适用对象以原页面为准。 难度为intermediate，预计10小时，先修能力建议不低于50分。,国产大模型通义千问介绍及应用|verified_course_metadata|intermediate,resource,RES-0011,1.1.0,public_metadata,false,SRC-SMARTEDU,2026-09-05T00:00:00+08:00,0.97,verified_primary,verified,2026-09-05,metadata_only,false,dev
KC-RES-0012,learning_resource,高校教师文心一言大模型应用场景探索与实战,仅保存官方页面公开元数据；课程内容、状态和适用对象以原页面为准。 难度为beginner，预计12小时，先修能力建议不低于20分。,高校教师文心一言大模型应用场景探索与实战|verified_course_metadata|beginner,resource,RES-0012,1.1.0,public_metadata,false,SRC-SMARTEDU,2026-09-05T00:00:00+08:00,0.97,verified_primary,verified,2026-09-05,metadata_only,false,dev
KC-RES-0013,learning_resource,基于清言的教育辅助实践,仅保存官方页面公开元数据；课程内容、状态和适用对象以原页面为准。 难度为beginner，预计8小时，先修能力建议不低于20分。,基于清言的教育辅助实践|verified_course_metadata|beginner,resource,RES-0013,1.1.0,public_metadata,false,SRC-SMARTEDU,2026-09-05T00:00:00+08:00,0.97,verified_primary,verified,2026-09-05,metadata_only,false,dev
KC-RES-0014,learning_resource,以DeepSeek为代表的大模型前沿进展及其高效运用,仅保存官方页面公开元数据；课程内容、状态和适用对象以原页面为准。 难度为intermediate，预计8小时，先修能力建议不低于50分。,以DeepSeek为代表的大模型前沿进展及其高效运用|verified_course_metadata|intermediate,resource,RES-0014,1.1.0,public_metadata,false,SRC-SMARTEDU,2026-09-05T00:00:00+08:00,0.97,verified_primary,verified,2026-09-05,metadata_only,false,dev
KC-RES-0015,learning_resource,国产大模型-Kimi：模型介绍、基础功能、拓展功能和多智能体,仅保存官方页面公开元数据；课程内容、状态和适用对象以原页面为准。 难度为beginner，预计14小时，先修能力建议不低于20分。,国产大模型-Kimi：模型介绍、基础功能、拓展功能和多智能体|verified_course_metadata|beginner,resource,RES-0015,1.1.0,public_metadata,false,SRC-SMARTEDU,2026-09-05T00:00:00+08:00,0.97,verified_primary,verified,2026-09-05,metadata_only,false,dev
KC-RES-0016,learning_resource,玩转星火大模型,仅保存官方页面公开元数据；课程内容、状态和适用对象以原页面为准。 难度为beginner，预计16小时，先修能力建议不低于20分。,玩转星火大模型|verified_course_metadata|beginner,resource,RES-0016,1.1.0,public_metadata,false,SRC-SMARTEDU,2026-09-05T00:00:00+08:00,0.97,verified_primary,verified,2026-09-05,metadata_only,false,dev
KC-RES-0017,learning_resource,走近大模型-九天大模型应用工程介绍,仅保存官方页面公开元数据；课程内容、状态和适用对象以原页面为准。 难度为beginner，预计12小时，先修能力建议不低于20分。,走近大模型-九天大模型应用工程介绍|verified_course_metadata|beginner,resource,RES-0017,1.1.0,public_metadata,false,SRC-SMARTEDU,2026-09-05T00:00:00+08:00,0.97,verified_primary,verified,2026-09-05,metadata_only,false,dev
KC-RES-0018,learning_resource,国产大模型之腾讯混元大模型应用实战课,仅保存官方页面公开元数据；课程内容、状态和适用对象以原页面为准。 难度为intermediate，预计14小时，先修能力建议不低于50分。,国产大模型之腾讯混元大模型应用实战课|verified_course_metadata|intermediate,resource,RES-0018,1.1.0,public_metadata,false,SRC-SMARTEDU,2026-09-05T00:00:00+08:00,0.97,verified_primary,verified,2026-09-05,metadata_only,false,dev
KC-RES-0019,learning_resource,智能体：大模型产业落地实践,仅保存官方页面公开元数据；课程内容、状态和适用对象以原页面为准。 难度为intermediate，预计12小时，先修能力建议不低于50分。,智能体：大模型产业落地实践|verified_course_metadata|intermediate,resource,RES-0019,1.1.0,public_metadata,false,SRC-SMARTEDU,2026-09-05T00:00:00+08:00,0.97,verified_primary,verified,2026-09-05,metadata_only,false,dev
KC-RES-0020,learning_resource,扣子（Coze）AI智能体与应用搭建实战,仅保存官方页面公开元数据；课程内容、状态和适用对象以原页面为准。 难度为beginner，预计16小时，先修能力建议不低于20分。,扣子（Coze）AI智能体与应用搭建实战|verified_course_metadata|beginner,resource,RES-0020,1.1.0,public_metadata,false,SRC-SMARTEDU,2026-09-05T00:00:00+08:00,0.97,verified_primary,verified,2026-09-05,metadata_only,false,dev
KC-RES-0021,learning_resource,MiniMax多模态大模型基础、应用和实践,仅保存官方页面公开元数据；课程内容、状态和适用对象以原页面为准。 难度为intermediate，预计12小时，先修能力建议不低于50分。,MiniMax多模态大模型基础、应用和实践|verified_course_metadata|intermediate,resource,RES-0021,1.1.0,public_metadata,false,SRC-SMARTEDU,2026-09-05T00:00:00+08:00,0.97,verified_primary,verified,2026-09-05,metadata_only,false,dev
KC-RES-0022,learning_resource,星火大模型应用理论与实践,仅保存官方页面公开元数据；课程内容、状态和适用对象以原页面为准。 难度为intermediate，预计8小时，先修能力建议不低于50分。,星火大模型应用理论与实践|verified_course_metadata|intermediate,resource,RES-0022,1.1.0,public_metadata,false,SRC-SMARTEDU,2026-09-05T00:00:00+08:00,0.97,verified_primary,verified,2026-09-05,metadata_only,false,dev
KC-RES-0023,learning_resource,自然语言处理课程主题卡（advanced）,参赛团队根据公开目录为自然语言处理整理的学习主题，不对应一门官方课程。 难度为advanced，预计35小时，先修能力建议不低于70分。,自然语言处理课程主题卡（advanced）|public_catalog_topic_card|advanced,resource,RES-0023,1.1.0,derived,true,SRC-SMARTEDU|SRC-SYNTH,2026-09-05T00:00:00+08:00,0.86,primary_derived,derived,,reference_only,false,dev
KC-RES-0024,learning_resource,模型调优课程主题卡（beginner）,参赛团队根据公开目录为模型调优整理的学习主题，不对应一门官方课程。 难度为beginner，预计36小时，先修能力建议不低于20分。,模型调优课程主题卡（beginner）|public_catalog_topic_card|beginner,resource,RES-0024,1.1.0,derived,true,SRC-SMARTEDU|SRC-SYNTH,2026-09-05T00:00:00+08:00,0.86,primary_derived,derived,,reference_only,false,dev
KC-RES-0025,learning_resource,大模型基础课程主题卡（intermediate）,参赛团队根据公开目录为大模型基础整理的学习主题，不对应一门官方课程。 难度为intermediate，预计37小时，先修能力建议不低于50分。,大模型基础课程主题卡（intermediate）|public_catalog_topic_card|intermediate,resource,RES-0025,1.1.0,derived,true,SRC-SMARTEDU|SRC-SYNTH,2026-09-05T00:00:00+08:00,0.86,primary_derived,derived,,reference_only,false,dev
KC-RES-0026,learning_resource,提示词设计课程主题卡（advanced）,参赛团队根据公开目录为提示词设计整理的学习主题，不对应一门官方课程。 难度为advanced，预计38小时，先修能力建议不低于70分。,提示词设计课程主题卡（advanced）|public_catalog_topic_card|advanced,resource,RES-0026,1.1.0,derived,true,SRC-SMARTEDU|SRC-SYNTH,2026-09-05T00:00:00+08:00,0.86,primary_derived,derived,,reference_only,false,dev
KC-RES-0027,learning_resource,RAG应用课程主题卡（beginner）,参赛团队根据公开目录为RAG应用整理的学习主题，不对应一门官方课程。 难度为beginner，预计39小时，先修能力建议不低于20分。,RAG应用课程主题卡（beginner）|public_catalog_topic_card|beginner,resource,RES-0027,1.1.0,derived,true,SRC-SMARTEDU|SRC-SYNTH,2026-09-05T00:00:00+08:00,0.86,primary_derived,derived,,reference_only,false,dev
KC-RES-0028,learning_resource,向量数据库课程主题卡（intermediate）,参赛团队根据公开目录为向量数据库整理的学习主题，不对应一门官方课程。 难度为intermediate，预计12小时，先修能力建议不低于50分。,向量数据库课程主题卡（intermediate）|public_catalog_topic_card|intermediate,resource,RES-0028,1.1.0,derived,true,SRC-SMARTEDU|SRC-SYNTH,2026-09-05T00:00:00+08:00,0.86,primary_derived,derived,,reference_only,false,dev
KC-RES-0029,learning_resource,智能体开发课程主题卡（advanced）,参赛团队根据公开目录为智能体开发整理的学习主题，不对应一门官方课程。 难度为advanced，预计13小时，先修能力建议不低于70分。,智能体开发课程主题卡（advanced）|public_catalog_topic_card|advanced,resource,RES-0029,1.1.0,derived,true,SRC-SMARTEDU|SRC-SYNTH,2026-09-05T00:00:00+08:00,0.86,primary_derived,derived,,reference_only,false,dev
KC-RES-0030,learning_resource,MCP与工具调用课程主题卡（beginner）,参赛团队根据公开目录为MCP与工具调用整理的学习主题，不对应一门官方课程。 难度为beginner，预计14小时，先修能力建议不低于20分。,MCP与工具调用课程主题卡（beginner）|public_catalog_topic_card|beginner,resource,RES-0030,1.1.0,derived,true,SRC-SMARTEDU|SRC-SYNTH,2026-09-05T00:00:00+08:00,0.86,primary_derived,derived,,reference_only,false,dev
KC-RES-0031,learning_resource,模型微调课程主题卡（intermediate）,参赛团队根据公开目录为模型微调整理的学习主题，不对应一门官方课程。 难度为intermediate，预计15小时，先修能力建议不低于50分。,模型微调课程主题卡（intermediate）|public_catalog_topic_card|intermediate,resource,RES-0031,1.1.0,derived,true,SRC-SMARTEDU|SRC-SYNTH,2026-09-05T00:00:00+08:00,0.86,primary_derived,derived,,reference_only,false,dev
KC-RES-0032,learning_resource,AI安全与评测课程主题卡（advanced）,参赛团队根据公开目录为AI安全与评测整理的学习主题，不对应一门官方课程。 难度为advanced，预计16小时，先修能力建议不低于70分。,AI安全与评测课程主题卡（advanced）|public_catalog_topic_card|advanced,resource,RES-0032,1.1.0,derived,true,SRC-SMARTEDU|SRC-SYNTH,2026-09-05T00:00:00+08:00,0.86,primary_derived,derived,,reference_only,false,dev
KC-RES-0033,learning_resource,Git版本控制课程主题卡（beginner）,参赛团队根据公开目录为Git版本控制整理的学习主题，不对应一门官方课程。 难度为beginner，预计17小时，先修能力建议不低于20分。,Git版本控制课程主题卡（beginner）|public_catalog_topic_card|beginner,resource,RES-0033,1.1.0,derived,true,SRC-SMARTEDU|SRC-SYNTH,2026-09-05T00:00:00+08:00,0.86,primary_derived,derived,,reference_only,false,dev
KC-RES-0034,learning_resource,API设计课程主题卡（intermediate）,参赛团队根据公开目录为API设计整理的学习主题，不对应一门官方课程。 难度为intermediate，预计18小时，先修能力建议不低于50分。,API设计课程主题卡（intermediate）|public_catalog_topic_card|intermediate,resource,RES-0034,1.1.0,derived,true,SRC-SMARTEDU|SRC-SYNTH,2026-09-05T00:00:00+08:00,0.86,primary_derived,derived,,reference_only,false,dev
KC-RES-0035,learning_resource,后端服务开发课程主题卡（advanced）,参赛团队根据公开目录为后端服务开发整理的学习主题，不对应一门官方课程。 难度为advanced，预计19小时，先修能力建议不低于70分。,后端服务开发课程主题卡（advanced）|public_catalog_topic_card|advanced,resource,RES-0035,1.1.0,derived,true,SRC-SMARTEDU|SRC-SYNTH,2026-09-05T00:00:00+08:00,0.86,primary_derived,derived,,reference_only,false,dev
KC-RES-0036,learning_resource,Docker容器课程主题卡（beginner）,参赛团队根据公开目录为Docker容器整理的学习主题，不对应一门官方课程。 难度为beginner，预计20小时，先修能力建议不低于20分。,Docker容器课程主题卡（beginner）|public_catalog_topic_card|beginner,resource,RES-0036,1.1.0,derived,true,SRC-SMARTEDU|SRC-SYNTH,2026-09-05T00:00:00+08:00,0.86,primary_derived,derived,,reference_only,false,dev
KC-RES-0037,learning_resource,CI/CD课程主题卡（intermediate）,参赛团队根据公开目录为CI/CD整理的学习主题，不对应一门官方课程。 难度为intermediate，预计21小时，先修能力建议不低于50分。,CI/CD课程主题卡（intermediate）|public_catalog_topic_card|intermediate,resource,RES-0037,1.1.0,derived,true,SRC-SMARTEDU|SRC-SYNTH,2026-09-05T00:00:00+08:00,0.86,primary_derived,derived,,reference_only,false,dev
KC-RES-0038,learning_resource,云端部署课程主题卡（advanced）,参赛团队根据公开目录为云端部署整理的学习主题，不对应一门官方课程。 难度为advanced，预计22小时，先修能力建议不低于70分。,云端部署课程主题卡（advanced）|public_catalog_topic_card|advanced,resource,RES-0038,1.1.0,derived,true,SRC-SMARTEDU|SRC-SYNTH,2026-09-05T00:00:00+08:00,0.86,primary_derived,derived,,reference_only,false,dev
KC-RES-0039,learning_resource,监控与可观测性课程主题卡（beginner）,参赛团队根据公开目录为监控与可观测性整理的学习主题，不对应一门官方课程。 难度为beginner，预计23小时，先修能力建议不低于20分。,监控与可观测性课程主题卡（beginner）|public_catalog_topic_card|beginner,resource,RES-0039,1.1.0,derived,true,SRC-SMARTEDU|SRC-SYNTH,2026-09-05T00:00:00+08:00,0.86,primary_derived,derived,,reference_only,false,dev
KC-RES-0040,learning_resource,数据工程管道课程主题卡（intermediate）,参赛团队根据公开目录为数据工程管道整理的学习主题，不对应一门官方课程。 难度为intermediate，预计24小时，先修能力建议不低于50分。,数据工程管道课程主题卡（intermediate）|public_catalog_topic_card|intermediate,resource,RES-0040,1.1.0,derived,true,SRC-SMARTEDU|SRC-SYNTH,2026-09-05T00:00:00+08:00,0.86,primary_derived,derived,,reference_only,false,dev
KC-RES-0041,learning_resource,问题拆解课程主题卡（advanced）,参赛团队根据公开目录为问题拆解整理的学习主题，不对应一门官方课程。 难度为advanced，预计25小时，先修能力建议不低于70分。,问题拆解课程主题卡（advanced）|public_catalog_topic_card|advanced,resource,RES-0041,1.1.0,derived,true,SRC-SMARTEDU|SRC-SYNTH,2026-09-05T00:00:00+08:00,0.86,primary_derived,derived,,reference_only,false,dev
KC-RES-0042,learning_resource,系统思维课程主题卡（beginner）,参赛团队根据公开目录为系统思维整理的学习主题，不对应一门官方课程。 难度为beginner，预计26小时，先修能力建议不低于20分。,系统思维课程主题卡（beginner）|public_catalog_topic_card|beginner,resource,RES-0042,1.1.0,derived,true,SRC-SMARTEDU|SRC-SYNTH,2026-09-05T00:00:00+08:00,0.86,primary_derived,derived,,reference_only,false,dev
KC-RES-0043,learning_resource,需求分析课程主题卡（intermediate）,参赛团队根据公开目录为需求分析整理的学习主题，不对应一门官方课程。 难度为intermediate，预计27小时，先修能力建议不低于50分。,需求分析课程主题卡（intermediate）|public_catalog_topic_card|intermediate,resource,RES-0043,1.1.0,derived,true,SRC-SMARTEDU|SRC-SYNTH,2026-09-05T00:00:00+08:00,0.86,primary_derived,derived,,reference_only,false,dev
KC-RES-0044,learning_resource,用户研究课程主题卡（advanced）,参赛团队根据公开目录为用户研究整理的学习主题，不对应一门官方课程。 难度为advanced，预计28小时，先修能力建议不低于70分。,用户研究课程主题卡（advanced）|public_catalog_topic_card|advanced,resource,RES-0044,1.1.0,derived,true,SRC-SMARTEDU|SRC-SYNTH,2026-09-05T00:00:00+08:00,0.86,primary_derived,derived,,reference_only,false,dev
KC-RES-0045,learning_resource,指标设计课程主题卡（beginner）,参赛团队根据公开目录为指标设计整理的学习主题，不对应一门官方课程。 难度为beginner，预计29小时，先修能力建议不低于20分。,指标设计课程主题卡（beginner）|public_catalog_topic_card|beginner,resource,RES-0045,1.1.0,derived,true,SRC-SMARTEDU|SRC-SYNTH,2026-09-05T00:00:00+08:00,0.86,primary_derived,derived,,reference_only,false,dev
KC-RES-0046,learning_resource,业务理解课程主题卡（intermediate）,参赛团队根据公开目录为业务理解整理的学习主题，不对应一门官方课程。 难度为intermediate，预计30小时，先修能力建议不低于50分。,业务理解课程主题卡（intermediate）|public_catalog_topic_card|intermediate,resource,RES-0046,1.1.0,derived,true,SRC-SMARTEDU|SRC-SYNTH,2026-09-05T00:00:00+08:00,0.86,primary_derived,derived,,reference_only,false,dev
KC-RES-0047,learning_resource,创新与方案比较课程主题卡（advanced）,参赛团队根据公开目录为创新与方案比较整理的学习主题，不对应一门官方课程。 难度为advanced，预计31小时，先修能力建议不低于70分。,创新与方案比较课程主题卡（advanced）|public_catalog_topic_card|advanced,resource,RES-0047,1.1.0,derived,true,SRC-SMARTEDU|SRC-SYNTH,2026-09-05T00:00:00+08:00,0.86,primary_derived,derived,,reference_only,false,dev
KC-RES-0048,learning_resource,书面沟通课程主题卡（beginner）,参赛团队根据公开目录为书面沟通整理的学习主题，不对应一门官方课程。 难度为beginner，预计32小时，先修能力建议不低于20分。,书面沟通课程主题卡（beginner）|public_catalog_topic_card|beginner,resource,RES-0048,1.1.0,derived,true,SRC-SMARTEDU|SRC-SYNTH,2026-09-05T00:00:00+08:00,0.86,primary_derived,derived,,reference_only,false,dev
KC-RES-0049,learning_resource,表达与汇报课程主题卡（intermediate）,参赛团队根据公开目录为表达与汇报整理的学习主题，不对应一门官方课程。 难度为intermediate，预计33小时，先修能力建议不低于50分。,表达与汇报课程主题卡（intermediate）|public_catalog_topic_card|intermediate,resource,RES-0049,1.1.0,derived,true,SRC-SMARTEDU|SRC-SYNTH,2026-09-05T00:00:00+08:00,0.86,primary_derived,derived,,reference_only,false,dev
KC-RES-0050,learning_resource,跨岗位沟通课程主题卡（advanced）,参赛团队根据公开目录为跨岗位沟通整理的学习主题，不对应一门官方课程。 难度为advanced，预计34小时，先修能力建议不低于70分。,跨岗位沟通课程主题卡（advanced）|public_catalog_topic_card|advanced,resource,RES-0050,1.1.0,derived,true,SRC-SMARTEDU|SRC-SYNTH,2026-09-05T00:00:00+08:00,0.86,primary_derived,derived,,reference_only,false,dev
KC-RES-0051,learning_resource,远程协作课程主题卡（beginner）,参赛团队根据公开目录为远程协作整理的学习主题，不对应一门官方课程。 难度为beginner，预计35小时，先修能力建议不低于20分。,远程协作课程主题卡（beginner）|public_catalog_topic_card|beginner,resource,RES-0051,1.1.0,derived,true,SRC-SMARTEDU|SRC-SYNTH,2026-09-05T00:00:00+08:00,0.86,primary_derived,derived,,reference_only,false,dev
KC-RES-0052,learning_resource,团队协作课程主题卡（intermediate）,参赛团队根据公开目录为团队协作整理的学习主题，不对应一门官方课程。 难度为intermediate，预计36小时，先修能力建议不低于50分。,团队协作课程主题卡（intermediate）|public_catalog_topic_card|intermediate,resource,RES-0052,1.1.0,derived,true,SRC-SMARTEDU|SRC-SYNTH,2026-09-05T00:00:00+08:00,0.86,primary_derived,derived,,reference_only,false,dev
KC-RES-0053,learning_resource,时间管理课程主题卡（advanced）,参赛团队根据公开目录为时间管理整理的学习主题，不对应一门官方课程。 难度为advanced，预计37小时，先修能力建议不低于70分。,时间管理课程主题卡（advanced）|public_catalog_topic_card|advanced,resource,RES-0053,1.1.0,derived,true,SRC-SMARTEDU|SRC-SYNTH,2026-09-05T00:00:00+08:00,0.86,primary_derived,derived,,reference_only,false,dev
KC-RES-0054,learning_resource,职业伦理与隐私课程主题卡（beginner）,参赛团队根据公开目录为职业伦理与隐私整理的学习主题，不对应一门官方课程。 难度为beginner，预计38小时，先修能力建议不低于20分。,职业伦理与隐私课程主题卡（beginner）|public_catalog_topic_card|beginner,resource,RES-0054,1.1.0,derived,true,SRC-SMARTEDU|SRC-SYNTH,2026-09-05T00:00:00+08:00,0.86,primary_derived,derived,,reference_only,false,dev
KC-RES-0055,learning_resource,自主学习课程主题卡（intermediate）,参赛团队根据公开目录为自主学习整理的学习主题，不对应一门官方课程。 难度为intermediate，预计39小时，先修能力建议不低于50分。,自主学习课程主题卡（intermediate）|public_catalog_topic_card|intermediate,resource,RES-0055,1.1.0,derived,true,SRC-SMARTEDU|SRC-SYNTH,2026-09-05T00:00:00+08:00,0.86,primary_derived,derived,,reference_only,false,dev
KC-RES-0056,learning_resource,知识管理课程主题卡（advanced）,参赛团队根据公开目录为知识管理整理的学习主题，不对应一门官方课程。 难度为advanced，预计12小时，先修能力建议不低于70分。,知识管理课程主题卡（advanced）|public_catalog_topic_card|advanced,resource,RES-0056,1.1.0,derived,true,SRC-SMARTEDU|SRC-SYNTH,2026-09-05T00:00:00+08:00,0.86,primary_derived,derived,,reference_only,false,dev
KC-RES-0057,learning_resource,项目规划课程主题卡（beginner）,参赛团队根据公开目录为项目规划整理的学习主题，不对应一门官方课程。 难度为beginner，预计13小时，先修能力建议不低于20分。,项目规划课程主题卡（beginner）|public_catalog_topic_card|beginner,resource,RES-0057,1.1.0,derived,true,SRC-SMARTEDU|SRC-SYNTH,2026-09-05T00:00:00+08:00,0.86,primary_derived,derived,,reference_only,false,dev
KC-RES-0058,learning_resource,项目交付课程主题卡（intermediate）,参赛团队根据公开目录为项目交付整理的学习主题，不对应一门官方课程。 难度为intermediate，预计14小时，先修能力建议不低于50分。,项目交付课程主题卡（intermediate）|public_catalog_topic_card|intermediate,resource,RES-0058,1.1.0,derived,true,SRC-SMARTEDU|SRC-SYNTH,2026-09-05T00:00:00+08:00,0.86,primary_derived,derived,,reference_only,false,dev
KC-RES-0059,learning_resource,复盘与反馈课程主题卡（advanced）,参赛团队根据公开目录为复盘与反馈整理的学习主题，不对应一门官方课程。 难度为advanced，预计15小时，先修能力建议不低于70分。,复盘与反馈课程主题卡（advanced）|public_catalog_topic_card|advanced,resource,RES-0059,1.1.0,derived,true,SRC-SMARTEDU|SRC-SYNTH,2026-09-05T00:00:00+08:00,0.86,primary_derived,derived,,reference_only,false,dev
KC-RES-0060,learning_resource,职业探索课程主题卡（beginner）,参赛团队根据公开目录为职业探索整理的学习主题，不对应一门官方课程。 难度为beginner，预计16小时，先修能力建议不低于20分。,职业探索课程主题卡（beginner）|public_catalog_topic_card|beginner,resource,RES-0060,1.1.0,derived,true,SRC-SMARTEDU|SRC-SYNTH,2026-09-05T00:00:00+08:00,0.86,primary_derived,derived,,reference_only,false,dev
KC-RES-0061,learning_resource,Python编程课程主题卡（intermediate）,参赛团队根据公开目录为Python编程整理的学习主题，不对应一门官方课程。 难度为intermediate，预计17小时，先修能力建议不低于50分。,Python编程课程主题卡（intermediate）|public_catalog_topic_card|intermediate,resource,RES-0061,1.1.0,derived,true,SRC-SMARTEDU|SRC-SYNTH,2026-09-05T00:00:00+08:00,0.86,primary_derived,derived,,reference_only,false,dev
KC-RES-0062,learning_resource,数据结构与算法课程主题卡（advanced）,参赛团队根据公开目录为数据结构与算法整理的学习主题，不对应一门官方课程。 难度为advanced，预计18小时，先修能力建议不低于70分。,数据结构与算法课程主题卡（advanced）|public_catalog_topic_card|advanced,resource,RES-0062,1.1.0,derived,true,SRC-SMARTEDU|SRC-SYNTH,2026-09-05T00:00:00+08:00,0.86,primary_derived,derived,,reference_only,false,dev
KC-RES-0063,learning_resource,面向对象设计课程主题卡（beginner）,参赛团队根据公开目录为面向对象设计整理的学习主题，不对应一门官方课程。 难度为beginner，预计19小时，先修能力建议不低于20分。,面向对象设计课程主题卡（beginner）|public_catalog_topic_card|beginner,resource,RES-0063,1.1.0,derived,true,SRC-SMARTEDU|SRC-SYNTH,2026-09-05T00:00:00+08:00,0.86,primary_derived,derived,,reference_only,false,dev
KC-RES-0064,learning_resource,计算机系统基础课程主题卡（intermediate）,参赛团队根据公开目录为计算机系统基础整理的学习主题，不对应一门官方课程。 难度为intermediate，预计20小时，先修能力建议不低于50分。,计算机系统基础课程主题卡（intermediate）|public_catalog_topic_card|intermediate,resource,RES-0064,1.1.0,derived,true,SRC-SMARTEDU|SRC-SYNTH,2026-09-05T00:00:00+08:00,0.86,primary_derived,derived,,reference_only,false,dev
KC-RES-0065,learning_resource,计算机网络课程主题卡（advanced）,参赛团队根据公开目录为计算机网络整理的学习主题，不对应一门官方课程。 难度为advanced，预计21小时，先修能力建议不低于70分。,计算机网络课程主题卡（advanced）|public_catalog_topic_card|advanced,resource,RES-0065,1.1.0,derived,true,SRC-SMARTEDU|SRC-SYNTH,2026-09-05T00:00:00+08:00,0.86,primary_derived,derived,,reference_only,false,dev
KC-RES-0066,learning_resource,Linux使用课程主题卡（beginner）,参赛团队根据公开目录为Linux使用整理的学习主题，不对应一门官方课程。 难度为beginner，预计22小时，先修能力建议不低于20分。,Linux使用课程主题卡（beginner）|public_catalog_topic_card|beginner,resource,RES-0066,1.1.0,derived,true,SRC-SMARTEDU|SRC-SYNTH,2026-09-05T00:00:00+08:00,0.86,primary_derived,derived,,reference_only,false,dev
KC-RES-0067,learning_resource,软件工程课程主题卡（intermediate）,参赛团队根据公开目录为软件工程整理的学习主题，不对应一门官方课程。 难度为intermediate，预计23小时，先修能力建议不低于50分。,软件工程课程主题卡（intermediate）|public_catalog_topic_card|intermediate,resource,RES-0067,1.1.0,derived,true,SRC-SMARTEDU|SRC-SYNTH,2026-09-05T00:00:00+08:00,0.86,primary_derived,derived,,reference_only,false,dev
KC-RES-0068,learning_resource,测试与调试课程主题卡（advanced）,参赛团队根据公开目录为测试与调试整理的学习主题，不对应一门官方课程。 难度为advanced，预计24小时，先修能力建议不低于70分。,测试与调试课程主题卡（advanced）|public_catalog_topic_card|advanced,resource,RES-0068,1.1.0,derived,true,SRC-SMARTEDU|SRC-SYNTH,2026-09-05T00:00:00+08:00,0.86,primary_derived,derived,,reference_only,false,dev
KC-RES-0069,learning_resource,SQL课程主题卡（beginner）,参赛团队根据公开目录为SQL整理的学习主题，不对应一门官方课程。 难度为beginner，预计25小时，先修能力建议不低于20分。,SQL课程主题卡（beginner）|public_catalog_topic_card|beginner,resource,RES-0069,1.1.0,derived,true,SRC-SMARTEDU|SRC-SYNTH,2026-09-05T00:00:00+08:00,0.86,primary_derived,derived,,reference_only,false,dev
KC-RES-0070,learning_resource,数据清洗课程主题卡（intermediate）,参赛团队根据公开目录为数据清洗整理的学习主题，不对应一门官方课程。 难度为intermediate，预计26小时，先修能力建议不低于50分。,数据清洗课程主题卡（intermediate）|public_catalog_topic_card|intermediate,resource,RES-0070,1.1.0,derived,true,SRC-SMARTEDU|SRC-SYNTH,2026-09-05T00:00:00+08:00,0.86,primary_derived,derived,,reference_only,false,dev
KC-RES-0071,learning_resource,统计学基础课程主题卡（advanced）,参赛团队根据公开目录为统计学基础整理的学习主题，不对应一门官方课程。 难度为advanced，预计27小时，先修能力建议不低于70分。,统计学基础课程主题卡（advanced）|public_catalog_topic_card|advanced,resource,RES-0071,1.1.0,derived,true,SRC-SMARTEDU|SRC-SYNTH,2026-09-05T00:00:00+08:00,0.86,primary_derived,derived,,reference_only,false,dev
KC-RES-0072,learning_resource,探索性数据分析课程主题卡（beginner）,参赛团队根据公开目录为探索性数据分析整理的学习主题，不对应一门官方课程。 难度为beginner，预计28小时，先修能力建议不低于20分。,探索性数据分析课程主题卡（beginner）|public_catalog_topic_card|beginner,resource,RES-0072,1.1.0,derived,true,SRC-SMARTEDU|SRC-SYNTH,2026-09-05T00:00:00+08:00,0.86,primary_derived,derived,,reference_only,false,dev
KC-RES-0073,learning_resource,数据可视化课程主题卡（intermediate）,参赛团队根据公开目录为数据可视化整理的学习主题，不对应一门官方课程。 难度为intermediate，预计29小时，先修能力建议不低于50分。,数据可视化课程主题卡（intermediate）|public_catalog_topic_card|intermediate,resource,RES-0073,1.1.0,derived,true,SRC-SMARTEDU|SRC-SYNTH,2026-09-05T00:00:00+08:00,0.86,primary_derived,derived,,reference_only,false,dev
KC-RES-0074,learning_resource,Excel与BI工具课程主题卡（advanced）,参赛团队根据公开目录为Excel与BI工具整理的学习主题，不对应一门官方课程。 难度为advanced，预计30小时，先修能力建议不低于70分。,Excel与BI工具课程主题卡（advanced）|public_catalog_topic_card|advanced,resource,RES-0074,1.1.0,derived,true,SRC-SMARTEDU|SRC-SYNTH,2026-09-05T00:00:00+08:00,0.86,primary_derived,derived,,reference_only,false,dev
KC-RES-0075,learning_resource,数据建模课程主题卡（beginner）,参赛团队根据公开目录为数据建模整理的学习主题，不对应一门官方课程。 难度为beginner，预计31小时，先修能力建议不低于20分。,数据建模课程主题卡（beginner）|public_catalog_topic_card|beginner,resource,RES-0075,1.1.0,derived,true,SRC-SMARTEDU|SRC-SYNTH,2026-09-05T00:00:00+08:00,0.86,primary_derived,derived,,reference_only,false,dev
KC-RES-0076,learning_resource,实验与A/B测试课程主题卡（intermediate）,参赛团队根据公开目录为实验与A/B测试整理的学习主题，不对应一门官方课程。 难度为intermediate，预计32小时，先修能力建议不低于50分。,实验与A/B测试课程主题卡（intermediate）|public_catalog_topic_card|intermediate,resource,RES-0076,1.1.0,derived,true,SRC-SMARTEDU|SRC-SYNTH,2026-09-05T00:00:00+08:00,0.86,primary_derived,derived,,reference_only,false,dev
KC-RES-0077,learning_resource,线性代数课程主题卡（advanced）,参赛团队根据公开目录为线性代数整理的学习主题，不对应一门官方课程。 难度为advanced，预计33小时，先修能力建议不低于70分。,线性代数课程主题卡（advanced）|public_catalog_topic_card|advanced,resource,RES-0077,1.1.0,derived,true,SRC-SMARTEDU|SRC-SYNTH,2026-09-05T00:00:00+08:00,0.86,primary_derived,derived,,reference_only,false,dev
KC-RES-0078,learning_resource,微积分与优化课程主题卡（beginner）,参赛团队根据公开目录为微积分与优化整理的学习主题，不对应一门官方课程。 难度为beginner，预计34小时，先修能力建议不低于20分。,微积分与优化课程主题卡（beginner）|public_catalog_topic_card|beginner,resource,RES-0078,1.1.0,derived,true,SRC-SMARTEDU|SRC-SYNTH,2026-09-05T00:00:00+08:00,0.86,primary_derived,derived,,reference_only,false,dev
KC-RES-0079,learning_resource,机器学习课程主题卡（intermediate）,参赛团队根据公开目录为机器学习整理的学习主题，不对应一门官方课程。 难度为intermediate，预计35小时，先修能力建议不低于50分。,机器学习课程主题卡（intermediate）|public_catalog_topic_card|intermediate,resource,RES-0079,1.1.0,derived,true,SRC-SMARTEDU|SRC-SYNTH,2026-09-05T00:00:00+08:00,0.86,primary_derived,derived,,reference_only,false,dev
KC-RES-0080,learning_resource,特征工程课程主题卡（advanced）,参赛团队根据公开目录为特征工程整理的学习主题，不对应一门官方课程。 难度为advanced，预计36小时，先修能力建议不低于70分。,特征工程课程主题卡（advanced）|public_catalog_topic_card|advanced,resource,RES-0080,1.1.0,derived,true,SRC-SMARTEDU|SRC-SYNTH,2026-09-05T00:00:00+08:00,0.86,primary_derived,derived,,reference_only,false,dev
KC-RES-0081,learning_resource,模型评估课程主题卡（beginner）,参赛团队根据公开目录为模型评估整理的学习主题，不对应一门官方课程。 难度为beginner，预计37小时，先修能力建议不低于20分。,模型评估课程主题卡（beginner）|public_catalog_topic_card|beginner,resource,RES-0081,1.1.0,derived,true,SRC-SMARTEDU|SRC-SYNTH,2026-09-05T00:00:00+08:00,0.86,primary_derived,derived,,reference_only,false,dev
KC-RES-0082,learning_resource,深度学习课程主题卡（intermediate）,参赛团队根据公开目录为深度学习整理的学习主题，不对应一门官方课程。 难度为intermediate，预计38小时，先修能力建议不低于50分。,深度学习课程主题卡（intermediate）|public_catalog_topic_card|intermediate,resource,RES-0082,1.1.0,derived,true,SRC-SMARTEDU|SRC-SYNTH,2026-09-05T00:00:00+08:00,0.86,primary_derived,derived,,reference_only,false,dev
KC-RES-0083,learning_resource,自然语言处理课程主题卡（advanced）,参赛团队根据公开目录为自然语言处理整理的学习主题，不对应一门官方课程。 难度为advanced，预计39小时，先修能力建议不低于70分。,自然语言处理课程主题卡（advanced）|public_catalog_topic_card|advanced,resource,RES-0083,1.1.0,derived,true,SRC-SMARTEDU|SRC-SYNTH,2026-09-05T00:00:00+08:00,0.86,primary_derived,derived,,reference_only,false,dev
KC-RES-0084,learning_resource,模型调优课程主题卡（beginner）,参赛团队根据公开目录为模型调优整理的学习主题，不对应一门官方课程。 难度为beginner，预计12小时，先修能力建议不低于20分。,模型调优课程主题卡（beginner）|public_catalog_topic_card|beginner,resource,RES-0084,1.1.0,derived,true,SRC-SMARTEDU|SRC-SYNTH,2026-09-05T00:00:00+08:00,0.86,primary_derived,derived,,reference_only,false,dev
KC-RES-0085,learning_resource,大模型基础课程主题卡（intermediate）,参赛团队根据公开目录为大模型基础整理的学习主题，不对应一门官方课程。 难度为intermediate，预计13小时，先修能力建议不低于50分。,大模型基础课程主题卡（intermediate）|public_catalog_topic_card|intermediate,resource,RES-0085,1.1.0,derived,true,SRC-SMARTEDU|SRC-SYNTH,2026-09-05T00:00:00+08:00,0.86,primary_derived,derived,,reference_only,false,dev
KC-RES-0086,learning_resource,提示词设计课程主题卡（advanced）,参赛团队根据公开目录为提示词设计整理的学习主题，不对应一门官方课程。 难度为advanced，预计14小时，先修能力建议不低于70分。,提示词设计课程主题卡（advanced）|public_catalog_topic_card|advanced,resource,RES-0086,1.1.0,derived,true,SRC-SMARTEDU|SRC-SYNTH,2026-09-05T00:00:00+08:00,0.86,primary_derived,derived,,reference_only,false,dev
KC-RES-0087,learning_resource,RAG应用课程主题卡（beginner）,参赛团队根据公开目录为RAG应用整理的学习主题，不对应一门官方课程。 难度为beginner，预计15小时，先修能力建议不低于20分。,RAG应用课程主题卡（beginner）|public_catalog_topic_card|beginner,resource,RES-0087,1.1.0,derived,true,SRC-SMARTEDU|SRC-SYNTH,2026-09-05T00:00:00+08:00,0.86,primary_derived,derived,,reference_only,false,dev
KC-RES-0088,learning_resource,向量数据库课程主题卡（intermediate）,参赛团队根据公开目录为向量数据库整理的学习主题，不对应一门官方课程。 难度为intermediate，预计16小时，先修能力建议不低于50分。,向量数据库课程主题卡（intermediate）|public_catalog_topic_card|intermediate,resource,RES-0088,1.1.0,derived,true,SRC-SMARTEDU|SRC-SYNTH,2026-09-05T00:00:00+08:00,0.86,primary_derived,derived,,reference_only,false,dev
KC-RES-0089,learning_resource,智能体开发课程主题卡（advanced）,参赛团队根据公开目录为智能体开发整理的学习主题，不对应一门官方课程。 难度为advanced，预计17小时，先修能力建议不低于70分。,智能体开发课程主题卡（advanced）|public_catalog_topic_card|advanced,resource,RES-0089,1.1.0,derived,true,SRC-SMARTEDU|SRC-SYNTH,2026-09-05T00:00:00+08:00,0.86,primary_derived,derived,,reference_only,false,dev
KC-RES-0090,learning_resource,MCP与工具调用课程主题卡（beginner）,参赛团队根据公开目录为MCP与工具调用整理的学习主题，不对应一门官方课程。 难度为beginner，预计18小时，先修能力建议不低于20分。,MCP与工具调用课程主题卡（beginner）|public_catalog_topic_card|beginner,resource,RES-0090,1.1.0,derived,true,SRC-SMARTEDU|SRC-SYNTH,2026-09-05T00:00:00+08:00,0.86,primary_derived,derived,,reference_only,false,dev
KC-RES-0091,learning_resource,模型微调课程主题卡（intermediate）,参赛团队根据公开目录为模型微调整理的学习主题，不对应一门官方课程。 难度为intermediate，预计19小时，先修能力建议不低于50分。,模型微调课程主题卡（intermediate）|public_catalog_topic_card|intermediate,resource,RES-0091,1.1.0,derived,true,SRC-SMARTEDU|SRC-SYNTH,2026-09-05T00:00:00+08:00,0.86,primary_derived,derived,,reference_only,false,dev
KC-RES-0092,learning_resource,AI安全与评测课程主题卡（advanced）,参赛团队根据公开目录为AI安全与评测整理的学习主题，不对应一门官方课程。 难度为advanced，预计20小时，先修能力建议不低于70分。,AI安全与评测课程主题卡（advanced）|public_catalog_topic_card|advanced,resource,RES-0092,1.1.0,derived,true,SRC-SMARTEDU|SRC-SYNTH,2026-09-05T00:00:00+08:00,0.86,primary_derived,derived,,reference_only,false,dev
KC-RES-0093,learning_resource,Git版本控制课程主题卡（beginner）,参赛团队根据公开目录为Git版本控制整理的学习主题，不对应一门官方课程。 难度为beginner，预计21小时，先修能力建议不低于20分。,Git版本控制课程主题卡（beginner）|public_catalog_topic_card|beginner,resource,RES-0093,1.1.0,derived,true,SRC-SMARTEDU|SRC-SYNTH,2026-09-05T00:00:00+08:00,0.86,primary_derived,derived,,reference_only,false,dev
KC-RES-0094,learning_resource,API设计课程主题卡（intermediate）,参赛团队根据公开目录为API设计整理的学习主题，不对应一门官方课程。 难度为intermediate，预计22小时，先修能力建议不低于50分。,API设计课程主题卡（intermediate）|public_catalog_topic_card|intermediate,resource,RES-0094,1.1.0,derived,true,SRC-SMARTEDU|SRC-SYNTH,2026-09-05T00:00:00+08:00,0.86,primary_derived,derived,,reference_only,false,dev
KC-RES-0095,learning_resource,后端服务开发课程主题卡（advanced）,参赛团队根据公开目录为后端服务开发整理的学习主题，不对应一门官方课程。 难度为advanced，预计23小时，先修能力建议不低于70分。,后端服务开发课程主题卡（advanced）|public_catalog_topic_card|advanced,resource,RES-0095,1.1.0,derived,true,SRC-SMARTEDU|SRC-SYNTH,2026-09-05T00:00:00+08:00,0.86,primary_derived,derived,,reference_only,false,dev
KC-RES-0096,learning_resource,Docker容器课程主题卡（beginner）,参赛团队根据公开目录为Docker容器整理的学习主题，不对应一门官方课程。 难度为beginner，预计24小时，先修能力建议不低于20分。,Docker容器课程主题卡（beginner）|public_catalog_topic_card|beginner,resource,RES-0096,1.1.0,derived,true,SRC-SMARTEDU|SRC-SYNTH,2026-09-05T00:00:00+08:00,0.86,primary_derived,derived,,reference_only,false,dev
KC-RES-0097,learning_resource,CI/CD课程主题卡（intermediate）,参赛团队根据公开目录为CI/CD整理的学习主题，不对应一门官方课程。 难度为intermediate，预计25小时，先修能力建议不低于50分。,CI/CD课程主题卡（intermediate）|public_catalog_topic_card|intermediate,resource,RES-0097,1.1.0,derived,true,SRC-SMARTEDU|SRC-SYNTH,2026-09-05T00:00:00+08:00,0.86,primary_derived,derived,,reference_only,false,dev
KC-RES-0098,learning_resource,云端部署课程主题卡（advanced）,参赛团队根据公开目录为云端部署整理的学习主题，不对应一门官方课程。 难度为advanced，预计26小时，先修能力建议不低于70分。,云端部署课程主题卡（advanced）|public_catalog_topic_card|advanced,resource,RES-0098,1.1.0,derived,true,SRC-SMARTEDU|SRC-SYNTH,2026-09-05T00:00:00+08:00,0.86,primary_derived,derived,,reference_only,false,dev
KC-RES-0099,learning_resource,监控与可观测性课程主题卡（beginner）,参赛团队根据公开目录为监控与可观测性整理的学习主题，不对应一门官方课程。 难度为beginner，预计27小时，先修能力建议不低于20分。,监控与可观测性课程主题卡（beginner）|public_catalog_topic_card|beginner,resource,RES-0099,1.1.0,derived,true,SRC-SMARTEDU|SRC-SYNTH,2026-09-05T00:00:00+08:00,0.86,primary_derived,derived,,reference_only,false,dev
KC-RES-0100,learning_resource,数据工程管道课程主题卡（intermediate）,参赛团队根据公开目录为数据工程管道整理的学习主题，不对应一门官方课程。 难度为intermediate，预计28小时，先修能力建议不低于50分。,数据工程管道课程主题卡（intermediate）|public_catalog_topic_card|intermediate,resource,RES-0100,1.1.0,derived,true,SRC-SMARTEDU|SRC-SYNTH,2026-09-05T00:00:00+08:00,0.86,primary_derived,derived,,reference_only,false,dev
KC-RES-0101,learning_resource,问题拆解课程主题卡（advanced）,参赛团队根据公开目录为问题拆解整理的学习主题，不对应一门官方课程。 难度为advanced，预计29小时，先修能力建议不低于70分。,问题拆解课程主题卡（advanced）|public_catalog_topic_card|advanced,resource,RES-0101,1.1.0,derived,true,SRC-SMARTEDU|SRC-SYNTH,2026-09-05T00:00:00+08:00,0.86,primary_derived,derived,,reference_only,false,dev
KC-RES-0102,learning_resource,系统思维课程主题卡（beginner）,参赛团队根据公开目录为系统思维整理的学习主题，不对应一门官方课程。 难度为beginner，预计30小时，先修能力建议不低于20分。,系统思维课程主题卡（beginner）|public_catalog_topic_card|beginner,resource,RES-0102,1.1.0,derived,true,SRC-SMARTEDU|SRC-SYNTH,2026-09-05T00:00:00+08:00,0.86,primary_derived,derived,,reference_only,false,dev
KC-RES-0103,learning_resource,需求分析课程主题卡（intermediate）,参赛团队根据公开目录为需求分析整理的学习主题，不对应一门官方课程。 难度为intermediate，预计31小时，先修能力建议不低于50分。,需求分析课程主题卡（intermediate）|public_catalog_topic_card|intermediate,resource,RES-0103,1.1.0,derived,true,SRC-SMARTEDU|SRC-SYNTH,2026-09-05T00:00:00+08:00,0.86,primary_derived,derived,,reference_only,false,dev
KC-RES-0104,learning_resource,用户研究课程主题卡（advanced）,参赛团队根据公开目录为用户研究整理的学习主题，不对应一门官方课程。 难度为advanced，预计32小时，先修能力建议不低于70分。,用户研究课程主题卡（advanced）|public_catalog_topic_card|advanced,resource,RES-0104,1.1.0,derived,true,SRC-SMARTEDU|SRC-SYNTH,2026-09-05T00:00:00+08:00,0.86,primary_derived,derived,,reference_only,false,dev
KC-RES-0105,learning_resource,指标设计课程主题卡（beginner）,参赛团队根据公开目录为指标设计整理的学习主题，不对应一门官方课程。 难度为beginner，预计33小时，先修能力建议不低于20分。,指标设计课程主题卡（beginner）|public_catalog_topic_card|beginner,resource,RES-0105,1.1.0,derived,true,SRC-SMARTEDU|SRC-SYNTH,2026-09-05T00:00:00+08:00,0.86,primary_derived,derived,,reference_only,false,dev
KC-RES-0106,learning_resource,业务理解课程主题卡（intermediate）,参赛团队根据公开目录为业务理解整理的学习主题，不对应一门官方课程。 难度为intermediate，预计34小时，先修能力建议不低于50分。,业务理解课程主题卡（intermediate）|public_catalog_topic_card|intermediate,resource,RES-0106,1.1.0,derived,true,SRC-SMARTEDU|SRC-SYNTH,2026-09-05T00:00:00+08:00,0.86,primary_derived,derived,,reference_only,false,dev
KC-RES-0107,learning_resource,创新与方案比较课程主题卡（advanced）,参赛团队根据公开目录为创新与方案比较整理的学习主题，不对应一门官方课程。 难度为advanced，预计35小时，先修能力建议不低于70分。,创新与方案比较课程主题卡（advanced）|public_catalog_topic_card|advanced,resource,RES-0107,1.1.0,derived,true,SRC-SMARTEDU|SRC-SYNTH,2026-09-05T00:00:00+08:00,0.86,primary_derived,derived,,reference_only,false,dev
KC-RES-0108,learning_resource,书面沟通课程主题卡（beginner）,参赛团队根据公开目录为书面沟通整理的学习主题，不对应一门官方课程。 难度为beginner，预计36小时，先修能力建议不低于20分。,书面沟通课程主题卡（beginner）|public_catalog_topic_card|beginner,resource,RES-0108,1.1.0,derived,true,SRC-SMARTEDU|SRC-SYNTH,2026-09-05T00:00:00+08:00,0.86,primary_derived,derived,,reference_only,false,dev
KC-RES-0109,learning_resource,表达与汇报课程主题卡（intermediate）,参赛团队根据公开目录为表达与汇报整理的学习主题，不对应一门官方课程。 难度为intermediate，预计37小时，先修能力建议不低于50分。,表达与汇报课程主题卡（intermediate）|public_catalog_topic_card|intermediate,resource,RES-0109,1.1.0,derived,true,SRC-SMARTEDU|SRC-SYNTH,2026-09-05T00:00:00+08:00,0.86,primary_derived,derived,,reference_only,false,dev
KC-RES-0110,learning_resource,跨岗位沟通课程主题卡（advanced）,参赛团队根据公开目录为跨岗位沟通整理的学习主题，不对应一门官方课程。 难度为advanced，预计38小时，先修能力建议不低于70分。,跨岗位沟通课程主题卡（advanced）|public_catalog_topic_card|advanced,resource,RES-0110,1.1.0,derived,true,SRC-SMARTEDU|SRC-SYNTH,2026-09-05T00:00:00+08:00,0.86,primary_derived,derived,,reference_only,false,dev
KC-RES-0111,learning_resource,远程协作课程主题卡（beginner）,参赛团队根据公开目录为远程协作整理的学习主题，不对应一门官方课程。 难度为beginner，预计39小时，先修能力建议不低于20分。,远程协作课程主题卡（beginner）|public_catalog_topic_card|beginner,resource,RES-0111,1.1.0,derived,true,SRC-SMARTEDU|SRC-SYNTH,2026-09-05T00:00:00+08:00,0.86,primary_derived,derived,,reference_only,false,dev
KC-RES-0112,learning_resource,团队协作课程主题卡（intermediate）,参赛团队根据公开目录为团队协作整理的学习主题，不对应一门官方课程。 难度为intermediate，预计12小时，先修能力建议不低于50分。,团队协作课程主题卡（intermediate）|public_catalog_topic_card|intermediate,resource,RES-0112,1.1.0,derived,true,SRC-SMARTEDU|SRC-SYNTH,2026-09-05T00:00:00+08:00,0.86,primary_derived,derived,,reference_only,false,dev
KC-RES-0113,learning_resource,时间管理课程主题卡（advanced）,参赛团队根据公开目录为时间管理整理的学习主题，不对应一门官方课程。 难度为advanced，预计13小时，先修能力建议不低于70分。,时间管理课程主题卡（advanced）|public_catalog_topic_card|advanced,resource,RES-0113,1.1.0,derived,true,SRC-SMARTEDU|SRC-SYNTH,2026-09-05T00:00:00+08:00,0.86,primary_derived,derived,,reference_only,false,dev
KC-RES-0114,learning_resource,职业伦理与隐私课程主题卡（beginner）,参赛团队根据公开目录为职业伦理与隐私整理的学习主题，不对应一门官方课程。 难度为beginner，预计14小时，先修能力建议不低于20分。,职业伦理与隐私课程主题卡（beginner）|public_catalog_topic_card|beginner,resource,RES-0114,1.1.0,derived,true,SRC-SMARTEDU|SRC-SYNTH,2026-09-05T00:00:00+08:00,0.86,primary_derived,derived,,reference_only,false,dev
KC-RES-0115,learning_resource,自主学习课程主题卡（intermediate）,参赛团队根据公开目录为自主学习整理的学习主题，不对应一门官方课程。 难度为intermediate，预计15小时，先修能力建议不低于50分。,自主学习课程主题卡（intermediate）|public_catalog_topic_card|intermediate,resource,RES-0115,1.1.0,derived,true,SRC-SMARTEDU|SRC-SYNTH,2026-09-05T00:00:00+08:00,0.86,primary_derived,derived,,reference_only,false,dev
KC-RES-0116,learning_resource,知识管理课程主题卡（advanced）,参赛团队根据公开目录为知识管理整理的学习主题，不对应一门官方课程。 难度为advanced，预计16小时，先修能力建议不低于70分。,知识管理课程主题卡（advanced）|public_catalog_topic_card|advanced,resource,RES-0116,1.1.0,derived,true,SRC-SMARTEDU|SRC-SYNTH,2026-09-05T00:00:00+08:00,0.86,primary_derived,derived,,reference_only,false,dev
KC-RES-0117,learning_resource,项目规划课程主题卡（beginner）,参赛团队根据公开目录为项目规划整理的学习主题，不对应一门官方课程。 难度为beginner，预计17小时，先修能力建议不低于20分。,项目规划课程主题卡（beginner）|public_catalog_topic_card|beginner,resource,RES-0117,1.1.0,derived,true,SRC-SMARTEDU|SRC-SYNTH,2026-09-05T00:00:00+08:00,0.86,primary_derived,derived,,reference_only,false,dev
KC-RES-0118,learning_resource,项目交付课程主题卡（intermediate）,参赛团队根据公开目录为项目交付整理的学习主题，不对应一门官方课程。 难度为intermediate，预计18小时，先修能力建议不低于50分。,项目交付课程主题卡（intermediate）|public_catalog_topic_card|intermediate,resource,RES-0118,1.1.0,derived,true,SRC-SMARTEDU|SRC-SYNTH,2026-09-05T00:00:00+08:00,0.86,primary_derived,derived,,reference_only,false,dev
KC-RES-0119,learning_resource,复盘与反馈课程主题卡（advanced）,参赛团队根据公开目录为复盘与反馈整理的学习主题，不对应一门官方课程。 难度为advanced，预计19小时，先修能力建议不低于70分。,复盘与反馈课程主题卡（advanced）|public_catalog_topic_card|advanced,resource,RES-0119,1.1.0,derived,true,SRC-SMARTEDU|SRC-SYNTH,2026-09-05T00:00:00+08:00,0.86,primary_derived,derived,,reference_only,false,dev
KC-RES-0120,learning_resource,职业探索课程主题卡（beginner）,参赛团队根据公开目录为职业探索整理的学习主题，不对应一门官方课程。 难度为beginner，预计20小时，先修能力建议不低于20分。,职业探索课程主题卡（beginner）|public_catalog_topic_card|beginner,resource,RES-0120,1.1.0,derived,true,SRC-SMARTEDU|SRC-SYNTH,2026-09-05T00:00:00+08:00,0.86,primary_derived,derived,,reference_only,false,dev
KC-RES-0121,learning_resource,Python编程实践项目-001,围绕Python编程完成可运行成果、说明文档和复盘。 难度为intermediate，预计22小时，先修能力建议不低于50分。,Python编程实践项目-001|synthetic_project|intermediate,resource,RES-0121,1.1.0,synthetic,true,SRC-SYNTH,2026-09-05T00:00:00+08:00,0.86,synthetic,not_applicable,,team_generated,false,dev
KC-RES-0122,learning_resource,数据结构与算法实践项目-002,围绕数据结构与算法完成可运行成果、说明文档和复盘。 难度为advanced，预计23小时，先修能力建议不低于70分。,数据结构与算法实践项目-002|synthetic_project|advanced,resource,RES-0122,1.1.0,synthetic,true,SRC-SYNTH,2026-09-05T00:00:00+08:00,0.86,synthetic,not_applicable,,team_generated,false,dev
KC-RES-0123,learning_resource,面向对象设计实践项目-003,围绕面向对象设计完成可运行成果、说明文档和复盘。 难度为beginner，预计24小时，先修能力建议不低于20分。,面向对象设计实践项目-003|synthetic_project|beginner,resource,RES-0123,1.1.0,synthetic,true,SRC-SYNTH,2026-09-05T00:00:00+08:00,0.86,synthetic,not_applicable,,team_generated,false,dev
KC-RES-0124,learning_resource,计算机系统基础实践项目-004,围绕计算机系统基础完成可运行成果、说明文档和复盘。 难度为intermediate，预计25小时，先修能力建议不低于50分。,计算机系统基础实践项目-004|synthetic_project|intermediate,resource,RES-0124,1.1.0,synthetic,true,SRC-SYNTH,2026-09-05T00:00:00+08:00,0.86,synthetic,not_applicable,,team_generated,false,dev
KC-RES-0125,learning_resource,计算机网络实践项目-005,围绕计算机网络完成可运行成果、说明文档和复盘。 难度为advanced，预计26小时，先修能力建议不低于70分。,计算机网络实践项目-005|synthetic_project|advanced,resource,RES-0125,1.1.0,synthetic,true,SRC-SYNTH,2026-09-05T00:00:00+08:00,0.86,synthetic,not_applicable,,team_generated,false,dev
KC-RES-0126,learning_resource,Linux使用实践项目-006,围绕Linux使用完成可运行成果、说明文档和复盘。 难度为beginner，预计27小时，先修能力建议不低于20分。,Linux使用实践项目-006|synthetic_project|beginner,resource,RES-0126,1.1.0,synthetic,true,SRC-SYNTH,2026-09-05T00:00:00+08:00,0.86,synthetic,not_applicable,,team_generated,false,dev
KC-RES-0127,learning_resource,软件工程实践项目-007,围绕软件工程完成可运行成果、说明文档和复盘。 难度为intermediate，预计28小时，先修能力建议不低于50分。,软件工程实践项目-007|synthetic_project|intermediate,resource,RES-0127,1.1.0,synthetic,true,SRC-SYNTH,2026-09-05T00:00:00+08:00,0.86,synthetic,not_applicable,,team_generated,false,dev
KC-RES-0128,learning_resource,测试与调试实践项目-008,围绕测试与调试完成可运行成果、说明文档和复盘。 难度为advanced，预计29小时，先修能力建议不低于70分。,测试与调试实践项目-008|synthetic_project|advanced,resource,RES-0128,1.1.0,synthetic,true,SRC-SYNTH,2026-09-05T00:00:00+08:00,0.86,synthetic,not_applicable,,team_generated,false,dev
KC-RES-0129,learning_resource,SQL实践项目-009,围绕SQL完成可运行成果、说明文档和复盘。 难度为beginner，预计30小时，先修能力建议不低于20分。,SQL实践项目-009|synthetic_project|beginner,resource,RES-0129,1.1.0,synthetic,true,SRC-SYNTH,2026-09-05T00:00:00+08:00,0.86,synthetic,not_applicable,,team_generated,false,dev
KC-RES-0130,learning_resource,数据清洗实践项目-010,围绕数据清洗完成可运行成果、说明文档和复盘。 难度为intermediate，预计31小时，先修能力建议不低于50分。,数据清洗实践项目-010|synthetic_project|intermediate,resource,RES-0130,1.1.0,synthetic,true,SRC-SYNTH,2026-09-05T00:00:00+08:00,0.86,synthetic,not_applicable,,team_generated,false,dev
KC-RES-0131,learning_resource,统计学基础实践项目-011,围绕统计学基础完成可运行成果、说明文档和复盘。 难度为advanced，预计32小时，先修能力建议不低于70分。,统计学基础实践项目-011|synthetic_project|advanced,resource,RES-0131,1.1.0,synthetic,true,SRC-SYNTH,2026-09-05T00:00:00+08:00,0.86,synthetic,not_applicable,,team_generated,false,dev
KC-RES-0132,learning_resource,探索性数据分析实践项目-012,围绕探索性数据分析完成可运行成果、说明文档和复盘。 难度为beginner，预计33小时，先修能力建议不低于20分。,探索性数据分析实践项目-012|synthetic_project|beginner,resource,RES-0132,1.1.0,synthetic,true,SRC-SYNTH,2026-09-05T00:00:00+08:00,0.86,synthetic,not_applicable,,team_generated,false,dev
KC-RES-0133,learning_resource,数据可视化实践项目-013,围绕数据可视化完成可运行成果、说明文档和复盘。 难度为intermediate，预计34小时，先修能力建议不低于50分。,数据可视化实践项目-013|synthetic_project|intermediate,resource,RES-0133,1.1.0,synthetic,true,SRC-SYNTH,2026-09-05T00:00:00+08:00,0.86,synthetic,not_applicable,,team_generated,false,dev
KC-RES-0134,learning_resource,Excel与BI工具实践项目-014,围绕Excel与BI工具完成可运行成果、说明文档和复盘。 难度为advanced，预计35小时，先修能力建议不低于70分。,Excel与BI工具实践项目-014|synthetic_project|advanced,resource,RES-0134,1.1.0,synthetic,true,SRC-SYNTH,2026-09-05T00:00:00+08:00,0.86,synthetic,not_applicable,,team_generated,false,dev
KC-RES-0135,learning_resource,数据建模实践项目-015,围绕数据建模完成可运行成果、说明文档和复盘。 难度为beginner，预计36小时，先修能力建议不低于20分。,数据建模实践项目-015|synthetic_project|beginner,resource,RES-0135,1.1.0,synthetic,true,SRC-SYNTH,2026-09-05T00:00:00+08:00,0.86,synthetic,not_applicable,,team_generated,false,dev
KC-RES-0136,learning_resource,实验与A/B测试实践项目-016,围绕实验与A/B测试完成可运行成果、说明文档和复盘。 难度为intermediate，预计37小时，先修能力建议不低于50分。,实验与A/B测试实践项目-016|synthetic_project|intermediate,resource,RES-0136,1.1.0,synthetic,true,SRC-SYNTH,2026-09-05T00:00:00+08:00,0.86,synthetic,not_applicable,,team_generated,false,dev
KC-RES-0137,learning_resource,线性代数实践项目-017,围绕线性代数完成可运行成果、说明文档和复盘。 难度为advanced，预计38小时，先修能力建议不低于70分。,线性代数实践项目-017|synthetic_project|advanced,resource,RES-0137,1.1.0,synthetic,true,SRC-SYNTH,2026-09-05T00:00:00+08:00,0.86,synthetic,not_applicable,,team_generated,false,dev
KC-RES-0138,learning_resource,微积分与优化实践项目-018,围绕微积分与优化完成可运行成果、说明文档和复盘。 难度为beginner，预计39小时，先修能力建议不低于20分。,微积分与优化实践项目-018|synthetic_project|beginner,resource,RES-0138,1.1.0,synthetic,true,SRC-SYNTH,2026-09-05T00:00:00+08:00,0.86,synthetic,not_applicable,,team_generated,false,dev
KC-RES-0139,learning_resource,机器学习实践项目-019,围绕机器学习完成可运行成果、说明文档和复盘。 难度为intermediate，预计40小时，先修能力建议不低于50分。,机器学习实践项目-019|synthetic_project|intermediate,resource,RES-0139,1.1.0,synthetic,true,SRC-SYNTH,2026-09-05T00:00:00+08:00,0.86,synthetic,not_applicable,,team_generated,false,dev
KC-RES-0140,learning_resource,特征工程实践项目-020,围绕特征工程完成可运行成果、说明文档和复盘。 难度为advanced，预计6小时，先修能力建议不低于70分。,特征工程实践项目-020|synthetic_project|advanced,resource,RES-0140,1.1.0,synthetic,true,SRC-SYNTH,2026-09-05T00:00:00+08:00,0.86,synthetic,not_applicable,,team_generated,false,dev
KC-RES-0141,learning_resource,模型评估实践项目-021,围绕模型评估完成可运行成果、说明文档和复盘。 难度为beginner，预计7小时，先修能力建议不低于20分。,模型评估实践项目-021|synthetic_project|beginner,resource,RES-0141,1.1.0,synthetic,true,SRC-SYNTH,2026-09-05T00:00:00+08:00,0.86,synthetic,not_applicable,,team_generated,false,dev
KC-RES-0142,learning_resource,深度学习实践项目-022,围绕深度学习完成可运行成果、说明文档和复盘。 难度为intermediate，预计8小时，先修能力建议不低于50分。,深度学习实践项目-022|synthetic_project|intermediate,resource,RES-0142,1.1.0,synthetic,true,SRC-SYNTH,2026-09-05T00:00:00+08:00,0.86,synthetic,not_applicable,,team_generated,false,dev
KC-RES-0143,learning_resource,自然语言处理实践项目-023,围绕自然语言处理完成可运行成果、说明文档和复盘。 难度为advanced，预计9小时，先修能力建议不低于70分。,自然语言处理实践项目-023|synthetic_project|advanced,resource,RES-0143,1.1.0,synthetic,true,SRC-SYNTH,2026-09-05T00:00:00+08:00,0.86,synthetic,not_applicable,,team_generated,false,dev
KC-RES-0144,learning_resource,模型调优实践项目-024,围绕模型调优完成可运行成果、说明文档和复盘。 难度为beginner，预计10小时，先修能力建议不低于20分。,模型调优实践项目-024|synthetic_project|beginner,resource,RES-0144,1.1.0,synthetic,true,SRC-SYNTH,2026-09-05T00:00:00+08:00,0.86,synthetic,not_applicable,,team_generated,false,dev
KC-RES-0145,learning_resource,大模型基础实践项目-025,围绕大模型基础完成可运行成果、说明文档和复盘。 难度为intermediate，预计11小时，先修能力建议不低于50分。,大模型基础实践项目-025|synthetic_project|intermediate,resource,RES-0145,1.1.0,synthetic,true,SRC-SYNTH,2026-09-05T00:00:00+08:00,0.86,synthetic,not_applicable,,team_generated,false,dev
KC-RES-0146,learning_resource,提示词设计实践项目-026,围绕提示词设计完成可运行成果、说明文档和复盘。 难度为advanced，预计12小时，先修能力建议不低于70分。,提示词设计实践项目-026|synthetic_project|advanced,resource,RES-0146,1.1.0,synthetic,true,SRC-SYNTH,2026-09-05T00:00:00+08:00,0.86,synthetic,not_applicable,,team_generated,false,dev
KC-RES-0147,learning_resource,RAG应用实践项目-027,围绕RAG应用完成可运行成果、说明文档和复盘。 难度为beginner，预计13小时，先修能力建议不低于20分。,RAG应用实践项目-027|synthetic_project|beginner,resource,RES-0147,1.1.0,synthetic,true,SRC-SYNTH,2026-09-05T00:00:00+08:00,0.86,synthetic,not_applicable,,team_generated,false,dev
KC-RES-0148,learning_resource,向量数据库实践项目-028,围绕向量数据库完成可运行成果、说明文档和复盘。 难度为intermediate，预计14小时，先修能力建议不低于50分。,向量数据库实践项目-028|synthetic_project|intermediate,resource,RES-0148,1.1.0,synthetic,true,SRC-SYNTH,2026-09-05T00:00:00+08:00,0.86,synthetic,not_applicable,,team_generated,false,dev
KC-RES-0149,learning_resource,智能体开发实践项目-029,围绕智能体开发完成可运行成果、说明文档和复盘。 难度为advanced，预计15小时，先修能力建议不低于70分。,智能体开发实践项目-029|synthetic_project|advanced,resource,RES-0149,1.1.0,synthetic,true,SRC-SYNTH,2026-09-05T00:00:00+08:00,0.86,synthetic,not_applicable,,team_generated,false,dev
KC-RES-0150,learning_resource,MCP与工具调用实践项目-030,围绕MCP与工具调用完成可运行成果、说明文档和复盘。 难度为beginner，预计16小时，先修能力建议不低于20分。,MCP与工具调用实践项目-030|synthetic_project|beginner,resource,RES-0150,1.1.0,synthetic,true,SRC-SYNTH,2026-09-05T00:00:00+08:00,0.86,synthetic,not_applicable,,team_generated,false,dev
KC-RES-0151,learning_resource,模型微调实践项目-031,围绕模型微调完成可运行成果、说明文档和复盘。 难度为intermediate，预计17小时，先修能力建议不低于50分。,模型微调实践项目-031|synthetic_project|intermediate,resource,RES-0151,1.1.0,synthetic,true,SRC-SYNTH,2026-09-05T00:00:00+08:00,0.86,synthetic,not_applicable,,team_generated,false,dev
KC-RES-0152,learning_resource,AI安全与评测实践项目-032,围绕AI安全与评测完成可运行成果、说明文档和复盘。 难度为advanced，预计18小时，先修能力建议不低于70分。,AI安全与评测实践项目-032|synthetic_project|advanced,resource,RES-0152,1.1.0,synthetic,true,SRC-SYNTH,2026-09-05T00:00:00+08:00,0.86,synthetic,not_applicable,,team_generated,false,dev
KC-RES-0153,learning_resource,Git版本控制实践项目-033,围绕Git版本控制完成可运行成果、说明文档和复盘。 难度为beginner，预计19小时，先修能力建议不低于20分。,Git版本控制实践项目-033|synthetic_project|beginner,resource,RES-0153,1.1.0,synthetic,true,SRC-SYNTH,2026-09-05T00:00:00+08:00,0.86,synthetic,not_applicable,,team_generated,false,dev
KC-RES-0154,learning_resource,API设计实践项目-034,围绕API设计完成可运行成果、说明文档和复盘。 难度为intermediate，预计20小时，先修能力建议不低于50分。,API设计实践项目-034|synthetic_project|intermediate,resource,RES-0154,1.1.0,synthetic,true,SRC-SYNTH,2026-09-05T00:00:00+08:00,0.86,synthetic,not_applicable,,team_generated,false,dev
KC-RES-0155,learning_resource,后端服务开发实践项目-035,围绕后端服务开发完成可运行成果、说明文档和复盘。 难度为advanced，预计21小时，先修能力建议不低于70分。,后端服务开发实践项目-035|synthetic_project|advanced,resource,RES-0155,1.1.0,synthetic,true,SRC-SYNTH,2026-09-05T00:00:00+08:00,0.86,synthetic,not_applicable,,team_generated,false,dev
KC-RES-0156,learning_resource,Docker容器实践项目-036,围绕Docker容器完成可运行成果、说明文档和复盘。 难度为beginner，预计22小时，先修能力建议不低于20分。,Docker容器实践项目-036|synthetic_project|beginner,resource,RES-0156,1.1.0,synthetic,true,SRC-SYNTH,2026-09-05T00:00:00+08:00,0.86,synthetic,not_applicable,,team_generated,false,dev
KC-RES-0157,learning_resource,CI/CD实践项目-037,围绕CI/CD完成可运行成果、说明文档和复盘。 难度为intermediate，预计23小时，先修能力建议不低于50分。,CI/CD实践项目-037|synthetic_project|intermediate,resource,RES-0157,1.1.0,synthetic,true,SRC-SYNTH,2026-09-05T00:00:00+08:00,0.86,synthetic,not_applicable,,team_generated,false,dev
KC-RES-0158,learning_resource,云端部署实践项目-038,围绕云端部署完成可运行成果、说明文档和复盘。 难度为advanced，预计24小时，先修能力建议不低于70分。,云端部署实践项目-038|synthetic_project|advanced,resource,RES-0158,1.1.0,synthetic,true,SRC-SYNTH,2026-09-05T00:00:00+08:00,0.86,synthetic,not_applicable,,team_generated,false,dev
KC-RES-0159,learning_resource,监控与可观测性实践项目-039,围绕监控与可观测性完成可运行成果、说明文档和复盘。 难度为beginner，预计25小时，先修能力建议不低于20分。,监控与可观测性实践项目-039|synthetic_project|beginner,resource,RES-0159,1.1.0,synthetic,true,SRC-SYNTH,2026-09-05T00:00:00+08:00,0.86,synthetic,not_applicable,,team_generated,false,dev
KC-RES-0160,learning_resource,数据工程管道实践项目-040,围绕数据工程管道完成可运行成果、说明文档和复盘。 难度为intermediate，预计26小时，先修能力建议不低于50分。,数据工程管道实践项目-040|synthetic_project|intermediate,resource,RES-0160,1.1.0,synthetic,true,SRC-SYNTH,2026-09-05T00:00:00+08:00,0.86,synthetic,not_applicable,,team_generated,false,dev
KC-RES-0161,learning_resource,问题拆解实践项目-041,围绕问题拆解完成可运行成果、说明文档和复盘。 难度为advanced，预计27小时，先修能力建议不低于70分。,问题拆解实践项目-041|synthetic_project|advanced,resource,RES-0161,1.1.0,synthetic,true,SRC-SYNTH,2026-09-05T00:00:00+08:00,0.86,synthetic,not_applicable,,team_generated,false,dev
KC-RES-0162,learning_resource,系统思维实践项目-042,围绕系统思维完成可运行成果、说明文档和复盘。 难度为beginner，预计28小时，先修能力建议不低于20分。,系统思维实践项目-042|synthetic_project|beginner,resource,RES-0162,1.1.0,synthetic,true,SRC-SYNTH,2026-09-05T00:00:00+08:00,0.86,synthetic,not_applicable,,team_generated,false,dev
KC-RES-0163,learning_resource,需求分析实践项目-043,围绕需求分析完成可运行成果、说明文档和复盘。 难度为intermediate，预计29小时，先修能力建议不低于50分。,需求分析实践项目-043|synthetic_project|intermediate,resource,RES-0163,1.1.0,synthetic,true,SRC-SYNTH,2026-09-05T00:00:00+08:00,0.86,synthetic,not_applicable,,team_generated,false,dev
KC-RES-0164,learning_resource,用户研究实践项目-044,围绕用户研究完成可运行成果、说明文档和复盘。 难度为advanced，预计30小时，先修能力建议不低于70分。,用户研究实践项目-044|synthetic_project|advanced,resource,RES-0164,1.1.0,synthetic,true,SRC-SYNTH,2026-09-05T00:00:00+08:00,0.86,synthetic,not_applicable,,team_generated,false,dev
KC-RES-0165,learning_resource,指标设计实践项目-045,围绕指标设计完成可运行成果、说明文档和复盘。 难度为beginner，预计31小时，先修能力建议不低于20分。,指标设计实践项目-045|synthetic_project|beginner,resource,RES-0165,1.1.0,synthetic,true,SRC-SYNTH,2026-09-05T00:00:00+08:00,0.86,synthetic,not_applicable,,team_generated,false,dev
KC-RES-0166,learning_resource,业务理解实践项目-046,围绕业务理解完成可运行成果、说明文档和复盘。 难度为intermediate，预计32小时，先修能力建议不低于50分。,业务理解实践项目-046|synthetic_project|intermediate,resource,RES-0166,1.1.0,synthetic,true,SRC-SYNTH,2026-09-05T00:00:00+08:00,0.86,synthetic,not_applicable,,team_generated,false,dev
KC-RES-0167,learning_resource,创新与方案比较实践项目-047,围绕创新与方案比较完成可运行成果、说明文档和复盘。 难度为advanced，预计33小时，先修能力建议不低于70分。,创新与方案比较实践项目-047|synthetic_project|advanced,resource,RES-0167,1.1.0,synthetic,true,SRC-SYNTH,2026-09-05T00:00:00+08:00,0.86,synthetic,not_applicable,,team_generated,false,dev
KC-RES-0168,learning_resource,书面沟通实践项目-048,围绕书面沟通完成可运行成果、说明文档和复盘。 难度为beginner，预计34小时，先修能力建议不低于20分。,书面沟通实践项目-048|synthetic_project|beginner,resource,RES-0168,1.1.0,synthetic,true,SRC-SYNTH,2026-09-05T00:00:00+08:00,0.86,synthetic,not_applicable,,team_generated,false,dev
KC-RES-0169,learning_resource,表达与汇报实践项目-049,围绕表达与汇报完成可运行成果、说明文档和复盘。 难度为intermediate，预计35小时，先修能力建议不低于50分。,表达与汇报实践项目-049|synthetic_project|intermediate,resource,RES-0169,1.1.0,synthetic,true,SRC-SYNTH,2026-09-05T00:00:00+08:00,0.86,synthetic,not_applicable,,team_generated,false,dev
KC-RES-0170,learning_resource,跨岗位沟通实践项目-050,围绕跨岗位沟通完成可运行成果、说明文档和复盘。 难度为advanced，预计36小时，先修能力建议不低于70分。,跨岗位沟通实践项目-050|synthetic_project|advanced,resource,RES-0170,1.1.0,synthetic,true,SRC-SYNTH,2026-09-05T00:00:00+08:00,0.86,synthetic,not_applicable,,team_generated,false,dev
KC-RES-0171,learning_resource,远程协作实践项目-051,围绕远程协作完成可运行成果、说明文档和复盘。 难度为beginner，预计37小时，先修能力建议不低于20分。,远程协作实践项目-051|synthetic_project|beginner,resource,RES-0171,1.1.0,synthetic,true,SRC-SYNTH,2026-09-05T00:00:00+08:00,0.86,synthetic,not_applicable,,team_generated,false,dev
KC-RES-0172,learning_resource,团队协作实践项目-052,围绕团队协作完成可运行成果、说明文档和复盘。 难度为intermediate，预计38小时，先修能力建议不低于50分。,团队协作实践项目-052|synthetic_project|intermediate,resource,RES-0172,1.1.0,synthetic,true,SRC-SYNTH,2026-09-05T00:00:00+08:00,0.86,synthetic,not_applicable,,team_generated,false,dev
KC-RES-0173,learning_resource,时间管理实践项目-053,围绕时间管理完成可运行成果、说明文档和复盘。 难度为advanced，预计39小时，先修能力建议不低于70分。,时间管理实践项目-053|synthetic_project|advanced,resource,RES-0173,1.1.0,synthetic,true,SRC-SYNTH,2026-09-05T00:00:00+08:00,0.86,synthetic,not_applicable,,team_generated,false,dev
KC-RES-0174,learning_resource,职业伦理与隐私实践项目-054,围绕职业伦理与隐私完成可运行成果、说明文档和复盘。 难度为beginner，预计40小时，先修能力建议不低于20分。,职业伦理与隐私实践项目-054|synthetic_project|beginner,resource,RES-0174,1.1.0,synthetic,true,SRC-SYNTH,2026-09-05T00:00:00+08:00,0.86,synthetic,not_applicable,,team_generated,false,dev
KC-RES-0175,learning_resource,自主学习实践项目-055,围绕自主学习完成可运行成果、说明文档和复盘。 难度为intermediate，预计6小时，先修能力建议不低于50分。,自主学习实践项目-055|synthetic_project|intermediate,resource,RES-0175,1.1.0,synthetic,true,SRC-SYNTH,2026-09-05T00:00:00+08:00,0.86,synthetic,not_applicable,,team_generated,false,dev
KC-RES-0176,learning_resource,知识管理实践项目-056,围绕知识管理完成可运行成果、说明文档和复盘。 难度为advanced，预计7小时，先修能力建议不低于70分。,知识管理实践项目-056|synthetic_project|advanced,resource,RES-0176,1.1.0,synthetic,true,SRC-SYNTH,2026-09-05T00:00:00+08:00,0.86,synthetic,not_applicable,,team_generated,false,dev
KC-RES-0177,learning_resource,项目规划实践项目-057,围绕项目规划完成可运行成果、说明文档和复盘。 难度为beginner，预计8小时，先修能力建议不低于20分。,项目规划实践项目-057|synthetic_project|beginner,resource,RES-0177,1.1.0,synthetic,true,SRC-SYNTH,2026-09-05T00:00:00+08:00,0.86,synthetic,not_applicable,,team_generated,false,dev
KC-RES-0178,learning_resource,项目交付实践项目-058,围绕项目交付完成可运行成果、说明文档和复盘。 难度为intermediate，预计9小时，先修能力建议不低于50分。,项目交付实践项目-058|synthetic_project|intermediate,resource,RES-0178,1.1.0,synthetic,true,SRC-SYNTH,2026-09-05T00:00:00+08:00,0.86,synthetic,not_applicable,,team_generated,false,dev
KC-RES-0179,learning_resource,复盘与反馈实践项目-059,围绕复盘与反馈完成可运行成果、说明文档和复盘。 难度为advanced，预计10小时，先修能力建议不低于70分。,复盘与反馈实践项目-059|synthetic_project|advanced,resource,RES-0179,1.1.0,synthetic,true,SRC-SYNTH,2026-09-05T00:00:00+08:00,0.86,synthetic,not_applicable,,team_generated,false,dev
KC-RES-0180,learning_resource,职业探索实践项目-060,围绕职业探索完成可运行成果、说明文档和复盘。 难度为beginner，预计11小时，先修能力建议不低于20分。,职业探索实践项目-060|synthetic_project|beginner,resource,RES-0180,1.1.0,synthetic,true,SRC-SYNTH,2026-09-05T00:00:00+08:00,0.86,synthetic,not_applicable,,team_generated,false,dev
KC-RES-0181,learning_resource,Python编程实践项目-061,围绕Python编程完成可运行成果、说明文档和复盘。 难度为intermediate，预计12小时，先修能力建议不低于50分。,Python编程实践项目-061|synthetic_project|intermediate,resource,RES-0181,1.1.0,synthetic,true,SRC-SYNTH,2026-09-05T00:00:00+08:00,0.86,synthetic,not_applicable,,team_generated,false,dev
KC-RES-0182,learning_resource,数据结构与算法实践项目-062,围绕数据结构与算法完成可运行成果、说明文档和复盘。 难度为advanced，预计13小时，先修能力建议不低于70分。,数据结构与算法实践项目-062|synthetic_project|advanced,resource,RES-0182,1.1.0,synthetic,true,SRC-SYNTH,2026-09-05T00:00:00+08:00,0.86,synthetic,not_applicable,,team_generated,false,dev
KC-RES-0183,learning_resource,面向对象设计实践项目-063,围绕面向对象设计完成可运行成果、说明文档和复盘。 难度为beginner，预计14小时，先修能力建议不低于20分。,面向对象设计实践项目-063|synthetic_project|beginner,resource,RES-0183,1.1.0,synthetic,true,SRC-SYNTH,2026-09-05T00:00:00+08:00,0.86,synthetic,not_applicable,,team_generated,false,dev
KC-RES-0184,learning_resource,计算机系统基础实践项目-064,围绕计算机系统基础完成可运行成果、说明文档和复盘。 难度为intermediate，预计15小时，先修能力建议不低于50分。,计算机系统基础实践项目-064|synthetic_project|intermediate,resource,RES-0184,1.1.0,synthetic,true,SRC-SYNTH,2026-09-05T00:00:00+08:00,0.86,synthetic,not_applicable,,team_generated,false,dev
KC-RES-0185,learning_resource,计算机网络实践项目-065,围绕计算机网络完成可运行成果、说明文档和复盘。 难度为advanced，预计16小时，先修能力建议不低于70分。,计算机网络实践项目-065|synthetic_project|advanced,resource,RES-0185,1.1.0,synthetic,true,SRC-SYNTH,2026-09-05T00:00:00+08:00,0.86,synthetic,not_applicable,,team_generated,false,dev
KC-RES-0186,learning_resource,Linux使用实践项目-066,围绕Linux使用完成可运行成果、说明文档和复盘。 难度为beginner，预计17小时，先修能力建议不低于20分。,Linux使用实践项目-066|synthetic_project|beginner,resource,RES-0186,1.1.0,synthetic,true,SRC-SYNTH,2026-09-05T00:00:00+08:00,0.86,synthetic,not_applicable,,team_generated,false,dev
KC-RES-0187,learning_resource,软件工程实践项目-067,围绕软件工程完成可运行成果、说明文档和复盘。 难度为intermediate，预计18小时，先修能力建议不低于50分。,软件工程实践项目-067|synthetic_project|intermediate,resource,RES-0187,1.1.0,synthetic,true,SRC-SYNTH,2026-09-05T00:00:00+08:00,0.86,synthetic,not_applicable,,team_generated,false,dev
KC-RES-0188,learning_resource,测试与调试实践项目-068,围绕测试与调试完成可运行成果、说明文档和复盘。 难度为advanced，预计19小时，先修能力建议不低于70分。,测试与调试实践项目-068|synthetic_project|advanced,resource,RES-0188,1.1.0,synthetic,true,SRC-SYNTH,2026-09-05T00:00:00+08:00,0.86,synthetic,not_applicable,,team_generated,false,dev
KC-RES-0189,learning_resource,SQL实践项目-069,围绕SQL完成可运行成果、说明文档和复盘。 难度为beginner，预计20小时，先修能力建议不低于20分。,SQL实践项目-069|synthetic_project|beginner,resource,RES-0189,1.1.0,synthetic,true,SRC-SYNTH,2026-09-05T00:00:00+08:00,0.86,synthetic,not_applicable,,team_generated,false,dev
KC-RES-0190,learning_resource,数据清洗实践项目-070,围绕数据清洗完成可运行成果、说明文档和复盘。 难度为intermediate，预计21小时，先修能力建议不低于50分。,数据清洗实践项目-070|synthetic_project|intermediate,resource,RES-0190,1.1.0,synthetic,true,SRC-SYNTH,2026-09-05T00:00:00+08:00,0.86,synthetic,not_applicable,,team_generated,false,dev
KC-RES-0191,learning_resource,统计学基础实践项目-071,围绕统计学基础完成可运行成果、说明文档和复盘。 难度为advanced，预计22小时，先修能力建议不低于70分。,统计学基础实践项目-071|synthetic_project|advanced,resource,RES-0191,1.1.0,synthetic,true,SRC-SYNTH,2026-09-05T00:00:00+08:00,0.86,synthetic,not_applicable,,team_generated,false,dev
KC-RES-0192,learning_resource,探索性数据分析实践项目-072,围绕探索性数据分析完成可运行成果、说明文档和复盘。 难度为beginner，预计23小时，先修能力建议不低于20分。,探索性数据分析实践项目-072|synthetic_project|beginner,resource,RES-0192,1.1.0,synthetic,true,SRC-SYNTH,2026-09-05T00:00:00+08:00,0.86,synthetic,not_applicable,,team_generated,false,dev
KC-RES-0193,learning_resource,数据可视化实践项目-073,围绕数据可视化完成可运行成果、说明文档和复盘。 难度为intermediate，预计24小时，先修能力建议不低于50分。,数据可视化实践项目-073|synthetic_project|intermediate,resource,RES-0193,1.1.0,synthetic,true,SRC-SYNTH,2026-09-05T00:00:00+08:00,0.86,synthetic,not_applicable,,team_generated,false,dev
KC-RES-0194,learning_resource,Excel与BI工具实践项目-074,围绕Excel与BI工具完成可运行成果、说明文档和复盘。 难度为advanced，预计25小时，先修能力建议不低于70分。,Excel与BI工具实践项目-074|synthetic_project|advanced,resource,RES-0194,1.1.0,synthetic,true,SRC-SYNTH,2026-09-05T00:00:00+08:00,0.86,synthetic,not_applicable,,team_generated,false,dev
KC-RES-0195,learning_resource,数据建模实践项目-075,围绕数据建模完成可运行成果、说明文档和复盘。 难度为beginner，预计26小时，先修能力建议不低于20分。,数据建模实践项目-075|synthetic_project|beginner,resource,RES-0195,1.1.0,synthetic,true,SRC-SYNTH,2026-09-05T00:00:00+08:00,0.86,synthetic,not_applicable,,team_generated,false,dev
KC-RES-0196,learning_resource,实验与A/B测试实践项目-076,围绕实验与A/B测试完成可运行成果、说明文档和复盘。 难度为intermediate，预计27小时，先修能力建议不低于50分。,实验与A/B测试实践项目-076|synthetic_project|intermediate,resource,RES-0196,1.1.0,synthetic,true,SRC-SYNTH,2026-09-05T00:00:00+08:00,0.86,synthetic,not_applicable,,team_generated,false,dev
KC-RES-0197,learning_resource,线性代数实践项目-077,围绕线性代数完成可运行成果、说明文档和复盘。 难度为advanced，预计28小时，先修能力建议不低于70分。,线性代数实践项目-077|synthetic_project|advanced,resource,RES-0197,1.1.0,synthetic,true,SRC-SYNTH,2026-09-05T00:00:00+08:00,0.86,synthetic,not_applicable,,team_generated,false,dev
KC-RES-0198,learning_resource,微积分与优化实践项目-078,围绕微积分与优化完成可运行成果、说明文档和复盘。 难度为beginner，预计29小时，先修能力建议不低于20分。,微积分与优化实践项目-078|synthetic_project|beginner,resource,RES-0198,1.1.0,synthetic,true,SRC-SYNTH,2026-09-05T00:00:00+08:00,0.86,synthetic,not_applicable,,team_generated,false,dev
KC-RES-0199,learning_resource,机器学习实践项目-079,围绕机器学习完成可运行成果、说明文档和复盘。 难度为intermediate，预计30小时，先修能力建议不低于50分。,机器学习实践项目-079|synthetic_project|intermediate,resource,RES-0199,1.1.0,synthetic,true,SRC-SYNTH,2026-09-05T00:00:00+08:00,0.86,synthetic,not_applicable,,team_generated,false,dev
KC-RES-0200,learning_resource,特征工程实践项目-080,围绕特征工程完成可运行成果、说明文档和复盘。 难度为advanced，预计31小时，先修能力建议不低于70分。,特征工程实践项目-080|synthetic_project|advanced,resource,RES-0200,1.1.0,synthetic,true,SRC-SYNTH,2026-09-05T00:00:00+08:00,0.86,synthetic,not_applicable,,team_generated,false,dev
KC-RES-0201,learning_resource,模型评估实践项目-081,围绕模型评估完成可运行成果、说明文档和复盘。 难度为beginner，预计32小时，先修能力建议不低于20分。,模型评估实践项目-081|synthetic_project|beginner,resource,RES-0201,1.1.0,synthetic,true,SRC-SYNTH,2026-09-05T00:00:00+08:00,0.86,synthetic,not_applicable,,team_generated,false,dev
KC-RES-0202,learning_resource,深度学习实践项目-082,围绕深度学习完成可运行成果、说明文档和复盘。 难度为intermediate，预计33小时，先修能力建议不低于50分。,深度学习实践项目-082|synthetic_project|intermediate,resource,RES-0202,1.1.0,synthetic,true,SRC-SYNTH,2026-09-05T00:00:00+08:00,0.86,synthetic,not_applicable,,team_generated,false,dev
KC-RES-0203,learning_resource,自然语言处理实践项目-083,围绕自然语言处理完成可运行成果、说明文档和复盘。 难度为advanced，预计34小时，先修能力建议不低于70分。,自然语言处理实践项目-083|synthetic_project|advanced,resource,RES-0203,1.1.0,synthetic,true,SRC-SYNTH,2026-09-05T00:00:00+08:00,0.86,synthetic,not_applicable,,team_generated,false,dev
KC-RES-0204,learning_resource,模型调优实践项目-084,围绕模型调优完成可运行成果、说明文档和复盘。 难度为beginner，预计35小时，先修能力建议不低于20分。,模型调优实践项目-084|synthetic_project|beginner,resource,RES-0204,1.1.0,synthetic,true,SRC-SYNTH,2026-09-05T00:00:00+08:00,0.86,synthetic,not_applicable,,team_generated,false,dev
KC-RES-0205,learning_resource,大模型基础实践项目-085,围绕大模型基础完成可运行成果、说明文档和复盘。 难度为intermediate，预计36小时，先修能力建议不低于50分。,大模型基础实践项目-085|synthetic_project|intermediate,resource,RES-0205,1.1.0,synthetic,true,SRC-SYNTH,2026-09-05T00:00:00+08:00,0.86,synthetic,not_applicable,,team_generated,false,dev
KC-RES-0206,learning_resource,提示词设计实践项目-086,围绕提示词设计完成可运行成果、说明文档和复盘。 难度为advanced，预计37小时，先修能力建议不低于70分。,提示词设计实践项目-086|synthetic_project|advanced,resource,RES-0206,1.1.0,synthetic,true,SRC-SYNTH,2026-09-05T00:00:00+08:00,0.86,synthetic,not_applicable,,team_generated,false,dev
KC-RES-0207,learning_resource,RAG应用实践项目-087,围绕RAG应用完成可运行成果、说明文档和复盘。 难度为beginner，预计38小时，先修能力建议不低于20分。,RAG应用实践项目-087|synthetic_project|beginner,resource,RES-0207,1.1.0,synthetic,true,SRC-SYNTH,2026-09-05T00:00:00+08:00,0.86,synthetic,not_applicable,,team_generated,false,dev
KC-RES-0208,learning_resource,向量数据库实践项目-088,围绕向量数据库完成可运行成果、说明文档和复盘。 难度为intermediate，预计39小时，先修能力建议不低于50分。,向量数据库实践项目-088|synthetic_project|intermediate,resource,RES-0208,1.1.0,synthetic,true,SRC-SYNTH,2026-09-05T00:00:00+08:00,0.86,synthetic,not_applicable,,team_generated,false,dev
KC-RES-0209,learning_resource,智能体开发实践项目-089,围绕智能体开发完成可运行成果、说明文档和复盘。 难度为advanced，预计40小时，先修能力建议不低于70分。,智能体开发实践项目-089|synthetic_project|advanced,resource,RES-0209,1.1.0,synthetic,true,SRC-SYNTH,2026-09-05T00:00:00+08:00,0.86,synthetic,not_applicable,,team_generated,false,dev
KC-RES-0210,learning_resource,MCP与工具调用实践项目-090,围绕MCP与工具调用完成可运行成果、说明文档和复盘。 难度为beginner，预计6小时，先修能力建议不低于20分。,MCP与工具调用实践项目-090|synthetic_project|beginner,resource,RES-0210,1.1.0,synthetic,true,SRC-SYNTH,2026-09-05T00:00:00+08:00,0.86,synthetic,not_applicable,,team_generated,false,dev
KC-RES-0211,learning_resource,模型微调实践项目-091,围绕模型微调完成可运行成果、说明文档和复盘。 难度为intermediate，预计7小时，先修能力建议不低于50分。,模型微调实践项目-091|synthetic_project|intermediate,resource,RES-0211,1.1.0,synthetic,true,SRC-SYNTH,2026-09-05T00:00:00+08:00,0.86,synthetic,not_applicable,,team_generated,false,dev
KC-RES-0212,learning_resource,AI安全与评测实践项目-092,围绕AI安全与评测完成可运行成果、说明文档和复盘。 难度为advanced，预计8小时，先修能力建议不低于70分。,AI安全与评测实践项目-092|synthetic_project|advanced,resource,RES-0212,1.1.0,synthetic,true,SRC-SYNTH,2026-09-05T00:00:00+08:00,0.86,synthetic,not_applicable,,team_generated,false,dev
KC-RES-0213,learning_resource,Git版本控制实践项目-093,围绕Git版本控制完成可运行成果、说明文档和复盘。 难度为beginner，预计9小时，先修能力建议不低于20分。,Git版本控制实践项目-093|synthetic_project|beginner,resource,RES-0213,1.1.0,synthetic,true,SRC-SYNTH,2026-09-05T00:00:00+08:00,0.86,synthetic,not_applicable,,team_generated,false,dev
KC-RES-0214,learning_resource,API设计实践项目-094,围绕API设计完成可运行成果、说明文档和复盘。 难度为intermediate，预计10小时，先修能力建议不低于50分。,API设计实践项目-094|synthetic_project|intermediate,resource,RES-0214,1.1.0,synthetic,true,SRC-SYNTH,2026-09-05T00:00:00+08:00,0.86,synthetic,not_applicable,,team_generated,false,dev
KC-RES-0215,learning_resource,后端服务开发实践项目-095,围绕后端服务开发完成可运行成果、说明文档和复盘。 难度为advanced，预计11小时，先修能力建议不低于70分。,后端服务开发实践项目-095|synthetic_project|advanced,resource,RES-0215,1.1.0,synthetic,true,SRC-SYNTH,2026-09-05T00:00:00+08:00,0.86,synthetic,not_applicable,,team_generated,false,dev
KC-RES-0216,learning_resource,Docker容器实践项目-096,围绕Docker容器完成可运行成果、说明文档和复盘。 难度为beginner，预计12小时，先修能力建议不低于20分。,Docker容器实践项目-096|synthetic_project|beginner,resource,RES-0216,1.1.0,synthetic,true,SRC-SYNTH,2026-09-05T00:00:00+08:00,0.86,synthetic,not_applicable,,team_generated,false,dev
KC-RES-0217,learning_resource,CI/CD实践项目-097,围绕CI/CD完成可运行成果、说明文档和复盘。 难度为intermediate，预计13小时，先修能力建议不低于50分。,CI/CD实践项目-097|synthetic_project|intermediate,resource,RES-0217,1.1.0,synthetic,true,SRC-SYNTH,2026-09-05T00:00:00+08:00,0.86,synthetic,not_applicable,,team_generated,false,dev
KC-RES-0218,learning_resource,云端部署实践项目-098,围绕云端部署完成可运行成果、说明文档和复盘。 难度为advanced，预计14小时，先修能力建议不低于70分。,云端部署实践项目-098|synthetic_project|advanced,resource,RES-0218,1.1.0,synthetic,true,SRC-SYNTH,2026-09-05T00:00:00+08:00,0.86,synthetic,not_applicable,,team_generated,false,dev
KC-RES-0219,learning_resource,监控与可观测性实践项目-099,围绕监控与可观测性完成可运行成果、说明文档和复盘。 难度为beginner，预计15小时，先修能力建议不低于20分。,监控与可观测性实践项目-099|synthetic_project|beginner,resource,RES-0219,1.1.0,synthetic,true,SRC-SYNTH,2026-09-05T00:00:00+08:00,0.86,synthetic,not_applicable,,team_generated,false,dev
KC-RES-0220,learning_resource,数据工程管道实践项目-100,围绕数据工程管道完成可运行成果、说明文档和复盘。 难度为intermediate，预计16小时，先修能力建议不低于50分。,数据工程管道实践项目-100|synthetic_project|intermediate,resource,RES-0220,1.1.0,synthetic,true,SRC-SYNTH,2026-09-05T00:00:00+08:00,0.86,synthetic,not_applicable,,team_generated,false,dev
KC-RES-0221,learning_resource,问题拆解实践项目-101,围绕问题拆解完成可运行成果、说明文档和复盘。 难度为advanced，预计17小时，先修能力建议不低于70分。,问题拆解实践项目-101|synthetic_project|advanced,resource,RES-0221,1.1.0,synthetic,true,SRC-SYNTH,2026-09-05T00:00:00+08:00,0.86,synthetic,not_applicable,,team_generated,false,dev
KC-RES-0222,learning_resource,系统思维实践项目-102,围绕系统思维完成可运行成果、说明文档和复盘。 难度为beginner，预计18小时，先修能力建议不低于20分。,系统思维实践项目-102|synthetic_project|beginner,resource,RES-0222,1.1.0,synthetic,true,SRC-SYNTH,2026-09-05T00:00:00+08:00,0.86,synthetic,not_applicable,,team_generated,false,dev
KC-RES-0223,learning_resource,需求分析实践项目-103,围绕需求分析完成可运行成果、说明文档和复盘。 难度为intermediate，预计19小时，先修能力建议不低于50分。,需求分析实践项目-103|synthetic_project|intermediate,resource,RES-0223,1.1.0,synthetic,true,SRC-SYNTH,2026-09-05T00:00:00+08:00,0.86,synthetic,not_applicable,,team_generated,false,dev
KC-RES-0224,learning_resource,用户研究实践项目-104,围绕用户研究完成可运行成果、说明文档和复盘。 难度为advanced，预计20小时，先修能力建议不低于70分。,用户研究实践项目-104|synthetic_project|advanced,resource,RES-0224,1.1.0,synthetic,true,SRC-SYNTH,2026-09-05T00:00:00+08:00,0.86,synthetic,not_applicable,,team_generated,false,dev
KC-RES-0225,learning_resource,指标设计实践项目-105,围绕指标设计完成可运行成果、说明文档和复盘。 难度为beginner，预计21小时，先修能力建议不低于20分。,指标设计实践项目-105|synthetic_project|beginner,resource,RES-0225,1.1.0,synthetic,true,SRC-SYNTH,2026-09-05T00:00:00+08:00,0.86,synthetic,not_applicable,,team_generated,false,dev
KC-RES-0226,learning_resource,业务理解实践项目-106,围绕业务理解完成可运行成果、说明文档和复盘。 难度为intermediate，预计22小时，先修能力建议不低于50分。,业务理解实践项目-106|synthetic_project|intermediate,resource,RES-0226,1.1.0,synthetic,true,SRC-SYNTH,2026-09-05T00:00:00+08:00,0.86,synthetic,not_applicable,,team_generated,false,dev
KC-RES-0227,learning_resource,创新与方案比较实践项目-107,围绕创新与方案比较完成可运行成果、说明文档和复盘。 难度为advanced，预计23小时，先修能力建议不低于70分。,创新与方案比较实践项目-107|synthetic_project|advanced,resource,RES-0227,1.1.0,synthetic,true,SRC-SYNTH,2026-09-05T00:00:00+08:00,0.86,synthetic,not_applicable,,team_generated,false,dev
KC-RES-0228,learning_resource,书面沟通实践项目-108,围绕书面沟通完成可运行成果、说明文档和复盘。 难度为beginner，预计24小时，先修能力建议不低于20分。,书面沟通实践项目-108|synthetic_project|beginner,resource,RES-0228,1.1.0,synthetic,true,SRC-SYNTH,2026-09-05T00:00:00+08:00,0.86,synthetic,not_applicable,,team_generated,false,dev
KC-RES-0229,learning_resource,表达与汇报实践项目-109,围绕表达与汇报完成可运行成果、说明文档和复盘。 难度为intermediate，预计25小时，先修能力建议不低于50分。,表达与汇报实践项目-109|synthetic_project|intermediate,resource,RES-0229,1.1.0,synthetic,true,SRC-SYNTH,2026-09-05T00:00:00+08:00,0.86,synthetic,not_applicable,,team_generated,false,dev
KC-RES-0230,learning_resource,跨岗位沟通实践项目-110,围绕跨岗位沟通完成可运行成果、说明文档和复盘。 难度为advanced，预计26小时，先修能力建议不低于70分。,跨岗位沟通实践项目-110|synthetic_project|advanced,resource,RES-0230,1.1.0,synthetic,true,SRC-SYNTH,2026-09-05T00:00:00+08:00,0.86,synthetic,not_applicable,,team_generated,false,dev
KC-RES-0231,learning_resource,远程协作实践项目-111,围绕远程协作完成可运行成果、说明文档和复盘。 难度为beginner，预计27小时，先修能力建议不低于20分。,远程协作实践项目-111|synthetic_project|beginner,resource,RES-0231,1.1.0,synthetic,true,SRC-SYNTH,2026-09-05T00:00:00+08:00,0.86,synthetic,not_applicable,,team_generated,false,dev
KC-RES-0232,learning_resource,团队协作实践项目-112,围绕团队协作完成可运行成果、说明文档和复盘。 难度为intermediate，预计28小时，先修能力建议不低于50分。,团队协作实践项目-112|synthetic_project|intermediate,resource,RES-0232,1.1.0,synthetic,true,SRC-SYNTH,2026-09-05T00:00:00+08:00,0.86,synthetic,not_applicable,,team_generated,false,dev
KC-RES-0233,learning_resource,时间管理实践项目-113,围绕时间管理完成可运行成果、说明文档和复盘。 难度为advanced，预计29小时，先修能力建议不低于70分。,时间管理实践项目-113|synthetic_project|advanced,resource,RES-0233,1.1.0,synthetic,true,SRC-SYNTH,2026-09-05T00:00:00+08:00,0.86,synthetic,not_applicable,,team_generated,false,dev
KC-RES-0234,learning_resource,职业伦理与隐私实践项目-114,围绕职业伦理与隐私完成可运行成果、说明文档和复盘。 难度为beginner，预计30小时，先修能力建议不低于20分。,职业伦理与隐私实践项目-114|synthetic_project|beginner,resource,RES-0234,1.1.0,synthetic,true,SRC-SYNTH,2026-09-05T00:00:00+08:00,0.86,synthetic,not_applicable,,team_generated,false,dev
KC-RES-0235,learning_resource,自主学习实践项目-115,围绕自主学习完成可运行成果、说明文档和复盘。 难度为intermediate，预计31小时，先修能力建议不低于50分。,自主学习实践项目-115|synthetic_project|intermediate,resource,RES-0235,1.1.0,synthetic,true,SRC-SYNTH,2026-09-05T00:00:00+08:00,0.86,synthetic,not_applicable,,team_generated,false,dev
KC-RES-0236,learning_resource,知识管理实践项目-116,围绕知识管理完成可运行成果、说明文档和复盘。 难度为advanced，预计32小时，先修能力建议不低于70分。,知识管理实践项目-116|synthetic_project|advanced,resource,RES-0236,1.1.0,synthetic,true,SRC-SYNTH,2026-09-05T00:00:00+08:00,0.86,synthetic,not_applicable,,team_generated,false,dev
KC-RES-0237,learning_resource,项目规划实践项目-117,围绕项目规划完成可运行成果、说明文档和复盘。 难度为beginner，预计33小时，先修能力建议不低于20分。,项目规划实践项目-117|synthetic_project|beginner,resource,RES-0237,1.1.0,synthetic,true,SRC-SYNTH,2026-09-05T00:00:00+08:00,0.86,synthetic,not_applicable,,team_generated,false,dev
KC-RES-0238,learning_resource,项目交付实践项目-118,围绕项目交付完成可运行成果、说明文档和复盘。 难度为intermediate，预计34小时，先修能力建议不低于50分。,项目交付实践项目-118|synthetic_project|intermediate,resource,RES-0238,1.1.0,synthetic,true,SRC-SYNTH,2026-09-05T00:00:00+08:00,0.86,synthetic,not_applicable,,team_generated,false,dev
KC-RES-0239,learning_resource,复盘与反馈实践项目-119,围绕复盘与反馈完成可运行成果、说明文档和复盘。 难度为advanced，预计35小时，先修能力建议不低于70分。,复盘与反馈实践项目-119|synthetic_project|advanced,resource,RES-0239,1.1.0,synthetic,true,SRC-SYNTH,2026-09-05T00:00:00+08:00,0.86,synthetic,not_applicable,,team_generated,false,dev
KC-RES-0240,learning_resource,职业探索实践项目-120,围绕职业探索完成可运行成果、说明文档和复盘。 难度为beginner，预计36小时，先修能力建议不低于20分。,职业探索实践项目-120|synthetic_project|beginner,resource,RES-0240,1.1.0,synthetic,true,SRC-SYNTH,2026-09-05T00:00:00+08:00,0.86,synthetic,not_applicable,,team_generated,false,dev
KC-RES-0241,learning_resource,Python编程实践项目-121,围绕Python编程完成可运行成果、说明文档和复盘。 难度为intermediate，预计37小时，先修能力建议不低于50分。,Python编程实践项目-121|synthetic_project|intermediate,resource,RES-0241,1.1.0,synthetic,true,SRC-SYNTH,2026-09-05T00:00:00+08:00,0.86,synthetic,not_applicable,,team_generated,false,dev
KC-RES-0242,learning_resource,数据结构与算法实践项目-122,围绕数据结构与算法完成可运行成果、说明文档和复盘。 难度为advanced，预计38小时，先修能力建议不低于70分。,数据结构与算法实践项目-122|synthetic_project|advanced,resource,RES-0242,1.1.0,synthetic,true,SRC-SYNTH,2026-09-05T00:00:00+08:00,0.86,synthetic,not_applicable,,team_generated,false,dev
KC-RES-0243,learning_resource,面向对象设计实践项目-123,围绕面向对象设计完成可运行成果、说明文档和复盘。 难度为beginner，预计39小时，先修能力建议不低于20分。,面向对象设计实践项目-123|synthetic_project|beginner,resource,RES-0243,1.1.0,synthetic,true,SRC-SYNTH,2026-09-05T00:00:00+08:00,0.86,synthetic,not_applicable,,team_generated,false,dev
KC-RES-0244,learning_resource,计算机系统基础实践项目-124,围绕计算机系统基础完成可运行成果、说明文档和复盘。 难度为intermediate，预计40小时，先修能力建议不低于50分。,计算机系统基础实践项目-124|synthetic_project|intermediate,resource,RES-0244,1.1.0,synthetic,true,SRC-SYNTH,2026-09-05T00:00:00+08:00,0.86,synthetic,not_applicable,,team_generated,false,dev
KC-RES-0245,learning_resource,计算机网络实践项目-125,围绕计算机网络完成可运行成果、说明文档和复盘。 难度为advanced，预计6小时，先修能力建议不低于70分。,计算机网络实践项目-125|synthetic_project|advanced,resource,RES-0245,1.1.0,synthetic,true,SRC-SYNTH,2026-09-05T00:00:00+08:00,0.86,synthetic,not_applicable,,team_generated,false,dev
KC-RES-0246,learning_resource,Linux使用实践项目-126,围绕Linux使用完成可运行成果、说明文档和复盘。 难度为beginner，预计7小时，先修能力建议不低于20分。,Linux使用实践项目-126|synthetic_project|beginner,resource,RES-0246,1.1.0,synthetic,true,SRC-SYNTH,2026-09-05T00:00:00+08:00,0.86,synthetic,not_applicable,,team_generated,false,dev
KC-RES-0247,learning_resource,软件工程实践项目-127,围绕软件工程完成可运行成果、说明文档和复盘。 难度为intermediate，预计8小时，先修能力建议不低于50分。,软件工程实践项目-127|synthetic_project|intermediate,resource,RES-0247,1.1.0,synthetic,true,SRC-SYNTH,2026-09-05T00:00:00+08:00,0.86,synthetic,not_applicable,,team_generated,false,dev
KC-RES-0248,learning_resource,测试与调试实践项目-128,围绕测试与调试完成可运行成果、说明文档和复盘。 难度为advanced，预计9小时，先修能力建议不低于70分。,测试与调试实践项目-128|synthetic_project|advanced,resource,RES-0248,1.1.0,synthetic,true,SRC-SYNTH,2026-09-05T00:00:00+08:00,0.86,synthetic,not_applicable,,team_generated,false,dev
KC-RES-0249,learning_resource,SQL实践项目-129,围绕SQL完成可运行成果、说明文档和复盘。 难度为beginner，预计10小时，先修能力建议不低于20分。,SQL实践项目-129|synthetic_project|beginner,resource,RES-0249,1.1.0,synthetic,true,SRC-SYNTH,2026-09-05T00:00:00+08:00,0.86,synthetic,not_applicable,,team_generated,false,dev
KC-RES-0250,learning_resource,数据清洗实践项目-130,围绕数据清洗完成可运行成果、说明文档和复盘。 难度为intermediate，预计11小时，先修能力建议不低于50分。,数据清洗实践项目-130|synthetic_project|intermediate,resource,RES-0250,1.1.0,synthetic,true,SRC-SYNTH,2026-09-05T00:00:00+08:00,0.86,synthetic,not_applicable,,team_generated,false,dev
KC-RES-0251,learning_resource,统计学基础实践项目-131,围绕统计学基础完成可运行成果、说明文档和复盘。 难度为advanced，预计12小时，先修能力建议不低于70分。,统计学基础实践项目-131|synthetic_project|advanced,resource,RES-0251,1.1.0,synthetic,true,SRC-SYNTH,2026-09-05T00:00:00+08:00,0.86,synthetic,not_applicable,,team_generated,false,dev
KC-RES-0252,learning_resource,探索性数据分析实践项目-132,围绕探索性数据分析完成可运行成果、说明文档和复盘。 难度为beginner，预计13小时，先修能力建议不低于20分。,探索性数据分析实践项目-132|synthetic_project|beginner,resource,RES-0252,1.1.0,synthetic,true,SRC-SYNTH,2026-09-05T00:00:00+08:00,0.86,synthetic,not_applicable,,team_generated,false,dev
KC-RES-0253,learning_resource,数据可视化实践项目-133,围绕数据可视化完成可运行成果、说明文档和复盘。 难度为intermediate，预计14小时，先修能力建议不低于50分。,数据可视化实践项目-133|synthetic_project|intermediate,resource,RES-0253,1.1.0,synthetic,true,SRC-SYNTH,2026-09-05T00:00:00+08:00,0.86,synthetic,not_applicable,,team_generated,false,dev
KC-RES-0254,learning_resource,Excel与BI工具实践项目-134,围绕Excel与BI工具完成可运行成果、说明文档和复盘。 难度为advanced，预计15小时，先修能力建议不低于70分。,Excel与BI工具实践项目-134|synthetic_project|advanced,resource,RES-0254,1.1.0,synthetic,true,SRC-SYNTH,2026-09-05T00:00:00+08:00,0.86,synthetic,not_applicable,,team_generated,false,dev
KC-RES-0255,learning_resource,数据建模实践项目-135,围绕数据建模完成可运行成果、说明文档和复盘。 难度为beginner，预计16小时，先修能力建议不低于20分。,数据建模实践项目-135|synthetic_project|beginner,resource,RES-0255,1.1.0,synthetic,true,SRC-SYNTH,2026-09-05T00:00:00+08:00,0.86,synthetic,not_applicable,,team_generated,false,dev
KC-RES-0256,learning_resource,实验与A/B测试实践项目-136,围绕实验与A/B测试完成可运行成果、说明文档和复盘。 难度为intermediate，预计17小时，先修能力建议不低于50分。,实验与A/B测试实践项目-136|synthetic_project|intermediate,resource,RES-0256,1.1.0,synthetic,true,SRC-SYNTH,2026-09-05T00:00:00+08:00,0.86,synthetic,not_applicable,,team_generated,false,dev
KC-RES-0257,learning_resource,线性代数实践项目-137,围绕线性代数完成可运行成果、说明文档和复盘。 难度为advanced，预计18小时，先修能力建议不低于70分。,线性代数实践项目-137|synthetic_project|advanced,resource,RES-0257,1.1.0,synthetic,true,SRC-SYNTH,2026-09-05T00:00:00+08:00,0.86,synthetic,not_applicable,,team_generated,false,dev
KC-RES-0258,learning_resource,微积分与优化实践项目-138,围绕微积分与优化完成可运行成果、说明文档和复盘。 难度为beginner，预计19小时，先修能力建议不低于20分。,微积分与优化实践项目-138|synthetic_project|beginner,resource,RES-0258,1.1.0,synthetic,true,SRC-SYNTH,2026-09-05T00:00:00+08:00,0.86,synthetic,not_applicable,,team_generated,false,dev
KC-RES-0259,learning_resource,机器学习实践项目-139,围绕机器学习完成可运行成果、说明文档和复盘。 难度为intermediate，预计20小时，先修能力建议不低于50分。,机器学习实践项目-139|synthetic_project|intermediate,resource,RES-0259,1.1.0,synthetic,true,SRC-SYNTH,2026-09-05T00:00:00+08:00,0.86,synthetic,not_applicable,,team_generated,false,dev
KC-RES-0260,learning_resource,特征工程实践项目-140,围绕特征工程完成可运行成果、说明文档和复盘。 难度为advanced，预计21小时，先修能力建议不低于70分。,特征工程实践项目-140|synthetic_project|advanced,resource,RES-0260,1.1.0,synthetic,true,SRC-SYNTH,2026-09-05T00:00:00+08:00,0.86,synthetic,not_applicable,,team_generated,false,dev
KC-RES-0261,learning_resource,模型评估实践项目-141,围绕模型评估完成可运行成果、说明文档和复盘。 难度为beginner，预计22小时，先修能力建议不低于20分。,模型评估实践项目-141|synthetic_project|beginner,resource,RES-0261,1.1.0,synthetic,true,SRC-SYNTH,2026-09-05T00:00:00+08:00,0.86,synthetic,not_applicable,,team_generated,false,dev
KC-RES-0262,learning_resource,深度学习实践项目-142,围绕深度学习完成可运行成果、说明文档和复盘。 难度为intermediate，预计23小时，先修能力建议不低于50分。,深度学习实践项目-142|synthetic_project|intermediate,resource,RES-0262,1.1.0,synthetic,true,SRC-SYNTH,2026-09-05T00:00:00+08:00,0.86,synthetic,not_applicable,,team_generated,false,dev
KC-RES-0263,learning_resource,自然语言处理实践项目-143,围绕自然语言处理完成可运行成果、说明文档和复盘。 难度为advanced，预计24小时，先修能力建议不低于70分。,自然语言处理实践项目-143|synthetic_project|advanced,resource,RES-0263,1.1.0,synthetic,true,SRC-SYNTH,2026-09-05T00:00:00+08:00,0.86,synthetic,not_applicable,,team_generated,false,dev
KC-RES-0264,learning_resource,模型调优实践项目-144,围绕模型调优完成可运行成果、说明文档和复盘。 难度为beginner，预计25小时，先修能力建议不低于20分。,模型调优实践项目-144|synthetic_project|beginner,resource,RES-0264,1.1.0,synthetic,true,SRC-SYNTH,2026-09-05T00:00:00+08:00,0.86,synthetic,not_applicable,,team_generated,false,dev
KC-RES-0265,learning_resource,大模型基础实践项目-145,围绕大模型基础完成可运行成果、说明文档和复盘。 难度为intermediate，预计26小时，先修能力建议不低于50分。,大模型基础实践项目-145|synthetic_project|intermediate,resource,RES-0265,1.1.0,synthetic,true,SRC-SYNTH,2026-09-05T00:00:00+08:00,0.86,synthetic,not_applicable,,team_generated,false,dev
KC-RES-0266,learning_resource,提示词设计实践项目-146,围绕提示词设计完成可运行成果、说明文档和复盘。 难度为advanced，预计27小时，先修能力建议不低于70分。,提示词设计实践项目-146|synthetic_project|advanced,resource,RES-0266,1.1.0,synthetic,true,SRC-SYNTH,2026-09-05T00:00:00+08:00,0.86,synthetic,not_applicable,,team_generated,false,dev
KC-RES-0267,learning_resource,RAG应用实践项目-147,围绕RAG应用完成可运行成果、说明文档和复盘。 难度为beginner，预计28小时，先修能力建议不低于20分。,RAG应用实践项目-147|synthetic_project|beginner,resource,RES-0267,1.1.0,synthetic,true,SRC-SYNTH,2026-09-05T00:00:00+08:00,0.86,synthetic,not_applicable,,team_generated,false,dev
KC-RES-0268,learning_resource,向量数据库实践项目-148,围绕向量数据库完成可运行成果、说明文档和复盘。 难度为intermediate，预计29小时，先修能力建议不低于50分。,向量数据库实践项目-148|synthetic_project|intermediate,resource,RES-0268,1.1.0,synthetic,true,SRC-SYNTH,2026-09-05T00:00:00+08:00,0.86,synthetic,not_applicable,,team_generated,false,dev
KC-RES-0269,learning_resource,智能体开发实践项目-149,围绕智能体开发完成可运行成果、说明文档和复盘。 难度为advanced，预计30小时，先修能力建议不低于70分。,智能体开发实践项目-149|synthetic_project|advanced,resource,RES-0269,1.1.0,synthetic,true,SRC-SYNTH,2026-09-05T00:00:00+08:00,0.86,synthetic,not_applicable,,team_generated,false,dev
KC-RES-0270,learning_resource,MCP与工具调用实践项目-150,围绕MCP与工具调用完成可运行成果、说明文档和复盘。 难度为beginner，预计31小时，先修能力建议不低于20分。,MCP与工具调用实践项目-150|synthetic_project|beginner,resource,RES-0270,1.1.0,synthetic,true,SRC-SYNTH,2026-09-05T00:00:00+08:00,0.86,synthetic,not_applicable,,team_generated,false,dev
KC-RES-0271,learning_resource,模型微调实践项目-151,围绕模型微调完成可运行成果、说明文档和复盘。 难度为intermediate，预计32小时，先修能力建议不低于50分。,模型微调实践项目-151|synthetic_project|intermediate,resource,RES-0271,1.1.0,synthetic,true,SRC-SYNTH,2026-09-05T00:00:00+08:00,0.86,synthetic,not_applicable,,team_generated,false,dev
KC-RES-0272,learning_resource,AI安全与评测实践项目-152,围绕AI安全与评测完成可运行成果、说明文档和复盘。 难度为advanced，预计33小时，先修能力建议不低于70分。,AI安全与评测实践项目-152|synthetic_project|advanced,resource,RES-0272,1.1.0,synthetic,true,SRC-SYNTH,2026-09-05T00:00:00+08:00,0.86,synthetic,not_applicable,,team_generated,false,dev
KC-RES-0273,learning_resource,Git版本控制实践项目-153,围绕Git版本控制完成可运行成果、说明文档和复盘。 难度为beginner，预计34小时，先修能力建议不低于20分。,Git版本控制实践项目-153|synthetic_project|beginner,resource,RES-0273,1.1.0,synthetic,true,SRC-SYNTH,2026-09-05T00:00:00+08:00,0.86,synthetic,not_applicable,,team_generated,false,dev
KC-RES-0274,learning_resource,API设计实践项目-154,围绕API设计完成可运行成果、说明文档和复盘。 难度为intermediate，预计35小时，先修能力建议不低于50分。,API设计实践项目-154|synthetic_project|intermediate,resource,RES-0274,1.1.0,synthetic,true,SRC-SYNTH,2026-09-05T00:00:00+08:00,0.86,synthetic,not_applicable,,team_generated,false,dev
KC-RES-0275,learning_resource,后端服务开发实践项目-155,围绕后端服务开发完成可运行成果、说明文档和复盘。 难度为advanced，预计36小时，先修能力建议不低于70分。,后端服务开发实践项目-155|synthetic_project|advanced,resource,RES-0275,1.1.0,synthetic,true,SRC-SYNTH,2026-09-05T00:00:00+08:00,0.86,synthetic,not_applicable,,team_generated,false,dev
KC-RES-0276,learning_resource,Docker容器实践项目-156,围绕Docker容器完成可运行成果、说明文档和复盘。 难度为beginner，预计37小时，先修能力建议不低于20分。,Docker容器实践项目-156|synthetic_project|beginner,resource,RES-0276,1.1.0,synthetic,true,SRC-SYNTH,2026-09-05T00:00:00+08:00,0.86,synthetic,not_applicable,,team_generated,false,dev
KC-RES-0277,learning_resource,CI/CD实践项目-157,围绕CI/CD完成可运行成果、说明文档和复盘。 难度为intermediate，预计38小时，先修能力建议不低于50分。,CI/CD实践项目-157|synthetic_project|intermediate,resource,RES-0277,1.1.0,synthetic,true,SRC-SYNTH,2026-09-05T00:00:00+08:00,0.86,synthetic,not_applicable,,team_generated,false,dev
KC-RES-0278,learning_resource,云端部署实践项目-158,围绕云端部署完成可运行成果、说明文档和复盘。 难度为advanced，预计39小时，先修能力建议不低于70分。,云端部署实践项目-158|synthetic_project|advanced,resource,RES-0278,1.1.0,synthetic,true,SRC-SYNTH,2026-09-05T00:00:00+08:00,0.86,synthetic,not_applicable,,team_generated,false,dev
KC-RES-0279,learning_resource,监控与可观测性实践项目-159,围绕监控与可观测性完成可运行成果、说明文档和复盘。 难度为beginner，预计40小时，先修能力建议不低于20分。,监控与可观测性实践项目-159|synthetic_project|beginner,resource,RES-0279,1.1.0,synthetic,true,SRC-SYNTH,2026-09-05T00:00:00+08:00,0.86,synthetic,not_applicable,,team_generated,false,dev
KC-RES-0280,learning_resource,数据工程管道实践项目-160,围绕数据工程管道完成可运行成果、说明文档和复盘。 难度为intermediate，预计6小时，先修能力建议不低于50分。,数据工程管道实践项目-160|synthetic_project|intermediate,resource,RES-0280,1.1.0,synthetic,true,SRC-SYNTH,2026-09-05T00:00:00+08:00,0.86,synthetic,not_applicable,,team_generated,false,dev
KC-RES-0281,learning_resource,问题拆解实践项目-161,围绕问题拆解完成可运行成果、说明文档和复盘。 难度为advanced，预计7小时，先修能力建议不低于70分。,问题拆解实践项目-161|synthetic_project|advanced,resource,RES-0281,1.1.0,synthetic,true,SRC-SYNTH,2026-09-05T00:00:00+08:00,0.86,synthetic,not_applicable,,team_generated,false,dev
KC-RES-0282,learning_resource,系统思维实践项目-162,围绕系统思维完成可运行成果、说明文档和复盘。 难度为beginner，预计8小时，先修能力建议不低于20分。,系统思维实践项目-162|synthetic_project|beginner,resource,RES-0282,1.1.0,synthetic,true,SRC-SYNTH,2026-09-05T00:00:00+08:00,0.86,synthetic,not_applicable,,team_generated,false,dev
KC-RES-0283,learning_resource,需求分析实践项目-163,围绕需求分析完成可运行成果、说明文档和复盘。 难度为intermediate，预计9小时，先修能力建议不低于50分。,需求分析实践项目-163|synthetic_project|intermediate,resource,RES-0283,1.1.0,synthetic,true,SRC-SYNTH,2026-09-05T00:00:00+08:00,0.86,synthetic,not_applicable,,team_generated,false,dev
KC-RES-0284,learning_resource,用户研究实践项目-164,围绕用户研究完成可运行成果、说明文档和复盘。 难度为advanced，预计10小时，先修能力建议不低于70分。,用户研究实践项目-164|synthetic_project|advanced,resource,RES-0284,1.1.0,synthetic,true,SRC-SYNTH,2026-09-05T00:00:00+08:00,0.86,synthetic,not_applicable,,team_generated,false,dev
KC-RES-0285,learning_resource,指标设计实践项目-165,围绕指标设计完成可运行成果、说明文档和复盘。 难度为beginner，预计11小时，先修能力建议不低于20分。,指标设计实践项目-165|synthetic_project|beginner,resource,RES-0285,1.1.0,synthetic,true,SRC-SYNTH,2026-09-05T00:00:00+08:00,0.86,synthetic,not_applicable,,team_generated,false,dev
KC-RES-0286,learning_resource,业务理解实践项目-166,围绕业务理解完成可运行成果、说明文档和复盘。 难度为intermediate，预计12小时，先修能力建议不低于50分。,业务理解实践项目-166|synthetic_project|intermediate,resource,RES-0286,1.1.0,synthetic,true,SRC-SYNTH,2026-09-05T00:00:00+08:00,0.86,synthetic,not_applicable,,team_generated,false,dev
KC-RES-0287,learning_resource,创新与方案比较实践项目-167,围绕创新与方案比较完成可运行成果、说明文档和复盘。 难度为advanced，预计13小时，先修能力建议不低于70分。,创新与方案比较实践项目-167|synthetic_project|advanced,resource,RES-0287,1.1.0,synthetic,true,SRC-SYNTH,2026-09-05T00:00:00+08:00,0.86,synthetic,not_applicable,,team_generated,false,dev
KC-RES-0288,learning_resource,书面沟通实践项目-168,围绕书面沟通完成可运行成果、说明文档和复盘。 难度为beginner，预计14小时，先修能力建议不低于20分。,书面沟通实践项目-168|synthetic_project|beginner,resource,RES-0288,1.1.0,synthetic,true,SRC-SYNTH,2026-09-05T00:00:00+08:00,0.86,synthetic,not_applicable,,team_generated,false,dev
KC-RES-0289,learning_resource,表达与汇报实践项目-169,围绕表达与汇报完成可运行成果、说明文档和复盘。 难度为intermediate，预计15小时，先修能力建议不低于50分。,表达与汇报实践项目-169|synthetic_project|intermediate,resource,RES-0289,1.1.0,synthetic,true,SRC-SYNTH,2026-09-05T00:00:00+08:00,0.86,synthetic,not_applicable,,team_generated,false,dev
KC-RES-0290,learning_resource,跨岗位沟通实践项目-170,围绕跨岗位沟通完成可运行成果、说明文档和复盘。 难度为advanced，预计16小时，先修能力建议不低于70分。,跨岗位沟通实践项目-170|synthetic_project|advanced,resource,RES-0290,1.1.0,synthetic,true,SRC-SYNTH,2026-09-05T00:00:00+08:00,0.86,synthetic,not_applicable,,team_generated,false,dev
KC-RES-0291,learning_resource,远程协作实践项目-171,围绕远程协作完成可运行成果、说明文档和复盘。 难度为beginner，预计17小时，先修能力建议不低于20分。,远程协作实践项目-171|synthetic_project|beginner,resource,RES-0291,1.1.0,synthetic,true,SRC-SYNTH,2026-09-05T00:00:00+08:00,0.86,synthetic,not_applicable,,team_generated,false,dev
KC-RES-0292,learning_resource,团队协作实践项目-172,围绕团队协作完成可运行成果、说明文档和复盘。 难度为intermediate，预计18小时，先修能力建议不低于50分。,团队协作实践项目-172|synthetic_project|intermediate,resource,RES-0292,1.1.0,synthetic,true,SRC-SYNTH,2026-09-05T00:00:00+08:00,0.86,synthetic,not_applicable,,team_generated,false,dev
KC-RES-0293,learning_resource,时间管理实践项目-173,围绕时间管理完成可运行成果、说明文档和复盘。 难度为advanced，预计19小时，先修能力建议不低于70分。,时间管理实践项目-173|synthetic_project|advanced,resource,RES-0293,1.1.0,synthetic,true,SRC-SYNTH,2026-09-05T00:00:00+08:00,0.86,synthetic,not_applicable,,team_generated,false,dev
KC-RES-0294,learning_resource,职业伦理与隐私实践项目-174,围绕职业伦理与隐私完成可运行成果、说明文档和复盘。 难度为beginner，预计20小时，先修能力建议不低于20分。,职业伦理与隐私实践项目-174|synthetic_project|beginner,resource,RES-0294,1.1.0,synthetic,true,SRC-SYNTH,2026-09-05T00:00:00+08:00,0.86,synthetic,not_applicable,,team_generated,false,dev
KC-RES-0295,learning_resource,自主学习实践项目-175,围绕自主学习完成可运行成果、说明文档和复盘。 难度为intermediate，预计21小时，先修能力建议不低于50分。,自主学习实践项目-175|synthetic_project|intermediate,resource,RES-0295,1.1.0,synthetic,true,SRC-SYNTH,2026-09-05T00:00:00+08:00,0.86,synthetic,not_applicable,,team_generated,false,dev
KC-RES-0296,learning_resource,知识管理实践项目-176,围绕知识管理完成可运行成果、说明文档和复盘。 难度为advanced，预计22小时，先修能力建议不低于70分。,知识管理实践项目-176|synthetic_project|advanced,resource,RES-0296,1.1.0,synthetic,true,SRC-SYNTH,2026-09-05T00:00:00+08:00,0.86,synthetic,not_applicable,,team_generated,false,dev
KC-RES-0297,learning_resource,项目规划实践项目-177,围绕项目规划完成可运行成果、说明文档和复盘。 难度为beginner，预计23小时，先修能力建议不低于20分。,项目规划实践项目-177|synthetic_project|beginner,resource,RES-0297,1.1.0,synthetic,true,SRC-SYNTH,2026-09-05T00:00:00+08:00,0.86,synthetic,not_applicable,,team_generated,false,dev
KC-RES-0298,learning_resource,项目交付实践项目-178,围绕项目交付完成可运行成果、说明文档和复盘。 难度为intermediate，预计24小时，先修能力建议不低于50分。,项目交付实践项目-178|synthetic_project|intermediate,resource,RES-0298,1.1.0,synthetic,true,SRC-SYNTH,2026-09-05T00:00:00+08:00,0.86,synthetic,not_applicable,,team_generated,false,dev
KC-RES-0299,learning_resource,复盘与反馈实践项目-179,围绕复盘与反馈完成可运行成果、说明文档和复盘。 难度为advanced，预计25小时，先修能力建议不低于70分。,复盘与反馈实践项目-179|synthetic_project|advanced,resource,RES-0299,1.1.0,synthetic,true,SRC-SYNTH,2026-09-05T00:00:00+08:00,0.86,synthetic,not_applicable,,team_generated,false,dev
KC-RES-0300,learning_resource,职业探索实践项目-180,围绕职业探索完成可运行成果、说明文档和复盘。 难度为beginner，预计26小时，先修能力建议不低于20分。,职业探索实践项目-180|synthetic_project|beginner,resource,RES-0300,1.1.0,synthetic,true,SRC-SYNTH,2026-09-05T00:00:00+08:00,0.86,synthetic,not_applicable,,team_generated,false,dev
