job_id,role_id,title,industry,city,work_mode,experience_level,education_level,employment_type,salary_min_cny_month,salary_max_cny_month,summary,display_disclaimer,claim_level,data_split
JOB-AI-ALG-0001,ROLE-AI-ALG,AI算法工程师（实习/校招）,智能制造,上海,hybrid,campus,bachelor_or_equivalent,full_time,12000,16000,参与AI算法工程师相关项目，重点使用数据结构与算法、数据清洗、统计学基础、线性代数、微积分与优化、机器学习；岗位、企业和薪资均为演示数据。,模拟岗位/演示数据，不代表真实招聘机会,synthetic,dev
JOB-AI-ALG-0002,ROLE-AI-ALG,AI算法工程师（实习/校招）,教育科技,北京,remote,campus,bachelor_or_equivalent,internship,12000,16000,参与AI算法工程师相关项目，重点使用数据清洗、统计学基础、线性代数、微积分与优化、机器学习、特征工程；岗位、企业和薪资均为演示数据。,模拟岗位/演示数据，不代表真实招聘机会,synthetic,dev
JOB-AI-ALG-0003,ROLE-AI-ALG,AI算法工程师（实习/校招）,零售科技,深圳,onsite,campus,bachelor_or_equivalent,full_time,12000,16000,参与AI算法工程师相关项目，重点使用统计学基础、线性代数、微积分与优化、机器学习、特征工程、模型评估；岗位、企业和薪资均为演示数据。,模拟岗位/演示数据，不代表真实招聘机会,synthetic,dev
JOB-AI-ALG-0004,ROLE-AI-ALG,AI算法工程师（实习/校招）,金融科技,南京,hybrid,campus,bachelor_or_equivalent,internship,10500,14500,参与AI算法工程师相关项目，重点使用线性代数、微积分与优化、机器学习、特征工程、模型评估、深度学习；岗位、企业和薪资均为演示数据。,模拟岗位/演示数据，不代表真实招聘机会,synthetic,dev
JOB-AI-ALG-0005,ROLE-AI-ALG,AI算法工程师（实习/校招）,医疗信息化,成都,remote,campus,bachelor_or_equivalent,full_time,9500,13500,参与AI算法工程师相关项目，重点使用微积分与优化、机器学习、特征工程、模型评估、深度学习、自然语言处理；岗位、企业和薪资均为演示数据。,模拟岗位/演示数据，不代表真实招聘机会,synthetic,dev
JOB-AI-ALG-0006,ROLE-AI-ALG,AI算法工程师（实习/校招）,物流科技,武汉,onsite,campus,bachelor_or_equivalent,internship,9500,13500,参与AI算法工程师相关项目，重点使用机器学习、特征工程、模型评估、深度学习、自然语言处理、模型调优；岗位、企业和薪资均为演示数据。,模拟岗位/演示数据，不代表真实招聘机会,synthetic,dev
JOB-AI-ALG-0007,ROLE-AI-ALG,AI算法工程师（实习/校招）,内容平台,西安,hybrid,campus,bachelor_or_equivalent,full_time,9000,13000,参与AI算法工程师相关项目，重点使用特征工程、模型评估、深度学习、自然语言处理、模型调优、大模型基础；岗位、企业和薪资均为演示数据。,模拟岗位/演示数据，不代表真实招聘机会,synthetic,dev
JOB-AI-ALG-0008,ROLE-AI-ALG,AI算法工程师（实习/校招）,企业服务,杭州,remote,campus,bachelor_or_equivalent,internship,11500,15500,参与AI算法工程师相关项目，重点使用模型评估、深度学习、自然语言处理、模型调优、大模型基础、Git版本控制；岗位、企业和薪资均为演示数据。,模拟岗位/演示数据，不代表真实招聘机会,synthetic,dev
JOB-AI-ALG-0009,ROLE-AI-ALG,AI算法工程师（实习/校招）,智能制造,上海,onsite,campus,bachelor_or_equivalent,full_time,12000,16000,参与AI算法工程师相关项目，重点使用深度学习、自然语言处理、模型调优、大模型基础、Git版本控制、Docker容器；岗位、企业和薪资均为演示数据。,模拟岗位/演示数据，不代表真实招聘机会,synthetic,dev
JOB-AI-ALG-0010,ROLE-AI-ALG,AI算法工程师（实习/校招）,教育科技,北京,hybrid,campus,bachelor_or_equivalent,internship,12000,16000,参与AI算法工程师相关项目，重点使用自然语言处理、模型调优、大模型基础、Git版本控制、Docker容器、书面沟通；岗位、企业和薪资均为演示数据。,模拟岗位/演示数据，不代表真实招聘机会,synthetic,dev
JOB-AI-ALG-0011,ROLE-AI-ALG,AI算法工程师（实习/校招）,零售科技,深圳,remote,campus,bachelor_or_equivalent,full_time,12000,16000,参与AI算法工程师相关项目，重点使用模型调优、大模型基础、Git版本控制、Docker容器、书面沟通、项目交付；岗位、企业和薪资均为演示数据。,模拟岗位/演示数据，不代表真实招聘机会,synthetic,dev
JOB-AI-ALG-0012,ROLE-AI-ALG,AI算法工程师（实习/校招）,金融科技,南京,onsite,campus,bachelor_or_equivalent,internship,10500,14500,参与AI算法工程师相关项目，重点使用大模型基础、Git版本控制、Docker容器、书面沟通、项目交付、职业伦理与隐私；岗位、企业和薪资均为演示数据。,模拟岗位/演示数据，不代表真实招聘机会,synthetic,dev
JOB-AI-ALG-0013,ROLE-AI-ALG,AI算法工程师（实习/校招）,医疗信息化,成都,hybrid,campus,bachelor_or_equivalent,full_time,9500,13500,参与AI算法工程师相关项目，重点使用Git版本控制、Docker容器、书面沟通、项目交付、职业伦理与隐私、Python编程；岗位、企业和薪资均为演示数据。,模拟岗位/演示数据，不代表真实招聘机会,synthetic,dev
JOB-AI-ALG-0014,ROLE-AI-ALG,AI算法工程师（实习/校招）,物流科技,武汉,remote,campus,bachelor_or_equivalent,internship,9500,13500,参与AI算法工程师相关项目，重点使用Docker容器、书面沟通、项目交付、职业伦理与隐私、Python编程、数据结构与算法；岗位、企业和薪资均为演示数据。,模拟岗位/演示数据，不代表真实招聘机会,synthetic,dev
JOB-AI-ALG-0015,ROLE-AI-ALG,AI算法工程师（实习/校招）,内容平台,西安,onsite,campus,bachelor_or_equivalent,full_time,9000,13000,参与AI算法工程师相关项目，重点使用书面沟通、项目交付、职业伦理与隐私、Python编程、数据结构与算法、数据清洗；岗位、企业和薪资均为演示数据。,模拟岗位/演示数据，不代表真实招聘机会,synthetic,dev
JOB-AI-ALG-0016,ROLE-AI-ALG,AI算法工程师（实习/校招）,企业服务,杭州,hybrid,campus,bachelor_or_equivalent,internship,11500,15500,参与AI算法工程师相关项目，重点使用项目交付、职业伦理与隐私、Python编程、数据结构与算法、数据清洗、统计学基础；岗位、企业和薪资均为演示数据。,模拟岗位/演示数据，不代表真实招聘机会,synthetic,dev
JOB-AI-ALG-0017,ROLE-AI-ALG,AI算法工程师（实习/校招）,智能制造,上海,remote,campus,bachelor_or_equivalent,full_time,12000,16000,参与AI算法工程师相关项目，重点使用职业伦理与隐私、Python编程、数据结构与算法、数据清洗、统计学基础、线性代数；岗位、企业和薪资均为演示数据。,模拟岗位/演示数据，不代表真实招聘机会,synthetic,dev
JOB-AI-ALG-0018,ROLE-AI-ALG,AI算法工程师（实习/校招）,教育科技,北京,onsite,campus,bachelor_or_equivalent,internship,12000,16000,参与AI算法工程师相关项目，重点使用Python编程、数据结构与算法、数据清洗、统计学基础、线性代数、微积分与优化；岗位、企业和薪资均为演示数据。,模拟岗位/演示数据，不代表真实招聘机会,synthetic,dev
JOB-AI-ALG-0019,ROLE-AI-ALG,AI算法工程师（实习/校招）,零售科技,深圳,hybrid,campus,bachelor_or_equivalent,full_time,12000,16000,参与AI算法工程师相关项目，重点使用数据结构与算法、数据清洗、统计学基础、线性代数、微积分与优化、机器学习；岗位、企业和薪资均为演示数据。,模拟岗位/演示数据，不代表真实招聘机会,synthetic,dev
JOB-AI-ALG-0020,ROLE-AI-ALG,AI算法工程师（实习/校招）,金融科技,南京,remote,campus,bachelor_or_equivalent,internship,10500,14500,参与AI算法工程师相关项目，重点使用数据清洗、统计学基础、线性代数、微积分与优化、机器学习、特征工程；岗位、企业和薪资均为演示数据。,模拟岗位/演示数据，不代表真实招聘机会,synthetic,dev
JOB-AI-ALG-0021,ROLE-AI-ALG,AI算法工程师（实习/校招）,医疗信息化,成都,onsite,campus,bachelor_or_equivalent,full_time,9500,13500,参与AI算法工程师相关项目，重点使用统计学基础、线性代数、微积分与优化、机器学习、特征工程、模型评估；岗位、企业和薪资均为演示数据。,模拟岗位/演示数据，不代表真实招聘机会,synthetic,dev
JOB-AI-ALG-0022,ROLE-AI-ALG,AI算法工程师（实习/校招）,物流科技,武汉,hybrid,campus,bachelor_or_equivalent,internship,9500,13500,参与AI算法工程师相关项目，重点使用线性代数、微积分与优化、机器学习、特征工程、模型评估、深度学习；岗位、企业和薪资均为演示数据。,模拟岗位/演示数据，不代表真实招聘机会,synthetic,dev
JOB-AI-ALG-0023,ROLE-AI-ALG,AI算法工程师（实习/校招）,内容平台,西安,remote,campus,bachelor_or_equivalent,full_time,9000,13000,参与AI算法工程师相关项目，重点使用微积分与优化、机器学习、特征工程、模型评估、深度学习、自然语言处理；岗位、企业和薪资均为演示数据。,模拟岗位/演示数据，不代表真实招聘机会,synthetic,dev
JOB-AI-ALG-0024,ROLE-AI-ALG,AI算法工程师（实习/校招）,企业服务,杭州,onsite,campus,bachelor_or_equivalent,internship,11500,15500,参与AI算法工程师相关项目，重点使用机器学习、特征工程、模型评估、深度学习、自然语言处理、模型调优；岗位、企业和薪资均为演示数据。,模拟岗位/演示数据，不代表真实招聘机会,synthetic,dev
JOB-AI-ALG-0025,ROLE-AI-ALG,AI算法工程师（实习/校招）,智能制造,上海,hybrid,campus,bachelor_or_equivalent,full_time,12000,16000,参与AI算法工程师相关项目，重点使用特征工程、模型评估、深度学习、自然语言处理、模型调优、大模型基础；岗位、企业和薪资均为演示数据。,模拟岗位/演示数据，不代表真实招聘机会,synthetic,dev
JOB-AI-ALG-0026,ROLE-AI-ALG,AI算法工程师（实习/校招）,教育科技,北京,remote,campus,bachelor_or_equivalent,internship,12000,16000,参与AI算法工程师相关项目，重点使用模型评估、深度学习、自然语言处理、模型调优、大模型基础、Git版本控制；岗位、企业和薪资均为演示数据。,模拟岗位/演示数据，不代表真实招聘机会,synthetic,dev
JOB-AI-ALG-0027,ROLE-AI-ALG,AI算法工程师（实习/校招）,零售科技,深圳,onsite,campus,bachelor_or_equivalent,full_time,12000,16000,参与AI算法工程师相关项目，重点使用深度学习、自然语言处理、模型调优、大模型基础、Git版本控制、Docker容器；岗位、企业和薪资均为演示数据。,模拟岗位/演示数据，不代表真实招聘机会,synthetic,dev
JOB-AI-ALG-0028,ROLE-AI-ALG,AI算法工程师（实习/校招）,金融科技,南京,hybrid,campus,bachelor_or_equivalent,internship,10500,14500,参与AI算法工程师相关项目，重点使用自然语言处理、模型调优、大模型基础、Git版本控制、Docker容器、书面沟通；岗位、企业和薪资均为演示数据。,模拟岗位/演示数据，不代表真实招聘机会,synthetic,dev
JOB-AI-ALG-0029,ROLE-AI-ALG,AI算法工程师（实习/校招）,医疗信息化,成都,remote,campus,bachelor_or_equivalent,full_time,9500,13500,参与AI算法工程师相关项目，重点使用模型调优、大模型基础、Git版本控制、Docker容器、书面沟通、项目交付；岗位、企业和薪资均为演示数据。,模拟岗位/演示数据，不代表真实招聘机会,synthetic,dev
JOB-AI-ALG-0030,ROLE-AI-ALG,AI算法工程师（实习/校招）,物流科技,武汉,onsite,campus,bachelor_or_equivalent,internship,9500,13500,参与AI算法工程师相关项目，重点使用大模型基础、Git版本控制、Docker容器、书面沟通、项目交付、职业伦理与隐私；岗位、企业和薪资均为演示数据。,模拟岗位/演示数据，不代表真实招聘机会,synthetic,dev
JOB-AI-ALG-0031,ROLE-AI-ALG,AI算法工程师（实习/校招）,内容平台,西安,hybrid,campus,bachelor_or_equivalent,full_time,9000,13000,参与AI算法工程师相关项目，重点使用Git版本控制、Docker容器、书面沟通、项目交付、职业伦理与隐私、Python编程；岗位、企业和薪资均为演示数据。,模拟岗位/演示数据，不代表真实招聘机会,synthetic,dev
JOB-AI-ALG-0032,ROLE-AI-ALG,AI算法工程师（实习/校招）,企业服务,杭州,remote,campus,bachelor_or_equivalent,internship,11500,15500,参与AI算法工程师相关项目，重点使用Docker容器、书面沟通、项目交付、职业伦理与隐私、Python编程、数据结构与算法；岗位、企业和薪资均为演示数据。,模拟岗位/演示数据，不代表真实招聘机会,synthetic,dev
JOB-AI-ALG-0033,ROLE-AI-ALG,AI算法工程师（实习/校招）,智能制造,上海,onsite,campus,bachelor_or_equivalent,full_time,12000,16000,参与AI算法工程师相关项目，重点使用书面沟通、项目交付、职业伦理与隐私、Python编程、数据结构与算法、数据清洗；岗位、企业和薪资均为演示数据。,模拟岗位/演示数据，不代表真实招聘机会,synthetic,dev
JOB-AI-ALG-0034,ROLE-AI-ALG,AI算法工程师（实习/校招）,教育科技,北京,hybrid,campus,bachelor_or_equivalent,internship,12000,16000,参与AI算法工程师相关项目，重点使用项目交付、职业伦理与隐私、Python编程、数据结构与算法、数据清洗、统计学基础；岗位、企业和薪资均为演示数据。,模拟岗位/演示数据，不代表真实招聘机会,synthetic,dev
JOB-AI-ALG-0035,ROLE-AI-ALG,AI算法工程师（实习/校招）,零售科技,深圳,remote,campus,bachelor_or_equivalent,full_time,12000,16000,参与AI算法工程师相关项目，重点使用职业伦理与隐私、Python编程、数据结构与算法、数据清洗、统计学基础、线性代数；岗位、企业和薪资均为演示数据。,模拟岗位/演示数据，不代表真实招聘机会,synthetic,dev
JOB-AI-ALG-0036,ROLE-AI-ALG,AI算法工程师（实习/校招）,金融科技,南京,onsite,campus,bachelor_or_equivalent,internship,10500,14500,参与AI算法工程师相关项目，重点使用Python编程、数据结构与算法、数据清洗、统计学基础、线性代数、微积分与优化；岗位、企业和薪资均为演示数据。,模拟岗位/演示数据，不代表真实招聘机会,synthetic,dev
JOB-AI-ALG-0037,ROLE-AI-ALG,AI算法工程师（实习/校招）,医疗信息化,成都,hybrid,campus,bachelor_or_equivalent,full_time,9500,13500,参与AI算法工程师相关项目，重点使用数据结构与算法、数据清洗、统计学基础、线性代数、微积分与优化、机器学习；岗位、企业和薪资均为演示数据。,模拟岗位/演示数据，不代表真实招聘机会,synthetic,dev
JOB-AI-ALG-0038,ROLE-AI-ALG,AI算法工程师（实习/校招）,物流科技,武汉,remote,campus,bachelor_or_equivalent,internship,9500,13500,参与AI算法工程师相关项目，重点使用数据清洗、统计学基础、线性代数、微积分与优化、机器学习、特征工程；岗位、企业和薪资均为演示数据。,模拟岗位/演示数据，不代表真实招聘机会,synthetic,dev
JOB-AI-ALG-0039,ROLE-AI-ALG,AI算法工程师（实习/校招）,内容平台,西安,onsite,campus,bachelor_or_equivalent,full_time,9000,13000,参与AI算法工程师相关项目，重点使用统计学基础、线性代数、微积分与优化、机器学习、特征工程、模型评估；岗位、企业和薪资均为演示数据。,模拟岗位/演示数据，不代表真实招聘机会,synthetic,dev
JOB-AI-ALG-0040,ROLE-AI-ALG,AI算法工程师（实习/校招）,企业服务,杭州,hybrid,campus,bachelor_or_equivalent,internship,11500,15500,参与AI算法工程师相关项目，重点使用线性代数、微积分与优化、机器学习、特征工程、模型评估、深度学习；岗位、企业和薪资均为演示数据。,模拟岗位/演示数据，不代表真实招聘机会,synthetic,dev
JOB-AI-ALG-0041,ROLE-AI-ALG,AI算法工程师（实习/校招）,智能制造,上海,remote,campus,bachelor_or_equivalent,full_time,12000,16000,参与AI算法工程师相关项目，重点使用微积分与优化、机器学习、特征工程、模型评估、深度学习、自然语言处理；岗位、企业和薪资均为演示数据。,模拟岗位/演示数据，不代表真实招聘机会,synthetic,dev
JOB-AI-ALG-0042,ROLE-AI-ALG,AI算法工程师（实习/校招）,教育科技,北京,onsite,campus,bachelor_or_equivalent,internship,12000,16000,参与AI算法工程师相关项目，重点使用机器学习、特征工程、模型评估、深度学习、自然语言处理、模型调优；岗位、企业和薪资均为演示数据。,模拟岗位/演示数据，不代表真实招聘机会,synthetic,dev
JOB-AI-ALG-0043,ROLE-AI-ALG,AI算法工程师（实习/校招）,零售科技,深圳,hybrid,campus,bachelor_or_equivalent,full_time,12000,16000,参与AI算法工程师相关项目，重点使用特征工程、模型评估、深度学习、自然语言处理、模型调优、大模型基础；岗位、企业和薪资均为演示数据。,模拟岗位/演示数据，不代表真实招聘机会,synthetic,dev
JOB-AI-ALG-0044,ROLE-AI-ALG,AI算法工程师（实习/校招）,金融科技,南京,remote,campus,bachelor_or_equivalent,internship,10500,14500,参与AI算法工程师相关项目，重点使用模型评估、深度学习、自然语言处理、模型调优、大模型基础、Git版本控制；岗位、企业和薪资均为演示数据。,模拟岗位/演示数据，不代表真实招聘机会,synthetic,dev
JOB-AI-ALG-0045,ROLE-AI-ALG,AI算法工程师（实习/校招）,医疗信息化,成都,onsite,campus,bachelor_or_equivalent,full_time,9500,13500,参与AI算法工程师相关项目，重点使用深度学习、自然语言处理、模型调优、大模型基础、Git版本控制、Docker容器；岗位、企业和薪资均为演示数据。,模拟岗位/演示数据，不代表真实招聘机会,synthetic,dev
JOB-AI-ALG-0046,ROLE-AI-ALG,AI算法工程师（实习/校招）,物流科技,武汉,hybrid,campus,bachelor_or_equivalent,internship,9500,13500,参与AI算法工程师相关项目，重点使用自然语言处理、模型调优、大模型基础、Git版本控制、Docker容器、书面沟通；岗位、企业和薪资均为演示数据。,模拟岗位/演示数据，不代表真实招聘机会,synthetic,dev
JOB-AI-ALG-0047,ROLE-AI-ALG,AI算法工程师（实习/校招）,内容平台,西安,remote,campus,bachelor_or_equivalent,full_time,9000,13000,参与AI算法工程师相关项目，重点使用模型调优、大模型基础、Git版本控制、Docker容器、书面沟通、项目交付；岗位、企业和薪资均为演示数据。,模拟岗位/演示数据，不代表真实招聘机会,synthetic,dev
JOB-AI-ALG-0048,ROLE-AI-ALG,AI算法工程师（实习/校招）,企业服务,杭州,onsite,campus,bachelor_or_equivalent,internship,11500,15500,参与AI算法工程师相关项目，重点使用大模型基础、Git版本控制、Docker容器、书面沟通、项目交付、职业伦理与隐私；岗位、企业和薪资均为演示数据。,模拟岗位/演示数据，不代表真实招聘机会,synthetic,dev
JOB-AI-ALG-0049,ROLE-AI-ALG,AI算法工程师（实习/校招）,智能制造,上海,hybrid,campus,bachelor_or_equivalent,full_time,12000,16000,参与AI算法工程师相关项目，重点使用Git版本控制、Docker容器、书面沟通、项目交付、职业伦理与隐私、Python编程；岗位、企业和薪资均为演示数据。,模拟岗位/演示数据，不代表真实招聘机会,synthetic,dev
JOB-AI-ALG-0050,ROLE-AI-ALG,AI算法工程师（实习/校招）,教育科技,北京,remote,campus,bachelor_or_equivalent,internship,12000,16000,参与AI算法工程师相关项目，重点使用Docker容器、书面沟通、项目交付、职业伦理与隐私、Python编程、数据结构与算法；岗位、企业和薪资均为演示数据。,模拟岗位/演示数据，不代表真实招聘机会,synthetic,dev
JOB-AI-ALG-0051,ROLE-AI-ALG,AI算法工程师（实习/校招）,零售科技,深圳,onsite,campus,bachelor_or_equivalent,full_time,12000,16000,参与AI算法工程师相关项目，重点使用书面沟通、项目交付、职业伦理与隐私、Python编程、数据结构与算法、数据清洗；岗位、企业和薪资均为演示数据。,模拟岗位/演示数据，不代表真实招聘机会,synthetic,dev
JOB-AI-ALG-0052,ROLE-AI-ALG,AI算法工程师（实习/校招）,金融科技,南京,hybrid,campus,bachelor_or_equivalent,internship,10500,14500,参与AI算法工程师相关项目，重点使用项目交付、职业伦理与隐私、Python编程、数据结构与算法、数据清洗、统计学基础；岗位、企业和薪资均为演示数据。,模拟岗位/演示数据，不代表真实招聘机会,synthetic,dev
JOB-AI-ALG-0053,ROLE-AI-ALG,AI算法工程师（实习/校招）,医疗信息化,成都,remote,campus,bachelor_or_equivalent,full_time,9500,13500,参与AI算法工程师相关项目，重点使用职业伦理与隐私、Python编程、数据结构与算法、数据清洗、统计学基础、线性代数；岗位、企业和薪资均为演示数据。,模拟岗位/演示数据，不代表真实招聘机会,synthetic,dev
JOB-AI-ALG-0054,ROLE-AI-ALG,AI算法工程师（实习/校招）,物流科技,武汉,onsite,campus,bachelor_or_equivalent,internship,9500,13500,参与AI算法工程师相关项目，重点使用Python编程、数据结构与算法、数据清洗、统计学基础、线性代数、微积分与优化；岗位、企业和薪资均为演示数据。,模拟岗位/演示数据，不代表真实招聘机会,synthetic,dev
JOB-AI-ALG-0055,ROLE-AI-ALG,AI算法工程师（实习/校招）,内容平台,西安,hybrid,campus,bachelor_or_equivalent,full_time,9000,13000,参与AI算法工程师相关项目，重点使用数据结构与算法、数据清洗、统计学基础、线性代数、微积分与优化、机器学习；岗位、企业和薪资均为演示数据。,模拟岗位/演示数据，不代表真实招聘机会,synthetic,dev
JOB-AI-ALG-0056,ROLE-AI-ALG,AI算法工程师（实习/校招）,企业服务,杭州,remote,campus,bachelor_or_equivalent,internship,11500,15500,参与AI算法工程师相关项目，重点使用数据清洗、统计学基础、线性代数、微积分与优化、机器学习、特征工程；岗位、企业和薪资均为演示数据。,模拟岗位/演示数据，不代表真实招聘机会,synthetic,dev
JOB-AI-ALG-0057,ROLE-AI-ALG,AI算法工程师（实习/校招）,智能制造,上海,onsite,campus,bachelor_or_equivalent,full_time,12000,16000,参与AI算法工程师相关项目，重点使用统计学基础、线性代数、微积分与优化、机器学习、特征工程、模型评估；岗位、企业和薪资均为演示数据。,模拟岗位/演示数据，不代表真实招聘机会,synthetic,dev
JOB-AI-ALG-0058,ROLE-AI-ALG,AI算法工程师（实习/校招）,教育科技,北京,hybrid,campus,bachelor_or_equivalent,internship,12000,16000,参与AI算法工程师相关项目，重点使用线性代数、微积分与优化、机器学习、特征工程、模型评估、深度学习；岗位、企业和薪资均为演示数据。,模拟岗位/演示数据，不代表真实招聘机会,synthetic,dev
JOB-AI-ALG-0059,ROLE-AI-ALG,AI算法工程师（实习/校招）,零售科技,深圳,remote,campus,bachelor_or_equivalent,full_time,12000,16000,参与AI算法工程师相关项目，重点使用微积分与优化、机器学习、特征工程、模型评估、深度学习、自然语言处理；岗位、企业和薪资均为演示数据。,模拟岗位/演示数据，不代表真实招聘机会,synthetic,dev
JOB-AI-ALG-0060,ROLE-AI-ALG,AI算法工程师（实习/校招）,金融科技,南京,onsite,campus,bachelor_or_equivalent,internship,10500,14500,参与AI算法工程师相关项目，重点使用机器学习、特征工程、模型评估、深度学习、自然语言处理、模型调优；岗位、企业和薪资均为演示数据。,模拟岗位/演示数据，不代表真实招聘机会,synthetic,dev
JOB-AI-ALG-0061,ROLE-AI-ALG,AI算法工程师（实习/校招）,医疗信息化,成都,hybrid,campus,bachelor_or_equivalent,full_time,9500,13500,参与AI算法工程师相关项目，重点使用特征工程、模型评估、深度学习、自然语言处理、模型调优、大模型基础；岗位、企业和薪资均为演示数据。,模拟岗位/演示数据，不代表真实招聘机会,synthetic,dev
JOB-AI-ALG-0062,ROLE-AI-ALG,AI算法工程师（实习/校招）,物流科技,武汉,remote,campus,bachelor_or_equivalent,internship,9500,13500,参与AI算法工程师相关项目，重点使用模型评估、深度学习、自然语言处理、模型调优、大模型基础、Git版本控制；岗位、企业和薪资均为演示数据。,模拟岗位/演示数据，不代表真实招聘机会,synthetic,dev
JOB-AI-ALG-0063,ROLE-AI-ALG,AI算法工程师（实习/校招）,内容平台,西安,onsite,campus,bachelor_or_equivalent,full_time,9000,13000,参与AI算法工程师相关项目，重点使用深度学习、自然语言处理、模型调优、大模型基础、Git版本控制、Docker容器；岗位、企业和薪资均为演示数据。,模拟岗位/演示数据，不代表真实招聘机会,synthetic,dev
JOB-AI-ALG-0064,ROLE-AI-ALG,AI算法工程师（实习/校招）,企业服务,杭州,hybrid,campus,bachelor_or_equivalent,internship,11500,15500,参与AI算法工程师相关项目，重点使用自然语言处理、模型调优、大模型基础、Git版本控制、Docker容器、书面沟通；岗位、企业和薪资均为演示数据。,模拟岗位/演示数据，不代表真实招聘机会,synthetic,dev
JOB-AI-ALG-0065,ROLE-AI-ALG,AI算法工程师（实习/校招）,智能制造,上海,remote,campus,bachelor_or_equivalent,full_time,12000,16000,参与AI算法工程师相关项目，重点使用模型调优、大模型基础、Git版本控制、Docker容器、书面沟通、项目交付；岗位、企业和薪资均为演示数据。,模拟岗位/演示数据，不代表真实招聘机会,synthetic,dev
JOB-AI-ALG-0066,ROLE-AI-ALG,AI算法工程师（实习/校招）,教育科技,北京,onsite,campus,bachelor_or_equivalent,internship,12000,16000,参与AI算法工程师相关项目，重点使用大模型基础、Git版本控制、Docker容器、书面沟通、项目交付、职业伦理与隐私；岗位、企业和薪资均为演示数据。,模拟岗位/演示数据，不代表真实招聘机会,synthetic,dev
JOB-AI-ALG-0067,ROLE-AI-ALG,AI算法工程师（实习/校招）,零售科技,深圳,hybrid,campus,bachelor_or_equivalent,full_time,12000,16000,参与AI算法工程师相关项目，重点使用Git版本控制、Docker容器、书面沟通、项目交付、职业伦理与隐私、Python编程；岗位、企业和薪资均为演示数据。,模拟岗位/演示数据，不代表真实招聘机会,synthetic,dev
JOB-AI-ALG-0068,ROLE-AI-ALG,AI算法工程师（实习/校招）,金融科技,南京,remote,campus,bachelor_or_equivalent,internship,10500,14500,参与AI算法工程师相关项目，重点使用Docker容器、书面沟通、项目交付、职业伦理与隐私、Python编程、数据结构与算法；岗位、企业和薪资均为演示数据。,模拟岗位/演示数据，不代表真实招聘机会,synthetic,dev
JOB-AI-ALG-0069,ROLE-AI-ALG,AI算法工程师（实习/校招）,医疗信息化,成都,onsite,campus,bachelor_or_equivalent,full_time,9500,13500,参与AI算法工程师相关项目，重点使用书面沟通、项目交付、职业伦理与隐私、Python编程、数据结构与算法、数据清洗；岗位、企业和薪资均为演示数据。,模拟岗位/演示数据，不代表真实招聘机会,synthetic,dev
JOB-AI-ALG-0070,ROLE-AI-ALG,AI算法工程师（实习/校招）,物流科技,武汉,hybrid,campus,bachelor_or_equivalent,internship,9500,13500,参与AI算法工程师相关项目，重点使用项目交付、职业伦理与隐私、Python编程、数据结构与算法、数据清洗、统计学基础；岗位、企业和薪资均为演示数据。,模拟岗位/演示数据，不代表真实招聘机会,synthetic,dev
JOB-AI-ALG-0071,ROLE-AI-ALG,AI算法工程师（实习/校招）,内容平台,西安,remote,campus,bachelor_or_equivalent,full_time,9000,13000,参与AI算法工程师相关项目，重点使用职业伦理与隐私、Python编程、数据结构与算法、数据清洗、统计学基础、线性代数；岗位、企业和薪资均为演示数据。,模拟岗位/演示数据，不代表真实招聘机会,synthetic,dev
JOB-AI-ALG-0072,ROLE-AI-ALG,AI算法工程师（实习/校招）,企业服务,杭州,onsite,campus,bachelor_or_equivalent,internship,11500,15500,参与AI算法工程师相关项目，重点使用Python编程、数据结构与算法、数据清洗、统计学基础、线性代数、微积分与优化；岗位、企业和薪资均为演示数据。,模拟岗位/演示数据，不代表真实招聘机会,synthetic,dev
JOB-AI-ALG-0073,ROLE-AI-ALG,AI算法工程师（实习/校招）,智能制造,上海,hybrid,campus,bachelor_or_equivalent,full_time,12000,16000,参与AI算法工程师相关项目，重点使用数据结构与算法、数据清洗、统计学基础、线性代数、微积分与优化、机器学习；岗位、企业和薪资均为演示数据。,模拟岗位/演示数据，不代表真实招聘机会,synthetic,dev
JOB-AI-ALG-0074,ROLE-AI-ALG,AI算法工程师（实习/校招）,教育科技,北京,remote,campus,bachelor_or_equivalent,internship,12000,16000,参与AI算法工程师相关项目，重点使用数据清洗、统计学基础、线性代数、微积分与优化、机器学习、特征工程；岗位、企业和薪资均为演示数据。,模拟岗位/演示数据，不代表真实招聘机会,synthetic,dev
JOB-AI-ALG-0075,ROLE-AI-ALG,AI算法工程师（实习/校招）,零售科技,深圳,onsite,campus,bachelor_or_equivalent,full_time,12000,16000,参与AI算法工程师相关项目，重点使用统计学基础、线性代数、微积分与优化、机器学习、特征工程、模型评估；岗位、企业和薪资均为演示数据。,模拟岗位/演示数据，不代表真实招聘机会,synthetic,dev
JOB-AI-ALG-0076,ROLE-AI-ALG,AI算法工程师（实习/校招）,金融科技,南京,hybrid,campus,bachelor_or_equivalent,internship,10500,14500,参与AI算法工程师相关项目，重点使用线性代数、微积分与优化、机器学习、特征工程、模型评估、深度学习；岗位、企业和薪资均为演示数据。,模拟岗位/演示数据，不代表真实招聘机会,synthetic,dev
JOB-AI-ALG-0077,ROLE-AI-ALG,AI算法工程师（实习/校招）,医疗信息化,成都,remote,campus,bachelor_or_equivalent,full_time,9500,13500,参与AI算法工程师相关项目，重点使用微积分与优化、机器学习、特征工程、模型评估、深度学习、自然语言处理；岗位、企业和薪资均为演示数据。,模拟岗位/演示数据，不代表真实招聘机会,synthetic,dev
JOB-AI-ALG-0078,ROLE-AI-ALG,AI算法工程师（实习/校招）,物流科技,武汉,onsite,campus,bachelor_or_equivalent,internship,9500,13500,参与AI算法工程师相关项目，重点使用机器学习、特征工程、模型评估、深度学习、自然语言处理、模型调优；岗位、企业和薪资均为演示数据。,模拟岗位/演示数据，不代表真实招聘机会,synthetic,dev
JOB-AI-ALG-0079,ROLE-AI-ALG,AI算法工程师（实习/校招）,内容平台,西安,hybrid,campus,bachelor_or_equivalent,full_time,9000,13000,参与AI算法工程师相关项目，重点使用特征工程、模型评估、深度学习、自然语言处理、模型调优、大模型基础；岗位、企业和薪资均为演示数据。,模拟岗位/演示数据，不代表真实招聘机会,synthetic,dev
JOB-AI-ALG-0080,ROLE-AI-ALG,AI算法工程师（实习/校招）,企业服务,杭州,remote,campus,bachelor_or_equivalent,internship,11500,15500,参与AI算法工程师相关项目，重点使用模型评估、深度学习、自然语言处理、模型调优、大模型基础、Git版本控制；岗位、企业和薪资均为演示数据。,模拟岗位/演示数据，不代表真实招聘机会,synthetic,dev
JOB-AI-ALG-0081,ROLE-AI-ALG,AI算法工程师（实习/校招）,智能制造,上海,onsite,campus,bachelor_or_equivalent,full_time,12000,16000,参与AI算法工程师相关项目，重点使用深度学习、自然语言处理、模型调优、大模型基础、Git版本控制、Docker容器；岗位、企业和薪资均为演示数据。,模拟岗位/演示数据，不代表真实招聘机会,synthetic,dev
JOB-AI-ALG-0082,ROLE-AI-ALG,AI算法工程师（实习/校招）,教育科技,北京,hybrid,campus,bachelor_or_equivalent,internship,12000,16000,参与AI算法工程师相关项目，重点使用自然语言处理、模型调优、大模型基础、Git版本控制、Docker容器、书面沟通；岗位、企业和薪资均为演示数据。,模拟岗位/演示数据，不代表真实招聘机会,synthetic,dev
JOB-AI-ALG-0083,ROLE-AI-ALG,AI算法工程师（实习/校招）,零售科技,深圳,remote,campus,bachelor_or_equivalent,full_time,12000,16000,参与AI算法工程师相关项目，重点使用模型调优、大模型基础、Git版本控制、Docker容器、书面沟通、项目交付；岗位、企业和薪资均为演示数据。,模拟岗位/演示数据，不代表真实招聘机会,synthetic,dev
JOB-AI-ALG-0084,ROLE-AI-ALG,AI算法工程师（实习/校招）,金融科技,南京,onsite,campus,bachelor_or_equivalent,internship,10500,14500,参与AI算法工程师相关项目，重点使用大模型基础、Git版本控制、Docker容器、书面沟通、项目交付、职业伦理与隐私；岗位、企业和薪资均为演示数据。,模拟岗位/演示数据，不代表真实招聘机会,synthetic,dev
JOB-AI-ALG-0085,ROLE-AI-ALG,AI算法工程师（实习/校招）,医疗信息化,成都,hybrid,campus,bachelor_or_equivalent,full_time,9500,13500,参与AI算法工程师相关项目，重点使用Git版本控制、Docker容器、书面沟通、项目交付、职业伦理与隐私、Python编程；岗位、企业和薪资均为演示数据。,模拟岗位/演示数据，不代表真实招聘机会,synthetic,dev
JOB-AI-ALG-0086,ROLE-AI-ALG,AI算法工程师（实习/校招）,物流科技,武汉,remote,campus,bachelor_or_equivalent,internship,9500,13500,参与AI算法工程师相关项目，重点使用Docker容器、书面沟通、项目交付、职业伦理与隐私、Python编程、数据结构与算法；岗位、企业和薪资均为演示数据。,模拟岗位/演示数据，不代表真实招聘机会,synthetic,dev
JOB-AI-ALG-0087,ROLE-AI-ALG,AI算法工程师（实习/校招）,内容平台,西安,onsite,campus,bachelor_or_equivalent,full_time,9000,13000,参与AI算法工程师相关项目，重点使用书面沟通、项目交付、职业伦理与隐私、Python编程、数据结构与算法、数据清洗；岗位、企业和薪资均为演示数据。,模拟岗位/演示数据，不代表真实招聘机会,synthetic,dev
JOB-AI-ALG-0088,ROLE-AI-ALG,AI算法工程师（实习/校招）,企业服务,杭州,hybrid,campus,bachelor_or_equivalent,internship,11500,15500,参与AI算法工程师相关项目，重点使用项目交付、职业伦理与隐私、Python编程、数据结构与算法、数据清洗、统计学基础；岗位、企业和薪资均为演示数据。,模拟岗位/演示数据，不代表真实招聘机会,synthetic,dev
JOB-AI-ALG-0089,ROLE-AI-ALG,AI算法工程师（实习/校招）,智能制造,上海,remote,campus,bachelor_or_equivalent,full_time,12000,16000,参与AI算法工程师相关项目，重点使用职业伦理与隐私、Python编程、数据结构与算法、数据清洗、统计学基础、线性代数；岗位、企业和薪资均为演示数据。,模拟岗位/演示数据，不代表真实招聘机会,synthetic,dev
JOB-AI-ALG-0090,ROLE-AI-ALG,AI算法工程师（实习/校招）,教育科技,北京,onsite,campus,bachelor_or_equivalent,internship,12000,16000,参与AI算法工程师相关项目，重点使用Python编程、数据结构与算法、数据清洗、统计学基础、线性代数、微积分与优化；岗位、企业和薪资均为演示数据。,模拟岗位/演示数据，不代表真实招聘机会,synthetic,dev
JOB-AI-ALG-0091,ROLE-AI-ALG,AI算法工程师（实习/校招）,零售科技,深圳,hybrid,campus,bachelor_or_equivalent,full_time,12000,16000,参与AI算法工程师相关项目，重点使用数据结构与算法、数据清洗、统计学基础、线性代数、微积分与优化、机器学习；岗位、企业和薪资均为演示数据。,模拟岗位/演示数据，不代表真实招聘机会,synthetic,dev
JOB-AI-ALG-0092,ROLE-AI-ALG,AI算法工程师（实习/校招）,金融科技,南京,remote,campus,bachelor_or_equivalent,internship,10500,14500,参与AI算法工程师相关项目，重点使用数据清洗、统计学基础、线性代数、微积分与优化、机器学习、特征工程；岗位、企业和薪资均为演示数据。,模拟岗位/演示数据，不代表真实招聘机会,synthetic,dev
JOB-AI-ALG-0093,ROLE-AI-ALG,AI算法工程师（实习/校招）,医疗信息化,成都,onsite,campus,bachelor_or_equivalent,full_time,9500,13500,参与AI算法工程师相关项目，重点使用统计学基础、线性代数、微积分与优化、机器学习、特征工程、模型评估；岗位、企业和薪资均为演示数据。,模拟岗位/演示数据，不代表真实招聘机会,synthetic,dev
JOB-AI-ALG-0094,ROLE-AI-ALG,AI算法工程师（实习/校招）,物流科技,武汉,hybrid,campus,bachelor_or_equivalent,internship,9500,13500,参与AI算法工程师相关项目，重点使用线性代数、微积分与优化、机器学习、特征工程、模型评估、深度学习；岗位、企业和薪资均为演示数据。,模拟岗位/演示数据，不代表真实招聘机会,synthetic,dev
JOB-AI-ALG-0095,ROLE-AI-ALG,AI算法工程师（实习/校招）,内容平台,西安,remote,campus,bachelor_or_equivalent,full_time,9000,13000,参与AI算法工程师相关项目，重点使用微积分与优化、机器学习、特征工程、模型评估、深度学习、自然语言处理；岗位、企业和薪资均为演示数据。,模拟岗位/演示数据，不代表真实招聘机会,synthetic,dev
JOB-AI-ALG-0096,ROLE-AI-ALG,AI算法工程师（实习/校招）,企业服务,杭州,onsite,campus,bachelor_or_equivalent,internship,11500,15500,参与AI算法工程师相关项目，重点使用机器学习、特征工程、模型评估、深度学习、自然语言处理、模型调优；岗位、企业和薪资均为演示数据。,模拟岗位/演示数据，不代表真实招聘机会,synthetic,dev
JOB-AI-ALG-0097,ROLE-AI-ALG,AI算法工程师（实习/校招）,智能制造,上海,hybrid,campus,bachelor_or_equivalent,full_time,12000,16000,参与AI算法工程师相关项目，重点使用特征工程、模型评估、深度学习、自然语言处理、模型调优、大模型基础；岗位、企业和薪资均为演示数据。,模拟岗位/演示数据，不代表真实招聘机会,synthetic,dev
JOB-AI-ALG-0098,ROLE-AI-ALG,AI算法工程师（实习/校招）,教育科技,北京,remote,campus,bachelor_or_equivalent,internship,12000,16000,参与AI算法工程师相关项目，重点使用模型评估、深度学习、自然语言处理、模型调优、大模型基础、Git版本控制；岗位、企业和薪资均为演示数据。,模拟岗位/演示数据，不代表真实招聘机会,synthetic,dev
JOB-AI-ALG-0099,ROLE-AI-ALG,AI算法工程师（实习/校招）,零售科技,深圳,onsite,campus,bachelor_or_equivalent,full_time,12000,16000,参与AI算法工程师相关项目，重点使用深度学习、自然语言处理、模型调优、大模型基础、Git版本控制、Docker容器；岗位、企业和薪资均为演示数据。,模拟岗位/演示数据，不代表真实招聘机会,synthetic,dev
JOB-AI-ALG-0100,ROLE-AI-ALG,AI算法工程师（实习/校招）,金融科技,南京,hybrid,campus,bachelor_or_equivalent,internship,10500,14500,参与AI算法工程师相关项目，重点使用自然语言处理、模型调优、大模型基础、Git版本控制、Docker容器、书面沟通；岗位、企业和薪资均为演示数据。,模拟岗位/演示数据，不代表真实招聘机会,synthetic,dev
JOB-AI-ALG-0101,ROLE-AI-ALG,AI算法工程师（实习/校招）,医疗信息化,成都,remote,campus,bachelor_or_equivalent,full_time,9500,13500,参与AI算法工程师相关项目，重点使用模型调优、大模型基础、Git版本控制、Docker容器、书面沟通、项目交付；岗位、企业和薪资均为演示数据。,模拟岗位/演示数据，不代表真实招聘机会,synthetic,dev
JOB-AI-ALG-0102,ROLE-AI-ALG,AI算法工程师（实习/校招）,物流科技,武汉,onsite,campus,bachelor_or_equivalent,internship,9500,13500,参与AI算法工程师相关项目，重点使用大模型基础、Git版本控制、Docker容器、书面沟通、项目交付、职业伦理与隐私；岗位、企业和薪资均为演示数据。,模拟岗位/演示数据，不代表真实招聘机会,synthetic,dev
JOB-AI-ALG-0103,ROLE-AI-ALG,AI算法工程师（实习/校招）,内容平台,西安,hybrid,campus,bachelor_or_equivalent,full_time,9000,13000,参与AI算法工程师相关项目，重点使用Git版本控制、Docker容器、书面沟通、项目交付、职业伦理与隐私、Python编程；岗位、企业和薪资均为演示数据。,模拟岗位/演示数据，不代表真实招聘机会,synthetic,dev
JOB-AI-ALG-0104,ROLE-AI-ALG,AI算法工程师（实习/校招）,企业服务,杭州,remote,campus,bachelor_or_equivalent,internship,11500,15500,参与AI算法工程师相关项目，重点使用Docker容器、书面沟通、项目交付、职业伦理与隐私、Python编程、数据结构与算法；岗位、企业和薪资均为演示数据。,模拟岗位/演示数据，不代表真实招聘机会,synthetic,dev
JOB-AI-ALG-0105,ROLE-AI-ALG,AI算法工程师（实习/校招）,智能制造,上海,onsite,campus,bachelor_or_equivalent,full_time,12000,16000,参与AI算法工程师相关项目，重点使用书面沟通、项目交付、职业伦理与隐私、Python编程、数据结构与算法、数据清洗；岗位、企业和薪资均为演示数据。,模拟岗位/演示数据，不代表真实招聘机会,synthetic,dev
JOB-AI-ALG-0106,ROLE-AI-ALG,AI算法工程师（实习/校招）,教育科技,北京,hybrid,campus,bachelor_or_equivalent,internship,12000,16000,参与AI算法工程师相关项目，重点使用项目交付、职业伦理与隐私、Python编程、数据结构与算法、数据清洗、统计学基础；岗位、企业和薪资均为演示数据。,模拟岗位/演示数据，不代表真实招聘机会,synthetic,dev
JOB-AI-ALG-0107,ROLE-AI-ALG,AI算法工程师（实习/校招）,零售科技,深圳,remote,campus,bachelor_or_equivalent,full_time,12000,16000,参与AI算法工程师相关项目，重点使用职业伦理与隐私、Python编程、数据结构与算法、数据清洗、统计学基础、线性代数；岗位、企业和薪资均为演示数据。,模拟岗位/演示数据，不代表真实招聘机会,synthetic,dev
JOB-AI-ALG-0108,ROLE-AI-ALG,AI算法工程师（实习/校招）,金融科技,南京,onsite,campus,bachelor_or_equivalent,internship,10500,14500,参与AI算法工程师相关项目，重点使用Python编程、数据结构与算法、数据清洗、统计学基础、线性代数、微积分与优化；岗位、企业和薪资均为演示数据。,模拟岗位/演示数据，不代表真实招聘机会,synthetic,dev
JOB-AI-ALG-0109,ROLE-AI-ALG,AI算法工程师（实习/校招）,医疗信息化,成都,hybrid,campus,bachelor_or_equivalent,full_time,9500,13500,参与AI算法工程师相关项目，重点使用数据结构与算法、数据清洗、统计学基础、线性代数、微积分与优化、机器学习；岗位、企业和薪资均为演示数据。,模拟岗位/演示数据，不代表真实招聘机会,synthetic,dev
JOB-AI-ALG-0110,ROLE-AI-ALG,AI算法工程师（实习/校招）,物流科技,武汉,remote,campus,bachelor_or_equivalent,internship,9500,13500,参与AI算法工程师相关项目，重点使用数据清洗、统计学基础、线性代数、微积分与优化、机器学习、特征工程；岗位、企业和薪资均为演示数据。,模拟岗位/演示数据，不代表真实招聘机会,synthetic,dev
JOB-AI-ALG-0111,ROLE-AI-ALG,AI算法工程师（实习/校招）,内容平台,西安,onsite,campus,bachelor_or_equivalent,full_time,9000,13000,参与AI算法工程师相关项目，重点使用统计学基础、线性代数、微积分与优化、机器学习、特征工程、模型评估；岗位、企业和薪资均为演示数据。,模拟岗位/演示数据，不代表真实招聘机会,synthetic,dev
JOB-AI-ALG-0112,ROLE-AI-ALG,AI算法工程师（实习/校招）,企业服务,杭州,hybrid,campus,bachelor_or_equivalent,internship,11500,15500,参与AI算法工程师相关项目，重点使用线性代数、微积分与优化、机器学习、特征工程、模型评估、深度学习；岗位、企业和薪资均为演示数据。,模拟岗位/演示数据，不代表真实招聘机会,synthetic,dev
JOB-AI-ALG-0113,ROLE-AI-ALG,AI算法工程师（实习/校招）,智能制造,上海,remote,campus,bachelor_or_equivalent,full_time,12000,16000,参与AI算法工程师相关项目，重点使用微积分与优化、机器学习、特征工程、模型评估、深度学习、自然语言处理；岗位、企业和薪资均为演示数据。,模拟岗位/演示数据，不代表真实招聘机会,synthetic,dev
JOB-AI-ALG-0114,ROLE-AI-ALG,AI算法工程师（实习/校招）,教育科技,北京,onsite,campus,bachelor_or_equivalent,internship,12000,16000,参与AI算法工程师相关项目，重点使用机器学习、特征工程、模型评估、深度学习、自然语言处理、模型调优；岗位、企业和薪资均为演示数据。,模拟岗位/演示数据，不代表真实招聘机会,synthetic,dev
JOB-AI-ALG-0115,ROLE-AI-ALG,AI算法工程师（实习/校招）,零售科技,深圳,hybrid,campus,bachelor_or_equivalent,full_time,12000,16000,参与AI算法工程师相关项目，重点使用特征工程、模型评估、深度学习、自然语言处理、模型调优、大模型基础；岗位、企业和薪资均为演示数据。,模拟岗位/演示数据，不代表真实招聘机会,synthetic,dev
JOB-AI-ALG-0116,ROLE-AI-ALG,AI算法工程师（实习/校招）,金融科技,南京,remote,campus,bachelor_or_equivalent,internship,10500,14500,参与AI算法工程师相关项目，重点使用模型评估、深度学习、自然语言处理、模型调优、大模型基础、Git版本控制；岗位、企业和薪资均为演示数据。,模拟岗位/演示数据，不代表真实招聘机会,synthetic,dev
JOB-AI-ALG-0117,ROLE-AI-ALG,AI算法工程师（实习/校招）,医疗信息化,成都,onsite,campus,bachelor_or_equivalent,full_time,9500,13500,参与AI算法工程师相关项目，重点使用深度学习、自然语言处理、模型调优、大模型基础、Git版本控制、Docker容器；岗位、企业和薪资均为演示数据。,模拟岗位/演示数据，不代表真实招聘机会,synthetic,dev
JOB-AI-ALG-0118,ROLE-AI-ALG,AI算法工程师（实习/校招）,物流科技,武汉,hybrid,campus,bachelor_or_equivalent,internship,9500,13500,参与AI算法工程师相关项目，重点使用自然语言处理、模型调优、大模型基础、Git版本控制、Docker容器、书面沟通；岗位、企业和薪资均为演示数据。,模拟岗位/演示数据，不代表真实招聘机会,synthetic,dev
JOB-AI-ALG-0119,ROLE-AI-ALG,AI算法工程师（实习/校招）,内容平台,西安,remote,campus,bachelor_or_equivalent,full_time,9000,13000,参与AI算法工程师相关项目，重点使用模型调优、大模型基础、Git版本控制、Docker容器、书面沟通、项目交付；岗位、企业和薪资均为演示数据。,模拟岗位/演示数据，不代表真实招聘机会,synthetic,dev
JOB-AI-ALG-0120,ROLE-AI-ALG,AI算法工程师（实习/校招）,企业服务,杭州,onsite,campus,bachelor_or_equivalent,internship,11500,15500,参与AI算法工程师相关项目，重点使用大模型基础、Git版本控制、Docker容器、书面沟通、项目交付、职业伦理与隐私；岗位、企业和薪资均为演示数据。,模拟岗位/演示数据，不代表真实招聘机会,synthetic,dev
JOB-AI-ALG-0121,ROLE-AI-ALG,AI算法工程师（实习/校招）,智能制造,上海,hybrid,campus,bachelor_or_equivalent,full_time,12000,16000,参与AI算法工程师相关项目，重点使用Git版本控制、Docker容器、书面沟通、项目交付、职业伦理与隐私、Python编程；岗位、企业和薪资均为演示数据。,模拟岗位/演示数据，不代表真实招聘机会,synthetic,dev
JOB-AI-ALG-0122,ROLE-AI-ALG,AI算法工程师（实习/校招）,教育科技,北京,remote,campus,bachelor_or_equivalent,internship,12000,16000,参与AI算法工程师相关项目，重点使用Docker容器、书面沟通、项目交付、职业伦理与隐私、Python编程、数据结构与算法；岗位、企业和薪资均为演示数据。,模拟岗位/演示数据，不代表真实招聘机会,synthetic,dev
JOB-AI-ALG-0123,ROLE-AI-ALG,AI算法工程师（实习/校招）,零售科技,深圳,onsite,campus,bachelor_or_equivalent,full_time,12000,16000,参与AI算法工程师相关项目，重点使用书面沟通、项目交付、职业伦理与隐私、Python编程、数据结构与算法、数据清洗；岗位、企业和薪资均为演示数据。,模拟岗位/演示数据，不代表真实招聘机会,synthetic,dev
JOB-AI-ALG-0124,ROLE-AI-ALG,AI算法工程师（实习/校招）,金融科技,南京,hybrid,campus,bachelor_or_equivalent,internship,10500,14500,参与AI算法工程师相关项目，重点使用项目交付、职业伦理与隐私、Python编程、数据结构与算法、数据清洗、统计学基础；岗位、企业和薪资均为演示数据。,模拟岗位/演示数据，不代表真实招聘机会,synthetic,dev
JOB-AI-ALG-0125,ROLE-AI-ALG,AI算法工程师（实习/校招）,医疗信息化,成都,remote,campus,bachelor_or_equivalent,full_time,9500,13500,参与AI算法工程师相关项目，重点使用职业伦理与隐私、Python编程、数据结构与算法、数据清洗、统计学基础、线性代数；岗位、企业和薪资均为演示数据。,模拟岗位/演示数据，不代表真实招聘机会,synthetic,dev
JOB-AI-ALG-0126,ROLE-AI-ALG,AI算法工程师（实习/校招）,物流科技,武汉,onsite,campus,bachelor_or_equivalent,internship,9500,13500,参与AI算法工程师相关项目，重点使用Python编程、数据结构与算法、数据清洗、统计学基础、线性代数、微积分与优化；岗位、企业和薪资均为演示数据。,模拟岗位/演示数据，不代表真实招聘机会,synthetic,dev
JOB-AI-ALG-0127,ROLE-AI-ALG,AI算法工程师（实习/校招）,内容平台,西安,hybrid,campus,bachelor_or_equivalent,full_time,9000,13000,参与AI算法工程师相关项目，重点使用数据结构与算法、数据清洗、统计学基础、线性代数、微积分与优化、机器学习；岗位、企业和薪资均为演示数据。,模拟岗位/演示数据，不代表真实招聘机会,synthetic,dev
JOB-AI-ALG-0128,ROLE-AI-ALG,AI算法工程师（实习/校招）,企业服务,杭州,remote,campus,bachelor_or_equivalent,internship,11500,15500,参与AI算法工程师相关项目，重点使用数据清洗、统计学基础、线性代数、微积分与优化、机器学习、特征工程；岗位、企业和薪资均为演示数据。,模拟岗位/演示数据，不代表真实招聘机会,synthetic,dev
JOB-AI-ALG-0129,ROLE-AI-ALG,AI算法工程师（实习/校招）,智能制造,上海,onsite,campus,bachelor_or_equivalent,full_time,12000,16000,参与AI算法工程师相关项目，重点使用统计学基础、线性代数、微积分与优化、机器学习、特征工程、模型评估；岗位、企业和薪资均为演示数据。,模拟岗位/演示数据，不代表真实招聘机会,synthetic,dev
JOB-AI-ALG-0130,ROLE-AI-ALG,AI算法工程师（实习/校招）,教育科技,北京,hybrid,campus,bachelor_or_equivalent,internship,12000,16000,参与AI算法工程师相关项目，重点使用线性代数、微积分与优化、机器学习、特征工程、模型评估、深度学习；岗位、企业和薪资均为演示数据。,模拟岗位/演示数据，不代表真实招聘机会,synthetic,dev
JOB-AI-ALG-0131,ROLE-AI-ALG,AI算法工程师（实习/校招）,零售科技,深圳,remote,campus,bachelor_or_equivalent,full_time,12000,16000,参与AI算法工程师相关项目，重点使用微积分与优化、机器学习、特征工程、模型评估、深度学习、自然语言处理；岗位、企业和薪资均为演示数据。,模拟岗位/演示数据，不代表真实招聘机会,synthetic,dev
JOB-AI-ALG-0132,ROLE-AI-ALG,AI算法工程师（实习/校招）,金融科技,南京,onsite,campus,bachelor_or_equivalent,internship,10500,14500,参与AI算法工程师相关项目，重点使用机器学习、特征工程、模型评估、深度学习、自然语言处理、模型调优；岗位、企业和薪资均为演示数据。,模拟岗位/演示数据，不代表真实招聘机会,synthetic,dev
JOB-AI-ALG-0133,ROLE-AI-ALG,AI算法工程师（实习/校招）,医疗信息化,成都,hybrid,campus,bachelor_or_equivalent,full_time,9500,13500,参与AI算法工程师相关项目，重点使用特征工程、模型评估、深度学习、自然语言处理、模型调优、大模型基础；岗位、企业和薪资均为演示数据。,模拟岗位/演示数据，不代表真实招聘机会,synthetic,dev
JOB-AI-ALG-0134,ROLE-AI-ALG,AI算法工程师（实习/校招）,物流科技,武汉,remote,campus,bachelor_or_equivalent,internship,9500,13500,参与AI算法工程师相关项目，重点使用模型评估、深度学习、自然语言处理、模型调优、大模型基础、Git版本控制；岗位、企业和薪资均为演示数据。,模拟岗位/演示数据，不代表真实招聘机会,synthetic,dev
JOB-AI-ALG-0135,ROLE-AI-ALG,AI算法工程师（实习/校招）,内容平台,西安,onsite,campus,bachelor_or_equivalent,full_time,9000,13000,参与AI算法工程师相关项目，重点使用深度学习、自然语言处理、模型调优、大模型基础、Git版本控制、Docker容器；岗位、企业和薪资均为演示数据。,模拟岗位/演示数据，不代表真实招聘机会,synthetic,dev
JOB-AI-ALG-0136,ROLE-AI-ALG,AI算法工程师（实习/校招）,企业服务,杭州,hybrid,campus,bachelor_or_equivalent,internship,11500,15500,参与AI算法工程师相关项目，重点使用自然语言处理、模型调优、大模型基础、Git版本控制、Docker容器、书面沟通；岗位、企业和薪资均为演示数据。,模拟岗位/演示数据，不代表真实招聘机会,synthetic,dev
JOB-AI-ALG-0137,ROLE-AI-ALG,AI算法工程师（实习/校招）,智能制造,上海,remote,campus,bachelor_or_equivalent,full_time,12000,16000,参与AI算法工程师相关项目，重点使用模型调优、大模型基础、Git版本控制、Docker容器、书面沟通、项目交付；岗位、企业和薪资均为演示数据。,模拟岗位/演示数据，不代表真实招聘机会,synthetic,dev
JOB-AI-ALG-0138,ROLE-AI-ALG,AI算法工程师（实习/校招）,教育科技,北京,onsite,campus,bachelor_or_equivalent,internship,12000,16000,参与AI算法工程师相关项目，重点使用大模型基础、Git版本控制、Docker容器、书面沟通、项目交付、职业伦理与隐私；岗位、企业和薪资均为演示数据。,模拟岗位/演示数据，不代表真实招聘机会,synthetic,dev
JOB-AI-ALG-0139,ROLE-AI-ALG,AI算法工程师（实习/校招）,零售科技,深圳,hybrid,campus,bachelor_or_equivalent,full_time,12000,16000,参与AI算法工程师相关项目，重点使用Git版本控制、Docker容器、书面沟通、项目交付、职业伦理与隐私、Python编程；岗位、企业和薪资均为演示数据。,模拟岗位/演示数据，不代表真实招聘机会,synthetic,dev
JOB-AI-ALG-0140,ROLE-AI-ALG,AI算法工程师（实习/校招）,金融科技,南京,remote,campus,bachelor_or_equivalent,internship,10500,14500,参与AI算法工程师相关项目，重点使用Docker容器、书面沟通、项目交付、职业伦理与隐私、Python编程、数据结构与算法；岗位、企业和薪资均为演示数据。,模拟岗位/演示数据，不代表真实招聘机会,synthetic,dev
JOB-AI-ALG-0141,ROLE-AI-ALG,AI算法工程师（实习/校招）,医疗信息化,成都,onsite,campus,bachelor_or_equivalent,full_time,9500,13500,参与AI算法工程师相关项目，重点使用书面沟通、项目交付、职业伦理与隐私、Python编程、数据结构与算法、数据清洗；岗位、企业和薪资均为演示数据。,模拟岗位/演示数据，不代表真实招聘机会,synthetic,dev
JOB-AI-ALG-0142,ROLE-AI-ALG,AI算法工程师（实习/校招）,物流科技,武汉,hybrid,campus,bachelor_or_equivalent,internship,9500,13500,参与AI算法工程师相关项目，重点使用项目交付、职业伦理与隐私、Python编程、数据结构与算法、数据清洗、统计学基础；岗位、企业和薪资均为演示数据。,模拟岗位/演示数据，不代表真实招聘机会,synthetic,dev
JOB-AI-ALG-0143,ROLE-AI-ALG,AI算法工程师（实习/校招）,内容平台,西安,remote,campus,bachelor_or_equivalent,full_time,9000,13000,参与AI算法工程师相关项目，重点使用职业伦理与隐私、Python编程、数据结构与算法、数据清洗、统计学基础、线性代数；岗位、企业和薪资均为演示数据。,模拟岗位/演示数据，不代表真实招聘机会,synthetic,dev
JOB-AI-ALG-0144,ROLE-AI-ALG,AI算法工程师（实习/校招）,企业服务,杭州,onsite,campus,bachelor_or_equivalent,internship,11500,15500,参与AI算法工程师相关项目，重点使用Python编程、数据结构与算法、数据清洗、统计学基础、线性代数、微积分与优化；岗位、企业和薪资均为演示数据。,模拟岗位/演示数据，不代表真实招聘机会,synthetic,dev
JOB-AI-ALG-0145,ROLE-AI-ALG,AI算法工程师（实习/校招）,智能制造,上海,hybrid,campus,bachelor_or_equivalent,full_time,12000,16000,参与AI算法工程师相关项目，重点使用数据结构与算法、数据清洗、统计学基础、线性代数、微积分与优化、机器学习；岗位、企业和薪资均为演示数据。,模拟岗位/演示数据，不代表真实招聘机会,synthetic,dev
JOB-AI-ALG-0146,ROLE-AI-ALG,AI算法工程师（实习/校招）,教育科技,北京,remote,campus,bachelor_or_equivalent,internship,12000,16000,参与AI算法工程师相关项目，重点使用数据清洗、统计学基础、线性代数、微积分与优化、机器学习、特征工程；岗位、企业和薪资均为演示数据。,模拟岗位/演示数据，不代表真实招聘机会,synthetic,dev
JOB-AI-ALG-0147,ROLE-AI-ALG,AI算法工程师（实习/校招）,零售科技,深圳,onsite,campus,bachelor_or_equivalent,full_time,12000,16000,参与AI算法工程师相关项目，重点使用统计学基础、线性代数、微积分与优化、机器学习、特征工程、模型评估；岗位、企业和薪资均为演示数据。,模拟岗位/演示数据，不代表真实招聘机会,synthetic,dev
JOB-AI-ALG-0148,ROLE-AI-ALG,AI算法工程师（实习/校招）,金融科技,南京,hybrid,campus,bachelor_or_equivalent,internship,10500,14500,参与AI算法工程师相关项目，重点使用线性代数、微积分与优化、机器学习、特征工程、模型评估、深度学习；岗位、企业和薪资均为演示数据。,模拟岗位/演示数据，不代表真实招聘机会,synthetic,dev
JOB-AI-ALG-0149,ROLE-AI-ALG,AI算法工程师（实习/校招）,医疗信息化,成都,remote,campus,bachelor_or_equivalent,full_time,9500,13500,参与AI算法工程师相关项目，重点使用微积分与优化、机器学习、特征工程、模型评估、深度学习、自然语言处理；岗位、企业和薪资均为演示数据。,模拟岗位/演示数据，不代表真实招聘机会,synthetic,dev
JOB-AI-ALG-0150,ROLE-AI-ALG,AI算法工程师（实习/校招）,物流科技,武汉,onsite,campus,bachelor_or_equivalent,internship,9500,13500,参与AI算法工程师相关项目，重点使用机器学习、特征工程、模型评估、深度学习、自然语言处理、模型调优；岗位、企业和薪资均为演示数据。,模拟岗位/演示数据，不代表真实招聘机会,synthetic,dev
JOB-AI-ALG-0151,ROLE-AI-ALG,AI算法工程师（实习/校招）,内容平台,西安,hybrid,campus,bachelor_or_equivalent,full_time,9000,13000,参与AI算法工程师相关项目，重点使用特征工程、模型评估、深度学习、自然语言处理、模型调优、大模型基础；岗位、企业和薪资均为演示数据。,模拟岗位/演示数据，不代表真实招聘机会,synthetic,dev
JOB-AI-ALG-0152,ROLE-AI-ALG,AI算法工程师（实习/校招）,企业服务,杭州,remote,campus,bachelor_or_equivalent,internship,11500,15500,参与AI算法工程师相关项目，重点使用模型评估、深度学习、自然语言处理、模型调优、大模型基础、Git版本控制；岗位、企业和薪资均为演示数据。,模拟岗位/演示数据，不代表真实招聘机会,synthetic,dev
JOB-AI-ALG-0153,ROLE-AI-ALG,AI算法工程师（实习/校招）,智能制造,上海,onsite,campus,bachelor_or_equivalent,full_time,12000,16000,参与AI算法工程师相关项目，重点使用深度学习、自然语言处理、模型调优、大模型基础、Git版本控制、Docker容器；岗位、企业和薪资均为演示数据。,模拟岗位/演示数据，不代表真实招聘机会,synthetic,dev
JOB-AI-ALG-0154,ROLE-AI-ALG,AI算法工程师（实习/校招）,教育科技,北京,hybrid,campus,bachelor_or_equivalent,internship,12000,16000,参与AI算法工程师相关项目，重点使用自然语言处理、模型调优、大模型基础、Git版本控制、Docker容器、书面沟通；岗位、企业和薪资均为演示数据。,模拟岗位/演示数据，不代表真实招聘机会,synthetic,dev
JOB-AI-ALG-0155,ROLE-AI-ALG,AI算法工程师（实习/校招）,零售科技,深圳,remote,campus,bachelor_or_equivalent,full_time,12000,16000,参与AI算法工程师相关项目，重点使用模型调优、大模型基础、Git版本控制、Docker容器、书面沟通、项目交付；岗位、企业和薪资均为演示数据。,模拟岗位/演示数据，不代表真实招聘机会,synthetic,dev
JOB-AI-ALG-0156,ROLE-AI-ALG,AI算法工程师（实习/校招）,金融科技,南京,onsite,campus,bachelor_or_equivalent,internship,10500,14500,参与AI算法工程师相关项目，重点使用大模型基础、Git版本控制、Docker容器、书面沟通、项目交付、职业伦理与隐私；岗位、企业和薪资均为演示数据。,模拟岗位/演示数据，不代表真实招聘机会,synthetic,dev
JOB-AI-ALG-0157,ROLE-AI-ALG,AI算法工程师（实习/校招）,医疗信息化,成都,hybrid,campus,bachelor_or_equivalent,full_time,9500,13500,参与AI算法工程师相关项目，重点使用Git版本控制、Docker容器、书面沟通、项目交付、职业伦理与隐私、Python编程；岗位、企业和薪资均为演示数据。,模拟岗位/演示数据，不代表真实招聘机会,synthetic,dev
JOB-AI-ALG-0158,ROLE-AI-ALG,AI算法工程师（实习/校招）,物流科技,武汉,remote,campus,bachelor_or_equivalent,internship,9500,13500,参与AI算法工程师相关项目，重点使用Docker容器、书面沟通、项目交付、职业伦理与隐私、Python编程、数据结构与算法；岗位、企业和薪资均为演示数据。,模拟岗位/演示数据，不代表真实招聘机会,synthetic,dev
JOB-AI-ALG-0159,ROLE-AI-ALG,AI算法工程师（实习/校招）,内容平台,西安,onsite,campus,bachelor_or_equivalent,full_time,9000,13000,参与AI算法工程师相关项目，重点使用书面沟通、项目交付、职业伦理与隐私、Python编程、数据结构与算法、数据清洗；岗位、企业和薪资均为演示数据。,模拟岗位/演示数据，不代表真实招聘机会,synthetic,dev
JOB-AI-ALG-0160,ROLE-AI-ALG,AI算法工程师（实习/校招）,企业服务,杭州,hybrid,campus,bachelor_or_equivalent,internship,11500,15500,参与AI算法工程师相关项目，重点使用项目交付、职业伦理与隐私、Python编程、数据结构与算法、数据清洗、统计学基础；岗位、企业和薪资均为演示数据。,模拟岗位/演示数据，不代表真实招聘机会,synthetic,dev
JOB-AI-ALG-0161,ROLE-AI-ALG,AI算法工程师（实习/校招）,智能制造,上海,remote,campus,bachelor_or_equivalent,full_time,12000,16000,参与AI算法工程师相关项目，重点使用职业伦理与隐私、Python编程、数据结构与算法、数据清洗、统计学基础、线性代数；岗位、企业和薪资均为演示数据。,模拟岗位/演示数据，不代表真实招聘机会,synthetic,dev
JOB-AI-ALG-0162,ROLE-AI-ALG,AI算法工程师（实习/校招）,教育科技,北京,onsite,campus,bachelor_or_equivalent,internship,12000,16000,参与AI算法工程师相关项目，重点使用Python编程、数据结构与算法、数据清洗、统计学基础、线性代数、微积分与优化；岗位、企业和薪资均为演示数据。,模拟岗位/演示数据，不代表真实招聘机会,synthetic,dev
JOB-AI-ALG-0163,ROLE-AI-ALG,AI算法工程师（实习/校招）,零售科技,深圳,hybrid,campus,bachelor_or_equivalent,full_time,12000,16000,参与AI算法工程师相关项目，重点使用数据结构与算法、数据清洗、统计学基础、线性代数、微积分与优化、机器学习；岗位、企业和薪资均为演示数据。,模拟岗位/演示数据，不代表真实招聘机会,synthetic,dev
JOB-AI-ALG-0164,ROLE-AI-ALG,AI算法工程师（实习/校招）,金融科技,南京,remote,campus,bachelor_or_equivalent,internship,10500,14500,参与AI算法工程师相关项目，重点使用数据清洗、统计学基础、线性代数、微积分与优化、机器学习、特征工程；岗位、企业和薪资均为演示数据。,模拟岗位/演示数据，不代表真实招聘机会,synthetic,dev
JOB-AI-ALG-0165,ROLE-AI-ALG,AI算法工程师（实习/校招）,医疗信息化,成都,onsite,campus,bachelor_or_equivalent,full_time,9500,13500,参与AI算法工程师相关项目，重点使用统计学基础、线性代数、微积分与优化、机器学习、特征工程、模型评估；岗位、企业和薪资均为演示数据。,模拟岗位/演示数据，不代表真实招聘机会,synthetic,dev
JOB-AI-ALG-0166,ROLE-AI-ALG,AI算法工程师（实习/校招）,物流科技,武汉,hybrid,campus,bachelor_or_equivalent,internship,9500,13500,参与AI算法工程师相关项目，重点使用线性代数、微积分与优化、机器学习、特征工程、模型评估、深度学习；岗位、企业和薪资均为演示数据。,模拟岗位/演示数据，不代表真实招聘机会,synthetic,dev
JOB-AI-ALG-0167,ROLE-AI-ALG,AI算法工程师（实习/校招）,内容平台,西安,remote,campus,bachelor_or_equivalent,full_time,9000,13000,参与AI算法工程师相关项目，重点使用微积分与优化、机器学习、特征工程、模型评估、深度学习、自然语言处理；岗位、企业和薪资均为演示数据。,模拟岗位/演示数据，不代表真实招聘机会,synthetic,dev
JOB-AI-ALG-0168,ROLE-AI-ALG,AI算法工程师（0-1年）,企业服务,杭州,onsite,entry,bachelor_or_equivalent,full_time,16500,23500,参与AI算法工程师相关项目，重点使用机器学习、特征工程、模型评估、深度学习、自然语言处理、模型调优；岗位、企业和薪资均为演示数据。,模拟岗位/演示数据，不代表真实招聘机会,synthetic,dev
JOB-AI-ALG-0169,ROLE-AI-ALG,AI算法工程师（0-1年）,智能制造,上海,hybrid,entry,bachelor_or_equivalent,full_time,17000,24000,参与AI算法工程师相关项目，重点使用特征工程、模型评估、深度学习、自然语言处理、模型调优、大模型基础；岗位、企业和薪资均为演示数据。,模拟岗位/演示数据，不代表真实招聘机会,synthetic,dev
JOB-AI-ALG-0170,ROLE-AI-ALG,AI算法工程师（0-1年）,教育科技,北京,remote,entry,bachelor_or_equivalent,full_time,17500,24500,参与AI算法工程师相关项目，重点使用模型评估、深度学习、自然语言处理、模型调优、大模型基础、Git版本控制；岗位、企业和薪资均为演示数据。,模拟岗位/演示数据，不代表真实招聘机会,synthetic,dev
JOB-AI-ALG-0171,ROLE-AI-ALG,AI算法工程师（0-1年）,零售科技,深圳,onsite,entry,bachelor_or_equivalent,full_time,17000,24000,参与AI算法工程师相关项目，重点使用深度学习、自然语言处理、模型调优、大模型基础、Git版本控制、Docker容器；岗位、企业和薪资均为演示数据。,模拟岗位/演示数据，不代表真实招聘机会,synthetic,dev
JOB-AI-ALG-0172,ROLE-AI-ALG,AI算法工程师（0-1年）,金融科技,南京,hybrid,entry,bachelor_or_equivalent,full_time,15000,22000,参与AI算法工程师相关项目，重点使用自然语言处理、模型调优、大模型基础、Git版本控制、Docker容器、书面沟通；岗位、企业和薪资均为演示数据。,模拟岗位/演示数据，不代表真实招聘机会,synthetic,dev
JOB-AI-ALG-0173,ROLE-AI-ALG,AI算法工程师（0-1年）,医疗信息化,成都,remote,entry,bachelor_or_equivalent,full_time,14000,21000,参与AI算法工程师相关项目，重点使用模型调优、大模型基础、Git版本控制、Docker容器、书面沟通、项目交付；岗位、企业和薪资均为演示数据。,模拟岗位/演示数据，不代表真实招聘机会,synthetic,dev
JOB-AI-ALG-0174,ROLE-AI-ALG,AI算法工程师（0-1年）,物流科技,武汉,onsite,entry,bachelor_or_equivalent,full_time,13500,20500,参与AI算法工程师相关项目，重点使用大模型基础、Git版本控制、Docker容器、书面沟通、项目交付、职业伦理与隐私；岗位、企业和薪资均为演示数据。,模拟岗位/演示数据，不代表真实招聘机会,synthetic,dev
JOB-AI-ALG-0175,ROLE-AI-ALG,AI算法工程师（0-1年）,内容平台,西安,hybrid,entry,bachelor_or_equivalent,full_time,13000,20000,参与AI算法工程师相关项目，重点使用Git版本控制、Docker容器、书面沟通、项目交付、职业伦理与隐私、Python编程；岗位、企业和薪资均为演示数据。,模拟岗位/演示数据，不代表真实招聘机会,synthetic,dev
JOB-AI-ALG-0176,ROLE-AI-ALG,AI算法工程师（0-1年）,企业服务,杭州,remote,entry,bachelor_or_equivalent,full_time,16500,23500,参与AI算法工程师相关项目，重点使用Docker容器、书面沟通、项目交付、职业伦理与隐私、Python编程、数据结构与算法；岗位、企业和薪资均为演示数据。,模拟岗位/演示数据，不代表真实招聘机会,synthetic,dev
JOB-AI-ALG-0177,ROLE-AI-ALG,AI算法工程师（0-1年）,智能制造,上海,onsite,entry,bachelor_or_equivalent,full_time,17000,24000,参与AI算法工程师相关项目，重点使用书面沟通、项目交付、职业伦理与隐私、Python编程、数据结构与算法、数据清洗；岗位、企业和薪资均为演示数据。,模拟岗位/演示数据，不代表真实招聘机会,synthetic,dev
JOB-AI-ALG-0178,ROLE-AI-ALG,AI算法工程师（0-1年）,教育科技,北京,hybrid,entry,bachelor_or_equivalent,full_time,17500,24500,参与AI算法工程师相关项目，重点使用项目交付、职业伦理与隐私、Python编程、数据结构与算法、数据清洗、统计学基础；岗位、企业和薪资均为演示数据。,模拟岗位/演示数据，不代表真实招聘机会,synthetic,dev
JOB-AI-ALG-0179,ROLE-AI-ALG,AI算法工程师（0-1年）,零售科技,深圳,remote,entry,bachelor_or_equivalent,full_time,17000,24000,参与AI算法工程师相关项目，重点使用职业伦理与隐私、Python编程、数据结构与算法、数据清洗、统计学基础、线性代数；岗位、企业和薪资均为演示数据。,模拟岗位/演示数据，不代表真实招聘机会,synthetic,dev
JOB-AI-ALG-0180,ROLE-AI-ALG,AI算法工程师（0-1年）,金融科技,南京,onsite,entry,bachelor_or_equivalent,full_time,15000,22000,参与AI算法工程师相关项目，重点使用Python编程、数据结构与算法、数据清洗、统计学基础、线性代数、微积分与优化；岗位、企业和薪资均为演示数据。,模拟岗位/演示数据，不代表真实招聘机会,synthetic,dev
JOB-AI-ALG-0181,ROLE-AI-ALG,AI算法工程师（0-1年）,医疗信息化,成都,hybrid,entry,bachelor_or_equivalent,full_time,14000,21000,参与AI算法工程师相关项目，重点使用数据结构与算法、数据清洗、统计学基础、线性代数、微积分与优化、机器学习；岗位、企业和薪资均为演示数据。,模拟岗位/演示数据，不代表真实招聘机会,synthetic,dev
JOB-AI-ALG-0182,ROLE-AI-ALG,AI算法工程师（0-1年）,物流科技,武汉,remote,entry,bachelor_or_equivalent,full_time,13500,20500,参与AI算法工程师相关项目，重点使用数据清洗、统计学基础、线性代数、微积分与优化、机器学习、特征工程；岗位、企业和薪资均为演示数据。,模拟岗位/演示数据，不代表真实招聘机会,synthetic,dev
JOB-AI-ALG-0183,ROLE-AI-ALG,AI算法工程师（0-1年）,内容平台,西安,onsite,entry,bachelor_or_equivalent,full_time,13000,20000,参与AI算法工程师相关项目，重点使用统计学基础、线性代数、微积分与优化、机器学习、特征工程、模型评估；岗位、企业和薪资均为演示数据。,模拟岗位/演示数据，不代表真实招聘机会,synthetic,dev
JOB-AI-ALG-0184,ROLE-AI-ALG,AI算法工程师（0-1年）,企业服务,杭州,hybrid,entry,bachelor_or_equivalent,full_time,16500,23500,参与AI算法工程师相关项目，重点使用线性代数、微积分与优化、机器学习、特征工程、模型评估、深度学习；岗位、企业和薪资均为演示数据。,模拟岗位/演示数据，不代表真实招聘机会,synthetic,dev
JOB-AI-ALG-0185,ROLE-AI-ALG,AI算法工程师（0-1年）,智能制造,上海,remote,entry,bachelor_or_equivalent,full_time,17000,24000,参与AI算法工程师相关项目，重点使用微积分与优化、机器学习、特征工程、模型评估、深度学习、自然语言处理；岗位、企业和薪资均为演示数据。,模拟岗位/演示数据，不代表真实招聘机会,synthetic,dev
JOB-AI-ALG-0186,ROLE-AI-ALG,AI算法工程师（0-1年）,教育科技,北京,onsite,entry,bachelor_or_equivalent,full_time,17500,24500,参与AI算法工程师相关项目，重点使用机器学习、特征工程、模型评估、深度学习、自然语言处理、模型调优；岗位、企业和薪资均为演示数据。,模拟岗位/演示数据，不代表真实招聘机会,synthetic,dev
JOB-AI-ALG-0187,ROLE-AI-ALG,AI算法工程师（0-1年）,零售科技,深圳,hybrid,entry,bachelor_or_equivalent,full_time,17000,24000,参与AI算法工程师相关项目，重点使用特征工程、模型评估、深度学习、自然语言处理、模型调优、大模型基础；岗位、企业和薪资均为演示数据。,模拟岗位/演示数据，不代表真实招聘机会,synthetic,dev
JOB-AI-ALG-0188,ROLE-AI-ALG,AI算法工程师（0-1年）,金融科技,南京,remote,entry,bachelor_or_equivalent,full_time,15000,22000,参与AI算法工程师相关项目，重点使用模型评估、深度学习、自然语言处理、模型调优、大模型基础、Git版本控制；岗位、企业和薪资均为演示数据。,模拟岗位/演示数据，不代表真实招聘机会,synthetic,dev
JOB-AI-ALG-0189,ROLE-AI-ALG,AI算法工程师（0-1年）,医疗信息化,成都,onsite,entry,bachelor_or_equivalent,full_time,14000,21000,参与AI算法工程师相关项目，重点使用深度学习、自然语言处理、模型调优、大模型基础、Git版本控制、Docker容器；岗位、企业和薪资均为演示数据。,模拟岗位/演示数据，不代表真实招聘机会,synthetic,dev
JOB-AI-ALG-0190,ROLE-AI-ALG,AI算法工程师（0-1年）,物流科技,武汉,hybrid,entry,bachelor_or_equivalent,full_time,13500,20500,参与AI算法工程师相关项目，重点使用自然语言处理、模型调优、大模型基础、Git版本控制、Docker容器、书面沟通；岗位、企业和薪资均为演示数据。,模拟岗位/演示数据，不代表真实招聘机会,synthetic,dev
JOB-AI-ALG-0191,ROLE-AI-ALG,AI算法工程师（0-1年）,内容平台,西安,remote,entry,bachelor_or_equivalent,full_time,13000,20000,参与AI算法工程师相关项目，重点使用模型调优、大模型基础、Git版本控制、Docker容器、书面沟通、项目交付；岗位、企业和薪资均为演示数据。,模拟岗位/演示数据，不代表真实招聘机会,synthetic,dev
JOB-AI-ALG-0192,ROLE-AI-ALG,AI算法工程师（0-1年）,企业服务,杭州,onsite,entry,bachelor_or_equivalent,full_time,16500,23500,参与AI算法工程师相关项目，重点使用大模型基础、Git版本控制、Docker容器、书面沟通、项目交付、职业伦理与隐私；岗位、企业和薪资均为演示数据。,模拟岗位/演示数据，不代表真实招聘机会,synthetic,dev
JOB-AI-ALG-0193,ROLE-AI-ALG,AI算法工程师（0-1年）,智能制造,上海,hybrid,entry,bachelor_or_equivalent,full_time,17000,24000,参与AI算法工程师相关项目，重点使用Git版本控制、Docker容器、书面沟通、项目交付、职业伦理与隐私、Python编程；岗位、企业和薪资均为演示数据。,模拟岗位/演示数据，不代表真实招聘机会,synthetic,dev
JOB-AI-ALG-0194,ROLE-AI-ALG,AI算法工程师（0-1年）,教育科技,北京,remote,entry,bachelor_or_equivalent,full_time,17500,24500,参与AI算法工程师相关项目，重点使用Docker容器、书面沟通、项目交付、职业伦理与隐私、Python编程、数据结构与算法；岗位、企业和薪资均为演示数据。,模拟岗位/演示数据，不代表真实招聘机会,synthetic,dev
JOB-AI-ALG-0195,ROLE-AI-ALG,AI算法工程师（0-1年）,零售科技,深圳,onsite,entry,bachelor_or_equivalent,full_time,17000,24000,参与AI算法工程师相关项目，重点使用书面沟通、项目交付、职业伦理与隐私、Python编程、数据结构与算法、数据清洗；岗位、企业和薪资均为演示数据。,模拟岗位/演示数据，不代表真实招聘机会,synthetic,dev
JOB-AI-ALG-0196,ROLE-AI-ALG,AI算法工程师（0-1年）,金融科技,南京,hybrid,entry,bachelor_or_equivalent,full_time,15000,22000,参与AI算法工程师相关项目，重点使用项目交付、职业伦理与隐私、Python编程、数据结构与算法、数据清洗、统计学基础；岗位、企业和薪资均为演示数据。,模拟岗位/演示数据，不代表真实招聘机会,synthetic,dev
JOB-AI-ALG-0197,ROLE-AI-ALG,AI算法工程师（0-1年）,医疗信息化,成都,remote,entry,bachelor_or_equivalent,full_time,14000,21000,参与AI算法工程师相关项目，重点使用职业伦理与隐私、Python编程、数据结构与算法、数据清洗、统计学基础、线性代数；岗位、企业和薪资均为演示数据。,模拟岗位/演示数据，不代表真实招聘机会,synthetic,dev
JOB-AI-ALG-0198,ROLE-AI-ALG,AI算法工程师（0-1年）,物流科技,武汉,onsite,entry,bachelor_or_equivalent,full_time,13500,20500,参与AI算法工程师相关项目，重点使用Python编程、数据结构与算法、数据清洗、统计学基础、线性代数、微积分与优化；岗位、企业和薪资均为演示数据。,模拟岗位/演示数据，不代表真实招聘机会,synthetic,dev
JOB-AI-ALG-0199,ROLE-AI-ALG,AI算法工程师（0-1年）,内容平台,西安,hybrid,entry,bachelor_or_equivalent,full_time,13000,20000,参与AI算法工程师相关项目，重点使用数据结构与算法、数据清洗、统计学基础、线性代数、微积分与优化、机器学习；岗位、企业和薪资均为演示数据。,模拟岗位/演示数据，不代表真实招聘机会,synthetic,dev
JOB-AI-ALG-0200,ROLE-AI-ALG,AI算法工程师（0-1年）,企业服务,杭州,remote,entry,bachelor_or_equivalent,full_time,16500,23500,参与AI算法工程师相关项目，重点使用数据清洗、统计学基础、线性代数、微积分与优化、机器学习、特征工程；岗位、企业和薪资均为演示数据。,模拟岗位/演示数据，不代表真实招聘机会,synthetic,dev
JOB-AI-ALG-0201,ROLE-AI-ALG,AI算法工程师（0-1年）,智能制造,上海,onsite,entry,bachelor_or_equivalent,full_time,17000,24000,参与AI算法工程师相关项目，重点使用统计学基础、线性代数、微积分与优化、机器学习、特征工程、模型评估；岗位、企业和薪资均为演示数据。,模拟岗位/演示数据，不代表真实招聘机会,synthetic,dev
JOB-AI-ALG-0202,ROLE-AI-ALG,AI算法工程师（0-1年）,教育科技,北京,hybrid,entry,bachelor_or_equivalent,full_time,17500,24500,参与AI算法工程师相关项目，重点使用线性代数、微积分与优化、机器学习、特征工程、模型评估、深度学习；岗位、企业和薪资均为演示数据。,模拟岗位/演示数据，不代表真实招聘机会,synthetic,dev
JOB-AI-ALG-0203,ROLE-AI-ALG,AI算法工程师（0-1年）,零售科技,深圳,remote,entry,bachelor_or_equivalent,full_time,17000,24000,参与AI算法工程师相关项目，重点使用微积分与优化、机器学习、特征工程、模型评估、深度学习、自然语言处理；岗位、企业和薪资均为演示数据。,模拟岗位/演示数据，不代表真实招聘机会,synthetic,dev
JOB-AI-ALG-0204,ROLE-AI-ALG,AI算法工程师（0-1年）,金融科技,南京,onsite,entry,bachelor_or_equivalent,full_time,15000,22000,参与AI算法工程师相关项目，重点使用机器学习、特征工程、模型评估、深度学习、自然语言处理、模型调优；岗位、企业和薪资均为演示数据。,模拟岗位/演示数据，不代表真实招聘机会,synthetic,dev
JOB-AI-ALG-0205,ROLE-AI-ALG,AI算法工程师（0-1年）,医疗信息化,成都,hybrid,entry,bachelor_or_equivalent,full_time,14000,21000,参与AI算法工程师相关项目，重点使用特征工程、模型评估、深度学习、自然语言处理、模型调优、大模型基础；岗位、企业和薪资均为演示数据。,模拟岗位/演示数据，不代表真实招聘机会,synthetic,dev
JOB-AI-ALG-0206,ROLE-AI-ALG,AI算法工程师（0-1年）,物流科技,武汉,remote,entry,bachelor_or_equivalent,full_time,13500,20500,参与AI算法工程师相关项目，重点使用模型评估、深度学习、自然语言处理、模型调优、大模型基础、Git版本控制；岗位、企业和薪资均为演示数据。,模拟岗位/演示数据，不代表真实招聘机会,synthetic,dev
JOB-AI-ALG-0207,ROLE-AI-ALG,AI算法工程师（0-1年）,内容平台,西安,onsite,entry,bachelor_or_equivalent,full_time,13000,20000,参与AI算法工程师相关项目，重点使用深度学习、自然语言处理、模型调优、大模型基础、Git版本控制、Docker容器；岗位、企业和薪资均为演示数据。,模拟岗位/演示数据，不代表真实招聘机会,synthetic,dev
JOB-AI-ALG-0208,ROLE-AI-ALG,AI算法工程师（0-1年）,企业服务,杭州,hybrid,entry,bachelor_or_equivalent,full_time,16500,23500,参与AI算法工程师相关项目，重点使用自然语言处理、模型调优、大模型基础、Git版本控制、Docker容器、书面沟通；岗位、企业和薪资均为演示数据。,模拟岗位/演示数据，不代表真实招聘机会,synthetic,dev
JOB-AI-ALG-0209,ROLE-AI-ALG,AI算法工程师（0-1年）,智能制造,上海,remote,entry,bachelor_or_equivalent,full_time,17000,24000,参与AI算法工程师相关项目，重点使用模型调优、大模型基础、Git版本控制、Docker容器、书面沟通、项目交付；岗位、企业和薪资均为演示数据。,模拟岗位/演示数据，不代表真实招聘机会,synthetic,dev
JOB-AI-ALG-0210,ROLE-AI-ALG,AI算法工程师（0-1年）,教育科技,北京,onsite,entry,bachelor_or_equivalent,full_time,17500,24500,参与AI算法工程师相关项目，重点使用大模型基础、Git版本控制、Docker容器、书面沟通、项目交付、职业伦理与隐私；岗位、企业和薪资均为演示数据。,模拟岗位/演示数据，不代表真实招聘机会,synthetic,dev
JOB-AI-ALG-0211,ROLE-AI-ALG,AI算法工程师（0-1年）,零售科技,深圳,hybrid,entry,bachelor_or_equivalent,full_time,17000,24000,参与AI算法工程师相关项目，重点使用Git版本控制、Docker容器、书面沟通、项目交付、职业伦理与隐私、Python编程；岗位、企业和薪资均为演示数据。,模拟岗位/演示数据，不代表真实招聘机会,synthetic,dev
JOB-AI-ALG-0212,ROLE-AI-ALG,AI算法工程师（0-1年）,金融科技,南京,remote,entry,bachelor_or_equivalent,full_time,15000,22000,参与AI算法工程师相关项目，重点使用Docker容器、书面沟通、项目交付、职业伦理与隐私、Python编程、数据结构与算法；岗位、企业和薪资均为演示数据。,模拟岗位/演示数据，不代表真实招聘机会,synthetic,dev
JOB-AI-ALG-0213,ROLE-AI-ALG,AI算法工程师（0-1年）,医疗信息化,成都,onsite,entry,bachelor_or_equivalent,full_time,14000,21000,参与AI算法工程师相关项目，重点使用书面沟通、项目交付、职业伦理与隐私、Python编程、数据结构与算法、数据清洗；岗位、企业和薪资均为演示数据。,模拟岗位/演示数据，不代表真实招聘机会,synthetic,dev
JOB-AI-ALG-0214,ROLE-AI-ALG,AI算法工程师（0-1年）,物流科技,武汉,hybrid,entry,bachelor_or_equivalent,full_time,13500,20500,参与AI算法工程师相关项目，重点使用项目交付、职业伦理与隐私、Python编程、数据结构与算法、数据清洗、统计学基础；岗位、企业和薪资均为演示数据。,模拟岗位/演示数据，不代表真实招聘机会,synthetic,dev
JOB-AI-ALG-0215,ROLE-AI-ALG,AI算法工程师（0-1年）,内容平台,西安,remote,entry,bachelor_or_equivalent,full_time,13000,20000,参与AI算法工程师相关项目，重点使用职业伦理与隐私、Python编程、数据结构与算法、数据清洗、统计学基础、线性代数；岗位、企业和薪资均为演示数据。,模拟岗位/演示数据，不代表真实招聘机会,synthetic,dev
JOB-AI-ALG-0216,ROLE-AI-ALG,AI算法工程师（0-1年）,企业服务,杭州,onsite,entry,bachelor_or_equivalent,full_time,16500,23500,参与AI算法工程师相关项目，重点使用Python编程、数据结构与算法、数据清洗、统计学基础、线性代数、微积分与优化；岗位、企业和薪资均为演示数据。,模拟岗位/演示数据，不代表真实招聘机会,synthetic,dev
JOB-AI-ALG-0217,ROLE-AI-ALG,AI算法工程师（0-1年）,智能制造,上海,hybrid,entry,bachelor_or_equivalent,full_time,17000,24000,参与AI算法工程师相关项目，重点使用数据结构与算法、数据清洗、统计学基础、线性代数、微积分与优化、机器学习；岗位、企业和薪资均为演示数据。,模拟岗位/演示数据，不代表真实招聘机会,synthetic,dev
JOB-AI-ALG-0218,ROLE-AI-ALG,AI算法工程师（0-1年）,教育科技,北京,remote,entry,bachelor_or_equivalent,full_time,17500,24500,参与AI算法工程师相关项目，重点使用数据清洗、统计学基础、线性代数、微积分与优化、机器学习、特征工程；岗位、企业和薪资均为演示数据。,模拟岗位/演示数据，不代表真实招聘机会,synthetic,dev
JOB-AI-ALG-0219,ROLE-AI-ALG,AI算法工程师（0-1年）,零售科技,深圳,onsite,entry,bachelor_or_equivalent,full_time,17000,24000,参与AI算法工程师相关项目，重点使用统计学基础、线性代数、微积分与优化、机器学习、特征工程、模型评估；岗位、企业和薪资均为演示数据。,模拟岗位/演示数据，不代表真实招聘机会,synthetic,dev
JOB-AI-ALG-0220,ROLE-AI-ALG,AI算法工程师（0-1年）,金融科技,南京,hybrid,entry,bachelor_or_equivalent,full_time,15000,22000,参与AI算法工程师相关项目，重点使用线性代数、微积分与优化、机器学习、特征工程、模型评估、深度学习；岗位、企业和薪资均为演示数据。,模拟岗位/演示数据，不代表真实招聘机会,synthetic,dev
JOB-AI-ALG-0221,ROLE-AI-ALG,AI算法工程师（0-1年）,医疗信息化,成都,remote,entry,bachelor_or_equivalent,full_time,14000,21000,参与AI算法工程师相关项目，重点使用微积分与优化、机器学习、特征工程、模型评估、深度学习、自然语言处理；岗位、企业和薪资均为演示数据。,模拟岗位/演示数据，不代表真实招聘机会,synthetic,dev
JOB-AI-ALG-0222,ROLE-AI-ALG,AI算法工程师（0-1年）,物流科技,武汉,onsite,entry,bachelor_or_equivalent,full_time,13500,20500,参与AI算法工程师相关项目，重点使用机器学习、特征工程、模型评估、深度学习、自然语言处理、模型调优；岗位、企业和薪资均为演示数据。,模拟岗位/演示数据，不代表真实招聘机会,synthetic,dev
JOB-AI-ALG-0223,ROLE-AI-ALG,AI算法工程师（0-1年）,内容平台,西安,hybrid,entry,bachelor_or_equivalent,full_time,13000,20000,参与AI算法工程师相关项目，重点使用特征工程、模型评估、深度学习、自然语言处理、模型调优、大模型基础；岗位、企业和薪资均为演示数据。,模拟岗位/演示数据，不代表真实招聘机会,synthetic,dev
JOB-AI-ALG-0224,ROLE-AI-ALG,AI算法工程师（0-1年）,企业服务,杭州,remote,entry,bachelor_or_equivalent,full_time,16500,23500,参与AI算法工程师相关项目，重点使用模型评估、深度学习、自然语言处理、模型调优、大模型基础、Git版本控制；岗位、企业和薪资均为演示数据。,模拟岗位/演示数据，不代表真实招聘机会,synthetic,dev
JOB-AI-ALG-0225,ROLE-AI-ALG,AI算法工程师（0-1年）,智能制造,上海,onsite,entry,bachelor_or_equivalent,full_time,17000,24000,参与AI算法工程师相关项目，重点使用深度学习、自然语言处理、模型调优、大模型基础、Git版本控制、Docker容器；岗位、企业和薪资均为演示数据。,模拟岗位/演示数据，不代表真实招聘机会,synthetic,dev
JOB-AI-ALG-0226,ROLE-AI-ALG,AI算法工程师（0-1年）,教育科技,北京,hybrid,entry,bachelor_or_equivalent,full_time,17500,24500,参与AI算法工程师相关项目，重点使用自然语言处理、模型调优、大模型基础、Git版本控制、Docker容器、书面沟通；岗位、企业和薪资均为演示数据。,模拟岗位/演示数据，不代表真实招聘机会,synthetic,dev
JOB-AI-ALG-0227,ROLE-AI-ALG,AI算法工程师（0-1年）,零售科技,深圳,remote,entry,bachelor_or_equivalent,full_time,17000,24000,参与AI算法工程师相关项目，重点使用模型调优、大模型基础、Git版本控制、Docker容器、书面沟通、项目交付；岗位、企业和薪资均为演示数据。,模拟岗位/演示数据，不代表真实招聘机会,synthetic,dev
JOB-AI-ALG-0228,ROLE-AI-ALG,AI算法工程师（0-1年）,金融科技,南京,onsite,entry,bachelor_or_equivalent,full_time,15000,22000,参与AI算法工程师相关项目，重点使用大模型基础、Git版本控制、Docker容器、书面沟通、项目交付、职业伦理与隐私；岗位、企业和薪资均为演示数据。,模拟岗位/演示数据，不代表真实招聘机会,synthetic,dev
JOB-AI-ALG-0229,ROLE-AI-ALG,AI算法工程师（0-1年）,医疗信息化,成都,hybrid,entry,bachelor_or_equivalent,full_time,14000,21000,参与AI算法工程师相关项目，重点使用Git版本控制、Docker容器、书面沟通、项目交付、职业伦理与隐私、Python编程；岗位、企业和薪资均为演示数据。,模拟岗位/演示数据，不代表真实招聘机会,synthetic,dev
JOB-AI-ALG-0230,ROLE-AI-ALG,AI算法工程师（0-1年）,物流科技,武汉,remote,entry,bachelor_or_equivalent,full_time,13500,20500,参与AI算法工程师相关项目，重点使用Docker容器、书面沟通、项目交付、职业伦理与隐私、Python编程、数据结构与算法；岗位、企业和薪资均为演示数据。,模拟岗位/演示数据，不代表真实招聘机会,synthetic,dev
JOB-AI-ALG-0231,ROLE-AI-ALG,AI算法工程师（0-1年）,内容平台,西安,onsite,entry,bachelor_or_equivalent,full_time,13000,20000,参与AI算法工程师相关项目，重点使用书面沟通、项目交付、职业伦理与隐私、Python编程、数据结构与算法、数据清洗；岗位、企业和薪资均为演示数据。,模拟岗位/演示数据，不代表真实招聘机会,synthetic,dev
JOB-AI-ALG-0232,ROLE-AI-ALG,AI算法工程师（0-1年）,企业服务,杭州,hybrid,entry,bachelor_or_equivalent,full_time,16500,23500,参与AI算法工程师相关项目，重点使用项目交付、职业伦理与隐私、Python编程、数据结构与算法、数据清洗、统计学基础；岗位、企业和薪资均为演示数据。,模拟岗位/演示数据，不代表真实招聘机会,synthetic,dev
JOB-AI-ALG-0233,ROLE-AI-ALG,AI算法工程师（0-1年）,智能制造,上海,remote,entry,bachelor_or_equivalent,full_time,17000,24000,参与AI算法工程师相关项目，重点使用职业伦理与隐私、Python编程、数据结构与算法、数据清洗、统计学基础、线性代数；岗位、企业和薪资均为演示数据。,模拟岗位/演示数据，不代表真实招聘机会,synthetic,dev
JOB-AI-ALG-0234,ROLE-AI-ALG,AI算法工程师（0-1年）,教育科技,北京,onsite,entry,bachelor_or_equivalent,full_time,17500,24500,参与AI算法工程师相关项目，重点使用Python编程、数据结构与算法、数据清洗、统计学基础、线性代数、微积分与优化；岗位、企业和薪资均为演示数据。,模拟岗位/演示数据，不代表真实招聘机会,synthetic,dev
JOB-AI-ALG-0235,ROLE-AI-ALG,AI算法工程师（0-1年）,零售科技,深圳,hybrid,entry,bachelor_or_equivalent,full_time,17000,24000,参与AI算法工程师相关项目，重点使用数据结构与算法、数据清洗、统计学基础、线性代数、微积分与优化、机器学习；岗位、企业和薪资均为演示数据。,模拟岗位/演示数据，不代表真实招聘机会,synthetic,dev
JOB-AI-ALG-0236,ROLE-AI-ALG,AI算法工程师（0-1年）,金融科技,南京,remote,entry,bachelor_or_equivalent,full_time,15000,22000,参与AI算法工程师相关项目，重点使用数据清洗、统计学基础、线性代数、微积分与优化、机器学习、特征工程；岗位、企业和薪资均为演示数据。,模拟岗位/演示数据，不代表真实招聘机会,synthetic,dev
JOB-AI-ALG-0237,ROLE-AI-ALG,AI算法工程师（0-1年）,医疗信息化,成都,onsite,entry,bachelor_or_equivalent,full_time,14000,21000,参与AI算法工程师相关项目，重点使用统计学基础、线性代数、微积分与优化、机器学习、特征工程、模型评估；岗位、企业和薪资均为演示数据。,模拟岗位/演示数据，不代表真实招聘机会,synthetic,dev
JOB-AI-ALG-0238,ROLE-AI-ALG,AI算法工程师（0-1年）,物流科技,武汉,hybrid,entry,bachelor_or_equivalent,full_time,13500,20500,参与AI算法工程师相关项目，重点使用线性代数、微积分与优化、机器学习、特征工程、模型评估、深度学习；岗位、企业和薪资均为演示数据。,模拟岗位/演示数据，不代表真实招聘机会,synthetic,dev
JOB-AI-ALG-0239,ROLE-AI-ALG,AI算法工程师（0-1年）,内容平台,西安,remote,entry,bachelor_or_equivalent,full_time,13000,20000,参与AI算法工程师相关项目，重点使用微积分与优化、机器学习、特征工程、模型评估、深度学习、自然语言处理；岗位、企业和薪资均为演示数据。,模拟岗位/演示数据，不代表真实招聘机会,synthetic,dev
JOB-AI-ALG-0240,ROLE-AI-ALG,AI算法工程师（0-1年）,企业服务,杭州,onsite,entry,bachelor_or_equivalent,full_time,16500,23500,参与AI算法工程师相关项目，重点使用机器学习、特征工程、模型评估、深度学习、自然语言处理、模型调优；岗位、企业和薪资均为演示数据。,模拟岗位/演示数据，不代表真实招聘机会,synthetic,dev
JOB-AI-ALG-0241,ROLE-AI-ALG,AI算法工程师（0-1年）,智能制造,上海,hybrid,entry,bachelor_or_equivalent,full_time,17000,24000,参与AI算法工程师相关项目，重点使用特征工程、模型评估、深度学习、自然语言处理、模型调优、大模型基础；岗位、企业和薪资均为演示数据。,模拟岗位/演示数据，不代表真实招聘机会,synthetic,dev
JOB-AI-ALG-0242,ROLE-AI-ALG,AI算法工程师（0-1年）,教育科技,北京,remote,entry,bachelor_or_equivalent,full_time,17500,24500,参与AI算法工程师相关项目，重点使用模型评估、深度学习、自然语言处理、模型调优、大模型基础、Git版本控制；岗位、企业和薪资均为演示数据。,模拟岗位/演示数据，不代表真实招聘机会,synthetic,dev
JOB-AI-ALG-0243,ROLE-AI-ALG,AI算法工程师（0-1年）,零售科技,深圳,onsite,entry,bachelor_or_equivalent,full_time,17000,24000,参与AI算法工程师相关项目，重点使用深度学习、自然语言处理、模型调优、大模型基础、Git版本控制、Docker容器；岗位、企业和薪资均为演示数据。,模拟岗位/演示数据，不代表真实招聘机会,synthetic,dev
JOB-AI-ALG-0244,ROLE-AI-ALG,AI算法工程师（0-1年）,金融科技,南京,hybrid,entry,bachelor_or_equivalent,full_time,15000,22000,参与AI算法工程师相关项目，重点使用自然语言处理、模型调优、大模型基础、Git版本控制、Docker容器、书面沟通；岗位、企业和薪资均为演示数据。,模拟岗位/演示数据，不代表真实招聘机会,synthetic,dev
JOB-AI-ALG-0245,ROLE-AI-ALG,AI算法工程师（0-1年）,医疗信息化,成都,remote,entry,bachelor_or_equivalent,full_time,14000,21000,参与AI算法工程师相关项目，重点使用模型调优、大模型基础、Git版本控制、Docker容器、书面沟通、项目交付；岗位、企业和薪资均为演示数据。,模拟岗位/演示数据，不代表真实招聘机会,synthetic,dev
JOB-AI-ALG-0246,ROLE-AI-ALG,AI算法工程师（0-1年）,物流科技,武汉,onsite,entry,bachelor_or_equivalent,full_time,13500,20500,参与AI算法工程师相关项目，重点使用大模型基础、Git版本控制、Docker容器、书面沟通、项目交付、职业伦理与隐私；岗位、企业和薪资均为演示数据。,模拟岗位/演示数据，不代表真实招聘机会,synthetic,dev
JOB-AI-ALG-0247,ROLE-AI-ALG,AI算法工程师（0-1年）,内容平台,西安,hybrid,entry,bachelor_or_equivalent,full_time,13000,20000,参与AI算法工程师相关项目，重点使用Git版本控制、Docker容器、书面沟通、项目交付、职业伦理与隐私、Python编程；岗位、企业和薪资均为演示数据。,模拟岗位/演示数据，不代表真实招聘机会,synthetic,dev
JOB-AI-ALG-0248,ROLE-AI-ALG,AI算法工程师（0-1年）,企业服务,杭州,remote,entry,bachelor_or_equivalent,full_time,16500,23500,参与AI算法工程师相关项目，重点使用Docker容器、书面沟通、项目交付、职业伦理与隐私、Python编程、数据结构与算法；岗位、企业和薪资均为演示数据。,模拟岗位/演示数据，不代表真实招聘机会,synthetic,dev
JOB-AI-ALG-0249,ROLE-AI-ALG,AI算法工程师（0-1年）,智能制造,上海,onsite,entry,bachelor_or_equivalent,full_time,17000,24000,参与AI算法工程师相关项目，重点使用书面沟通、项目交付、职业伦理与隐私、Python编程、数据结构与算法、数据清洗；岗位、企业和薪资均为演示数据。,模拟岗位/演示数据，不代表真实招聘机会,synthetic,dev
JOB-AI-ALG-0250,ROLE-AI-ALG,AI算法工程师（0-1年）,教育科技,北京,hybrid,entry,bachelor_or_equivalent,full_time,17500,24500,参与AI算法工程师相关项目，重点使用项目交付、职业伦理与隐私、Python编程、数据结构与算法、数据清洗、统计学基础；岗位、企业和薪资均为演示数据。,模拟岗位/演示数据，不代表真实招聘机会,synthetic,dev
JOB-AI-ALG-0251,ROLE-AI-ALG,AI算法工程师（0-1年）,零售科技,深圳,remote,entry,bachelor_or_equivalent,full_time,17000,24000,参与AI算法工程师相关项目，重点使用职业伦理与隐私、Python编程、数据结构与算法、数据清洗、统计学基础、线性代数；岗位、企业和薪资均为演示数据。,模拟岗位/演示数据，不代表真实招聘机会,synthetic,dev
JOB-AI-ALG-0252,ROLE-AI-ALG,AI算法工程师（0-1年）,金融科技,南京,onsite,entry,bachelor_or_equivalent,full_time,15000,22000,参与AI算法工程师相关项目，重点使用Python编程、数据结构与算法、数据清洗、统计学基础、线性代数、微积分与优化；岗位、企业和薪资均为演示数据。,模拟岗位/演示数据，不代表真实招聘机会,synthetic,dev
JOB-AI-ALG-0253,ROLE-AI-ALG,AI算法工程师（0-1年）,医疗信息化,成都,hybrid,entry,bachelor_or_equivalent,full_time,14000,21000,参与AI算法工程师相关项目，重点使用数据结构与算法、数据清洗、统计学基础、线性代数、微积分与优化、机器学习；岗位、企业和薪资均为演示数据。,模拟岗位/演示数据，不代表真实招聘机会,synthetic,dev
JOB-AI-ALG-0254,ROLE-AI-ALG,AI算法工程师（0-1年）,物流科技,武汉,remote,entry,bachelor_or_equivalent,full_time,13500,20500,参与AI算法工程师相关项目，重点使用数据清洗、统计学基础、线性代数、微积分与优化、机器学习、特征工程；岗位、企业和薪资均为演示数据。,模拟岗位/演示数据，不代表真实招聘机会,synthetic,dev
JOB-AI-ALG-0255,ROLE-AI-ALG,AI算法工程师（0-1年）,内容平台,西安,onsite,entry,bachelor_or_equivalent,full_time,13000,20000,参与AI算法工程师相关项目，重点使用统计学基础、线性代数、微积分与优化、机器学习、特征工程、模型评估；岗位、企业和薪资均为演示数据。,模拟岗位/演示数据，不代表真实招聘机会,synthetic,dev
JOB-AI-ALG-0256,ROLE-AI-ALG,AI算法工程师（0-1年）,企业服务,杭州,hybrid,entry,bachelor_or_equivalent,full_time,16500,23500,参与AI算法工程师相关项目，重点使用线性代数、微积分与优化、机器学习、特征工程、模型评估、深度学习；岗位、企业和薪资均为演示数据。,模拟岗位/演示数据，不代表真实招聘机会,synthetic,dev
JOB-AI-ALG-0257,ROLE-AI-ALG,AI算法工程师（0-1年）,智能制造,上海,remote,entry,bachelor_or_equivalent,full_time,17000,24000,参与AI算法工程师相关项目，重点使用微积分与优化、机器学习、特征工程、模型评估、深度学习、自然语言处理；岗位、企业和薪资均为演示数据。,模拟岗位/演示数据，不代表真实招聘机会,synthetic,dev
JOB-AI-ALG-0258,ROLE-AI-ALG,AI算法工程师（0-1年）,教育科技,北京,onsite,entry,bachelor_or_equivalent,full_time,17500,24500,参与AI算法工程师相关项目，重点使用机器学习、特征工程、模型评估、深度学习、自然语言处理、模型调优；岗位、企业和薪资均为演示数据。,模拟岗位/演示数据，不代表真实招聘机会,synthetic,dev
JOB-AI-ALG-0259,ROLE-AI-ALG,AI算法工程师（0-1年）,零售科技,深圳,hybrid,entry,bachelor_or_equivalent,full_time,17000,24000,参与AI算法工程师相关项目，重点使用特征工程、模型评估、深度学习、自然语言处理、模型调优、大模型基础；岗位、企业和薪资均为演示数据。,模拟岗位/演示数据，不代表真实招聘机会,synthetic,dev
JOB-AI-ALG-0260,ROLE-AI-ALG,AI算法工程师（0-1年）,金融科技,南京,remote,entry,bachelor_or_equivalent,full_time,15000,22000,参与AI算法工程师相关项目，重点使用模型评估、深度学习、自然语言处理、模型调优、大模型基础、Git版本控制；岗位、企业和薪资均为演示数据。,模拟岗位/演示数据，不代表真实招聘机会,synthetic,dev
JOB-AI-ALG-0261,ROLE-AI-ALG,AI算法工程师（0-1年）,医疗信息化,成都,onsite,entry,bachelor_or_equivalent,full_time,14000,21000,参与AI算法工程师相关项目，重点使用深度学习、自然语言处理、模型调优、大模型基础、Git版本控制、Docker容器；岗位、企业和薪资均为演示数据。,模拟岗位/演示数据，不代表真实招聘机会,synthetic,dev
JOB-AI-ALG-0262,ROLE-AI-ALG,AI算法工程师（0-1年）,物流科技,武汉,hybrid,entry,bachelor_or_equivalent,full_time,13500,20500,参与AI算法工程师相关项目，重点使用自然语言处理、模型调优、大模型基础、Git版本控制、Docker容器、书面沟通；岗位、企业和薪资均为演示数据。,模拟岗位/演示数据，不代表真实招聘机会,synthetic,dev
JOB-AI-ALG-0263,ROLE-AI-ALG,AI算法工程师（0-1年）,内容平台,西安,remote,entry,bachelor_or_equivalent,full_time,13000,20000,参与AI算法工程师相关项目，重点使用模型调优、大模型基础、Git版本控制、Docker容器、书面沟通、项目交付；岗位、企业和薪资均为演示数据。,模拟岗位/演示数据，不代表真实招聘机会,synthetic,dev
JOB-AI-ALG-0264,ROLE-AI-ALG,AI算法工程师（0-1年）,企业服务,杭州,onsite,entry,bachelor_or_equivalent,full_time,16500,23500,参与AI算法工程师相关项目，重点使用大模型基础、Git版本控制、Docker容器、书面沟通、项目交付、职业伦理与隐私；岗位、企业和薪资均为演示数据。,模拟岗位/演示数据，不代表真实招聘机会,synthetic,dev
JOB-AI-ALG-0265,ROLE-AI-ALG,AI算法工程师（0-1年）,智能制造,上海,hybrid,entry,bachelor_or_equivalent,full_time,17000,24000,参与AI算法工程师相关项目，重点使用Git版本控制、Docker容器、书面沟通、项目交付、职业伦理与隐私、Python编程；岗位、企业和薪资均为演示数据。,模拟岗位/演示数据，不代表真实招聘机会,synthetic,dev
JOB-AI-ALG-0266,ROLE-AI-ALG,AI算法工程师（0-1年）,教育科技,北京,remote,entry,bachelor_or_equivalent,full_time,17500,24500,参与AI算法工程师相关项目，重点使用Docker容器、书面沟通、项目交付、职业伦理与隐私、Python编程、数据结构与算法；岗位、企业和薪资均为演示数据。,模拟岗位/演示数据，不代表真实招聘机会,synthetic,dev
JOB-AI-ALG-0267,ROLE-AI-ALG,AI算法工程师（0-1年）,零售科技,深圳,onsite,entry,bachelor_or_equivalent,full_time,17000,24000,参与AI算法工程师相关项目，重点使用书面沟通、项目交付、职业伦理与隐私、Python编程、数据结构与算法、数据清洗；岗位、企业和薪资均为演示数据。,模拟岗位/演示数据，不代表真实招聘机会,synthetic,dev
JOB-AI-ALG-0268,ROLE-AI-ALG,AI算法工程师（0-1年）,金融科技,南京,hybrid,entry,bachelor_or_equivalent,full_time,15000,22000,参与AI算法工程师相关项目，重点使用项目交付、职业伦理与隐私、Python编程、数据结构与算法、数据清洗、统计学基础；岗位、企业和薪资均为演示数据。,模拟岗位/演示数据，不代表真实招聘机会,synthetic,dev
JOB-AI-ALG-0269,ROLE-AI-ALG,AI算法工程师（0-1年）,医疗信息化,成都,remote,entry,bachelor_or_equivalent,full_time,14000,21000,参与AI算法工程师相关项目，重点使用职业伦理与隐私、Python编程、数据结构与算法、数据清洗、统计学基础、线性代数；岗位、企业和薪资均为演示数据。,模拟岗位/演示数据，不代表真实招聘机会,synthetic,dev
JOB-AI-ALG-0270,ROLE-AI-ALG,AI算法工程师（0-1年）,物流科技,武汉,onsite,entry,bachelor_or_equivalent,full_time,13500,20500,参与AI算法工程师相关项目，重点使用Python编程、数据结构与算法、数据清洗、统计学基础、线性代数、微积分与优化；岗位、企业和薪资均为演示数据。,模拟岗位/演示数据，不代表真实招聘机会,synthetic,dev
JOB-AI-ALG-0271,ROLE-AI-ALG,AI算法工程师（0-1年）,内容平台,西安,hybrid,entry,bachelor_or_equivalent,full_time,13000,20000,参与AI算法工程师相关项目，重点使用数据结构与算法、数据清洗、统计学基础、线性代数、微积分与优化、机器学习；岗位、企业和薪资均为演示数据。,模拟岗位/演示数据，不代表真实招聘机会,synthetic,dev
JOB-AI-ALG-0272,ROLE-AI-ALG,AI算法工程师（0-1年）,企业服务,杭州,remote,entry,bachelor_or_equivalent,full_time,16500,23500,参与AI算法工程师相关项目，重点使用数据清洗、统计学基础、线性代数、微积分与优化、机器学习、特征工程；岗位、企业和薪资均为演示数据。,模拟岗位/演示数据，不代表真实招聘机会,synthetic,dev
JOB-AI-ALG-0273,ROLE-AI-ALG,AI算法工程师（0-1年）,智能制造,上海,onsite,entry,bachelor_or_equivalent,full_time,17000,24000,参与AI算法工程师相关项目，重点使用统计学基础、线性代数、微积分与优化、机器学习、特征工程、模型评估；岗位、企业和薪资均为演示数据。,模拟岗位/演示数据，不代表真实招聘机会,synthetic,dev
JOB-AI-ALG-0274,ROLE-AI-ALG,AI算法工程师（0-1年）,教育科技,北京,hybrid,entry,bachelor_or_equivalent,full_time,17500,24500,参与AI算法工程师相关项目，重点使用线性代数、微积分与优化、机器学习、特征工程、模型评估、深度学习；岗位、企业和薪资均为演示数据。,模拟岗位/演示数据，不代表真实招聘机会,synthetic,dev
JOB-AI-ALG-0275,ROLE-AI-ALG,AI算法工程师（0-1年）,零售科技,深圳,remote,entry,bachelor_or_equivalent,full_time,17000,24000,参与AI算法工程师相关项目，重点使用微积分与优化、机器学习、特征工程、模型评估、深度学习、自然语言处理；岗位、企业和薪资均为演示数据。,模拟岗位/演示数据，不代表真实招聘机会,synthetic,dev
JOB-AI-ALG-0276,ROLE-AI-ALG,AI算法工程师（0-1年）,金融科技,南京,onsite,entry,bachelor_or_equivalent,full_time,15000,22000,参与AI算法工程师相关项目，重点使用机器学习、特征工程、模型评估、深度学习、自然语言处理、模型调优；岗位、企业和薪资均为演示数据。,模拟岗位/演示数据，不代表真实招聘机会,synthetic,dev
JOB-AI-ALG-0277,ROLE-AI-ALG,AI算法工程师（0-1年）,医疗信息化,成都,hybrid,entry,bachelor_or_equivalent,full_time,14000,21000,参与AI算法工程师相关项目，重点使用特征工程、模型评估、深度学习、自然语言处理、模型调优、大模型基础；岗位、企业和薪资均为演示数据。,模拟岗位/演示数据，不代表真实招聘机会,synthetic,dev
JOB-AI-ALG-0278,ROLE-AI-ALG,AI算法工程师（0-1年）,物流科技,武汉,remote,entry,bachelor_or_equivalent,full_time,13500,20500,参与AI算法工程师相关项目，重点使用模型评估、深度学习、自然语言处理、模型调优、大模型基础、Git版本控制；岗位、企业和薪资均为演示数据。,模拟岗位/演示数据，不代表真实招聘机会,synthetic,dev
JOB-AI-ALG-0279,ROLE-AI-ALG,AI算法工程师（0-1年）,内容平台,西安,onsite,entry,bachelor_or_equivalent,full_time,13000,20000,参与AI算法工程师相关项目，重点使用深度学习、自然语言处理、模型调优、大模型基础、Git版本控制、Docker容器；岗位、企业和薪资均为演示数据。,模拟岗位/演示数据，不代表真实招聘机会,synthetic,dev
JOB-AI-ALG-0280,ROLE-AI-ALG,AI算法工程师（0-1年）,企业服务,杭州,hybrid,entry,bachelor_or_equivalent,full_time,16500,23500,参与AI算法工程师相关项目，重点使用自然语言处理、模型调优、大模型基础、Git版本控制、Docker容器、书面沟通；岗位、企业和薪资均为演示数据。,模拟岗位/演示数据，不代表真实招聘机会,synthetic,dev
JOB-AI-ALG-0281,ROLE-AI-ALG,AI算法工程师（0-1年）,智能制造,上海,remote,entry,bachelor_or_equivalent,full_time,17000,24000,参与AI算法工程师相关项目，重点使用模型调优、大模型基础、Git版本控制、Docker容器、书面沟通、项目交付；岗位、企业和薪资均为演示数据。,模拟岗位/演示数据，不代表真实招聘机会,synthetic,dev
JOB-AI-ALG-0282,ROLE-AI-ALG,AI算法工程师（0-1年）,教育科技,北京,onsite,entry,bachelor_or_equivalent,full_time,17500,24500,参与AI算法工程师相关项目，重点使用大模型基础、Git版本控制、Docker容器、书面沟通、项目交付、职业伦理与隐私；岗位、企业和薪资均为演示数据。,模拟岗位/演示数据，不代表真实招聘机会,synthetic,dev
JOB-AI-ALG-0283,ROLE-AI-ALG,AI算法工程师（0-1年）,零售科技,深圳,hybrid,entry,bachelor_or_equivalent,full_time,17000,24000,参与AI算法工程师相关项目，重点使用Git版本控制、Docker容器、书面沟通、项目交付、职业伦理与隐私、Python编程；岗位、企业和薪资均为演示数据。,模拟岗位/演示数据，不代表真实招聘机会,synthetic,dev
JOB-AI-ALG-0284,ROLE-AI-ALG,AI算法工程师（0-1年）,金融科技,南京,remote,entry,bachelor_or_equivalent,full_time,15000,22000,参与AI算法工程师相关项目，重点使用Docker容器、书面沟通、项目交付、职业伦理与隐私、Python编程、数据结构与算法；岗位、企业和薪资均为演示数据。,模拟岗位/演示数据，不代表真实招聘机会,synthetic,dev
JOB-AI-ALG-0285,ROLE-AI-ALG,AI算法工程师（0-1年）,医疗信息化,成都,onsite,entry,bachelor_or_equivalent,full_time,14000,21000,参与AI算法工程师相关项目，重点使用书面沟通、项目交付、职业伦理与隐私、Python编程、数据结构与算法、数据清洗；岗位、企业和薪资均为演示数据。,模拟岗位/演示数据，不代表真实招聘机会,synthetic,dev
JOB-AI-ALG-0286,ROLE-AI-ALG,AI算法工程师（0-1年）,物流科技,武汉,hybrid,entry,bachelor_or_equivalent,full_time,13500,20500,参与AI算法工程师相关项目，重点使用项目交付、职业伦理与隐私、Python编程、数据结构与算法、数据清洗、统计学基础；岗位、企业和薪资均为演示数据。,模拟岗位/演示数据，不代表真实招聘机会,synthetic,dev
JOB-AI-ALG-0287,ROLE-AI-ALG,AI算法工程师（0-1年）,内容平台,西安,remote,entry,bachelor_or_equivalent,full_time,13000,20000,参与AI算法工程师相关项目，重点使用职业伦理与隐私、Python编程、数据结构与算法、数据清洗、统计学基础、线性代数；岗位、企业和薪资均为演示数据。,模拟岗位/演示数据，不代表真实招聘机会,synthetic,dev
JOB-AI-ALG-0288,ROLE-AI-ALG,AI算法工程师（0-1年）,企业服务,杭州,onsite,entry,bachelor_or_equivalent,full_time,16500,23500,参与AI算法工程师相关项目，重点使用Python编程、数据结构与算法、数据清洗、统计学基础、线性代数、微积分与优化；岗位、企业和薪资均为演示数据。,模拟岗位/演示数据，不代表真实招聘机会,synthetic,dev
JOB-AI-ALG-0289,ROLE-AI-ALG,AI算法工程师（0-1年）,智能制造,上海,hybrid,entry,bachelor_or_equivalent,full_time,17000,24000,参与AI算法工程师相关项目，重点使用数据结构与算法、数据清洗、统计学基础、线性代数、微积分与优化、机器学习；岗位、企业和薪资均为演示数据。,模拟岗位/演示数据，不代表真实招聘机会,synthetic,dev
JOB-AI-ALG-0290,ROLE-AI-ALG,AI算法工程师（0-1年）,教育科技,北京,remote,entry,bachelor_or_equivalent,full_time,17500,24500,参与AI算法工程师相关项目，重点使用数据清洗、统计学基础、线性代数、微积分与优化、机器学习、特征工程；岗位、企业和薪资均为演示数据。,模拟岗位/演示数据，不代表真实招聘机会,synthetic,dev
JOB-AI-ALG-0291,ROLE-AI-ALG,AI算法工程师（0-1年）,零售科技,深圳,onsite,entry,bachelor_or_equivalent,full_time,17000,24000,参与AI算法工程师相关项目，重点使用统计学基础、线性代数、微积分与优化、机器学习、特征工程、模型评估；岗位、企业和薪资均为演示数据。,模拟岗位/演示数据，不代表真实招聘机会,synthetic,dev
JOB-AI-ALG-0292,ROLE-AI-ALG,AI算法工程师（0-1年）,金融科技,南京,hybrid,entry,bachelor_or_equivalent,full_time,15000,22000,参与AI算法工程师相关项目，重点使用线性代数、微积分与优化、机器学习、特征工程、模型评估、深度学习；岗位、企业和薪资均为演示数据。,模拟岗位/演示数据，不代表真实招聘机会,synthetic,dev
JOB-AI-ALG-0293,ROLE-AI-ALG,AI算法工程师（0-1年）,医疗信息化,成都,remote,entry,bachelor_or_equivalent,full_time,14000,21000,参与AI算法工程师相关项目，重点使用微积分与优化、机器学习、特征工程、模型评估、深度学习、自然语言处理；岗位、企业和薪资均为演示数据。,模拟岗位/演示数据，不代表真实招聘机会,synthetic,dev
JOB-AI-ALG-0294,ROLE-AI-ALG,AI算法工程师（0-1年）,物流科技,武汉,onsite,entry,bachelor_or_equivalent,full_time,13500,20500,参与AI算法工程师相关项目，重点使用机器学习、特征工程、模型评估、深度学习、自然语言处理、模型调优；岗位、企业和薪资均为演示数据。,模拟岗位/演示数据，不代表真实招聘机会,synthetic,dev
JOB-AI-ALG-0295,ROLE-AI-ALG,AI算法工程师（0-1年）,内容平台,西安,hybrid,entry,bachelor_or_equivalent,full_time,13000,20000,参与AI算法工程师相关项目，重点使用特征工程、模型评估、深度学习、自然语言处理、模型调优、大模型基础；岗位、企业和薪资均为演示数据。,模拟岗位/演示数据，不代表真实招聘机会,synthetic,dev
JOB-AI-ALG-0296,ROLE-AI-ALG,AI算法工程师（0-1年）,企业服务,杭州,remote,entry,bachelor_or_equivalent,full_time,16500,23500,参与AI算法工程师相关项目，重点使用模型评估、深度学习、自然语言处理、模型调优、大模型基础、Git版本控制；岗位、企业和薪资均为演示数据。,模拟岗位/演示数据，不代表真实招聘机会,synthetic,dev
JOB-AI-ALG-0297,ROLE-AI-ALG,AI算法工程师（0-1年）,智能制造,上海,onsite,entry,bachelor_or_equivalent,full_time,17000,24000,参与AI算法工程师相关项目，重点使用深度学习、自然语言处理、模型调优、大模型基础、Git版本控制、Docker容器；岗位、企业和薪资均为演示数据。,模拟岗位/演示数据，不代表真实招聘机会,synthetic,dev
JOB-AI-ALG-0298,ROLE-AI-ALG,AI算法工程师（0-1年）,教育科技,北京,hybrid,entry,bachelor_or_equivalent,full_time,17500,24500,参与AI算法工程师相关项目，重点使用自然语言处理、模型调优、大模型基础、Git版本控制、Docker容器、书面沟通；岗位、企业和薪资均为演示数据。,模拟岗位/演示数据，不代表真实招聘机会,synthetic,dev
JOB-AI-ALG-0299,ROLE-AI-ALG,AI算法工程师（0-1年）,零售科技,深圳,remote,entry,bachelor_or_equivalent,full_time,17000,24000,参与AI算法工程师相关项目，重点使用模型调优、大模型基础、Git版本控制、Docker容器、书面沟通、项目交付；岗位、企业和薪资均为演示数据。,模拟岗位/演示数据，不代表真实招聘机会,synthetic,dev
JOB-AI-ALG-0300,ROLE-AI-ALG,AI算法工程师（0-1年）,金融科技,南京,onsite,entry,bachelor_or_equivalent,full_time,15000,22000,参与AI算法工程师相关项目，重点使用大模型基础、Git版本控制、Docker容器、书面沟通、项目交付、职业伦理与隐私；岗位、企业和薪资均为演示数据。,模拟岗位/演示数据，不代表真实招聘机会,synthetic,dev
JOB-AI-ALG-0301,ROLE-AI-ALG,AI算法工程师（0-1年）,医疗信息化,成都,hybrid,entry,bachelor_or_equivalent,full_time,14000,21000,参与AI算法工程师相关项目，重点使用Git版本控制、Docker容器、书面沟通、项目交付、职业伦理与隐私、Python编程；岗位、企业和薪资均为演示数据。,模拟岗位/演示数据，不代表真实招聘机会,synthetic,dev
JOB-AI-ALG-0302,ROLE-AI-ALG,AI算法工程师（0-1年）,物流科技,武汉,remote,entry,bachelor_or_equivalent,full_time,13500,20500,参与AI算法工程师相关项目，重点使用Docker容器、书面沟通、项目交付、职业伦理与隐私、Python编程、数据结构与算法；岗位、企业和薪资均为演示数据。,模拟岗位/演示数据，不代表真实招聘机会,synthetic,dev
JOB-AI-ALG-0303,ROLE-AI-ALG,AI算法工程师（0-1年）,内容平台,西安,onsite,entry,bachelor_or_equivalent,full_time,13000,20000,参与AI算法工程师相关项目，重点使用书面沟通、项目交付、职业伦理与隐私、Python编程、数据结构与算法、数据清洗；岗位、企业和薪资均为演示数据。,模拟岗位/演示数据，不代表真实招聘机会,synthetic,dev
JOB-AI-ALG-0304,ROLE-AI-ALG,AI算法工程师（0-1年）,企业服务,杭州,hybrid,entry,bachelor_or_equivalent,full_time,16500,23500,参与AI算法工程师相关项目，重点使用项目交付、职业伦理与隐私、Python编程、数据结构与算法、数据清洗、统计学基础；岗位、企业和薪资均为演示数据。,模拟岗位/演示数据，不代表真实招聘机会,synthetic,dev
JOB-AI-ALG-0305,ROLE-AI-ALG,AI算法工程师（0-1年）,智能制造,上海,remote,entry,bachelor_or_equivalent,full_time,17000,24000,参与AI算法工程师相关项目，重点使用职业伦理与隐私、Python编程、数据结构与算法、数据清洗、统计学基础、线性代数；岗位、企业和薪资均为演示数据。,模拟岗位/演示数据，不代表真实招聘机会,synthetic,dev
JOB-AI-ALG-0306,ROLE-AI-ALG,AI算法工程师（0-1年）,教育科技,北京,onsite,entry,bachelor_or_equivalent,full_time,17500,24500,参与AI算法工程师相关项目，重点使用Python编程、数据结构与算法、数据清洗、统计学基础、线性代数、微积分与优化；岗位、企业和薪资均为演示数据。,模拟岗位/演示数据，不代表真实招聘机会,synthetic,dev
JOB-AI-ALG-0307,ROLE-AI-ALG,AI算法工程师（0-1年）,零售科技,深圳,hybrid,entry,bachelor_or_equivalent,full_time,17000,24000,参与AI算法工程师相关项目，重点使用数据结构与算法、数据清洗、统计学基础、线性代数、微积分与优化、机器学习；岗位、企业和薪资均为演示数据。,模拟岗位/演示数据，不代表真实招聘机会,synthetic,dev
JOB-AI-ALG-0308,ROLE-AI-ALG,AI算法工程师（0-1年）,金融科技,南京,remote,entry,bachelor_or_equivalent,full_time,15000,22000,参与AI算法工程师相关项目，重点使用数据清洗、统计学基础、线性代数、微积分与优化、机器学习、特征工程；岗位、企业和薪资均为演示数据。,模拟岗位/演示数据，不代表真实招聘机会,synthetic,dev
JOB-AI-ALG-0309,ROLE-AI-ALG,AI算法工程师（0-1年）,医疗信息化,成都,onsite,entry,bachelor_or_equivalent,full_time,14000,21000,参与AI算法工程师相关项目，重点使用统计学基础、线性代数、微积分与优化、机器学习、特征工程、模型评估；岗位、企业和薪资均为演示数据。,模拟岗位/演示数据，不代表真实招聘机会,synthetic,dev
JOB-AI-ALG-0310,ROLE-AI-ALG,AI算法工程师（0-1年）,物流科技,武汉,hybrid,entry,bachelor_or_equivalent,full_time,13500,20500,参与AI算法工程师相关项目，重点使用线性代数、微积分与优化、机器学习、特征工程、模型评估、深度学习；岗位、企业和薪资均为演示数据。,模拟岗位/演示数据，不代表真实招聘机会,synthetic,dev
JOB-AI-ALG-0311,ROLE-AI-ALG,AI算法工程师（0-1年）,内容平台,西安,remote,entry,bachelor_or_equivalent,full_time,13000,20000,参与AI算法工程师相关项目，重点使用微积分与优化、机器学习、特征工程、模型评估、深度学习、自然语言处理；岗位、企业和薪资均为演示数据。,模拟岗位/演示数据，不代表真实招聘机会,synthetic,dev
JOB-AI-ALG-0312,ROLE-AI-ALG,AI算法工程师（0-1年）,企业服务,杭州,onsite,entry,bachelor_or_equivalent,full_time,16500,23500,参与AI算法工程师相关项目，重点使用机器学习、特征工程、模型评估、深度学习、自然语言处理、模型调优；岗位、企业和薪资均为演示数据。,模拟岗位/演示数据，不代表真实招聘机会,synthetic,dev
JOB-AI-ALG-0313,ROLE-AI-ALG,AI算法工程师（0-1年）,智能制造,上海,hybrid,entry,bachelor_or_equivalent,full_time,17000,24000,参与AI算法工程师相关项目，重点使用特征工程、模型评估、深度学习、自然语言处理、模型调优、大模型基础；岗位、企业和薪资均为演示数据。,模拟岗位/演示数据，不代表真实招聘机会,synthetic,dev
JOB-AI-ALG-0314,ROLE-AI-ALG,AI算法工程师（0-1年）,教育科技,北京,remote,entry,bachelor_or_equivalent,full_time,17500,24500,参与AI算法工程师相关项目，重点使用模型评估、深度学习、自然语言处理、模型调优、大模型基础、Git版本控制；岗位、企业和薪资均为演示数据。,模拟岗位/演示数据，不代表真实招聘机会,synthetic,dev
JOB-AI-ALG-0315,ROLE-AI-ALG,AI算法工程师（0-1年）,零售科技,深圳,onsite,entry,bachelor_or_equivalent,full_time,17000,24000,参与AI算法工程师相关项目，重点使用深度学习、自然语言处理、模型调优、大模型基础、Git版本控制、Docker容器；岗位、企业和薪资均为演示数据。,模拟岗位/演示数据，不代表真实招聘机会,synthetic,dev
JOB-AI-ALG-0316,ROLE-AI-ALG,AI算法工程师（0-1年）,金融科技,南京,hybrid,entry,bachelor_or_equivalent,full_time,15000,22000,参与AI算法工程师相关项目，重点使用自然语言处理、模型调优、大模型基础、Git版本控制、Docker容器、书面沟通；岗位、企业和薪资均为演示数据。,模拟岗位/演示数据，不代表真实招聘机会,synthetic,dev
JOB-AI-ALG-0317,ROLE-AI-ALG,AI算法工程师（0-1年）,医疗信息化,成都,remote,entry,bachelor_or_equivalent,full_time,14000,21000,参与AI算法工程师相关项目，重点使用模型调优、大模型基础、Git版本控制、Docker容器、书面沟通、项目交付；岗位、企业和薪资均为演示数据。,模拟岗位/演示数据，不代表真实招聘机会,synthetic,dev
JOB-AI-ALG-0318,ROLE-AI-ALG,AI算法工程师（0-1年）,物流科技,武汉,onsite,entry,bachelor_or_equivalent,full_time,13500,20500,参与AI算法工程师相关项目，重点使用大模型基础、Git版本控制、Docker容器、书面沟通、项目交付、职业伦理与隐私；岗位、企业和薪资均为演示数据。,模拟岗位/演示数据，不代表真实招聘机会,synthetic,dev
JOB-AI-ALG-0319,ROLE-AI-ALG,AI算法工程师（0-1年）,内容平台,西安,hybrid,entry,bachelor_or_equivalent,full_time,13000,20000,参与AI算法工程师相关项目，重点使用Git版本控制、Docker容器、书面沟通、项目交付、职业伦理与隐私、Python编程；岗位、企业和薪资均为演示数据。,模拟岗位/演示数据，不代表真实招聘机会,synthetic,dev
JOB-AI-ALG-0320,ROLE-AI-ALG,AI算法工程师（0-1年）,企业服务,杭州,remote,entry,bachelor_or_equivalent,full_time,16500,23500,参与AI算法工程师相关项目，重点使用Docker容器、书面沟通、项目交付、职业伦理与隐私、Python编程、数据结构与算法；岗位、企业和薪资均为演示数据。,模拟岗位/演示数据，不代表真实招聘机会,synthetic,dev
JOB-AI-ALG-0321,ROLE-AI-ALG,AI算法工程师（0-1年）,智能制造,上海,onsite,entry,bachelor_or_equivalent,full_time,17000,24000,参与AI算法工程师相关项目，重点使用书面沟通、项目交付、职业伦理与隐私、Python编程、数据结构与算法、数据清洗；岗位、企业和薪资均为演示数据。,模拟岗位/演示数据，不代表真实招聘机会,synthetic,dev
JOB-AI-ALG-0322,ROLE-AI-ALG,AI算法工程师（0-1年）,教育科技,北京,hybrid,entry,bachelor_or_equivalent,full_time,17500,24500,参与AI算法工程师相关项目，重点使用项目交付、职业伦理与隐私、Python编程、数据结构与算法、数据清洗、统计学基础；岗位、企业和薪资均为演示数据。,模拟岗位/演示数据，不代表真实招聘机会,synthetic,dev
JOB-AI-ALG-0323,ROLE-AI-ALG,AI算法工程师（0-1年）,零售科技,深圳,remote,entry,bachelor_or_equivalent,full_time,17000,24000,参与AI算法工程师相关项目，重点使用职业伦理与隐私、Python编程、数据结构与算法、数据清洗、统计学基础、线性代数；岗位、企业和薪资均为演示数据。,模拟岗位/演示数据，不代表真实招聘机会,synthetic,dev
JOB-AI-ALG-0324,ROLE-AI-ALG,AI算法工程师（0-1年）,金融科技,南京,onsite,entry,bachelor_or_equivalent,full_time,15000,22000,参与AI算法工程师相关项目，重点使用Python编程、数据结构与算法、数据清洗、统计学基础、线性代数、微积分与优化；岗位、企业和薪资均为演示数据。,模拟岗位/演示数据，不代表真实招聘机会,synthetic,dev
JOB-AI-ALG-0325,ROLE-AI-ALG,AI算法工程师（0-1年）,医疗信息化,成都,hybrid,entry,bachelor_or_equivalent,full_time,14000,21000,参与AI算法工程师相关项目，重点使用数据结构与算法、数据清洗、统计学基础、线性代数、微积分与优化、机器学习；岗位、企业和薪资均为演示数据。,模拟岗位/演示数据，不代表真实招聘机会,synthetic,dev
JOB-AI-ALG-0326,ROLE-AI-ALG,AI算法工程师（0-1年）,物流科技,武汉,remote,entry,bachelor_or_equivalent,full_time,13500,20500,参与AI算法工程师相关项目，重点使用数据清洗、统计学基础、线性代数、微积分与优化、机器学习、特征工程；岗位、企业和薪资均为演示数据。,模拟岗位/演示数据，不代表真实招聘机会,synthetic,dev
JOB-AI-ALG-0327,ROLE-AI-ALG,AI算法工程师（0-1年）,内容平台,西安,onsite,entry,bachelor_or_equivalent,full_time,13000,20000,参与AI算法工程师相关项目，重点使用统计学基础、线性代数、微积分与优化、机器学习、特征工程、模型评估；岗位、企业和薪资均为演示数据。,模拟岗位/演示数据，不代表真实招聘机会,synthetic,dev
JOB-AI-ALG-0328,ROLE-AI-ALG,AI算法工程师（0-1年）,企业服务,杭州,hybrid,entry,bachelor_or_equivalent,full_time,16500,23500,参与AI算法工程师相关项目，重点使用线性代数、微积分与优化、机器学习、特征工程、模型评估、深度学习；岗位、企业和薪资均为演示数据。,模拟岗位/演示数据，不代表真实招聘机会,synthetic,dev
JOB-AI-ALG-0329,ROLE-AI-ALG,AI算法工程师（0-1年）,智能制造,上海,remote,entry,bachelor_or_equivalent,full_time,17000,24000,参与AI算法工程师相关项目，重点使用微积分与优化、机器学习、特征工程、模型评估、深度学习、自然语言处理；岗位、企业和薪资均为演示数据。,模拟岗位/演示数据，不代表真实招聘机会,synthetic,dev
JOB-AI-ALG-0330,ROLE-AI-ALG,AI算法工程师（0-1年）,教育科技,北京,onsite,entry,bachelor_or_equivalent,full_time,17500,24500,参与AI算法工程师相关项目，重点使用机器学习、特征工程、模型评估、深度学习、自然语言处理、模型调优；岗位、企业和薪资均为演示数据。,模拟岗位/演示数据，不代表真实招聘机会,synthetic,dev
JOB-AI-ALG-0331,ROLE-AI-ALG,AI算法工程师（0-1年）,零售科技,深圳,hybrid,entry,bachelor_or_equivalent,full_time,17000,24000,参与AI算法工程师相关项目，重点使用特征工程、模型评估、深度学习、自然语言处理、模型调优、大模型基础；岗位、企业和薪资均为演示数据。,模拟岗位/演示数据，不代表真实招聘机会,synthetic,dev
JOB-AI-ALG-0332,ROLE-AI-ALG,AI算法工程师（0-1年）,金融科技,南京,remote,entry,bachelor_or_equivalent,full_time,15000,22000,参与AI算法工程师相关项目，重点使用模型评估、深度学习、自然语言处理、模型调优、大模型基础、Git版本控制；岗位、企业和薪资均为演示数据。,模拟岗位/演示数据，不代表真实招聘机会,synthetic,dev
JOB-AI-ALG-0333,ROLE-AI-ALG,AI算法工程师（0-1年）,医疗信息化,成都,onsite,entry,bachelor_or_equivalent,full_time,14000,21000,参与AI算法工程师相关项目，重点使用深度学习、自然语言处理、模型调优、大模型基础、Git版本控制、Docker容器；岗位、企业和薪资均为演示数据。,模拟岗位/演示数据，不代表真实招聘机会,synthetic,dev
JOB-AI-ALG-0334,ROLE-AI-ALG,AI算法工程师（0-1年）,物流科技,武汉,hybrid,entry,bachelor_or_equivalent,full_time,13500,20500,参与AI算法工程师相关项目，重点使用自然语言处理、模型调优、大模型基础、Git版本控制、Docker容器、书面沟通；岗位、企业和薪资均为演示数据。,模拟岗位/演示数据，不代表真实招聘机会,synthetic,dev
JOB-AI-ALG-0335,ROLE-AI-ALG,AI算法工程师（1-3年）,内容平台,西安,remote,junior,master_preferred,full_time,18000,29000,参与AI算法工程师相关项目，重点使用模型调优、大模型基础、Git版本控制、Docker容器、书面沟通、项目交付；岗位、企业和薪资均为演示数据。,模拟岗位/演示数据，不代表真实招聘机会,synthetic,dev
JOB-AI-ALG-0336,ROLE-AI-ALG,AI算法工程师（1-3年）,企业服务,杭州,onsite,junior,master_preferred,full_time,22500,33500,参与AI算法工程师相关项目，重点使用大模型基础、Git版本控制、Docker容器、书面沟通、项目交付、职业伦理与隐私；岗位、企业和薪资均为演示数据。,模拟岗位/演示数据，不代表真实招聘机会,synthetic,dev
JOB-AI-ALG-0337,ROLE-AI-ALG,AI算法工程师（1-3年）,智能制造,上海,hybrid,junior,master_preferred,full_time,24000,35000,参与AI算法工程师相关项目，重点使用Git版本控制、Docker容器、书面沟通、项目交付、职业伦理与隐私、Python编程；岗位、企业和薪资均为演示数据。,模拟岗位/演示数据，不代表真实招聘机会,synthetic,dev
JOB-AI-ALG-0338,ROLE-AI-ALG,AI算法工程师（1-3年）,教育科技,北京,remote,junior,master_preferred,full_time,24000,35000,参与AI算法工程师相关项目，重点使用Docker容器、书面沟通、项目交付、职业伦理与隐私、Python编程、数据结构与算法；岗位、企业和薪资均为演示数据。,模拟岗位/演示数据，不代表真实招聘机会,synthetic,dev
JOB-AI-ALG-0339,ROLE-AI-ALG,AI算法工程师（1-3年）,零售科技,深圳,onsite,junior,master_preferred,full_time,23500,34500,参与AI算法工程师相关项目，重点使用书面沟通、项目交付、职业伦理与隐私、Python编程、数据结构与算法、数据清洗；岗位、企业和薪资均为演示数据。,模拟岗位/演示数据，不代表真实招聘机会,synthetic,dev
JOB-AI-ALG-0340,ROLE-AI-ALG,AI算法工程师（1-3年）,金融科技,南京,hybrid,junior,master_preferred,full_time,20500,31500,参与AI算法工程师相关项目，重点使用项目交付、职业伦理与隐私、Python编程、数据结构与算法、数据清洗、统计学基础；岗位、企业和薪资均为演示数据。,模拟岗位/演示数据，不代表真实招聘机会,synthetic,dev
JOB-AI-ALG-0341,ROLE-AI-ALG,AI算法工程师（1-3年）,医疗信息化,成都,remote,junior,master_preferred,full_time,19000,30000,参与AI算法工程师相关项目，重点使用职业伦理与隐私、Python编程、数据结构与算法、数据清洗、统计学基础、线性代数；岗位、企业和薪资均为演示数据。,模拟岗位/演示数据，不代表真实招聘机会,synthetic,dev
JOB-AI-ALG-0342,ROLE-AI-ALG,AI算法工程师（1-3年）,物流科技,武汉,onsite,junior,master_preferred,full_time,18500,29500,参与AI算法工程师相关项目，重点使用Python编程、数据结构与算法、数据清洗、统计学基础、线性代数、微积分与优化；岗位、企业和薪资均为演示数据。,模拟岗位/演示数据，不代表真实招聘机会,synthetic,dev
JOB-AI-ALG-0343,ROLE-AI-ALG,AI算法工程师（1-3年）,内容平台,西安,hybrid,junior,master_preferred,full_time,18000,29000,参与AI算法工程师相关项目，重点使用数据结构与算法、数据清洗、统计学基础、线性代数、微积分与优化、机器学习；岗位、企业和薪资均为演示数据。,模拟岗位/演示数据，不代表真实招聘机会,synthetic,dev
JOB-AI-ALG-0344,ROLE-AI-ALG,AI算法工程师（1-3年）,企业服务,杭州,remote,junior,master_preferred,full_time,22500,33500,参与AI算法工程师相关项目，重点使用数据清洗、统计学基础、线性代数、微积分与优化、机器学习、特征工程；岗位、企业和薪资均为演示数据。,模拟岗位/演示数据，不代表真实招聘机会,synthetic,dev
JOB-AI-ALG-0345,ROLE-AI-ALG,AI算法工程师（1-3年）,智能制造,上海,onsite,junior,master_preferred,full_time,24000,35000,参与AI算法工程师相关项目，重点使用统计学基础、线性代数、微积分与优化、机器学习、特征工程、模型评估；岗位、企业和薪资均为演示数据。,模拟岗位/演示数据，不代表真实招聘机会,synthetic,dev
JOB-AI-ALG-0346,ROLE-AI-ALG,AI算法工程师（1-3年）,教育科技,北京,hybrid,junior,master_preferred,full_time,24000,35000,参与AI算法工程师相关项目，重点使用线性代数、微积分与优化、机器学习、特征工程、模型评估、深度学习；岗位、企业和薪资均为演示数据。,模拟岗位/演示数据，不代表真实招聘机会,synthetic,dev
JOB-AI-ALG-0347,ROLE-AI-ALG,AI算法工程师（1-3年）,零售科技,深圳,remote,junior,master_preferred,full_time,23500,34500,参与AI算法工程师相关项目，重点使用微积分与优化、机器学习、特征工程、模型评估、深度学习、自然语言处理；岗位、企业和薪资均为演示数据。,模拟岗位/演示数据，不代表真实招聘机会,synthetic,dev
JOB-AI-ALG-0348,ROLE-AI-ALG,AI算法工程师（1-3年）,金融科技,南京,onsite,junior,master_preferred,full_time,20500,31500,参与AI算法工程师相关项目，重点使用机器学习、特征工程、模型评估、深度学习、自然语言处理、模型调优；岗位、企业和薪资均为演示数据。,模拟岗位/演示数据，不代表真实招聘机会,synthetic,dev
JOB-AI-ALG-0349,ROLE-AI-ALG,AI算法工程师（1-3年）,医疗信息化,成都,hybrid,junior,master_preferred,full_time,19000,30000,参与AI算法工程师相关项目，重点使用特征工程、模型评估、深度学习、自然语言处理、模型调优、大模型基础；岗位、企业和薪资均为演示数据。,模拟岗位/演示数据，不代表真实招聘机会,synthetic,dev
JOB-AI-ALG-0350,ROLE-AI-ALG,AI算法工程师（1-3年）,物流科技,武汉,remote,junior,master_preferred,full_time,18500,29500,参与AI算法工程师相关项目，重点使用模型评估、深度学习、自然语言处理、模型调优、大模型基础、Git版本控制；岗位、企业和薪资均为演示数据。,模拟岗位/演示数据，不代表真实招聘机会,synthetic,dev
JOB-AI-ALG-0351,ROLE-AI-ALG,AI算法工程师（1-3年）,内容平台,西安,onsite,junior,master_preferred,full_time,18000,29000,参与AI算法工程师相关项目，重点使用深度学习、自然语言处理、模型调优、大模型基础、Git版本控制、Docker容器；岗位、企业和薪资均为演示数据。,模拟岗位/演示数据，不代表真实招聘机会,synthetic,dev
JOB-AI-ALG-0352,ROLE-AI-ALG,AI算法工程师（1-3年）,企业服务,杭州,hybrid,junior,master_preferred,full_time,22500,33500,参与AI算法工程师相关项目，重点使用自然语言处理、模型调优、大模型基础、Git版本控制、Docker容器、书面沟通；岗位、企业和薪资均为演示数据。,模拟岗位/演示数据，不代表真实招聘机会,synthetic,dev
JOB-AI-ALG-0353,ROLE-AI-ALG,AI算法工程师（1-3年）,智能制造,上海,remote,junior,master_preferred,full_time,24000,35000,参与AI算法工程师相关项目，重点使用模型调优、大模型基础、Git版本控制、Docker容器、书面沟通、项目交付；岗位、企业和薪资均为演示数据。,模拟岗位/演示数据，不代表真实招聘机会,synthetic,dev
JOB-AI-ALG-0354,ROLE-AI-ALG,AI算法工程师（1-3年）,教育科技,北京,onsite,junior,master_preferred,full_time,24000,35000,参与AI算法工程师相关项目，重点使用大模型基础、Git版本控制、Docker容器、书面沟通、项目交付、职业伦理与隐私；岗位、企业和薪资均为演示数据。,模拟岗位/演示数据，不代表真实招聘机会,synthetic,dev
JOB-AI-ALG-0355,ROLE-AI-ALG,AI算法工程师（1-3年）,零售科技,深圳,hybrid,junior,master_preferred,full_time,23500,34500,参与AI算法工程师相关项目，重点使用Git版本控制、Docker容器、书面沟通、项目交付、职业伦理与隐私、Python编程；岗位、企业和薪资均为演示数据。,模拟岗位/演示数据，不代表真实招聘机会,synthetic,dev
JOB-AI-ALG-0356,ROLE-AI-ALG,AI算法工程师（1-3年）,金融科技,南京,remote,junior,master_preferred,full_time,20500,31500,参与AI算法工程师相关项目，重点使用Docker容器、书面沟通、项目交付、职业伦理与隐私、Python编程、数据结构与算法；岗位、企业和薪资均为演示数据。,模拟岗位/演示数据，不代表真实招聘机会,synthetic,dev
JOB-AI-ALG-0357,ROLE-AI-ALG,AI算法工程师（1-3年）,医疗信息化,成都,onsite,junior,master_preferred,full_time,19000,30000,参与AI算法工程师相关项目，重点使用书面沟通、项目交付、职业伦理与隐私、Python编程、数据结构与算法、数据清洗；岗位、企业和薪资均为演示数据。,模拟岗位/演示数据，不代表真实招聘机会,synthetic,dev
JOB-AI-ALG-0358,ROLE-AI-ALG,AI算法工程师（1-3年）,物流科技,武汉,hybrid,junior,master_preferred,full_time,18500,29500,参与AI算法工程师相关项目，重点使用项目交付、职业伦理与隐私、Python编程、数据结构与算法、数据清洗、统计学基础；岗位、企业和薪资均为演示数据。,模拟岗位/演示数据，不代表真实招聘机会,synthetic,dev
JOB-AI-ALG-0359,ROLE-AI-ALG,AI算法工程师（1-3年）,内容平台,西安,remote,junior,master_preferred,full_time,18000,29000,参与AI算法工程师相关项目，重点使用职业伦理与隐私、Python编程、数据结构与算法、数据清洗、统计学基础、线性代数；岗位、企业和薪资均为演示数据。,模拟岗位/演示数据，不代表真实招聘机会,synthetic,dev
JOB-AI-ALG-0360,ROLE-AI-ALG,AI算法工程师（1-3年）,企业服务,杭州,onsite,junior,master_preferred,full_time,22500,33500,参与AI算法工程师相关项目，重点使用Python编程、数据结构与算法、数据清洗、统计学基础、线性代数、微积分与优化；岗位、企业和薪资均为演示数据。,模拟岗位/演示数据，不代表真实招聘机会,synthetic,dev
JOB-AI-ALG-0361,ROLE-AI-ALG,AI算法工程师（1-3年）,智能制造,上海,hybrid,junior,master_preferred,full_time,24000,35000,参与AI算法工程师相关项目，重点使用数据结构与算法、数据清洗、统计学基础、线性代数、微积分与优化、机器学习；岗位、企业和薪资均为演示数据。,模拟岗位/演示数据，不代表真实招聘机会,synthetic,dev
JOB-AI-ALG-0362,ROLE-AI-ALG,AI算法工程师（1-3年）,教育科技,北京,remote,junior,master_preferred,full_time,24000,35000,参与AI算法工程师相关项目，重点使用数据清洗、统计学基础、线性代数、微积分与优化、机器学习、特征工程；岗位、企业和薪资均为演示数据。,模拟岗位/演示数据，不代表真实招聘机会,synthetic,dev
JOB-AI-ALG-0363,ROLE-AI-ALG,AI算法工程师（1-3年）,零售科技,深圳,onsite,junior,master_preferred,full_time,23500,34500,参与AI算法工程师相关项目，重点使用统计学基础、线性代数、微积分与优化、机器学习、特征工程、模型评估；岗位、企业和薪资均为演示数据。,模拟岗位/演示数据，不代表真实招聘机会,synthetic,dev
JOB-AI-ALG-0364,ROLE-AI-ALG,AI算法工程师（1-3年）,金融科技,南京,hybrid,junior,master_preferred,full_time,20500,31500,参与AI算法工程师相关项目，重点使用线性代数、微积分与优化、机器学习、特征工程、模型评估、深度学习；岗位、企业和薪资均为演示数据。,模拟岗位/演示数据，不代表真实招聘机会,synthetic,dev
JOB-AI-ALG-0365,ROLE-AI-ALG,AI算法工程师（1-3年）,医疗信息化,成都,remote,junior,master_preferred,full_time,19000,30000,参与AI算法工程师相关项目，重点使用微积分与优化、机器学习、特征工程、模型评估、深度学习、自然语言处理；岗位、企业和薪资均为演示数据。,模拟岗位/演示数据，不代表真实招聘机会,synthetic,dev
JOB-AI-ALG-0366,ROLE-AI-ALG,AI算法工程师（1-3年）,物流科技,武汉,onsite,junior,master_preferred,full_time,18500,29500,参与AI算法工程师相关项目，重点使用机器学习、特征工程、模型评估、深度学习、自然语言处理、模型调优；岗位、企业和薪资均为演示数据。,模拟岗位/演示数据，不代表真实招聘机会,synthetic,dev
JOB-AI-ALG-0367,ROLE-AI-ALG,AI算法工程师（1-3年）,内容平台,西安,hybrid,junior,master_preferred,full_time,18000,29000,参与AI算法工程师相关项目，重点使用特征工程、模型评估、深度学习、自然语言处理、模型调优、大模型基础；岗位、企业和薪资均为演示数据。,模拟岗位/演示数据，不代表真实招聘机会,synthetic,dev
JOB-AI-ALG-0368,ROLE-AI-ALG,AI算法工程师（1-3年）,企业服务,杭州,remote,junior,master_preferred,full_time,22500,33500,参与AI算法工程师相关项目，重点使用模型评估、深度学习、自然语言处理、模型调优、大模型基础、Git版本控制；岗位、企业和薪资均为演示数据。,模拟岗位/演示数据，不代表真实招聘机会,synthetic,dev
JOB-AI-ALG-0369,ROLE-AI-ALG,AI算法工程师（1-3年）,智能制造,上海,onsite,junior,master_preferred,full_time,24000,35000,参与AI算法工程师相关项目，重点使用深度学习、自然语言处理、模型调优、大模型基础、Git版本控制、Docker容器；岗位、企业和薪资均为演示数据。,模拟岗位/演示数据，不代表真实招聘机会,synthetic,dev
JOB-AI-ALG-0370,ROLE-AI-ALG,AI算法工程师（1-3年）,教育科技,北京,hybrid,junior,master_preferred,full_time,24000,35000,参与AI算法工程师相关项目，重点使用自然语言处理、模型调优、大模型基础、Git版本控制、Docker容器、书面沟通；岗位、企业和薪资均为演示数据。,模拟岗位/演示数据，不代表真实招聘机会,synthetic,dev
JOB-AI-ALG-0371,ROLE-AI-ALG,AI算法工程师（1-3年）,零售科技,深圳,remote,junior,master_preferred,full_time,23500,34500,参与AI算法工程师相关项目，重点使用模型调优、大模型基础、Git版本控制、Docker容器、书面沟通、项目交付；岗位、企业和薪资均为演示数据。,模拟岗位/演示数据，不代表真实招聘机会,synthetic,dev
JOB-AI-ALG-0372,ROLE-AI-ALG,AI算法工程师（1-3年）,金融科技,南京,onsite,junior,master_preferred,full_time,20500,31500,参与AI算法工程师相关项目，重点使用大模型基础、Git版本控制、Docker容器、书面沟通、项目交付、职业伦理与隐私；岗位、企业和薪资均为演示数据。,模拟岗位/演示数据，不代表真实招聘机会,synthetic,dev
JOB-AI-ALG-0373,ROLE-AI-ALG,AI算法工程师（1-3年）,医疗信息化,成都,hybrid,junior,master_preferred,full_time,19000,30000,参与AI算法工程师相关项目，重点使用Git版本控制、Docker容器、书面沟通、项目交付、职业伦理与隐私、Python编程；岗位、企业和薪资均为演示数据。,模拟岗位/演示数据，不代表真实招聘机会,synthetic,dev
JOB-AI-ALG-0374,ROLE-AI-ALG,AI算法工程师（1-3年）,物流科技,武汉,remote,junior,master_preferred,full_time,18500,29500,参与AI算法工程师相关项目，重点使用Docker容器、书面沟通、项目交付、职业伦理与隐私、Python编程、数据结构与算法；岗位、企业和薪资均为演示数据。,模拟岗位/演示数据，不代表真实招聘机会,synthetic,dev
JOB-AI-ALG-0375,ROLE-AI-ALG,AI算法工程师（1-3年）,内容平台,西安,onsite,junior,master_preferred,full_time,18000,29000,参与AI算法工程师相关项目，重点使用书面沟通、项目交付、职业伦理与隐私、Python编程、数据结构与算法、数据清洗；岗位、企业和薪资均为演示数据。,模拟岗位/演示数据，不代表真实招聘机会,synthetic,dev
JOB-AI-ALG-0376,ROLE-AI-ALG,AI算法工程师（1-3年）,企业服务,杭州,hybrid,junior,master_preferred,full_time,22500,33500,参与AI算法工程师相关项目，重点使用项目交付、职业伦理与隐私、Python编程、数据结构与算法、数据清洗、统计学基础；岗位、企业和薪资均为演示数据。,模拟岗位/演示数据，不代表真实招聘机会,synthetic,dev
JOB-AI-ALG-0377,ROLE-AI-ALG,AI算法工程师（1-3年）,智能制造,上海,remote,junior,master_preferred,full_time,24000,35000,参与AI算法工程师相关项目，重点使用职业伦理与隐私、Python编程、数据结构与算法、数据清洗、统计学基础、线性代数；岗位、企业和薪资均为演示数据。,模拟岗位/演示数据，不代表真实招聘机会,synthetic,dev
JOB-AI-ALG-0378,ROLE-AI-ALG,AI算法工程师（1-3年）,教育科技,北京,onsite,junior,master_preferred,full_time,24000,35000,参与AI算法工程师相关项目，重点使用Python编程、数据结构与算法、数据清洗、统计学基础、线性代数、微积分与优化；岗位、企业和薪资均为演示数据。,模拟岗位/演示数据，不代表真实招聘机会,synthetic,dev
JOB-AI-ALG-0379,ROLE-AI-ALG,AI算法工程师（1-3年）,零售科技,深圳,hybrid,junior,master_preferred,full_time,23500,34500,参与AI算法工程师相关项目，重点使用数据结构与算法、数据清洗、统计学基础、线性代数、微积分与优化、机器学习；岗位、企业和薪资均为演示数据。,模拟岗位/演示数据，不代表真实招聘机会,synthetic,dev
JOB-AI-ALG-0380,ROLE-AI-ALG,AI算法工程师（1-3年）,金融科技,南京,remote,junior,master_preferred,full_time,20500,31500,参与AI算法工程师相关项目，重点使用数据清洗、统计学基础、线性代数、微积分与优化、机器学习、特征工程；岗位、企业和薪资均为演示数据。,模拟岗位/演示数据，不代表真实招聘机会,synthetic,dev
JOB-AI-ALG-0381,ROLE-AI-ALG,AI算法工程师（1-3年）,医疗信息化,成都,onsite,junior,master_preferred,full_time,19000,30000,参与AI算法工程师相关项目，重点使用统计学基础、线性代数、微积分与优化、机器学习、特征工程、模型评估；岗位、企业和薪资均为演示数据。,模拟岗位/演示数据，不代表真实招聘机会,synthetic,dev
JOB-AI-ALG-0382,ROLE-AI-ALG,AI算法工程师（1-3年）,物流科技,武汉,hybrid,junior,master_preferred,full_time,18500,29500,参与AI算法工程师相关项目，重点使用线性代数、微积分与优化、机器学习、特征工程、模型评估、深度学习；岗位、企业和薪资均为演示数据。,模拟岗位/演示数据，不代表真实招聘机会,synthetic,dev
JOB-AI-ALG-0383,ROLE-AI-ALG,AI算法工程师（1-3年）,内容平台,西安,remote,junior,master_preferred,full_time,18000,29000,参与AI算法工程师相关项目，重点使用微积分与优化、机器学习、特征工程、模型评估、深度学习、自然语言处理；岗位、企业和薪资均为演示数据。,模拟岗位/演示数据，不代表真实招聘机会,synthetic,dev
JOB-AI-ALG-0384,ROLE-AI-ALG,AI算法工程师（1-3年）,企业服务,杭州,onsite,junior,master_preferred,full_time,22500,33500,参与AI算法工程师相关项目，重点使用机器学习、特征工程、模型评估、深度学习、自然语言处理、模型调优；岗位、企业和薪资均为演示数据。,模拟岗位/演示数据，不代表真实招聘机会,synthetic,dev
JOB-AI-ALG-0385,ROLE-AI-ALG,AI算法工程师（1-3年）,智能制造,上海,hybrid,junior,master_preferred,full_time,24000,35000,参与AI算法工程师相关项目，重点使用特征工程、模型评估、深度学习、自然语言处理、模型调优、大模型基础；岗位、企业和薪资均为演示数据。,模拟岗位/演示数据，不代表真实招聘机会,synthetic,dev
JOB-AI-ALG-0386,ROLE-AI-ALG,AI算法工程师（1-3年）,教育科技,北京,remote,junior,master_preferred,full_time,24000,35000,参与AI算法工程师相关项目，重点使用模型评估、深度学习、自然语言处理、模型调优、大模型基础、Git版本控制；岗位、企业和薪资均为演示数据。,模拟岗位/演示数据，不代表真实招聘机会,synthetic,dev
JOB-AI-ALG-0387,ROLE-AI-ALG,AI算法工程师（1-3年）,零售科技,深圳,onsite,junior,master_preferred,full_time,23500,34500,参与AI算法工程师相关项目，重点使用深度学习、自然语言处理、模型调优、大模型基础、Git版本控制、Docker容器；岗位、企业和薪资均为演示数据。,模拟岗位/演示数据，不代表真实招聘机会,synthetic,dev
JOB-AI-ALG-0388,ROLE-AI-ALG,AI算法工程师（1-3年）,金融科技,南京,hybrid,junior,master_preferred,full_time,20500,31500,参与AI算法工程师相关项目，重点使用自然语言处理、模型调优、大模型基础、Git版本控制、Docker容器、书面沟通；岗位、企业和薪资均为演示数据。,模拟岗位/演示数据，不代表真实招聘机会,synthetic,dev
JOB-AI-ALG-0389,ROLE-AI-ALG,AI算法工程师（1-3年）,医疗信息化,成都,remote,junior,master_preferred,full_time,19000,30000,参与AI算法工程师相关项目，重点使用模型调优、大模型基础、Git版本控制、Docker容器、书面沟通、项目交付；岗位、企业和薪资均为演示数据。,模拟岗位/演示数据，不代表真实招聘机会,synthetic,dev
JOB-AI-ALG-0390,ROLE-AI-ALG,AI算法工程师（1-3年）,物流科技,武汉,onsite,junior,master_preferred,full_time,18500,29500,参与AI算法工程师相关项目，重点使用大模型基础、Git版本控制、Docker容器、书面沟通、项目交付、职业伦理与隐私；岗位、企业和薪资均为演示数据。,模拟岗位/演示数据，不代表真实招聘机会,synthetic,dev
JOB-AI-ALG-0391,ROLE-AI-ALG,AI算法工程师（1-3年）,内容平台,西安,hybrid,junior,master_preferred,full_time,18000,29000,参与AI算法工程师相关项目，重点使用Git版本控制、Docker容器、书面沟通、项目交付、职业伦理与隐私、Python编程；岗位、企业和薪资均为演示数据。,模拟岗位/演示数据，不代表真实招聘机会,synthetic,dev
JOB-AI-ALG-0392,ROLE-AI-ALG,AI算法工程师（1-3年）,企业服务,杭州,remote,junior,master_preferred,full_time,22500,33500,参与AI算法工程师相关项目，重点使用Docker容器、书面沟通、项目交付、职业伦理与隐私、Python编程、数据结构与算法；岗位、企业和薪资均为演示数据。,模拟岗位/演示数据，不代表真实招聘机会,synthetic,dev
JOB-AI-ALG-0393,ROLE-AI-ALG,AI算法工程师（1-3年）,智能制造,上海,onsite,junior,master_preferred,full_time,24000,35000,参与AI算法工程师相关项目，重点使用书面沟通、项目交付、职业伦理与隐私、Python编程、数据结构与算法、数据清洗；岗位、企业和薪资均为演示数据。,模拟岗位/演示数据，不代表真实招聘机会,synthetic,dev
JOB-AI-ALG-0394,ROLE-AI-ALG,AI算法工程师（1-3年）,教育科技,北京,hybrid,junior,master_preferred,full_time,24000,35000,参与AI算法工程师相关项目，重点使用项目交付、职业伦理与隐私、Python编程、数据结构与算法、数据清洗、统计学基础；岗位、企业和薪资均为演示数据。,模拟岗位/演示数据，不代表真实招聘机会,synthetic,dev
JOB-AI-ALG-0395,ROLE-AI-ALG,AI算法工程师（1-3年）,零售科技,深圳,remote,junior,master_preferred,full_time,23500,34500,参与AI算法工程师相关项目，重点使用职业伦理与隐私、Python编程、数据结构与算法、数据清洗、统计学基础、线性代数；岗位、企业和薪资均为演示数据。,模拟岗位/演示数据，不代表真实招聘机会,synthetic,dev
JOB-AI-ALG-0396,ROLE-AI-ALG,AI算法工程师（1-3年）,金融科技,南京,onsite,junior,master_preferred,full_time,20500,31500,参与AI算法工程师相关项目，重点使用Python编程、数据结构与算法、数据清洗、统计学基础、线性代数、微积分与优化；岗位、企业和薪资均为演示数据。,模拟岗位/演示数据，不代表真实招聘机会,synthetic,dev
JOB-AI-ALG-0397,ROLE-AI-ALG,AI算法工程师（1-3年）,医疗信息化,成都,hybrid,junior,master_preferred,full_time,19000,30000,参与AI算法工程师相关项目，重点使用数据结构与算法、数据清洗、统计学基础、线性代数、微积分与优化、机器学习；岗位、企业和薪资均为演示数据。,模拟岗位/演示数据，不代表真实招聘机会,synthetic,dev
JOB-AI-ALG-0398,ROLE-AI-ALG,AI算法工程师（1-3年）,物流科技,武汉,remote,junior,master_preferred,full_time,18500,29500,参与AI算法工程师相关项目，重点使用数据清洗、统计学基础、线性代数、微积分与优化、机器学习、特征工程；岗位、企业和薪资均为演示数据。,模拟岗位/演示数据，不代表真实招聘机会,synthetic,dev
JOB-AI-ALG-0399,ROLE-AI-ALG,AI算法工程师（1-3年）,内容平台,西安,onsite,junior,master_preferred,full_time,18000,29000,参与AI算法工程师相关项目，重点使用统计学基础、线性代数、微积分与优化、机器学习、特征工程、模型评估；岗位、企业和薪资均为演示数据。,模拟岗位/演示数据，不代表真实招聘机会,synthetic,dev
JOB-AI-ALG-0400,ROLE-AI-ALG,AI算法工程师（1-3年）,企业服务,杭州,hybrid,junior,master_preferred,full_time,22500,33500,参与AI算法工程师相关项目，重点使用线性代数、微积分与优化、机器学习、特征工程、模型评估、深度学习；岗位、企业和薪资均为演示数据。,模拟岗位/演示数据，不代表真实招聘机会,synthetic,dev
JOB-AI-ALG-0401,ROLE-AI-ALG,AI算法工程师（1-3年）,智能制造,上海,remote,junior,master_preferred,full_time,24000,35000,参与AI算法工程师相关项目，重点使用微积分与优化、机器学习、特征工程、模型评估、深度学习、自然语言处理；岗位、企业和薪资均为演示数据。,模拟岗位/演示数据，不代表真实招聘机会,synthetic,test
JOB-AI-ALG-0402,ROLE-AI-ALG,AI算法工程师（1-3年）,教育科技,北京,onsite,junior,master_preferred,full_time,24000,35000,参与AI算法工程师相关项目，重点使用机器学习、特征工程、模型评估、深度学习、自然语言处理、模型调优；岗位、企业和薪资均为演示数据。,模拟岗位/演示数据，不代表真实招聘机会,synthetic,test
JOB-AI-ALG-0403,ROLE-AI-ALG,AI算法工程师（1-3年）,零售科技,深圳,hybrid,junior,master_preferred,full_time,23500,34500,参与AI算法工程师相关项目，重点使用特征工程、模型评估、深度学习、自然语言处理、模型调优、大模型基础；岗位、企业和薪资均为演示数据。,模拟岗位/演示数据，不代表真实招聘机会,synthetic,test
JOB-AI-ALG-0404,ROLE-AI-ALG,AI算法工程师（1-3年）,金融科技,南京,remote,junior,master_preferred,full_time,20500,31500,参与AI算法工程师相关项目，重点使用模型评估、深度学习、自然语言处理、模型调优、大模型基础、Git版本控制；岗位、企业和薪资均为演示数据。,模拟岗位/演示数据，不代表真实招聘机会,synthetic,test
JOB-AI-ALG-0405,ROLE-AI-ALG,AI算法工程师（1-3年）,医疗信息化,成都,onsite,junior,master_preferred,full_time,19000,30000,参与AI算法工程师相关项目，重点使用深度学习、自然语言处理、模型调优、大模型基础、Git版本控制、Docker容器；岗位、企业和薪资均为演示数据。,模拟岗位/演示数据，不代表真实招聘机会,synthetic,test
JOB-AI-ALG-0406,ROLE-AI-ALG,AI算法工程师（1-3年）,物流科技,武汉,hybrid,junior,master_preferred,full_time,18500,29500,参与AI算法工程师相关项目，重点使用自然语言处理、模型调优、大模型基础、Git版本控制、Docker容器、书面沟通；岗位、企业和薪资均为演示数据。,模拟岗位/演示数据，不代表真实招聘机会,synthetic,test
JOB-AI-ALG-0407,ROLE-AI-ALG,AI算法工程师（1-3年）,内容平台,西安,remote,junior,master_preferred,full_time,18000,29000,参与AI算法工程师相关项目，重点使用模型调优、大模型基础、Git版本控制、Docker容器、书面沟通、项目交付；岗位、企业和薪资均为演示数据。,模拟岗位/演示数据，不代表真实招聘机会,synthetic,test
JOB-AI-ALG-0408,ROLE-AI-ALG,AI算法工程师（1-3年）,企业服务,杭州,onsite,junior,master_preferred,full_time,22500,33500,参与AI算法工程师相关项目，重点使用大模型基础、Git版本控制、Docker容器、书面沟通、项目交付、职业伦理与隐私；岗位、企业和薪资均为演示数据。,模拟岗位/演示数据，不代表真实招聘机会,synthetic,test
JOB-AI-ALG-0409,ROLE-AI-ALG,AI算法工程师（1-3年）,智能制造,上海,hybrid,junior,master_preferred,full_time,24000,35000,参与AI算法工程师相关项目，重点使用Git版本控制、Docker容器、书面沟通、项目交付、职业伦理与隐私、Python编程；岗位、企业和薪资均为演示数据。,模拟岗位/演示数据，不代表真实招聘机会,synthetic,test
JOB-AI-ALG-0410,ROLE-AI-ALG,AI算法工程师（1-3年）,教育科技,北京,remote,junior,master_preferred,full_time,24000,35000,参与AI算法工程师相关项目，重点使用Docker容器、书面沟通、项目交付、职业伦理与隐私、Python编程、数据结构与算法；岗位、企业和薪资均为演示数据。,模拟岗位/演示数据，不代表真实招聘机会,synthetic,test
JOB-AI-ALG-0411,ROLE-AI-ALG,AI算法工程师（1-3年）,零售科技,深圳,onsite,junior,master_preferred,full_time,23500,34500,参与AI算法工程师相关项目，重点使用书面沟通、项目交付、职业伦理与隐私、Python编程、数据结构与算法、数据清洗；岗位、企业和薪资均为演示数据。,模拟岗位/演示数据，不代表真实招聘机会,synthetic,test
JOB-AI-ALG-0412,ROLE-AI-ALG,AI算法工程师（1-3年）,金融科技,南京,hybrid,junior,master_preferred,full_time,20500,31500,参与AI算法工程师相关项目，重点使用项目交付、职业伦理与隐私、Python编程、数据结构与算法、数据清洗、统计学基础；岗位、企业和薪资均为演示数据。,模拟岗位/演示数据，不代表真实招聘机会,synthetic,test
JOB-AI-ALG-0413,ROLE-AI-ALG,AI算法工程师（1-3年）,医疗信息化,成都,remote,junior,master_preferred,full_time,19000,30000,参与AI算法工程师相关项目，重点使用职业伦理与隐私、Python编程、数据结构与算法、数据清洗、统计学基础、线性代数；岗位、企业和薪资均为演示数据。,模拟岗位/演示数据，不代表真实招聘机会,synthetic,test
JOB-AI-ALG-0414,ROLE-AI-ALG,AI算法工程师（1-3年）,物流科技,武汉,onsite,junior,master_preferred,full_time,18500,29500,参与AI算法工程师相关项目，重点使用Python编程、数据结构与算法、数据清洗、统计学基础、线性代数、微积分与优化；岗位、企业和薪资均为演示数据。,模拟岗位/演示数据，不代表真实招聘机会,synthetic,test
JOB-AI-ALG-0415,ROLE-AI-ALG,AI算法工程师（1-3年）,内容平台,西安,hybrid,junior,master_preferred,full_time,18000,29000,参与AI算法工程师相关项目，重点使用数据结构与算法、数据清洗、统计学基础、线性代数、微积分与优化、机器学习；岗位、企业和薪资均为演示数据。,模拟岗位/演示数据，不代表真实招聘机会,synthetic,test
JOB-AI-ALG-0416,ROLE-AI-ALG,AI算法工程师（1-3年）,企业服务,杭州,remote,junior,master_preferred,full_time,22500,33500,参与AI算法工程师相关项目，重点使用数据清洗、统计学基础、线性代数、微积分与优化、机器学习、特征工程；岗位、企业和薪资均为演示数据。,模拟岗位/演示数据，不代表真实招聘机会,synthetic,test
JOB-AI-ALG-0417,ROLE-AI-ALG,AI算法工程师（1-3年）,智能制造,上海,onsite,junior,master_preferred,full_time,24000,35000,参与AI算法工程师相关项目，重点使用统计学基础、线性代数、微积分与优化、机器学习、特征工程、模型评估；岗位、企业和薪资均为演示数据。,模拟岗位/演示数据，不代表真实招聘机会,synthetic,test
JOB-AI-ALG-0418,ROLE-AI-ALG,AI算法工程师（1-3年）,教育科技,北京,hybrid,junior,master_preferred,full_time,24000,35000,参与AI算法工程师相关项目，重点使用线性代数、微积分与优化、机器学习、特征工程、模型评估、深度学习；岗位、企业和薪资均为演示数据。,模拟岗位/演示数据，不代表真实招聘机会,synthetic,test
JOB-AI-ALG-0419,ROLE-AI-ALG,AI算法工程师（1-3年）,零售科技,深圳,remote,junior,master_preferred,full_time,23500,34500,参与AI算法工程师相关项目，重点使用微积分与优化、机器学习、特征工程、模型评估、深度学习、自然语言处理；岗位、企业和薪资均为演示数据。,模拟岗位/演示数据，不代表真实招聘机会,synthetic,test
JOB-AI-ALG-0420,ROLE-AI-ALG,AI算法工程师（1-3年）,金融科技,南京,onsite,junior,master_preferred,full_time,20500,31500,参与AI算法工程师相关项目，重点使用机器学习、特征工程、模型评估、深度学习、自然语言处理、模型调优；岗位、企业和薪资均为演示数据。,模拟岗位/演示数据，不代表真实招聘机会,synthetic,test
JOB-AI-ALG-0421,ROLE-AI-ALG,AI算法工程师（1-3年）,医疗信息化,成都,hybrid,junior,master_preferred,full_time,19000,30000,参与AI算法工程师相关项目，重点使用特征工程、模型评估、深度学习、自然语言处理、模型调优、大模型基础；岗位、企业和薪资均为演示数据。,模拟岗位/演示数据，不代表真实招聘机会,synthetic,test
JOB-AI-ALG-0422,ROLE-AI-ALG,AI算法工程师（1-3年）,物流科技,武汉,remote,junior,master_preferred,full_time,18500,29500,参与AI算法工程师相关项目，重点使用模型评估、深度学习、自然语言处理、模型调优、大模型基础、Git版本控制；岗位、企业和薪资均为演示数据。,模拟岗位/演示数据，不代表真实招聘机会,synthetic,test
JOB-AI-ALG-0423,ROLE-AI-ALG,AI算法工程师（1-3年）,内容平台,西安,onsite,junior,master_preferred,full_time,18000,29000,参与AI算法工程师相关项目，重点使用深度学习、自然语言处理、模型调优、大模型基础、Git版本控制、Docker容器；岗位、企业和薪资均为演示数据。,模拟岗位/演示数据，不代表真实招聘机会,synthetic,test
JOB-AI-ALG-0424,ROLE-AI-ALG,AI算法工程师（1-3年）,企业服务,杭州,hybrid,junior,master_preferred,full_time,22500,33500,参与AI算法工程师相关项目，重点使用自然语言处理、模型调优、大模型基础、Git版本控制、Docker容器、书面沟通；岗位、企业和薪资均为演示数据。,模拟岗位/演示数据，不代表真实招聘机会,synthetic,test
JOB-AI-ALG-0425,ROLE-AI-ALG,AI算法工程师（1-3年）,智能制造,上海,remote,junior,master_preferred,full_time,24000,35000,参与AI算法工程师相关项目，重点使用模型调优、大模型基础、Git版本控制、Docker容器、书面沟通、项目交付；岗位、企业和薪资均为演示数据。,模拟岗位/演示数据，不代表真实招聘机会,synthetic,test
JOB-AI-ALG-0426,ROLE-AI-ALG,AI算法工程师（1-3年）,教育科技,北京,onsite,junior,master_preferred,full_time,24000,35000,参与AI算法工程师相关项目，重点使用大模型基础、Git版本控制、Docker容器、书面沟通、项目交付、职业伦理与隐私；岗位、企业和薪资均为演示数据。,模拟岗位/演示数据，不代表真实招聘机会,synthetic,test
JOB-AI-ALG-0427,ROLE-AI-ALG,AI算法工程师（1-3年）,零售科技,深圳,hybrid,junior,master_preferred,full_time,23500,34500,参与AI算法工程师相关项目，重点使用Git版本控制、Docker容器、书面沟通、项目交付、职业伦理与隐私、Python编程；岗位、企业和薪资均为演示数据。,模拟岗位/演示数据，不代表真实招聘机会,synthetic,test
JOB-AI-ALG-0428,ROLE-AI-ALG,AI算法工程师（1-3年）,金融科技,南京,remote,junior,master_preferred,full_time,20500,31500,参与AI算法工程师相关项目，重点使用Docker容器、书面沟通、项目交付、职业伦理与隐私、Python编程、数据结构与算法；岗位、企业和薪资均为演示数据。,模拟岗位/演示数据，不代表真实招聘机会,synthetic,test
JOB-AI-ALG-0429,ROLE-AI-ALG,AI算法工程师（1-3年）,医疗信息化,成都,onsite,junior,master_preferred,full_time,19000,30000,参与AI算法工程师相关项目，重点使用书面沟通、项目交付、职业伦理与隐私、Python编程、数据结构与算法、数据清洗；岗位、企业和薪资均为演示数据。,模拟岗位/演示数据，不代表真实招聘机会,synthetic,test
JOB-AI-ALG-0430,ROLE-AI-ALG,AI算法工程师（1-3年）,物流科技,武汉,hybrid,junior,master_preferred,full_time,18500,29500,参与AI算法工程师相关项目，重点使用项目交付、职业伦理与隐私、Python编程、数据结构与算法、数据清洗、统计学基础；岗位、企业和薪资均为演示数据。,模拟岗位/演示数据，不代表真实招聘机会,synthetic,test
JOB-AI-ALG-0431,ROLE-AI-ALG,AI算法工程师（1-3年）,内容平台,西安,remote,junior,master_preferred,full_time,18000,29000,参与AI算法工程师相关项目，重点使用职业伦理与隐私、Python编程、数据结构与算法、数据清洗、统计学基础、线性代数；岗位、企业和薪资均为演示数据。,模拟岗位/演示数据，不代表真实招聘机会,synthetic,test
JOB-AI-ALG-0432,ROLE-AI-ALG,AI算法工程师（1-3年）,企业服务,杭州,onsite,junior,master_preferred,full_time,22500,33500,参与AI算法工程师相关项目，重点使用Python编程、数据结构与算法、数据清洗、统计学基础、线性代数、微积分与优化；岗位、企业和薪资均为演示数据。,模拟岗位/演示数据，不代表真实招聘机会,synthetic,test
JOB-AI-ALG-0433,ROLE-AI-ALG,AI算法工程师（1-3年）,智能制造,上海,hybrid,junior,master_preferred,full_time,24000,35000,参与AI算法工程师相关项目，重点使用数据结构与算法、数据清洗、统计学基础、线性代数、微积分与优化、机器学习；岗位、企业和薪资均为演示数据。,模拟岗位/演示数据，不代表真实招聘机会,synthetic,test
JOB-AI-ALG-0434,ROLE-AI-ALG,AI算法工程师（1-3年）,教育科技,北京,remote,junior,master_preferred,full_time,24000,35000,参与AI算法工程师相关项目，重点使用数据清洗、统计学基础、线性代数、微积分与优化、机器学习、特征工程；岗位、企业和薪资均为演示数据。,模拟岗位/演示数据，不代表真实招聘机会,synthetic,test
JOB-AI-ALG-0435,ROLE-AI-ALG,AI算法工程师（1-3年）,零售科技,深圳,onsite,junior,master_preferred,full_time,23500,34500,参与AI算法工程师相关项目，重点使用统计学基础、线性代数、微积分与优化、机器学习、特征工程、模型评估；岗位、企业和薪资均为演示数据。,模拟岗位/演示数据，不代表真实招聘机会,synthetic,test
JOB-AI-ALG-0436,ROLE-AI-ALG,AI算法工程师（1-3年）,金融科技,南京,hybrid,junior,master_preferred,full_time,20500,31500,参与AI算法工程师相关项目，重点使用线性代数、微积分与优化、机器学习、特征工程、模型评估、深度学习；岗位、企业和薪资均为演示数据。,模拟岗位/演示数据，不代表真实招聘机会,synthetic,test
JOB-AI-ALG-0437,ROLE-AI-ALG,AI算法工程师（1-3年）,医疗信息化,成都,remote,junior,master_preferred,full_time,19000,30000,参与AI算法工程师相关项目，重点使用微积分与优化、机器学习、特征工程、模型评估、深度学习、自然语言处理；岗位、企业和薪资均为演示数据。,模拟岗位/演示数据，不代表真实招聘机会,synthetic,test
JOB-AI-ALG-0438,ROLE-AI-ALG,AI算法工程师（1-3年）,物流科技,武汉,onsite,junior,master_preferred,full_time,18500,29500,参与AI算法工程师相关项目，重点使用机器学习、特征工程、模型评估、深度学习、自然语言处理、模型调优；岗位、企业和薪资均为演示数据。,模拟岗位/演示数据，不代表真实招聘机会,synthetic,test
JOB-AI-ALG-0439,ROLE-AI-ALG,AI算法工程师（1-3年）,内容平台,西安,hybrid,junior,master_preferred,full_time,18000,29000,参与AI算法工程师相关项目，重点使用特征工程、模型评估、深度学习、自然语言处理、模型调优、大模型基础；岗位、企业和薪资均为演示数据。,模拟岗位/演示数据，不代表真实招聘机会,synthetic,test
JOB-AI-ALG-0440,ROLE-AI-ALG,AI算法工程师（1-3年）,企业服务,杭州,remote,junior,master_preferred,full_time,22500,33500,参与AI算法工程师相关项目，重点使用模型评估、深度学习、自然语言处理、模型调优、大模型基础、Git版本控制；岗位、企业和薪资均为演示数据。,模拟岗位/演示数据，不代表真实招聘机会,synthetic,test
JOB-AI-ALG-0441,ROLE-AI-ALG,AI算法工程师（1-3年）,智能制造,上海,onsite,junior,master_preferred,full_time,24000,35000,参与AI算法工程师相关项目，重点使用深度学习、自然语言处理、模型调优、大模型基础、Git版本控制、Docker容器；岗位、企业和薪资均为演示数据。,模拟岗位/演示数据，不代表真实招聘机会,synthetic,test
JOB-AI-ALG-0442,ROLE-AI-ALG,AI算法工程师（1-3年）,教育科技,北京,hybrid,junior,master_preferred,full_time,24000,35000,参与AI算法工程师相关项目，重点使用自然语言处理、模型调优、大模型基础、Git版本控制、Docker容器、书面沟通；岗位、企业和薪资均为演示数据。,模拟岗位/演示数据，不代表真实招聘机会,synthetic,test
JOB-AI-ALG-0443,ROLE-AI-ALG,AI算法工程师（1-3年）,零售科技,深圳,remote,junior,master_preferred,full_time,23500,34500,参与AI算法工程师相关项目，重点使用模型调优、大模型基础、Git版本控制、Docker容器、书面沟通、项目交付；岗位、企业和薪资均为演示数据。,模拟岗位/演示数据，不代表真实招聘机会,synthetic,test
JOB-AI-ALG-0444,ROLE-AI-ALG,AI算法工程师（1-3年）,金融科技,南京,onsite,junior,master_preferred,full_time,20500,31500,参与AI算法工程师相关项目，重点使用大模型基础、Git版本控制、Docker容器、书面沟通、项目交付、职业伦理与隐私；岗位、企业和薪资均为演示数据。,模拟岗位/演示数据，不代表真实招聘机会,synthetic,test
JOB-AI-ALG-0445,ROLE-AI-ALG,AI算法工程师（1-3年）,医疗信息化,成都,hybrid,junior,master_preferred,full_time,19000,30000,参与AI算法工程师相关项目，重点使用Git版本控制、Docker容器、书面沟通、项目交付、职业伦理与隐私、Python编程；岗位、企业和薪资均为演示数据。,模拟岗位/演示数据，不代表真实招聘机会,synthetic,test
JOB-AI-ALG-0446,ROLE-AI-ALG,AI算法工程师（1-3年）,物流科技,武汉,remote,junior,master_preferred,full_time,18500,29500,参与AI算法工程师相关项目，重点使用Docker容器、书面沟通、项目交付、职业伦理与隐私、Python编程、数据结构与算法；岗位、企业和薪资均为演示数据。,模拟岗位/演示数据，不代表真实招聘机会,synthetic,test
JOB-AI-ALG-0447,ROLE-AI-ALG,AI算法工程师（1-3年）,内容平台,西安,onsite,junior,master_preferred,full_time,18000,29000,参与AI算法工程师相关项目，重点使用书面沟通、项目交付、职业伦理与隐私、Python编程、数据结构与算法、数据清洗；岗位、企业和薪资均为演示数据。,模拟岗位/演示数据，不代表真实招聘机会,synthetic,test
JOB-AI-ALG-0448,ROLE-AI-ALG,AI算法工程师（1-3年）,企业服务,杭州,hybrid,junior,master_preferred,full_time,22500,33500,参与AI算法工程师相关项目，重点使用项目交付、职业伦理与隐私、Python编程、数据结构与算法、数据清洗、统计学基础；岗位、企业和薪资均为演示数据。,模拟岗位/演示数据，不代表真实招聘机会,synthetic,test
JOB-AI-ALG-0449,ROLE-AI-ALG,AI算法工程师（1-3年）,智能制造,上海,remote,junior,master_preferred,full_time,24000,35000,参与AI算法工程师相关项目，重点使用职业伦理与隐私、Python编程、数据结构与算法、数据清洗、统计学基础、线性代数；岗位、企业和薪资均为演示数据。,模拟岗位/演示数据，不代表真实招聘机会,synthetic,test
JOB-AI-ALG-0450,ROLE-AI-ALG,AI算法工程师（1-3年）,教育科技,北京,onsite,junior,master_preferred,full_time,24000,35000,参与AI算法工程师相关项目，重点使用Python编程、数据结构与算法、数据清洗、统计学基础、线性代数、微积分与优化；岗位、企业和薪资均为演示数据。,模拟岗位/演示数据，不代表真实招聘机会,synthetic,test
JOB-AI-ALG-0451,ROLE-AI-ALG,AI算法工程师（1-3年）,零售科技,深圳,hybrid,junior,master_preferred,full_time,23500,34500,参与AI算法工程师相关项目，重点使用数据结构与算法、数据清洗、统计学基础、线性代数、微积分与优化、机器学习；岗位、企业和薪资均为演示数据。,模拟岗位/演示数据，不代表真实招聘机会,synthetic,test
JOB-AI-ALG-0452,ROLE-AI-ALG,AI算法工程师（1-3年）,金融科技,南京,remote,junior,master_preferred,full_time,20500,31500,参与AI算法工程师相关项目，重点使用数据清洗、统计学基础、线性代数、微积分与优化、机器学习、特征工程；岗位、企业和薪资均为演示数据。,模拟岗位/演示数据，不代表真实招聘机会,synthetic,test
JOB-AI-ALG-0453,ROLE-AI-ALG,AI算法工程师（1-3年）,医疗信息化,成都,onsite,junior,master_preferred,full_time,19000,30000,参与AI算法工程师相关项目，重点使用统计学基础、线性代数、微积分与优化、机器学习、特征工程、模型评估；岗位、企业和薪资均为演示数据。,模拟岗位/演示数据，不代表真实招聘机会,synthetic,test
JOB-AI-ALG-0454,ROLE-AI-ALG,AI算法工程师（1-3年）,物流科技,武汉,hybrid,junior,master_preferred,full_time,18500,29500,参与AI算法工程师相关项目，重点使用线性代数、微积分与优化、机器学习、特征工程、模型评估、深度学习；岗位、企业和薪资均为演示数据。,模拟岗位/演示数据，不代表真实招聘机会,synthetic,test
JOB-AI-ALG-0455,ROLE-AI-ALG,AI算法工程师（1-3年）,内容平台,西安,remote,junior,master_preferred,full_time,18000,29000,参与AI算法工程师相关项目，重点使用微积分与优化、机器学习、特征工程、模型评估、深度学习、自然语言处理；岗位、企业和薪资均为演示数据。,模拟岗位/演示数据，不代表真实招聘机会,synthetic,test
JOB-AI-ALG-0456,ROLE-AI-ALG,AI算法工程师（1-3年）,企业服务,杭州,onsite,junior,master_preferred,full_time,22500,33500,参与AI算法工程师相关项目，重点使用机器学习、特征工程、模型评估、深度学习、自然语言处理、模型调优；岗位、企业和薪资均为演示数据。,模拟岗位/演示数据，不代表真实招聘机会,synthetic,test
JOB-AI-ALG-0457,ROLE-AI-ALG,AI算法工程师（1-3年）,智能制造,上海,hybrid,junior,master_preferred,full_time,24000,35000,参与AI算法工程师相关项目，重点使用特征工程、模型评估、深度学习、自然语言处理、模型调优、大模型基础；岗位、企业和薪资均为演示数据。,模拟岗位/演示数据，不代表真实招聘机会,synthetic,test
JOB-AI-ALG-0458,ROLE-AI-ALG,AI算法工程师（1-3年）,教育科技,北京,remote,junior,master_preferred,full_time,24000,35000,参与AI算法工程师相关项目，重点使用模型评估、深度学习、自然语言处理、模型调优、大模型基础、Git版本控制；岗位、企业和薪资均为演示数据。,模拟岗位/演示数据，不代表真实招聘机会,synthetic,test
JOB-AI-ALG-0459,ROLE-AI-ALG,AI算法工程师（1-3年）,零售科技,深圳,onsite,junior,master_preferred,full_time,23500,34500,参与AI算法工程师相关项目，重点使用深度学习、自然语言处理、模型调优、大模型基础、Git版本控制、Docker容器；岗位、企业和薪资均为演示数据。,模拟岗位/演示数据，不代表真实招聘机会,synthetic,test
JOB-AI-ALG-0460,ROLE-AI-ALG,AI算法工程师（1-3年）,金融科技,南京,hybrid,junior,master_preferred,full_time,20500,31500,参与AI算法工程师相关项目，重点使用自然语言处理、模型调优、大模型基础、Git版本控制、Docker容器、书面沟通；岗位、企业和薪资均为演示数据。,模拟岗位/演示数据，不代表真实招聘机会,synthetic,test
JOB-AI-ALG-0461,ROLE-AI-ALG,AI算法工程师（1-3年）,医疗信息化,成都,remote,junior,master_preferred,full_time,19000,30000,参与AI算法工程师相关项目，重点使用模型调优、大模型基础、Git版本控制、Docker容器、书面沟通、项目交付；岗位、企业和薪资均为演示数据。,模拟岗位/演示数据，不代表真实招聘机会,synthetic,test
JOB-AI-ALG-0462,ROLE-AI-ALG,AI算法工程师（1-3年）,物流科技,武汉,onsite,junior,master_preferred,full_time,18500,29500,参与AI算法工程师相关项目，重点使用大模型基础、Git版本控制、Docker容器、书面沟通、项目交付、职业伦理与隐私；岗位、企业和薪资均为演示数据。,模拟岗位/演示数据，不代表真实招聘机会,synthetic,test
JOB-AI-ALG-0463,ROLE-AI-ALG,AI算法工程师（1-3年）,内容平台,西安,hybrid,junior,master_preferred,full_time,18000,29000,参与AI算法工程师相关项目，重点使用Git版本控制、Docker容器、书面沟通、项目交付、职业伦理与隐私、Python编程；岗位、企业和薪资均为演示数据。,模拟岗位/演示数据，不代表真实招聘机会,synthetic,test
JOB-AI-ALG-0464,ROLE-AI-ALG,AI算法工程师（1-3年）,企业服务,杭州,remote,junior,master_preferred,full_time,22500,33500,参与AI算法工程师相关项目，重点使用Docker容器、书面沟通、项目交付、职业伦理与隐私、Python编程、数据结构与算法；岗位、企业和薪资均为演示数据。,模拟岗位/演示数据，不代表真实招聘机会,synthetic,test
JOB-AI-ALG-0465,ROLE-AI-ALG,AI算法工程师（1-3年）,智能制造,上海,onsite,junior,master_preferred,full_time,24000,35000,参与AI算法工程师相关项目，重点使用书面沟通、项目交付、职业伦理与隐私、Python编程、数据结构与算法、数据清洗；岗位、企业和薪资均为演示数据。,模拟岗位/演示数据，不代表真实招聘机会,synthetic,test
JOB-AI-ALG-0466,ROLE-AI-ALG,AI算法工程师（1-3年）,教育科技,北京,hybrid,junior,master_preferred,full_time,24000,35000,参与AI算法工程师相关项目，重点使用项目交付、职业伦理与隐私、Python编程、数据结构与算法、数据清洗、统计学基础；岗位、企业和薪资均为演示数据。,模拟岗位/演示数据，不代表真实招聘机会,synthetic,test
JOB-AI-ALG-0467,ROLE-AI-ALG,AI算法工程师（1-3年）,零售科技,深圳,remote,junior,master_preferred,full_time,23500,34500,参与AI算法工程师相关项目，重点使用职业伦理与隐私、Python编程、数据结构与算法、数据清洗、统计学基础、线性代数；岗位、企业和薪资均为演示数据。,模拟岗位/演示数据，不代表真实招聘机会,synthetic,test
JOB-AI-ALG-0468,ROLE-AI-ALG,AI算法工程师（1-3年）,金融科技,南京,onsite,junior,master_preferred,full_time,20500,31500,参与AI算法工程师相关项目，重点使用Python编程、数据结构与算法、数据清洗、统计学基础、线性代数、微积分与优化；岗位、企业和薪资均为演示数据。,模拟岗位/演示数据，不代表真实招聘机会,synthetic,test
JOB-AI-ALG-0469,ROLE-AI-ALG,AI算法工程师（1-3年）,医疗信息化,成都,hybrid,junior,master_preferred,full_time,19000,30000,参与AI算法工程师相关项目，重点使用数据结构与算法、数据清洗、统计学基础、线性代数、微积分与优化、机器学习；岗位、企业和薪资均为演示数据。,模拟岗位/演示数据，不代表真实招聘机会,synthetic,test
JOB-AI-ALG-0470,ROLE-AI-ALG,AI算法工程师（1-3年）,物流科技,武汉,remote,junior,master_preferred,full_time,18500,29500,参与AI算法工程师相关项目，重点使用数据清洗、统计学基础、线性代数、微积分与优化、机器学习、特征工程；岗位、企业和薪资均为演示数据。,模拟岗位/演示数据，不代表真实招聘机会,synthetic,test
JOB-AI-ALG-0471,ROLE-AI-ALG,AI算法工程师（1-3年）,内容平台,西安,onsite,junior,master_preferred,full_time,18000,29000,参与AI算法工程师相关项目，重点使用统计学基础、线性代数、微积分与优化、机器学习、特征工程、模型评估；岗位、企业和薪资均为演示数据。,模拟岗位/演示数据，不代表真实招聘机会,synthetic,test
JOB-AI-ALG-0472,ROLE-AI-ALG,AI算法工程师（1-3年）,企业服务,杭州,hybrid,junior,master_preferred,full_time,22500,33500,参与AI算法工程师相关项目，重点使用线性代数、微积分与优化、机器学习、特征工程、模型评估、深度学习；岗位、企业和薪资均为演示数据。,模拟岗位/演示数据，不代表真实招聘机会,synthetic,test
JOB-AI-ALG-0473,ROLE-AI-ALG,AI算法工程师（1-3年）,智能制造,上海,remote,junior,master_preferred,full_time,24000,35000,参与AI算法工程师相关项目，重点使用微积分与优化、机器学习、特征工程、模型评估、深度学习、自然语言处理；岗位、企业和薪资均为演示数据。,模拟岗位/演示数据，不代表真实招聘机会,synthetic,test
JOB-AI-ALG-0474,ROLE-AI-ALG,AI算法工程师（1-3年）,教育科技,北京,onsite,junior,master_preferred,full_time,24000,35000,参与AI算法工程师相关项目，重点使用机器学习、特征工程、模型评估、深度学习、自然语言处理、模型调优；岗位、企业和薪资均为演示数据。,模拟岗位/演示数据，不代表真实招聘机会,synthetic,test
JOB-AI-ALG-0475,ROLE-AI-ALG,AI算法工程师（1-3年）,零售科技,深圳,hybrid,junior,master_preferred,full_time,23500,34500,参与AI算法工程师相关项目，重点使用特征工程、模型评估、深度学习、自然语言处理、模型调优、大模型基础；岗位、企业和薪资均为演示数据。,模拟岗位/演示数据，不代表真实招聘机会,synthetic,test
JOB-AI-ALG-0476,ROLE-AI-ALG,AI算法工程师（1-3年）,金融科技,南京,remote,junior,master_preferred,full_time,20500,31500,参与AI算法工程师相关项目，重点使用模型评估、深度学习、自然语言处理、模型调优、大模型基础、Git版本控制；岗位、企业和薪资均为演示数据。,模拟岗位/演示数据，不代表真实招聘机会,synthetic,test
JOB-AI-ALG-0477,ROLE-AI-ALG,AI算法工程师（1-3年）,医疗信息化,成都,onsite,junior,master_preferred,full_time,19000,30000,参与AI算法工程师相关项目，重点使用深度学习、自然语言处理、模型调优、大模型基础、Git版本控制、Docker容器；岗位、企业和薪资均为演示数据。,模拟岗位/演示数据，不代表真实招聘机会,synthetic,test
JOB-AI-ALG-0478,ROLE-AI-ALG,AI算法工程师（1-3年）,物流科技,武汉,hybrid,junior,master_preferred,full_time,18500,29500,参与AI算法工程师相关项目，重点使用自然语言处理、模型调优、大模型基础、Git版本控制、Docker容器、书面沟通；岗位、企业和薪资均为演示数据。,模拟岗位/演示数据，不代表真实招聘机会,synthetic,test
JOB-AI-ALG-0479,ROLE-AI-ALG,AI算法工程师（1-3年）,内容平台,西安,remote,junior,master_preferred,full_time,18000,29000,参与AI算法工程师相关项目，重点使用模型调优、大模型基础、Git版本控制、Docker容器、书面沟通、项目交付；岗位、企业和薪资均为演示数据。,模拟岗位/演示数据，不代表真实招聘机会,synthetic,test
JOB-AI-ALG-0480,ROLE-AI-ALG,AI算法工程师（1-3年）,企业服务,杭州,onsite,junior,master_preferred,full_time,22500,33500,参与AI算法工程师相关项目，重点使用大模型基础、Git版本控制、Docker容器、书面沟通、项目交付、职业伦理与隐私；岗位、企业和薪资均为演示数据。,模拟岗位/演示数据，不代表真实招聘机会,synthetic,test
JOB-AI-ALG-0481,ROLE-AI-ALG,AI算法工程师（1-3年）,智能制造,上海,hybrid,junior,master_preferred,full_time,24000,35000,参与AI算法工程师相关项目，重点使用Git版本控制、Docker容器、书面沟通、项目交付、职业伦理与隐私、Python编程；岗位、企业和薪资均为演示数据。,模拟岗位/演示数据，不代表真实招聘机会,synthetic,test
JOB-AI-ALG-0482,ROLE-AI-ALG,AI算法工程师（1-3年）,教育科技,北京,remote,junior,master_preferred,full_time,24000,35000,参与AI算法工程师相关项目，重点使用Docker容器、书面沟通、项目交付、职业伦理与隐私、Python编程、数据结构与算法；岗位、企业和薪资均为演示数据。,模拟岗位/演示数据，不代表真实招聘机会,synthetic,test
JOB-AI-ALG-0483,ROLE-AI-ALG,AI算法工程师（1-3年）,零售科技,深圳,onsite,junior,master_preferred,full_time,23500,34500,参与AI算法工程师相关项目，重点使用书面沟通、项目交付、职业伦理与隐私、Python编程、数据结构与算法、数据清洗；岗位、企业和薪资均为演示数据。,模拟岗位/演示数据，不代表真实招聘机会,synthetic,test
JOB-AI-ALG-0484,ROLE-AI-ALG,AI算法工程师（1-3年）,金融科技,南京,hybrid,junior,master_preferred,full_time,20500,31500,参与AI算法工程师相关项目，重点使用项目交付、职业伦理与隐私、Python编程、数据结构与算法、数据清洗、统计学基础；岗位、企业和薪资均为演示数据。,模拟岗位/演示数据，不代表真实招聘机会,synthetic,test
JOB-AI-ALG-0485,ROLE-AI-ALG,AI算法工程师（1-3年）,医疗信息化,成都,remote,junior,master_preferred,full_time,19000,30000,参与AI算法工程师相关项目，重点使用职业伦理与隐私、Python编程、数据结构与算法、数据清洗、统计学基础、线性代数；岗位、企业和薪资均为演示数据。,模拟岗位/演示数据，不代表真实招聘机会,synthetic,test
JOB-AI-ALG-0486,ROLE-AI-ALG,AI算法工程师（1-3年）,物流科技,武汉,onsite,junior,master_preferred,full_time,18500,29500,参与AI算法工程师相关项目，重点使用Python编程、数据结构与算法、数据清洗、统计学基础、线性代数、微积分与优化；岗位、企业和薪资均为演示数据。,模拟岗位/演示数据，不代表真实招聘机会,synthetic,test
JOB-AI-ALG-0487,ROLE-AI-ALG,AI算法工程师（1-3年）,内容平台,西安,hybrid,junior,master_preferred,full_time,18000,29000,参与AI算法工程师相关项目，重点使用数据结构与算法、数据清洗、统计学基础、线性代数、微积分与优化、机器学习；岗位、企业和薪资均为演示数据。,模拟岗位/演示数据，不代表真实招聘机会,synthetic,test
JOB-AI-ALG-0488,ROLE-AI-ALG,AI算法工程师（1-3年）,企业服务,杭州,remote,junior,master_preferred,full_time,22500,33500,参与AI算法工程师相关项目，重点使用数据清洗、统计学基础、线性代数、微积分与优化、机器学习、特征工程；岗位、企业和薪资均为演示数据。,模拟岗位/演示数据，不代表真实招聘机会,synthetic,test
JOB-AI-ALG-0489,ROLE-AI-ALG,AI算法工程师（1-3年）,智能制造,上海,onsite,junior,master_preferred,full_time,24000,35000,参与AI算法工程师相关项目，重点使用统计学基础、线性代数、微积分与优化、机器学习、特征工程、模型评估；岗位、企业和薪资均为演示数据。,模拟岗位/演示数据，不代表真实招聘机会,synthetic,test
JOB-AI-ALG-0490,ROLE-AI-ALG,AI算法工程师（1-3年）,教育科技,北京,hybrid,junior,master_preferred,full_time,24000,35000,参与AI算法工程师相关项目，重点使用线性代数、微积分与优化、机器学习、特征工程、模型评估、深度学习；岗位、企业和薪资均为演示数据。,模拟岗位/演示数据，不代表真实招聘机会,synthetic,test
JOB-AI-ALG-0491,ROLE-AI-ALG,AI算法工程师（1-3年）,零售科技,深圳,remote,junior,master_preferred,full_time,23500,34500,参与AI算法工程师相关项目，重点使用微积分与优化、机器学习、特征工程、模型评估、深度学习、自然语言处理；岗位、企业和薪资均为演示数据。,模拟岗位/演示数据，不代表真实招聘机会,synthetic,test
JOB-AI-ALG-0492,ROLE-AI-ALG,AI算法工程师（1-3年）,金融科技,南京,onsite,junior,master_preferred,full_time,20500,31500,参与AI算法工程师相关项目，重点使用机器学习、特征工程、模型评估、深度学习、自然语言处理、模型调优；岗位、企业和薪资均为演示数据。,模拟岗位/演示数据，不代表真实招聘机会,synthetic,test
JOB-AI-ALG-0493,ROLE-AI-ALG,AI算法工程师（1-3年）,医疗信息化,成都,hybrid,junior,master_preferred,full_time,19000,30000,参与AI算法工程师相关项目，重点使用特征工程、模型评估、深度学习、自然语言处理、模型调优、大模型基础；岗位、企业和薪资均为演示数据。,模拟岗位/演示数据，不代表真实招聘机会,synthetic,test
JOB-AI-ALG-0494,ROLE-AI-ALG,AI算法工程师（1-3年）,物流科技,武汉,remote,junior,master_preferred,full_time,18500,29500,参与AI算法工程师相关项目，重点使用模型评估、深度学习、自然语言处理、模型调优、大模型基础、Git版本控制；岗位、企业和薪资均为演示数据。,模拟岗位/演示数据，不代表真实招聘机会,synthetic,test
JOB-AI-ALG-0495,ROLE-AI-ALG,AI算法工程师（1-3年）,内容平台,西安,onsite,junior,master_preferred,full_time,18000,29000,参与AI算法工程师相关项目，重点使用深度学习、自然语言处理、模型调优、大模型基础、Git版本控制、Docker容器；岗位、企业和薪资均为演示数据。,模拟岗位/演示数据，不代表真实招聘机会,synthetic,test
JOB-AI-ALG-0496,ROLE-AI-ALG,AI算法工程师（1-3年）,企业服务,杭州,hybrid,junior,master_preferred,full_time,22500,33500,参与AI算法工程师相关项目，重点使用自然语言处理、模型调优、大模型基础、Git版本控制、Docker容器、书面沟通；岗位、企业和薪资均为演示数据。,模拟岗位/演示数据，不代表真实招聘机会,synthetic,test
JOB-AI-ALG-0497,ROLE-AI-ALG,AI算法工程师（1-3年）,智能制造,上海,remote,junior,master_preferred,full_time,24000,35000,参与AI算法工程师相关项目，重点使用模型调优、大模型基础、Git版本控制、Docker容器、书面沟通、项目交付；岗位、企业和薪资均为演示数据。,模拟岗位/演示数据，不代表真实招聘机会,synthetic,test
JOB-AI-ALG-0498,ROLE-AI-ALG,AI算法工程师（1-3年）,教育科技,北京,onsite,junior,master_preferred,full_time,24000,35000,参与AI算法工程师相关项目，重点使用大模型基础、Git版本控制、Docker容器、书面沟通、项目交付、职业伦理与隐私；岗位、企业和薪资均为演示数据。,模拟岗位/演示数据，不代表真实招聘机会,synthetic,test
JOB-AI-ALG-0499,ROLE-AI-ALG,AI算法工程师（1-3年）,零售科技,深圳,hybrid,junior,master_preferred,full_time,23500,34500,参与AI算法工程师相关项目，重点使用Git版本控制、Docker容器、书面沟通、项目交付、职业伦理与隐私、Python编程；岗位、企业和薪资均为演示数据。,模拟岗位/演示数据，不代表真实招聘机会,synthetic,test
JOB-AI-ALG-0500,ROLE-AI-ALG,AI算法工程师（1-3年）,金融科技,南京,remote,junior,master_preferred,full_time,20500,31500,参与AI算法工程师相关项目，重点使用Docker容器、书面沟通、项目交付、职业伦理与隐私、Python编程、数据结构与算法；岗位、企业和薪资均为演示数据。,模拟岗位/演示数据，不代表真实招聘机会,synthetic,test
JOB-AI-APP-0001,ROLE-AI-APP,AI应用开发工程师（实习/校招）,教育科技,深圳,hybrid,campus,bachelor_or_equivalent,full_time,11000,15000,参与AI应用开发工程师相关项目，重点使用软件工程、测试与调试、SQL、大模型基础、提示词设计、RAG应用；岗位、企业和薪资均为演示数据。,模拟岗位/演示数据，不代表真实招聘机会,synthetic,dev
JOB-AI-APP-0002,ROLE-AI-APP,AI应用开发工程师（实习/校招）,零售科技,南京,remote,campus,bachelor_or_equivalent,internship,9500,13500,参与AI应用开发工程师相关项目，重点使用测试与调试、SQL、大模型基础、提示词设计、RAG应用、向量数据库；岗位、企业和薪资均为演示数据。,模拟岗位/演示数据，不代表真实招聘机会,synthetic,dev
JOB-AI-APP-0003,ROLE-AI-APP,AI应用开发工程师（实习/校招）,金融科技,成都,onsite,campus,bachelor_or_equivalent,full_time,9000,13000,参与AI应用开发工程师相关项目，重点使用SQL、大模型基础、提示词设计、RAG应用、向量数据库、智能体开发；岗位、企业和薪资均为演示数据。,模拟岗位/演示数据，不代表真实招聘机会,synthetic,dev
JOB-AI-APP-0004,ROLE-AI-APP,AI应用开发工程师（实习/校招）,医疗信息化,武汉,hybrid,campus,bachelor_or_equivalent,internship,9000,13000,参与AI应用开发工程师相关项目，重点使用大模型基础、提示词设计、RAG应用、向量数据库、智能体开发、MCP与工具调用；岗位、企业和薪资均为演示数据。,模拟岗位/演示数据，不代表真实招聘机会,synthetic,dev
JOB-AI-APP-0005,ROLE-AI-APP,AI应用开发工程师（实习/校招）,物流科技,西安,remote,campus,bachelor_or_equivalent,full_time,8500,12500,参与AI应用开发工程师相关项目，重点使用提示词设计、RAG应用、向量数据库、智能体开发、MCP与工具调用、API设计；岗位、企业和薪资均为演示数据。,模拟岗位/演示数据，不代表真实招聘机会,synthetic,dev
JOB-AI-APP-0006,ROLE-AI-APP,AI应用开发工程师（实习/校招）,内容平台,杭州,onsite,campus,bachelor_or_equivalent,internship,10500,14500,参与AI应用开发工程师相关项目，重点使用RAG应用、向量数据库、智能体开发、MCP与工具调用、API设计、后端服务开发；岗位、企业和薪资均为演示数据。,模拟岗位/演示数据，不代表真实招聘机会,synthetic,dev
JOB-AI-APP-0007,ROLE-AI-APP,AI应用开发工程师（实习/校招）,企业服务,上海,hybrid,campus,bachelor_or_equivalent,full_time,11000,15000,参与AI应用开发工程师相关项目，重点使用向量数据库、智能体开发、MCP与工具调用、API设计、后端服务开发、Docker容器；岗位、企业和薪资均为演示数据。,模拟岗位/演示数据，不代表真实招聘机会,synthetic,dev
JOB-AI-APP-0008,ROLE-AI-APP,AI应用开发工程师（实习/校招）,智能制造,北京,remote,campus,bachelor_or_equivalent,internship,11500,15500,参与AI应用开发工程师相关项目，重点使用智能体开发、MCP与工具调用、API设计、后端服务开发、Docker容器、CI/CD；岗位、企业和薪资均为演示数据。,模拟岗位/演示数据，不代表真实招聘机会,synthetic,dev
JOB-AI-APP-0009,ROLE-AI-APP,AI应用开发工程师（实习/校招）,教育科技,深圳,onsite,campus,bachelor_or_equivalent,full_time,11000,15000,参与AI应用开发工程师相关项目，重点使用MCP与工具调用、API设计、后端服务开发、Docker容器、CI/CD、云端部署；岗位、企业和薪资均为演示数据。,模拟岗位/演示数据，不代表真实招聘机会,synthetic,dev
JOB-AI-APP-0010,ROLE-AI-APP,AI应用开发工程师（实习/校招）,零售科技,南京,hybrid,campus,bachelor_or_equivalent,internship,9500,13500,参与AI应用开发工程师相关项目，重点使用API设计、后端服务开发、Docker容器、CI/CD、云端部署、监控与可观测性；岗位、企业和薪资均为演示数据。,模拟岗位/演示数据，不代表真实招聘机会,synthetic,dev
JOB-AI-APP-0011,ROLE-AI-APP,AI应用开发工程师（实习/校招）,金融科技,成都,remote,campus,bachelor_or_equivalent,full_time,9000,13000,参与AI应用开发工程师相关项目，重点使用后端服务开发、Docker容器、CI/CD、云端部署、监控与可观测性、需求分析；岗位、企业和薪资均为演示数据。,模拟岗位/演示数据，不代表真实招聘机会,synthetic,dev
JOB-AI-APP-0012,ROLE-AI-APP,AI应用开发工程师（实习/校招）,医疗信息化,武汉,onsite,campus,bachelor_or_equivalent,internship,9000,13000,参与AI应用开发工程师相关项目，重点使用Docker容器、CI/CD、云端部署、监控与可观测性、需求分析、跨岗位沟通；岗位、企业和薪资均为演示数据。,模拟岗位/演示数据，不代表真实招聘机会,synthetic,dev
JOB-AI-APP-0013,ROLE-AI-APP,AI应用开发工程师（实习/校招）,物流科技,西安,hybrid,campus,bachelor_or_equivalent,full_time,8500,12500,参与AI应用开发工程师相关项目，重点使用CI/CD、云端部署、监控与可观测性、需求分析、跨岗位沟通、Python编程；岗位、企业和薪资均为演示数据。,模拟岗位/演示数据，不代表真实招聘机会,synthetic,dev
JOB-AI-APP-0014,ROLE-AI-APP,AI应用开发工程师（实习/校招）,内容平台,杭州,remote,campus,bachelor_or_equivalent,internship,10500,14500,参与AI应用开发工程师相关项目，重点使用云端部署、监控与可观测性、需求分析、跨岗位沟通、Python编程、软件工程；岗位、企业和薪资均为演示数据。,模拟岗位/演示数据，不代表真实招聘机会,synthetic,dev
JOB-AI-APP-0015,ROLE-AI-APP,AI应用开发工程师（实习/校招）,企业服务,上海,onsite,campus,bachelor_or_equivalent,full_time,11000,15000,参与AI应用开发工程师相关项目，重点使用监控与可观测性、需求分析、跨岗位沟通、Python编程、软件工程、测试与调试；岗位、企业和薪资均为演示数据。,模拟岗位/演示数据，不代表真实招聘机会,synthetic,dev
JOB-AI-APP-0016,ROLE-AI-APP,AI应用开发工程师（实习/校招）,智能制造,北京,hybrid,campus,bachelor_or_equivalent,internship,11500,15500,参与AI应用开发工程师相关项目，重点使用需求分析、跨岗位沟通、Python编程、软件工程、测试与调试、SQL；岗位、企业和薪资均为演示数据。,模拟岗位/演示数据，不代表真实招聘机会,synthetic,dev
JOB-AI-APP-0017,ROLE-AI-APP,AI应用开发工程师（实习/校招）,教育科技,深圳,remote,campus,bachelor_or_equivalent,full_time,11000,15000,参与AI应用开发工程师相关项目，重点使用跨岗位沟通、Python编程、软件工程、测试与调试、SQL、大模型基础；岗位、企业和薪资均为演示数据。,模拟岗位/演示数据，不代表真实招聘机会,synthetic,dev
JOB-AI-APP-0018,ROLE-AI-APP,AI应用开发工程师（实习/校招）,零售科技,南京,onsite,campus,bachelor_or_equivalent,internship,9500,13500,参与AI应用开发工程师相关项目，重点使用Python编程、软件工程、测试与调试、SQL、大模型基础、提示词设计；岗位、企业和薪资均为演示数据。,模拟岗位/演示数据，不代表真实招聘机会,synthetic,dev
JOB-AI-APP-0019,ROLE-AI-APP,AI应用开发工程师（实习/校招）,金融科技,成都,hybrid,campus,bachelor_or_equivalent,full_time,9000,13000,参与AI应用开发工程师相关项目，重点使用软件工程、测试与调试、SQL、大模型基础、提示词设计、RAG应用；岗位、企业和薪资均为演示数据。,模拟岗位/演示数据，不代表真实招聘机会,synthetic,dev
JOB-AI-APP-0020,ROLE-AI-APP,AI应用开发工程师（实习/校招）,医疗信息化,武汉,remote,campus,bachelor_or_equivalent,internship,9000,13000,参与AI应用开发工程师相关项目，重点使用测试与调试、SQL、大模型基础、提示词设计、RAG应用、向量数据库；岗位、企业和薪资均为演示数据。,模拟岗位/演示数据，不代表真实招聘机会,synthetic,dev
JOB-AI-APP-0021,ROLE-AI-APP,AI应用开发工程师（实习/校招）,物流科技,西安,onsite,campus,bachelor_or_equivalent,full_time,8500,12500,参与AI应用开发工程师相关项目，重点使用SQL、大模型基础、提示词设计、RAG应用、向量数据库、智能体开发；岗位、企业和薪资均为演示数据。,模拟岗位/演示数据，不代表真实招聘机会,synthetic,dev
JOB-AI-APP-0022,ROLE-AI-APP,AI应用开发工程师（实习/校招）,内容平台,杭州,hybrid,campus,bachelor_or_equivalent,internship,10500,14500,参与AI应用开发工程师相关项目，重点使用大模型基础、提示词设计、RAG应用、向量数据库、智能体开发、MCP与工具调用；岗位、企业和薪资均为演示数据。,模拟岗位/演示数据，不代表真实招聘机会,synthetic,dev
JOB-AI-APP-0023,ROLE-AI-APP,AI应用开发工程师（实习/校招）,企业服务,上海,remote,campus,bachelor_or_equivalent,full_time,11000,15000,参与AI应用开发工程师相关项目，重点使用提示词设计、RAG应用、向量数据库、智能体开发、MCP与工具调用、API设计；岗位、企业和薪资均为演示数据。,模拟岗位/演示数据，不代表真实招聘机会,synthetic,dev
JOB-AI-APP-0024,ROLE-AI-APP,AI应用开发工程师（实习/校招）,智能制造,北京,onsite,campus,bachelor_or_equivalent,internship,11500,15500,参与AI应用开发工程师相关项目，重点使用RAG应用、向量数据库、智能体开发、MCP与工具调用、API设计、后端服务开发；岗位、企业和薪资均为演示数据。,模拟岗位/演示数据，不代表真实招聘机会,synthetic,dev
JOB-AI-APP-0025,ROLE-AI-APP,AI应用开发工程师（实习/校招）,教育科技,深圳,hybrid,campus,bachelor_or_equivalent,full_time,11000,15000,参与AI应用开发工程师相关项目，重点使用向量数据库、智能体开发、MCP与工具调用、API设计、后端服务开发、Docker容器；岗位、企业和薪资均为演示数据。,模拟岗位/演示数据，不代表真实招聘机会,synthetic,dev
JOB-AI-APP-0026,ROLE-AI-APP,AI应用开发工程师（实习/校招）,零售科技,南京,remote,campus,bachelor_or_equivalent,internship,9500,13500,参与AI应用开发工程师相关项目，重点使用智能体开发、MCP与工具调用、API设计、后端服务开发、Docker容器、CI/CD；岗位、企业和薪资均为演示数据。,模拟岗位/演示数据，不代表真实招聘机会,synthetic,dev
JOB-AI-APP-0027,ROLE-AI-APP,AI应用开发工程师（实习/校招）,金融科技,成都,onsite,campus,bachelor_or_equivalent,full_time,9000,13000,参与AI应用开发工程师相关项目，重点使用MCP与工具调用、API设计、后端服务开发、Docker容器、CI/CD、云端部署；岗位、企业和薪资均为演示数据。,模拟岗位/演示数据，不代表真实招聘机会,synthetic,dev
JOB-AI-APP-0028,ROLE-AI-APP,AI应用开发工程师（实习/校招）,医疗信息化,武汉,hybrid,campus,bachelor_or_equivalent,internship,9000,13000,参与AI应用开发工程师相关项目，重点使用API设计、后端服务开发、Docker容器、CI/CD、云端部署、监控与可观测性；岗位、企业和薪资均为演示数据。,模拟岗位/演示数据，不代表真实招聘机会,synthetic,dev
JOB-AI-APP-0029,ROLE-AI-APP,AI应用开发工程师（实习/校招）,物流科技,西安,remote,campus,bachelor_or_equivalent,full_time,8500,12500,参与AI应用开发工程师相关项目，重点使用后端服务开发、Docker容器、CI/CD、云端部署、监控与可观测性、需求分析；岗位、企业和薪资均为演示数据。,模拟岗位/演示数据，不代表真实招聘机会,synthetic,dev
JOB-AI-APP-0030,ROLE-AI-APP,AI应用开发工程师（实习/校招）,内容平台,杭州,onsite,campus,bachelor_or_equivalent,internship,10500,14500,参与AI应用开发工程师相关项目，重点使用Docker容器、CI/CD、云端部署、监控与可观测性、需求分析、跨岗位沟通；岗位、企业和薪资均为演示数据。,模拟岗位/演示数据，不代表真实招聘机会,synthetic,dev
JOB-AI-APP-0031,ROLE-AI-APP,AI应用开发工程师（实习/校招）,企业服务,上海,hybrid,campus,bachelor_or_equivalent,full_time,11000,15000,参与AI应用开发工程师相关项目，重点使用CI/CD、云端部署、监控与可观测性、需求分析、跨岗位沟通、Python编程；岗位、企业和薪资均为演示数据。,模拟岗位/演示数据，不代表真实招聘机会,synthetic,dev
JOB-AI-APP-0032,ROLE-AI-APP,AI应用开发工程师（实习/校招）,智能制造,北京,remote,campus,bachelor_or_equivalent,internship,11500,15500,参与AI应用开发工程师相关项目，重点使用云端部署、监控与可观测性、需求分析、跨岗位沟通、Python编程、软件工程；岗位、企业和薪资均为演示数据。,模拟岗位/演示数据，不代表真实招聘机会,synthetic,dev
JOB-AI-APP-0033,ROLE-AI-APP,AI应用开发工程师（实习/校招）,教育科技,深圳,onsite,campus,bachelor_or_equivalent,full_time,11000,15000,参与AI应用开发工程师相关项目，重点使用监控与可观测性、需求分析、跨岗位沟通、Python编程、软件工程、测试与调试；岗位、企业和薪资均为演示数据。,模拟岗位/演示数据，不代表真实招聘机会,synthetic,dev
JOB-AI-APP-0034,ROLE-AI-APP,AI应用开发工程师（实习/校招）,零售科技,南京,hybrid,campus,bachelor_or_equivalent,internship,9500,13500,参与AI应用开发工程师相关项目，重点使用需求分析、跨岗位沟通、Python编程、软件工程、测试与调试、SQL；岗位、企业和薪资均为演示数据。,模拟岗位/演示数据，不代表真实招聘机会,synthetic,dev
JOB-AI-APP-0035,ROLE-AI-APP,AI应用开发工程师（实习/校招）,金融科技,成都,remote,campus,bachelor_or_equivalent,full_time,9000,13000,参与AI应用开发工程师相关项目，重点使用跨岗位沟通、Python编程、软件工程、测试与调试、SQL、大模型基础；岗位、企业和薪资均为演示数据。,模拟岗位/演示数据，不代表真实招聘机会,synthetic,dev
JOB-AI-APP-0036,ROLE-AI-APP,AI应用开发工程师（实习/校招）,医疗信息化,武汉,onsite,campus,bachelor_or_equivalent,internship,9000,13000,参与AI应用开发工程师相关项目，重点使用Python编程、软件工程、测试与调试、SQL、大模型基础、提示词设计；岗位、企业和薪资均为演示数据。,模拟岗位/演示数据，不代表真实招聘机会,synthetic,dev
JOB-AI-APP-0037,ROLE-AI-APP,AI应用开发工程师（实习/校招）,物流科技,西安,hybrid,campus,bachelor_or_equivalent,full_time,8500,12500,参与AI应用开发工程师相关项目，重点使用软件工程、测试与调试、SQL、大模型基础、提示词设计、RAG应用；岗位、企业和薪资均为演示数据。,模拟岗位/演示数据，不代表真实招聘机会,synthetic,dev
JOB-AI-APP-0038,ROLE-AI-APP,AI应用开发工程师（实习/校招）,内容平台,杭州,remote,campus,bachelor_or_equivalent,internship,10500,14500,参与AI应用开发工程师相关项目，重点使用测试与调试、SQL、大模型基础、提示词设计、RAG应用、向量数据库；岗位、企业和薪资均为演示数据。,模拟岗位/演示数据，不代表真实招聘机会,synthetic,dev
JOB-AI-APP-0039,ROLE-AI-APP,AI应用开发工程师（实习/校招）,企业服务,上海,onsite,campus,bachelor_or_equivalent,full_time,11000,15000,参与AI应用开发工程师相关项目，重点使用SQL、大模型基础、提示词设计、RAG应用、向量数据库、智能体开发；岗位、企业和薪资均为演示数据。,模拟岗位/演示数据，不代表真实招聘机会,synthetic,dev
JOB-AI-APP-0040,ROLE-AI-APP,AI应用开发工程师（实习/校招）,智能制造,北京,hybrid,campus,bachelor_or_equivalent,internship,11500,15500,参与AI应用开发工程师相关项目，重点使用大模型基础、提示词设计、RAG应用、向量数据库、智能体开发、MCP与工具调用；岗位、企业和薪资均为演示数据。,模拟岗位/演示数据，不代表真实招聘机会,synthetic,dev
JOB-AI-APP-0041,ROLE-AI-APP,AI应用开发工程师（实习/校招）,教育科技,深圳,remote,campus,bachelor_or_equivalent,full_time,11000,15000,参与AI应用开发工程师相关项目，重点使用提示词设计、RAG应用、向量数据库、智能体开发、MCP与工具调用、API设计；岗位、企业和薪资均为演示数据。,模拟岗位/演示数据，不代表真实招聘机会,synthetic,dev
JOB-AI-APP-0042,ROLE-AI-APP,AI应用开发工程师（实习/校招）,零售科技,南京,onsite,campus,bachelor_or_equivalent,internship,9500,13500,参与AI应用开发工程师相关项目，重点使用RAG应用、向量数据库、智能体开发、MCP与工具调用、API设计、后端服务开发；岗位、企业和薪资均为演示数据。,模拟岗位/演示数据，不代表真实招聘机会,synthetic,dev
JOB-AI-APP-0043,ROLE-AI-APP,AI应用开发工程师（实习/校招）,金融科技,成都,hybrid,campus,bachelor_or_equivalent,full_time,9000,13000,参与AI应用开发工程师相关项目，重点使用向量数据库、智能体开发、MCP与工具调用、API设计、后端服务开发、Docker容器；岗位、企业和薪资均为演示数据。,模拟岗位/演示数据，不代表真实招聘机会,synthetic,dev
JOB-AI-APP-0044,ROLE-AI-APP,AI应用开发工程师（实习/校招）,医疗信息化,武汉,remote,campus,bachelor_or_equivalent,internship,9000,13000,参与AI应用开发工程师相关项目，重点使用智能体开发、MCP与工具调用、API设计、后端服务开发、Docker容器、CI/CD；岗位、企业和薪资均为演示数据。,模拟岗位/演示数据，不代表真实招聘机会,synthetic,dev
JOB-AI-APP-0045,ROLE-AI-APP,AI应用开发工程师（实习/校招）,物流科技,西安,onsite,campus,bachelor_or_equivalent,full_time,8500,12500,参与AI应用开发工程师相关项目，重点使用MCP与工具调用、API设计、后端服务开发、Docker容器、CI/CD、云端部署；岗位、企业和薪资均为演示数据。,模拟岗位/演示数据，不代表真实招聘机会,synthetic,dev
JOB-AI-APP-0046,ROLE-AI-APP,AI应用开发工程师（实习/校招）,内容平台,杭州,hybrid,campus,bachelor_or_equivalent,internship,10500,14500,参与AI应用开发工程师相关项目，重点使用API设计、后端服务开发、Docker容器、CI/CD、云端部署、监控与可观测性；岗位、企业和薪资均为演示数据。,模拟岗位/演示数据，不代表真实招聘机会,synthetic,dev
JOB-AI-APP-0047,ROLE-AI-APP,AI应用开发工程师（实习/校招）,企业服务,上海,remote,campus,bachelor_or_equivalent,full_time,11000,15000,参与AI应用开发工程师相关项目，重点使用后端服务开发、Docker容器、CI/CD、云端部署、监控与可观测性、需求分析；岗位、企业和薪资均为演示数据。,模拟岗位/演示数据，不代表真实招聘机会,synthetic,dev
JOB-AI-APP-0048,ROLE-AI-APP,AI应用开发工程师（实习/校招）,智能制造,北京,onsite,campus,bachelor_or_equivalent,internship,11500,15500,参与AI应用开发工程师相关项目，重点使用Docker容器、CI/CD、云端部署、监控与可观测性、需求分析、跨岗位沟通；岗位、企业和薪资均为演示数据。,模拟岗位/演示数据，不代表真实招聘机会,synthetic,dev
JOB-AI-APP-0049,ROLE-AI-APP,AI应用开发工程师（实习/校招）,教育科技,深圳,hybrid,campus,bachelor_or_equivalent,full_time,11000,15000,参与AI应用开发工程师相关项目，重点使用CI/CD、云端部署、监控与可观测性、需求分析、跨岗位沟通、Python编程；岗位、企业和薪资均为演示数据。,模拟岗位/演示数据，不代表真实招聘机会,synthetic,dev
JOB-AI-APP-0050,ROLE-AI-APP,AI应用开发工程师（实习/校招）,零售科技,南京,remote,campus,bachelor_or_equivalent,internship,9500,13500,参与AI应用开发工程师相关项目，重点使用云端部署、监控与可观测性、需求分析、跨岗位沟通、Python编程、软件工程；岗位、企业和薪资均为演示数据。,模拟岗位/演示数据，不代表真实招聘机会,synthetic,dev
JOB-AI-APP-0051,ROLE-AI-APP,AI应用开发工程师（实习/校招）,金融科技,成都,onsite,campus,bachelor_or_equivalent,full_time,9000,13000,参与AI应用开发工程师相关项目，重点使用监控与可观测性、需求分析、跨岗位沟通、Python编程、软件工程、测试与调试；岗位、企业和薪资均为演示数据。,模拟岗位/演示数据，不代表真实招聘机会,synthetic,dev
JOB-AI-APP-0052,ROLE-AI-APP,AI应用开发工程师（实习/校招）,医疗信息化,武汉,hybrid,campus,bachelor_or_equivalent,internship,9000,13000,参与AI应用开发工程师相关项目，重点使用需求分析、跨岗位沟通、Python编程、软件工程、测试与调试、SQL；岗位、企业和薪资均为演示数据。,模拟岗位/演示数据，不代表真实招聘机会,synthetic,dev
JOB-AI-APP-0053,ROLE-AI-APP,AI应用开发工程师（实习/校招）,物流科技,西安,remote,campus,bachelor_or_equivalent,full_time,8500,12500,参与AI应用开发工程师相关项目，重点使用跨岗位沟通、Python编程、软件工程、测试与调试、SQL、大模型基础；岗位、企业和薪资均为演示数据。,模拟岗位/演示数据，不代表真实招聘机会,synthetic,dev
JOB-AI-APP-0054,ROLE-AI-APP,AI应用开发工程师（实习/校招）,内容平台,杭州,onsite,campus,bachelor_or_equivalent,internship,10500,14500,参与AI应用开发工程师相关项目，重点使用Python编程、软件工程、测试与调试、SQL、大模型基础、提示词设计；岗位、企业和薪资均为演示数据。,模拟岗位/演示数据，不代表真实招聘机会,synthetic,dev
JOB-AI-APP-0055,ROLE-AI-APP,AI应用开发工程师（实习/校招）,企业服务,上海,hybrid,campus,bachelor_or_equivalent,full_time,11000,15000,参与AI应用开发工程师相关项目，重点使用软件工程、测试与调试、SQL、大模型基础、提示词设计、RAG应用；岗位、企业和薪资均为演示数据。,模拟岗位/演示数据，不代表真实招聘机会,synthetic,dev
JOB-AI-APP-0056,ROLE-AI-APP,AI应用开发工程师（实习/校招）,智能制造,北京,remote,campus,bachelor_or_equivalent,internship,11500,15500,参与AI应用开发工程师相关项目，重点使用测试与调试、SQL、大模型基础、提示词设计、RAG应用、向量数据库；岗位、企业和薪资均为演示数据。,模拟岗位/演示数据，不代表真实招聘机会,synthetic,dev
JOB-AI-APP-0057,ROLE-AI-APP,AI应用开发工程师（实习/校招）,教育科技,深圳,onsite,campus,bachelor_or_equivalent,full_time,11000,15000,参与AI应用开发工程师相关项目，重点使用SQL、大模型基础、提示词设计、RAG应用、向量数据库、智能体开发；岗位、企业和薪资均为演示数据。,模拟岗位/演示数据，不代表真实招聘机会,synthetic,dev
JOB-AI-APP-0058,ROLE-AI-APP,AI应用开发工程师（实习/校招）,零售科技,南京,hybrid,campus,bachelor_or_equivalent,internship,9500,13500,参与AI应用开发工程师相关项目，重点使用大模型基础、提示词设计、RAG应用、向量数据库、智能体开发、MCP与工具调用；岗位、企业和薪资均为演示数据。,模拟岗位/演示数据，不代表真实招聘机会,synthetic,dev
JOB-AI-APP-0059,ROLE-AI-APP,AI应用开发工程师（实习/校招）,金融科技,成都,remote,campus,bachelor_or_equivalent,full_time,9000,13000,参与AI应用开发工程师相关项目，重点使用提示词设计、RAG应用、向量数据库、智能体开发、MCP与工具调用、API设计；岗位、企业和薪资均为演示数据。,模拟岗位/演示数据，不代表真实招聘机会,synthetic,dev
JOB-AI-APP-0060,ROLE-AI-APP,AI应用开发工程师（实习/校招）,医疗信息化,武汉,onsite,campus,bachelor_or_equivalent,internship,9000,13000,参与AI应用开发工程师相关项目，重点使用RAG应用、向量数据库、智能体开发、MCP与工具调用、API设计、后端服务开发；岗位、企业和薪资均为演示数据。,模拟岗位/演示数据，不代表真实招聘机会,synthetic,dev
JOB-AI-APP-0061,ROLE-AI-APP,AI应用开发工程师（实习/校招）,物流科技,西安,hybrid,campus,bachelor_or_equivalent,full_time,8500,12500,参与AI应用开发工程师相关项目，重点使用向量数据库、智能体开发、MCP与工具调用、API设计、后端服务开发、Docker容器；岗位、企业和薪资均为演示数据。,模拟岗位/演示数据，不代表真实招聘机会,synthetic,dev
JOB-AI-APP-0062,ROLE-AI-APP,AI应用开发工程师（实习/校招）,内容平台,杭州,remote,campus,bachelor_or_equivalent,internship,10500,14500,参与AI应用开发工程师相关项目，重点使用智能体开发、MCP与工具调用、API设计、后端服务开发、Docker容器、CI/CD；岗位、企业和薪资均为演示数据。,模拟岗位/演示数据，不代表真实招聘机会,synthetic,dev
JOB-AI-APP-0063,ROLE-AI-APP,AI应用开发工程师（实习/校招）,企业服务,上海,onsite,campus,bachelor_or_equivalent,full_time,11000,15000,参与AI应用开发工程师相关项目，重点使用MCP与工具调用、API设计、后端服务开发、Docker容器、CI/CD、云端部署；岗位、企业和薪资均为演示数据。,模拟岗位/演示数据，不代表真实招聘机会,synthetic,dev
JOB-AI-APP-0064,ROLE-AI-APP,AI应用开发工程师（实习/校招）,智能制造,北京,hybrid,campus,bachelor_or_equivalent,internship,11500,15500,参与AI应用开发工程师相关项目，重点使用API设计、后端服务开发、Docker容器、CI/CD、云端部署、监控与可观测性；岗位、企业和薪资均为演示数据。,模拟岗位/演示数据，不代表真实招聘机会,synthetic,dev
JOB-AI-APP-0065,ROLE-AI-APP,AI应用开发工程师（实习/校招）,教育科技,深圳,remote,campus,bachelor_or_equivalent,full_time,11000,15000,参与AI应用开发工程师相关项目，重点使用后端服务开发、Docker容器、CI/CD、云端部署、监控与可观测性、需求分析；岗位、企业和薪资均为演示数据。,模拟岗位/演示数据，不代表真实招聘机会,synthetic,dev
JOB-AI-APP-0066,ROLE-AI-APP,AI应用开发工程师（实习/校招）,零售科技,南京,onsite,campus,bachelor_or_equivalent,internship,9500,13500,参与AI应用开发工程师相关项目，重点使用Docker容器、CI/CD、云端部署、监控与可观测性、需求分析、跨岗位沟通；岗位、企业和薪资均为演示数据。,模拟岗位/演示数据，不代表真实招聘机会,synthetic,dev
JOB-AI-APP-0067,ROLE-AI-APP,AI应用开发工程师（实习/校招）,金融科技,成都,hybrid,campus,bachelor_or_equivalent,full_time,9000,13000,参与AI应用开发工程师相关项目，重点使用CI/CD、云端部署、监控与可观测性、需求分析、跨岗位沟通、Python编程；岗位、企业和薪资均为演示数据。,模拟岗位/演示数据，不代表真实招聘机会,synthetic,dev
JOB-AI-APP-0068,ROLE-AI-APP,AI应用开发工程师（实习/校招）,医疗信息化,武汉,remote,campus,bachelor_or_equivalent,internship,9000,13000,参与AI应用开发工程师相关项目，重点使用云端部署、监控与可观测性、需求分析、跨岗位沟通、Python编程、软件工程；岗位、企业和薪资均为演示数据。,模拟岗位/演示数据，不代表真实招聘机会,synthetic,dev
JOB-AI-APP-0069,ROLE-AI-APP,AI应用开发工程师（实习/校招）,物流科技,西安,onsite,campus,bachelor_or_equivalent,full_time,8500,12500,参与AI应用开发工程师相关项目，重点使用监控与可观测性、需求分析、跨岗位沟通、Python编程、软件工程、测试与调试；岗位、企业和薪资均为演示数据。,模拟岗位/演示数据，不代表真实招聘机会,synthetic,dev
JOB-AI-APP-0070,ROLE-AI-APP,AI应用开发工程师（实习/校招）,内容平台,杭州,hybrid,campus,bachelor_or_equivalent,internship,10500,14500,参与AI应用开发工程师相关项目，重点使用需求分析、跨岗位沟通、Python编程、软件工程、测试与调试、SQL；岗位、企业和薪资均为演示数据。,模拟岗位/演示数据，不代表真实招聘机会,synthetic,dev
JOB-AI-APP-0071,ROLE-AI-APP,AI应用开发工程师（实习/校招）,企业服务,上海,remote,campus,bachelor_or_equivalent,full_time,11000,15000,参与AI应用开发工程师相关项目，重点使用跨岗位沟通、Python编程、软件工程、测试与调试、SQL、大模型基础；岗位、企业和薪资均为演示数据。,模拟岗位/演示数据，不代表真实招聘机会,synthetic,dev
JOB-AI-APP-0072,ROLE-AI-APP,AI应用开发工程师（实习/校招）,智能制造,北京,onsite,campus,bachelor_or_equivalent,internship,11500,15500,参与AI应用开发工程师相关项目，重点使用Python编程、软件工程、测试与调试、SQL、大模型基础、提示词设计；岗位、企业和薪资均为演示数据。,模拟岗位/演示数据，不代表真实招聘机会,synthetic,dev
JOB-AI-APP-0073,ROLE-AI-APP,AI应用开发工程师（实习/校招）,教育科技,深圳,hybrid,campus,bachelor_or_equivalent,full_time,11000,15000,参与AI应用开发工程师相关项目，重点使用软件工程、测试与调试、SQL、大模型基础、提示词设计、RAG应用；岗位、企业和薪资均为演示数据。,模拟岗位/演示数据，不代表真实招聘机会,synthetic,dev
JOB-AI-APP-0074,ROLE-AI-APP,AI应用开发工程师（实习/校招）,零售科技,南京,remote,campus,bachelor_or_equivalent,internship,9500,13500,参与AI应用开发工程师相关项目，重点使用测试与调试、SQL、大模型基础、提示词设计、RAG应用、向量数据库；岗位、企业和薪资均为演示数据。,模拟岗位/演示数据，不代表真实招聘机会,synthetic,dev
JOB-AI-APP-0075,ROLE-AI-APP,AI应用开发工程师（实习/校招）,金融科技,成都,onsite,campus,bachelor_or_equivalent,full_time,9000,13000,参与AI应用开发工程师相关项目，重点使用SQL、大模型基础、提示词设计、RAG应用、向量数据库、智能体开发；岗位、企业和薪资均为演示数据。,模拟岗位/演示数据，不代表真实招聘机会,synthetic,dev
JOB-AI-APP-0076,ROLE-AI-APP,AI应用开发工程师（实习/校招）,医疗信息化,武汉,hybrid,campus,bachelor_or_equivalent,internship,9000,13000,参与AI应用开发工程师相关项目，重点使用大模型基础、提示词设计、RAG应用、向量数据库、智能体开发、MCP与工具调用；岗位、企业和薪资均为演示数据。,模拟岗位/演示数据，不代表真实招聘机会,synthetic,dev
JOB-AI-APP-0077,ROLE-AI-APP,AI应用开发工程师（实习/校招）,物流科技,西安,remote,campus,bachelor_or_equivalent,full_time,8500,12500,参与AI应用开发工程师相关项目，重点使用提示词设计、RAG应用、向量数据库、智能体开发、MCP与工具调用、API设计；岗位、企业和薪资均为演示数据。,模拟岗位/演示数据，不代表真实招聘机会,synthetic,dev
JOB-AI-APP-0078,ROLE-AI-APP,AI应用开发工程师（实习/校招）,内容平台,杭州,onsite,campus,bachelor_or_equivalent,internship,10500,14500,参与AI应用开发工程师相关项目，重点使用RAG应用、向量数据库、智能体开发、MCP与工具调用、API设计、后端服务开发；岗位、企业和薪资均为演示数据。,模拟岗位/演示数据，不代表真实招聘机会,synthetic,dev
JOB-AI-APP-0079,ROLE-AI-APP,AI应用开发工程师（实习/校招）,企业服务,上海,hybrid,campus,bachelor_or_equivalent,full_time,11000,15000,参与AI应用开发工程师相关项目，重点使用向量数据库、智能体开发、MCP与工具调用、API设计、后端服务开发、Docker容器；岗位、企业和薪资均为演示数据。,模拟岗位/演示数据，不代表真实招聘机会,synthetic,dev
JOB-AI-APP-0080,ROLE-AI-APP,AI应用开发工程师（实习/校招）,智能制造,北京,remote,campus,bachelor_or_equivalent,internship,11500,15500,参与AI应用开发工程师相关项目，重点使用智能体开发、MCP与工具调用、API设计、后端服务开发、Docker容器、CI/CD；岗位、企业和薪资均为演示数据。,模拟岗位/演示数据，不代表真实招聘机会,synthetic,dev
JOB-AI-APP-0081,ROLE-AI-APP,AI应用开发工程师（实习/校招）,教育科技,深圳,onsite,campus,bachelor_or_equivalent,full_time,11000,15000,参与AI应用开发工程师相关项目，重点使用MCP与工具调用、API设计、后端服务开发、Docker容器、CI/CD、云端部署；岗位、企业和薪资均为演示数据。,模拟岗位/演示数据，不代表真实招聘机会,synthetic,dev
JOB-AI-APP-0082,ROLE-AI-APP,AI应用开发工程师（实习/校招）,零售科技,南京,hybrid,campus,bachelor_or_equivalent,internship,9500,13500,参与AI应用开发工程师相关项目，重点使用API设计、后端服务开发、Docker容器、CI/CD、云端部署、监控与可观测性；岗位、企业和薪资均为演示数据。,模拟岗位/演示数据，不代表真实招聘机会,synthetic,dev
JOB-AI-APP-0083,ROLE-AI-APP,AI应用开发工程师（实习/校招）,金融科技,成都,remote,campus,bachelor_or_equivalent,full_time,9000,13000,参与AI应用开发工程师相关项目，重点使用后端服务开发、Docker容器、CI/CD、云端部署、监控与可观测性、需求分析；岗位、企业和薪资均为演示数据。,模拟岗位/演示数据，不代表真实招聘机会,synthetic,dev
JOB-AI-APP-0084,ROLE-AI-APP,AI应用开发工程师（实习/校招）,医疗信息化,武汉,onsite,campus,bachelor_or_equivalent,internship,9000,13000,参与AI应用开发工程师相关项目，重点使用Docker容器、CI/CD、云端部署、监控与可观测性、需求分析、跨岗位沟通；岗位、企业和薪资均为演示数据。,模拟岗位/演示数据，不代表真实招聘机会,synthetic,dev
JOB-AI-APP-0085,ROLE-AI-APP,AI应用开发工程师（实习/校招）,物流科技,西安,hybrid,campus,bachelor_or_equivalent,full_time,8500,12500,参与AI应用开发工程师相关项目，重点使用CI/CD、云端部署、监控与可观测性、需求分析、跨岗位沟通、Python编程；岗位、企业和薪资均为演示数据。,模拟岗位/演示数据，不代表真实招聘机会,synthetic,dev
JOB-AI-APP-0086,ROLE-AI-APP,AI应用开发工程师（实习/校招）,内容平台,杭州,remote,campus,bachelor_or_equivalent,internship,10500,14500,参与AI应用开发工程师相关项目，重点使用云端部署、监控与可观测性、需求分析、跨岗位沟通、Python编程、软件工程；岗位、企业和薪资均为演示数据。,模拟岗位/演示数据，不代表真实招聘机会,synthetic,dev
JOB-AI-APP-0087,ROLE-AI-APP,AI应用开发工程师（实习/校招）,企业服务,上海,onsite,campus,bachelor_or_equivalent,full_time,11000,15000,参与AI应用开发工程师相关项目，重点使用监控与可观测性、需求分析、跨岗位沟通、Python编程、软件工程、测试与调试；岗位、企业和薪资均为演示数据。,模拟岗位/演示数据，不代表真实招聘机会,synthetic,dev
JOB-AI-APP-0088,ROLE-AI-APP,AI应用开发工程师（实习/校招）,智能制造,北京,hybrid,campus,bachelor_or_equivalent,internship,11500,15500,参与AI应用开发工程师相关项目，重点使用需求分析、跨岗位沟通、Python编程、软件工程、测试与调试、SQL；岗位、企业和薪资均为演示数据。,模拟岗位/演示数据，不代表真实招聘机会,synthetic,dev
JOB-AI-APP-0089,ROLE-AI-APP,AI应用开发工程师（实习/校招）,教育科技,深圳,remote,campus,bachelor_or_equivalent,full_time,11000,15000,参与AI应用开发工程师相关项目，重点使用跨岗位沟通、Python编程、软件工程、测试与调试、SQL、大模型基础；岗位、企业和薪资均为演示数据。,模拟岗位/演示数据，不代表真实招聘机会,synthetic,dev
JOB-AI-APP-0090,ROLE-AI-APP,AI应用开发工程师（实习/校招）,零售科技,南京,onsite,campus,bachelor_or_equivalent,internship,9500,13500,参与AI应用开发工程师相关项目，重点使用Python编程、软件工程、测试与调试、SQL、大模型基础、提示词设计；岗位、企业和薪资均为演示数据。,模拟岗位/演示数据，不代表真实招聘机会,synthetic,dev
JOB-AI-APP-0091,ROLE-AI-APP,AI应用开发工程师（实习/校招）,金融科技,成都,hybrid,campus,bachelor_or_equivalent,full_time,9000,13000,参与AI应用开发工程师相关项目，重点使用软件工程、测试与调试、SQL、大模型基础、提示词设计、RAG应用；岗位、企业和薪资均为演示数据。,模拟岗位/演示数据，不代表真实招聘机会,synthetic,dev
JOB-AI-APP-0092,ROLE-AI-APP,AI应用开发工程师（实习/校招）,医疗信息化,武汉,remote,campus,bachelor_or_equivalent,internship,9000,13000,参与AI应用开发工程师相关项目，重点使用测试与调试、SQL、大模型基础、提示词设计、RAG应用、向量数据库；岗位、企业和薪资均为演示数据。,模拟岗位/演示数据，不代表真实招聘机会,synthetic,dev
JOB-AI-APP-0093,ROLE-AI-APP,AI应用开发工程师（实习/校招）,物流科技,西安,onsite,campus,bachelor_or_equivalent,full_time,8500,12500,参与AI应用开发工程师相关项目，重点使用SQL、大模型基础、提示词设计、RAG应用、向量数据库、智能体开发；岗位、企业和薪资均为演示数据。,模拟岗位/演示数据，不代表真实招聘机会,synthetic,dev
JOB-AI-APP-0094,ROLE-AI-APP,AI应用开发工程师（实习/校招）,内容平台,杭州,hybrid,campus,bachelor_or_equivalent,internship,10500,14500,参与AI应用开发工程师相关项目，重点使用大模型基础、提示词设计、RAG应用、向量数据库、智能体开发、MCP与工具调用；岗位、企业和薪资均为演示数据。,模拟岗位/演示数据，不代表真实招聘机会,synthetic,dev
JOB-AI-APP-0095,ROLE-AI-APP,AI应用开发工程师（实习/校招）,企业服务,上海,remote,campus,bachelor_or_equivalent,full_time,11000,15000,参与AI应用开发工程师相关项目，重点使用提示词设计、RAG应用、向量数据库、智能体开发、MCP与工具调用、API设计；岗位、企业和薪资均为演示数据。,模拟岗位/演示数据，不代表真实招聘机会,synthetic,dev
JOB-AI-APP-0096,ROLE-AI-APP,AI应用开发工程师（实习/校招）,智能制造,北京,onsite,campus,bachelor_or_equivalent,internship,11500,15500,参与AI应用开发工程师相关项目，重点使用RAG应用、向量数据库、智能体开发、MCP与工具调用、API设计、后端服务开发；岗位、企业和薪资均为演示数据。,模拟岗位/演示数据，不代表真实招聘机会,synthetic,dev
JOB-AI-APP-0097,ROLE-AI-APP,AI应用开发工程师（实习/校招）,教育科技,深圳,hybrid,campus,bachelor_or_equivalent,full_time,11000,15000,参与AI应用开发工程师相关项目，重点使用向量数据库、智能体开发、MCP与工具调用、API设计、后端服务开发、Docker容器；岗位、企业和薪资均为演示数据。,模拟岗位/演示数据，不代表真实招聘机会,synthetic,dev
JOB-AI-APP-0098,ROLE-AI-APP,AI应用开发工程师（实习/校招）,零售科技,南京,remote,campus,bachelor_or_equivalent,internship,9500,13500,参与AI应用开发工程师相关项目，重点使用智能体开发、MCP与工具调用、API设计、后端服务开发、Docker容器、CI/CD；岗位、企业和薪资均为演示数据。,模拟岗位/演示数据，不代表真实招聘机会,synthetic,dev
JOB-AI-APP-0099,ROLE-AI-APP,AI应用开发工程师（实习/校招）,金融科技,成都,onsite,campus,bachelor_or_equivalent,full_time,9000,13000,参与AI应用开发工程师相关项目，重点使用MCP与工具调用、API设计、后端服务开发、Docker容器、CI/CD、云端部署；岗位、企业和薪资均为演示数据。,模拟岗位/演示数据，不代表真实招聘机会,synthetic,dev
JOB-AI-APP-0100,ROLE-AI-APP,AI应用开发工程师（实习/校招）,医疗信息化,武汉,hybrid,campus,bachelor_or_equivalent,internship,9000,13000,参与AI应用开发工程师相关项目，重点使用API设计、后端服务开发、Docker容器、CI/CD、云端部署、监控与可观测性；岗位、企业和薪资均为演示数据。,模拟岗位/演示数据，不代表真实招聘机会,synthetic,dev
JOB-AI-APP-0101,ROLE-AI-APP,AI应用开发工程师（实习/校招）,物流科技,西安,remote,campus,bachelor_or_equivalent,full_time,8500,12500,参与AI应用开发工程师相关项目，重点使用后端服务开发、Docker容器、CI/CD、云端部署、监控与可观测性、需求分析；岗位、企业和薪资均为演示数据。,模拟岗位/演示数据，不代表真实招聘机会,synthetic,dev
JOB-AI-APP-0102,ROLE-AI-APP,AI应用开发工程师（实习/校招）,内容平台,杭州,onsite,campus,bachelor_or_equivalent,internship,10500,14500,参与AI应用开发工程师相关项目，重点使用Docker容器、CI/CD、云端部署、监控与可观测性、需求分析、跨岗位沟通；岗位、企业和薪资均为演示数据。,模拟岗位/演示数据，不代表真实招聘机会,synthetic,dev
JOB-AI-APP-0103,ROLE-AI-APP,AI应用开发工程师（实习/校招）,企业服务,上海,hybrid,campus,bachelor_or_equivalent,full_time,11000,15000,参与AI应用开发工程师相关项目，重点使用CI/CD、云端部署、监控与可观测性、需求分析、跨岗位沟通、Python编程；岗位、企业和薪资均为演示数据。,模拟岗位/演示数据，不代表真实招聘机会,synthetic,dev
JOB-AI-APP-0104,ROLE-AI-APP,AI应用开发工程师（实习/校招）,智能制造,北京,remote,campus,bachelor_or_equivalent,internship,11500,15500,参与AI应用开发工程师相关项目，重点使用云端部署、监控与可观测性、需求分析、跨岗位沟通、Python编程、软件工程；岗位、企业和薪资均为演示数据。,模拟岗位/演示数据，不代表真实招聘机会,synthetic,dev
JOB-AI-APP-0105,ROLE-AI-APP,AI应用开发工程师（实习/校招）,教育科技,深圳,onsite,campus,bachelor_or_equivalent,full_time,11000,15000,参与AI应用开发工程师相关项目，重点使用监控与可观测性、需求分析、跨岗位沟通、Python编程、软件工程、测试与调试；岗位、企业和薪资均为演示数据。,模拟岗位/演示数据，不代表真实招聘机会,synthetic,dev
JOB-AI-APP-0106,ROLE-AI-APP,AI应用开发工程师（实习/校招）,零售科技,南京,hybrid,campus,bachelor_or_equivalent,internship,9500,13500,参与AI应用开发工程师相关项目，重点使用需求分析、跨岗位沟通、Python编程、软件工程、测试与调试、SQL；岗位、企业和薪资均为演示数据。,模拟岗位/演示数据，不代表真实招聘机会,synthetic,dev
JOB-AI-APP-0107,ROLE-AI-APP,AI应用开发工程师（实习/校招）,金融科技,成都,remote,campus,bachelor_or_equivalent,full_time,9000,13000,参与AI应用开发工程师相关项目，重点使用跨岗位沟通、Python编程、软件工程、测试与调试、SQL、大模型基础；岗位、企业和薪资均为演示数据。,模拟岗位/演示数据，不代表真实招聘机会,synthetic,dev
JOB-AI-APP-0108,ROLE-AI-APP,AI应用开发工程师（实习/校招）,医疗信息化,武汉,onsite,campus,bachelor_or_equivalent,internship,9000,13000,参与AI应用开发工程师相关项目，重点使用Python编程、软件工程、测试与调试、SQL、大模型基础、提示词设计；岗位、企业和薪资均为演示数据。,模拟岗位/演示数据，不代表真实招聘机会,synthetic,dev
JOB-AI-APP-0109,ROLE-AI-APP,AI应用开发工程师（实习/校招）,物流科技,西安,hybrid,campus,bachelor_or_equivalent,full_time,8500,12500,参与AI应用开发工程师相关项目，重点使用软件工程、测试与调试、SQL、大模型基础、提示词设计、RAG应用；岗位、企业和薪资均为演示数据。,模拟岗位/演示数据，不代表真实招聘机会,synthetic,dev
JOB-AI-APP-0110,ROLE-AI-APP,AI应用开发工程师（实习/校招）,内容平台,杭州,remote,campus,bachelor_or_equivalent,internship,10500,14500,参与AI应用开发工程师相关项目，重点使用测试与调试、SQL、大模型基础、提示词设计、RAG应用、向量数据库；岗位、企业和薪资均为演示数据。,模拟岗位/演示数据，不代表真实招聘机会,synthetic,dev
JOB-AI-APP-0111,ROLE-AI-APP,AI应用开发工程师（实习/校招）,企业服务,上海,onsite,campus,bachelor_or_equivalent,full_time,11000,15000,参与AI应用开发工程师相关项目，重点使用SQL、大模型基础、提示词设计、RAG应用、向量数据库、智能体开发；岗位、企业和薪资均为演示数据。,模拟岗位/演示数据，不代表真实招聘机会,synthetic,dev
JOB-AI-APP-0112,ROLE-AI-APP,AI应用开发工程师（实习/校招）,智能制造,北京,hybrid,campus,bachelor_or_equivalent,internship,11500,15500,参与AI应用开发工程师相关项目，重点使用大模型基础、提示词设计、RAG应用、向量数据库、智能体开发、MCP与工具调用；岗位、企业和薪资均为演示数据。,模拟岗位/演示数据，不代表真实招聘机会,synthetic,dev
JOB-AI-APP-0113,ROLE-AI-APP,AI应用开发工程师（实习/校招）,教育科技,深圳,remote,campus,bachelor_or_equivalent,full_time,11000,15000,参与AI应用开发工程师相关项目，重点使用提示词设计、RAG应用、向量数据库、智能体开发、MCP与工具调用、API设计；岗位、企业和薪资均为演示数据。,模拟岗位/演示数据，不代表真实招聘机会,synthetic,dev
JOB-AI-APP-0114,ROLE-AI-APP,AI应用开发工程师（实习/校招）,零售科技,南京,onsite,campus,bachelor_or_equivalent,internship,9500,13500,参与AI应用开发工程师相关项目，重点使用RAG应用、向量数据库、智能体开发、MCP与工具调用、API设计、后端服务开发；岗位、企业和薪资均为演示数据。,模拟岗位/演示数据，不代表真实招聘机会,synthetic,dev
JOB-AI-APP-0115,ROLE-AI-APP,AI应用开发工程师（实习/校招）,金融科技,成都,hybrid,campus,bachelor_or_equivalent,full_time,9000,13000,参与AI应用开发工程师相关项目，重点使用向量数据库、智能体开发、MCP与工具调用、API设计、后端服务开发、Docker容器；岗位、企业和薪资均为演示数据。,模拟岗位/演示数据，不代表真实招聘机会,synthetic,dev
JOB-AI-APP-0116,ROLE-AI-APP,AI应用开发工程师（实习/校招）,医疗信息化,武汉,remote,campus,bachelor_or_equivalent,internship,9000,13000,参与AI应用开发工程师相关项目，重点使用智能体开发、MCP与工具调用、API设计、后端服务开发、Docker容器、CI/CD；岗位、企业和薪资均为演示数据。,模拟岗位/演示数据，不代表真实招聘机会,synthetic,dev
JOB-AI-APP-0117,ROLE-AI-APP,AI应用开发工程师（实习/校招）,物流科技,西安,onsite,campus,bachelor_or_equivalent,full_time,8500,12500,参与AI应用开发工程师相关项目，重点使用MCP与工具调用、API设计、后端服务开发、Docker容器、CI/CD、云端部署；岗位、企业和薪资均为演示数据。,模拟岗位/演示数据，不代表真实招聘机会,synthetic,dev
JOB-AI-APP-0118,ROLE-AI-APP,AI应用开发工程师（实习/校招）,内容平台,杭州,hybrid,campus,bachelor_or_equivalent,internship,10500,14500,参与AI应用开发工程师相关项目，重点使用API设计、后端服务开发、Docker容器、CI/CD、云端部署、监控与可观测性；岗位、企业和薪资均为演示数据。,模拟岗位/演示数据，不代表真实招聘机会,synthetic,dev
JOB-AI-APP-0119,ROLE-AI-APP,AI应用开发工程师（实习/校招）,企业服务,上海,remote,campus,bachelor_or_equivalent,full_time,11000,15000,参与AI应用开发工程师相关项目，重点使用后端服务开发、Docker容器、CI/CD、云端部署、监控与可观测性、需求分析；岗位、企业和薪资均为演示数据。,模拟岗位/演示数据，不代表真实招聘机会,synthetic,dev
JOB-AI-APP-0120,ROLE-AI-APP,AI应用开发工程师（实习/校招）,智能制造,北京,onsite,campus,bachelor_or_equivalent,internship,11500,15500,参与AI应用开发工程师相关项目，重点使用Docker容器、CI/CD、云端部署、监控与可观测性、需求分析、跨岗位沟通；岗位、企业和薪资均为演示数据。,模拟岗位/演示数据，不代表真实招聘机会,synthetic,dev
JOB-AI-APP-0121,ROLE-AI-APP,AI应用开发工程师（实习/校招）,教育科技,深圳,hybrid,campus,bachelor_or_equivalent,full_time,11000,15000,参与AI应用开发工程师相关项目，重点使用CI/CD、云端部署、监控与可观测性、需求分析、跨岗位沟通、Python编程；岗位、企业和薪资均为演示数据。,模拟岗位/演示数据，不代表真实招聘机会,synthetic,dev
JOB-AI-APP-0122,ROLE-AI-APP,AI应用开发工程师（实习/校招）,零售科技,南京,remote,campus,bachelor_or_equivalent,internship,9500,13500,参与AI应用开发工程师相关项目，重点使用云端部署、监控与可观测性、需求分析、跨岗位沟通、Python编程、软件工程；岗位、企业和薪资均为演示数据。,模拟岗位/演示数据，不代表真实招聘机会,synthetic,dev
JOB-AI-APP-0123,ROLE-AI-APP,AI应用开发工程师（实习/校招）,金融科技,成都,onsite,campus,bachelor_or_equivalent,full_time,9000,13000,参与AI应用开发工程师相关项目，重点使用监控与可观测性、需求分析、跨岗位沟通、Python编程、软件工程、测试与调试；岗位、企业和薪资均为演示数据。,模拟岗位/演示数据，不代表真实招聘机会,synthetic,dev
JOB-AI-APP-0124,ROLE-AI-APP,AI应用开发工程师（实习/校招）,医疗信息化,武汉,hybrid,campus,bachelor_or_equivalent,internship,9000,13000,参与AI应用开发工程师相关项目，重点使用需求分析、跨岗位沟通、Python编程、软件工程、测试与调试、SQL；岗位、企业和薪资均为演示数据。,模拟岗位/演示数据，不代表真实招聘机会,synthetic,dev
JOB-AI-APP-0125,ROLE-AI-APP,AI应用开发工程师（实习/校招）,物流科技,西安,remote,campus,bachelor_or_equivalent,full_time,8500,12500,参与AI应用开发工程师相关项目，重点使用跨岗位沟通、Python编程、软件工程、测试与调试、SQL、大模型基础；岗位、企业和薪资均为演示数据。,模拟岗位/演示数据，不代表真实招聘机会,synthetic,dev
JOB-AI-APP-0126,ROLE-AI-APP,AI应用开发工程师（实习/校招）,内容平台,杭州,onsite,campus,bachelor_or_equivalent,internship,10500,14500,参与AI应用开发工程师相关项目，重点使用Python编程、软件工程、测试与调试、SQL、大模型基础、提示词设计；岗位、企业和薪资均为演示数据。,模拟岗位/演示数据，不代表真实招聘机会,synthetic,dev
JOB-AI-APP-0127,ROLE-AI-APP,AI应用开发工程师（实习/校招）,企业服务,上海,hybrid,campus,bachelor_or_equivalent,full_time,11000,15000,参与AI应用开发工程师相关项目，重点使用软件工程、测试与调试、SQL、大模型基础、提示词设计、RAG应用；岗位、企业和薪资均为演示数据。,模拟岗位/演示数据，不代表真实招聘机会,synthetic,dev
JOB-AI-APP-0128,ROLE-AI-APP,AI应用开发工程师（实习/校招）,智能制造,北京,remote,campus,bachelor_or_equivalent,internship,11500,15500,参与AI应用开发工程师相关项目，重点使用测试与调试、SQL、大模型基础、提示词设计、RAG应用、向量数据库；岗位、企业和薪资均为演示数据。,模拟岗位/演示数据，不代表真实招聘机会,synthetic,dev
JOB-AI-APP-0129,ROLE-AI-APP,AI应用开发工程师（实习/校招）,教育科技,深圳,onsite,campus,bachelor_or_equivalent,full_time,11000,15000,参与AI应用开发工程师相关项目，重点使用SQL、大模型基础、提示词设计、RAG应用、向量数据库、智能体开发；岗位、企业和薪资均为演示数据。,模拟岗位/演示数据，不代表真实招聘机会,synthetic,dev
JOB-AI-APP-0130,ROLE-AI-APP,AI应用开发工程师（实习/校招）,零售科技,南京,hybrid,campus,bachelor_or_equivalent,internship,9500,13500,参与AI应用开发工程师相关项目，重点使用大模型基础、提示词设计、RAG应用、向量数据库、智能体开发、MCP与工具调用；岗位、企业和薪资均为演示数据。,模拟岗位/演示数据，不代表真实招聘机会,synthetic,dev
JOB-AI-APP-0131,ROLE-AI-APP,AI应用开发工程师（实习/校招）,金融科技,成都,remote,campus,bachelor_or_equivalent,full_time,9000,13000,参与AI应用开发工程师相关项目，重点使用提示词设计、RAG应用、向量数据库、智能体开发、MCP与工具调用、API设计；岗位、企业和薪资均为演示数据。,模拟岗位/演示数据，不代表真实招聘机会,synthetic,dev
JOB-AI-APP-0132,ROLE-AI-APP,AI应用开发工程师（实习/校招）,医疗信息化,武汉,onsite,campus,bachelor_or_equivalent,internship,9000,13000,参与AI应用开发工程师相关项目，重点使用RAG应用、向量数据库、智能体开发、MCP与工具调用、API设计、后端服务开发；岗位、企业和薪资均为演示数据。,模拟岗位/演示数据，不代表真实招聘机会,synthetic,dev
JOB-AI-APP-0133,ROLE-AI-APP,AI应用开发工程师（实习/校招）,物流科技,西安,hybrid,campus,bachelor_or_equivalent,full_time,8500,12500,参与AI应用开发工程师相关项目，重点使用向量数据库、智能体开发、MCP与工具调用、API设计、后端服务开发、Docker容器；岗位、企业和薪资均为演示数据。,模拟岗位/演示数据，不代表真实招聘机会,synthetic,dev
JOB-AI-APP-0134,ROLE-AI-APP,AI应用开发工程师（实习/校招）,内容平台,杭州,remote,campus,bachelor_or_equivalent,internship,10500,14500,参与AI应用开发工程师相关项目，重点使用智能体开发、MCP与工具调用、API设计、后端服务开发、Docker容器、CI/CD；岗位、企业和薪资均为演示数据。,模拟岗位/演示数据，不代表真实招聘机会,synthetic,dev
JOB-AI-APP-0135,ROLE-AI-APP,AI应用开发工程师（实习/校招）,企业服务,上海,onsite,campus,bachelor_or_equivalent,full_time,11000,15000,参与AI应用开发工程师相关项目，重点使用MCP与工具调用、API设计、后端服务开发、Docker容器、CI/CD、云端部署；岗位、企业和薪资均为演示数据。,模拟岗位/演示数据，不代表真实招聘机会,synthetic,dev
JOB-AI-APP-0136,ROLE-AI-APP,AI应用开发工程师（实习/校招）,智能制造,北京,hybrid,campus,bachelor_or_equivalent,internship,11500,15500,参与AI应用开发工程师相关项目，重点使用API设计、后端服务开发、Docker容器、CI/CD、云端部署、监控与可观测性；岗位、企业和薪资均为演示数据。,模拟岗位/演示数据，不代表真实招聘机会,synthetic,dev
JOB-AI-APP-0137,ROLE-AI-APP,AI应用开发工程师（实习/校招）,教育科技,深圳,remote,campus,bachelor_or_equivalent,full_time,11000,15000,参与AI应用开发工程师相关项目，重点使用后端服务开发、Docker容器、CI/CD、云端部署、监控与可观测性、需求分析；岗位、企业和薪资均为演示数据。,模拟岗位/演示数据，不代表真实招聘机会,synthetic,dev
JOB-AI-APP-0138,ROLE-AI-APP,AI应用开发工程师（实习/校招）,零售科技,南京,onsite,campus,bachelor_or_equivalent,internship,9500,13500,参与AI应用开发工程师相关项目，重点使用Docker容器、CI/CD、云端部署、监控与可观测性、需求分析、跨岗位沟通；岗位、企业和薪资均为演示数据。,模拟岗位/演示数据，不代表真实招聘机会,synthetic,dev
JOB-AI-APP-0139,ROLE-AI-APP,AI应用开发工程师（实习/校招）,金融科技,成都,hybrid,campus,bachelor_or_equivalent,full_time,9000,13000,参与AI应用开发工程师相关项目，重点使用CI/CD、云端部署、监控与可观测性、需求分析、跨岗位沟通、Python编程；岗位、企业和薪资均为演示数据。,模拟岗位/演示数据，不代表真实招聘机会,synthetic,dev
JOB-AI-APP-0140,ROLE-AI-APP,AI应用开发工程师（实习/校招）,医疗信息化,武汉,remote,campus,bachelor_or_equivalent,internship,9000,13000,参与AI应用开发工程师相关项目，重点使用云端部署、监控与可观测性、需求分析、跨岗位沟通、Python编程、软件工程；岗位、企业和薪资均为演示数据。,模拟岗位/演示数据，不代表真实招聘机会,synthetic,dev
JOB-AI-APP-0141,ROLE-AI-APP,AI应用开发工程师（实习/校招）,物流科技,西安,onsite,campus,bachelor_or_equivalent,full_time,8500,12500,参与AI应用开发工程师相关项目，重点使用监控与可观测性、需求分析、跨岗位沟通、Python编程、软件工程、测试与调试；岗位、企业和薪资均为演示数据。,模拟岗位/演示数据，不代表真实招聘机会,synthetic,dev
JOB-AI-APP-0142,ROLE-AI-APP,AI应用开发工程师（实习/校招）,内容平台,杭州,hybrid,campus,bachelor_or_equivalent,internship,10500,14500,参与AI应用开发工程师相关项目，重点使用需求分析、跨岗位沟通、Python编程、软件工程、测试与调试、SQL；岗位、企业和薪资均为演示数据。,模拟岗位/演示数据，不代表真实招聘机会,synthetic,dev
JOB-AI-APP-0143,ROLE-AI-APP,AI应用开发工程师（实习/校招）,企业服务,上海,remote,campus,bachelor_or_equivalent,full_time,11000,15000,参与AI应用开发工程师相关项目，重点使用跨岗位沟通、Python编程、软件工程、测试与调试、SQL、大模型基础；岗位、企业和薪资均为演示数据。,模拟岗位/演示数据，不代表真实招聘机会,synthetic,dev
JOB-AI-APP-0144,ROLE-AI-APP,AI应用开发工程师（实习/校招）,智能制造,北京,onsite,campus,bachelor_or_equivalent,internship,11500,15500,参与AI应用开发工程师相关项目，重点使用Python编程、软件工程、测试与调试、SQL、大模型基础、提示词设计；岗位、企业和薪资均为演示数据。,模拟岗位/演示数据，不代表真实招聘机会,synthetic,dev
JOB-AI-APP-0145,ROLE-AI-APP,AI应用开发工程师（实习/校招）,教育科技,深圳,hybrid,campus,bachelor_or_equivalent,full_time,11000,15000,参与AI应用开发工程师相关项目，重点使用软件工程、测试与调试、SQL、大模型基础、提示词设计、RAG应用；岗位、企业和薪资均为演示数据。,模拟岗位/演示数据，不代表真实招聘机会,synthetic,dev
JOB-AI-APP-0146,ROLE-AI-APP,AI应用开发工程师（实习/校招）,零售科技,南京,remote,campus,bachelor_or_equivalent,internship,9500,13500,参与AI应用开发工程师相关项目，重点使用测试与调试、SQL、大模型基础、提示词设计、RAG应用、向量数据库；岗位、企业和薪资均为演示数据。,模拟岗位/演示数据，不代表真实招聘机会,synthetic,dev
JOB-AI-APP-0147,ROLE-AI-APP,AI应用开发工程师（实习/校招）,金融科技,成都,onsite,campus,bachelor_or_equivalent,full_time,9000,13000,参与AI应用开发工程师相关项目，重点使用SQL、大模型基础、提示词设计、RAG应用、向量数据库、智能体开发；岗位、企业和薪资均为演示数据。,模拟岗位/演示数据，不代表真实招聘机会,synthetic,dev
JOB-AI-APP-0148,ROLE-AI-APP,AI应用开发工程师（实习/校招）,医疗信息化,武汉,hybrid,campus,bachelor_or_equivalent,internship,9000,13000,参与AI应用开发工程师相关项目，重点使用大模型基础、提示词设计、RAG应用、向量数据库、智能体开发、MCP与工具调用；岗位、企业和薪资均为演示数据。,模拟岗位/演示数据，不代表真实招聘机会,synthetic,dev
JOB-AI-APP-0149,ROLE-AI-APP,AI应用开发工程师（实习/校招）,物流科技,西安,remote,campus,bachelor_or_equivalent,full_time,8500,12500,参与AI应用开发工程师相关项目，重点使用提示词设计、RAG应用、向量数据库、智能体开发、MCP与工具调用、API设计；岗位、企业和薪资均为演示数据。,模拟岗位/演示数据，不代表真实招聘机会,synthetic,dev
JOB-AI-APP-0150,ROLE-AI-APP,AI应用开发工程师（实习/校招）,内容平台,杭州,onsite,campus,bachelor_or_equivalent,internship,10500,14500,参与AI应用开发工程师相关项目，重点使用RAG应用、向量数据库、智能体开发、MCP与工具调用、API设计、后端服务开发；岗位、企业和薪资均为演示数据。,模拟岗位/演示数据，不代表真实招聘机会,synthetic,dev
JOB-AI-APP-0151,ROLE-AI-APP,AI应用开发工程师（实习/校招）,企业服务,上海,hybrid,campus,bachelor_or_equivalent,full_time,11000,15000,参与AI应用开发工程师相关项目，重点使用向量数据库、智能体开发、MCP与工具调用、API设计、后端服务开发、Docker容器；岗位、企业和薪资均为演示数据。,模拟岗位/演示数据，不代表真实招聘机会,synthetic,dev
JOB-AI-APP-0152,ROLE-AI-APP,AI应用开发工程师（实习/校招）,智能制造,北京,remote,campus,bachelor_or_equivalent,internship,11500,15500,参与AI应用开发工程师相关项目，重点使用智能体开发、MCP与工具调用、API设计、后端服务开发、Docker容器、CI/CD；岗位、企业和薪资均为演示数据。,模拟岗位/演示数据，不代表真实招聘机会,synthetic,dev
JOB-AI-APP-0153,ROLE-AI-APP,AI应用开发工程师（实习/校招）,教育科技,深圳,onsite,campus,bachelor_or_equivalent,full_time,11000,15000,参与AI应用开发工程师相关项目，重点使用MCP与工具调用、API设计、后端服务开发、Docker容器、CI/CD、云端部署；岗位、企业和薪资均为演示数据。,模拟岗位/演示数据，不代表真实招聘机会,synthetic,dev
JOB-AI-APP-0154,ROLE-AI-APP,AI应用开发工程师（实习/校招）,零售科技,南京,hybrid,campus,bachelor_or_equivalent,internship,9500,13500,参与AI应用开发工程师相关项目，重点使用API设计、后端服务开发、Docker容器、CI/CD、云端部署、监控与可观测性；岗位、企业和薪资均为演示数据。,模拟岗位/演示数据，不代表真实招聘机会,synthetic,dev
JOB-AI-APP-0155,ROLE-AI-APP,AI应用开发工程师（实习/校招）,金融科技,成都,remote,campus,bachelor_or_equivalent,full_time,9000,13000,参与AI应用开发工程师相关项目，重点使用后端服务开发、Docker容器、CI/CD、云端部署、监控与可观测性、需求分析；岗位、企业和薪资均为演示数据。,模拟岗位/演示数据，不代表真实招聘机会,synthetic,dev
JOB-AI-APP-0156,ROLE-AI-APP,AI应用开发工程师（实习/校招）,医疗信息化,武汉,onsite,campus,bachelor_or_equivalent,internship,9000,13000,参与AI应用开发工程师相关项目，重点使用Docker容器、CI/CD、云端部署、监控与可观测性、需求分析、跨岗位沟通；岗位、企业和薪资均为演示数据。,模拟岗位/演示数据，不代表真实招聘机会,synthetic,dev
JOB-AI-APP-0157,ROLE-AI-APP,AI应用开发工程师（实习/校招）,物流科技,西安,hybrid,campus,bachelor_or_equivalent,full_time,8500,12500,参与AI应用开发工程师相关项目，重点使用CI/CD、云端部署、监控与可观测性、需求分析、跨岗位沟通、Python编程；岗位、企业和薪资均为演示数据。,模拟岗位/演示数据，不代表真实招聘机会,synthetic,dev
JOB-AI-APP-0158,ROLE-AI-APP,AI应用开发工程师（实习/校招）,内容平台,杭州,remote,campus,bachelor_or_equivalent,internship,10500,14500,参与AI应用开发工程师相关项目，重点使用云端部署、监控与可观测性、需求分析、跨岗位沟通、Python编程、软件工程；岗位、企业和薪资均为演示数据。,模拟岗位/演示数据，不代表真实招聘机会,synthetic,dev
JOB-AI-APP-0159,ROLE-AI-APP,AI应用开发工程师（实习/校招）,企业服务,上海,onsite,campus,bachelor_or_equivalent,full_time,11000,15000,参与AI应用开发工程师相关项目，重点使用监控与可观测性、需求分析、跨岗位沟通、Python编程、软件工程、测试与调试；岗位、企业和薪资均为演示数据。,模拟岗位/演示数据，不代表真实招聘机会,synthetic,dev
JOB-AI-APP-0160,ROLE-AI-APP,AI应用开发工程师（实习/校招）,智能制造,北京,hybrid,campus,bachelor_or_equivalent,internship,11500,15500,参与AI应用开发工程师相关项目，重点使用需求分析、跨岗位沟通、Python编程、软件工程、测试与调试、SQL；岗位、企业和薪资均为演示数据。,模拟岗位/演示数据，不代表真实招聘机会,synthetic,dev
JOB-AI-APP-0161,ROLE-AI-APP,AI应用开发工程师（实习/校招）,教育科技,深圳,remote,campus,bachelor_or_equivalent,full_time,11000,15000,参与AI应用开发工程师相关项目，重点使用跨岗位沟通、Python编程、软件工程、测试与调试、SQL、大模型基础；岗位、企业和薪资均为演示数据。,模拟岗位/演示数据，不代表真实招聘机会,synthetic,dev
JOB-AI-APP-0162,ROLE-AI-APP,AI应用开发工程师（实习/校招）,零售科技,南京,onsite,campus,bachelor_or_equivalent,internship,9500,13500,参与AI应用开发工程师相关项目，重点使用Python编程、软件工程、测试与调试、SQL、大模型基础、提示词设计；岗位、企业和薪资均为演示数据。,模拟岗位/演示数据，不代表真实招聘机会,synthetic,dev
JOB-AI-APP-0163,ROLE-AI-APP,AI应用开发工程师（实习/校招）,金融科技,成都,hybrid,campus,bachelor_or_equivalent,full_time,9000,13000,参与AI应用开发工程师相关项目，重点使用软件工程、测试与调试、SQL、大模型基础、提示词设计、RAG应用；岗位、企业和薪资均为演示数据。,模拟岗位/演示数据，不代表真实招聘机会,synthetic,dev
JOB-AI-APP-0164,ROLE-AI-APP,AI应用开发工程师（实习/校招）,医疗信息化,武汉,remote,campus,bachelor_or_equivalent,internship,9000,13000,参与AI应用开发工程师相关项目，重点使用测试与调试、SQL、大模型基础、提示词设计、RAG应用、向量数据库；岗位、企业和薪资均为演示数据。,模拟岗位/演示数据，不代表真实招聘机会,synthetic,dev
JOB-AI-APP-0165,ROLE-AI-APP,AI应用开发工程师（实习/校招）,物流科技,西安,onsite,campus,bachelor_or_equivalent,full_time,8500,12500,参与AI应用开发工程师相关项目，重点使用SQL、大模型基础、提示词设计、RAG应用、向量数据库、智能体开发；岗位、企业和薪资均为演示数据。,模拟岗位/演示数据，不代表真实招聘机会,synthetic,dev
JOB-AI-APP-0166,ROLE-AI-APP,AI应用开发工程师（实习/校招）,内容平台,杭州,hybrid,campus,bachelor_or_equivalent,internship,10500,14500,参与AI应用开发工程师相关项目，重点使用大模型基础、提示词设计、RAG应用、向量数据库、智能体开发、MCP与工具调用；岗位、企业和薪资均为演示数据。,模拟岗位/演示数据，不代表真实招聘机会,synthetic,dev
JOB-AI-APP-0167,ROLE-AI-APP,AI应用开发工程师（实习/校招）,企业服务,上海,remote,campus,bachelor_or_equivalent,full_time,11000,15000,参与AI应用开发工程师相关项目，重点使用提示词设计、RAG应用、向量数据库、智能体开发、MCP与工具调用、API设计；岗位、企业和薪资均为演示数据。,模拟岗位/演示数据，不代表真实招聘机会,synthetic,dev
JOB-AI-APP-0168,ROLE-AI-APP,AI应用开发工程师（0-1年）,智能制造,北京,onsite,entry,bachelor_or_equivalent,full_time,16500,23500,参与AI应用开发工程师相关项目，重点使用RAG应用、向量数据库、智能体开发、MCP与工具调用、API设计、后端服务开发；岗位、企业和薪资均为演示数据。,模拟岗位/演示数据，不代表真实招聘机会,synthetic,dev
JOB-AI-APP-0169,ROLE-AI-APP,AI应用开发工程师（0-1年）,教育科技,深圳,hybrid,entry,bachelor_or_equivalent,full_time,16000,23000,参与AI应用开发工程师相关项目，重点使用向量数据库、智能体开发、MCP与工具调用、API设计、后端服务开发、Docker容器；岗位、企业和薪资均为演示数据。,模拟岗位/演示数据，不代表真实招聘机会,synthetic,dev
JOB-AI-APP-0170,ROLE-AI-APP,AI应用开发工程师（0-1年）,零售科技,南京,remote,entry,bachelor_or_equivalent,full_time,14000,21000,参与AI应用开发工程师相关项目，重点使用智能体开发、MCP与工具调用、API设计、后端服务开发、Docker容器、CI/CD；岗位、企业和薪资均为演示数据。,模拟岗位/演示数据，不代表真实招聘机会,synthetic,dev
JOB-AI-APP-0171,ROLE-AI-APP,AI应用开发工程师（0-1年）,金融科技,成都,onsite,entry,bachelor_or_equivalent,full_time,13000,20000,参与AI应用开发工程师相关项目，重点使用MCP与工具调用、API设计、后端服务开发、Docker容器、CI/CD、云端部署；岗位、企业和薪资均为演示数据。,模拟岗位/演示数据，不代表真实招聘机会,synthetic,dev
JOB-AI-APP-0172,ROLE-AI-APP,AI应用开发工程师（0-1年）,医疗信息化,武汉,hybrid,entry,bachelor_or_equivalent,full_time,12500,19500,参与AI应用开发工程师相关项目，重点使用API设计、后端服务开发、Docker容器、CI/CD、云端部署、监控与可观测性；岗位、企业和薪资均为演示数据。,模拟岗位/演示数据，不代表真实招聘机会,synthetic,dev
JOB-AI-APP-0173,ROLE-AI-APP,AI应用开发工程师（0-1年）,物流科技,西安,remote,entry,bachelor_or_equivalent,full_time,12500,19500,参与AI应用开发工程师相关项目，重点使用后端服务开发、Docker容器、CI/CD、云端部署、监控与可观测性、需求分析；岗位、企业和薪资均为演示数据。,模拟岗位/演示数据，不代表真实招聘机会,synthetic,dev
JOB-AI-APP-0174,ROLE-AI-APP,AI应用开发工程师（0-1年）,内容平台,杭州,onsite,entry,bachelor_or_equivalent,full_time,15500,22500,参与AI应用开发工程师相关项目，重点使用Docker容器、CI/CD、云端部署、监控与可观测性、需求分析、跨岗位沟通；岗位、企业和薪资均为演示数据。,模拟岗位/演示数据，不代表真实招聘机会,synthetic,dev
JOB-AI-APP-0175,ROLE-AI-APP,AI应用开发工程师（0-1年）,企业服务,上海,hybrid,entry,bachelor_or_equivalent,full_time,16000,23000,参与AI应用开发工程师相关项目，重点使用CI/CD、云端部署、监控与可观测性、需求分析、跨岗位沟通、Python编程；岗位、企业和薪资均为演示数据。,模拟岗位/演示数据，不代表真实招聘机会,synthetic,dev
JOB-AI-APP-0176,ROLE-AI-APP,AI应用开发工程师（0-1年）,智能制造,北京,remote,entry,bachelor_or_equivalent,full_time,16500,23500,参与AI应用开发工程师相关项目，重点使用云端部署、监控与可观测性、需求分析、跨岗位沟通、Python编程、软件工程；岗位、企业和薪资均为演示数据。,模拟岗位/演示数据，不代表真实招聘机会,synthetic,dev
JOB-AI-APP-0177,ROLE-AI-APP,AI应用开发工程师（0-1年）,教育科技,深圳,onsite,entry,bachelor_or_equivalent,full_time,16000,23000,参与AI应用开发工程师相关项目，重点使用监控与可观测性、需求分析、跨岗位沟通、Python编程、软件工程、测试与调试；岗位、企业和薪资均为演示数据。,模拟岗位/演示数据，不代表真实招聘机会,synthetic,dev
JOB-AI-APP-0178,ROLE-AI-APP,AI应用开发工程师（0-1年）,零售科技,南京,hybrid,entry,bachelor_or_equivalent,full_time,14000,21000,参与AI应用开发工程师相关项目，重点使用需求分析、跨岗位沟通、Python编程、软件工程、测试与调试、SQL；岗位、企业和薪资均为演示数据。,模拟岗位/演示数据，不代表真实招聘机会,synthetic,dev
JOB-AI-APP-0179,ROLE-AI-APP,AI应用开发工程师（0-1年）,金融科技,成都,remote,entry,bachelor_or_equivalent,full_time,13000,20000,参与AI应用开发工程师相关项目，重点使用跨岗位沟通、Python编程、软件工程、测试与调试、SQL、大模型基础；岗位、企业和薪资均为演示数据。,模拟岗位/演示数据，不代表真实招聘机会,synthetic,dev
JOB-AI-APP-0180,ROLE-AI-APP,AI应用开发工程师（0-1年）,医疗信息化,武汉,onsite,entry,bachelor_or_equivalent,full_time,12500,19500,参与AI应用开发工程师相关项目，重点使用Python编程、软件工程、测试与调试、SQL、大模型基础、提示词设计；岗位、企业和薪资均为演示数据。,模拟岗位/演示数据，不代表真实招聘机会,synthetic,dev
JOB-AI-APP-0181,ROLE-AI-APP,AI应用开发工程师（0-1年）,物流科技,西安,hybrid,entry,bachelor_or_equivalent,full_time,12500,19500,参与AI应用开发工程师相关项目，重点使用软件工程、测试与调试、SQL、大模型基础、提示词设计、RAG应用；岗位、企业和薪资均为演示数据。,模拟岗位/演示数据，不代表真实招聘机会,synthetic,dev
JOB-AI-APP-0182,ROLE-AI-APP,AI应用开发工程师（0-1年）,内容平台,杭州,remote,entry,bachelor_or_equivalent,full_time,15500,22500,参与AI应用开发工程师相关项目，重点使用测试与调试、SQL、大模型基础、提示词设计、RAG应用、向量数据库；岗位、企业和薪资均为演示数据。,模拟岗位/演示数据，不代表真实招聘机会,synthetic,dev
JOB-AI-APP-0183,ROLE-AI-APP,AI应用开发工程师（0-1年）,企业服务,上海,onsite,entry,bachelor_or_equivalent,full_time,16000,23000,参与AI应用开发工程师相关项目，重点使用SQL、大模型基础、提示词设计、RAG应用、向量数据库、智能体开发；岗位、企业和薪资均为演示数据。,模拟岗位/演示数据，不代表真实招聘机会,synthetic,dev
JOB-AI-APP-0184,ROLE-AI-APP,AI应用开发工程师（0-1年）,智能制造,北京,hybrid,entry,bachelor_or_equivalent,full_time,16500,23500,参与AI应用开发工程师相关项目，重点使用大模型基础、提示词设计、RAG应用、向量数据库、智能体开发、MCP与工具调用；岗位、企业和薪资均为演示数据。,模拟岗位/演示数据，不代表真实招聘机会,synthetic,dev
JOB-AI-APP-0185,ROLE-AI-APP,AI应用开发工程师（0-1年）,教育科技,深圳,remote,entry,bachelor_or_equivalent,full_time,16000,23000,参与AI应用开发工程师相关项目，重点使用提示词设计、RAG应用、向量数据库、智能体开发、MCP与工具调用、API设计；岗位、企业和薪资均为演示数据。,模拟岗位/演示数据，不代表真实招聘机会,synthetic,dev
JOB-AI-APP-0186,ROLE-AI-APP,AI应用开发工程师（0-1年）,零售科技,南京,onsite,entry,bachelor_or_equivalent,full_time,14000,21000,参与AI应用开发工程师相关项目，重点使用RAG应用、向量数据库、智能体开发、MCP与工具调用、API设计、后端服务开发；岗位、企业和薪资均为演示数据。,模拟岗位/演示数据，不代表真实招聘机会,synthetic,dev
JOB-AI-APP-0187,ROLE-AI-APP,AI应用开发工程师（0-1年）,金融科技,成都,hybrid,entry,bachelor_or_equivalent,full_time,13000,20000,参与AI应用开发工程师相关项目，重点使用向量数据库、智能体开发、MCP与工具调用、API设计、后端服务开发、Docker容器；岗位、企业和薪资均为演示数据。,模拟岗位/演示数据，不代表真实招聘机会,synthetic,dev
JOB-AI-APP-0188,ROLE-AI-APP,AI应用开发工程师（0-1年）,医疗信息化,武汉,remote,entry,bachelor_or_equivalent,full_time,12500,19500,参与AI应用开发工程师相关项目，重点使用智能体开发、MCP与工具调用、API设计、后端服务开发、Docker容器、CI/CD；岗位、企业和薪资均为演示数据。,模拟岗位/演示数据，不代表真实招聘机会,synthetic,dev
JOB-AI-APP-0189,ROLE-AI-APP,AI应用开发工程师（0-1年）,物流科技,西安,onsite,entry,bachelor_or_equivalent,full_time,12500,19500,参与AI应用开发工程师相关项目，重点使用MCP与工具调用、API设计、后端服务开发、Docker容器、CI/CD、云端部署；岗位、企业和薪资均为演示数据。,模拟岗位/演示数据，不代表真实招聘机会,synthetic,dev
JOB-AI-APP-0190,ROLE-AI-APP,AI应用开发工程师（0-1年）,内容平台,杭州,hybrid,entry,bachelor_or_equivalent,full_time,15500,22500,参与AI应用开发工程师相关项目，重点使用API设计、后端服务开发、Docker容器、CI/CD、云端部署、监控与可观测性；岗位、企业和薪资均为演示数据。,模拟岗位/演示数据，不代表真实招聘机会,synthetic,dev
JOB-AI-APP-0191,ROLE-AI-APP,AI应用开发工程师（0-1年）,企业服务,上海,remote,entry,bachelor_or_equivalent,full_time,16000,23000,参与AI应用开发工程师相关项目，重点使用后端服务开发、Docker容器、CI/CD、云端部署、监控与可观测性、需求分析；岗位、企业和薪资均为演示数据。,模拟岗位/演示数据，不代表真实招聘机会,synthetic,dev
JOB-AI-APP-0192,ROLE-AI-APP,AI应用开发工程师（0-1年）,智能制造,北京,onsite,entry,bachelor_or_equivalent,full_time,16500,23500,参与AI应用开发工程师相关项目，重点使用Docker容器、CI/CD、云端部署、监控与可观测性、需求分析、跨岗位沟通；岗位、企业和薪资均为演示数据。,模拟岗位/演示数据，不代表真实招聘机会,synthetic,dev
JOB-AI-APP-0193,ROLE-AI-APP,AI应用开发工程师（0-1年）,教育科技,深圳,hybrid,entry,bachelor_or_equivalent,full_time,16000,23000,参与AI应用开发工程师相关项目，重点使用CI/CD、云端部署、监控与可观测性、需求分析、跨岗位沟通、Python编程；岗位、企业和薪资均为演示数据。,模拟岗位/演示数据，不代表真实招聘机会,synthetic,dev
JOB-AI-APP-0194,ROLE-AI-APP,AI应用开发工程师（0-1年）,零售科技,南京,remote,entry,bachelor_or_equivalent,full_time,14000,21000,参与AI应用开发工程师相关项目，重点使用云端部署、监控与可观测性、需求分析、跨岗位沟通、Python编程、软件工程；岗位、企业和薪资均为演示数据。,模拟岗位/演示数据，不代表真实招聘机会,synthetic,dev
JOB-AI-APP-0195,ROLE-AI-APP,AI应用开发工程师（0-1年）,金融科技,成都,onsite,entry,bachelor_or_equivalent,full_time,13000,20000,参与AI应用开发工程师相关项目，重点使用监控与可观测性、需求分析、跨岗位沟通、Python编程、软件工程、测试与调试；岗位、企业和薪资均为演示数据。,模拟岗位/演示数据，不代表真实招聘机会,synthetic,dev
JOB-AI-APP-0196,ROLE-AI-APP,AI应用开发工程师（0-1年）,医疗信息化,武汉,hybrid,entry,bachelor_or_equivalent,full_time,12500,19500,参与AI应用开发工程师相关项目，重点使用需求分析、跨岗位沟通、Python编程、软件工程、测试与调试、SQL；岗位、企业和薪资均为演示数据。,模拟岗位/演示数据，不代表真实招聘机会,synthetic,dev
JOB-AI-APP-0197,ROLE-AI-APP,AI应用开发工程师（0-1年）,物流科技,西安,remote,entry,bachelor_or_equivalent,full_time,12500,19500,参与AI应用开发工程师相关项目，重点使用跨岗位沟通、Python编程、软件工程、测试与调试、SQL、大模型基础；岗位、企业和薪资均为演示数据。,模拟岗位/演示数据，不代表真实招聘机会,synthetic,dev
JOB-AI-APP-0198,ROLE-AI-APP,AI应用开发工程师（0-1年）,内容平台,杭州,onsite,entry,bachelor_or_equivalent,full_time,15500,22500,参与AI应用开发工程师相关项目，重点使用Python编程、软件工程、测试与调试、SQL、大模型基础、提示词设计；岗位、企业和薪资均为演示数据。,模拟岗位/演示数据，不代表真实招聘机会,synthetic,dev
JOB-AI-APP-0199,ROLE-AI-APP,AI应用开发工程师（0-1年）,企业服务,上海,hybrid,entry,bachelor_or_equivalent,full_time,16000,23000,参与AI应用开发工程师相关项目，重点使用软件工程、测试与调试、SQL、大模型基础、提示词设计、RAG应用；岗位、企业和薪资均为演示数据。,模拟岗位/演示数据，不代表真实招聘机会,synthetic,dev
JOB-AI-APP-0200,ROLE-AI-APP,AI应用开发工程师（0-1年）,智能制造,北京,remote,entry,bachelor_or_equivalent,full_time,16500,23500,参与AI应用开发工程师相关项目，重点使用测试与调试、SQL、大模型基础、提示词设计、RAG应用、向量数据库；岗位、企业和薪资均为演示数据。,模拟岗位/演示数据，不代表真实招聘机会,synthetic,dev
JOB-AI-APP-0201,ROLE-AI-APP,AI应用开发工程师（0-1年）,教育科技,深圳,onsite,entry,bachelor_or_equivalent,full_time,16000,23000,参与AI应用开发工程师相关项目，重点使用SQL、大模型基础、提示词设计、RAG应用、向量数据库、智能体开发；岗位、企业和薪资均为演示数据。,模拟岗位/演示数据，不代表真实招聘机会,synthetic,dev
JOB-AI-APP-0202,ROLE-AI-APP,AI应用开发工程师（0-1年）,零售科技,南京,hybrid,entry,bachelor_or_equivalent,full_time,14000,21000,参与AI应用开发工程师相关项目，重点使用大模型基础、提示词设计、RAG应用、向量数据库、智能体开发、MCP与工具调用；岗位、企业和薪资均为演示数据。,模拟岗位/演示数据，不代表真实招聘机会,synthetic,dev
JOB-AI-APP-0203,ROLE-AI-APP,AI应用开发工程师（0-1年）,金融科技,成都,remote,entry,bachelor_or_equivalent,full_time,13000,20000,参与AI应用开发工程师相关项目，重点使用提示词设计、RAG应用、向量数据库、智能体开发、MCP与工具调用、API设计；岗位、企业和薪资均为演示数据。,模拟岗位/演示数据，不代表真实招聘机会,synthetic,dev
JOB-AI-APP-0204,ROLE-AI-APP,AI应用开发工程师（0-1年）,医疗信息化,武汉,onsite,entry,bachelor_or_equivalent,full_time,12500,19500,参与AI应用开发工程师相关项目，重点使用RAG应用、向量数据库、智能体开发、MCP与工具调用、API设计、后端服务开发；岗位、企业和薪资均为演示数据。,模拟岗位/演示数据，不代表真实招聘机会,synthetic,dev
JOB-AI-APP-0205,ROLE-AI-APP,AI应用开发工程师（0-1年）,物流科技,西安,hybrid,entry,bachelor_or_equivalent,full_time,12500,19500,参与AI应用开发工程师相关项目，重点使用向量数据库、智能体开发、MCP与工具调用、API设计、后端服务开发、Docker容器；岗位、企业和薪资均为演示数据。,模拟岗位/演示数据，不代表真实招聘机会,synthetic,dev
JOB-AI-APP-0206,ROLE-AI-APP,AI应用开发工程师（0-1年）,内容平台,杭州,remote,entry,bachelor_or_equivalent,full_time,15500,22500,参与AI应用开发工程师相关项目，重点使用智能体开发、MCP与工具调用、API设计、后端服务开发、Docker容器、CI/CD；岗位、企业和薪资均为演示数据。,模拟岗位/演示数据，不代表真实招聘机会,synthetic,dev
JOB-AI-APP-0207,ROLE-AI-APP,AI应用开发工程师（0-1年）,企业服务,上海,onsite,entry,bachelor_or_equivalent,full_time,16000,23000,参与AI应用开发工程师相关项目，重点使用MCP与工具调用、API设计、后端服务开发、Docker容器、CI/CD、云端部署；岗位、企业和薪资均为演示数据。,模拟岗位/演示数据，不代表真实招聘机会,synthetic,dev
JOB-AI-APP-0208,ROLE-AI-APP,AI应用开发工程师（0-1年）,智能制造,北京,hybrid,entry,bachelor_or_equivalent,full_time,16500,23500,参与AI应用开发工程师相关项目，重点使用API设计、后端服务开发、Docker容器、CI/CD、云端部署、监控与可观测性；岗位、企业和薪资均为演示数据。,模拟岗位/演示数据，不代表真实招聘机会,synthetic,dev
JOB-AI-APP-0209,ROLE-AI-APP,AI应用开发工程师（0-1年）,教育科技,深圳,remote,entry,bachelor_or_equivalent,full_time,16000,23000,参与AI应用开发工程师相关项目，重点使用后端服务开发、Docker容器、CI/CD、云端部署、监控与可观测性、需求分析；岗位、企业和薪资均为演示数据。,模拟岗位/演示数据，不代表真实招聘机会,synthetic,dev
JOB-AI-APP-0210,ROLE-AI-APP,AI应用开发工程师（0-1年）,零售科技,南京,onsite,entry,bachelor_or_equivalent,full_time,14000,21000,参与AI应用开发工程师相关项目，重点使用Docker容器、CI/CD、云端部署、监控与可观测性、需求分析、跨岗位沟通；岗位、企业和薪资均为演示数据。,模拟岗位/演示数据，不代表真实招聘机会,synthetic,dev
JOB-AI-APP-0211,ROLE-AI-APP,AI应用开发工程师（0-1年）,金融科技,成都,hybrid,entry,bachelor_or_equivalent,full_time,13000,20000,参与AI应用开发工程师相关项目，重点使用CI/CD、云端部署、监控与可观测性、需求分析、跨岗位沟通、Python编程；岗位、企业和薪资均为演示数据。,模拟岗位/演示数据，不代表真实招聘机会,synthetic,dev
JOB-AI-APP-0212,ROLE-AI-APP,AI应用开发工程师（0-1年）,医疗信息化,武汉,remote,entry,bachelor_or_equivalent,full_time,12500,19500,参与AI应用开发工程师相关项目，重点使用云端部署、监控与可观测性、需求分析、跨岗位沟通、Python编程、软件工程；岗位、企业和薪资均为演示数据。,模拟岗位/演示数据，不代表真实招聘机会,synthetic,dev
JOB-AI-APP-0213,ROLE-AI-APP,AI应用开发工程师（0-1年）,物流科技,西安,onsite,entry,bachelor_or_equivalent,full_time,12500,19500,参与AI应用开发工程师相关项目，重点使用监控与可观测性、需求分析、跨岗位沟通、Python编程、软件工程、测试与调试；岗位、企业和薪资均为演示数据。,模拟岗位/演示数据，不代表真实招聘机会,synthetic,dev
JOB-AI-APP-0214,ROLE-AI-APP,AI应用开发工程师（0-1年）,内容平台,杭州,hybrid,entry,bachelor_or_equivalent,full_time,15500,22500,参与AI应用开发工程师相关项目，重点使用需求分析、跨岗位沟通、Python编程、软件工程、测试与调试、SQL；岗位、企业和薪资均为演示数据。,模拟岗位/演示数据，不代表真实招聘机会,synthetic,dev
JOB-AI-APP-0215,ROLE-AI-APP,AI应用开发工程师（0-1年）,企业服务,上海,remote,entry,bachelor_or_equivalent,full_time,16000,23000,参与AI应用开发工程师相关项目，重点使用跨岗位沟通、Python编程、软件工程、测试与调试、SQL、大模型基础；岗位、企业和薪资均为演示数据。,模拟岗位/演示数据，不代表真实招聘机会,synthetic,dev
JOB-AI-APP-0216,ROLE-AI-APP,AI应用开发工程师（0-1年）,智能制造,北京,onsite,entry,bachelor_or_equivalent,full_time,16500,23500,参与AI应用开发工程师相关项目，重点使用Python编程、软件工程、测试与调试、SQL、大模型基础、提示词设计；岗位、企业和薪资均为演示数据。,模拟岗位/演示数据，不代表真实招聘机会,synthetic,dev
JOB-AI-APP-0217,ROLE-AI-APP,AI应用开发工程师（0-1年）,教育科技,深圳,hybrid,entry,bachelor_or_equivalent,full_time,16000,23000,参与AI应用开发工程师相关项目，重点使用软件工程、测试与调试、SQL、大模型基础、提示词设计、RAG应用；岗位、企业和薪资均为演示数据。,模拟岗位/演示数据，不代表真实招聘机会,synthetic,dev
JOB-AI-APP-0218,ROLE-AI-APP,AI应用开发工程师（0-1年）,零售科技,南京,remote,entry,bachelor_or_equivalent,full_time,14000,21000,参与AI应用开发工程师相关项目，重点使用测试与调试、SQL、大模型基础、提示词设计、RAG应用、向量数据库；岗位、企业和薪资均为演示数据。,模拟岗位/演示数据，不代表真实招聘机会,synthetic,dev
JOB-AI-APP-0219,ROLE-AI-APP,AI应用开发工程师（0-1年）,金融科技,成都,onsite,entry,bachelor_or_equivalent,full_time,13000,20000,参与AI应用开发工程师相关项目，重点使用SQL、大模型基础、提示词设计、RAG应用、向量数据库、智能体开发；岗位、企业和薪资均为演示数据。,模拟岗位/演示数据，不代表真实招聘机会,synthetic,dev
JOB-AI-APP-0220,ROLE-AI-APP,AI应用开发工程师（0-1年）,医疗信息化,武汉,hybrid,entry,bachelor_or_equivalent,full_time,12500,19500,参与AI应用开发工程师相关项目，重点使用大模型基础、提示词设计、RAG应用、向量数据库、智能体开发、MCP与工具调用；岗位、企业和薪资均为演示数据。,模拟岗位/演示数据，不代表真实招聘机会,synthetic,dev
JOB-AI-APP-0221,ROLE-AI-APP,AI应用开发工程师（0-1年）,物流科技,西安,remote,entry,bachelor_or_equivalent,full_time,12500,19500,参与AI应用开发工程师相关项目，重点使用提示词设计、RAG应用、向量数据库、智能体开发、MCP与工具调用、API设计；岗位、企业和薪资均为演示数据。,模拟岗位/演示数据，不代表真实招聘机会,synthetic,dev
JOB-AI-APP-0222,ROLE-AI-APP,AI应用开发工程师（0-1年）,内容平台,杭州,onsite,entry,bachelor_or_equivalent,full_time,15500,22500,参与AI应用开发工程师相关项目，重点使用RAG应用、向量数据库、智能体开发、MCP与工具调用、API设计、后端服务开发；岗位、企业和薪资均为演示数据。,模拟岗位/演示数据，不代表真实招聘机会,synthetic,dev
JOB-AI-APP-0223,ROLE-AI-APP,AI应用开发工程师（0-1年）,企业服务,上海,hybrid,entry,bachelor_or_equivalent,full_time,16000,23000,参与AI应用开发工程师相关项目，重点使用向量数据库、智能体开发、MCP与工具调用、API设计、后端服务开发、Docker容器；岗位、企业和薪资均为演示数据。,模拟岗位/演示数据，不代表真实招聘机会,synthetic,dev
JOB-AI-APP-0224,ROLE-AI-APP,AI应用开发工程师（0-1年）,智能制造,北京,remote,entry,bachelor_or_equivalent,full_time,16500,23500,参与AI应用开发工程师相关项目，重点使用智能体开发、MCP与工具调用、API设计、后端服务开发、Docker容器、CI/CD；岗位、企业和薪资均为演示数据。,模拟岗位/演示数据，不代表真实招聘机会,synthetic,dev
JOB-AI-APP-0225,ROLE-AI-APP,AI应用开发工程师（0-1年）,教育科技,深圳,onsite,entry,bachelor_or_equivalent,full_time,16000,23000,参与AI应用开发工程师相关项目，重点使用MCP与工具调用、API设计、后端服务开发、Docker容器、CI/CD、云端部署；岗位、企业和薪资均为演示数据。,模拟岗位/演示数据，不代表真实招聘机会,synthetic,dev
JOB-AI-APP-0226,ROLE-AI-APP,AI应用开发工程师（0-1年）,零售科技,南京,hybrid,entry,bachelor_or_equivalent,full_time,14000,21000,参与AI应用开发工程师相关项目，重点使用API设计、后端服务开发、Docker容器、CI/CD、云端部署、监控与可观测性；岗位、企业和薪资均为演示数据。,模拟岗位/演示数据，不代表真实招聘机会,synthetic,dev
JOB-AI-APP-0227,ROLE-AI-APP,AI应用开发工程师（0-1年）,金融科技,成都,remote,entry,bachelor_or_equivalent,full_time,13000,20000,参与AI应用开发工程师相关项目，重点使用后端服务开发、Docker容器、CI/CD、云端部署、监控与可观测性、需求分析；岗位、企业和薪资均为演示数据。,模拟岗位/演示数据，不代表真实招聘机会,synthetic,dev
JOB-AI-APP-0228,ROLE-AI-APP,AI应用开发工程师（0-1年）,医疗信息化,武汉,onsite,entry,bachelor_or_equivalent,full_time,12500,19500,参与AI应用开发工程师相关项目，重点使用Docker容器、CI/CD、云端部署、监控与可观测性、需求分析、跨岗位沟通；岗位、企业和薪资均为演示数据。,模拟岗位/演示数据，不代表真实招聘机会,synthetic,dev
JOB-AI-APP-0229,ROLE-AI-APP,AI应用开发工程师（0-1年）,物流科技,西安,hybrid,entry,bachelor_or_equivalent,full_time,12500,19500,参与AI应用开发工程师相关项目，重点使用CI/CD、云端部署、监控与可观测性、需求分析、跨岗位沟通、Python编程；岗位、企业和薪资均为演示数据。,模拟岗位/演示数据，不代表真实招聘机会,synthetic,dev
JOB-AI-APP-0230,ROLE-AI-APP,AI应用开发工程师（0-1年）,内容平台,杭州,remote,entry,bachelor_or_equivalent,full_time,15500,22500,参与AI应用开发工程师相关项目，重点使用云端部署、监控与可观测性、需求分析、跨岗位沟通、Python编程、软件工程；岗位、企业和薪资均为演示数据。,模拟岗位/演示数据，不代表真实招聘机会,synthetic,dev
JOB-AI-APP-0231,ROLE-AI-APP,AI应用开发工程师（0-1年）,企业服务,上海,onsite,entry,bachelor_or_equivalent,full_time,16000,23000,参与AI应用开发工程师相关项目，重点使用监控与可观测性、需求分析、跨岗位沟通、Python编程、软件工程、测试与调试；岗位、企业和薪资均为演示数据。,模拟岗位/演示数据，不代表真实招聘机会,synthetic,dev
JOB-AI-APP-0232,ROLE-AI-APP,AI应用开发工程师（0-1年）,智能制造,北京,hybrid,entry,bachelor_or_equivalent,full_time,16500,23500,参与AI应用开发工程师相关项目，重点使用需求分析、跨岗位沟通、Python编程、软件工程、测试与调试、SQL；岗位、企业和薪资均为演示数据。,模拟岗位/演示数据，不代表真实招聘机会,synthetic,dev
JOB-AI-APP-0233,ROLE-AI-APP,AI应用开发工程师（0-1年）,教育科技,深圳,remote,entry,bachelor_or_equivalent,full_time,16000,23000,参与AI应用开发工程师相关项目，重点使用跨岗位沟通、Python编程、软件工程、测试与调试、SQL、大模型基础；岗位、企业和薪资均为演示数据。,模拟岗位/演示数据，不代表真实招聘机会,synthetic,dev
JOB-AI-APP-0234,ROLE-AI-APP,AI应用开发工程师（0-1年）,零售科技,南京,onsite,entry,bachelor_or_equivalent,full_time,14000,21000,参与AI应用开发工程师相关项目，重点使用Python编程、软件工程、测试与调试、SQL、大模型基础、提示词设计；岗位、企业和薪资均为演示数据。,模拟岗位/演示数据，不代表真实招聘机会,synthetic,dev
JOB-AI-APP-0235,ROLE-AI-APP,AI应用开发工程师（0-1年）,金融科技,成都,hybrid,entry,bachelor_or_equivalent,full_time,13000,20000,参与AI应用开发工程师相关项目，重点使用软件工程、测试与调试、SQL、大模型基础、提示词设计、RAG应用；岗位、企业和薪资均为演示数据。,模拟岗位/演示数据，不代表真实招聘机会,synthetic,dev
JOB-AI-APP-0236,ROLE-AI-APP,AI应用开发工程师（0-1年）,医疗信息化,武汉,remote,entry,bachelor_or_equivalent,full_time,12500,19500,参与AI应用开发工程师相关项目，重点使用测试与调试、SQL、大模型基础、提示词设计、RAG应用、向量数据库；岗位、企业和薪资均为演示数据。,模拟岗位/演示数据，不代表真实招聘机会,synthetic,dev
JOB-AI-APP-0237,ROLE-AI-APP,AI应用开发工程师（0-1年）,物流科技,西安,onsite,entry,bachelor_or_equivalent,full_time,12500,19500,参与AI应用开发工程师相关项目，重点使用SQL、大模型基础、提示词设计、RAG应用、向量数据库、智能体开发；岗位、企业和薪资均为演示数据。,模拟岗位/演示数据，不代表真实招聘机会,synthetic,dev
JOB-AI-APP-0238,ROLE-AI-APP,AI应用开发工程师（0-1年）,内容平台,杭州,hybrid,entry,bachelor_or_equivalent,full_time,15500,22500,参与AI应用开发工程师相关项目，重点使用大模型基础、提示词设计、RAG应用、向量数据库、智能体开发、MCP与工具调用；岗位、企业和薪资均为演示数据。,模拟岗位/演示数据，不代表真实招聘机会,synthetic,dev
JOB-AI-APP-0239,ROLE-AI-APP,AI应用开发工程师（0-1年）,企业服务,上海,remote,entry,bachelor_or_equivalent,full_time,16000,23000,参与AI应用开发工程师相关项目，重点使用提示词设计、RAG应用、向量数据库、智能体开发、MCP与工具调用、API设计；岗位、企业和薪资均为演示数据。,模拟岗位/演示数据，不代表真实招聘机会,synthetic,dev
JOB-AI-APP-0240,ROLE-AI-APP,AI应用开发工程师（0-1年）,智能制造,北京,onsite,entry,bachelor_or_equivalent,full_time,16500,23500,参与AI应用开发工程师相关项目，重点使用RAG应用、向量数据库、智能体开发、MCP与工具调用、API设计、后端服务开发；岗位、企业和薪资均为演示数据。,模拟岗位/演示数据，不代表真实招聘机会,synthetic,dev
JOB-AI-APP-0241,ROLE-AI-APP,AI应用开发工程师（0-1年）,教育科技,深圳,hybrid,entry,bachelor_or_equivalent,full_time,16000,23000,参与AI应用开发工程师相关项目，重点使用向量数据库、智能体开发、MCP与工具调用、API设计、后端服务开发、Docker容器；岗位、企业和薪资均为演示数据。,模拟岗位/演示数据，不代表真实招聘机会,synthetic,dev
JOB-AI-APP-0242,ROLE-AI-APP,AI应用开发工程师（0-1年）,零售科技,南京,remote,entry,bachelor_or_equivalent,full_time,14000,21000,参与AI应用开发工程师相关项目，重点使用智能体开发、MCP与工具调用、API设计、后端服务开发、Docker容器、CI/CD；岗位、企业和薪资均为演示数据。,模拟岗位/演示数据，不代表真实招聘机会,synthetic,dev
JOB-AI-APP-0243,ROLE-AI-APP,AI应用开发工程师（0-1年）,金融科技,成都,onsite,entry,bachelor_or_equivalent,full_time,13000,20000,参与AI应用开发工程师相关项目，重点使用MCP与工具调用、API设计、后端服务开发、Docker容器、CI/CD、云端部署；岗位、企业和薪资均为演示数据。,模拟岗位/演示数据，不代表真实招聘机会,synthetic,dev
JOB-AI-APP-0244,ROLE-AI-APP,AI应用开发工程师（0-1年）,医疗信息化,武汉,hybrid,entry,bachelor_or_equivalent,full_time,12500,19500,参与AI应用开发工程师相关项目，重点使用API设计、后端服务开发、Docker容器、CI/CD、云端部署、监控与可观测性；岗位、企业和薪资均为演示数据。,模拟岗位/演示数据，不代表真实招聘机会,synthetic,dev
JOB-AI-APP-0245,ROLE-AI-APP,AI应用开发工程师（0-1年）,物流科技,西安,remote,entry,bachelor_or_equivalent,full_time,12500,19500,参与AI应用开发工程师相关项目，重点使用后端服务开发、Docker容器、CI/CD、云端部署、监控与可观测性、需求分析；岗位、企业和薪资均为演示数据。,模拟岗位/演示数据，不代表真实招聘机会,synthetic,dev
JOB-AI-APP-0246,ROLE-AI-APP,AI应用开发工程师（0-1年）,内容平台,杭州,onsite,entry,bachelor_or_equivalent,full_time,15500,22500,参与AI应用开发工程师相关项目，重点使用Docker容器、CI/CD、云端部署、监控与可观测性、需求分析、跨岗位沟通；岗位、企业和薪资均为演示数据。,模拟岗位/演示数据，不代表真实招聘机会,synthetic,dev
JOB-AI-APP-0247,ROLE-AI-APP,AI应用开发工程师（0-1年）,企业服务,上海,hybrid,entry,bachelor_or_equivalent,full_time,16000,23000,参与AI应用开发工程师相关项目，重点使用CI/CD、云端部署、监控与可观测性、需求分析、跨岗位沟通、Python编程；岗位、企业和薪资均为演示数据。,模拟岗位/演示数据，不代表真实招聘机会,synthetic,dev
JOB-AI-APP-0248,ROLE-AI-APP,AI应用开发工程师（0-1年）,智能制造,北京,remote,entry,bachelor_or_equivalent,full_time,16500,23500,参与AI应用开发工程师相关项目，重点使用云端部署、监控与可观测性、需求分析、跨岗位沟通、Python编程、软件工程；岗位、企业和薪资均为演示数据。,模拟岗位/演示数据，不代表真实招聘机会,synthetic,dev
JOB-AI-APP-0249,ROLE-AI-APP,AI应用开发工程师（0-1年）,教育科技,深圳,onsite,entry,bachelor_or_equivalent,full_time,16000,23000,参与AI应用开发工程师相关项目，重点使用监控与可观测性、需求分析、跨岗位沟通、Python编程、软件工程、测试与调试；岗位、企业和薪资均为演示数据。,模拟岗位/演示数据，不代表真实招聘机会,synthetic,dev
JOB-AI-APP-0250,ROLE-AI-APP,AI应用开发工程师（0-1年）,零售科技,南京,hybrid,entry,bachelor_or_equivalent,full_time,14000,21000,参与AI应用开发工程师相关项目，重点使用需求分析、跨岗位沟通、Python编程、软件工程、测试与调试、SQL；岗位、企业和薪资均为演示数据。,模拟岗位/演示数据，不代表真实招聘机会,synthetic,dev
JOB-AI-APP-0251,ROLE-AI-APP,AI应用开发工程师（0-1年）,金融科技,成都,remote,entry,bachelor_or_equivalent,full_time,13000,20000,参与AI应用开发工程师相关项目，重点使用跨岗位沟通、Python编程、软件工程、测试与调试、SQL、大模型基础；岗位、企业和薪资均为演示数据。,模拟岗位/演示数据，不代表真实招聘机会,synthetic,dev
JOB-AI-APP-0252,ROLE-AI-APP,AI应用开发工程师（0-1年）,医疗信息化,武汉,onsite,entry,bachelor_or_equivalent,full_time,12500,19500,参与AI应用开发工程师相关项目，重点使用Python编程、软件工程、测试与调试、SQL、大模型基础、提示词设计；岗位、企业和薪资均为演示数据。,模拟岗位/演示数据，不代表真实招聘机会,synthetic,dev
JOB-AI-APP-0253,ROLE-AI-APP,AI应用开发工程师（0-1年）,物流科技,西安,hybrid,entry,bachelor_or_equivalent,full_time,12500,19500,参与AI应用开发工程师相关项目，重点使用软件工程、测试与调试、SQL、大模型基础、提示词设计、RAG应用；岗位、企业和薪资均为演示数据。,模拟岗位/演示数据，不代表真实招聘机会,synthetic,dev
JOB-AI-APP-0254,ROLE-AI-APP,AI应用开发工程师（0-1年）,内容平台,杭州,remote,entry,bachelor_or_equivalent,full_time,15500,22500,参与AI应用开发工程师相关项目，重点使用测试与调试、SQL、大模型基础、提示词设计、RAG应用、向量数据库；岗位、企业和薪资均为演示数据。,模拟岗位/演示数据，不代表真实招聘机会,synthetic,dev
JOB-AI-APP-0255,ROLE-AI-APP,AI应用开发工程师（0-1年）,企业服务,上海,onsite,entry,bachelor_or_equivalent,full_time,16000,23000,参与AI应用开发工程师相关项目，重点使用SQL、大模型基础、提示词设计、RAG应用、向量数据库、智能体开发；岗位、企业和薪资均为演示数据。,模拟岗位/演示数据，不代表真实招聘机会,synthetic,dev
JOB-AI-APP-0256,ROLE-AI-APP,AI应用开发工程师（0-1年）,智能制造,北京,hybrid,entry,bachelor_or_equivalent,full_time,16500,23500,参与AI应用开发工程师相关项目，重点使用大模型基础、提示词设计、RAG应用、向量数据库、智能体开发、MCP与工具调用；岗位、企业和薪资均为演示数据。,模拟岗位/演示数据，不代表真实招聘机会,synthetic,dev
JOB-AI-APP-0257,ROLE-AI-APP,AI应用开发工程师（0-1年）,教育科技,深圳,remote,entry,bachelor_or_equivalent,full_time,16000,23000,参与AI应用开发工程师相关项目，重点使用提示词设计、RAG应用、向量数据库、智能体开发、MCP与工具调用、API设计；岗位、企业和薪资均为演示数据。,模拟岗位/演示数据，不代表真实招聘机会,synthetic,dev
JOB-AI-APP-0258,ROLE-AI-APP,AI应用开发工程师（0-1年）,零售科技,南京,onsite,entry,bachelor_or_equivalent,full_time,14000,21000,参与AI应用开发工程师相关项目，重点使用RAG应用、向量数据库、智能体开发、MCP与工具调用、API设计、后端服务开发；岗位、企业和薪资均为演示数据。,模拟岗位/演示数据，不代表真实招聘机会,synthetic,dev
JOB-AI-APP-0259,ROLE-AI-APP,AI应用开发工程师（0-1年）,金融科技,成都,hybrid,entry,bachelor_or_equivalent,full_time,13000,20000,参与AI应用开发工程师相关项目，重点使用向量数据库、智能体开发、MCP与工具调用、API设计、后端服务开发、Docker容器；岗位、企业和薪资均为演示数据。,模拟岗位/演示数据，不代表真实招聘机会,synthetic,dev
JOB-AI-APP-0260,ROLE-AI-APP,AI应用开发工程师（0-1年）,医疗信息化,武汉,remote,entry,bachelor_or_equivalent,full_time,12500,19500,参与AI应用开发工程师相关项目，重点使用智能体开发、MCP与工具调用、API设计、后端服务开发、Docker容器、CI/CD；岗位、企业和薪资均为演示数据。,模拟岗位/演示数据，不代表真实招聘机会,synthetic,dev
JOB-AI-APP-0261,ROLE-AI-APP,AI应用开发工程师（0-1年）,物流科技,西安,onsite,entry,bachelor_or_equivalent,full_time,12500,19500,参与AI应用开发工程师相关项目，重点使用MCP与工具调用、API设计、后端服务开发、Docker容器、CI/CD、云端部署；岗位、企业和薪资均为演示数据。,模拟岗位/演示数据，不代表真实招聘机会,synthetic,dev
JOB-AI-APP-0262,ROLE-AI-APP,AI应用开发工程师（0-1年）,内容平台,杭州,hybrid,entry,bachelor_or_equivalent,full_time,15500,22500,参与AI应用开发工程师相关项目，重点使用API设计、后端服务开发、Docker容器、CI/CD、云端部署、监控与可观测性；岗位、企业和薪资均为演示数据。,模拟岗位/演示数据，不代表真实招聘机会,synthetic,dev
JOB-AI-APP-0263,ROLE-AI-APP,AI应用开发工程师（0-1年）,企业服务,上海,remote,entry,bachelor_or_equivalent,full_time,16000,23000,参与AI应用开发工程师相关项目，重点使用后端服务开发、Docker容器、CI/CD、云端部署、监控与可观测性、需求分析；岗位、企业和薪资均为演示数据。,模拟岗位/演示数据，不代表真实招聘机会,synthetic,dev
JOB-AI-APP-0264,ROLE-AI-APP,AI应用开发工程师（0-1年）,智能制造,北京,onsite,entry,bachelor_or_equivalent,full_time,16500,23500,参与AI应用开发工程师相关项目，重点使用Docker容器、CI/CD、云端部署、监控与可观测性、需求分析、跨岗位沟通；岗位、企业和薪资均为演示数据。,模拟岗位/演示数据，不代表真实招聘机会,synthetic,dev
JOB-AI-APP-0265,ROLE-AI-APP,AI应用开发工程师（0-1年）,教育科技,深圳,hybrid,entry,bachelor_or_equivalent,full_time,16000,23000,参与AI应用开发工程师相关项目，重点使用CI/CD、云端部署、监控与可观测性、需求分析、跨岗位沟通、Python编程；岗位、企业和薪资均为演示数据。,模拟岗位/演示数据，不代表真实招聘机会,synthetic,dev
JOB-AI-APP-0266,ROLE-AI-APP,AI应用开发工程师（0-1年）,零售科技,南京,remote,entry,bachelor_or_equivalent,full_time,14000,21000,参与AI应用开发工程师相关项目，重点使用云端部署、监控与可观测性、需求分析、跨岗位沟通、Python编程、软件工程；岗位、企业和薪资均为演示数据。,模拟岗位/演示数据，不代表真实招聘机会,synthetic,dev
JOB-AI-APP-0267,ROLE-AI-APP,AI应用开发工程师（0-1年）,金融科技,成都,onsite,entry,bachelor_or_equivalent,full_time,13000,20000,参与AI应用开发工程师相关项目，重点使用监控与可观测性、需求分析、跨岗位沟通、Python编程、软件工程、测试与调试；岗位、企业和薪资均为演示数据。,模拟岗位/演示数据，不代表真实招聘机会,synthetic,dev
JOB-AI-APP-0268,ROLE-AI-APP,AI应用开发工程师（0-1年）,医疗信息化,武汉,hybrid,entry,bachelor_or_equivalent,full_time,12500,19500,参与AI应用开发工程师相关项目，重点使用需求分析、跨岗位沟通、Python编程、软件工程、测试与调试、SQL；岗位、企业和薪资均为演示数据。,模拟岗位/演示数据，不代表真实招聘机会,synthetic,dev
JOB-AI-APP-0269,ROLE-AI-APP,AI应用开发工程师（0-1年）,物流科技,西安,remote,entry,bachelor_or_equivalent,full_time,12500,19500,参与AI应用开发工程师相关项目，重点使用跨岗位沟通、Python编程、软件工程、测试与调试、SQL、大模型基础；岗位、企业和薪资均为演示数据。,模拟岗位/演示数据，不代表真实招聘机会,synthetic,dev
JOB-AI-APP-0270,ROLE-AI-APP,AI应用开发工程师（0-1年）,内容平台,杭州,onsite,entry,bachelor_or_equivalent,full_time,15500,22500,参与AI应用开发工程师相关项目，重点使用Python编程、软件工程、测试与调试、SQL、大模型基础、提示词设计；岗位、企业和薪资均为演示数据。,模拟岗位/演示数据，不代表真实招聘机会,synthetic,dev
JOB-AI-APP-0271,ROLE-AI-APP,AI应用开发工程师（0-1年）,企业服务,上海,hybrid,entry,bachelor_or_equivalent,full_time,16000,23000,参与AI应用开发工程师相关项目，重点使用软件工程、测试与调试、SQL、大模型基础、提示词设计、RAG应用；岗位、企业和薪资均为演示数据。,模拟岗位/演示数据，不代表真实招聘机会,synthetic,dev
JOB-AI-APP-0272,ROLE-AI-APP,AI应用开发工程师（0-1年）,智能制造,北京,remote,entry,bachelor_or_equivalent,full_time,16500,23500,参与AI应用开发工程师相关项目，重点使用测试与调试、SQL、大模型基础、提示词设计、RAG应用、向量数据库；岗位、企业和薪资均为演示数据。,模拟岗位/演示数据，不代表真实招聘机会,synthetic,dev
JOB-AI-APP-0273,ROLE-AI-APP,AI应用开发工程师（0-1年）,教育科技,深圳,onsite,entry,bachelor_or_equivalent,full_time,16000,23000,参与AI应用开发工程师相关项目，重点使用SQL、大模型基础、提示词设计、RAG应用、向量数据库、智能体开发；岗位、企业和薪资均为演示数据。,模拟岗位/演示数据，不代表真实招聘机会,synthetic,dev
JOB-AI-APP-0274,ROLE-AI-APP,AI应用开发工程师（0-1年）,零售科技,南京,hybrid,entry,bachelor_or_equivalent,full_time,14000,21000,参与AI应用开发工程师相关项目，重点使用大模型基础、提示词设计、RAG应用、向量数据库、智能体开发、MCP与工具调用；岗位、企业和薪资均为演示数据。,模拟岗位/演示数据，不代表真实招聘机会,synthetic,dev
JOB-AI-APP-0275,ROLE-AI-APP,AI应用开发工程师（0-1年）,金融科技,成都,remote,entry,bachelor_or_equivalent,full_time,13000,20000,参与AI应用开发工程师相关项目，重点使用提示词设计、RAG应用、向量数据库、智能体开发、MCP与工具调用、API设计；岗位、企业和薪资均为演示数据。,模拟岗位/演示数据，不代表真实招聘机会,synthetic,dev
JOB-AI-APP-0276,ROLE-AI-APP,AI应用开发工程师（0-1年）,医疗信息化,武汉,onsite,entry,bachelor_or_equivalent,full_time,12500,19500,参与AI应用开发工程师相关项目，重点使用RAG应用、向量数据库、智能体开发、MCP与工具调用、API设计、后端服务开发；岗位、企业和薪资均为演示数据。,模拟岗位/演示数据，不代表真实招聘机会,synthetic,dev
JOB-AI-APP-0277,ROLE-AI-APP,AI应用开发工程师（0-1年）,物流科技,西安,hybrid,entry,bachelor_or_equivalent,full_time,12500,19500,参与AI应用开发工程师相关项目，重点使用向量数据库、智能体开发、MCP与工具调用、API设计、后端服务开发、Docker容器；岗位、企业和薪资均为演示数据。,模拟岗位/演示数据，不代表真实招聘机会,synthetic,dev
JOB-AI-APP-0278,ROLE-AI-APP,AI应用开发工程师（0-1年）,内容平台,杭州,remote,entry,bachelor_or_equivalent,full_time,15500,22500,参与AI应用开发工程师相关项目，重点使用智能体开发、MCP与工具调用、API设计、后端服务开发、Docker容器、CI/CD；岗位、企业和薪资均为演示数据。,模拟岗位/演示数据，不代表真实招聘机会,synthetic,dev
JOB-AI-APP-0279,ROLE-AI-APP,AI应用开发工程师（0-1年）,企业服务,上海,onsite,entry,bachelor_or_equivalent,full_time,16000,23000,参与AI应用开发工程师相关项目，重点使用MCP与工具调用、API设计、后端服务开发、Docker容器、CI/CD、云端部署；岗位、企业和薪资均为演示数据。,模拟岗位/演示数据，不代表真实招聘机会,synthetic,dev
JOB-AI-APP-0280,ROLE-AI-APP,AI应用开发工程师（0-1年）,智能制造,北京,hybrid,entry,bachelor_or_equivalent,full_time,16500,23500,参与AI应用开发工程师相关项目，重点使用API设计、后端服务开发、Docker容器、CI/CD、云端部署、监控与可观测性；岗位、企业和薪资均为演示数据。,模拟岗位/演示数据，不代表真实招聘机会,synthetic,dev
JOB-AI-APP-0281,ROLE-AI-APP,AI应用开发工程师（0-1年）,教育科技,深圳,remote,entry,bachelor_or_equivalent,full_time,16000,23000,参与AI应用开发工程师相关项目，重点使用后端服务开发、Docker容器、CI/CD、云端部署、监控与可观测性、需求分析；岗位、企业和薪资均为演示数据。,模拟岗位/演示数据，不代表真实招聘机会,synthetic,dev
JOB-AI-APP-0282,ROLE-AI-APP,AI应用开发工程师（0-1年）,零售科技,南京,onsite,entry,bachelor_or_equivalent,full_time,14000,21000,参与AI应用开发工程师相关项目，重点使用Docker容器、CI/CD、云端部署、监控与可观测性、需求分析、跨岗位沟通；岗位、企业和薪资均为演示数据。,模拟岗位/演示数据，不代表真实招聘机会,synthetic,dev
JOB-AI-APP-0283,ROLE-AI-APP,AI应用开发工程师（0-1年）,金融科技,成都,hybrid,entry,bachelor_or_equivalent,full_time,13000,20000,参与AI应用开发工程师相关项目，重点使用CI/CD、云端部署、监控与可观测性、需求分析、跨岗位沟通、Python编程；岗位、企业和薪资均为演示数据。,模拟岗位/演示数据，不代表真实招聘机会,synthetic,dev
JOB-AI-APP-0284,ROLE-AI-APP,AI应用开发工程师（0-1年）,医疗信息化,武汉,remote,entry,bachelor_or_equivalent,full_time,12500,19500,参与AI应用开发工程师相关项目，重点使用云端部署、监控与可观测性、需求分析、跨岗位沟通、Python编程、软件工程；岗位、企业和薪资均为演示数据。,模拟岗位/演示数据，不代表真实招聘机会,synthetic,dev
JOB-AI-APP-0285,ROLE-AI-APP,AI应用开发工程师（0-1年）,物流科技,西安,onsite,entry,bachelor_or_equivalent,full_time,12500,19500,参与AI应用开发工程师相关项目，重点使用监控与可观测性、需求分析、跨岗位沟通、Python编程、软件工程、测试与调试；岗位、企业和薪资均为演示数据。,模拟岗位/演示数据，不代表真实招聘机会,synthetic,dev
JOB-AI-APP-0286,ROLE-AI-APP,AI应用开发工程师（0-1年）,内容平台,杭州,hybrid,entry,bachelor_or_equivalent,full_time,15500,22500,参与AI应用开发工程师相关项目，重点使用需求分析、跨岗位沟通、Python编程、软件工程、测试与调试、SQL；岗位、企业和薪资均为演示数据。,模拟岗位/演示数据，不代表真实招聘机会,synthetic,dev
JOB-AI-APP-0287,ROLE-AI-APP,AI应用开发工程师（0-1年）,企业服务,上海,remote,entry,bachelor_or_equivalent,full_time,16000,23000,参与AI应用开发工程师相关项目，重点使用跨岗位沟通、Python编程、软件工程、测试与调试、SQL、大模型基础；岗位、企业和薪资均为演示数据。,模拟岗位/演示数据，不代表真实招聘机会,synthetic,dev
JOB-AI-APP-0288,ROLE-AI-APP,AI应用开发工程师（0-1年）,智能制造,北京,onsite,entry,bachelor_or_equivalent,full_time,16500,23500,参与AI应用开发工程师相关项目，重点使用Python编程、软件工程、测试与调试、SQL、大模型基础、提示词设计；岗位、企业和薪资均为演示数据。,模拟岗位/演示数据，不代表真实招聘机会,synthetic,dev
JOB-AI-APP-0289,ROLE-AI-APP,AI应用开发工程师（0-1年）,教育科技,深圳,hybrid,entry,bachelor_or_equivalent,full_time,16000,23000,参与AI应用开发工程师相关项目，重点使用软件工程、测试与调试、SQL、大模型基础、提示词设计、RAG应用；岗位、企业和薪资均为演示数据。,模拟岗位/演示数据，不代表真实招聘机会,synthetic,dev
JOB-AI-APP-0290,ROLE-AI-APP,AI应用开发工程师（0-1年）,零售科技,南京,remote,entry,bachelor_or_equivalent,full_time,14000,21000,参与AI应用开发工程师相关项目，重点使用测试与调试、SQL、大模型基础、提示词设计、RAG应用、向量数据库；岗位、企业和薪资均为演示数据。,模拟岗位/演示数据，不代表真实招聘机会,synthetic,dev
JOB-AI-APP-0291,ROLE-AI-APP,AI应用开发工程师（0-1年）,金融科技,成都,onsite,entry,bachelor_or_equivalent,full_time,13000,20000,参与AI应用开发工程师相关项目，重点使用SQL、大模型基础、提示词设计、RAG应用、向量数据库、智能体开发；岗位、企业和薪资均为演示数据。,模拟岗位/演示数据，不代表真实招聘机会,synthetic,dev
JOB-AI-APP-0292,ROLE-AI-APP,AI应用开发工程师（0-1年）,医疗信息化,武汉,hybrid,entry,bachelor_or_equivalent,full_time,12500,19500,参与AI应用开发工程师相关项目，重点使用大模型基础、提示词设计、RAG应用、向量数据库、智能体开发、MCP与工具调用；岗位、企业和薪资均为演示数据。,模拟岗位/演示数据，不代表真实招聘机会,synthetic,dev
JOB-AI-APP-0293,ROLE-AI-APP,AI应用开发工程师（0-1年）,物流科技,西安,remote,entry,bachelor_or_equivalent,full_time,12500,19500,参与AI应用开发工程师相关项目，重点使用提示词设计、RAG应用、向量数据库、智能体开发、MCP与工具调用、API设计；岗位、企业和薪资均为演示数据。,模拟岗位/演示数据，不代表真实招聘机会,synthetic,dev
JOB-AI-APP-0294,ROLE-AI-APP,AI应用开发工程师（0-1年）,内容平台,杭州,onsite,entry,bachelor_or_equivalent,full_time,15500,22500,参与AI应用开发工程师相关项目，重点使用RAG应用、向量数据库、智能体开发、MCP与工具调用、API设计、后端服务开发；岗位、企业和薪资均为演示数据。,模拟岗位/演示数据，不代表真实招聘机会,synthetic,dev
JOB-AI-APP-0295,ROLE-AI-APP,AI应用开发工程师（0-1年）,企业服务,上海,hybrid,entry,bachelor_or_equivalent,full_time,16000,23000,参与AI应用开发工程师相关项目，重点使用向量数据库、智能体开发、MCP与工具调用、API设计、后端服务开发、Docker容器；岗位、企业和薪资均为演示数据。,模拟岗位/演示数据，不代表真实招聘机会,synthetic,dev
JOB-AI-APP-0296,ROLE-AI-APP,AI应用开发工程师（0-1年）,智能制造,北京,remote,entry,bachelor_or_equivalent,full_time,16500,23500,参与AI应用开发工程师相关项目，重点使用智能体开发、MCP与工具调用、API设计、后端服务开发、Docker容器、CI/CD；岗位、企业和薪资均为演示数据。,模拟岗位/演示数据，不代表真实招聘机会,synthetic,dev
JOB-AI-APP-0297,ROLE-AI-APP,AI应用开发工程师（0-1年）,教育科技,深圳,onsite,entry,bachelor_or_equivalent,full_time,16000,23000,参与AI应用开发工程师相关项目，重点使用MCP与工具调用、API设计、后端服务开发、Docker容器、CI/CD、云端部署；岗位、企业和薪资均为演示数据。,模拟岗位/演示数据，不代表真实招聘机会,synthetic,dev
JOB-AI-APP-0298,ROLE-AI-APP,AI应用开发工程师（0-1年）,零售科技,南京,hybrid,entry,bachelor_or_equivalent,full_time,14000,21000,参与AI应用开发工程师相关项目，重点使用API设计、后端服务开发、Docker容器、CI/CD、云端部署、监控与可观测性；岗位、企业和薪资均为演示数据。,模拟岗位/演示数据，不代表真实招聘机会,synthetic,dev
JOB-AI-APP-0299,ROLE-AI-APP,AI应用开发工程师（0-1年）,金融科技,成都,remote,entry,bachelor_or_equivalent,full_time,13000,20000,参与AI应用开发工程师相关项目，重点使用后端服务开发、Docker容器、CI/CD、云端部署、监控与可观测性、需求分析；岗位、企业和薪资均为演示数据。,模拟岗位/演示数据，不代表真实招聘机会,synthetic,dev
JOB-AI-APP-0300,ROLE-AI-APP,AI应用开发工程师（0-1年）,医疗信息化,武汉,onsite,entry,bachelor_or_equivalent,full_time,12500,19500,参与AI应用开发工程师相关项目，重点使用Docker容器、CI/CD、云端部署、监控与可观测性、需求分析、跨岗位沟通；岗位、企业和薪资均为演示数据。,模拟岗位/演示数据，不代表真实招聘机会,synthetic,dev
JOB-AI-APP-0301,ROLE-AI-APP,AI应用开发工程师（0-1年）,物流科技,西安,hybrid,entry,bachelor_or_equivalent,full_time,12500,19500,参与AI应用开发工程师相关项目，重点使用CI/CD、云端部署、监控与可观测性、需求分析、跨岗位沟通、Python编程；岗位、企业和薪资均为演示数据。,模拟岗位/演示数据，不代表真实招聘机会,synthetic,dev
JOB-AI-APP-0302,ROLE-AI-APP,AI应用开发工程师（0-1年）,内容平台,杭州,remote,entry,bachelor_or_equivalent,full_time,15500,22500,参与AI应用开发工程师相关项目，重点使用云端部署、监控与可观测性、需求分析、跨岗位沟通、Python编程、软件工程；岗位、企业和薪资均为演示数据。,模拟岗位/演示数据，不代表真实招聘机会,synthetic,dev
JOB-AI-APP-0303,ROLE-AI-APP,AI应用开发工程师（0-1年）,企业服务,上海,onsite,entry,bachelor_or_equivalent,full_time,16000,23000,参与AI应用开发工程师相关项目，重点使用监控与可观测性、需求分析、跨岗位沟通、Python编程、软件工程、测试与调试；岗位、企业和薪资均为演示数据。,模拟岗位/演示数据，不代表真实招聘机会,synthetic,dev
JOB-AI-APP-0304,ROLE-AI-APP,AI应用开发工程师（0-1年）,智能制造,北京,hybrid,entry,bachelor_or_equivalent,full_time,16500,23500,参与AI应用开发工程师相关项目，重点使用需求分析、跨岗位沟通、Python编程、软件工程、测试与调试、SQL；岗位、企业和薪资均为演示数据。,模拟岗位/演示数据，不代表真实招聘机会,synthetic,dev
JOB-AI-APP-0305,ROLE-AI-APP,AI应用开发工程师（0-1年）,教育科技,深圳,remote,entry,bachelor_or_equivalent,full_time,16000,23000,参与AI应用开发工程师相关项目，重点使用跨岗位沟通、Python编程、软件工程、测试与调试、SQL、大模型基础；岗位、企业和薪资均为演示数据。,模拟岗位/演示数据，不代表真实招聘机会,synthetic,dev
JOB-AI-APP-0306,ROLE-AI-APP,AI应用开发工程师（0-1年）,零售科技,南京,onsite,entry,bachelor_or_equivalent,full_time,14000,21000,参与AI应用开发工程师相关项目，重点使用Python编程、软件工程、测试与调试、SQL、大模型基础、提示词设计；岗位、企业和薪资均为演示数据。,模拟岗位/演示数据，不代表真实招聘机会,synthetic,dev
JOB-AI-APP-0307,ROLE-AI-APP,AI应用开发工程师（0-1年）,金融科技,成都,hybrid,entry,bachelor_or_equivalent,full_time,13000,20000,参与AI应用开发工程师相关项目，重点使用软件工程、测试与调试、SQL、大模型基础、提示词设计、RAG应用；岗位、企业和薪资均为演示数据。,模拟岗位/演示数据，不代表真实招聘机会,synthetic,dev
JOB-AI-APP-0308,ROLE-AI-APP,AI应用开发工程师（0-1年）,医疗信息化,武汉,remote,entry,bachelor_or_equivalent,full_time,12500,19500,参与AI应用开发工程师相关项目，重点使用测试与调试、SQL、大模型基础、提示词设计、RAG应用、向量数据库；岗位、企业和薪资均为演示数据。,模拟岗位/演示数据，不代表真实招聘机会,synthetic,dev
JOB-AI-APP-0309,ROLE-AI-APP,AI应用开发工程师（0-1年）,物流科技,西安,onsite,entry,bachelor_or_equivalent,full_time,12500,19500,参与AI应用开发工程师相关项目，重点使用SQL、大模型基础、提示词设计、RAG应用、向量数据库、智能体开发；岗位、企业和薪资均为演示数据。,模拟岗位/演示数据，不代表真实招聘机会,synthetic,dev
JOB-AI-APP-0310,ROLE-AI-APP,AI应用开发工程师（0-1年）,内容平台,杭州,hybrid,entry,bachelor_or_equivalent,full_time,15500,22500,参与AI应用开发工程师相关项目，重点使用大模型基础、提示词设计、RAG应用、向量数据库、智能体开发、MCP与工具调用；岗位、企业和薪资均为演示数据。,模拟岗位/演示数据，不代表真实招聘机会,synthetic,dev
JOB-AI-APP-0311,ROLE-AI-APP,AI应用开发工程师（0-1年）,企业服务,上海,remote,entry,bachelor_or_equivalent,full_time,16000,23000,参与AI应用开发工程师相关项目，重点使用提示词设计、RAG应用、向量数据库、智能体开发、MCP与工具调用、API设计；岗位、企业和薪资均为演示数据。,模拟岗位/演示数据，不代表真实招聘机会,synthetic,dev
JOB-AI-APP-0312,ROLE-AI-APP,AI应用开发工程师（0-1年）,智能制造,北京,onsite,entry,bachelor_or_equivalent,full_time,16500,23500,参与AI应用开发工程师相关项目，重点使用RAG应用、向量数据库、智能体开发、MCP与工具调用、API设计、后端服务开发；岗位、企业和薪资均为演示数据。,模拟岗位/演示数据，不代表真实招聘机会,synthetic,dev
JOB-AI-APP-0313,ROLE-AI-APP,AI应用开发工程师（0-1年）,教育科技,深圳,hybrid,entry,bachelor_or_equivalent,full_time,16000,23000,参与AI应用开发工程师相关项目，重点使用向量数据库、智能体开发、MCP与工具调用、API设计、后端服务开发、Docker容器；岗位、企业和薪资均为演示数据。,模拟岗位/演示数据，不代表真实招聘机会,synthetic,dev
JOB-AI-APP-0314,ROLE-AI-APP,AI应用开发工程师（0-1年）,零售科技,南京,remote,entry,bachelor_or_equivalent,full_time,14000,21000,参与AI应用开发工程师相关项目，重点使用智能体开发、MCP与工具调用、API设计、后端服务开发、Docker容器、CI/CD；岗位、企业和薪资均为演示数据。,模拟岗位/演示数据，不代表真实招聘机会,synthetic,dev
JOB-AI-APP-0315,ROLE-AI-APP,AI应用开发工程师（0-1年）,金融科技,成都,onsite,entry,bachelor_or_equivalent,full_time,13000,20000,参与AI应用开发工程师相关项目，重点使用MCP与工具调用、API设计、后端服务开发、Docker容器、CI/CD、云端部署；岗位、企业和薪资均为演示数据。,模拟岗位/演示数据，不代表真实招聘机会,synthetic,dev
JOB-AI-APP-0316,ROLE-AI-APP,AI应用开发工程师（0-1年）,医疗信息化,武汉,hybrid,entry,bachelor_or_equivalent,full_time,12500,19500,参与AI应用开发工程师相关项目，重点使用API设计、后端服务开发、Docker容器、CI/CD、云端部署、监控与可观测性；岗位、企业和薪资均为演示数据。,模拟岗位/演示数据，不代表真实招聘机会,synthetic,dev
JOB-AI-APP-0317,ROLE-AI-APP,AI应用开发工程师（0-1年）,物流科技,西安,remote,entry,bachelor_or_equivalent,full_time,12500,19500,参与AI应用开发工程师相关项目，重点使用后端服务开发、Docker容器、CI/CD、云端部署、监控与可观测性、需求分析；岗位、企业和薪资均为演示数据。,模拟岗位/演示数据，不代表真实招聘机会,synthetic,dev
JOB-AI-APP-0318,ROLE-AI-APP,AI应用开发工程师（0-1年）,内容平台,杭州,onsite,entry,bachelor_or_equivalent,full_time,15500,22500,参与AI应用开发工程师相关项目，重点使用Docker容器、CI/CD、云端部署、监控与可观测性、需求分析、跨岗位沟通；岗位、企业和薪资均为演示数据。,模拟岗位/演示数据，不代表真实招聘机会,synthetic,dev
JOB-AI-APP-0319,ROLE-AI-APP,AI应用开发工程师（0-1年）,企业服务,上海,hybrid,entry,bachelor_or_equivalent,full_time,16000,23000,参与AI应用开发工程师相关项目，重点使用CI/CD、云端部署、监控与可观测性、需求分析、跨岗位沟通、Python编程；岗位、企业和薪资均为演示数据。,模拟岗位/演示数据，不代表真实招聘机会,synthetic,dev
JOB-AI-APP-0320,ROLE-AI-APP,AI应用开发工程师（0-1年）,智能制造,北京,remote,entry,bachelor_or_equivalent,full_time,16500,23500,参与AI应用开发工程师相关项目，重点使用云端部署、监控与可观测性、需求分析、跨岗位沟通、Python编程、软件工程；岗位、企业和薪资均为演示数据。,模拟岗位/演示数据，不代表真实招聘机会,synthetic,dev
JOB-AI-APP-0321,ROLE-AI-APP,AI应用开发工程师（0-1年）,教育科技,深圳,onsite,entry,bachelor_or_equivalent,full_time,16000,23000,参与AI应用开发工程师相关项目，重点使用监控与可观测性、需求分析、跨岗位沟通、Python编程、软件工程、测试与调试；岗位、企业和薪资均为演示数据。,模拟岗位/演示数据，不代表真实招聘机会,synthetic,dev
JOB-AI-APP-0322,ROLE-AI-APP,AI应用开发工程师（0-1年）,零售科技,南京,hybrid,entry,bachelor_or_equivalent,full_time,14000,21000,参与AI应用开发工程师相关项目，重点使用需求分析、跨岗位沟通、Python编程、软件工程、测试与调试、SQL；岗位、企业和薪资均为演示数据。,模拟岗位/演示数据，不代表真实招聘机会,synthetic,dev
JOB-AI-APP-0323,ROLE-AI-APP,AI应用开发工程师（0-1年）,金融科技,成都,remote,entry,bachelor_or_equivalent,full_time,13000,20000,参与AI应用开发工程师相关项目，重点使用跨岗位沟通、Python编程、软件工程、测试与调试、SQL、大模型基础；岗位、企业和薪资均为演示数据。,模拟岗位/演示数据，不代表真实招聘机会,synthetic,dev
JOB-AI-APP-0324,ROLE-AI-APP,AI应用开发工程师（0-1年）,医疗信息化,武汉,onsite,entry,bachelor_or_equivalent,full_time,12500,19500,参与AI应用开发工程师相关项目，重点使用Python编程、软件工程、测试与调试、SQL、大模型基础、提示词设计；岗位、企业和薪资均为演示数据。,模拟岗位/演示数据，不代表真实招聘机会,synthetic,dev
JOB-AI-APP-0325,ROLE-AI-APP,AI应用开发工程师（0-1年）,物流科技,西安,hybrid,entry,bachelor_or_equivalent,full_time,12500,19500,参与AI应用开发工程师相关项目，重点使用软件工程、测试与调试、SQL、大模型基础、提示词设计、RAG应用；岗位、企业和薪资均为演示数据。,模拟岗位/演示数据，不代表真实招聘机会,synthetic,dev
JOB-AI-APP-0326,ROLE-AI-APP,AI应用开发工程师（0-1年）,内容平台,杭州,remote,entry,bachelor_or_equivalent,full_time,15500,22500,参与AI应用开发工程师相关项目，重点使用测试与调试、SQL、大模型基础、提示词设计、RAG应用、向量数据库；岗位、企业和薪资均为演示数据。,模拟岗位/演示数据，不代表真实招聘机会,synthetic,dev
JOB-AI-APP-0327,ROLE-AI-APP,AI应用开发工程师（0-1年）,企业服务,上海,onsite,entry,bachelor_or_equivalent,full_time,16000,23000,参与AI应用开发工程师相关项目，重点使用SQL、大模型基础、提示词设计、RAG应用、向量数据库、智能体开发；岗位、企业和薪资均为演示数据。,模拟岗位/演示数据，不代表真实招聘机会,synthetic,dev
JOB-AI-APP-0328,ROLE-AI-APP,AI应用开发工程师（0-1年）,智能制造,北京,hybrid,entry,bachelor_or_equivalent,full_time,16500,23500,参与AI应用开发工程师相关项目，重点使用大模型基础、提示词设计、RAG应用、向量数据库、智能体开发、MCP与工具调用；岗位、企业和薪资均为演示数据。,模拟岗位/演示数据，不代表真实招聘机会,synthetic,dev
JOB-AI-APP-0329,ROLE-AI-APP,AI应用开发工程师（0-1年）,教育科技,深圳,remote,entry,bachelor_or_equivalent,full_time,16000,23000,参与AI应用开发工程师相关项目，重点使用提示词设计、RAG应用、向量数据库、智能体开发、MCP与工具调用、API设计；岗位、企业和薪资均为演示数据。,模拟岗位/演示数据，不代表真实招聘机会,synthetic,dev
JOB-AI-APP-0330,ROLE-AI-APP,AI应用开发工程师（0-1年）,零售科技,南京,onsite,entry,bachelor_or_equivalent,full_time,14000,21000,参与AI应用开发工程师相关项目，重点使用RAG应用、向量数据库、智能体开发、MCP与工具调用、API设计、后端服务开发；岗位、企业和薪资均为演示数据。,模拟岗位/演示数据，不代表真实招聘机会,synthetic,dev
JOB-AI-APP-0331,ROLE-AI-APP,AI应用开发工程师（0-1年）,金融科技,成都,hybrid,entry,bachelor_or_equivalent,full_time,13000,20000,参与AI应用开发工程师相关项目，重点使用向量数据库、智能体开发、MCP与工具调用、API设计、后端服务开发、Docker容器；岗位、企业和薪资均为演示数据。,模拟岗位/演示数据，不代表真实招聘机会,synthetic,dev
JOB-AI-APP-0332,ROLE-AI-APP,AI应用开发工程师（0-1年）,医疗信息化,武汉,remote,entry,bachelor_or_equivalent,full_time,12500,19500,参与AI应用开发工程师相关项目，重点使用智能体开发、MCP与工具调用、API设计、后端服务开发、Docker容器、CI/CD；岗位、企业和薪资均为演示数据。,模拟岗位/演示数据，不代表真实招聘机会,synthetic,dev
JOB-AI-APP-0333,ROLE-AI-APP,AI应用开发工程师（0-1年）,物流科技,西安,onsite,entry,bachelor_or_equivalent,full_time,12500,19500,参与AI应用开发工程师相关项目，重点使用MCP与工具调用、API设计、后端服务开发、Docker容器、CI/CD、云端部署；岗位、企业和薪资均为演示数据。,模拟岗位/演示数据，不代表真实招聘机会,synthetic,dev
JOB-AI-APP-0334,ROLE-AI-APP,AI应用开发工程师（0-1年）,内容平台,杭州,hybrid,entry,bachelor_or_equivalent,full_time,15500,22500,参与AI应用开发工程师相关项目，重点使用API设计、后端服务开发、Docker容器、CI/CD、云端部署、监控与可观测性；岗位、企业和薪资均为演示数据。,模拟岗位/演示数据，不代表真实招聘机会,synthetic,dev
JOB-AI-APP-0335,ROLE-AI-APP,AI应用开发工程师（1-3年）,企业服务,上海,remote,junior,bachelor_or_equivalent,full_time,22500,33500,参与AI应用开发工程师相关项目，重点使用后端服务开发、Docker容器、CI/CD、云端部署、监控与可观测性、需求分析；岗位、企业和薪资均为演示数据。,模拟岗位/演示数据，不代表真实招聘机会,synthetic,dev
JOB-AI-APP-0336,ROLE-AI-APP,AI应用开发工程师（1-3年）,智能制造,北京,onsite,junior,bachelor_or_equivalent,full_time,22500,33500,参与AI应用开发工程师相关项目，重点使用Docker容器、CI/CD、云端部署、监控与可观测性、需求分析、跨岗位沟通；岗位、企业和薪资均为演示数据。,模拟岗位/演示数据，不代表真实招聘机会,synthetic,dev
JOB-AI-APP-0337,ROLE-AI-APP,AI应用开发工程师（1-3年）,教育科技,深圳,hybrid,junior,bachelor_or_equivalent,full_time,22000,33000,参与AI应用开发工程师相关项目，重点使用CI/CD、云端部署、监控与可观测性、需求分析、跨岗位沟通、Python编程；岗位、企业和薪资均为演示数据。,模拟岗位/演示数据，不代表真实招聘机会,synthetic,dev
JOB-AI-APP-0338,ROLE-AI-APP,AI应用开发工程师（1-3年）,零售科技,南京,remote,junior,bachelor_or_equivalent,full_time,19500,30500,参与AI应用开发工程师相关项目，重点使用云端部署、监控与可观测性、需求分析、跨岗位沟通、Python编程、软件工程；岗位、企业和薪资均为演示数据。,模拟岗位/演示数据，不代表真实招聘机会,synthetic,dev
JOB-AI-APP-0339,ROLE-AI-APP,AI应用开发工程师（1-3年）,金融科技,成都,onsite,junior,bachelor_or_equivalent,full_time,18000,29000,参与AI应用开发工程师相关项目，重点使用监控与可观测性、需求分析、跨岗位沟通、Python编程、软件工程、测试与调试；岗位、企业和薪资均为演示数据。,模拟岗位/演示数据，不代表真实招聘机会,synthetic,dev
JOB-AI-APP-0340,ROLE-AI-APP,AI应用开发工程师（1-3年）,医疗信息化,武汉,hybrid,junior,bachelor_or_equivalent,full_time,17500,28500,参与AI应用开发工程师相关项目，重点使用需求分析、跨岗位沟通、Python编程、软件工程、测试与调试、SQL；岗位、企业和薪资均为演示数据。,模拟岗位/演示数据，不代表真实招聘机会,synthetic,dev
JOB-AI-APP-0341,ROLE-AI-APP,AI应用开发工程师（1-3年）,物流科技,西安,remote,junior,bachelor_or_equivalent,full_time,17000,28000,参与AI应用开发工程师相关项目，重点使用跨岗位沟通、Python编程、软件工程、测试与调试、SQL、大模型基础；岗位、企业和薪资均为演示数据。,模拟岗位/演示数据，不代表真实招聘机会,synthetic,dev
JOB-AI-APP-0342,ROLE-AI-APP,AI应用开发工程师（1-3年）,内容平台,杭州,onsite,junior,bachelor_or_equivalent,full_time,21000,32000,参与AI应用开发工程师相关项目，重点使用Python编程、软件工程、测试与调试、SQL、大模型基础、提示词设计；岗位、企业和薪资均为演示数据。,模拟岗位/演示数据，不代表真实招聘机会,synthetic,dev
JOB-AI-APP-0343,ROLE-AI-APP,AI应用开发工程师（1-3年）,企业服务,上海,hybrid,junior,bachelor_or_equivalent,full_time,22500,33500,参与AI应用开发工程师相关项目，重点使用软件工程、测试与调试、SQL、大模型基础、提示词设计、RAG应用；岗位、企业和薪资均为演示数据。,模拟岗位/演示数据，不代表真实招聘机会,synthetic,dev
JOB-AI-APP-0344,ROLE-AI-APP,AI应用开发工程师（1-3年）,智能制造,北京,remote,junior,bachelor_or_equivalent,full_time,22500,33500,参与AI应用开发工程师相关项目，重点使用测试与调试、SQL、大模型基础、提示词设计、RAG应用、向量数据库；岗位、企业和薪资均为演示数据。,模拟岗位/演示数据，不代表真实招聘机会,synthetic,dev
JOB-AI-APP-0345,ROLE-AI-APP,AI应用开发工程师（1-3年）,教育科技,深圳,onsite,junior,bachelor_or_equivalent,full_time,22000,33000,参与AI应用开发工程师相关项目，重点使用SQL、大模型基础、提示词设计、RAG应用、向量数据库、智能体开发；岗位、企业和薪资均为演示数据。,模拟岗位/演示数据，不代表真实招聘机会,synthetic,dev
JOB-AI-APP-0346,ROLE-AI-APP,AI应用开发工程师（1-3年）,零售科技,南京,hybrid,junior,bachelor_or_equivalent,full_time,19500,30500,参与AI应用开发工程师相关项目，重点使用大模型基础、提示词设计、RAG应用、向量数据库、智能体开发、MCP与工具调用；岗位、企业和薪资均为演示数据。,模拟岗位/演示数据，不代表真实招聘机会,synthetic,dev
JOB-AI-APP-0347,ROLE-AI-APP,AI应用开发工程师（1-3年）,金融科技,成都,remote,junior,bachelor_or_equivalent,full_time,18000,29000,参与AI应用开发工程师相关项目，重点使用提示词设计、RAG应用、向量数据库、智能体开发、MCP与工具调用、API设计；岗位、企业和薪资均为演示数据。,模拟岗位/演示数据，不代表真实招聘机会,synthetic,dev
JOB-AI-APP-0348,ROLE-AI-APP,AI应用开发工程师（1-3年）,医疗信息化,武汉,onsite,junior,bachelor_or_equivalent,full_time,17500,28500,参与AI应用开发工程师相关项目，重点使用RAG应用、向量数据库、智能体开发、MCP与工具调用、API设计、后端服务开发；岗位、企业和薪资均为演示数据。,模拟岗位/演示数据，不代表真实招聘机会,synthetic,dev
JOB-AI-APP-0349,ROLE-AI-APP,AI应用开发工程师（1-3年）,物流科技,西安,hybrid,junior,bachelor_or_equivalent,full_time,17000,28000,参与AI应用开发工程师相关项目，重点使用向量数据库、智能体开发、MCP与工具调用、API设计、后端服务开发、Docker容器；岗位、企业和薪资均为演示数据。,模拟岗位/演示数据，不代表真实招聘机会,synthetic,dev
JOB-AI-APP-0350,ROLE-AI-APP,AI应用开发工程师（1-3年）,内容平台,杭州,remote,junior,bachelor_or_equivalent,full_time,21000,32000,参与AI应用开发工程师相关项目，重点使用智能体开发、MCP与工具调用、API设计、后端服务开发、Docker容器、CI/CD；岗位、企业和薪资均为演示数据。,模拟岗位/演示数据，不代表真实招聘机会,synthetic,dev
JOB-AI-APP-0351,ROLE-AI-APP,AI应用开发工程师（1-3年）,企业服务,上海,onsite,junior,bachelor_or_equivalent,full_time,22500,33500,参与AI应用开发工程师相关项目，重点使用MCP与工具调用、API设计、后端服务开发、Docker容器、CI/CD、云端部署；岗位、企业和薪资均为演示数据。,模拟岗位/演示数据，不代表真实招聘机会,synthetic,dev
JOB-AI-APP-0352,ROLE-AI-APP,AI应用开发工程师（1-3年）,智能制造,北京,hybrid,junior,bachelor_or_equivalent,full_time,22500,33500,参与AI应用开发工程师相关项目，重点使用API设计、后端服务开发、Docker容器、CI/CD、云端部署、监控与可观测性；岗位、企业和薪资均为演示数据。,模拟岗位/演示数据，不代表真实招聘机会,synthetic,dev
JOB-AI-APP-0353,ROLE-AI-APP,AI应用开发工程师（1-3年）,教育科技,深圳,remote,junior,bachelor_or_equivalent,full_time,22000,33000,参与AI应用开发工程师相关项目，重点使用后端服务开发、Docker容器、CI/CD、云端部署、监控与可观测性、需求分析；岗位、企业和薪资均为演示数据。,模拟岗位/演示数据，不代表真实招聘机会,synthetic,dev
JOB-AI-APP-0354,ROLE-AI-APP,AI应用开发工程师（1-3年）,零售科技,南京,onsite,junior,bachelor_or_equivalent,full_time,19500,30500,参与AI应用开发工程师相关项目，重点使用Docker容器、CI/CD、云端部署、监控与可观测性、需求分析、跨岗位沟通；岗位、企业和薪资均为演示数据。,模拟岗位/演示数据，不代表真实招聘机会,synthetic,dev
JOB-AI-APP-0355,ROLE-AI-APP,AI应用开发工程师（1-3年）,金融科技,成都,hybrid,junior,bachelor_or_equivalent,full_time,18000,29000,参与AI应用开发工程师相关项目，重点使用CI/CD、云端部署、监控与可观测性、需求分析、跨岗位沟通、Python编程；岗位、企业和薪资均为演示数据。,模拟岗位/演示数据，不代表真实招聘机会,synthetic,dev
JOB-AI-APP-0356,ROLE-AI-APP,AI应用开发工程师（1-3年）,医疗信息化,武汉,remote,junior,bachelor_or_equivalent,full_time,17500,28500,参与AI应用开发工程师相关项目，重点使用云端部署、监控与可观测性、需求分析、跨岗位沟通、Python编程、软件工程；岗位、企业和薪资均为演示数据。,模拟岗位/演示数据，不代表真实招聘机会,synthetic,dev
JOB-AI-APP-0357,ROLE-AI-APP,AI应用开发工程师（1-3年）,物流科技,西安,onsite,junior,bachelor_or_equivalent,full_time,17000,28000,参与AI应用开发工程师相关项目，重点使用监控与可观测性、需求分析、跨岗位沟通、Python编程、软件工程、测试与调试；岗位、企业和薪资均为演示数据。,模拟岗位/演示数据，不代表真实招聘机会,synthetic,dev
JOB-AI-APP-0358,ROLE-AI-APP,AI应用开发工程师（1-3年）,内容平台,杭州,hybrid,junior,bachelor_or_equivalent,full_time,21000,32000,参与AI应用开发工程师相关项目，重点使用需求分析、跨岗位沟通、Python编程、软件工程、测试与调试、SQL；岗位、企业和薪资均为演示数据。,模拟岗位/演示数据，不代表真实招聘机会,synthetic,dev
JOB-AI-APP-0359,ROLE-AI-APP,AI应用开发工程师（1-3年）,企业服务,上海,remote,junior,bachelor_or_equivalent,full_time,22500,33500,参与AI应用开发工程师相关项目，重点使用跨岗位沟通、Python编程、软件工程、测试与调试、SQL、大模型基础；岗位、企业和薪资均为演示数据。,模拟岗位/演示数据，不代表真实招聘机会,synthetic,dev
JOB-AI-APP-0360,ROLE-AI-APP,AI应用开发工程师（1-3年）,智能制造,北京,onsite,junior,bachelor_or_equivalent,full_time,22500,33500,参与AI应用开发工程师相关项目，重点使用Python编程、软件工程、测试与调试、SQL、大模型基础、提示词设计；岗位、企业和薪资均为演示数据。,模拟岗位/演示数据，不代表真实招聘机会,synthetic,dev
JOB-AI-APP-0361,ROLE-AI-APP,AI应用开发工程师（1-3年）,教育科技,深圳,hybrid,junior,bachelor_or_equivalent,full_time,22000,33000,参与AI应用开发工程师相关项目，重点使用软件工程、测试与调试、SQL、大模型基础、提示词设计、RAG应用；岗位、企业和薪资均为演示数据。,模拟岗位/演示数据，不代表真实招聘机会,synthetic,dev
JOB-AI-APP-0362,ROLE-AI-APP,AI应用开发工程师（1-3年）,零售科技,南京,remote,junior,bachelor_or_equivalent,full_time,19500,30500,参与AI应用开发工程师相关项目，重点使用测试与调试、SQL、大模型基础、提示词设计、RAG应用、向量数据库；岗位、企业和薪资均为演示数据。,模拟岗位/演示数据，不代表真实招聘机会,synthetic,dev
JOB-AI-APP-0363,ROLE-AI-APP,AI应用开发工程师（1-3年）,金融科技,成都,onsite,junior,bachelor_or_equivalent,full_time,18000,29000,参与AI应用开发工程师相关项目，重点使用SQL、大模型基础、提示词设计、RAG应用、向量数据库、智能体开发；岗位、企业和薪资均为演示数据。,模拟岗位/演示数据，不代表真实招聘机会,synthetic,dev
JOB-AI-APP-0364,ROLE-AI-APP,AI应用开发工程师（1-3年）,医疗信息化,武汉,hybrid,junior,bachelor_or_equivalent,full_time,17500,28500,参与AI应用开发工程师相关项目，重点使用大模型基础、提示词设计、RAG应用、向量数据库、智能体开发、MCP与工具调用；岗位、企业和薪资均为演示数据。,模拟岗位/演示数据，不代表真实招聘机会,synthetic,dev
JOB-AI-APP-0365,ROLE-AI-APP,AI应用开发工程师（1-3年）,物流科技,西安,remote,junior,bachelor_or_equivalent,full_time,17000,28000,参与AI应用开发工程师相关项目，重点使用提示词设计、RAG应用、向量数据库、智能体开发、MCP与工具调用、API设计；岗位、企业和薪资均为演示数据。,模拟岗位/演示数据，不代表真实招聘机会,synthetic,dev
JOB-AI-APP-0366,ROLE-AI-APP,AI应用开发工程师（1-3年）,内容平台,杭州,onsite,junior,bachelor_or_equivalent,full_time,21000,32000,参与AI应用开发工程师相关项目，重点使用RAG应用、向量数据库、智能体开发、MCP与工具调用、API设计、后端服务开发；岗位、企业和薪资均为演示数据。,模拟岗位/演示数据，不代表真实招聘机会,synthetic,dev
JOB-AI-APP-0367,ROLE-AI-APP,AI应用开发工程师（1-3年）,企业服务,上海,hybrid,junior,bachelor_or_equivalent,full_time,22500,33500,参与AI应用开发工程师相关项目，重点使用向量数据库、智能体开发、MCP与工具调用、API设计、后端服务开发、Docker容器；岗位、企业和薪资均为演示数据。,模拟岗位/演示数据，不代表真实招聘机会,synthetic,dev
JOB-AI-APP-0368,ROLE-AI-APP,AI应用开发工程师（1-3年）,智能制造,北京,remote,junior,bachelor_or_equivalent,full_time,22500,33500,参与AI应用开发工程师相关项目，重点使用智能体开发、MCP与工具调用、API设计、后端服务开发、Docker容器、CI/CD；岗位、企业和薪资均为演示数据。,模拟岗位/演示数据，不代表真实招聘机会,synthetic,dev
JOB-AI-APP-0369,ROLE-AI-APP,AI应用开发工程师（1-3年）,教育科技,深圳,onsite,junior,bachelor_or_equivalent,full_time,22000,33000,参与AI应用开发工程师相关项目，重点使用MCP与工具调用、API设计、后端服务开发、Docker容器、CI/CD、云端部署；岗位、企业和薪资均为演示数据。,模拟岗位/演示数据，不代表真实招聘机会,synthetic,dev
JOB-AI-APP-0370,ROLE-AI-APP,AI应用开发工程师（1-3年）,零售科技,南京,hybrid,junior,bachelor_or_equivalent,full_time,19500,30500,参与AI应用开发工程师相关项目，重点使用API设计、后端服务开发、Docker容器、CI/CD、云端部署、监控与可观测性；岗位、企业和薪资均为演示数据。,模拟岗位/演示数据，不代表真实招聘机会,synthetic,dev
JOB-AI-APP-0371,ROLE-AI-APP,AI应用开发工程师（1-3年）,金融科技,成都,remote,junior,bachelor_or_equivalent,full_time,18000,29000,参与AI应用开发工程师相关项目，重点使用后端服务开发、Docker容器、CI/CD、云端部署、监控与可观测性、需求分析；岗位、企业和薪资均为演示数据。,模拟岗位/演示数据，不代表真实招聘机会,synthetic,dev
JOB-AI-APP-0372,ROLE-AI-APP,AI应用开发工程师（1-3年）,医疗信息化,武汉,onsite,junior,bachelor_or_equivalent,full_time,17500,28500,参与AI应用开发工程师相关项目，重点使用Docker容器、CI/CD、云端部署、监控与可观测性、需求分析、跨岗位沟通；岗位、企业和薪资均为演示数据。,模拟岗位/演示数据，不代表真实招聘机会,synthetic,dev
JOB-AI-APP-0373,ROLE-AI-APP,AI应用开发工程师（1-3年）,物流科技,西安,hybrid,junior,bachelor_or_equivalent,full_time,17000,28000,参与AI应用开发工程师相关项目，重点使用CI/CD、云端部署、监控与可观测性、需求分析、跨岗位沟通、Python编程；岗位、企业和薪资均为演示数据。,模拟岗位/演示数据，不代表真实招聘机会,synthetic,dev
JOB-AI-APP-0374,ROLE-AI-APP,AI应用开发工程师（1-3年）,内容平台,杭州,remote,junior,bachelor_or_equivalent,full_time,21000,32000,参与AI应用开发工程师相关项目，重点使用云端部署、监控与可观测性、需求分析、跨岗位沟通、Python编程、软件工程；岗位、企业和薪资均为演示数据。,模拟岗位/演示数据，不代表真实招聘机会,synthetic,dev
JOB-AI-APP-0375,ROLE-AI-APP,AI应用开发工程师（1-3年）,企业服务,上海,onsite,junior,bachelor_or_equivalent,full_time,22500,33500,参与AI应用开发工程师相关项目，重点使用监控与可观测性、需求分析、跨岗位沟通、Python编程、软件工程、测试与调试；岗位、企业和薪资均为演示数据。,模拟岗位/演示数据，不代表真实招聘机会,synthetic,dev
JOB-AI-APP-0376,ROLE-AI-APP,AI应用开发工程师（1-3年）,智能制造,北京,hybrid,junior,bachelor_or_equivalent,full_time,22500,33500,参与AI应用开发工程师相关项目，重点使用需求分析、跨岗位沟通、Python编程、软件工程、测试与调试、SQL；岗位、企业和薪资均为演示数据。,模拟岗位/演示数据，不代表真实招聘机会,synthetic,dev
JOB-AI-APP-0377,ROLE-AI-APP,AI应用开发工程师（1-3年）,教育科技,深圳,remote,junior,bachelor_or_equivalent,full_time,22000,33000,参与AI应用开发工程师相关项目，重点使用跨岗位沟通、Python编程、软件工程、测试与调试、SQL、大模型基础；岗位、企业和薪资均为演示数据。,模拟岗位/演示数据，不代表真实招聘机会,synthetic,dev
JOB-AI-APP-0378,ROLE-AI-APP,AI应用开发工程师（1-3年）,零售科技,南京,onsite,junior,bachelor_or_equivalent,full_time,19500,30500,参与AI应用开发工程师相关项目，重点使用Python编程、软件工程、测试与调试、SQL、大模型基础、提示词设计；岗位、企业和薪资均为演示数据。,模拟岗位/演示数据，不代表真实招聘机会,synthetic,dev
JOB-AI-APP-0379,ROLE-AI-APP,AI应用开发工程师（1-3年）,金融科技,成都,hybrid,junior,bachelor_or_equivalent,full_time,18000,29000,参与AI应用开发工程师相关项目，重点使用软件工程、测试与调试、SQL、大模型基础、提示词设计、RAG应用；岗位、企业和薪资均为演示数据。,模拟岗位/演示数据，不代表真实招聘机会,synthetic,dev
JOB-AI-APP-0380,ROLE-AI-APP,AI应用开发工程师（1-3年）,医疗信息化,武汉,remote,junior,bachelor_or_equivalent,full_time,17500,28500,参与AI应用开发工程师相关项目，重点使用测试与调试、SQL、大模型基础、提示词设计、RAG应用、向量数据库；岗位、企业和薪资均为演示数据。,模拟岗位/演示数据，不代表真实招聘机会,synthetic,dev
JOB-AI-APP-0381,ROLE-AI-APP,AI应用开发工程师（1-3年）,物流科技,西安,onsite,junior,bachelor_or_equivalent,full_time,17000,28000,参与AI应用开发工程师相关项目，重点使用SQL、大模型基础、提示词设计、RAG应用、向量数据库、智能体开发；岗位、企业和薪资均为演示数据。,模拟岗位/演示数据，不代表真实招聘机会,synthetic,dev
JOB-AI-APP-0382,ROLE-AI-APP,AI应用开发工程师（1-3年）,内容平台,杭州,hybrid,junior,bachelor_or_equivalent,full_time,21000,32000,参与AI应用开发工程师相关项目，重点使用大模型基础、提示词设计、RAG应用、向量数据库、智能体开发、MCP与工具调用；岗位、企业和薪资均为演示数据。,模拟岗位/演示数据，不代表真实招聘机会,synthetic,dev
JOB-AI-APP-0383,ROLE-AI-APP,AI应用开发工程师（1-3年）,企业服务,上海,remote,junior,bachelor_or_equivalent,full_time,22500,33500,参与AI应用开发工程师相关项目，重点使用提示词设计、RAG应用、向量数据库、智能体开发、MCP与工具调用、API设计；岗位、企业和薪资均为演示数据。,模拟岗位/演示数据，不代表真实招聘机会,synthetic,dev
JOB-AI-APP-0384,ROLE-AI-APP,AI应用开发工程师（1-3年）,智能制造,北京,onsite,junior,bachelor_or_equivalent,full_time,22500,33500,参与AI应用开发工程师相关项目，重点使用RAG应用、向量数据库、智能体开发、MCP与工具调用、API设计、后端服务开发；岗位、企业和薪资均为演示数据。,模拟岗位/演示数据，不代表真实招聘机会,synthetic,dev
JOB-AI-APP-0385,ROLE-AI-APP,AI应用开发工程师（1-3年）,教育科技,深圳,hybrid,junior,bachelor_or_equivalent,full_time,22000,33000,参与AI应用开发工程师相关项目，重点使用向量数据库、智能体开发、MCP与工具调用、API设计、后端服务开发、Docker容器；岗位、企业和薪资均为演示数据。,模拟岗位/演示数据，不代表真实招聘机会,synthetic,dev
JOB-AI-APP-0386,ROLE-AI-APP,AI应用开发工程师（1-3年）,零售科技,南京,remote,junior,bachelor_or_equivalent,full_time,19500,30500,参与AI应用开发工程师相关项目，重点使用智能体开发、MCP与工具调用、API设计、后端服务开发、Docker容器、CI/CD；岗位、企业和薪资均为演示数据。,模拟岗位/演示数据，不代表真实招聘机会,synthetic,dev
JOB-AI-APP-0387,ROLE-AI-APP,AI应用开发工程师（1-3年）,金融科技,成都,onsite,junior,bachelor_or_equivalent,full_time,18000,29000,参与AI应用开发工程师相关项目，重点使用MCP与工具调用、API设计、后端服务开发、Docker容器、CI/CD、云端部署；岗位、企业和薪资均为演示数据。,模拟岗位/演示数据，不代表真实招聘机会,synthetic,dev
JOB-AI-APP-0388,ROLE-AI-APP,AI应用开发工程师（1-3年）,医疗信息化,武汉,hybrid,junior,bachelor_or_equivalent,full_time,17500,28500,参与AI应用开发工程师相关项目，重点使用API设计、后端服务开发、Docker容器、CI/CD、云端部署、监控与可观测性；岗位、企业和薪资均为演示数据。,模拟岗位/演示数据，不代表真实招聘机会,synthetic,dev
JOB-AI-APP-0389,ROLE-AI-APP,AI应用开发工程师（1-3年）,物流科技,西安,remote,junior,bachelor_or_equivalent,full_time,17000,28000,参与AI应用开发工程师相关项目，重点使用后端服务开发、Docker容器、CI/CD、云端部署、监控与可观测性、需求分析；岗位、企业和薪资均为演示数据。,模拟岗位/演示数据，不代表真实招聘机会,synthetic,dev
JOB-AI-APP-0390,ROLE-AI-APP,AI应用开发工程师（1-3年）,内容平台,杭州,onsite,junior,bachelor_or_equivalent,full_time,21000,32000,参与AI应用开发工程师相关项目，重点使用Docker容器、CI/CD、云端部署、监控与可观测性、需求分析、跨岗位沟通；岗位、企业和薪资均为演示数据。,模拟岗位/演示数据，不代表真实招聘机会,synthetic,dev
JOB-AI-APP-0391,ROLE-AI-APP,AI应用开发工程师（1-3年）,企业服务,上海,hybrid,junior,bachelor_or_equivalent,full_time,22500,33500,参与AI应用开发工程师相关项目，重点使用CI/CD、云端部署、监控与可观测性、需求分析、跨岗位沟通、Python编程；岗位、企业和薪资均为演示数据。,模拟岗位/演示数据，不代表真实招聘机会,synthetic,dev
JOB-AI-APP-0392,ROLE-AI-APP,AI应用开发工程师（1-3年）,智能制造,北京,remote,junior,bachelor_or_equivalent,full_time,22500,33500,参与AI应用开发工程师相关项目，重点使用云端部署、监控与可观测性、需求分析、跨岗位沟通、Python编程、软件工程；岗位、企业和薪资均为演示数据。,模拟岗位/演示数据，不代表真实招聘机会,synthetic,dev
JOB-AI-APP-0393,ROLE-AI-APP,AI应用开发工程师（1-3年）,教育科技,深圳,onsite,junior,bachelor_or_equivalent,full_time,22000,33000,参与AI应用开发工程师相关项目，重点使用监控与可观测性、需求分析、跨岗位沟通、Python编程、软件工程、测试与调试；岗位、企业和薪资均为演示数据。,模拟岗位/演示数据，不代表真实招聘机会,synthetic,dev
JOB-AI-APP-0394,ROLE-AI-APP,AI应用开发工程师（1-3年）,零售科技,南京,hybrid,junior,bachelor_or_equivalent,full_time,19500,30500,参与AI应用开发工程师相关项目，重点使用需求分析、跨岗位沟通、Python编程、软件工程、测试与调试、SQL；岗位、企业和薪资均为演示数据。,模拟岗位/演示数据，不代表真实招聘机会,synthetic,dev
JOB-AI-APP-0395,ROLE-AI-APP,AI应用开发工程师（1-3年）,金融科技,成都,remote,junior,bachelor_or_equivalent,full_time,18000,29000,参与AI应用开发工程师相关项目，重点使用跨岗位沟通、Python编程、软件工程、测试与调试、SQL、大模型基础；岗位、企业和薪资均为演示数据。,模拟岗位/演示数据，不代表真实招聘机会,synthetic,dev
JOB-AI-APP-0396,ROLE-AI-APP,AI应用开发工程师（1-3年）,医疗信息化,武汉,onsite,junior,bachelor_or_equivalent,full_time,17500,28500,参与AI应用开发工程师相关项目，重点使用Python编程、软件工程、测试与调试、SQL、大模型基础、提示词设计；岗位、企业和薪资均为演示数据。,模拟岗位/演示数据，不代表真实招聘机会,synthetic,dev
JOB-AI-APP-0397,ROLE-AI-APP,AI应用开发工程师（1-3年）,物流科技,西安,hybrid,junior,bachelor_or_equivalent,full_time,17000,28000,参与AI应用开发工程师相关项目，重点使用软件工程、测试与调试、SQL、大模型基础、提示词设计、RAG应用；岗位、企业和薪资均为演示数据。,模拟岗位/演示数据，不代表真实招聘机会,synthetic,dev
JOB-AI-APP-0398,ROLE-AI-APP,AI应用开发工程师（1-3年）,内容平台,杭州,remote,junior,bachelor_or_equivalent,full_time,21000,32000,参与AI应用开发工程师相关项目，重点使用测试与调试、SQL、大模型基础、提示词设计、RAG应用、向量数据库；岗位、企业和薪资均为演示数据。,模拟岗位/演示数据，不代表真实招聘机会,synthetic,dev
JOB-AI-APP-0399,ROLE-AI-APP,AI应用开发工程师（1-3年）,企业服务,上海,onsite,junior,bachelor_or_equivalent,full_time,22500,33500,参与AI应用开发工程师相关项目，重点使用SQL、大模型基础、提示词设计、RAG应用、向量数据库、智能体开发；岗位、企业和薪资均为演示数据。,模拟岗位/演示数据，不代表真实招聘机会,synthetic,dev
JOB-AI-APP-0400,ROLE-AI-APP,AI应用开发工程师（1-3年）,智能制造,北京,hybrid,junior,bachelor_or_equivalent,full_time,22500,33500,参与AI应用开发工程师相关项目，重点使用大模型基础、提示词设计、RAG应用、向量数据库、智能体开发、MCP与工具调用；岗位、企业和薪资均为演示数据。,模拟岗位/演示数据，不代表真实招聘机会,synthetic,dev
JOB-AI-APP-0401,ROLE-AI-APP,AI应用开发工程师（1-3年）,教育科技,深圳,remote,junior,bachelor_or_equivalent,full_time,22000,33000,参与AI应用开发工程师相关项目，重点使用提示词设计、RAG应用、向量数据库、智能体开发、MCP与工具调用、API设计；岗位、企业和薪资均为演示数据。,模拟岗位/演示数据，不代表真实招聘机会,synthetic,test
JOB-AI-APP-0402,ROLE-AI-APP,AI应用开发工程师（1-3年）,零售科技,南京,onsite,junior,bachelor_or_equivalent,full_time,19500,30500,参与AI应用开发工程师相关项目，重点使用RAG应用、向量数据库、智能体开发、MCP与工具调用、API设计、后端服务开发；岗位、企业和薪资均为演示数据。,模拟岗位/演示数据，不代表真实招聘机会,synthetic,test
JOB-AI-APP-0403,ROLE-AI-APP,AI应用开发工程师（1-3年）,金融科技,成都,hybrid,junior,bachelor_or_equivalent,full_time,18000,29000,参与AI应用开发工程师相关项目，重点使用向量数据库、智能体开发、MCP与工具调用、API设计、后端服务开发、Docker容器；岗位、企业和薪资均为演示数据。,模拟岗位/演示数据，不代表真实招聘机会,synthetic,test
JOB-AI-APP-0404,ROLE-AI-APP,AI应用开发工程师（1-3年）,医疗信息化,武汉,remote,junior,bachelor_or_equivalent,full_time,17500,28500,参与AI应用开发工程师相关项目，重点使用智能体开发、MCP与工具调用、API设计、后端服务开发、Docker容器、CI/CD；岗位、企业和薪资均为演示数据。,模拟岗位/演示数据，不代表真实招聘机会,synthetic,test
JOB-AI-APP-0405,ROLE-AI-APP,AI应用开发工程师（1-3年）,物流科技,西安,onsite,junior,bachelor_or_equivalent,full_time,17000,28000,参与AI应用开发工程师相关项目，重点使用MCP与工具调用、API设计、后端服务开发、Docker容器、CI/CD、云端部署；岗位、企业和薪资均为演示数据。,模拟岗位/演示数据，不代表真实招聘机会,synthetic,test
JOB-AI-APP-0406,ROLE-AI-APP,AI应用开发工程师（1-3年）,内容平台,杭州,hybrid,junior,bachelor_or_equivalent,full_time,21000,32000,参与AI应用开发工程师相关项目，重点使用API设计、后端服务开发、Docker容器、CI/CD、云端部署、监控与可观测性；岗位、企业和薪资均为演示数据。,模拟岗位/演示数据，不代表真实招聘机会,synthetic,test
JOB-AI-APP-0407,ROLE-AI-APP,AI应用开发工程师（1-3年）,企业服务,上海,remote,junior,bachelor_or_equivalent,full_time,22500,33500,参与AI应用开发工程师相关项目，重点使用后端服务开发、Docker容器、CI/CD、云端部署、监控与可观测性、需求分析；岗位、企业和薪资均为演示数据。,模拟岗位/演示数据，不代表真实招聘机会,synthetic,test
JOB-AI-APP-0408,ROLE-AI-APP,AI应用开发工程师（1-3年）,智能制造,北京,onsite,junior,bachelor_or_equivalent,full_time,22500,33500,参与AI应用开发工程师相关项目，重点使用Docker容器、CI/CD、云端部署、监控与可观测性、需求分析、跨岗位沟通；岗位、企业和薪资均为演示数据。,模拟岗位/演示数据，不代表真实招聘机会,synthetic,test
JOB-AI-APP-0409,ROLE-AI-APP,AI应用开发工程师（1-3年）,教育科技,深圳,hybrid,junior,bachelor_or_equivalent,full_time,22000,33000,参与AI应用开发工程师相关项目，重点使用CI/CD、云端部署、监控与可观测性、需求分析、跨岗位沟通、Python编程；岗位、企业和薪资均为演示数据。,模拟岗位/演示数据，不代表真实招聘机会,synthetic,test
JOB-AI-APP-0410,ROLE-AI-APP,AI应用开发工程师（1-3年）,零售科技,南京,remote,junior,bachelor_or_equivalent,full_time,19500,30500,参与AI应用开发工程师相关项目，重点使用云端部署、监控与可观测性、需求分析、跨岗位沟通、Python编程、软件工程；岗位、企业和薪资均为演示数据。,模拟岗位/演示数据，不代表真实招聘机会,synthetic,test
JOB-AI-APP-0411,ROLE-AI-APP,AI应用开发工程师（1-3年）,金融科技,成都,onsite,junior,bachelor_or_equivalent,full_time,18000,29000,参与AI应用开发工程师相关项目，重点使用监控与可观测性、需求分析、跨岗位沟通、Python编程、软件工程、测试与调试；岗位、企业和薪资均为演示数据。,模拟岗位/演示数据，不代表真实招聘机会,synthetic,test
JOB-AI-APP-0412,ROLE-AI-APP,AI应用开发工程师（1-3年）,医疗信息化,武汉,hybrid,junior,bachelor_or_equivalent,full_time,17500,28500,参与AI应用开发工程师相关项目，重点使用需求分析、跨岗位沟通、Python编程、软件工程、测试与调试、SQL；岗位、企业和薪资均为演示数据。,模拟岗位/演示数据，不代表真实招聘机会,synthetic,test
JOB-AI-APP-0413,ROLE-AI-APP,AI应用开发工程师（1-3年）,物流科技,西安,remote,junior,bachelor_or_equivalent,full_time,17000,28000,参与AI应用开发工程师相关项目，重点使用跨岗位沟通、Python编程、软件工程、测试与调试、SQL、大模型基础；岗位、企业和薪资均为演示数据。,模拟岗位/演示数据，不代表真实招聘机会,synthetic,test
JOB-AI-APP-0414,ROLE-AI-APP,AI应用开发工程师（1-3年）,内容平台,杭州,onsite,junior,bachelor_or_equivalent,full_time,21000,32000,参与AI应用开发工程师相关项目，重点使用Python编程、软件工程、测试与调试、SQL、大模型基础、提示词设计；岗位、企业和薪资均为演示数据。,模拟岗位/演示数据，不代表真实招聘机会,synthetic,test
JOB-AI-APP-0415,ROLE-AI-APP,AI应用开发工程师（1-3年）,企业服务,上海,hybrid,junior,bachelor_or_equivalent,full_time,22500,33500,参与AI应用开发工程师相关项目，重点使用软件工程、测试与调试、SQL、大模型基础、提示词设计、RAG应用；岗位、企业和薪资均为演示数据。,模拟岗位/演示数据，不代表真实招聘机会,synthetic,test
JOB-AI-APP-0416,ROLE-AI-APP,AI应用开发工程师（1-3年）,智能制造,北京,remote,junior,bachelor_or_equivalent,full_time,22500,33500,参与AI应用开发工程师相关项目，重点使用测试与调试、SQL、大模型基础、提示词设计、RAG应用、向量数据库；岗位、企业和薪资均为演示数据。,模拟岗位/演示数据，不代表真实招聘机会,synthetic,test
JOB-AI-APP-0417,ROLE-AI-APP,AI应用开发工程师（1-3年）,教育科技,深圳,onsite,junior,bachelor_or_equivalent,full_time,22000,33000,参与AI应用开发工程师相关项目，重点使用SQL、大模型基础、提示词设计、RAG应用、向量数据库、智能体开发；岗位、企业和薪资均为演示数据。,模拟岗位/演示数据，不代表真实招聘机会,synthetic,test
JOB-AI-APP-0418,ROLE-AI-APP,AI应用开发工程师（1-3年）,零售科技,南京,hybrid,junior,bachelor_or_equivalent,full_time,19500,30500,参与AI应用开发工程师相关项目，重点使用大模型基础、提示词设计、RAG应用、向量数据库、智能体开发、MCP与工具调用；岗位、企业和薪资均为演示数据。,模拟岗位/演示数据，不代表真实招聘机会,synthetic,test
JOB-AI-APP-0419,ROLE-AI-APP,AI应用开发工程师（1-3年）,金融科技,成都,remote,junior,bachelor_or_equivalent,full_time,18000,29000,参与AI应用开发工程师相关项目，重点使用提示词设计、RAG应用、向量数据库、智能体开发、MCP与工具调用、API设计；岗位、企业和薪资均为演示数据。,模拟岗位/演示数据，不代表真实招聘机会,synthetic,test
JOB-AI-APP-0420,ROLE-AI-APP,AI应用开发工程师（1-3年）,医疗信息化,武汉,onsite,junior,bachelor_or_equivalent,full_time,17500,28500,参与AI应用开发工程师相关项目，重点使用RAG应用、向量数据库、智能体开发、MCP与工具调用、API设计、后端服务开发；岗位、企业和薪资均为演示数据。,模拟岗位/演示数据，不代表真实招聘机会,synthetic,test
JOB-AI-APP-0421,ROLE-AI-APP,AI应用开发工程师（1-3年）,物流科技,西安,hybrid,junior,bachelor_or_equivalent,full_time,17000,28000,参与AI应用开发工程师相关项目，重点使用向量数据库、智能体开发、MCP与工具调用、API设计、后端服务开发、Docker容器；岗位、企业和薪资均为演示数据。,模拟岗位/演示数据，不代表真实招聘机会,synthetic,test
JOB-AI-APP-0422,ROLE-AI-APP,AI应用开发工程师（1-3年）,内容平台,杭州,remote,junior,bachelor_or_equivalent,full_time,21000,32000,参与AI应用开发工程师相关项目，重点使用智能体开发、MCP与工具调用、API设计、后端服务开发、Docker容器、CI/CD；岗位、企业和薪资均为演示数据。,模拟岗位/演示数据，不代表真实招聘机会,synthetic,test
JOB-AI-APP-0423,ROLE-AI-APP,AI应用开发工程师（1-3年）,企业服务,上海,onsite,junior,bachelor_or_equivalent,full_time,22500,33500,参与AI应用开发工程师相关项目，重点使用MCP与工具调用、API设计、后端服务开发、Docker容器、CI/CD、云端部署；岗位、企业和薪资均为演示数据。,模拟岗位/演示数据，不代表真实招聘机会,synthetic,test
JOB-AI-APP-0424,ROLE-AI-APP,AI应用开发工程师（1-3年）,智能制造,北京,hybrid,junior,bachelor_or_equivalent,full_time,22500,33500,参与AI应用开发工程师相关项目，重点使用API设计、后端服务开发、Docker容器、CI/CD、云端部署、监控与可观测性；岗位、企业和薪资均为演示数据。,模拟岗位/演示数据，不代表真实招聘机会,synthetic,test
JOB-AI-APP-0425,ROLE-AI-APP,AI应用开发工程师（1-3年）,教育科技,深圳,remote,junior,bachelor_or_equivalent,full_time,22000,33000,参与AI应用开发工程师相关项目，重点使用后端服务开发、Docker容器、CI/CD、云端部署、监控与可观测性、需求分析；岗位、企业和薪资均为演示数据。,模拟岗位/演示数据，不代表真实招聘机会,synthetic,test
JOB-AI-APP-0426,ROLE-AI-APP,AI应用开发工程师（1-3年）,零售科技,南京,onsite,junior,bachelor_or_equivalent,full_time,19500,30500,参与AI应用开发工程师相关项目，重点使用Docker容器、CI/CD、云端部署、监控与可观测性、需求分析、跨岗位沟通；岗位、企业和薪资均为演示数据。,模拟岗位/演示数据，不代表真实招聘机会,synthetic,test
JOB-AI-APP-0427,ROLE-AI-APP,AI应用开发工程师（1-3年）,金融科技,成都,hybrid,junior,bachelor_or_equivalent,full_time,18000,29000,参与AI应用开发工程师相关项目，重点使用CI/CD、云端部署、监控与可观测性、需求分析、跨岗位沟通、Python编程；岗位、企业和薪资均为演示数据。,模拟岗位/演示数据，不代表真实招聘机会,synthetic,test
JOB-AI-APP-0428,ROLE-AI-APP,AI应用开发工程师（1-3年）,医疗信息化,武汉,remote,junior,bachelor_or_equivalent,full_time,17500,28500,参与AI应用开发工程师相关项目，重点使用云端部署、监控与可观测性、需求分析、跨岗位沟通、Python编程、软件工程；岗位、企业和薪资均为演示数据。,模拟岗位/演示数据，不代表真实招聘机会,synthetic,test
JOB-AI-APP-0429,ROLE-AI-APP,AI应用开发工程师（1-3年）,物流科技,西安,onsite,junior,bachelor_or_equivalent,full_time,17000,28000,参与AI应用开发工程师相关项目，重点使用监控与可观测性、需求分析、跨岗位沟通、Python编程、软件工程、测试与调试；岗位、企业和薪资均为演示数据。,模拟岗位/演示数据，不代表真实招聘机会,synthetic,test
JOB-AI-APP-0430,ROLE-AI-APP,AI应用开发工程师（1-3年）,内容平台,杭州,hybrid,junior,bachelor_or_equivalent,full_time,21000,32000,参与AI应用开发工程师相关项目，重点使用需求分析、跨岗位沟通、Python编程、软件工程、测试与调试、SQL；岗位、企业和薪资均为演示数据。,模拟岗位/演示数据，不代表真实招聘机会,synthetic,test
JOB-AI-APP-0431,ROLE-AI-APP,AI应用开发工程师（1-3年）,企业服务,上海,remote,junior,bachelor_or_equivalent,full_time,22500,33500,参与AI应用开发工程师相关项目，重点使用跨岗位沟通、Python编程、软件工程、测试与调试、SQL、大模型基础；岗位、企业和薪资均为演示数据。,模拟岗位/演示数据，不代表真实招聘机会,synthetic,test
JOB-AI-APP-0432,ROLE-AI-APP,AI应用开发工程师（1-3年）,智能制造,北京,onsite,junior,bachelor_or_equivalent,full_time,22500,33500,参与AI应用开发工程师相关项目，重点使用Python编程、软件工程、测试与调试、SQL、大模型基础、提示词设计；岗位、企业和薪资均为演示数据。,模拟岗位/演示数据，不代表真实招聘机会,synthetic,test
JOB-AI-APP-0433,ROLE-AI-APP,AI应用开发工程师（1-3年）,教育科技,深圳,hybrid,junior,bachelor_or_equivalent,full_time,22000,33000,参与AI应用开发工程师相关项目，重点使用软件工程、测试与调试、SQL、大模型基础、提示词设计、RAG应用；岗位、企业和薪资均为演示数据。,模拟岗位/演示数据，不代表真实招聘机会,synthetic,test
JOB-AI-APP-0434,ROLE-AI-APP,AI应用开发工程师（1-3年）,零售科技,南京,remote,junior,bachelor_or_equivalent,full_time,19500,30500,参与AI应用开发工程师相关项目，重点使用测试与调试、SQL、大模型基础、提示词设计、RAG应用、向量数据库；岗位、企业和薪资均为演示数据。,模拟岗位/演示数据，不代表真实招聘机会,synthetic,test
JOB-AI-APP-0435,ROLE-AI-APP,AI应用开发工程师（1-3年）,金融科技,成都,onsite,junior,bachelor_or_equivalent,full_time,18000,29000,参与AI应用开发工程师相关项目，重点使用SQL、大模型基础、提示词设计、RAG应用、向量数据库、智能体开发；岗位、企业和薪资均为演示数据。,模拟岗位/演示数据，不代表真实招聘机会,synthetic,test
JOB-AI-APP-0436,ROLE-AI-APP,AI应用开发工程师（1-3年）,医疗信息化,武汉,hybrid,junior,bachelor_or_equivalent,full_time,17500,28500,参与AI应用开发工程师相关项目，重点使用大模型基础、提示词设计、RAG应用、向量数据库、智能体开发、MCP与工具调用；岗位、企业和薪资均为演示数据。,模拟岗位/演示数据，不代表真实招聘机会,synthetic,test
JOB-AI-APP-0437,ROLE-AI-APP,AI应用开发工程师（1-3年）,物流科技,西安,remote,junior,bachelor_or_equivalent,full_time,17000,28000,参与AI应用开发工程师相关项目，重点使用提示词设计、RAG应用、向量数据库、智能体开发、MCP与工具调用、API设计；岗位、企业和薪资均为演示数据。,模拟岗位/演示数据，不代表真实招聘机会,synthetic,test
JOB-AI-APP-0438,ROLE-AI-APP,AI应用开发工程师（1-3年）,内容平台,杭州,onsite,junior,bachelor_or_equivalent,full_time,21000,32000,参与AI应用开发工程师相关项目，重点使用RAG应用、向量数据库、智能体开发、MCP与工具调用、API设计、后端服务开发；岗位、企业和薪资均为演示数据。,模拟岗位/演示数据，不代表真实招聘机会,synthetic,test
JOB-AI-APP-0439,ROLE-AI-APP,AI应用开发工程师（1-3年）,企业服务,上海,hybrid,junior,bachelor_or_equivalent,full_time,22500,33500,参与AI应用开发工程师相关项目，重点使用向量数据库、智能体开发、MCP与工具调用、API设计、后端服务开发、Docker容器；岗位、企业和薪资均为演示数据。,模拟岗位/演示数据，不代表真实招聘机会,synthetic,test
JOB-AI-APP-0440,ROLE-AI-APP,AI应用开发工程师（1-3年）,智能制造,北京,remote,junior,bachelor_or_equivalent,full_time,22500,33500,参与AI应用开发工程师相关项目，重点使用智能体开发、MCP与工具调用、API设计、后端服务开发、Docker容器、CI/CD；岗位、企业和薪资均为演示数据。,模拟岗位/演示数据，不代表真实招聘机会,synthetic,test
JOB-AI-APP-0441,ROLE-AI-APP,AI应用开发工程师（1-3年）,教育科技,深圳,onsite,junior,bachelor_or_equivalent,full_time,22000,33000,参与AI应用开发工程师相关项目，重点使用MCP与工具调用、API设计、后端服务开发、Docker容器、CI/CD、云端部署；岗位、企业和薪资均为演示数据。,模拟岗位/演示数据，不代表真实招聘机会,synthetic,test
JOB-AI-APP-0442,ROLE-AI-APP,AI应用开发工程师（1-3年）,零售科技,南京,hybrid,junior,bachelor_or_equivalent,full_time,19500,30500,参与AI应用开发工程师相关项目，重点使用API设计、后端服务开发、Docker容器、CI/CD、云端部署、监控与可观测性；岗位、企业和薪资均为演示数据。,模拟岗位/演示数据，不代表真实招聘机会,synthetic,test
JOB-AI-APP-0443,ROLE-AI-APP,AI应用开发工程师（1-3年）,金融科技,成都,remote,junior,bachelor_or_equivalent,full_time,18000,29000,参与AI应用开发工程师相关项目，重点使用后端服务开发、Docker容器、CI/CD、云端部署、监控与可观测性、需求分析；岗位、企业和薪资均为演示数据。,模拟岗位/演示数据，不代表真实招聘机会,synthetic,test
JOB-AI-APP-0444,ROLE-AI-APP,AI应用开发工程师（1-3年）,医疗信息化,武汉,onsite,junior,bachelor_or_equivalent,full_time,17500,28500,参与AI应用开发工程师相关项目，重点使用Docker容器、CI/CD、云端部署、监控与可观测性、需求分析、跨岗位沟通；岗位、企业和薪资均为演示数据。,模拟岗位/演示数据，不代表真实招聘机会,synthetic,test
JOB-AI-APP-0445,ROLE-AI-APP,AI应用开发工程师（1-3年）,物流科技,西安,hybrid,junior,bachelor_or_equivalent,full_time,17000,28000,参与AI应用开发工程师相关项目，重点使用CI/CD、云端部署、监控与可观测性、需求分析、跨岗位沟通、Python编程；岗位、企业和薪资均为演示数据。,模拟岗位/演示数据，不代表真实招聘机会,synthetic,test
JOB-AI-APP-0446,ROLE-AI-APP,AI应用开发工程师（1-3年）,内容平台,杭州,remote,junior,bachelor_or_equivalent,full_time,21000,32000,参与AI应用开发工程师相关项目，重点使用云端部署、监控与可观测性、需求分析、跨岗位沟通、Python编程、软件工程；岗位、企业和薪资均为演示数据。,模拟岗位/演示数据，不代表真实招聘机会,synthetic,test
JOB-AI-APP-0447,ROLE-AI-APP,AI应用开发工程师（1-3年）,企业服务,上海,onsite,junior,bachelor_or_equivalent,full_time,22500,33500,参与AI应用开发工程师相关项目，重点使用监控与可观测性、需求分析、跨岗位沟通、Python编程、软件工程、测试与调试；岗位、企业和薪资均为演示数据。,模拟岗位/演示数据，不代表真实招聘机会,synthetic,test
JOB-AI-APP-0448,ROLE-AI-APP,AI应用开发工程师（1-3年）,智能制造,北京,hybrid,junior,bachelor_or_equivalent,full_time,22500,33500,参与AI应用开发工程师相关项目，重点使用需求分析、跨岗位沟通、Python编程、软件工程、测试与调试、SQL；岗位、企业和薪资均为演示数据。,模拟岗位/演示数据，不代表真实招聘机会,synthetic,test
JOB-AI-APP-0449,ROLE-AI-APP,AI应用开发工程师（1-3年）,教育科技,深圳,remote,junior,bachelor_or_equivalent,full_time,22000,33000,参与AI应用开发工程师相关项目，重点使用跨岗位沟通、Python编程、软件工程、测试与调试、SQL、大模型基础；岗位、企业和薪资均为演示数据。,模拟岗位/演示数据，不代表真实招聘机会,synthetic,test
JOB-AI-APP-0450,ROLE-AI-APP,AI应用开发工程师（1-3年）,零售科技,南京,onsite,junior,bachelor_or_equivalent,full_time,19500,30500,参与AI应用开发工程师相关项目，重点使用Python编程、软件工程、测试与调试、SQL、大模型基础、提示词设计；岗位、企业和薪资均为演示数据。,模拟岗位/演示数据，不代表真实招聘机会,synthetic,test
JOB-AI-APP-0451,ROLE-AI-APP,AI应用开发工程师（1-3年）,金融科技,成都,hybrid,junior,bachelor_or_equivalent,full_time,18000,29000,参与AI应用开发工程师相关项目，重点使用软件工程、测试与调试、SQL、大模型基础、提示词设计、RAG应用；岗位、企业和薪资均为演示数据。,模拟岗位/演示数据，不代表真实招聘机会,synthetic,test
JOB-AI-APP-0452,ROLE-AI-APP,AI应用开发工程师（1-3年）,医疗信息化,武汉,remote,junior,bachelor_or_equivalent,full_time,17500,28500,参与AI应用开发工程师相关项目，重点使用测试与调试、SQL、大模型基础、提示词设计、RAG应用、向量数据库；岗位、企业和薪资均为演示数据。,模拟岗位/演示数据，不代表真实招聘机会,synthetic,test
JOB-AI-APP-0453,ROLE-AI-APP,AI应用开发工程师（1-3年）,物流科技,西安,onsite,junior,bachelor_or_equivalent,full_time,17000,28000,参与AI应用开发工程师相关项目，重点使用SQL、大模型基础、提示词设计、RAG应用、向量数据库、智能体开发；岗位、企业和薪资均为演示数据。,模拟岗位/演示数据，不代表真实招聘机会,synthetic,test
JOB-AI-APP-0454,ROLE-AI-APP,AI应用开发工程师（1-3年）,内容平台,杭州,hybrid,junior,bachelor_or_equivalent,full_time,21000,32000,参与AI应用开发工程师相关项目，重点使用大模型基础、提示词设计、RAG应用、向量数据库、智能体开发、MCP与工具调用；岗位、企业和薪资均为演示数据。,模拟岗位/演示数据，不代表真实招聘机会,synthetic,test
JOB-AI-APP-0455,ROLE-AI-APP,AI应用开发工程师（1-3年）,企业服务,上海,remote,junior,bachelor_or_equivalent,full_time,22500,33500,参与AI应用开发工程师相关项目，重点使用提示词设计、RAG应用、向量数据库、智能体开发、MCP与工具调用、API设计；岗位、企业和薪资均为演示数据。,模拟岗位/演示数据，不代表真实招聘机会,synthetic,test
JOB-AI-APP-0456,ROLE-AI-APP,AI应用开发工程师（1-3年）,智能制造,北京,onsite,junior,bachelor_or_equivalent,full_time,22500,33500,参与AI应用开发工程师相关项目，重点使用RAG应用、向量数据库、智能体开发、MCP与工具调用、API设计、后端服务开发；岗位、企业和薪资均为演示数据。,模拟岗位/演示数据，不代表真实招聘机会,synthetic,test
JOB-AI-APP-0457,ROLE-AI-APP,AI应用开发工程师（1-3年）,教育科技,深圳,hybrid,junior,bachelor_or_equivalent,full_time,22000,33000,参与AI应用开发工程师相关项目，重点使用向量数据库、智能体开发、MCP与工具调用、API设计、后端服务开发、Docker容器；岗位、企业和薪资均为演示数据。,模拟岗位/演示数据，不代表真实招聘机会,synthetic,test
JOB-AI-APP-0458,ROLE-AI-APP,AI应用开发工程师（1-3年）,零售科技,南京,remote,junior,bachelor_or_equivalent,full_time,19500,30500,参与AI应用开发工程师相关项目，重点使用智能体开发、MCP与工具调用、API设计、后端服务开发、Docker容器、CI/CD；岗位、企业和薪资均为演示数据。,模拟岗位/演示数据，不代表真实招聘机会,synthetic,test
JOB-AI-APP-0459,ROLE-AI-APP,AI应用开发工程师（1-3年）,金融科技,成都,onsite,junior,bachelor_or_equivalent,full_time,18000,29000,参与AI应用开发工程师相关项目，重点使用MCP与工具调用、API设计、后端服务开发、Docker容器、CI/CD、云端部署；岗位、企业和薪资均为演示数据。,模拟岗位/演示数据，不代表真实招聘机会,synthetic,test
JOB-AI-APP-0460,ROLE-AI-APP,AI应用开发工程师（1-3年）,医疗信息化,武汉,hybrid,junior,bachelor_or_equivalent,full_time,17500,28500,参与AI应用开发工程师相关项目，重点使用API设计、后端服务开发、Docker容器、CI/CD、云端部署、监控与可观测性；岗位、企业和薪资均为演示数据。,模拟岗位/演示数据，不代表真实招聘机会,synthetic,test
JOB-AI-APP-0461,ROLE-AI-APP,AI应用开发工程师（1-3年）,物流科技,西安,remote,junior,bachelor_or_equivalent,full_time,17000,28000,参与AI应用开发工程师相关项目，重点使用后端服务开发、Docker容器、CI/CD、云端部署、监控与可观测性、需求分析；岗位、企业和薪资均为演示数据。,模拟岗位/演示数据，不代表真实招聘机会,synthetic,test
JOB-AI-APP-0462,ROLE-AI-APP,AI应用开发工程师（1-3年）,内容平台,杭州,onsite,junior,bachelor_or_equivalent,full_time,21000,32000,参与AI应用开发工程师相关项目，重点使用Docker容器、CI/CD、云端部署、监控与可观测性、需求分析、跨岗位沟通；岗位、企业和薪资均为演示数据。,模拟岗位/演示数据，不代表真实招聘机会,synthetic,test
JOB-AI-APP-0463,ROLE-AI-APP,AI应用开发工程师（1-3年）,企业服务,上海,hybrid,junior,bachelor_or_equivalent,full_time,22500,33500,参与AI应用开发工程师相关项目，重点使用CI/CD、云端部署、监控与可观测性、需求分析、跨岗位沟通、Python编程；岗位、企业和薪资均为演示数据。,模拟岗位/演示数据，不代表真实招聘机会,synthetic,test
JOB-AI-APP-0464,ROLE-AI-APP,AI应用开发工程师（1-3年）,智能制造,北京,remote,junior,bachelor_or_equivalent,full_time,22500,33500,参与AI应用开发工程师相关项目，重点使用云端部署、监控与可观测性、需求分析、跨岗位沟通、Python编程、软件工程；岗位、企业和薪资均为演示数据。,模拟岗位/演示数据，不代表真实招聘机会,synthetic,test
JOB-AI-APP-0465,ROLE-AI-APP,AI应用开发工程师（1-3年）,教育科技,深圳,onsite,junior,bachelor_or_equivalent,full_time,22000,33000,参与AI应用开发工程师相关项目，重点使用监控与可观测性、需求分析、跨岗位沟通、Python编程、软件工程、测试与调试；岗位、企业和薪资均为演示数据。,模拟岗位/演示数据，不代表真实招聘机会,synthetic,test
JOB-AI-APP-0466,ROLE-AI-APP,AI应用开发工程师（1-3年）,零售科技,南京,hybrid,junior,bachelor_or_equivalent,full_time,19500,30500,参与AI应用开发工程师相关项目，重点使用需求分析、跨岗位沟通、Python编程、软件工程、测试与调试、SQL；岗位、企业和薪资均为演示数据。,模拟岗位/演示数据，不代表真实招聘机会,synthetic,test
JOB-AI-APP-0467,ROLE-AI-APP,AI应用开发工程师（1-3年）,金融科技,成都,remote,junior,bachelor_or_equivalent,full_time,18000,29000,参与AI应用开发工程师相关项目，重点使用跨岗位沟通、Python编程、软件工程、测试与调试、SQL、大模型基础；岗位、企业和薪资均为演示数据。,模拟岗位/演示数据，不代表真实招聘机会,synthetic,test
JOB-AI-APP-0468,ROLE-AI-APP,AI应用开发工程师（1-3年）,医疗信息化,武汉,onsite,junior,bachelor_or_equivalent,full_time,17500,28500,参与AI应用开发工程师相关项目，重点使用Python编程、软件工程、测试与调试、SQL、大模型基础、提示词设计；岗位、企业和薪资均为演示数据。,模拟岗位/演示数据，不代表真实招聘机会,synthetic,test
JOB-AI-APP-0469,ROLE-AI-APP,AI应用开发工程师（1-3年）,物流科技,西安,hybrid,junior,bachelor_or_equivalent,full_time,17000,28000,参与AI应用开发工程师相关项目，重点使用软件工程、测试与调试、SQL、大模型基础、提示词设计、RAG应用；岗位、企业和薪资均为演示数据。,模拟岗位/演示数据，不代表真实招聘机会,synthetic,test
JOB-AI-APP-0470,ROLE-AI-APP,AI应用开发工程师（1-3年）,内容平台,杭州,remote,junior,bachelor_or_equivalent,full_time,21000,32000,参与AI应用开发工程师相关项目，重点使用测试与调试、SQL、大模型基础、提示词设计、RAG应用、向量数据库；岗位、企业和薪资均为演示数据。,模拟岗位/演示数据，不代表真实招聘机会,synthetic,test
JOB-AI-APP-0471,ROLE-AI-APP,AI应用开发工程师（1-3年）,企业服务,上海,onsite,junior,bachelor_or_equivalent,full_time,22500,33500,参与AI应用开发工程师相关项目，重点使用SQL、大模型基础、提示词设计、RAG应用、向量数据库、智能体开发；岗位、企业和薪资均为演示数据。,模拟岗位/演示数据，不代表真实招聘机会,synthetic,test
JOB-AI-APP-0472,ROLE-AI-APP,AI应用开发工程师（1-3年）,智能制造,北京,hybrid,junior,bachelor_or_equivalent,full_time,22500,33500,参与AI应用开发工程师相关项目，重点使用大模型基础、提示词设计、RAG应用、向量数据库、智能体开发、MCP与工具调用；岗位、企业和薪资均为演示数据。,模拟岗位/演示数据，不代表真实招聘机会,synthetic,test
JOB-AI-APP-0473,ROLE-AI-APP,AI应用开发工程师（1-3年）,教育科技,深圳,remote,junior,bachelor_or_equivalent,full_time,22000,33000,参与AI应用开发工程师相关项目，重点使用提示词设计、RAG应用、向量数据库、智能体开发、MCP与工具调用、API设计；岗位、企业和薪资均为演示数据。,模拟岗位/演示数据，不代表真实招聘机会,synthetic,test
JOB-AI-APP-0474,ROLE-AI-APP,AI应用开发工程师（1-3年）,零售科技,南京,onsite,junior,bachelor_or_equivalent,full_time,19500,30500,参与AI应用开发工程师相关项目，重点使用RAG应用、向量数据库、智能体开发、MCP与工具调用、API设计、后端服务开发；岗位、企业和薪资均为演示数据。,模拟岗位/演示数据，不代表真实招聘机会,synthetic,test
JOB-AI-APP-0475,ROLE-AI-APP,AI应用开发工程师（1-3年）,金融科技,成都,hybrid,junior,bachelor_or_equivalent,full_time,18000,29000,参与AI应用开发工程师相关项目，重点使用向量数据库、智能体开发、MCP与工具调用、API设计、后端服务开发、Docker容器；岗位、企业和薪资均为演示数据。,模拟岗位/演示数据，不代表真实招聘机会,synthetic,test
JOB-AI-APP-0476,ROLE-AI-APP,AI应用开发工程师（1-3年）,医疗信息化,武汉,remote,junior,bachelor_or_equivalent,full_time,17500,28500,参与AI应用开发工程师相关项目，重点使用智能体开发、MCP与工具调用、API设计、后端服务开发、Docker容器、CI/CD；岗位、企业和薪资均为演示数据。,模拟岗位/演示数据，不代表真实招聘机会,synthetic,test
JOB-AI-APP-0477,ROLE-AI-APP,AI应用开发工程师（1-3年）,物流科技,西安,onsite,junior,bachelor_or_equivalent,full_time,17000,28000,参与AI应用开发工程师相关项目，重点使用MCP与工具调用、API设计、后端服务开发、Docker容器、CI/CD、云端部署；岗位、企业和薪资均为演示数据。,模拟岗位/演示数据，不代表真实招聘机会,synthetic,test
JOB-AI-APP-0478,ROLE-AI-APP,AI应用开发工程师（1-3年）,内容平台,杭州,hybrid,junior,bachelor_or_equivalent,full_time,21000,32000,参与AI应用开发工程师相关项目，重点使用API设计、后端服务开发、Docker容器、CI/CD、云端部署、监控与可观测性；岗位、企业和薪资均为演示数据。,模拟岗位/演示数据，不代表真实招聘机会,synthetic,test
JOB-AI-APP-0479,ROLE-AI-APP,AI应用开发工程师（1-3年）,企业服务,上海,remote,junior,bachelor_or_equivalent,full_time,22500,33500,参与AI应用开发工程师相关项目，重点使用后端服务开发、Docker容器、CI/CD、云端部署、监控与可观测性、需求分析；岗位、企业和薪资均为演示数据。,模拟岗位/演示数据，不代表真实招聘机会,synthetic,test
JOB-AI-APP-0480,ROLE-AI-APP,AI应用开发工程师（1-3年）,智能制造,北京,onsite,junior,bachelor_or_equivalent,full_time,22500,33500,参与AI应用开发工程师相关项目，重点使用Docker容器、CI/CD、云端部署、监控与可观测性、需求分析、跨岗位沟通；岗位、企业和薪资均为演示数据。,模拟岗位/演示数据，不代表真实招聘机会,synthetic,test
JOB-AI-APP-0481,ROLE-AI-APP,AI应用开发工程师（1-3年）,教育科技,深圳,hybrid,junior,bachelor_or_equivalent,full_time,22000,33000,参与AI应用开发工程师相关项目，重点使用CI/CD、云端部署、监控与可观测性、需求分析、跨岗位沟通、Python编程；岗位、企业和薪资均为演示数据。,模拟岗位/演示数据，不代表真实招聘机会,synthetic,test
JOB-AI-APP-0482,ROLE-AI-APP,AI应用开发工程师（1-3年）,零售科技,南京,remote,junior,bachelor_or_equivalent,full_time,19500,30500,参与AI应用开发工程师相关项目，重点使用云端部署、监控与可观测性、需求分析、跨岗位沟通、Python编程、软件工程；岗位、企业和薪资均为演示数据。,模拟岗位/演示数据，不代表真实招聘机会,synthetic,test
JOB-AI-APP-0483,ROLE-AI-APP,AI应用开发工程师（1-3年）,金融科技,成都,onsite,junior,bachelor_or_equivalent,full_time,18000,29000,参与AI应用开发工程师相关项目，重点使用监控与可观测性、需求分析、跨岗位沟通、Python编程、软件工程、测试与调试；岗位、企业和薪资均为演示数据。,模拟岗位/演示数据，不代表真实招聘机会,synthetic,test
JOB-AI-APP-0484,ROLE-AI-APP,AI应用开发工程师（1-3年）,医疗信息化,武汉,hybrid,junior,bachelor_or_equivalent,full_time,17500,28500,参与AI应用开发工程师相关项目，重点使用需求分析、跨岗位沟通、Python编程、软件工程、测试与调试、SQL；岗位、企业和薪资均为演示数据。,模拟岗位/演示数据，不代表真实招聘机会,synthetic,test
JOB-AI-APP-0485,ROLE-AI-APP,AI应用开发工程师（1-3年）,物流科技,西安,remote,junior,bachelor_or_equivalent,full_time,17000,28000,参与AI应用开发工程师相关项目，重点使用跨岗位沟通、Python编程、软件工程、测试与调试、SQL、大模型基础；岗位、企业和薪资均为演示数据。,模拟岗位/演示数据，不代表真实招聘机会,synthetic,test
JOB-AI-APP-0486,ROLE-AI-APP,AI应用开发工程师（1-3年）,内容平台,杭州,onsite,junior,bachelor_or_equivalent,full_time,21000,32000,参与AI应用开发工程师相关项目，重点使用Python编程、软件工程、测试与调试、SQL、大模型基础、提示词设计；岗位、企业和薪资均为演示数据。,模拟岗位/演示数据，不代表真实招聘机会,synthetic,test
JOB-AI-APP-0487,ROLE-AI-APP,AI应用开发工程师（1-3年）,企业服务,上海,hybrid,junior,bachelor_or_equivalent,full_time,22500,33500,参与AI应用开发工程师相关项目，重点使用软件工程、测试与调试、SQL、大模型基础、提示词设计、RAG应用；岗位、企业和薪资均为演示数据。,模拟岗位/演示数据，不代表真实招聘机会,synthetic,test
JOB-AI-APP-0488,ROLE-AI-APP,AI应用开发工程师（1-3年）,智能制造,北京,remote,junior,bachelor_or_equivalent,full_time,22500,33500,参与AI应用开发工程师相关项目，重点使用测试与调试、SQL、大模型基础、提示词设计、RAG应用、向量数据库；岗位、企业和薪资均为演示数据。,模拟岗位/演示数据，不代表真实招聘机会,synthetic,test
JOB-AI-APP-0489,ROLE-AI-APP,AI应用开发工程师（1-3年）,教育科技,深圳,onsite,junior,bachelor_or_equivalent,full_time,22000,33000,参与AI应用开发工程师相关项目，重点使用SQL、大模型基础、提示词设计、RAG应用、向量数据库、智能体开发；岗位、企业和薪资均为演示数据。,模拟岗位/演示数据，不代表真实招聘机会,synthetic,test
JOB-AI-APP-0490,ROLE-AI-APP,AI应用开发工程师（1-3年）,零售科技,南京,hybrid,junior,bachelor_or_equivalent,full_time,19500,30500,参与AI应用开发工程师相关项目，重点使用大模型基础、提示词设计、RAG应用、向量数据库、智能体开发、MCP与工具调用；岗位、企业和薪资均为演示数据。,模拟岗位/演示数据，不代表真实招聘机会,synthetic,test
JOB-AI-APP-0491,ROLE-AI-APP,AI应用开发工程师（1-3年）,金融科技,成都,remote,junior,bachelor_or_equivalent,full_time,18000,29000,参与AI应用开发工程师相关项目，重点使用提示词设计、RAG应用、向量数据库、智能体开发、MCP与工具调用、API设计；岗位、企业和薪资均为演示数据。,模拟岗位/演示数据，不代表真实招聘机会,synthetic,test
JOB-AI-APP-0492,ROLE-AI-APP,AI应用开发工程师（1-3年）,医疗信息化,武汉,onsite,junior,bachelor_or_equivalent,full_time,17500,28500,参与AI应用开发工程师相关项目，重点使用RAG应用、向量数据库、智能体开发、MCP与工具调用、API设计、后端服务开发；岗位、企业和薪资均为演示数据。,模拟岗位/演示数据，不代表真实招聘机会,synthetic,test
JOB-AI-APP-0493,ROLE-AI-APP,AI应用开发工程师（1-3年）,物流科技,西安,hybrid,junior,bachelor_or_equivalent,full_time,17000,28000,参与AI应用开发工程师相关项目，重点使用向量数据库、智能体开发、MCP与工具调用、API设计、后端服务开发、Docker容器；岗位、企业和薪资均为演示数据。,模拟岗位/演示数据，不代表真实招聘机会,synthetic,test
JOB-AI-APP-0494,ROLE-AI-APP,AI应用开发工程师（1-3年）,内容平台,杭州,remote,junior,bachelor_or_equivalent,full_time,21000,32000,参与AI应用开发工程师相关项目，重点使用智能体开发、MCP与工具调用、API设计、后端服务开发、Docker容器、CI/CD；岗位、企业和薪资均为演示数据。,模拟岗位/演示数据，不代表真实招聘机会,synthetic,test
JOB-AI-APP-0495,ROLE-AI-APP,AI应用开发工程师（1-3年）,企业服务,上海,onsite,junior,bachelor_or_equivalent,full_time,22500,33500,参与AI应用开发工程师相关项目，重点使用MCP与工具调用、API设计、后端服务开发、Docker容器、CI/CD、云端部署；岗位、企业和薪资均为演示数据。,模拟岗位/演示数据，不代表真实招聘机会,synthetic,test
JOB-AI-APP-0496,ROLE-AI-APP,AI应用开发工程师（1-3年）,智能制造,北京,hybrid,junior,bachelor_or_equivalent,full_time,22500,33500,参与AI应用开发工程师相关项目，重点使用API设计、后端服务开发、Docker容器、CI/CD、云端部署、监控与可观测性；岗位、企业和薪资均为演示数据。,模拟岗位/演示数据，不代表真实招聘机会,synthetic,test
JOB-AI-APP-0497,ROLE-AI-APP,AI应用开发工程师（1-3年）,教育科技,深圳,remote,junior,bachelor_or_equivalent,full_time,22000,33000,参与AI应用开发工程师相关项目，重点使用后端服务开发、Docker容器、CI/CD、云端部署、监控与可观测性、需求分析；岗位、企业和薪资均为演示数据。,模拟岗位/演示数据，不代表真实招聘机会,synthetic,test
JOB-AI-APP-0498,ROLE-AI-APP,AI应用开发工程师（1-3年）,零售科技,南京,onsite,junior,bachelor_or_equivalent,full_time,19500,30500,参与AI应用开发工程师相关项目，重点使用Docker容器、CI/CD、云端部署、监控与可观测性、需求分析、跨岗位沟通；岗位、企业和薪资均为演示数据。,模拟岗位/演示数据，不代表真实招聘机会,synthetic,test
JOB-AI-APP-0499,ROLE-AI-APP,AI应用开发工程师（1-3年）,金融科技,成都,hybrid,junior,bachelor_or_equivalent,full_time,18000,29000,参与AI应用开发工程师相关项目，重点使用CI/CD、云端部署、监控与可观测性、需求分析、跨岗位沟通、Python编程；岗位、企业和薪资均为演示数据。,模拟岗位/演示数据，不代表真实招聘机会,synthetic,test
JOB-AI-APP-0500,ROLE-AI-APP,AI应用开发工程师（1-3年）,医疗信息化,武汉,remote,junior,bachelor_or_equivalent,full_time,17500,28500,参与AI应用开发工程师相关项目，重点使用云端部署、监控与可观测性、需求分析、跨岗位沟通、Python编程、软件工程；岗位、企业和薪资均为演示数据。,模拟岗位/演示数据，不代表真实招聘机会,synthetic,test
JOB-DATA-0001,ROLE-DATA,数据分析师（实习/校招）,零售科技,成都,hybrid,campus,bachelor_or_equivalent,full_time,8000,12000,参与数据分析师相关项目，重点使用SQL、数据清洗、统计学基础、探索性数据分析、数据可视化、Excel与BI工具；岗位、企业和薪资均为演示数据。,模拟岗位/演示数据，不代表真实招聘机会,synthetic,dev
JOB-DATA-0002,ROLE-DATA,数据分析师（实习/校招）,金融科技,武汉,remote,campus,bachelor_or_equivalent,internship,8000,12000,参与数据分析师相关项目，重点使用数据清洗、统计学基础、探索性数据分析、数据可视化、Excel与BI工具、数据建模；岗位、企业和薪资均为演示数据。,模拟岗位/演示数据，不代表真实招聘机会,synthetic,dev
JOB-DATA-0003,ROLE-DATA,数据分析师（实习/校招）,医疗信息化,西安,onsite,campus,bachelor_or_equivalent,full_time,7500,11500,参与数据分析师相关项目，重点使用统计学基础、探索性数据分析、数据可视化、Excel与BI工具、数据建模、实验与A/B测试；岗位、企业和薪资均为演示数据。,模拟岗位/演示数据，不代表真实招聘机会,synthetic,dev
JOB-DATA-0004,ROLE-DATA,数据分析师（实习/校招）,物流科技,杭州,hybrid,campus,bachelor_or_equivalent,internship,9500,13500,参与数据分析师相关项目，重点使用探索性数据分析、数据可视化、Excel与BI工具、数据建模、实验与A/B测试、数据工程管道；岗位、企业和薪资均为演示数据。,模拟岗位/演示数据，不代表真实招聘机会,synthetic,dev
JOB-DATA-0005,ROLE-DATA,数据分析师（实习/校招）,内容平台,上海,remote,campus,bachelor_or_equivalent,full_time,10000,14000,参与数据分析师相关项目，重点使用数据可视化、Excel与BI工具、数据建模、实验与A/B测试、数据工程管道、问题拆解；岗位、企业和薪资均为演示数据。,模拟岗位/演示数据，不代表真实招聘机会,synthetic,dev
JOB-DATA-0006,ROLE-DATA,数据分析师（实习/校招）,企业服务,北京,onsite,campus,bachelor_or_equivalent,internship,10500,14500,参与数据分析师相关项目，重点使用Excel与BI工具、数据建模、实验与A/B测试、数据工程管道、问题拆解、需求分析；岗位、企业和薪资均为演示数据。,模拟岗位/演示数据，不代表真实招聘机会,synthetic,dev
JOB-DATA-0007,ROLE-DATA,数据分析师（实习/校招）,智能制造,深圳,hybrid,campus,bachelor_or_equivalent,full_time,10000,14000,参与数据分析师相关项目，重点使用数据建模、实验与A/B测试、数据工程管道、问题拆解、需求分析、用户研究；岗位、企业和薪资均为演示数据。,模拟岗位/演示数据，不代表真实招聘机会,synthetic,dev
JOB-DATA-0008,ROLE-DATA,数据分析师（实习/校招）,教育科技,南京,remote,campus,bachelor_or_equivalent,internship,8500,12500,参与数据分析师相关项目，重点使用实验与A/B测试、数据工程管道、问题拆解、需求分析、用户研究、指标设计；岗位、企业和薪资均为演示数据。,模拟岗位/演示数据，不代表真实招聘机会,synthetic,dev
JOB-DATA-0009,ROLE-DATA,数据分析师（实习/校招）,零售科技,成都,onsite,campus,bachelor_or_equivalent,full_time,8000,12000,参与数据分析师相关项目，重点使用数据工程管道、问题拆解、需求分析、用户研究、指标设计、业务理解；岗位、企业和薪资均为演示数据。,模拟岗位/演示数据，不代表真实招聘机会,synthetic,dev
JOB-DATA-0010,ROLE-DATA,数据分析师（实习/校招）,金融科技,武汉,hybrid,campus,bachelor_or_equivalent,internship,8000,12000,参与数据分析师相关项目，重点使用问题拆解、需求分析、用户研究、指标设计、业务理解、书面沟通；岗位、企业和薪资均为演示数据。,模拟岗位/演示数据，不代表真实招聘机会,synthetic,dev
JOB-DATA-0011,ROLE-DATA,数据分析师（实习/校招）,医疗信息化,西安,remote,campus,bachelor_or_equivalent,full_time,7500,11500,参与数据分析师相关项目，重点使用需求分析、用户研究、指标设计、业务理解、书面沟通、表达与汇报；岗位、企业和薪资均为演示数据。,模拟岗位/演示数据，不代表真实招聘机会,synthetic,dev
JOB-DATA-0012,ROLE-DATA,数据分析师（实习/校招）,物流科技,杭州,onsite,campus,bachelor_or_equivalent,internship,9500,13500,参与数据分析师相关项目，重点使用用户研究、指标设计、业务理解、书面沟通、表达与汇报、职业伦理与隐私；岗位、企业和薪资均为演示数据。,模拟岗位/演示数据，不代表真实招聘机会,synthetic,dev
JOB-DATA-0013,ROLE-DATA,数据分析师（实习/校招）,内容平台,上海,hybrid,campus,bachelor_or_equivalent,full_time,10000,14000,参与数据分析师相关项目，重点使用指标设计、业务理解、书面沟通、表达与汇报、职业伦理与隐私、Python编程；岗位、企业和薪资均为演示数据。,模拟岗位/演示数据，不代表真实招聘机会,synthetic,dev
JOB-DATA-0014,ROLE-DATA,数据分析师（实习/校招）,企业服务,北京,remote,campus,bachelor_or_equivalent,internship,10500,14500,参与数据分析师相关项目，重点使用业务理解、书面沟通、表达与汇报、职业伦理与隐私、Python编程、SQL；岗位、企业和薪资均为演示数据。,模拟岗位/演示数据，不代表真实招聘机会,synthetic,dev
JOB-DATA-0015,ROLE-DATA,数据分析师（实习/校招）,智能制造,深圳,onsite,campus,bachelor_or_equivalent,full_time,10000,14000,参与数据分析师相关项目，重点使用书面沟通、表达与汇报、职业伦理与隐私、Python编程、SQL、数据清洗；岗位、企业和薪资均为演示数据。,模拟岗位/演示数据，不代表真实招聘机会,synthetic,dev
JOB-DATA-0016,ROLE-DATA,数据分析师（实习/校招）,教育科技,南京,hybrid,campus,bachelor_or_equivalent,internship,8500,12500,参与数据分析师相关项目，重点使用表达与汇报、职业伦理与隐私、Python编程、SQL、数据清洗、统计学基础；岗位、企业和薪资均为演示数据。,模拟岗位/演示数据，不代表真实招聘机会,synthetic,dev
JOB-DATA-0017,ROLE-DATA,数据分析师（实习/校招）,零售科技,成都,remote,campus,bachelor_or_equivalent,full_time,8000,12000,参与数据分析师相关项目，重点使用职业伦理与隐私、Python编程、SQL、数据清洗、统计学基础、探索性数据分析；岗位、企业和薪资均为演示数据。,模拟岗位/演示数据，不代表真实招聘机会,synthetic,dev
JOB-DATA-0018,ROLE-DATA,数据分析师（实习/校招）,金融科技,武汉,onsite,campus,bachelor_or_equivalent,internship,8000,12000,参与数据分析师相关项目，重点使用Python编程、SQL、数据清洗、统计学基础、探索性数据分析、数据可视化；岗位、企业和薪资均为演示数据。,模拟岗位/演示数据，不代表真实招聘机会,synthetic,dev
JOB-DATA-0019,ROLE-DATA,数据分析师（实习/校招）,医疗信息化,西安,hybrid,campus,bachelor_or_equivalent,full_time,7500,11500,参与数据分析师相关项目，重点使用SQL、数据清洗、统计学基础、探索性数据分析、数据可视化、Excel与BI工具；岗位、企业和薪资均为演示数据。,模拟岗位/演示数据，不代表真实招聘机会,synthetic,dev
JOB-DATA-0020,ROLE-DATA,数据分析师（实习/校招）,物流科技,杭州,remote,campus,bachelor_or_equivalent,internship,9500,13500,参与数据分析师相关项目，重点使用数据清洗、统计学基础、探索性数据分析、数据可视化、Excel与BI工具、数据建模；岗位、企业和薪资均为演示数据。,模拟岗位/演示数据，不代表真实招聘机会,synthetic,dev
JOB-DATA-0021,ROLE-DATA,数据分析师（实习/校招）,内容平台,上海,onsite,campus,bachelor_or_equivalent,full_time,10000,14000,参与数据分析师相关项目，重点使用统计学基础、探索性数据分析、数据可视化、Excel与BI工具、数据建模、实验与A/B测试；岗位、企业和薪资均为演示数据。,模拟岗位/演示数据，不代表真实招聘机会,synthetic,dev
JOB-DATA-0022,ROLE-DATA,数据分析师（实习/校招）,企业服务,北京,hybrid,campus,bachelor_or_equivalent,internship,10500,14500,参与数据分析师相关项目，重点使用探索性数据分析、数据可视化、Excel与BI工具、数据建模、实验与A/B测试、数据工程管道；岗位、企业和薪资均为演示数据。,模拟岗位/演示数据，不代表真实招聘机会,synthetic,dev
JOB-DATA-0023,ROLE-DATA,数据分析师（实习/校招）,智能制造,深圳,remote,campus,bachelor_or_equivalent,full_time,10000,14000,参与数据分析师相关项目，重点使用数据可视化、Excel与BI工具、数据建模、实验与A/B测试、数据工程管道、问题拆解；岗位、企业和薪资均为演示数据。,模拟岗位/演示数据，不代表真实招聘机会,synthetic,dev
JOB-DATA-0024,ROLE-DATA,数据分析师（实习/校招）,教育科技,南京,onsite,campus,bachelor_or_equivalent,internship,8500,12500,参与数据分析师相关项目，重点使用Excel与BI工具、数据建模、实验与A/B测试、数据工程管道、问题拆解、需求分析；岗位、企业和薪资均为演示数据。,模拟岗位/演示数据，不代表真实招聘机会,synthetic,dev
JOB-DATA-0025,ROLE-DATA,数据分析师（实习/校招）,零售科技,成都,hybrid,campus,bachelor_or_equivalent,full_time,8000,12000,参与数据分析师相关项目，重点使用数据建模、实验与A/B测试、数据工程管道、问题拆解、需求分析、用户研究；岗位、企业和薪资均为演示数据。,模拟岗位/演示数据，不代表真实招聘机会,synthetic,dev
JOB-DATA-0026,ROLE-DATA,数据分析师（实习/校招）,金融科技,武汉,remote,campus,bachelor_or_equivalent,internship,8000,12000,参与数据分析师相关项目，重点使用实验与A/B测试、数据工程管道、问题拆解、需求分析、用户研究、指标设计；岗位、企业和薪资均为演示数据。,模拟岗位/演示数据，不代表真实招聘机会,synthetic,dev
JOB-DATA-0027,ROLE-DATA,数据分析师（实习/校招）,医疗信息化,西安,onsite,campus,bachelor_or_equivalent,full_time,7500,11500,参与数据分析师相关项目，重点使用数据工程管道、问题拆解、需求分析、用户研究、指标设计、业务理解；岗位、企业和薪资均为演示数据。,模拟岗位/演示数据，不代表真实招聘机会,synthetic,dev
JOB-DATA-0028,ROLE-DATA,数据分析师（实习/校招）,物流科技,杭州,hybrid,campus,bachelor_or_equivalent,internship,9500,13500,参与数据分析师相关项目，重点使用问题拆解、需求分析、用户研究、指标设计、业务理解、书面沟通；岗位、企业和薪资均为演示数据。,模拟岗位/演示数据，不代表真实招聘机会,synthetic,dev
JOB-DATA-0029,ROLE-DATA,数据分析师（实习/校招）,内容平台,上海,remote,campus,bachelor_or_equivalent,full_time,10000,14000,参与数据分析师相关项目，重点使用需求分析、用户研究、指标设计、业务理解、书面沟通、表达与汇报；岗位、企业和薪资均为演示数据。,模拟岗位/演示数据，不代表真实招聘机会,synthetic,dev
JOB-DATA-0030,ROLE-DATA,数据分析师（实习/校招）,企业服务,北京,onsite,campus,bachelor_or_equivalent,internship,10500,14500,参与数据分析师相关项目，重点使用用户研究、指标设计、业务理解、书面沟通、表达与汇报、职业伦理与隐私；岗位、企业和薪资均为演示数据。,模拟岗位/演示数据，不代表真实招聘机会,synthetic,dev
JOB-DATA-0031,ROLE-DATA,数据分析师（实习/校招）,智能制造,深圳,hybrid,campus,bachelor_or_equivalent,full_time,10000,14000,参与数据分析师相关项目，重点使用指标设计、业务理解、书面沟通、表达与汇报、职业伦理与隐私、Python编程；岗位、企业和薪资均为演示数据。,模拟岗位/演示数据，不代表真实招聘机会,synthetic,dev
JOB-DATA-0032,ROLE-DATA,数据分析师（实习/校招）,教育科技,南京,remote,campus,bachelor_or_equivalent,internship,8500,12500,参与数据分析师相关项目，重点使用业务理解、书面沟通、表达与汇报、职业伦理与隐私、Python编程、SQL；岗位、企业和薪资均为演示数据。,模拟岗位/演示数据，不代表真实招聘机会,synthetic,dev
JOB-DATA-0033,ROLE-DATA,数据分析师（实习/校招）,零售科技,成都,onsite,campus,bachelor_or_equivalent,full_time,8000,12000,参与数据分析师相关项目，重点使用书面沟通、表达与汇报、职业伦理与隐私、Python编程、SQL、数据清洗；岗位、企业和薪资均为演示数据。,模拟岗位/演示数据，不代表真实招聘机会,synthetic,dev
JOB-DATA-0034,ROLE-DATA,数据分析师（实习/校招）,金融科技,武汉,hybrid,campus,bachelor_or_equivalent,internship,8000,12000,参与数据分析师相关项目，重点使用表达与汇报、职业伦理与隐私、Python编程、SQL、数据清洗、统计学基础；岗位、企业和薪资均为演示数据。,模拟岗位/演示数据，不代表真实招聘机会,synthetic,dev
JOB-DATA-0035,ROLE-DATA,数据分析师（实习/校招）,医疗信息化,西安,remote,campus,bachelor_or_equivalent,full_time,7500,11500,参与数据分析师相关项目，重点使用职业伦理与隐私、Python编程、SQL、数据清洗、统计学基础、探索性数据分析；岗位、企业和薪资均为演示数据。,模拟岗位/演示数据，不代表真实招聘机会,synthetic,dev
JOB-DATA-0036,ROLE-DATA,数据分析师（实习/校招）,物流科技,杭州,onsite,campus,bachelor_or_equivalent,internship,9500,13500,参与数据分析师相关项目，重点使用Python编程、SQL、数据清洗、统计学基础、探索性数据分析、数据可视化；岗位、企业和薪资均为演示数据。,模拟岗位/演示数据，不代表真实招聘机会,synthetic,dev
JOB-DATA-0037,ROLE-DATA,数据分析师（实习/校招）,内容平台,上海,hybrid,campus,bachelor_or_equivalent,full_time,10000,14000,参与数据分析师相关项目，重点使用SQL、数据清洗、统计学基础、探索性数据分析、数据可视化、Excel与BI工具；岗位、企业和薪资均为演示数据。,模拟岗位/演示数据，不代表真实招聘机会,synthetic,dev
JOB-DATA-0038,ROLE-DATA,数据分析师（实习/校招）,企业服务,北京,remote,campus,bachelor_or_equivalent,internship,10500,14500,参与数据分析师相关项目，重点使用数据清洗、统计学基础、探索性数据分析、数据可视化、Excel与BI工具、数据建模；岗位、企业和薪资均为演示数据。,模拟岗位/演示数据，不代表真实招聘机会,synthetic,dev
JOB-DATA-0039,ROLE-DATA,数据分析师（实习/校招）,智能制造,深圳,onsite,campus,bachelor_or_equivalent,full_time,10000,14000,参与数据分析师相关项目，重点使用统计学基础、探索性数据分析、数据可视化、Excel与BI工具、数据建模、实验与A/B测试；岗位、企业和薪资均为演示数据。,模拟岗位/演示数据，不代表真实招聘机会,synthetic,dev
JOB-DATA-0040,ROLE-DATA,数据分析师（实习/校招）,教育科技,南京,hybrid,campus,bachelor_or_equivalent,internship,8500,12500,参与数据分析师相关项目，重点使用探索性数据分析、数据可视化、Excel与BI工具、数据建模、实验与A/B测试、数据工程管道；岗位、企业和薪资均为演示数据。,模拟岗位/演示数据，不代表真实招聘机会,synthetic,dev
JOB-DATA-0041,ROLE-DATA,数据分析师（实习/校招）,零售科技,成都,remote,campus,bachelor_or_equivalent,full_time,8000,12000,参与数据分析师相关项目，重点使用数据可视化、Excel与BI工具、数据建模、实验与A/B测试、数据工程管道、问题拆解；岗位、企业和薪资均为演示数据。,模拟岗位/演示数据，不代表真实招聘机会,synthetic,dev
JOB-DATA-0042,ROLE-DATA,数据分析师（实习/校招）,金融科技,武汉,onsite,campus,bachelor_or_equivalent,internship,8000,12000,参与数据分析师相关项目，重点使用Excel与BI工具、数据建模、实验与A/B测试、数据工程管道、问题拆解、需求分析；岗位、企业和薪资均为演示数据。,模拟岗位/演示数据，不代表真实招聘机会,synthetic,dev
JOB-DATA-0043,ROLE-DATA,数据分析师（实习/校招）,医疗信息化,西安,hybrid,campus,bachelor_or_equivalent,full_time,7500,11500,参与数据分析师相关项目，重点使用数据建模、实验与A/B测试、数据工程管道、问题拆解、需求分析、用户研究；岗位、企业和薪资均为演示数据。,模拟岗位/演示数据，不代表真实招聘机会,synthetic,dev
JOB-DATA-0044,ROLE-DATA,数据分析师（实习/校招）,物流科技,杭州,remote,campus,bachelor_or_equivalent,internship,9500,13500,参与数据分析师相关项目，重点使用实验与A/B测试、数据工程管道、问题拆解、需求分析、用户研究、指标设计；岗位、企业和薪资均为演示数据。,模拟岗位/演示数据，不代表真实招聘机会,synthetic,dev
JOB-DATA-0045,ROLE-DATA,数据分析师（实习/校招）,内容平台,上海,onsite,campus,bachelor_or_equivalent,full_time,10000,14000,参与数据分析师相关项目，重点使用数据工程管道、问题拆解、需求分析、用户研究、指标设计、业务理解；岗位、企业和薪资均为演示数据。,模拟岗位/演示数据，不代表真实招聘机会,synthetic,dev
JOB-DATA-0046,ROLE-DATA,数据分析师（实习/校招）,企业服务,北京,hybrid,campus,bachelor_or_equivalent,internship,10500,14500,参与数据分析师相关项目，重点使用问题拆解、需求分析、用户研究、指标设计、业务理解、书面沟通；岗位、企业和薪资均为演示数据。,模拟岗位/演示数据，不代表真实招聘机会,synthetic,dev
JOB-DATA-0047,ROLE-DATA,数据分析师（实习/校招）,智能制造,深圳,remote,campus,bachelor_or_equivalent,full_time,10000,14000,参与数据分析师相关项目，重点使用需求分析、用户研究、指标设计、业务理解、书面沟通、表达与汇报；岗位、企业和薪资均为演示数据。,模拟岗位/演示数据，不代表真实招聘机会,synthetic,dev
JOB-DATA-0048,ROLE-DATA,数据分析师（实习/校招）,教育科技,南京,onsite,campus,bachelor_or_equivalent,internship,8500,12500,参与数据分析师相关项目，重点使用用户研究、指标设计、业务理解、书面沟通、表达与汇报、职业伦理与隐私；岗位、企业和薪资均为演示数据。,模拟岗位/演示数据，不代表真实招聘机会,synthetic,dev
JOB-DATA-0049,ROLE-DATA,数据分析师（实习/校招）,零售科技,成都,hybrid,campus,bachelor_or_equivalent,full_time,8000,12000,参与数据分析师相关项目，重点使用指标设计、业务理解、书面沟通、表达与汇报、职业伦理与隐私、Python编程；岗位、企业和薪资均为演示数据。,模拟岗位/演示数据，不代表真实招聘机会,synthetic,dev
JOB-DATA-0050,ROLE-DATA,数据分析师（实习/校招）,金融科技,武汉,remote,campus,bachelor_or_equivalent,internship,8000,12000,参与数据分析师相关项目，重点使用业务理解、书面沟通、表达与汇报、职业伦理与隐私、Python编程、SQL；岗位、企业和薪资均为演示数据。,模拟岗位/演示数据，不代表真实招聘机会,synthetic,dev
JOB-DATA-0051,ROLE-DATA,数据分析师（实习/校招）,医疗信息化,西安,onsite,campus,bachelor_or_equivalent,full_time,7500,11500,参与数据分析师相关项目，重点使用书面沟通、表达与汇报、职业伦理与隐私、Python编程、SQL、数据清洗；岗位、企业和薪资均为演示数据。,模拟岗位/演示数据，不代表真实招聘机会,synthetic,dev
JOB-DATA-0052,ROLE-DATA,数据分析师（实习/校招）,物流科技,杭州,hybrid,campus,bachelor_or_equivalent,internship,9500,13500,参与数据分析师相关项目，重点使用表达与汇报、职业伦理与隐私、Python编程、SQL、数据清洗、统计学基础；岗位、企业和薪资均为演示数据。,模拟岗位/演示数据，不代表真实招聘机会,synthetic,dev
JOB-DATA-0053,ROLE-DATA,数据分析师（实习/校招）,内容平台,上海,remote,campus,bachelor_or_equivalent,full_time,10000,14000,参与数据分析师相关项目，重点使用职业伦理与隐私、Python编程、SQL、数据清洗、统计学基础、探索性数据分析；岗位、企业和薪资均为演示数据。,模拟岗位/演示数据，不代表真实招聘机会,synthetic,dev
JOB-DATA-0054,ROLE-DATA,数据分析师（实习/校招）,企业服务,北京,onsite,campus,bachelor_or_equivalent,internship,10500,14500,参与数据分析师相关项目，重点使用Python编程、SQL、数据清洗、统计学基础、探索性数据分析、数据可视化；岗位、企业和薪资均为演示数据。,模拟岗位/演示数据，不代表真实招聘机会,synthetic,dev
JOB-DATA-0055,ROLE-DATA,数据分析师（实习/校招）,智能制造,深圳,hybrid,campus,bachelor_or_equivalent,full_time,10000,14000,参与数据分析师相关项目，重点使用SQL、数据清洗、统计学基础、探索性数据分析、数据可视化、Excel与BI工具；岗位、企业和薪资均为演示数据。,模拟岗位/演示数据，不代表真实招聘机会,synthetic,dev
JOB-DATA-0056,ROLE-DATA,数据分析师（实习/校招）,教育科技,南京,remote,campus,bachelor_or_equivalent,internship,8500,12500,参与数据分析师相关项目，重点使用数据清洗、统计学基础、探索性数据分析、数据可视化、Excel与BI工具、数据建模；岗位、企业和薪资均为演示数据。,模拟岗位/演示数据，不代表真实招聘机会,synthetic,dev
JOB-DATA-0057,ROLE-DATA,数据分析师（实习/校招）,零售科技,成都,onsite,campus,bachelor_or_equivalent,full_time,8000,12000,参与数据分析师相关项目，重点使用统计学基础、探索性数据分析、数据可视化、Excel与BI工具、数据建模、实验与A/B测试；岗位、企业和薪资均为演示数据。,模拟岗位/演示数据，不代表真实招聘机会,synthetic,dev
JOB-DATA-0058,ROLE-DATA,数据分析师（实习/校招）,金融科技,武汉,hybrid,campus,bachelor_or_equivalent,internship,8000,12000,参与数据分析师相关项目，重点使用探索性数据分析、数据可视化、Excel与BI工具、数据建模、实验与A/B测试、数据工程管道；岗位、企业和薪资均为演示数据。,模拟岗位/演示数据，不代表真实招聘机会,synthetic,dev
JOB-DATA-0059,ROLE-DATA,数据分析师（实习/校招）,医疗信息化,西安,remote,campus,bachelor_or_equivalent,full_time,7500,11500,参与数据分析师相关项目，重点使用数据可视化、Excel与BI工具、数据建模、实验与A/B测试、数据工程管道、问题拆解；岗位、企业和薪资均为演示数据。,模拟岗位/演示数据，不代表真实招聘机会,synthetic,dev
JOB-DATA-0060,ROLE-DATA,数据分析师（实习/校招）,物流科技,杭州,onsite,campus,bachelor_or_equivalent,internship,9500,13500,参与数据分析师相关项目，重点使用Excel与BI工具、数据建模、实验与A/B测试、数据工程管道、问题拆解、需求分析；岗位、企业和薪资均为演示数据。,模拟岗位/演示数据，不代表真实招聘机会,synthetic,dev
JOB-DATA-0061,ROLE-DATA,数据分析师（实习/校招）,内容平台,上海,hybrid,campus,bachelor_or_equivalent,full_time,10000,14000,参与数据分析师相关项目，重点使用数据建模、实验与A/B测试、数据工程管道、问题拆解、需求分析、用户研究；岗位、企业和薪资均为演示数据。,模拟岗位/演示数据，不代表真实招聘机会,synthetic,dev
JOB-DATA-0062,ROLE-DATA,数据分析师（实习/校招）,企业服务,北京,remote,campus,bachelor_or_equivalent,internship,10500,14500,参与数据分析师相关项目，重点使用实验与A/B测试、数据工程管道、问题拆解、需求分析、用户研究、指标设计；岗位、企业和薪资均为演示数据。,模拟岗位/演示数据，不代表真实招聘机会,synthetic,dev
JOB-DATA-0063,ROLE-DATA,数据分析师（实习/校招）,智能制造,深圳,onsite,campus,bachelor_or_equivalent,full_time,10000,14000,参与数据分析师相关项目，重点使用数据工程管道、问题拆解、需求分析、用户研究、指标设计、业务理解；岗位、企业和薪资均为演示数据。,模拟岗位/演示数据，不代表真实招聘机会,synthetic,dev
JOB-DATA-0064,ROLE-DATA,数据分析师（实习/校招）,教育科技,南京,hybrid,campus,bachelor_or_equivalent,internship,8500,12500,参与数据分析师相关项目，重点使用问题拆解、需求分析、用户研究、指标设计、业务理解、书面沟通；岗位、企业和薪资均为演示数据。,模拟岗位/演示数据，不代表真实招聘机会,synthetic,dev
JOB-DATA-0065,ROLE-DATA,数据分析师（实习/校招）,零售科技,成都,remote,campus,bachelor_or_equivalent,full_time,8000,12000,参与数据分析师相关项目，重点使用需求分析、用户研究、指标设计、业务理解、书面沟通、表达与汇报；岗位、企业和薪资均为演示数据。,模拟岗位/演示数据，不代表真实招聘机会,synthetic,dev
JOB-DATA-0066,ROLE-DATA,数据分析师（实习/校招）,金融科技,武汉,onsite,campus,bachelor_or_equivalent,internship,8000,12000,参与数据分析师相关项目，重点使用用户研究、指标设计、业务理解、书面沟通、表达与汇报、职业伦理与隐私；岗位、企业和薪资均为演示数据。,模拟岗位/演示数据，不代表真实招聘机会,synthetic,dev
JOB-DATA-0067,ROLE-DATA,数据分析师（实习/校招）,医疗信息化,西安,hybrid,campus,bachelor_or_equivalent,full_time,7500,11500,参与数据分析师相关项目，重点使用指标设计、业务理解、书面沟通、表达与汇报、职业伦理与隐私、Python编程；岗位、企业和薪资均为演示数据。,模拟岗位/演示数据，不代表真实招聘机会,synthetic,dev
JOB-DATA-0068,ROLE-DATA,数据分析师（实习/校招）,物流科技,杭州,remote,campus,bachelor_or_equivalent,internship,9500,13500,参与数据分析师相关项目，重点使用业务理解、书面沟通、表达与汇报、职业伦理与隐私、Python编程、SQL；岗位、企业和薪资均为演示数据。,模拟岗位/演示数据，不代表真实招聘机会,synthetic,dev
JOB-DATA-0069,ROLE-DATA,数据分析师（实习/校招）,内容平台,上海,onsite,campus,bachelor_or_equivalent,full_time,10000,14000,参与数据分析师相关项目，重点使用书面沟通、表达与汇报、职业伦理与隐私、Python编程、SQL、数据清洗；岗位、企业和薪资均为演示数据。,模拟岗位/演示数据，不代表真实招聘机会,synthetic,dev
JOB-DATA-0070,ROLE-DATA,数据分析师（实习/校招）,企业服务,北京,hybrid,campus,bachelor_or_equivalent,internship,10500,14500,参与数据分析师相关项目，重点使用表达与汇报、职业伦理与隐私、Python编程、SQL、数据清洗、统计学基础；岗位、企业和薪资均为演示数据。,模拟岗位/演示数据，不代表真实招聘机会,synthetic,dev
JOB-DATA-0071,ROLE-DATA,数据分析师（实习/校招）,智能制造,深圳,remote,campus,bachelor_or_equivalent,full_time,10000,14000,参与数据分析师相关项目，重点使用职业伦理与隐私、Python编程、SQL、数据清洗、统计学基础、探索性数据分析；岗位、企业和薪资均为演示数据。,模拟岗位/演示数据，不代表真实招聘机会,synthetic,dev
JOB-DATA-0072,ROLE-DATA,数据分析师（实习/校招）,教育科技,南京,onsite,campus,bachelor_or_equivalent,internship,8500,12500,参与数据分析师相关项目，重点使用Python编程、SQL、数据清洗、统计学基础、探索性数据分析、数据可视化；岗位、企业和薪资均为演示数据。,模拟岗位/演示数据，不代表真实招聘机会,synthetic,dev
JOB-DATA-0073,ROLE-DATA,数据分析师（实习/校招）,零售科技,成都,hybrid,campus,bachelor_or_equivalent,full_time,8000,12000,参与数据分析师相关项目，重点使用SQL、数据清洗、统计学基础、探索性数据分析、数据可视化、Excel与BI工具；岗位、企业和薪资均为演示数据。,模拟岗位/演示数据，不代表真实招聘机会,synthetic,dev
JOB-DATA-0074,ROLE-DATA,数据分析师（实习/校招）,金融科技,武汉,remote,campus,bachelor_or_equivalent,internship,8000,12000,参与数据分析师相关项目，重点使用数据清洗、统计学基础、探索性数据分析、数据可视化、Excel与BI工具、数据建模；岗位、企业和薪资均为演示数据。,模拟岗位/演示数据，不代表真实招聘机会,synthetic,dev
JOB-DATA-0075,ROLE-DATA,数据分析师（实习/校招）,医疗信息化,西安,onsite,campus,bachelor_or_equivalent,full_time,7500,11500,参与数据分析师相关项目，重点使用统计学基础、探索性数据分析、数据可视化、Excel与BI工具、数据建模、实验与A/B测试；岗位、企业和薪资均为演示数据。,模拟岗位/演示数据，不代表真实招聘机会,synthetic,dev
JOB-DATA-0076,ROLE-DATA,数据分析师（实习/校招）,物流科技,杭州,hybrid,campus,bachelor_or_equivalent,internship,9500,13500,参与数据分析师相关项目，重点使用探索性数据分析、数据可视化、Excel与BI工具、数据建模、实验与A/B测试、数据工程管道；岗位、企业和薪资均为演示数据。,模拟岗位/演示数据，不代表真实招聘机会,synthetic,dev
JOB-DATA-0077,ROLE-DATA,数据分析师（实习/校招）,内容平台,上海,remote,campus,bachelor_or_equivalent,full_time,10000,14000,参与数据分析师相关项目，重点使用数据可视化、Excel与BI工具、数据建模、实验与A/B测试、数据工程管道、问题拆解；岗位、企业和薪资均为演示数据。,模拟岗位/演示数据，不代表真实招聘机会,synthetic,dev
JOB-DATA-0078,ROLE-DATA,数据分析师（实习/校招）,企业服务,北京,onsite,campus,bachelor_or_equivalent,internship,10500,14500,参与数据分析师相关项目，重点使用Excel与BI工具、数据建模、实验与A/B测试、数据工程管道、问题拆解、需求分析；岗位、企业和薪资均为演示数据。,模拟岗位/演示数据，不代表真实招聘机会,synthetic,dev
JOB-DATA-0079,ROLE-DATA,数据分析师（实习/校招）,智能制造,深圳,hybrid,campus,bachelor_or_equivalent,full_time,10000,14000,参与数据分析师相关项目，重点使用数据建模、实验与A/B测试、数据工程管道、问题拆解、需求分析、用户研究；岗位、企业和薪资均为演示数据。,模拟岗位/演示数据，不代表真实招聘机会,synthetic,dev
JOB-DATA-0080,ROLE-DATA,数据分析师（实习/校招）,教育科技,南京,remote,campus,bachelor_or_equivalent,internship,8500,12500,参与数据分析师相关项目，重点使用实验与A/B测试、数据工程管道、问题拆解、需求分析、用户研究、指标设计；岗位、企业和薪资均为演示数据。,模拟岗位/演示数据，不代表真实招聘机会,synthetic,dev
JOB-DATA-0081,ROLE-DATA,数据分析师（实习/校招）,零售科技,成都,onsite,campus,bachelor_or_equivalent,full_time,8000,12000,参与数据分析师相关项目，重点使用数据工程管道、问题拆解、需求分析、用户研究、指标设计、业务理解；岗位、企业和薪资均为演示数据。,模拟岗位/演示数据，不代表真实招聘机会,synthetic,dev
JOB-DATA-0082,ROLE-DATA,数据分析师（实习/校招）,金融科技,武汉,hybrid,campus,bachelor_or_equivalent,internship,8000,12000,参与数据分析师相关项目，重点使用问题拆解、需求分析、用户研究、指标设计、业务理解、书面沟通；岗位、企业和薪资均为演示数据。,模拟岗位/演示数据，不代表真实招聘机会,synthetic,dev
JOB-DATA-0083,ROLE-DATA,数据分析师（实习/校招）,医疗信息化,西安,remote,campus,bachelor_or_equivalent,full_time,7500,11500,参与数据分析师相关项目，重点使用需求分析、用户研究、指标设计、业务理解、书面沟通、表达与汇报；岗位、企业和薪资均为演示数据。,模拟岗位/演示数据，不代表真实招聘机会,synthetic,dev
JOB-DATA-0084,ROLE-DATA,数据分析师（实习/校招）,物流科技,杭州,onsite,campus,bachelor_or_equivalent,internship,9500,13500,参与数据分析师相关项目，重点使用用户研究、指标设计、业务理解、书面沟通、表达与汇报、职业伦理与隐私；岗位、企业和薪资均为演示数据。,模拟岗位/演示数据，不代表真实招聘机会,synthetic,dev
JOB-DATA-0085,ROLE-DATA,数据分析师（实习/校招）,内容平台,上海,hybrid,campus,bachelor_or_equivalent,full_time,10000,14000,参与数据分析师相关项目，重点使用指标设计、业务理解、书面沟通、表达与汇报、职业伦理与隐私、Python编程；岗位、企业和薪资均为演示数据。,模拟岗位/演示数据，不代表真实招聘机会,synthetic,dev
JOB-DATA-0086,ROLE-DATA,数据分析师（实习/校招）,企业服务,北京,remote,campus,bachelor_or_equivalent,internship,10500,14500,参与数据分析师相关项目，重点使用业务理解、书面沟通、表达与汇报、职业伦理与隐私、Python编程、SQL；岗位、企业和薪资均为演示数据。,模拟岗位/演示数据，不代表真实招聘机会,synthetic,dev
JOB-DATA-0087,ROLE-DATA,数据分析师（实习/校招）,智能制造,深圳,onsite,campus,bachelor_or_equivalent,full_time,10000,14000,参与数据分析师相关项目，重点使用书面沟通、表达与汇报、职业伦理与隐私、Python编程、SQL、数据清洗；岗位、企业和薪资均为演示数据。,模拟岗位/演示数据，不代表真实招聘机会,synthetic,dev
JOB-DATA-0088,ROLE-DATA,数据分析师（实习/校招）,教育科技,南京,hybrid,campus,bachelor_or_equivalent,internship,8500,12500,参与数据分析师相关项目，重点使用表达与汇报、职业伦理与隐私、Python编程、SQL、数据清洗、统计学基础；岗位、企业和薪资均为演示数据。,模拟岗位/演示数据，不代表真实招聘机会,synthetic,dev
JOB-DATA-0089,ROLE-DATA,数据分析师（实习/校招）,零售科技,成都,remote,campus,bachelor_or_equivalent,full_time,8000,12000,参与数据分析师相关项目，重点使用职业伦理与隐私、Python编程、SQL、数据清洗、统计学基础、探索性数据分析；岗位、企业和薪资均为演示数据。,模拟岗位/演示数据，不代表真实招聘机会,synthetic,dev
JOB-DATA-0090,ROLE-DATA,数据分析师（实习/校招）,金融科技,武汉,onsite,campus,bachelor_or_equivalent,internship,8000,12000,参与数据分析师相关项目，重点使用Python编程、SQL、数据清洗、统计学基础、探索性数据分析、数据可视化；岗位、企业和薪资均为演示数据。,模拟岗位/演示数据，不代表真实招聘机会,synthetic,dev
JOB-DATA-0091,ROLE-DATA,数据分析师（实习/校招）,医疗信息化,西安,hybrid,campus,bachelor_or_equivalent,full_time,7500,11500,参与数据分析师相关项目，重点使用SQL、数据清洗、统计学基础、探索性数据分析、数据可视化、Excel与BI工具；岗位、企业和薪资均为演示数据。,模拟岗位/演示数据，不代表真实招聘机会,synthetic,dev
JOB-DATA-0092,ROLE-DATA,数据分析师（实习/校招）,物流科技,杭州,remote,campus,bachelor_or_equivalent,internship,9500,13500,参与数据分析师相关项目，重点使用数据清洗、统计学基础、探索性数据分析、数据可视化、Excel与BI工具、数据建模；岗位、企业和薪资均为演示数据。,模拟岗位/演示数据，不代表真实招聘机会,synthetic,dev
JOB-DATA-0093,ROLE-DATA,数据分析师（实习/校招）,内容平台,上海,onsite,campus,bachelor_or_equivalent,full_time,10000,14000,参与数据分析师相关项目，重点使用统计学基础、探索性数据分析、数据可视化、Excel与BI工具、数据建模、实验与A/B测试；岗位、企业和薪资均为演示数据。,模拟岗位/演示数据，不代表真实招聘机会,synthetic,dev
JOB-DATA-0094,ROLE-DATA,数据分析师（实习/校招）,企业服务,北京,hybrid,campus,bachelor_or_equivalent,internship,10500,14500,参与数据分析师相关项目，重点使用探索性数据分析、数据可视化、Excel与BI工具、数据建模、实验与A/B测试、数据工程管道；岗位、企业和薪资均为演示数据。,模拟岗位/演示数据，不代表真实招聘机会,synthetic,dev
JOB-DATA-0095,ROLE-DATA,数据分析师（实习/校招）,智能制造,深圳,remote,campus,bachelor_or_equivalent,full_time,10000,14000,参与数据分析师相关项目，重点使用数据可视化、Excel与BI工具、数据建模、实验与A/B测试、数据工程管道、问题拆解；岗位、企业和薪资均为演示数据。,模拟岗位/演示数据，不代表真实招聘机会,synthetic,dev
JOB-DATA-0096,ROLE-DATA,数据分析师（实习/校招）,教育科技,南京,onsite,campus,bachelor_or_equivalent,internship,8500,12500,参与数据分析师相关项目，重点使用Excel与BI工具、数据建模、实验与A/B测试、数据工程管道、问题拆解、需求分析；岗位、企业和薪资均为演示数据。,模拟岗位/演示数据，不代表真实招聘机会,synthetic,dev
JOB-DATA-0097,ROLE-DATA,数据分析师（实习/校招）,零售科技,成都,hybrid,campus,bachelor_or_equivalent,full_time,8000,12000,参与数据分析师相关项目，重点使用数据建模、实验与A/B测试、数据工程管道、问题拆解、需求分析、用户研究；岗位、企业和薪资均为演示数据。,模拟岗位/演示数据，不代表真实招聘机会,synthetic,dev
JOB-DATA-0098,ROLE-DATA,数据分析师（实习/校招）,金融科技,武汉,remote,campus,bachelor_or_equivalent,internship,8000,12000,参与数据分析师相关项目，重点使用实验与A/B测试、数据工程管道、问题拆解、需求分析、用户研究、指标设计；岗位、企业和薪资均为演示数据。,模拟岗位/演示数据，不代表真实招聘机会,synthetic,dev
JOB-DATA-0099,ROLE-DATA,数据分析师（实习/校招）,医疗信息化,西安,onsite,campus,bachelor_or_equivalent,full_time,7500,11500,参与数据分析师相关项目，重点使用数据工程管道、问题拆解、需求分析、用户研究、指标设计、业务理解；岗位、企业和薪资均为演示数据。,模拟岗位/演示数据，不代表真实招聘机会,synthetic,dev
JOB-DATA-0100,ROLE-DATA,数据分析师（实习/校招）,物流科技,杭州,hybrid,campus,bachelor_or_equivalent,internship,9500,13500,参与数据分析师相关项目，重点使用问题拆解、需求分析、用户研究、指标设计、业务理解、书面沟通；岗位、企业和薪资均为演示数据。,模拟岗位/演示数据，不代表真实招聘机会,synthetic,dev
JOB-DATA-0101,ROLE-DATA,数据分析师（实习/校招）,内容平台,上海,remote,campus,bachelor_or_equivalent,full_time,10000,14000,参与数据分析师相关项目，重点使用需求分析、用户研究、指标设计、业务理解、书面沟通、表达与汇报；岗位、企业和薪资均为演示数据。,模拟岗位/演示数据，不代表真实招聘机会,synthetic,dev
JOB-DATA-0102,ROLE-DATA,数据分析师（实习/校招）,企业服务,北京,onsite,campus,bachelor_or_equivalent,internship,10500,14500,参与数据分析师相关项目，重点使用用户研究、指标设计、业务理解、书面沟通、表达与汇报、职业伦理与隐私；岗位、企业和薪资均为演示数据。,模拟岗位/演示数据，不代表真实招聘机会,synthetic,dev
JOB-DATA-0103,ROLE-DATA,数据分析师（实习/校招）,智能制造,深圳,hybrid,campus,bachelor_or_equivalent,full_time,10000,14000,参与数据分析师相关项目，重点使用指标设计、业务理解、书面沟通、表达与汇报、职业伦理与隐私、Python编程；岗位、企业和薪资均为演示数据。,模拟岗位/演示数据，不代表真实招聘机会,synthetic,dev
JOB-DATA-0104,ROLE-DATA,数据分析师（实习/校招）,教育科技,南京,remote,campus,bachelor_or_equivalent,internship,8500,12500,参与数据分析师相关项目，重点使用业务理解、书面沟通、表达与汇报、职业伦理与隐私、Python编程、SQL；岗位、企业和薪资均为演示数据。,模拟岗位/演示数据，不代表真实招聘机会,synthetic,dev
JOB-DATA-0105,ROLE-DATA,数据分析师（实习/校招）,零售科技,成都,onsite,campus,bachelor_or_equivalent,full_time,8000,12000,参与数据分析师相关项目，重点使用书面沟通、表达与汇报、职业伦理与隐私、Python编程、SQL、数据清洗；岗位、企业和薪资均为演示数据。,模拟岗位/演示数据，不代表真实招聘机会,synthetic,dev
JOB-DATA-0106,ROLE-DATA,数据分析师（实习/校招）,金融科技,武汉,hybrid,campus,bachelor_or_equivalent,internship,8000,12000,参与数据分析师相关项目，重点使用表达与汇报、职业伦理与隐私、Python编程、SQL、数据清洗、统计学基础；岗位、企业和薪资均为演示数据。,模拟岗位/演示数据，不代表真实招聘机会,synthetic,dev
JOB-DATA-0107,ROLE-DATA,数据分析师（实习/校招）,医疗信息化,西安,remote,campus,bachelor_or_equivalent,full_time,7500,11500,参与数据分析师相关项目，重点使用职业伦理与隐私、Python编程、SQL、数据清洗、统计学基础、探索性数据分析；岗位、企业和薪资均为演示数据。,模拟岗位/演示数据，不代表真实招聘机会,synthetic,dev
JOB-DATA-0108,ROLE-DATA,数据分析师（实习/校招）,物流科技,杭州,onsite,campus,bachelor_or_equivalent,internship,9500,13500,参与数据分析师相关项目，重点使用Python编程、SQL、数据清洗、统计学基础、探索性数据分析、数据可视化；岗位、企业和薪资均为演示数据。,模拟岗位/演示数据，不代表真实招聘机会,synthetic,dev
JOB-DATA-0109,ROLE-DATA,数据分析师（实习/校招）,内容平台,上海,hybrid,campus,bachelor_or_equivalent,full_time,10000,14000,参与数据分析师相关项目，重点使用SQL、数据清洗、统计学基础、探索性数据分析、数据可视化、Excel与BI工具；岗位、企业和薪资均为演示数据。,模拟岗位/演示数据，不代表真实招聘机会,synthetic,dev
JOB-DATA-0110,ROLE-DATA,数据分析师（实习/校招）,企业服务,北京,remote,campus,bachelor_or_equivalent,internship,10500,14500,参与数据分析师相关项目，重点使用数据清洗、统计学基础、探索性数据分析、数据可视化、Excel与BI工具、数据建模；岗位、企业和薪资均为演示数据。,模拟岗位/演示数据，不代表真实招聘机会,synthetic,dev
JOB-DATA-0111,ROLE-DATA,数据分析师（实习/校招）,智能制造,深圳,onsite,campus,bachelor_or_equivalent,full_time,10000,14000,参与数据分析师相关项目，重点使用统计学基础、探索性数据分析、数据可视化、Excel与BI工具、数据建模、实验与A/B测试；岗位、企业和薪资均为演示数据。,模拟岗位/演示数据，不代表真实招聘机会,synthetic,dev
JOB-DATA-0112,ROLE-DATA,数据分析师（实习/校招）,教育科技,南京,hybrid,campus,bachelor_or_equivalent,internship,8500,12500,参与数据分析师相关项目，重点使用探索性数据分析、数据可视化、Excel与BI工具、数据建模、实验与A/B测试、数据工程管道；岗位、企业和薪资均为演示数据。,模拟岗位/演示数据，不代表真实招聘机会,synthetic,dev
JOB-DATA-0113,ROLE-DATA,数据分析师（实习/校招）,零售科技,成都,remote,campus,bachelor_or_equivalent,full_time,8000,12000,参与数据分析师相关项目，重点使用数据可视化、Excel与BI工具、数据建模、实验与A/B测试、数据工程管道、问题拆解；岗位、企业和薪资均为演示数据。,模拟岗位/演示数据，不代表真实招聘机会,synthetic,dev
JOB-DATA-0114,ROLE-DATA,数据分析师（实习/校招）,金融科技,武汉,onsite,campus,bachelor_or_equivalent,internship,8000,12000,参与数据分析师相关项目，重点使用Excel与BI工具、数据建模、实验与A/B测试、数据工程管道、问题拆解、需求分析；岗位、企业和薪资均为演示数据。,模拟岗位/演示数据，不代表真实招聘机会,synthetic,dev
JOB-DATA-0115,ROLE-DATA,数据分析师（实习/校招）,医疗信息化,西安,hybrid,campus,bachelor_or_equivalent,full_time,7500,11500,参与数据分析师相关项目，重点使用数据建模、实验与A/B测试、数据工程管道、问题拆解、需求分析、用户研究；岗位、企业和薪资均为演示数据。,模拟岗位/演示数据，不代表真实招聘机会,synthetic,dev
JOB-DATA-0116,ROLE-DATA,数据分析师（实习/校招）,物流科技,杭州,remote,campus,bachelor_or_equivalent,internship,9500,13500,参与数据分析师相关项目，重点使用实验与A/B测试、数据工程管道、问题拆解、需求分析、用户研究、指标设计；岗位、企业和薪资均为演示数据。,模拟岗位/演示数据，不代表真实招聘机会,synthetic,dev
JOB-DATA-0117,ROLE-DATA,数据分析师（实习/校招）,内容平台,上海,onsite,campus,bachelor_or_equivalent,full_time,10000,14000,参与数据分析师相关项目，重点使用数据工程管道、问题拆解、需求分析、用户研究、指标设计、业务理解；岗位、企业和薪资均为演示数据。,模拟岗位/演示数据，不代表真实招聘机会,synthetic,dev
JOB-DATA-0118,ROLE-DATA,数据分析师（实习/校招）,企业服务,北京,hybrid,campus,bachelor_or_equivalent,internship,10500,14500,参与数据分析师相关项目，重点使用问题拆解、需求分析、用户研究、指标设计、业务理解、书面沟通；岗位、企业和薪资均为演示数据。,模拟岗位/演示数据，不代表真实招聘机会,synthetic,dev
JOB-DATA-0119,ROLE-DATA,数据分析师（实习/校招）,智能制造,深圳,remote,campus,bachelor_or_equivalent,full_time,10000,14000,参与数据分析师相关项目，重点使用需求分析、用户研究、指标设计、业务理解、书面沟通、表达与汇报；岗位、企业和薪资均为演示数据。,模拟岗位/演示数据，不代表真实招聘机会,synthetic,dev
JOB-DATA-0120,ROLE-DATA,数据分析师（实习/校招）,教育科技,南京,onsite,campus,bachelor_or_equivalent,internship,8500,12500,参与数据分析师相关项目，重点使用用户研究、指标设计、业务理解、书面沟通、表达与汇报、职业伦理与隐私；岗位、企业和薪资均为演示数据。,模拟岗位/演示数据，不代表真实招聘机会,synthetic,dev
JOB-DATA-0121,ROLE-DATA,数据分析师（实习/校招）,零售科技,成都,hybrid,campus,bachelor_or_equivalent,full_time,8000,12000,参与数据分析师相关项目，重点使用指标设计、业务理解、书面沟通、表达与汇报、职业伦理与隐私、Python编程；岗位、企业和薪资均为演示数据。,模拟岗位/演示数据，不代表真实招聘机会,synthetic,dev
JOB-DATA-0122,ROLE-DATA,数据分析师（实习/校招）,金融科技,武汉,remote,campus,bachelor_or_equivalent,internship,8000,12000,参与数据分析师相关项目，重点使用业务理解、书面沟通、表达与汇报、职业伦理与隐私、Python编程、SQL；岗位、企业和薪资均为演示数据。,模拟岗位/演示数据，不代表真实招聘机会,synthetic,dev
JOB-DATA-0123,ROLE-DATA,数据分析师（实习/校招）,医疗信息化,西安,onsite,campus,bachelor_or_equivalent,full_time,7500,11500,参与数据分析师相关项目，重点使用书面沟通、表达与汇报、职业伦理与隐私、Python编程、SQL、数据清洗；岗位、企业和薪资均为演示数据。,模拟岗位/演示数据，不代表真实招聘机会,synthetic,dev
JOB-DATA-0124,ROLE-DATA,数据分析师（实习/校招）,物流科技,杭州,hybrid,campus,bachelor_or_equivalent,internship,9500,13500,参与数据分析师相关项目，重点使用表达与汇报、职业伦理与隐私、Python编程、SQL、数据清洗、统计学基础；岗位、企业和薪资均为演示数据。,模拟岗位/演示数据，不代表真实招聘机会,synthetic,dev
JOB-DATA-0125,ROLE-DATA,数据分析师（实习/校招）,内容平台,上海,remote,campus,bachelor_or_equivalent,full_time,10000,14000,参与数据分析师相关项目，重点使用职业伦理与隐私、Python编程、SQL、数据清洗、统计学基础、探索性数据分析；岗位、企业和薪资均为演示数据。,模拟岗位/演示数据，不代表真实招聘机会,synthetic,dev
JOB-DATA-0126,ROLE-DATA,数据分析师（实习/校招）,企业服务,北京,onsite,campus,bachelor_or_equivalent,internship,10500,14500,参与数据分析师相关项目，重点使用Python编程、SQL、数据清洗、统计学基础、探索性数据分析、数据可视化；岗位、企业和薪资均为演示数据。,模拟岗位/演示数据，不代表真实招聘机会,synthetic,dev
JOB-DATA-0127,ROLE-DATA,数据分析师（实习/校招）,智能制造,深圳,hybrid,campus,bachelor_or_equivalent,full_time,10000,14000,参与数据分析师相关项目，重点使用SQL、数据清洗、统计学基础、探索性数据分析、数据可视化、Excel与BI工具；岗位、企业和薪资均为演示数据。,模拟岗位/演示数据，不代表真实招聘机会,synthetic,dev
JOB-DATA-0128,ROLE-DATA,数据分析师（实习/校招）,教育科技,南京,remote,campus,bachelor_or_equivalent,internship,8500,12500,参与数据分析师相关项目，重点使用数据清洗、统计学基础、探索性数据分析、数据可视化、Excel与BI工具、数据建模；岗位、企业和薪资均为演示数据。,模拟岗位/演示数据，不代表真实招聘机会,synthetic,dev
JOB-DATA-0129,ROLE-DATA,数据分析师（实习/校招）,零售科技,成都,onsite,campus,bachelor_or_equivalent,full_time,8000,12000,参与数据分析师相关项目，重点使用统计学基础、探索性数据分析、数据可视化、Excel与BI工具、数据建模、实验与A/B测试；岗位、企业和薪资均为演示数据。,模拟岗位/演示数据，不代表真实招聘机会,synthetic,dev
JOB-DATA-0130,ROLE-DATA,数据分析师（实习/校招）,金融科技,武汉,hybrid,campus,bachelor_or_equivalent,internship,8000,12000,参与数据分析师相关项目，重点使用探索性数据分析、数据可视化、Excel与BI工具、数据建模、实验与A/B测试、数据工程管道；岗位、企业和薪资均为演示数据。,模拟岗位/演示数据，不代表真实招聘机会,synthetic,dev
JOB-DATA-0131,ROLE-DATA,数据分析师（实习/校招）,医疗信息化,西安,remote,campus,bachelor_or_equivalent,full_time,7500,11500,参与数据分析师相关项目，重点使用数据可视化、Excel与BI工具、数据建模、实验与A/B测试、数据工程管道、问题拆解；岗位、企业和薪资均为演示数据。,模拟岗位/演示数据，不代表真实招聘机会,synthetic,dev
JOB-DATA-0132,ROLE-DATA,数据分析师（实习/校招）,物流科技,杭州,onsite,campus,bachelor_or_equivalent,internship,9500,13500,参与数据分析师相关项目，重点使用Excel与BI工具、数据建模、实验与A/B测试、数据工程管道、问题拆解、需求分析；岗位、企业和薪资均为演示数据。,模拟岗位/演示数据，不代表真实招聘机会,synthetic,dev
JOB-DATA-0133,ROLE-DATA,数据分析师（实习/校招）,内容平台,上海,hybrid,campus,bachelor_or_equivalent,full_time,10000,14000,参与数据分析师相关项目，重点使用数据建模、实验与A/B测试、数据工程管道、问题拆解、需求分析、用户研究；岗位、企业和薪资均为演示数据。,模拟岗位/演示数据，不代表真实招聘机会,synthetic,dev
JOB-DATA-0134,ROLE-DATA,数据分析师（实习/校招）,企业服务,北京,remote,campus,bachelor_or_equivalent,internship,10500,14500,参与数据分析师相关项目，重点使用实验与A/B测试、数据工程管道、问题拆解、需求分析、用户研究、指标设计；岗位、企业和薪资均为演示数据。,模拟岗位/演示数据，不代表真实招聘机会,synthetic,dev
JOB-DATA-0135,ROLE-DATA,数据分析师（实习/校招）,智能制造,深圳,onsite,campus,bachelor_or_equivalent,full_time,10000,14000,参与数据分析师相关项目，重点使用数据工程管道、问题拆解、需求分析、用户研究、指标设计、业务理解；岗位、企业和薪资均为演示数据。,模拟岗位/演示数据，不代表真实招聘机会,synthetic,dev
JOB-DATA-0136,ROLE-DATA,数据分析师（实习/校招）,教育科技,南京,hybrid,campus,bachelor_or_equivalent,internship,8500,12500,参与数据分析师相关项目，重点使用问题拆解、需求分析、用户研究、指标设计、业务理解、书面沟通；岗位、企业和薪资均为演示数据。,模拟岗位/演示数据，不代表真实招聘机会,synthetic,dev
JOB-DATA-0137,ROLE-DATA,数据分析师（实习/校招）,零售科技,成都,remote,campus,bachelor_or_equivalent,full_time,8000,12000,参与数据分析师相关项目，重点使用需求分析、用户研究、指标设计、业务理解、书面沟通、表达与汇报；岗位、企业和薪资均为演示数据。,模拟岗位/演示数据，不代表真实招聘机会,synthetic,dev
JOB-DATA-0138,ROLE-DATA,数据分析师（实习/校招）,金融科技,武汉,onsite,campus,bachelor_or_equivalent,internship,8000,12000,参与数据分析师相关项目，重点使用用户研究、指标设计、业务理解、书面沟通、表达与汇报、职业伦理与隐私；岗位、企业和薪资均为演示数据。,模拟岗位/演示数据，不代表真实招聘机会,synthetic,dev
JOB-DATA-0139,ROLE-DATA,数据分析师（实习/校招）,医疗信息化,西安,hybrid,campus,bachelor_or_equivalent,full_time,7500,11500,参与数据分析师相关项目，重点使用指标设计、业务理解、书面沟通、表达与汇报、职业伦理与隐私、Python编程；岗位、企业和薪资均为演示数据。,模拟岗位/演示数据，不代表真实招聘机会,synthetic,dev
JOB-DATA-0140,ROLE-DATA,数据分析师（实习/校招）,物流科技,杭州,remote,campus,bachelor_or_equivalent,internship,9500,13500,参与数据分析师相关项目，重点使用业务理解、书面沟通、表达与汇报、职业伦理与隐私、Python编程、SQL；岗位、企业和薪资均为演示数据。,模拟岗位/演示数据，不代表真实招聘机会,synthetic,dev
JOB-DATA-0141,ROLE-DATA,数据分析师（实习/校招）,内容平台,上海,onsite,campus,bachelor_or_equivalent,full_time,10000,14000,参与数据分析师相关项目，重点使用书面沟通、表达与汇报、职业伦理与隐私、Python编程、SQL、数据清洗；岗位、企业和薪资均为演示数据。,模拟岗位/演示数据，不代表真实招聘机会,synthetic,dev
JOB-DATA-0142,ROLE-DATA,数据分析师（实习/校招）,企业服务,北京,hybrid,campus,bachelor_or_equivalent,internship,10500,14500,参与数据分析师相关项目，重点使用表达与汇报、职业伦理与隐私、Python编程、SQL、数据清洗、统计学基础；岗位、企业和薪资均为演示数据。,模拟岗位/演示数据，不代表真实招聘机会,synthetic,dev
JOB-DATA-0143,ROLE-DATA,数据分析师（实习/校招）,智能制造,深圳,remote,campus,bachelor_or_equivalent,full_time,10000,14000,参与数据分析师相关项目，重点使用职业伦理与隐私、Python编程、SQL、数据清洗、统计学基础、探索性数据分析；岗位、企业和薪资均为演示数据。,模拟岗位/演示数据，不代表真实招聘机会,synthetic,dev
JOB-DATA-0144,ROLE-DATA,数据分析师（实习/校招）,教育科技,南京,onsite,campus,bachelor_or_equivalent,internship,8500,12500,参与数据分析师相关项目，重点使用Python编程、SQL、数据清洗、统计学基础、探索性数据分析、数据可视化；岗位、企业和薪资均为演示数据。,模拟岗位/演示数据，不代表真实招聘机会,synthetic,dev
JOB-DATA-0145,ROLE-DATA,数据分析师（实习/校招）,零售科技,成都,hybrid,campus,bachelor_or_equivalent,full_time,8000,12000,参与数据分析师相关项目，重点使用SQL、数据清洗、统计学基础、探索性数据分析、数据可视化、Excel与BI工具；岗位、企业和薪资均为演示数据。,模拟岗位/演示数据，不代表真实招聘机会,synthetic,dev
JOB-DATA-0146,ROLE-DATA,数据分析师（实习/校招）,金融科技,武汉,remote,campus,bachelor_or_equivalent,internship,8000,12000,参与数据分析师相关项目，重点使用数据清洗、统计学基础、探索性数据分析、数据可视化、Excel与BI工具、数据建模；岗位、企业和薪资均为演示数据。,模拟岗位/演示数据，不代表真实招聘机会,synthetic,dev
JOB-DATA-0147,ROLE-DATA,数据分析师（实习/校招）,医疗信息化,西安,onsite,campus,bachelor_or_equivalent,full_time,7500,11500,参与数据分析师相关项目，重点使用统计学基础、探索性数据分析、数据可视化、Excel与BI工具、数据建模、实验与A/B测试；岗位、企业和薪资均为演示数据。,模拟岗位/演示数据，不代表真实招聘机会,synthetic,dev
JOB-DATA-0148,ROLE-DATA,数据分析师（实习/校招）,物流科技,杭州,hybrid,campus,bachelor_or_equivalent,internship,9500,13500,参与数据分析师相关项目，重点使用探索性数据分析、数据可视化、Excel与BI工具、数据建模、实验与A/B测试、数据工程管道；岗位、企业和薪资均为演示数据。,模拟岗位/演示数据，不代表真实招聘机会,synthetic,dev
JOB-DATA-0149,ROLE-DATA,数据分析师（实习/校招）,内容平台,上海,remote,campus,bachelor_or_equivalent,full_time,10000,14000,参与数据分析师相关项目，重点使用数据可视化、Excel与BI工具、数据建模、实验与A/B测试、数据工程管道、问题拆解；岗位、企业和薪资均为演示数据。,模拟岗位/演示数据，不代表真实招聘机会,synthetic,dev
JOB-DATA-0150,ROLE-DATA,数据分析师（实习/校招）,企业服务,北京,onsite,campus,bachelor_or_equivalent,internship,10500,14500,参与数据分析师相关项目，重点使用Excel与BI工具、数据建模、实验与A/B测试、数据工程管道、问题拆解、需求分析；岗位、企业和薪资均为演示数据。,模拟岗位/演示数据，不代表真实招聘机会,synthetic,dev
JOB-DATA-0151,ROLE-DATA,数据分析师（实习/校招）,智能制造,深圳,hybrid,campus,bachelor_or_equivalent,full_time,10000,14000,参与数据分析师相关项目，重点使用数据建模、实验与A/B测试、数据工程管道、问题拆解、需求分析、用户研究；岗位、企业和薪资均为演示数据。,模拟岗位/演示数据，不代表真实招聘机会,synthetic,dev
JOB-DATA-0152,ROLE-DATA,数据分析师（实习/校招）,教育科技,南京,remote,campus,bachelor_or_equivalent,internship,8500,12500,参与数据分析师相关项目，重点使用实验与A/B测试、数据工程管道、问题拆解、需求分析、用户研究、指标设计；岗位、企业和薪资均为演示数据。,模拟岗位/演示数据，不代表真实招聘机会,synthetic,dev
JOB-DATA-0153,ROLE-DATA,数据分析师（实习/校招）,零售科技,成都,onsite,campus,bachelor_or_equivalent,full_time,8000,12000,参与数据分析师相关项目，重点使用数据工程管道、问题拆解、需求分析、用户研究、指标设计、业务理解；岗位、企业和薪资均为演示数据。,模拟岗位/演示数据，不代表真实招聘机会,synthetic,dev
JOB-DATA-0154,ROLE-DATA,数据分析师（实习/校招）,金融科技,武汉,hybrid,campus,bachelor_or_equivalent,internship,8000,12000,参与数据分析师相关项目，重点使用问题拆解、需求分析、用户研究、指标设计、业务理解、书面沟通；岗位、企业和薪资均为演示数据。,模拟岗位/演示数据，不代表真实招聘机会,synthetic,dev
JOB-DATA-0155,ROLE-DATA,数据分析师（实习/校招）,医疗信息化,西安,remote,campus,bachelor_or_equivalent,full_time,7500,11500,参与数据分析师相关项目，重点使用需求分析、用户研究、指标设计、业务理解、书面沟通、表达与汇报；岗位、企业和薪资均为演示数据。,模拟岗位/演示数据，不代表真实招聘机会,synthetic,dev
JOB-DATA-0156,ROLE-DATA,数据分析师（实习/校招）,物流科技,杭州,onsite,campus,bachelor_or_equivalent,internship,9500,13500,参与数据分析师相关项目，重点使用用户研究、指标设计、业务理解、书面沟通、表达与汇报、职业伦理与隐私；岗位、企业和薪资均为演示数据。,模拟岗位/演示数据，不代表真实招聘机会,synthetic,dev
JOB-DATA-0157,ROLE-DATA,数据分析师（实习/校招）,内容平台,上海,hybrid,campus,bachelor_or_equivalent,full_time,10000,14000,参与数据分析师相关项目，重点使用指标设计、业务理解、书面沟通、表达与汇报、职业伦理与隐私、Python编程；岗位、企业和薪资均为演示数据。,模拟岗位/演示数据，不代表真实招聘机会,synthetic,dev
JOB-DATA-0158,ROLE-DATA,数据分析师（实习/校招）,企业服务,北京,remote,campus,bachelor_or_equivalent,internship,10500,14500,参与数据分析师相关项目，重点使用业务理解、书面沟通、表达与汇报、职业伦理与隐私、Python编程、SQL；岗位、企业和薪资均为演示数据。,模拟岗位/演示数据，不代表真实招聘机会,synthetic,dev
JOB-DATA-0159,ROLE-DATA,数据分析师（实习/校招）,智能制造,深圳,onsite,campus,bachelor_or_equivalent,full_time,10000,14000,参与数据分析师相关项目，重点使用书面沟通、表达与汇报、职业伦理与隐私、Python编程、SQL、数据清洗；岗位、企业和薪资均为演示数据。,模拟岗位/演示数据，不代表真实招聘机会,synthetic,dev
JOB-DATA-0160,ROLE-DATA,数据分析师（实习/校招）,教育科技,南京,hybrid,campus,bachelor_or_equivalent,internship,8500,12500,参与数据分析师相关项目，重点使用表达与汇报、职业伦理与隐私、Python编程、SQL、数据清洗、统计学基础；岗位、企业和薪资均为演示数据。,模拟岗位/演示数据，不代表真实招聘机会,synthetic,dev
JOB-DATA-0161,ROLE-DATA,数据分析师（实习/校招）,零售科技,成都,remote,campus,bachelor_or_equivalent,full_time,8000,12000,参与数据分析师相关项目，重点使用职业伦理与隐私、Python编程、SQL、数据清洗、统计学基础、探索性数据分析；岗位、企业和薪资均为演示数据。,模拟岗位/演示数据，不代表真实招聘机会,synthetic,dev
JOB-DATA-0162,ROLE-DATA,数据分析师（实习/校招）,金融科技,武汉,onsite,campus,bachelor_or_equivalent,internship,8000,12000,参与数据分析师相关项目，重点使用Python编程、SQL、数据清洗、统计学基础、探索性数据分析、数据可视化；岗位、企业和薪资均为演示数据。,模拟岗位/演示数据，不代表真实招聘机会,synthetic,dev
JOB-DATA-0163,ROLE-DATA,数据分析师（实习/校招）,医疗信息化,西安,hybrid,campus,bachelor_or_equivalent,full_time,7500,11500,参与数据分析师相关项目，重点使用SQL、数据清洗、统计学基础、探索性数据分析、数据可视化、Excel与BI工具；岗位、企业和薪资均为演示数据。,模拟岗位/演示数据，不代表真实招聘机会,synthetic,dev
JOB-DATA-0164,ROLE-DATA,数据分析师（实习/校招）,物流科技,杭州,remote,campus,bachelor_or_equivalent,internship,9500,13500,参与数据分析师相关项目，重点使用数据清洗、统计学基础、探索性数据分析、数据可视化、Excel与BI工具、数据建模；岗位、企业和薪资均为演示数据。,模拟岗位/演示数据，不代表真实招聘机会,synthetic,dev
JOB-DATA-0165,ROLE-DATA,数据分析师（实习/校招）,内容平台,上海,onsite,campus,bachelor_or_equivalent,full_time,10000,14000,参与数据分析师相关项目，重点使用统计学基础、探索性数据分析、数据可视化、Excel与BI工具、数据建模、实验与A/B测试；岗位、企业和薪资均为演示数据。,模拟岗位/演示数据，不代表真实招聘机会,synthetic,dev
JOB-DATA-0166,ROLE-DATA,数据分析师（实习/校招）,企业服务,北京,hybrid,campus,bachelor_or_equivalent,internship,10500,14500,参与数据分析师相关项目，重点使用探索性数据分析、数据可视化、Excel与BI工具、数据建模、实验与A/B测试、数据工程管道；岗位、企业和薪资均为演示数据。,模拟岗位/演示数据，不代表真实招聘机会,synthetic,dev
JOB-DATA-0167,ROLE-DATA,数据分析师（实习/校招）,智能制造,深圳,remote,campus,bachelor_or_equivalent,full_time,10000,14000,参与数据分析师相关项目，重点使用数据可视化、Excel与BI工具、数据建模、实验与A/B测试、数据工程管道、问题拆解；岗位、企业和薪资均为演示数据。,模拟岗位/演示数据，不代表真实招聘机会,synthetic,dev
JOB-DATA-0168,ROLE-DATA,数据分析师（0-1年）,教育科技,南京,onsite,entry,bachelor_or_equivalent,full_time,12500,19500,参与数据分析师相关项目，重点使用Excel与BI工具、数据建模、实验与A/B测试、数据工程管道、问题拆解、需求分析；岗位、企业和薪资均为演示数据。,模拟岗位/演示数据，不代表真实招聘机会,synthetic,dev
JOB-DATA-0169,ROLE-DATA,数据分析师（0-1年）,零售科技,成都,hybrid,entry,bachelor_or_equivalent,full_time,11500,18500,参与数据分析师相关项目，重点使用数据建模、实验与A/B测试、数据工程管道、问题拆解、需求分析、用户研究；岗位、企业和薪资均为演示数据。,模拟岗位/演示数据，不代表真实招聘机会,synthetic,dev
JOB-DATA-0170,ROLE-DATA,数据分析师（0-1年）,金融科技,武汉,remote,entry,bachelor_or_equivalent,full_time,11500,18500,参与数据分析师相关项目，重点使用实验与A/B测试、数据工程管道、问题拆解、需求分析、用户研究、指标设计；岗位、企业和薪资均为演示数据。,模拟岗位/演示数据，不代表真实招聘机会,synthetic,dev
JOB-DATA-0171,ROLE-DATA,数据分析师（0-1年）,医疗信息化,西安,onsite,entry,bachelor_or_equivalent,full_time,11000,18000,参与数据分析师相关项目，重点使用数据工程管道、问题拆解、需求分析、用户研究、指标设计、业务理解；岗位、企业和薪资均为演示数据。,模拟岗位/演示数据，不代表真实招聘机会,synthetic,dev
JOB-DATA-0172,ROLE-DATA,数据分析师（0-1年）,物流科技,杭州,hybrid,entry,bachelor_or_equivalent,full_time,14000,21000,参与数据分析师相关项目，重点使用问题拆解、需求分析、用户研究、指标设计、业务理解、书面沟通；岗位、企业和薪资均为演示数据。,模拟岗位/演示数据，不代表真实招聘机会,synthetic,dev
JOB-DATA-0173,ROLE-DATA,数据分析师（0-1年）,内容平台,上海,remote,entry,bachelor_or_equivalent,full_time,14500,21500,参与数据分析师相关项目，重点使用需求分析、用户研究、指标设计、业务理解、书面沟通、表达与汇报；岗位、企业和薪资均为演示数据。,模拟岗位/演示数据，不代表真实招聘机会,synthetic,dev
JOB-DATA-0174,ROLE-DATA,数据分析师（0-1年）,企业服务,北京,onsite,entry,bachelor_or_equivalent,full_time,15000,22000,参与数据分析师相关项目，重点使用用户研究、指标设计、业务理解、书面沟通、表达与汇报、职业伦理与隐私；岗位、企业和薪资均为演示数据。,模拟岗位/演示数据，不代表真实招聘机会,synthetic,dev
JOB-DATA-0175,ROLE-DATA,数据分析师（0-1年）,智能制造,深圳,hybrid,entry,bachelor_or_equivalent,full_time,14500,21500,参与数据分析师相关项目，重点使用指标设计、业务理解、书面沟通、表达与汇报、职业伦理与隐私、Python编程；岗位、企业和薪资均为演示数据。,模拟岗位/演示数据，不代表真实招聘机会,synthetic,dev
JOB-DATA-0176,ROLE-DATA,数据分析师（0-1年）,教育科技,南京,remote,entry,bachelor_or_equivalent,full_time,12500,19500,参与数据分析师相关项目，重点使用业务理解、书面沟通、表达与汇报、职业伦理与隐私、Python编程、SQL；岗位、企业和薪资均为演示数据。,模拟岗位/演示数据，不代表真实招聘机会,synthetic,dev
JOB-DATA-0177,ROLE-DATA,数据分析师（0-1年）,零售科技,成都,onsite,entry,bachelor_or_equivalent,full_time,11500,18500,参与数据分析师相关项目，重点使用书面沟通、表达与汇报、职业伦理与隐私、Python编程、SQL、数据清洗；岗位、企业和薪资均为演示数据。,模拟岗位/演示数据，不代表真实招聘机会,synthetic,dev
JOB-DATA-0178,ROLE-DATA,数据分析师（0-1年）,金融科技,武汉,hybrid,entry,bachelor_or_equivalent,full_time,11500,18500,参与数据分析师相关项目，重点使用表达与汇报、职业伦理与隐私、Python编程、SQL、数据清洗、统计学基础；岗位、企业和薪资均为演示数据。,模拟岗位/演示数据，不代表真实招聘机会,synthetic,dev
JOB-DATA-0179,ROLE-DATA,数据分析师（0-1年）,医疗信息化,西安,remote,entry,bachelor_or_equivalent,full_time,11000,18000,参与数据分析师相关项目，重点使用职业伦理与隐私、Python编程、SQL、数据清洗、统计学基础、探索性数据分析；岗位、企业和薪资均为演示数据。,模拟岗位/演示数据，不代表真实招聘机会,synthetic,dev
JOB-DATA-0180,ROLE-DATA,数据分析师（0-1年）,物流科技,杭州,onsite,entry,bachelor_or_equivalent,full_time,14000,21000,参与数据分析师相关项目，重点使用Python编程、SQL、数据清洗、统计学基础、探索性数据分析、数据可视化；岗位、企业和薪资均为演示数据。,模拟岗位/演示数据，不代表真实招聘机会,synthetic,dev
JOB-DATA-0181,ROLE-DATA,数据分析师（0-1年）,内容平台,上海,hybrid,entry,bachelor_or_equivalent,full_time,14500,21500,参与数据分析师相关项目，重点使用SQL、数据清洗、统计学基础、探索性数据分析、数据可视化、Excel与BI工具；岗位、企业和薪资均为演示数据。,模拟岗位/演示数据，不代表真实招聘机会,synthetic,dev
JOB-DATA-0182,ROLE-DATA,数据分析师（0-1年）,企业服务,北京,remote,entry,bachelor_or_equivalent,full_time,15000,22000,参与数据分析师相关项目，重点使用数据清洗、统计学基础、探索性数据分析、数据可视化、Excel与BI工具、数据建模；岗位、企业和薪资均为演示数据。,模拟岗位/演示数据，不代表真实招聘机会,synthetic,dev
JOB-DATA-0183,ROLE-DATA,数据分析师（0-1年）,智能制造,深圳,onsite,entry,bachelor_or_equivalent,full_time,14500,21500,参与数据分析师相关项目，重点使用统计学基础、探索性数据分析、数据可视化、Excel与BI工具、数据建模、实验与A/B测试；岗位、企业和薪资均为演示数据。,模拟岗位/演示数据，不代表真实招聘机会,synthetic,dev
JOB-DATA-0184,ROLE-DATA,数据分析师（0-1年）,教育科技,南京,hybrid,entry,bachelor_or_equivalent,full_time,12500,19500,参与数据分析师相关项目，重点使用探索性数据分析、数据可视化、Excel与BI工具、数据建模、实验与A/B测试、数据工程管道；岗位、企业和薪资均为演示数据。,模拟岗位/演示数据，不代表真实招聘机会,synthetic,dev
JOB-DATA-0185,ROLE-DATA,数据分析师（0-1年）,零售科技,成都,remote,entry,bachelor_or_equivalent,full_time,11500,18500,参与数据分析师相关项目，重点使用数据可视化、Excel与BI工具、数据建模、实验与A/B测试、数据工程管道、问题拆解；岗位、企业和薪资均为演示数据。,模拟岗位/演示数据，不代表真实招聘机会,synthetic,dev
JOB-DATA-0186,ROLE-DATA,数据分析师（0-1年）,金融科技,武汉,onsite,entry,bachelor_or_equivalent,full_time,11500,18500,参与数据分析师相关项目，重点使用Excel与BI工具、数据建模、实验与A/B测试、数据工程管道、问题拆解、需求分析；岗位、企业和薪资均为演示数据。,模拟岗位/演示数据，不代表真实招聘机会,synthetic,dev
JOB-DATA-0187,ROLE-DATA,数据分析师（0-1年）,医疗信息化,西安,hybrid,entry,bachelor_or_equivalent,full_time,11000,18000,参与数据分析师相关项目，重点使用数据建模、实验与A/B测试、数据工程管道、问题拆解、需求分析、用户研究；岗位、企业和薪资均为演示数据。,模拟岗位/演示数据，不代表真实招聘机会,synthetic,dev
JOB-DATA-0188,ROLE-DATA,数据分析师（0-1年）,物流科技,杭州,remote,entry,bachelor_or_equivalent,full_time,14000,21000,参与数据分析师相关项目，重点使用实验与A/B测试、数据工程管道、问题拆解、需求分析、用户研究、指标设计；岗位、企业和薪资均为演示数据。,模拟岗位/演示数据，不代表真实招聘机会,synthetic,dev
JOB-DATA-0189,ROLE-DATA,数据分析师（0-1年）,内容平台,上海,onsite,entry,bachelor_or_equivalent,full_time,14500,21500,参与数据分析师相关项目，重点使用数据工程管道、问题拆解、需求分析、用户研究、指标设计、业务理解；岗位、企业和薪资均为演示数据。,模拟岗位/演示数据，不代表真实招聘机会,synthetic,dev
JOB-DATA-0190,ROLE-DATA,数据分析师（0-1年）,企业服务,北京,hybrid,entry,bachelor_or_equivalent,full_time,15000,22000,参与数据分析师相关项目，重点使用问题拆解、需求分析、用户研究、指标设计、业务理解、书面沟通；岗位、企业和薪资均为演示数据。,模拟岗位/演示数据，不代表真实招聘机会,synthetic,dev
JOB-DATA-0191,ROLE-DATA,数据分析师（0-1年）,智能制造,深圳,remote,entry,bachelor_or_equivalent,full_time,14500,21500,参与数据分析师相关项目，重点使用需求分析、用户研究、指标设计、业务理解、书面沟通、表达与汇报；岗位、企业和薪资均为演示数据。,模拟岗位/演示数据，不代表真实招聘机会,synthetic,dev
JOB-DATA-0192,ROLE-DATA,数据分析师（0-1年）,教育科技,南京,onsite,entry,bachelor_or_equivalent,full_time,12500,19500,参与数据分析师相关项目，重点使用用户研究、指标设计、业务理解、书面沟通、表达与汇报、职业伦理与隐私；岗位、企业和薪资均为演示数据。,模拟岗位/演示数据，不代表真实招聘机会,synthetic,dev
JOB-DATA-0193,ROLE-DATA,数据分析师（0-1年）,零售科技,成都,hybrid,entry,bachelor_or_equivalent,full_time,11500,18500,参与数据分析师相关项目，重点使用指标设计、业务理解、书面沟通、表达与汇报、职业伦理与隐私、Python编程；岗位、企业和薪资均为演示数据。,模拟岗位/演示数据，不代表真实招聘机会,synthetic,dev
JOB-DATA-0194,ROLE-DATA,数据分析师（0-1年）,金融科技,武汉,remote,entry,bachelor_or_equivalent,full_time,11500,18500,参与数据分析师相关项目，重点使用业务理解、书面沟通、表达与汇报、职业伦理与隐私、Python编程、SQL；岗位、企业和薪资均为演示数据。,模拟岗位/演示数据，不代表真实招聘机会,synthetic,dev
JOB-DATA-0195,ROLE-DATA,数据分析师（0-1年）,医疗信息化,西安,onsite,entry,bachelor_or_equivalent,full_time,11000,18000,参与数据分析师相关项目，重点使用书面沟通、表达与汇报、职业伦理与隐私、Python编程、SQL、数据清洗；岗位、企业和薪资均为演示数据。,模拟岗位/演示数据，不代表真实招聘机会,synthetic,dev
JOB-DATA-0196,ROLE-DATA,数据分析师（0-1年）,物流科技,杭州,hybrid,entry,bachelor_or_equivalent,full_time,14000,21000,参与数据分析师相关项目，重点使用表达与汇报、职业伦理与隐私、Python编程、SQL、数据清洗、统计学基础；岗位、企业和薪资均为演示数据。,模拟岗位/演示数据，不代表真实招聘机会,synthetic,dev
JOB-DATA-0197,ROLE-DATA,数据分析师（0-1年）,内容平台,上海,remote,entry,bachelor_or_equivalent,full_time,14500,21500,参与数据分析师相关项目，重点使用职业伦理与隐私、Python编程、SQL、数据清洗、统计学基础、探索性数据分析；岗位、企业和薪资均为演示数据。,模拟岗位/演示数据，不代表真实招聘机会,synthetic,dev
JOB-DATA-0198,ROLE-DATA,数据分析师（0-1年）,企业服务,北京,onsite,entry,bachelor_or_equivalent,full_time,15000,22000,参与数据分析师相关项目，重点使用Python编程、SQL、数据清洗、统计学基础、探索性数据分析、数据可视化；岗位、企业和薪资均为演示数据。,模拟岗位/演示数据，不代表真实招聘机会,synthetic,dev
JOB-DATA-0199,ROLE-DATA,数据分析师（0-1年）,智能制造,深圳,hybrid,entry,bachelor_or_equivalent,full_time,14500,21500,参与数据分析师相关项目，重点使用SQL、数据清洗、统计学基础、探索性数据分析、数据可视化、Excel与BI工具；岗位、企业和薪资均为演示数据。,模拟岗位/演示数据，不代表真实招聘机会,synthetic,dev
JOB-DATA-0200,ROLE-DATA,数据分析师（0-1年）,教育科技,南京,remote,entry,bachelor_or_equivalent,full_time,12500,19500,参与数据分析师相关项目，重点使用数据清洗、统计学基础、探索性数据分析、数据可视化、Excel与BI工具、数据建模；岗位、企业和薪资均为演示数据。,模拟岗位/演示数据，不代表真实招聘机会,synthetic,dev
JOB-DATA-0201,ROLE-DATA,数据分析师（0-1年）,零售科技,成都,onsite,entry,bachelor_or_equivalent,full_time,11500,18500,参与数据分析师相关项目，重点使用统计学基础、探索性数据分析、数据可视化、Excel与BI工具、数据建模、实验与A/B测试；岗位、企业和薪资均为演示数据。,模拟岗位/演示数据，不代表真实招聘机会,synthetic,dev
JOB-DATA-0202,ROLE-DATA,数据分析师（0-1年）,金融科技,武汉,hybrid,entry,bachelor_or_equivalent,full_time,11500,18500,参与数据分析师相关项目，重点使用探索性数据分析、数据可视化、Excel与BI工具、数据建模、实验与A/B测试、数据工程管道；岗位、企业和薪资均为演示数据。,模拟岗位/演示数据，不代表真实招聘机会,synthetic,dev
JOB-DATA-0203,ROLE-DATA,数据分析师（0-1年）,医疗信息化,西安,remote,entry,bachelor_or_equivalent,full_time,11000,18000,参与数据分析师相关项目，重点使用数据可视化、Excel与BI工具、数据建模、实验与A/B测试、数据工程管道、问题拆解；岗位、企业和薪资均为演示数据。,模拟岗位/演示数据，不代表真实招聘机会,synthetic,dev
JOB-DATA-0204,ROLE-DATA,数据分析师（0-1年）,物流科技,杭州,onsite,entry,bachelor_or_equivalent,full_time,14000,21000,参与数据分析师相关项目，重点使用Excel与BI工具、数据建模、实验与A/B测试、数据工程管道、问题拆解、需求分析；岗位、企业和薪资均为演示数据。,模拟岗位/演示数据，不代表真实招聘机会,synthetic,dev
JOB-DATA-0205,ROLE-DATA,数据分析师（0-1年）,内容平台,上海,hybrid,entry,bachelor_or_equivalent,full_time,14500,21500,参与数据分析师相关项目，重点使用数据建模、实验与A/B测试、数据工程管道、问题拆解、需求分析、用户研究；岗位、企业和薪资均为演示数据。,模拟岗位/演示数据，不代表真实招聘机会,synthetic,dev
JOB-DATA-0206,ROLE-DATA,数据分析师（0-1年）,企业服务,北京,remote,entry,bachelor_or_equivalent,full_time,15000,22000,参与数据分析师相关项目，重点使用实验与A/B测试、数据工程管道、问题拆解、需求分析、用户研究、指标设计；岗位、企业和薪资均为演示数据。,模拟岗位/演示数据，不代表真实招聘机会,synthetic,dev
JOB-DATA-0207,ROLE-DATA,数据分析师（0-1年）,智能制造,深圳,onsite,entry,bachelor_or_equivalent,full_time,14500,21500,参与数据分析师相关项目，重点使用数据工程管道、问题拆解、需求分析、用户研究、指标设计、业务理解；岗位、企业和薪资均为演示数据。,模拟岗位/演示数据，不代表真实招聘机会,synthetic,dev
JOB-DATA-0208,ROLE-DATA,数据分析师（0-1年）,教育科技,南京,hybrid,entry,bachelor_or_equivalent,full_time,12500,19500,参与数据分析师相关项目，重点使用问题拆解、需求分析、用户研究、指标设计、业务理解、书面沟通；岗位、企业和薪资均为演示数据。,模拟岗位/演示数据，不代表真实招聘机会,synthetic,dev
JOB-DATA-0209,ROLE-DATA,数据分析师（0-1年）,零售科技,成都,remote,entry,bachelor_or_equivalent,full_time,11500,18500,参与数据分析师相关项目，重点使用需求分析、用户研究、指标设计、业务理解、书面沟通、表达与汇报；岗位、企业和薪资均为演示数据。,模拟岗位/演示数据，不代表真实招聘机会,synthetic,dev
JOB-DATA-0210,ROLE-DATA,数据分析师（0-1年）,金融科技,武汉,onsite,entry,bachelor_or_equivalent,full_time,11500,18500,参与数据分析师相关项目，重点使用用户研究、指标设计、业务理解、书面沟通、表达与汇报、职业伦理与隐私；岗位、企业和薪资均为演示数据。,模拟岗位/演示数据，不代表真实招聘机会,synthetic,dev
JOB-DATA-0211,ROLE-DATA,数据分析师（0-1年）,医疗信息化,西安,hybrid,entry,bachelor_or_equivalent,full_time,11000,18000,参与数据分析师相关项目，重点使用指标设计、业务理解、书面沟通、表达与汇报、职业伦理与隐私、Python编程；岗位、企业和薪资均为演示数据。,模拟岗位/演示数据，不代表真实招聘机会,synthetic,dev
JOB-DATA-0212,ROLE-DATA,数据分析师（0-1年）,物流科技,杭州,remote,entry,bachelor_or_equivalent,full_time,14000,21000,参与数据分析师相关项目，重点使用业务理解、书面沟通、表达与汇报、职业伦理与隐私、Python编程、SQL；岗位、企业和薪资均为演示数据。,模拟岗位/演示数据，不代表真实招聘机会,synthetic,dev
JOB-DATA-0213,ROLE-DATA,数据分析师（0-1年）,内容平台,上海,onsite,entry,bachelor_or_equivalent,full_time,14500,21500,参与数据分析师相关项目，重点使用书面沟通、表达与汇报、职业伦理与隐私、Python编程、SQL、数据清洗；岗位、企业和薪资均为演示数据。,模拟岗位/演示数据，不代表真实招聘机会,synthetic,dev
JOB-DATA-0214,ROLE-DATA,数据分析师（0-1年）,企业服务,北京,hybrid,entry,bachelor_or_equivalent,full_time,15000,22000,参与数据分析师相关项目，重点使用表达与汇报、职业伦理与隐私、Python编程、SQL、数据清洗、统计学基础；岗位、企业和薪资均为演示数据。,模拟岗位/演示数据，不代表真实招聘机会,synthetic,dev
JOB-DATA-0215,ROLE-DATA,数据分析师（0-1年）,智能制造,深圳,remote,entry,bachelor_or_equivalent,full_time,14500,21500,参与数据分析师相关项目，重点使用职业伦理与隐私、Python编程、SQL、数据清洗、统计学基础、探索性数据分析；岗位、企业和薪资均为演示数据。,模拟岗位/演示数据，不代表真实招聘机会,synthetic,dev
JOB-DATA-0216,ROLE-DATA,数据分析师（0-1年）,教育科技,南京,onsite,entry,bachelor_or_equivalent,full_time,12500,19500,参与数据分析师相关项目，重点使用Python编程、SQL、数据清洗、统计学基础、探索性数据分析、数据可视化；岗位、企业和薪资均为演示数据。,模拟岗位/演示数据，不代表真实招聘机会,synthetic,dev
JOB-DATA-0217,ROLE-DATA,数据分析师（0-1年）,零售科技,成都,hybrid,entry,bachelor_or_equivalent,full_time,11500,18500,参与数据分析师相关项目，重点使用SQL、数据清洗、统计学基础、探索性数据分析、数据可视化、Excel与BI工具；岗位、企业和薪资均为演示数据。,模拟岗位/演示数据，不代表真实招聘机会,synthetic,dev
JOB-DATA-0218,ROLE-DATA,数据分析师（0-1年）,金融科技,武汉,remote,entry,bachelor_or_equivalent,full_time,11500,18500,参与数据分析师相关项目，重点使用数据清洗、统计学基础、探索性数据分析、数据可视化、Excel与BI工具、数据建模；岗位、企业和薪资均为演示数据。,模拟岗位/演示数据，不代表真实招聘机会,synthetic,dev
JOB-DATA-0219,ROLE-DATA,数据分析师（0-1年）,医疗信息化,西安,onsite,entry,bachelor_or_equivalent,full_time,11000,18000,参与数据分析师相关项目，重点使用统计学基础、探索性数据分析、数据可视化、Excel与BI工具、数据建模、实验与A/B测试；岗位、企业和薪资均为演示数据。,模拟岗位/演示数据，不代表真实招聘机会,synthetic,dev
JOB-DATA-0220,ROLE-DATA,数据分析师（0-1年）,物流科技,杭州,hybrid,entry,bachelor_or_equivalent,full_time,14000,21000,参与数据分析师相关项目，重点使用探索性数据分析、数据可视化、Excel与BI工具、数据建模、实验与A/B测试、数据工程管道；岗位、企业和薪资均为演示数据。,模拟岗位/演示数据，不代表真实招聘机会,synthetic,dev
JOB-DATA-0221,ROLE-DATA,数据分析师（0-1年）,内容平台,上海,remote,entry,bachelor_or_equivalent,full_time,14500,21500,参与数据分析师相关项目，重点使用数据可视化、Excel与BI工具、数据建模、实验与A/B测试、数据工程管道、问题拆解；岗位、企业和薪资均为演示数据。,模拟岗位/演示数据，不代表真实招聘机会,synthetic,dev
JOB-DATA-0222,ROLE-DATA,数据分析师（0-1年）,企业服务,北京,onsite,entry,bachelor_or_equivalent,full_time,15000,22000,参与数据分析师相关项目，重点使用Excel与BI工具、数据建模、实验与A/B测试、数据工程管道、问题拆解、需求分析；岗位、企业和薪资均为演示数据。,模拟岗位/演示数据，不代表真实招聘机会,synthetic,dev
JOB-DATA-0223,ROLE-DATA,数据分析师（0-1年）,智能制造,深圳,hybrid,entry,bachelor_or_equivalent,full_time,14500,21500,参与数据分析师相关项目，重点使用数据建模、实验与A/B测试、数据工程管道、问题拆解、需求分析、用户研究；岗位、企业和薪资均为演示数据。,模拟岗位/演示数据，不代表真实招聘机会,synthetic,dev
JOB-DATA-0224,ROLE-DATA,数据分析师（0-1年）,教育科技,南京,remote,entry,bachelor_or_equivalent,full_time,12500,19500,参与数据分析师相关项目，重点使用实验与A/B测试、数据工程管道、问题拆解、需求分析、用户研究、指标设计；岗位、企业和薪资均为演示数据。,模拟岗位/演示数据，不代表真实招聘机会,synthetic,dev
JOB-DATA-0225,ROLE-DATA,数据分析师（0-1年）,零售科技,成都,onsite,entry,bachelor_or_equivalent,full_time,11500,18500,参与数据分析师相关项目，重点使用数据工程管道、问题拆解、需求分析、用户研究、指标设计、业务理解；岗位、企业和薪资均为演示数据。,模拟岗位/演示数据，不代表真实招聘机会,synthetic,dev
JOB-DATA-0226,ROLE-DATA,数据分析师（0-1年）,金融科技,武汉,hybrid,entry,bachelor_or_equivalent,full_time,11500,18500,参与数据分析师相关项目，重点使用问题拆解、需求分析、用户研究、指标设计、业务理解、书面沟通；岗位、企业和薪资均为演示数据。,模拟岗位/演示数据，不代表真实招聘机会,synthetic,dev
JOB-DATA-0227,ROLE-DATA,数据分析师（0-1年）,医疗信息化,西安,remote,entry,bachelor_or_equivalent,full_time,11000,18000,参与数据分析师相关项目，重点使用需求分析、用户研究、指标设计、业务理解、书面沟通、表达与汇报；岗位、企业和薪资均为演示数据。,模拟岗位/演示数据，不代表真实招聘机会,synthetic,dev
JOB-DATA-0228,ROLE-DATA,数据分析师（0-1年）,物流科技,杭州,onsite,entry,bachelor_or_equivalent,full_time,14000,21000,参与数据分析师相关项目，重点使用用户研究、指标设计、业务理解、书面沟通、表达与汇报、职业伦理与隐私；岗位、企业和薪资均为演示数据。,模拟岗位/演示数据，不代表真实招聘机会,synthetic,dev
JOB-DATA-0229,ROLE-DATA,数据分析师（0-1年）,内容平台,上海,hybrid,entry,bachelor_or_equivalent,full_time,14500,21500,参与数据分析师相关项目，重点使用指标设计、业务理解、书面沟通、表达与汇报、职业伦理与隐私、Python编程；岗位、企业和薪资均为演示数据。,模拟岗位/演示数据，不代表真实招聘机会,synthetic,dev
JOB-DATA-0230,ROLE-DATA,数据分析师（0-1年）,企业服务,北京,remote,entry,bachelor_or_equivalent,full_time,15000,22000,参与数据分析师相关项目，重点使用业务理解、书面沟通、表达与汇报、职业伦理与隐私、Python编程、SQL；岗位、企业和薪资均为演示数据。,模拟岗位/演示数据，不代表真实招聘机会,synthetic,dev
JOB-DATA-0231,ROLE-DATA,数据分析师（0-1年）,智能制造,深圳,onsite,entry,bachelor_or_equivalent,full_time,14500,21500,参与数据分析师相关项目，重点使用书面沟通、表达与汇报、职业伦理与隐私、Python编程、SQL、数据清洗；岗位、企业和薪资均为演示数据。,模拟岗位/演示数据，不代表真实招聘机会,synthetic,dev
JOB-DATA-0232,ROLE-DATA,数据分析师（0-1年）,教育科技,南京,hybrid,entry,bachelor_or_equivalent,full_time,12500,19500,参与数据分析师相关项目，重点使用表达与汇报、职业伦理与隐私、Python编程、SQL、数据清洗、统计学基础；岗位、企业和薪资均为演示数据。,模拟岗位/演示数据，不代表真实招聘机会,synthetic,dev
JOB-DATA-0233,ROLE-DATA,数据分析师（0-1年）,零售科技,成都,remote,entry,bachelor_or_equivalent,full_time,11500,18500,参与数据分析师相关项目，重点使用职业伦理与隐私、Python编程、SQL、数据清洗、统计学基础、探索性数据分析；岗位、企业和薪资均为演示数据。,模拟岗位/演示数据，不代表真实招聘机会,synthetic,dev
JOB-DATA-0234,ROLE-DATA,数据分析师（0-1年）,金融科技,武汉,onsite,entry,bachelor_or_equivalent,full_time,11500,18500,参与数据分析师相关项目，重点使用Python编程、SQL、数据清洗、统计学基础、探索性数据分析、数据可视化；岗位、企业和薪资均为演示数据。,模拟岗位/演示数据，不代表真实招聘机会,synthetic,dev
JOB-DATA-0235,ROLE-DATA,数据分析师（0-1年）,医疗信息化,西安,hybrid,entry,bachelor_or_equivalent,full_time,11000,18000,参与数据分析师相关项目，重点使用SQL、数据清洗、统计学基础、探索性数据分析、数据可视化、Excel与BI工具；岗位、企业和薪资均为演示数据。,模拟岗位/演示数据，不代表真实招聘机会,synthetic,dev
JOB-DATA-0236,ROLE-DATA,数据分析师（0-1年）,物流科技,杭州,remote,entry,bachelor_or_equivalent,full_time,14000,21000,参与数据分析师相关项目，重点使用数据清洗、统计学基础、探索性数据分析、数据可视化、Excel与BI工具、数据建模；岗位、企业和薪资均为演示数据。,模拟岗位/演示数据，不代表真实招聘机会,synthetic,dev
JOB-DATA-0237,ROLE-DATA,数据分析师（0-1年）,内容平台,上海,onsite,entry,bachelor_or_equivalent,full_time,14500,21500,参与数据分析师相关项目，重点使用统计学基础、探索性数据分析、数据可视化、Excel与BI工具、数据建模、实验与A/B测试；岗位、企业和薪资均为演示数据。,模拟岗位/演示数据，不代表真实招聘机会,synthetic,dev
JOB-DATA-0238,ROLE-DATA,数据分析师（0-1年）,企业服务,北京,hybrid,entry,bachelor_or_equivalent,full_time,15000,22000,参与数据分析师相关项目，重点使用探索性数据分析、数据可视化、Excel与BI工具、数据建模、实验与A/B测试、数据工程管道；岗位、企业和薪资均为演示数据。,模拟岗位/演示数据，不代表真实招聘机会,synthetic,dev
JOB-DATA-0239,ROLE-DATA,数据分析师（0-1年）,智能制造,深圳,remote,entry,bachelor_or_equivalent,full_time,14500,21500,参与数据分析师相关项目，重点使用数据可视化、Excel与BI工具、数据建模、实验与A/B测试、数据工程管道、问题拆解；岗位、企业和薪资均为演示数据。,模拟岗位/演示数据，不代表真实招聘机会,synthetic,dev
JOB-DATA-0240,ROLE-DATA,数据分析师（0-1年）,教育科技,南京,onsite,entry,bachelor_or_equivalent,full_time,12500,19500,参与数据分析师相关项目，重点使用Excel与BI工具、数据建模、实验与A/B测试、数据工程管道、问题拆解、需求分析；岗位、企业和薪资均为演示数据。,模拟岗位/演示数据，不代表真实招聘机会,synthetic,dev
JOB-DATA-0241,ROLE-DATA,数据分析师（0-1年）,零售科技,成都,hybrid,entry,bachelor_or_equivalent,full_time,11500,18500,参与数据分析师相关项目，重点使用数据建模、实验与A/B测试、数据工程管道、问题拆解、需求分析、用户研究；岗位、企业和薪资均为演示数据。,模拟岗位/演示数据，不代表真实招聘机会,synthetic,dev
JOB-DATA-0242,ROLE-DATA,数据分析师（0-1年）,金融科技,武汉,remote,entry,bachelor_or_equivalent,full_time,11500,18500,参与数据分析师相关项目，重点使用实验与A/B测试、数据工程管道、问题拆解、需求分析、用户研究、指标设计；岗位、企业和薪资均为演示数据。,模拟岗位/演示数据，不代表真实招聘机会,synthetic,dev
JOB-DATA-0243,ROLE-DATA,数据分析师（0-1年）,医疗信息化,西安,onsite,entry,bachelor_or_equivalent,full_time,11000,18000,参与数据分析师相关项目，重点使用数据工程管道、问题拆解、需求分析、用户研究、指标设计、业务理解；岗位、企业和薪资均为演示数据。,模拟岗位/演示数据，不代表真实招聘机会,synthetic,dev
JOB-DATA-0244,ROLE-DATA,数据分析师（0-1年）,物流科技,杭州,hybrid,entry,bachelor_or_equivalent,full_time,14000,21000,参与数据分析师相关项目，重点使用问题拆解、需求分析、用户研究、指标设计、业务理解、书面沟通；岗位、企业和薪资均为演示数据。,模拟岗位/演示数据，不代表真实招聘机会,synthetic,dev
JOB-DATA-0245,ROLE-DATA,数据分析师（0-1年）,内容平台,上海,remote,entry,bachelor_or_equivalent,full_time,14500,21500,参与数据分析师相关项目，重点使用需求分析、用户研究、指标设计、业务理解、书面沟通、表达与汇报；岗位、企业和薪资均为演示数据。,模拟岗位/演示数据，不代表真实招聘机会,synthetic,dev
JOB-DATA-0246,ROLE-DATA,数据分析师（0-1年）,企业服务,北京,onsite,entry,bachelor_or_equivalent,full_time,15000,22000,参与数据分析师相关项目，重点使用用户研究、指标设计、业务理解、书面沟通、表达与汇报、职业伦理与隐私；岗位、企业和薪资均为演示数据。,模拟岗位/演示数据，不代表真实招聘机会,synthetic,dev
JOB-DATA-0247,ROLE-DATA,数据分析师（0-1年）,智能制造,深圳,hybrid,entry,bachelor_or_equivalent,full_time,14500,21500,参与数据分析师相关项目，重点使用指标设计、业务理解、书面沟通、表达与汇报、职业伦理与隐私、Python编程；岗位、企业和薪资均为演示数据。,模拟岗位/演示数据，不代表真实招聘机会,synthetic,dev
JOB-DATA-0248,ROLE-DATA,数据分析师（0-1年）,教育科技,南京,remote,entry,bachelor_or_equivalent,full_time,12500,19500,参与数据分析师相关项目，重点使用业务理解、书面沟通、表达与汇报、职业伦理与隐私、Python编程、SQL；岗位、企业和薪资均为演示数据。,模拟岗位/演示数据，不代表真实招聘机会,synthetic,dev
JOB-DATA-0249,ROLE-DATA,数据分析师（0-1年）,零售科技,成都,onsite,entry,bachelor_or_equivalent,full_time,11500,18500,参与数据分析师相关项目，重点使用书面沟通、表达与汇报、职业伦理与隐私、Python编程、SQL、数据清洗；岗位、企业和薪资均为演示数据。,模拟岗位/演示数据，不代表真实招聘机会,synthetic,dev
JOB-DATA-0250,ROLE-DATA,数据分析师（0-1年）,金融科技,武汉,hybrid,entry,bachelor_or_equivalent,full_time,11500,18500,参与数据分析师相关项目，重点使用表达与汇报、职业伦理与隐私、Python编程、SQL、数据清洗、统计学基础；岗位、企业和薪资均为演示数据。,模拟岗位/演示数据，不代表真实招聘机会,synthetic,dev
JOB-DATA-0251,ROLE-DATA,数据分析师（0-1年）,医疗信息化,西安,remote,entry,bachelor_or_equivalent,full_time,11000,18000,参与数据分析师相关项目，重点使用职业伦理与隐私、Python编程、SQL、数据清洗、统计学基础、探索性数据分析；岗位、企业和薪资均为演示数据。,模拟岗位/演示数据，不代表真实招聘机会,synthetic,dev
JOB-DATA-0252,ROLE-DATA,数据分析师（0-1年）,物流科技,杭州,onsite,entry,bachelor_or_equivalent,full_time,14000,21000,参与数据分析师相关项目，重点使用Python编程、SQL、数据清洗、统计学基础、探索性数据分析、数据可视化；岗位、企业和薪资均为演示数据。,模拟岗位/演示数据，不代表真实招聘机会,synthetic,dev
JOB-DATA-0253,ROLE-DATA,数据分析师（0-1年）,内容平台,上海,hybrid,entry,bachelor_or_equivalent,full_time,14500,21500,参与数据分析师相关项目，重点使用SQL、数据清洗、统计学基础、探索性数据分析、数据可视化、Excel与BI工具；岗位、企业和薪资均为演示数据。,模拟岗位/演示数据，不代表真实招聘机会,synthetic,dev
JOB-DATA-0254,ROLE-DATA,数据分析师（0-1年）,企业服务,北京,remote,entry,bachelor_or_equivalent,full_time,15000,22000,参与数据分析师相关项目，重点使用数据清洗、统计学基础、探索性数据分析、数据可视化、Excel与BI工具、数据建模；岗位、企业和薪资均为演示数据。,模拟岗位/演示数据，不代表真实招聘机会,synthetic,dev
JOB-DATA-0255,ROLE-DATA,数据分析师（0-1年）,智能制造,深圳,onsite,entry,bachelor_or_equivalent,full_time,14500,21500,参与数据分析师相关项目，重点使用统计学基础、探索性数据分析、数据可视化、Excel与BI工具、数据建模、实验与A/B测试；岗位、企业和薪资均为演示数据。,模拟岗位/演示数据，不代表真实招聘机会,synthetic,dev
JOB-DATA-0256,ROLE-DATA,数据分析师（0-1年）,教育科技,南京,hybrid,entry,bachelor_or_equivalent,full_time,12500,19500,参与数据分析师相关项目，重点使用探索性数据分析、数据可视化、Excel与BI工具、数据建模、实验与A/B测试、数据工程管道；岗位、企业和薪资均为演示数据。,模拟岗位/演示数据，不代表真实招聘机会,synthetic,dev
JOB-DATA-0257,ROLE-DATA,数据分析师（0-1年）,零售科技,成都,remote,entry,bachelor_or_equivalent,full_time,11500,18500,参与数据分析师相关项目，重点使用数据可视化、Excel与BI工具、数据建模、实验与A/B测试、数据工程管道、问题拆解；岗位、企业和薪资均为演示数据。,模拟岗位/演示数据，不代表真实招聘机会,synthetic,dev
JOB-DATA-0258,ROLE-DATA,数据分析师（0-1年）,金融科技,武汉,onsite,entry,bachelor_or_equivalent,full_time,11500,18500,参与数据分析师相关项目，重点使用Excel与BI工具、数据建模、实验与A/B测试、数据工程管道、问题拆解、需求分析；岗位、企业和薪资均为演示数据。,模拟岗位/演示数据，不代表真实招聘机会,synthetic,dev
JOB-DATA-0259,ROLE-DATA,数据分析师（0-1年）,医疗信息化,西安,hybrid,entry,bachelor_or_equivalent,full_time,11000,18000,参与数据分析师相关项目，重点使用数据建模、实验与A/B测试、数据工程管道、问题拆解、需求分析、用户研究；岗位、企业和薪资均为演示数据。,模拟岗位/演示数据，不代表真实招聘机会,synthetic,dev
JOB-DATA-0260,ROLE-DATA,数据分析师（0-1年）,物流科技,杭州,remote,entry,bachelor_or_equivalent,full_time,14000,21000,参与数据分析师相关项目，重点使用实验与A/B测试、数据工程管道、问题拆解、需求分析、用户研究、指标设计；岗位、企业和薪资均为演示数据。,模拟岗位/演示数据，不代表真实招聘机会,synthetic,dev
JOB-DATA-0261,ROLE-DATA,数据分析师（0-1年）,内容平台,上海,onsite,entry,bachelor_or_equivalent,full_time,14500,21500,参与数据分析师相关项目，重点使用数据工程管道、问题拆解、需求分析、用户研究、指标设计、业务理解；岗位、企业和薪资均为演示数据。,模拟岗位/演示数据，不代表真实招聘机会,synthetic,dev
JOB-DATA-0262,ROLE-DATA,数据分析师（0-1年）,企业服务,北京,hybrid,entry,bachelor_or_equivalent,full_time,15000,22000,参与数据分析师相关项目，重点使用问题拆解、需求分析、用户研究、指标设计、业务理解、书面沟通；岗位、企业和薪资均为演示数据。,模拟岗位/演示数据，不代表真实招聘机会,synthetic,dev
JOB-DATA-0263,ROLE-DATA,数据分析师（0-1年）,智能制造,深圳,remote,entry,bachelor_or_equivalent,full_time,14500,21500,参与数据分析师相关项目，重点使用需求分析、用户研究、指标设计、业务理解、书面沟通、表达与汇报；岗位、企业和薪资均为演示数据。,模拟岗位/演示数据，不代表真实招聘机会,synthetic,dev
JOB-DATA-0264,ROLE-DATA,数据分析师（0-1年）,教育科技,南京,onsite,entry,bachelor_or_equivalent,full_time,12500,19500,参与数据分析师相关项目，重点使用用户研究、指标设计、业务理解、书面沟通、表达与汇报、职业伦理与隐私；岗位、企业和薪资均为演示数据。,模拟岗位/演示数据，不代表真实招聘机会,synthetic,dev
JOB-DATA-0265,ROLE-DATA,数据分析师（0-1年）,零售科技,成都,hybrid,entry,bachelor_or_equivalent,full_time,11500,18500,参与数据分析师相关项目，重点使用指标设计、业务理解、书面沟通、表达与汇报、职业伦理与隐私、Python编程；岗位、企业和薪资均为演示数据。,模拟岗位/演示数据，不代表真实招聘机会,synthetic,dev
JOB-DATA-0266,ROLE-DATA,数据分析师（0-1年）,金融科技,武汉,remote,entry,bachelor_or_equivalent,full_time,11500,18500,参与数据分析师相关项目，重点使用业务理解、书面沟通、表达与汇报、职业伦理与隐私、Python编程、SQL；岗位、企业和薪资均为演示数据。,模拟岗位/演示数据，不代表真实招聘机会,synthetic,dev
JOB-DATA-0267,ROLE-DATA,数据分析师（0-1年）,医疗信息化,西安,onsite,entry,bachelor_or_equivalent,full_time,11000,18000,参与数据分析师相关项目，重点使用书面沟通、表达与汇报、职业伦理与隐私、Python编程、SQL、数据清洗；岗位、企业和薪资均为演示数据。,模拟岗位/演示数据，不代表真实招聘机会,synthetic,dev
JOB-DATA-0268,ROLE-DATA,数据分析师（0-1年）,物流科技,杭州,hybrid,entry,bachelor_or_equivalent,full_time,14000,21000,参与数据分析师相关项目，重点使用表达与汇报、职业伦理与隐私、Python编程、SQL、数据清洗、统计学基础；岗位、企业和薪资均为演示数据。,模拟岗位/演示数据，不代表真实招聘机会,synthetic,dev
JOB-DATA-0269,ROLE-DATA,数据分析师（0-1年）,内容平台,上海,remote,entry,bachelor_or_equivalent,full_time,14500,21500,参与数据分析师相关项目，重点使用职业伦理与隐私、Python编程、SQL、数据清洗、统计学基础、探索性数据分析；岗位、企业和薪资均为演示数据。,模拟岗位/演示数据，不代表真实招聘机会,synthetic,dev
JOB-DATA-0270,ROLE-DATA,数据分析师（0-1年）,企业服务,北京,onsite,entry,bachelor_or_equivalent,full_time,15000,22000,参与数据分析师相关项目，重点使用Python编程、SQL、数据清洗、统计学基础、探索性数据分析、数据可视化；岗位、企业和薪资均为演示数据。,模拟岗位/演示数据，不代表真实招聘机会,synthetic,dev
JOB-DATA-0271,ROLE-DATA,数据分析师（0-1年）,智能制造,深圳,hybrid,entry,bachelor_or_equivalent,full_time,14500,21500,参与数据分析师相关项目，重点使用SQL、数据清洗、统计学基础、探索性数据分析、数据可视化、Excel与BI工具；岗位、企业和薪资均为演示数据。,模拟岗位/演示数据，不代表真实招聘机会,synthetic,dev
JOB-DATA-0272,ROLE-DATA,数据分析师（0-1年）,教育科技,南京,remote,entry,bachelor_or_equivalent,full_time,12500,19500,参与数据分析师相关项目，重点使用数据清洗、统计学基础、探索性数据分析、数据可视化、Excel与BI工具、数据建模；岗位、企业和薪资均为演示数据。,模拟岗位/演示数据，不代表真实招聘机会,synthetic,dev
JOB-DATA-0273,ROLE-DATA,数据分析师（0-1年）,零售科技,成都,onsite,entry,bachelor_or_equivalent,full_time,11500,18500,参与数据分析师相关项目，重点使用统计学基础、探索性数据分析、数据可视化、Excel与BI工具、数据建模、实验与A/B测试；岗位、企业和薪资均为演示数据。,模拟岗位/演示数据，不代表真实招聘机会,synthetic,dev
JOB-DATA-0274,ROLE-DATA,数据分析师（0-1年）,金融科技,武汉,hybrid,entry,bachelor_or_equivalent,full_time,11500,18500,参与数据分析师相关项目，重点使用探索性数据分析、数据可视化、Excel与BI工具、数据建模、实验与A/B测试、数据工程管道；岗位、企业和薪资均为演示数据。,模拟岗位/演示数据，不代表真实招聘机会,synthetic,dev
JOB-DATA-0275,ROLE-DATA,数据分析师（0-1年）,医疗信息化,西安,remote,entry,bachelor_or_equivalent,full_time,11000,18000,参与数据分析师相关项目，重点使用数据可视化、Excel与BI工具、数据建模、实验与A/B测试、数据工程管道、问题拆解；岗位、企业和薪资均为演示数据。,模拟岗位/演示数据，不代表真实招聘机会,synthetic,dev
JOB-DATA-0276,ROLE-DATA,数据分析师（0-1年）,物流科技,杭州,onsite,entry,bachelor_or_equivalent,full_time,14000,21000,参与数据分析师相关项目，重点使用Excel与BI工具、数据建模、实验与A/B测试、数据工程管道、问题拆解、需求分析；岗位、企业和薪资均为演示数据。,模拟岗位/演示数据，不代表真实招聘机会,synthetic,dev
JOB-DATA-0277,ROLE-DATA,数据分析师（0-1年）,内容平台,上海,hybrid,entry,bachelor_or_equivalent,full_time,14500,21500,参与数据分析师相关项目，重点使用数据建模、实验与A/B测试、数据工程管道、问题拆解、需求分析、用户研究；岗位、企业和薪资均为演示数据。,模拟岗位/演示数据，不代表真实招聘机会,synthetic,dev
JOB-DATA-0278,ROLE-DATA,数据分析师（0-1年）,企业服务,北京,remote,entry,bachelor_or_equivalent,full_time,15000,22000,参与数据分析师相关项目，重点使用实验与A/B测试、数据工程管道、问题拆解、需求分析、用户研究、指标设计；岗位、企业和薪资均为演示数据。,模拟岗位/演示数据，不代表真实招聘机会,synthetic,dev
JOB-DATA-0279,ROLE-DATA,数据分析师（0-1年）,智能制造,深圳,onsite,entry,bachelor_or_equivalent,full_time,14500,21500,参与数据分析师相关项目，重点使用数据工程管道、问题拆解、需求分析、用户研究、指标设计、业务理解；岗位、企业和薪资均为演示数据。,模拟岗位/演示数据，不代表真实招聘机会,synthetic,dev
JOB-DATA-0280,ROLE-DATA,数据分析师（0-1年）,教育科技,南京,hybrid,entry,bachelor_or_equivalent,full_time,12500,19500,参与数据分析师相关项目，重点使用问题拆解、需求分析、用户研究、指标设计、业务理解、书面沟通；岗位、企业和薪资均为演示数据。,模拟岗位/演示数据，不代表真实招聘机会,synthetic,dev
JOB-DATA-0281,ROLE-DATA,数据分析师（0-1年）,零售科技,成都,remote,entry,bachelor_or_equivalent,full_time,11500,18500,参与数据分析师相关项目，重点使用需求分析、用户研究、指标设计、业务理解、书面沟通、表达与汇报；岗位、企业和薪资均为演示数据。,模拟岗位/演示数据，不代表真实招聘机会,synthetic,dev
JOB-DATA-0282,ROLE-DATA,数据分析师（0-1年）,金融科技,武汉,onsite,entry,bachelor_or_equivalent,full_time,11500,18500,参与数据分析师相关项目，重点使用用户研究、指标设计、业务理解、书面沟通、表达与汇报、职业伦理与隐私；岗位、企业和薪资均为演示数据。,模拟岗位/演示数据，不代表真实招聘机会,synthetic,dev
JOB-DATA-0283,ROLE-DATA,数据分析师（0-1年）,医疗信息化,西安,hybrid,entry,bachelor_or_equivalent,full_time,11000,18000,参与数据分析师相关项目，重点使用指标设计、业务理解、书面沟通、表达与汇报、职业伦理与隐私、Python编程；岗位、企业和薪资均为演示数据。,模拟岗位/演示数据，不代表真实招聘机会,synthetic,dev
JOB-DATA-0284,ROLE-DATA,数据分析师（0-1年）,物流科技,杭州,remote,entry,bachelor_or_equivalent,full_time,14000,21000,参与数据分析师相关项目，重点使用业务理解、书面沟通、表达与汇报、职业伦理与隐私、Python编程、SQL；岗位、企业和薪资均为演示数据。,模拟岗位/演示数据，不代表真实招聘机会,synthetic,dev
JOB-DATA-0285,ROLE-DATA,数据分析师（0-1年）,内容平台,上海,onsite,entry,bachelor_or_equivalent,full_time,14500,21500,参与数据分析师相关项目，重点使用书面沟通、表达与汇报、职业伦理与隐私、Python编程、SQL、数据清洗；岗位、企业和薪资均为演示数据。,模拟岗位/演示数据，不代表真实招聘机会,synthetic,dev
JOB-DATA-0286,ROLE-DATA,数据分析师（0-1年）,企业服务,北京,hybrid,entry,bachelor_or_equivalent,full_time,15000,22000,参与数据分析师相关项目，重点使用表达与汇报、职业伦理与隐私、Python编程、SQL、数据清洗、统计学基础；岗位、企业和薪资均为演示数据。,模拟岗位/演示数据，不代表真实招聘机会,synthetic,dev
JOB-DATA-0287,ROLE-DATA,数据分析师（0-1年）,智能制造,深圳,remote,entry,bachelor_or_equivalent,full_time,14500,21500,参与数据分析师相关项目，重点使用职业伦理与隐私、Python编程、SQL、数据清洗、统计学基础、探索性数据分析；岗位、企业和薪资均为演示数据。,模拟岗位/演示数据，不代表真实招聘机会,synthetic,dev
JOB-DATA-0288,ROLE-DATA,数据分析师（0-1年）,教育科技,南京,onsite,entry,bachelor_or_equivalent,full_time,12500,19500,参与数据分析师相关项目，重点使用Python编程、SQL、数据清洗、统计学基础、探索性数据分析、数据可视化；岗位、企业和薪资均为演示数据。,模拟岗位/演示数据，不代表真实招聘机会,synthetic,dev
JOB-DATA-0289,ROLE-DATA,数据分析师（0-1年）,零售科技,成都,hybrid,entry,bachelor_or_equivalent,full_time,11500,18500,参与数据分析师相关项目，重点使用SQL、数据清洗、统计学基础、探索性数据分析、数据可视化、Excel与BI工具；岗位、企业和薪资均为演示数据。,模拟岗位/演示数据，不代表真实招聘机会,synthetic,dev
JOB-DATA-0290,ROLE-DATA,数据分析师（0-1年）,金融科技,武汉,remote,entry,bachelor_or_equivalent,full_time,11500,18500,参与数据分析师相关项目，重点使用数据清洗、统计学基础、探索性数据分析、数据可视化、Excel与BI工具、数据建模；岗位、企业和薪资均为演示数据。,模拟岗位/演示数据，不代表真实招聘机会,synthetic,dev
JOB-DATA-0291,ROLE-DATA,数据分析师（0-1年）,医疗信息化,西安,onsite,entry,bachelor_or_equivalent,full_time,11000,18000,参与数据分析师相关项目，重点使用统计学基础、探索性数据分析、数据可视化、Excel与BI工具、数据建模、实验与A/B测试；岗位、企业和薪资均为演示数据。,模拟岗位/演示数据，不代表真实招聘机会,synthetic,dev
JOB-DATA-0292,ROLE-DATA,数据分析师（0-1年）,物流科技,杭州,hybrid,entry,bachelor_or_equivalent,full_time,14000,21000,参与数据分析师相关项目，重点使用探索性数据分析、数据可视化、Excel与BI工具、数据建模、实验与A/B测试、数据工程管道；岗位、企业和薪资均为演示数据。,模拟岗位/演示数据，不代表真实招聘机会,synthetic,dev
JOB-DATA-0293,ROLE-DATA,数据分析师（0-1年）,内容平台,上海,remote,entry,bachelor_or_equivalent,full_time,14500,21500,参与数据分析师相关项目，重点使用数据可视化、Excel与BI工具、数据建模、实验与A/B测试、数据工程管道、问题拆解；岗位、企业和薪资均为演示数据。,模拟岗位/演示数据，不代表真实招聘机会,synthetic,dev
JOB-DATA-0294,ROLE-DATA,数据分析师（0-1年）,企业服务,北京,onsite,entry,bachelor_or_equivalent,full_time,15000,22000,参与数据分析师相关项目，重点使用Excel与BI工具、数据建模、实验与A/B测试、数据工程管道、问题拆解、需求分析；岗位、企业和薪资均为演示数据。,模拟岗位/演示数据，不代表真实招聘机会,synthetic,dev
JOB-DATA-0295,ROLE-DATA,数据分析师（0-1年）,智能制造,深圳,hybrid,entry,bachelor_or_equivalent,full_time,14500,21500,参与数据分析师相关项目，重点使用数据建模、实验与A/B测试、数据工程管道、问题拆解、需求分析、用户研究；岗位、企业和薪资均为演示数据。,模拟岗位/演示数据，不代表真实招聘机会,synthetic,dev
JOB-DATA-0296,ROLE-DATA,数据分析师（0-1年）,教育科技,南京,remote,entry,bachelor_or_equivalent,full_time,12500,19500,参与数据分析师相关项目，重点使用实验与A/B测试、数据工程管道、问题拆解、需求分析、用户研究、指标设计；岗位、企业和薪资均为演示数据。,模拟岗位/演示数据，不代表真实招聘机会,synthetic,dev
JOB-DATA-0297,ROLE-DATA,数据分析师（0-1年）,零售科技,成都,onsite,entry,bachelor_or_equivalent,full_time,11500,18500,参与数据分析师相关项目，重点使用数据工程管道、问题拆解、需求分析、用户研究、指标设计、业务理解；岗位、企业和薪资均为演示数据。,模拟岗位/演示数据，不代表真实招聘机会,synthetic,dev
JOB-DATA-0298,ROLE-DATA,数据分析师（0-1年）,金融科技,武汉,hybrid,entry,bachelor_or_equivalent,full_time,11500,18500,参与数据分析师相关项目，重点使用问题拆解、需求分析、用户研究、指标设计、业务理解、书面沟通；岗位、企业和薪资均为演示数据。,模拟岗位/演示数据，不代表真实招聘机会,synthetic,dev
JOB-DATA-0299,ROLE-DATA,数据分析师（0-1年）,医疗信息化,西安,remote,entry,bachelor_or_equivalent,full_time,11000,18000,参与数据分析师相关项目，重点使用需求分析、用户研究、指标设计、业务理解、书面沟通、表达与汇报；岗位、企业和薪资均为演示数据。,模拟岗位/演示数据，不代表真实招聘机会,synthetic,dev
JOB-DATA-0300,ROLE-DATA,数据分析师（0-1年）,物流科技,杭州,onsite,entry,bachelor_or_equivalent,full_time,14000,21000,参与数据分析师相关项目，重点使用用户研究、指标设计、业务理解、书面沟通、表达与汇报、职业伦理与隐私；岗位、企业和薪资均为演示数据。,模拟岗位/演示数据，不代表真实招聘机会,synthetic,dev
JOB-DATA-0301,ROLE-DATA,数据分析师（0-1年）,内容平台,上海,hybrid,entry,bachelor_or_equivalent,full_time,14500,21500,参与数据分析师相关项目，重点使用指标设计、业务理解、书面沟通、表达与汇报、职业伦理与隐私、Python编程；岗位、企业和薪资均为演示数据。,模拟岗位/演示数据，不代表真实招聘机会,synthetic,dev
JOB-DATA-0302,ROLE-DATA,数据分析师（0-1年）,企业服务,北京,remote,entry,bachelor_or_equivalent,full_time,15000,22000,参与数据分析师相关项目，重点使用业务理解、书面沟通、表达与汇报、职业伦理与隐私、Python编程、SQL；岗位、企业和薪资均为演示数据。,模拟岗位/演示数据，不代表真实招聘机会,synthetic,dev
JOB-DATA-0303,ROLE-DATA,数据分析师（0-1年）,智能制造,深圳,onsite,entry,bachelor_or_equivalent,full_time,14500,21500,参与数据分析师相关项目，重点使用书面沟通、表达与汇报、职业伦理与隐私、Python编程、SQL、数据清洗；岗位、企业和薪资均为演示数据。,模拟岗位/演示数据，不代表真实招聘机会,synthetic,dev
JOB-DATA-0304,ROLE-DATA,数据分析师（0-1年）,教育科技,南京,hybrid,entry,bachelor_or_equivalent,full_time,12500,19500,参与数据分析师相关项目，重点使用表达与汇报、职业伦理与隐私、Python编程、SQL、数据清洗、统计学基础；岗位、企业和薪资均为演示数据。,模拟岗位/演示数据，不代表真实招聘机会,synthetic,dev
JOB-DATA-0305,ROLE-DATA,数据分析师（0-1年）,零售科技,成都,remote,entry,bachelor_or_equivalent,full_time,11500,18500,参与数据分析师相关项目，重点使用职业伦理与隐私、Python编程、SQL、数据清洗、统计学基础、探索性数据分析；岗位、企业和薪资均为演示数据。,模拟岗位/演示数据，不代表真实招聘机会,synthetic,dev
JOB-DATA-0306,ROLE-DATA,数据分析师（0-1年）,金融科技,武汉,onsite,entry,bachelor_or_equivalent,full_time,11500,18500,参与数据分析师相关项目，重点使用Python编程、SQL、数据清洗、统计学基础、探索性数据分析、数据可视化；岗位、企业和薪资均为演示数据。,模拟岗位/演示数据，不代表真实招聘机会,synthetic,dev
JOB-DATA-0307,ROLE-DATA,数据分析师（0-1年）,医疗信息化,西安,hybrid,entry,bachelor_or_equivalent,full_time,11000,18000,参与数据分析师相关项目，重点使用SQL、数据清洗、统计学基础、探索性数据分析、数据可视化、Excel与BI工具；岗位、企业和薪资均为演示数据。,模拟岗位/演示数据，不代表真实招聘机会,synthetic,dev
JOB-DATA-0308,ROLE-DATA,数据分析师（0-1年）,物流科技,杭州,remote,entry,bachelor_or_equivalent,full_time,14000,21000,参与数据分析师相关项目，重点使用数据清洗、统计学基础、探索性数据分析、数据可视化、Excel与BI工具、数据建模；岗位、企业和薪资均为演示数据。,模拟岗位/演示数据，不代表真实招聘机会,synthetic,dev
JOB-DATA-0309,ROLE-DATA,数据分析师（0-1年）,内容平台,上海,onsite,entry,bachelor_or_equivalent,full_time,14500,21500,参与数据分析师相关项目，重点使用统计学基础、探索性数据分析、数据可视化、Excel与BI工具、数据建模、实验与A/B测试；岗位、企业和薪资均为演示数据。,模拟岗位/演示数据，不代表真实招聘机会,synthetic,dev
JOB-DATA-0310,ROLE-DATA,数据分析师（0-1年）,企业服务,北京,hybrid,entry,bachelor_or_equivalent,full_time,15000,22000,参与数据分析师相关项目，重点使用探索性数据分析、数据可视化、Excel与BI工具、数据建模、实验与A/B测试、数据工程管道；岗位、企业和薪资均为演示数据。,模拟岗位/演示数据，不代表真实招聘机会,synthetic,dev
JOB-DATA-0311,ROLE-DATA,数据分析师（0-1年）,智能制造,深圳,remote,entry,bachelor_or_equivalent,full_time,14500,21500,参与数据分析师相关项目，重点使用数据可视化、Excel与BI工具、数据建模、实验与A/B测试、数据工程管道、问题拆解；岗位、企业和薪资均为演示数据。,模拟岗位/演示数据，不代表真实招聘机会,synthetic,dev
JOB-DATA-0312,ROLE-DATA,数据分析师（0-1年）,教育科技,南京,onsite,entry,bachelor_or_equivalent,full_time,12500,19500,参与数据分析师相关项目，重点使用Excel与BI工具、数据建模、实验与A/B测试、数据工程管道、问题拆解、需求分析；岗位、企业和薪资均为演示数据。,模拟岗位/演示数据，不代表真实招聘机会,synthetic,dev
JOB-DATA-0313,ROLE-DATA,数据分析师（0-1年）,零售科技,成都,hybrid,entry,bachelor_or_equivalent,full_time,11500,18500,参与数据分析师相关项目，重点使用数据建模、实验与A/B测试、数据工程管道、问题拆解、需求分析、用户研究；岗位、企业和薪资均为演示数据。,模拟岗位/演示数据，不代表真实招聘机会,synthetic,dev
JOB-DATA-0314,ROLE-DATA,数据分析师（0-1年）,金融科技,武汉,remote,entry,bachelor_or_equivalent,full_time,11500,18500,参与数据分析师相关项目，重点使用实验与A/B测试、数据工程管道、问题拆解、需求分析、用户研究、指标设计；岗位、企业和薪资均为演示数据。,模拟岗位/演示数据，不代表真实招聘机会,synthetic,dev
JOB-DATA-0315,ROLE-DATA,数据分析师（0-1年）,医疗信息化,西安,onsite,entry,bachelor_or_equivalent,full_time,11000,18000,参与数据分析师相关项目，重点使用数据工程管道、问题拆解、需求分析、用户研究、指标设计、业务理解；岗位、企业和薪资均为演示数据。,模拟岗位/演示数据，不代表真实招聘机会,synthetic,dev
JOB-DATA-0316,ROLE-DATA,数据分析师（0-1年）,物流科技,杭州,hybrid,entry,bachelor_or_equivalent,full_time,14000,21000,参与数据分析师相关项目，重点使用问题拆解、需求分析、用户研究、指标设计、业务理解、书面沟通；岗位、企业和薪资均为演示数据。,模拟岗位/演示数据，不代表真实招聘机会,synthetic,dev
JOB-DATA-0317,ROLE-DATA,数据分析师（0-1年）,内容平台,上海,remote,entry,bachelor_or_equivalent,full_time,14500,21500,参与数据分析师相关项目，重点使用需求分析、用户研究、指标设计、业务理解、书面沟通、表达与汇报；岗位、企业和薪资均为演示数据。,模拟岗位/演示数据，不代表真实招聘机会,synthetic,dev
JOB-DATA-0318,ROLE-DATA,数据分析师（0-1年）,企业服务,北京,onsite,entry,bachelor_or_equivalent,full_time,15000,22000,参与数据分析师相关项目，重点使用用户研究、指标设计、业务理解、书面沟通、表达与汇报、职业伦理与隐私；岗位、企业和薪资均为演示数据。,模拟岗位/演示数据，不代表真实招聘机会,synthetic,dev
JOB-DATA-0319,ROLE-DATA,数据分析师（0-1年）,智能制造,深圳,hybrid,entry,bachelor_or_equivalent,full_time,14500,21500,参与数据分析师相关项目，重点使用指标设计、业务理解、书面沟通、表达与汇报、职业伦理与隐私、Python编程；岗位、企业和薪资均为演示数据。,模拟岗位/演示数据，不代表真实招聘机会,synthetic,dev
JOB-DATA-0320,ROLE-DATA,数据分析师（0-1年）,教育科技,南京,remote,entry,bachelor_or_equivalent,full_time,12500,19500,参与数据分析师相关项目，重点使用业务理解、书面沟通、表达与汇报、职业伦理与隐私、Python编程、SQL；岗位、企业和薪资均为演示数据。,模拟岗位/演示数据，不代表真实招聘机会,synthetic,dev
JOB-DATA-0321,ROLE-DATA,数据分析师（0-1年）,零售科技,成都,onsite,entry,bachelor_or_equivalent,full_time,11500,18500,参与数据分析师相关项目，重点使用书面沟通、表达与汇报、职业伦理与隐私、Python编程、SQL、数据清洗；岗位、企业和薪资均为演示数据。,模拟岗位/演示数据，不代表真实招聘机会,synthetic,dev
JOB-DATA-0322,ROLE-DATA,数据分析师（0-1年）,金融科技,武汉,hybrid,entry,bachelor_or_equivalent,full_time,11500,18500,参与数据分析师相关项目，重点使用表达与汇报、职业伦理与隐私、Python编程、SQL、数据清洗、统计学基础；岗位、企业和薪资均为演示数据。,模拟岗位/演示数据，不代表真实招聘机会,synthetic,dev
JOB-DATA-0323,ROLE-DATA,数据分析师（0-1年）,医疗信息化,西安,remote,entry,bachelor_or_equivalent,full_time,11000,18000,参与数据分析师相关项目，重点使用职业伦理与隐私、Python编程、SQL、数据清洗、统计学基础、探索性数据分析；岗位、企业和薪资均为演示数据。,模拟岗位/演示数据，不代表真实招聘机会,synthetic,dev
JOB-DATA-0324,ROLE-DATA,数据分析师（0-1年）,物流科技,杭州,onsite,entry,bachelor_or_equivalent,full_time,14000,21000,参与数据分析师相关项目，重点使用Python编程、SQL、数据清洗、统计学基础、探索性数据分析、数据可视化；岗位、企业和薪资均为演示数据。,模拟岗位/演示数据，不代表真实招聘机会,synthetic,dev
JOB-DATA-0325,ROLE-DATA,数据分析师（0-1年）,内容平台,上海,hybrid,entry,bachelor_or_equivalent,full_time,14500,21500,参与数据分析师相关项目，重点使用SQL、数据清洗、统计学基础、探索性数据分析、数据可视化、Excel与BI工具；岗位、企业和薪资均为演示数据。,模拟岗位/演示数据，不代表真实招聘机会,synthetic,dev
JOB-DATA-0326,ROLE-DATA,数据分析师（0-1年）,企业服务,北京,remote,entry,bachelor_or_equivalent,full_time,15000,22000,参与数据分析师相关项目，重点使用数据清洗、统计学基础、探索性数据分析、数据可视化、Excel与BI工具、数据建模；岗位、企业和薪资均为演示数据。,模拟岗位/演示数据，不代表真实招聘机会,synthetic,dev
JOB-DATA-0327,ROLE-DATA,数据分析师（0-1年）,智能制造,深圳,onsite,entry,bachelor_or_equivalent,full_time,14500,21500,参与数据分析师相关项目，重点使用统计学基础、探索性数据分析、数据可视化、Excel与BI工具、数据建模、实验与A/B测试；岗位、企业和薪资均为演示数据。,模拟岗位/演示数据，不代表真实招聘机会,synthetic,dev
JOB-DATA-0328,ROLE-DATA,数据分析师（0-1年）,教育科技,南京,hybrid,entry,bachelor_or_equivalent,full_time,12500,19500,参与数据分析师相关项目，重点使用探索性数据分析、数据可视化、Excel与BI工具、数据建模、实验与A/B测试、数据工程管道；岗位、企业和薪资均为演示数据。,模拟岗位/演示数据，不代表真实招聘机会,synthetic,dev
JOB-DATA-0329,ROLE-DATA,数据分析师（0-1年）,零售科技,成都,remote,entry,bachelor_or_equivalent,full_time,11500,18500,参与数据分析师相关项目，重点使用数据可视化、Excel与BI工具、数据建模、实验与A/B测试、数据工程管道、问题拆解；岗位、企业和薪资均为演示数据。,模拟岗位/演示数据，不代表真实招聘机会,synthetic,dev
JOB-DATA-0330,ROLE-DATA,数据分析师（0-1年）,金融科技,武汉,onsite,entry,bachelor_or_equivalent,full_time,11500,18500,参与数据分析师相关项目，重点使用Excel与BI工具、数据建模、实验与A/B测试、数据工程管道、问题拆解、需求分析；岗位、企业和薪资均为演示数据。,模拟岗位/演示数据，不代表真实招聘机会,synthetic,dev
JOB-DATA-0331,ROLE-DATA,数据分析师（0-1年）,医疗信息化,西安,hybrid,entry,bachelor_or_equivalent,full_time,11000,18000,参与数据分析师相关项目，重点使用数据建模、实验与A/B测试、数据工程管道、问题拆解、需求分析、用户研究；岗位、企业和薪资均为演示数据。,模拟岗位/演示数据，不代表真实招聘机会,synthetic,dev
JOB-DATA-0332,ROLE-DATA,数据分析师（0-1年）,物流科技,杭州,remote,entry,bachelor_or_equivalent,full_time,14000,21000,参与数据分析师相关项目，重点使用实验与A/B测试、数据工程管道、问题拆解、需求分析、用户研究、指标设计；岗位、企业和薪资均为演示数据。,模拟岗位/演示数据，不代表真实招聘机会,synthetic,dev
JOB-DATA-0333,ROLE-DATA,数据分析师（0-1年）,内容平台,上海,onsite,entry,bachelor_or_equivalent,full_time,14500,21500,参与数据分析师相关项目，重点使用数据工程管道、问题拆解、需求分析、用户研究、指标设计、业务理解；岗位、企业和薪资均为演示数据。,模拟岗位/演示数据，不代表真实招聘机会,synthetic,dev
JOB-DATA-0334,ROLE-DATA,数据分析师（0-1年）,企业服务,北京,hybrid,entry,bachelor_or_equivalent,full_time,15000,22000,参与数据分析师相关项目，重点使用问题拆解、需求分析、用户研究、指标设计、业务理解、书面沟通；岗位、企业和薪资均为演示数据。,模拟岗位/演示数据，不代表真实招聘机会,synthetic,dev
JOB-DATA-0335,ROLE-DATA,数据分析师（1-3年）,智能制造,深圳,remote,junior,bachelor_or_equivalent,full_time,20000,31000,参与数据分析师相关项目，重点使用需求分析、用户研究、指标设计、业务理解、书面沟通、表达与汇报；岗位、企业和薪资均为演示数据。,模拟岗位/演示数据，不代表真实招聘机会,synthetic,dev
JOB-DATA-0336,ROLE-DATA,数据分析师（1-3年）,教育科技,南京,onsite,junior,bachelor_or_equivalent,full_time,17500,28500,参与数据分析师相关项目，重点使用用户研究、指标设计、业务理解、书面沟通、表达与汇报、职业伦理与隐私；岗位、企业和薪资均为演示数据。,模拟岗位/演示数据，不代表真实招聘机会,synthetic,dev
JOB-DATA-0337,ROLE-DATA,数据分析师（1-3年）,零售科技,成都,hybrid,junior,bachelor_or_equivalent,full_time,16000,27000,参与数据分析师相关项目，重点使用指标设计、业务理解、书面沟通、表达与汇报、职业伦理与隐私、Python编程；岗位、企业和薪资均为演示数据。,模拟岗位/演示数据，不代表真实招聘机会,synthetic,dev
JOB-DATA-0338,ROLE-DATA,数据分析师（1-3年）,金融科技,武汉,remote,junior,bachelor_or_equivalent,full_time,16000,27000,参与数据分析师相关项目，重点使用业务理解、书面沟通、表达与汇报、职业伦理与隐私、Python编程、SQL；岗位、企业和薪资均为演示数据。,模拟岗位/演示数据，不代表真实招聘机会,synthetic,dev
JOB-DATA-0339,ROLE-DATA,数据分析师（1-3年）,医疗信息化,西安,onsite,junior,bachelor_or_equivalent,full_time,15500,26500,参与数据分析师相关项目，重点使用书面沟通、表达与汇报、职业伦理与隐私、Python编程、SQL、数据清洗；岗位、企业和薪资均为演示数据。,模拟岗位/演示数据，不代表真实招聘机会,synthetic,dev
JOB-DATA-0340,ROLE-DATA,数据分析师（1-3年）,物流科技,杭州,hybrid,junior,bachelor_or_equivalent,full_time,19000,30000,参与数据分析师相关项目，重点使用表达与汇报、职业伦理与隐私、Python编程、SQL、数据清洗、统计学基础；岗位、企业和薪资均为演示数据。,模拟岗位/演示数据，不代表真实招聘机会,synthetic,dev
JOB-DATA-0341,ROLE-DATA,数据分析师（1-3年）,内容平台,上海,remote,junior,bachelor_or_equivalent,full_time,20000,31000,参与数据分析师相关项目，重点使用职业伦理与隐私、Python编程、SQL、数据清洗、统计学基础、探索性数据分析；岗位、企业和薪资均为演示数据。,模拟岗位/演示数据，不代表真实招聘机会,synthetic,dev
JOB-DATA-0342,ROLE-DATA,数据分析师（1-3年）,企业服务,北京,onsite,junior,bachelor_or_equivalent,full_time,20500,31500,参与数据分析师相关项目，重点使用Python编程、SQL、数据清洗、统计学基础、探索性数据分析、数据可视化；岗位、企业和薪资均为演示数据。,模拟岗位/演示数据，不代表真实招聘机会,synthetic,dev
JOB-DATA-0343,ROLE-DATA,数据分析师（1-3年）,智能制造,深圳,hybrid,junior,bachelor_or_equivalent,full_time,20000,31000,参与数据分析师相关项目，重点使用SQL、数据清洗、统计学基础、探索性数据分析、数据可视化、Excel与BI工具；岗位、企业和薪资均为演示数据。,模拟岗位/演示数据，不代表真实招聘机会,synthetic,dev
JOB-DATA-0344,ROLE-DATA,数据分析师（1-3年）,教育科技,南京,remote,junior,bachelor_or_equivalent,full_time,17500,28500,参与数据分析师相关项目，重点使用数据清洗、统计学基础、探索性数据分析、数据可视化、Excel与BI工具、数据建模；岗位、企业和薪资均为演示数据。,模拟岗位/演示数据，不代表真实招聘机会,synthetic,dev
JOB-DATA-0345,ROLE-DATA,数据分析师（1-3年）,零售科技,成都,onsite,junior,bachelor_or_equivalent,full_time,16000,27000,参与数据分析师相关项目，重点使用统计学基础、探索性数据分析、数据可视化、Excel与BI工具、数据建模、实验与A/B测试；岗位、企业和薪资均为演示数据。,模拟岗位/演示数据，不代表真实招聘机会,synthetic,dev
JOB-DATA-0346,ROLE-DATA,数据分析师（1-3年）,金融科技,武汉,hybrid,junior,bachelor_or_equivalent,full_time,16000,27000,参与数据分析师相关项目，重点使用探索性数据分析、数据可视化、Excel与BI工具、数据建模、实验与A/B测试、数据工程管道；岗位、企业和薪资均为演示数据。,模拟岗位/演示数据，不代表真实招聘机会,synthetic,dev
JOB-DATA-0347,ROLE-DATA,数据分析师（1-3年）,医疗信息化,西安,remote,junior,bachelor_or_equivalent,full_time,15500,26500,参与数据分析师相关项目，重点使用数据可视化、Excel与BI工具、数据建模、实验与A/B测试、数据工程管道、问题拆解；岗位、企业和薪资均为演示数据。,模拟岗位/演示数据，不代表真实招聘机会,synthetic,dev
JOB-DATA-0348,ROLE-DATA,数据分析师（1-3年）,物流科技,杭州,onsite,junior,bachelor_or_equivalent,full_time,19000,30000,参与数据分析师相关项目，重点使用Excel与BI工具、数据建模、实验与A/B测试、数据工程管道、问题拆解、需求分析；岗位、企业和薪资均为演示数据。,模拟岗位/演示数据，不代表真实招聘机会,synthetic,dev
JOB-DATA-0349,ROLE-DATA,数据分析师（1-3年）,内容平台,上海,hybrid,junior,bachelor_or_equivalent,full_time,20000,31000,参与数据分析师相关项目，重点使用数据建模、实验与A/B测试、数据工程管道、问题拆解、需求分析、用户研究；岗位、企业和薪资均为演示数据。,模拟岗位/演示数据，不代表真实招聘机会,synthetic,dev
JOB-DATA-0350,ROLE-DATA,数据分析师（1-3年）,企业服务,北京,remote,junior,bachelor_or_equivalent,full_time,20500,31500,参与数据分析师相关项目，重点使用实验与A/B测试、数据工程管道、问题拆解、需求分析、用户研究、指标设计；岗位、企业和薪资均为演示数据。,模拟岗位/演示数据，不代表真实招聘机会,synthetic,dev
JOB-DATA-0351,ROLE-DATA,数据分析师（1-3年）,智能制造,深圳,onsite,junior,bachelor_or_equivalent,full_time,20000,31000,参与数据分析师相关项目，重点使用数据工程管道、问题拆解、需求分析、用户研究、指标设计、业务理解；岗位、企业和薪资均为演示数据。,模拟岗位/演示数据，不代表真实招聘机会,synthetic,dev
JOB-DATA-0352,ROLE-DATA,数据分析师（1-3年）,教育科技,南京,hybrid,junior,bachelor_or_equivalent,full_time,17500,28500,参与数据分析师相关项目，重点使用问题拆解、需求分析、用户研究、指标设计、业务理解、书面沟通；岗位、企业和薪资均为演示数据。,模拟岗位/演示数据，不代表真实招聘机会,synthetic,dev
JOB-DATA-0353,ROLE-DATA,数据分析师（1-3年）,零售科技,成都,remote,junior,bachelor_or_equivalent,full_time,16000,27000,参与数据分析师相关项目，重点使用需求分析、用户研究、指标设计、业务理解、书面沟通、表达与汇报；岗位、企业和薪资均为演示数据。,模拟岗位/演示数据，不代表真实招聘机会,synthetic,dev
JOB-DATA-0354,ROLE-DATA,数据分析师（1-3年）,金融科技,武汉,onsite,junior,bachelor_or_equivalent,full_time,16000,27000,参与数据分析师相关项目，重点使用用户研究、指标设计、业务理解、书面沟通、表达与汇报、职业伦理与隐私；岗位、企业和薪资均为演示数据。,模拟岗位/演示数据，不代表真实招聘机会,synthetic,dev
JOB-DATA-0355,ROLE-DATA,数据分析师（1-3年）,医疗信息化,西安,hybrid,junior,bachelor_or_equivalent,full_time,15500,26500,参与数据分析师相关项目，重点使用指标设计、业务理解、书面沟通、表达与汇报、职业伦理与隐私、Python编程；岗位、企业和薪资均为演示数据。,模拟岗位/演示数据，不代表真实招聘机会,synthetic,dev
JOB-DATA-0356,ROLE-DATA,数据分析师（1-3年）,物流科技,杭州,remote,junior,bachelor_or_equivalent,full_time,19000,30000,参与数据分析师相关项目，重点使用业务理解、书面沟通、表达与汇报、职业伦理与隐私、Python编程、SQL；岗位、企业和薪资均为演示数据。,模拟岗位/演示数据，不代表真实招聘机会,synthetic,dev
JOB-DATA-0357,ROLE-DATA,数据分析师（1-3年）,内容平台,上海,onsite,junior,bachelor_or_equivalent,full_time,20000,31000,参与数据分析师相关项目，重点使用书面沟通、表达与汇报、职业伦理与隐私、Python编程、SQL、数据清洗；岗位、企业和薪资均为演示数据。,模拟岗位/演示数据，不代表真实招聘机会,synthetic,dev
JOB-DATA-0358,ROLE-DATA,数据分析师（1-3年）,企业服务,北京,hybrid,junior,bachelor_or_equivalent,full_time,20500,31500,参与数据分析师相关项目，重点使用表达与汇报、职业伦理与隐私、Python编程、SQL、数据清洗、统计学基础；岗位、企业和薪资均为演示数据。,模拟岗位/演示数据，不代表真实招聘机会,synthetic,dev
JOB-DATA-0359,ROLE-DATA,数据分析师（1-3年）,智能制造,深圳,remote,junior,bachelor_or_equivalent,full_time,20000,31000,参与数据分析师相关项目，重点使用职业伦理与隐私、Python编程、SQL、数据清洗、统计学基础、探索性数据分析；岗位、企业和薪资均为演示数据。,模拟岗位/演示数据，不代表真实招聘机会,synthetic,dev
JOB-DATA-0360,ROLE-DATA,数据分析师（1-3年）,教育科技,南京,onsite,junior,bachelor_or_equivalent,full_time,17500,28500,参与数据分析师相关项目，重点使用Python编程、SQL、数据清洗、统计学基础、探索性数据分析、数据可视化；岗位、企业和薪资均为演示数据。,模拟岗位/演示数据，不代表真实招聘机会,synthetic,dev
JOB-DATA-0361,ROLE-DATA,数据分析师（1-3年）,零售科技,成都,hybrid,junior,bachelor_or_equivalent,full_time,16000,27000,参与数据分析师相关项目，重点使用SQL、数据清洗、统计学基础、探索性数据分析、数据可视化、Excel与BI工具；岗位、企业和薪资均为演示数据。,模拟岗位/演示数据，不代表真实招聘机会,synthetic,dev
JOB-DATA-0362,ROLE-DATA,数据分析师（1-3年）,金融科技,武汉,remote,junior,bachelor_or_equivalent,full_time,16000,27000,参与数据分析师相关项目，重点使用数据清洗、统计学基础、探索性数据分析、数据可视化、Excel与BI工具、数据建模；岗位、企业和薪资均为演示数据。,模拟岗位/演示数据，不代表真实招聘机会,synthetic,dev
JOB-DATA-0363,ROLE-DATA,数据分析师（1-3年）,医疗信息化,西安,onsite,junior,bachelor_or_equivalent,full_time,15500,26500,参与数据分析师相关项目，重点使用统计学基础、探索性数据分析、数据可视化、Excel与BI工具、数据建模、实验与A/B测试；岗位、企业和薪资均为演示数据。,模拟岗位/演示数据，不代表真实招聘机会,synthetic,dev
JOB-DATA-0364,ROLE-DATA,数据分析师（1-3年）,物流科技,杭州,hybrid,junior,bachelor_or_equivalent,full_time,19000,30000,参与数据分析师相关项目，重点使用探索性数据分析、数据可视化、Excel与BI工具、数据建模、实验与A/B测试、数据工程管道；岗位、企业和薪资均为演示数据。,模拟岗位/演示数据，不代表真实招聘机会,synthetic,dev
JOB-DATA-0365,ROLE-DATA,数据分析师（1-3年）,内容平台,上海,remote,junior,bachelor_or_equivalent,full_time,20000,31000,参与数据分析师相关项目，重点使用数据可视化、Excel与BI工具、数据建模、实验与A/B测试、数据工程管道、问题拆解；岗位、企业和薪资均为演示数据。,模拟岗位/演示数据，不代表真实招聘机会,synthetic,dev
JOB-DATA-0366,ROLE-DATA,数据分析师（1-3年）,企业服务,北京,onsite,junior,bachelor_or_equivalent,full_time,20500,31500,参与数据分析师相关项目，重点使用Excel与BI工具、数据建模、实验与A/B测试、数据工程管道、问题拆解、需求分析；岗位、企业和薪资均为演示数据。,模拟岗位/演示数据，不代表真实招聘机会,synthetic,dev
JOB-DATA-0367,ROLE-DATA,数据分析师（1-3年）,智能制造,深圳,hybrid,junior,bachelor_or_equivalent,full_time,20000,31000,参与数据分析师相关项目，重点使用数据建模、实验与A/B测试、数据工程管道、问题拆解、需求分析、用户研究；岗位、企业和薪资均为演示数据。,模拟岗位/演示数据，不代表真实招聘机会,synthetic,dev
JOB-DATA-0368,ROLE-DATA,数据分析师（1-3年）,教育科技,南京,remote,junior,bachelor_or_equivalent,full_time,17500,28500,参与数据分析师相关项目，重点使用实验与A/B测试、数据工程管道、问题拆解、需求分析、用户研究、指标设计；岗位、企业和薪资均为演示数据。,模拟岗位/演示数据，不代表真实招聘机会,synthetic,dev
JOB-DATA-0369,ROLE-DATA,数据分析师（1-3年）,零售科技,成都,onsite,junior,bachelor_or_equivalent,full_time,16000,27000,参与数据分析师相关项目，重点使用数据工程管道、问题拆解、需求分析、用户研究、指标设计、业务理解；岗位、企业和薪资均为演示数据。,模拟岗位/演示数据，不代表真实招聘机会,synthetic,dev
JOB-DATA-0370,ROLE-DATA,数据分析师（1-3年）,金融科技,武汉,hybrid,junior,bachelor_or_equivalent,full_time,16000,27000,参与数据分析师相关项目，重点使用问题拆解、需求分析、用户研究、指标设计、业务理解、书面沟通；岗位、企业和薪资均为演示数据。,模拟岗位/演示数据，不代表真实招聘机会,synthetic,dev
JOB-DATA-0371,ROLE-DATA,数据分析师（1-3年）,医疗信息化,西安,remote,junior,bachelor_or_equivalent,full_time,15500,26500,参与数据分析师相关项目，重点使用需求分析、用户研究、指标设计、业务理解、书面沟通、表达与汇报；岗位、企业和薪资均为演示数据。,模拟岗位/演示数据，不代表真实招聘机会,synthetic,dev
JOB-DATA-0372,ROLE-DATA,数据分析师（1-3年）,物流科技,杭州,onsite,junior,bachelor_or_equivalent,full_time,19000,30000,参与数据分析师相关项目，重点使用用户研究、指标设计、业务理解、书面沟通、表达与汇报、职业伦理与隐私；岗位、企业和薪资均为演示数据。,模拟岗位/演示数据，不代表真实招聘机会,synthetic,dev
JOB-DATA-0373,ROLE-DATA,数据分析师（1-3年）,内容平台,上海,hybrid,junior,bachelor_or_equivalent,full_time,20000,31000,参与数据分析师相关项目，重点使用指标设计、业务理解、书面沟通、表达与汇报、职业伦理与隐私、Python编程；岗位、企业和薪资均为演示数据。,模拟岗位/演示数据，不代表真实招聘机会,synthetic,dev
JOB-DATA-0374,ROLE-DATA,数据分析师（1-3年）,企业服务,北京,remote,junior,bachelor_or_equivalent,full_time,20500,31500,参与数据分析师相关项目，重点使用业务理解、书面沟通、表达与汇报、职业伦理与隐私、Python编程、SQL；岗位、企业和薪资均为演示数据。,模拟岗位/演示数据，不代表真实招聘机会,synthetic,dev
JOB-DATA-0375,ROLE-DATA,数据分析师（1-3年）,智能制造,深圳,onsite,junior,bachelor_or_equivalent,full_time,20000,31000,参与数据分析师相关项目，重点使用书面沟通、表达与汇报、职业伦理与隐私、Python编程、SQL、数据清洗；岗位、企业和薪资均为演示数据。,模拟岗位/演示数据，不代表真实招聘机会,synthetic,dev
JOB-DATA-0376,ROLE-DATA,数据分析师（1-3年）,教育科技,南京,hybrid,junior,bachelor_or_equivalent,full_time,17500,28500,参与数据分析师相关项目，重点使用表达与汇报、职业伦理与隐私、Python编程、SQL、数据清洗、统计学基础；岗位、企业和薪资均为演示数据。,模拟岗位/演示数据，不代表真实招聘机会,synthetic,dev
JOB-DATA-0377,ROLE-DATA,数据分析师（1-3年）,零售科技,成都,remote,junior,bachelor_or_equivalent,full_time,16000,27000,参与数据分析师相关项目，重点使用职业伦理与隐私、Python编程、SQL、数据清洗、统计学基础、探索性数据分析；岗位、企业和薪资均为演示数据。,模拟岗位/演示数据，不代表真实招聘机会,synthetic,dev
JOB-DATA-0378,ROLE-DATA,数据分析师（1-3年）,金融科技,武汉,onsite,junior,bachelor_or_equivalent,full_time,16000,27000,参与数据分析师相关项目，重点使用Python编程、SQL、数据清洗、统计学基础、探索性数据分析、数据可视化；岗位、企业和薪资均为演示数据。,模拟岗位/演示数据，不代表真实招聘机会,synthetic,dev
JOB-DATA-0379,ROLE-DATA,数据分析师（1-3年）,医疗信息化,西安,hybrid,junior,bachelor_or_equivalent,full_time,15500,26500,参与数据分析师相关项目，重点使用SQL、数据清洗、统计学基础、探索性数据分析、数据可视化、Excel与BI工具；岗位、企业和薪资均为演示数据。,模拟岗位/演示数据，不代表真实招聘机会,synthetic,dev
JOB-DATA-0380,ROLE-DATA,数据分析师（1-3年）,物流科技,杭州,remote,junior,bachelor_or_equivalent,full_time,19000,30000,参与数据分析师相关项目，重点使用数据清洗、统计学基础、探索性数据分析、数据可视化、Excel与BI工具、数据建模；岗位、企业和薪资均为演示数据。,模拟岗位/演示数据，不代表真实招聘机会,synthetic,dev
JOB-DATA-0381,ROLE-DATA,数据分析师（1-3年）,内容平台,上海,onsite,junior,bachelor_or_equivalent,full_time,20000,31000,参与数据分析师相关项目，重点使用统计学基础、探索性数据分析、数据可视化、Excel与BI工具、数据建模、实验与A/B测试；岗位、企业和薪资均为演示数据。,模拟岗位/演示数据，不代表真实招聘机会,synthetic,dev
JOB-DATA-0382,ROLE-DATA,数据分析师（1-3年）,企业服务,北京,hybrid,junior,bachelor_or_equivalent,full_time,20500,31500,参与数据分析师相关项目，重点使用探索性数据分析、数据可视化、Excel与BI工具、数据建模、实验与A/B测试、数据工程管道；岗位、企业和薪资均为演示数据。,模拟岗位/演示数据，不代表真实招聘机会,synthetic,dev
JOB-DATA-0383,ROLE-DATA,数据分析师（1-3年）,智能制造,深圳,remote,junior,bachelor_or_equivalent,full_time,20000,31000,参与数据分析师相关项目，重点使用数据可视化、Excel与BI工具、数据建模、实验与A/B测试、数据工程管道、问题拆解；岗位、企业和薪资均为演示数据。,模拟岗位/演示数据，不代表真实招聘机会,synthetic,dev
JOB-DATA-0384,ROLE-DATA,数据分析师（1-3年）,教育科技,南京,onsite,junior,bachelor_or_equivalent,full_time,17500,28500,参与数据分析师相关项目，重点使用Excel与BI工具、数据建模、实验与A/B测试、数据工程管道、问题拆解、需求分析；岗位、企业和薪资均为演示数据。,模拟岗位/演示数据，不代表真实招聘机会,synthetic,dev
JOB-DATA-0385,ROLE-DATA,数据分析师（1-3年）,零售科技,成都,hybrid,junior,bachelor_or_equivalent,full_time,16000,27000,参与数据分析师相关项目，重点使用数据建模、实验与A/B测试、数据工程管道、问题拆解、需求分析、用户研究；岗位、企业和薪资均为演示数据。,模拟岗位/演示数据，不代表真实招聘机会,synthetic,dev
JOB-DATA-0386,ROLE-DATA,数据分析师（1-3年）,金融科技,武汉,remote,junior,bachelor_or_equivalent,full_time,16000,27000,参与数据分析师相关项目，重点使用实验与A/B测试、数据工程管道、问题拆解、需求分析、用户研究、指标设计；岗位、企业和薪资均为演示数据。,模拟岗位/演示数据，不代表真实招聘机会,synthetic,dev
JOB-DATA-0387,ROLE-DATA,数据分析师（1-3年）,医疗信息化,西安,onsite,junior,bachelor_or_equivalent,full_time,15500,26500,参与数据分析师相关项目，重点使用数据工程管道、问题拆解、需求分析、用户研究、指标设计、业务理解；岗位、企业和薪资均为演示数据。,模拟岗位/演示数据，不代表真实招聘机会,synthetic,dev
JOB-DATA-0388,ROLE-DATA,数据分析师（1-3年）,物流科技,杭州,hybrid,junior,bachelor_or_equivalent,full_time,19000,30000,参与数据分析师相关项目，重点使用问题拆解、需求分析、用户研究、指标设计、业务理解、书面沟通；岗位、企业和薪资均为演示数据。,模拟岗位/演示数据，不代表真实招聘机会,synthetic,dev
JOB-DATA-0389,ROLE-DATA,数据分析师（1-3年）,内容平台,上海,remote,junior,bachelor_or_equivalent,full_time,20000,31000,参与数据分析师相关项目，重点使用需求分析、用户研究、指标设计、业务理解、书面沟通、表达与汇报；岗位、企业和薪资均为演示数据。,模拟岗位/演示数据，不代表真实招聘机会,synthetic,dev
JOB-DATA-0390,ROLE-DATA,数据分析师（1-3年）,企业服务,北京,onsite,junior,bachelor_or_equivalent,full_time,20500,31500,参与数据分析师相关项目，重点使用用户研究、指标设计、业务理解、书面沟通、表达与汇报、职业伦理与隐私；岗位、企业和薪资均为演示数据。,模拟岗位/演示数据，不代表真实招聘机会,synthetic,dev
JOB-DATA-0391,ROLE-DATA,数据分析师（1-3年）,智能制造,深圳,hybrid,junior,bachelor_or_equivalent,full_time,20000,31000,参与数据分析师相关项目，重点使用指标设计、业务理解、书面沟通、表达与汇报、职业伦理与隐私、Python编程；岗位、企业和薪资均为演示数据。,模拟岗位/演示数据，不代表真实招聘机会,synthetic,dev
JOB-DATA-0392,ROLE-DATA,数据分析师（1-3年）,教育科技,南京,remote,junior,bachelor_or_equivalent,full_time,17500,28500,参与数据分析师相关项目，重点使用业务理解、书面沟通、表达与汇报、职业伦理与隐私、Python编程、SQL；岗位、企业和薪资均为演示数据。,模拟岗位/演示数据，不代表真实招聘机会,synthetic,dev
JOB-DATA-0393,ROLE-DATA,数据分析师（1-3年）,零售科技,成都,onsite,junior,bachelor_or_equivalent,full_time,16000,27000,参与数据分析师相关项目，重点使用书面沟通、表达与汇报、职业伦理与隐私、Python编程、SQL、数据清洗；岗位、企业和薪资均为演示数据。,模拟岗位/演示数据，不代表真实招聘机会,synthetic,dev
JOB-DATA-0394,ROLE-DATA,数据分析师（1-3年）,金融科技,武汉,hybrid,junior,bachelor_or_equivalent,full_time,16000,27000,参与数据分析师相关项目，重点使用表达与汇报、职业伦理与隐私、Python编程、SQL、数据清洗、统计学基础；岗位、企业和薪资均为演示数据。,模拟岗位/演示数据，不代表真实招聘机会,synthetic,dev
JOB-DATA-0395,ROLE-DATA,数据分析师（1-3年）,医疗信息化,西安,remote,junior,bachelor_or_equivalent,full_time,15500,26500,参与数据分析师相关项目，重点使用职业伦理与隐私、Python编程、SQL、数据清洗、统计学基础、探索性数据分析；岗位、企业和薪资均为演示数据。,模拟岗位/演示数据，不代表真实招聘机会,synthetic,dev
JOB-DATA-0396,ROLE-DATA,数据分析师（1-3年）,物流科技,杭州,onsite,junior,bachelor_or_equivalent,full_time,19000,30000,参与数据分析师相关项目，重点使用Python编程、SQL、数据清洗、统计学基础、探索性数据分析、数据可视化；岗位、企业和薪资均为演示数据。,模拟岗位/演示数据，不代表真实招聘机会,synthetic,dev
JOB-DATA-0397,ROLE-DATA,数据分析师（1-3年）,内容平台,上海,hybrid,junior,bachelor_or_equivalent,full_time,20000,31000,参与数据分析师相关项目，重点使用SQL、数据清洗、统计学基础、探索性数据分析、数据可视化、Excel与BI工具；岗位、企业和薪资均为演示数据。,模拟岗位/演示数据，不代表真实招聘机会,synthetic,dev
JOB-DATA-0398,ROLE-DATA,数据分析师（1-3年）,企业服务,北京,remote,junior,bachelor_or_equivalent,full_time,20500,31500,参与数据分析师相关项目，重点使用数据清洗、统计学基础、探索性数据分析、数据可视化、Excel与BI工具、数据建模；岗位、企业和薪资均为演示数据。,模拟岗位/演示数据，不代表真实招聘机会,synthetic,dev
JOB-DATA-0399,ROLE-DATA,数据分析师（1-3年）,智能制造,深圳,onsite,junior,bachelor_or_equivalent,full_time,20000,31000,参与数据分析师相关项目，重点使用统计学基础、探索性数据分析、数据可视化、Excel与BI工具、数据建模、实验与A/B测试；岗位、企业和薪资均为演示数据。,模拟岗位/演示数据，不代表真实招聘机会,synthetic,dev
JOB-DATA-0400,ROLE-DATA,数据分析师（1-3年）,教育科技,南京,hybrid,junior,bachelor_or_equivalent,full_time,17500,28500,参与数据分析师相关项目，重点使用探索性数据分析、数据可视化、Excel与BI工具、数据建模、实验与A/B测试、数据工程管道；岗位、企业和薪资均为演示数据。,模拟岗位/演示数据，不代表真实招聘机会,synthetic,dev
JOB-DATA-0401,ROLE-DATA,数据分析师（1-3年）,零售科技,成都,remote,junior,bachelor_or_equivalent,full_time,16000,27000,参与数据分析师相关项目，重点使用数据可视化、Excel与BI工具、数据建模、实验与A/B测试、数据工程管道、问题拆解；岗位、企业和薪资均为演示数据。,模拟岗位/演示数据，不代表真实招聘机会,synthetic,test
JOB-DATA-0402,ROLE-DATA,数据分析师（1-3年）,金融科技,武汉,onsite,junior,bachelor_or_equivalent,full_time,16000,27000,参与数据分析师相关项目，重点使用Excel与BI工具、数据建模、实验与A/B测试、数据工程管道、问题拆解、需求分析；岗位、企业和薪资均为演示数据。,模拟岗位/演示数据，不代表真实招聘机会,synthetic,test
JOB-DATA-0403,ROLE-DATA,数据分析师（1-3年）,医疗信息化,西安,hybrid,junior,bachelor_or_equivalent,full_time,15500,26500,参与数据分析师相关项目，重点使用数据建模、实验与A/B测试、数据工程管道、问题拆解、需求分析、用户研究；岗位、企业和薪资均为演示数据。,模拟岗位/演示数据，不代表真实招聘机会,synthetic,test
JOB-DATA-0404,ROLE-DATA,数据分析师（1-3年）,物流科技,杭州,remote,junior,bachelor_or_equivalent,full_time,19000,30000,参与数据分析师相关项目，重点使用实验与A/B测试、数据工程管道、问题拆解、需求分析、用户研究、指标设计；岗位、企业和薪资均为演示数据。,模拟岗位/演示数据，不代表真实招聘机会,synthetic,test
JOB-DATA-0405,ROLE-DATA,数据分析师（1-3年）,内容平台,上海,onsite,junior,bachelor_or_equivalent,full_time,20000,31000,参与数据分析师相关项目，重点使用数据工程管道、问题拆解、需求分析、用户研究、指标设计、业务理解；岗位、企业和薪资均为演示数据。,模拟岗位/演示数据，不代表真实招聘机会,synthetic,test
JOB-DATA-0406,ROLE-DATA,数据分析师（1-3年）,企业服务,北京,hybrid,junior,bachelor_or_equivalent,full_time,20500,31500,参与数据分析师相关项目，重点使用问题拆解、需求分析、用户研究、指标设计、业务理解、书面沟通；岗位、企业和薪资均为演示数据。,模拟岗位/演示数据，不代表真实招聘机会,synthetic,test
JOB-DATA-0407,ROLE-DATA,数据分析师（1-3年）,智能制造,深圳,remote,junior,bachelor_or_equivalent,full_time,20000,31000,参与数据分析师相关项目，重点使用需求分析、用户研究、指标设计、业务理解、书面沟通、表达与汇报；岗位、企业和薪资均为演示数据。,模拟岗位/演示数据，不代表真实招聘机会,synthetic,test
JOB-DATA-0408,ROLE-DATA,数据分析师（1-3年）,教育科技,南京,onsite,junior,bachelor_or_equivalent,full_time,17500,28500,参与数据分析师相关项目，重点使用用户研究、指标设计、业务理解、书面沟通、表达与汇报、职业伦理与隐私；岗位、企业和薪资均为演示数据。,模拟岗位/演示数据，不代表真实招聘机会,synthetic,test
JOB-DATA-0409,ROLE-DATA,数据分析师（1-3年）,零售科技,成都,hybrid,junior,bachelor_or_equivalent,full_time,16000,27000,参与数据分析师相关项目，重点使用指标设计、业务理解、书面沟通、表达与汇报、职业伦理与隐私、Python编程；岗位、企业和薪资均为演示数据。,模拟岗位/演示数据，不代表真实招聘机会,synthetic,test
JOB-DATA-0410,ROLE-DATA,数据分析师（1-3年）,金融科技,武汉,remote,junior,bachelor_or_equivalent,full_time,16000,27000,参与数据分析师相关项目，重点使用业务理解、书面沟通、表达与汇报、职业伦理与隐私、Python编程、SQL；岗位、企业和薪资均为演示数据。,模拟岗位/演示数据，不代表真实招聘机会,synthetic,test
JOB-DATA-0411,ROLE-DATA,数据分析师（1-3年）,医疗信息化,西安,onsite,junior,bachelor_or_equivalent,full_time,15500,26500,参与数据分析师相关项目，重点使用书面沟通、表达与汇报、职业伦理与隐私、Python编程、SQL、数据清洗；岗位、企业和薪资均为演示数据。,模拟岗位/演示数据，不代表真实招聘机会,synthetic,test
JOB-DATA-0412,ROLE-DATA,数据分析师（1-3年）,物流科技,杭州,hybrid,junior,bachelor_or_equivalent,full_time,19000,30000,参与数据分析师相关项目，重点使用表达与汇报、职业伦理与隐私、Python编程、SQL、数据清洗、统计学基础；岗位、企业和薪资均为演示数据。,模拟岗位/演示数据，不代表真实招聘机会,synthetic,test
JOB-DATA-0413,ROLE-DATA,数据分析师（1-3年）,内容平台,上海,remote,junior,bachelor_or_equivalent,full_time,20000,31000,参与数据分析师相关项目，重点使用职业伦理与隐私、Python编程、SQL、数据清洗、统计学基础、探索性数据分析；岗位、企业和薪资均为演示数据。,模拟岗位/演示数据，不代表真实招聘机会,synthetic,test
JOB-DATA-0414,ROLE-DATA,数据分析师（1-3年）,企业服务,北京,onsite,junior,bachelor_or_equivalent,full_time,20500,31500,参与数据分析师相关项目，重点使用Python编程、SQL、数据清洗、统计学基础、探索性数据分析、数据可视化；岗位、企业和薪资均为演示数据。,模拟岗位/演示数据，不代表真实招聘机会,synthetic,test
JOB-DATA-0415,ROLE-DATA,数据分析师（1-3年）,智能制造,深圳,hybrid,junior,bachelor_or_equivalent,full_time,20000,31000,参与数据分析师相关项目，重点使用SQL、数据清洗、统计学基础、探索性数据分析、数据可视化、Excel与BI工具；岗位、企业和薪资均为演示数据。,模拟岗位/演示数据，不代表真实招聘机会,synthetic,test
JOB-DATA-0416,ROLE-DATA,数据分析师（1-3年）,教育科技,南京,remote,junior,bachelor_or_equivalent,full_time,17500,28500,参与数据分析师相关项目，重点使用数据清洗、统计学基础、探索性数据分析、数据可视化、Excel与BI工具、数据建模；岗位、企业和薪资均为演示数据。,模拟岗位/演示数据，不代表真实招聘机会,synthetic,test
JOB-DATA-0417,ROLE-DATA,数据分析师（1-3年）,零售科技,成都,onsite,junior,bachelor_or_equivalent,full_time,16000,27000,参与数据分析师相关项目，重点使用统计学基础、探索性数据分析、数据可视化、Excel与BI工具、数据建模、实验与A/B测试；岗位、企业和薪资均为演示数据。,模拟岗位/演示数据，不代表真实招聘机会,synthetic,test
JOB-DATA-0418,ROLE-DATA,数据分析师（1-3年）,金融科技,武汉,hybrid,junior,bachelor_or_equivalent,full_time,16000,27000,参与数据分析师相关项目，重点使用探索性数据分析、数据可视化、Excel与BI工具、数据建模、实验与A/B测试、数据工程管道；岗位、企业和薪资均为演示数据。,模拟岗位/演示数据，不代表真实招聘机会,synthetic,test
JOB-DATA-0419,ROLE-DATA,数据分析师（1-3年）,医疗信息化,西安,remote,junior,bachelor_or_equivalent,full_time,15500,26500,参与数据分析师相关项目，重点使用数据可视化、Excel与BI工具、数据建模、实验与A/B测试、数据工程管道、问题拆解；岗位、企业和薪资均为演示数据。,模拟岗位/演示数据，不代表真实招聘机会,synthetic,test
JOB-DATA-0420,ROLE-DATA,数据分析师（1-3年）,物流科技,杭州,onsite,junior,bachelor_or_equivalent,full_time,19000,30000,参与数据分析师相关项目，重点使用Excel与BI工具、数据建模、实验与A/B测试、数据工程管道、问题拆解、需求分析；岗位、企业和薪资均为演示数据。,模拟岗位/演示数据，不代表真实招聘机会,synthetic,test
JOB-DATA-0421,ROLE-DATA,数据分析师（1-3年）,内容平台,上海,hybrid,junior,bachelor_or_equivalent,full_time,20000,31000,参与数据分析师相关项目，重点使用数据建模、实验与A/B测试、数据工程管道、问题拆解、需求分析、用户研究；岗位、企业和薪资均为演示数据。,模拟岗位/演示数据，不代表真实招聘机会,synthetic,test
JOB-DATA-0422,ROLE-DATA,数据分析师（1-3年）,企业服务,北京,remote,junior,bachelor_or_equivalent,full_time,20500,31500,参与数据分析师相关项目，重点使用实验与A/B测试、数据工程管道、问题拆解、需求分析、用户研究、指标设计；岗位、企业和薪资均为演示数据。,模拟岗位/演示数据，不代表真实招聘机会,synthetic,test
JOB-DATA-0423,ROLE-DATA,数据分析师（1-3年）,智能制造,深圳,onsite,junior,bachelor_or_equivalent,full_time,20000,31000,参与数据分析师相关项目，重点使用数据工程管道、问题拆解、需求分析、用户研究、指标设计、业务理解；岗位、企业和薪资均为演示数据。,模拟岗位/演示数据，不代表真实招聘机会,synthetic,test
JOB-DATA-0424,ROLE-DATA,数据分析师（1-3年）,教育科技,南京,hybrid,junior,bachelor_or_equivalent,full_time,17500,28500,参与数据分析师相关项目，重点使用问题拆解、需求分析、用户研究、指标设计、业务理解、书面沟通；岗位、企业和薪资均为演示数据。,模拟岗位/演示数据，不代表真实招聘机会,synthetic,test
JOB-DATA-0425,ROLE-DATA,数据分析师（1-3年）,零售科技,成都,remote,junior,bachelor_or_equivalent,full_time,16000,27000,参与数据分析师相关项目，重点使用需求分析、用户研究、指标设计、业务理解、书面沟通、表达与汇报；岗位、企业和薪资均为演示数据。,模拟岗位/演示数据，不代表真实招聘机会,synthetic,test
JOB-DATA-0426,ROLE-DATA,数据分析师（1-3年）,金融科技,武汉,onsite,junior,bachelor_or_equivalent,full_time,16000,27000,参与数据分析师相关项目，重点使用用户研究、指标设计、业务理解、书面沟通、表达与汇报、职业伦理与隐私；岗位、企业和薪资均为演示数据。,模拟岗位/演示数据，不代表真实招聘机会,synthetic,test
JOB-DATA-0427,ROLE-DATA,数据分析师（1-3年）,医疗信息化,西安,hybrid,junior,bachelor_or_equivalent,full_time,15500,26500,参与数据分析师相关项目，重点使用指标设计、业务理解、书面沟通、表达与汇报、职业伦理与隐私、Python编程；岗位、企业和薪资均为演示数据。,模拟岗位/演示数据，不代表真实招聘机会,synthetic,test
JOB-DATA-0428,ROLE-DATA,数据分析师（1-3年）,物流科技,杭州,remote,junior,bachelor_or_equivalent,full_time,19000,30000,参与数据分析师相关项目，重点使用业务理解、书面沟通、表达与汇报、职业伦理与隐私、Python编程、SQL；岗位、企业和薪资均为演示数据。,模拟岗位/演示数据，不代表真实招聘机会,synthetic,test
JOB-DATA-0429,ROLE-DATA,数据分析师（1-3年）,内容平台,上海,onsite,junior,bachelor_or_equivalent,full_time,20000,31000,参与数据分析师相关项目，重点使用书面沟通、表达与汇报、职业伦理与隐私、Python编程、SQL、数据清洗；岗位、企业和薪资均为演示数据。,模拟岗位/演示数据，不代表真实招聘机会,synthetic,test
JOB-DATA-0430,ROLE-DATA,数据分析师（1-3年）,企业服务,北京,hybrid,junior,bachelor_or_equivalent,full_time,20500,31500,参与数据分析师相关项目，重点使用表达与汇报、职业伦理与隐私、Python编程、SQL、数据清洗、统计学基础；岗位、企业和薪资均为演示数据。,模拟岗位/演示数据，不代表真实招聘机会,synthetic,test
JOB-DATA-0431,ROLE-DATA,数据分析师（1-3年）,智能制造,深圳,remote,junior,bachelor_or_equivalent,full_time,20000,31000,参与数据分析师相关项目，重点使用职业伦理与隐私、Python编程、SQL、数据清洗、统计学基础、探索性数据分析；岗位、企业和薪资均为演示数据。,模拟岗位/演示数据，不代表真实招聘机会,synthetic,test
JOB-DATA-0432,ROLE-DATA,数据分析师（1-3年）,教育科技,南京,onsite,junior,bachelor_or_equivalent,full_time,17500,28500,参与数据分析师相关项目，重点使用Python编程、SQL、数据清洗、统计学基础、探索性数据分析、数据可视化；岗位、企业和薪资均为演示数据。,模拟岗位/演示数据，不代表真实招聘机会,synthetic,test
JOB-DATA-0433,ROLE-DATA,数据分析师（1-3年）,零售科技,成都,hybrid,junior,bachelor_or_equivalent,full_time,16000,27000,参与数据分析师相关项目，重点使用SQL、数据清洗、统计学基础、探索性数据分析、数据可视化、Excel与BI工具；岗位、企业和薪资均为演示数据。,模拟岗位/演示数据，不代表真实招聘机会,synthetic,test
JOB-DATA-0434,ROLE-DATA,数据分析师（1-3年）,金融科技,武汉,remote,junior,bachelor_or_equivalent,full_time,16000,27000,参与数据分析师相关项目，重点使用数据清洗、统计学基础、探索性数据分析、数据可视化、Excel与BI工具、数据建模；岗位、企业和薪资均为演示数据。,模拟岗位/演示数据，不代表真实招聘机会,synthetic,test
JOB-DATA-0435,ROLE-DATA,数据分析师（1-3年）,医疗信息化,西安,onsite,junior,bachelor_or_equivalent,full_time,15500,26500,参与数据分析师相关项目，重点使用统计学基础、探索性数据分析、数据可视化、Excel与BI工具、数据建模、实验与A/B测试；岗位、企业和薪资均为演示数据。,模拟岗位/演示数据，不代表真实招聘机会,synthetic,test
JOB-DATA-0436,ROLE-DATA,数据分析师（1-3年）,物流科技,杭州,hybrid,junior,bachelor_or_equivalent,full_time,19000,30000,参与数据分析师相关项目，重点使用探索性数据分析、数据可视化、Excel与BI工具、数据建模、实验与A/B测试、数据工程管道；岗位、企业和薪资均为演示数据。,模拟岗位/演示数据，不代表真实招聘机会,synthetic,test
JOB-DATA-0437,ROLE-DATA,数据分析师（1-3年）,内容平台,上海,remote,junior,bachelor_or_equivalent,full_time,20000,31000,参与数据分析师相关项目，重点使用数据可视化、Excel与BI工具、数据建模、实验与A/B测试、数据工程管道、问题拆解；岗位、企业和薪资均为演示数据。,模拟岗位/演示数据，不代表真实招聘机会,synthetic,test
JOB-DATA-0438,ROLE-DATA,数据分析师（1-3年）,企业服务,北京,onsite,junior,bachelor_or_equivalent,full_time,20500,31500,参与数据分析师相关项目，重点使用Excel与BI工具、数据建模、实验与A/B测试、数据工程管道、问题拆解、需求分析；岗位、企业和薪资均为演示数据。,模拟岗位/演示数据，不代表真实招聘机会,synthetic,test
JOB-DATA-0439,ROLE-DATA,数据分析师（1-3年）,智能制造,深圳,hybrid,junior,bachelor_or_equivalent,full_time,20000,31000,参与数据分析师相关项目，重点使用数据建模、实验与A/B测试、数据工程管道、问题拆解、需求分析、用户研究；岗位、企业和薪资均为演示数据。,模拟岗位/演示数据，不代表真实招聘机会,synthetic,test
JOB-DATA-0440,ROLE-DATA,数据分析师（1-3年）,教育科技,南京,remote,junior,bachelor_or_equivalent,full_time,17500,28500,参与数据分析师相关项目，重点使用实验与A/B测试、数据工程管道、问题拆解、需求分析、用户研究、指标设计；岗位、企业和薪资均为演示数据。,模拟岗位/演示数据，不代表真实招聘机会,synthetic,test
JOB-DATA-0441,ROLE-DATA,数据分析师（1-3年）,零售科技,成都,onsite,junior,bachelor_or_equivalent,full_time,16000,27000,参与数据分析师相关项目，重点使用数据工程管道、问题拆解、需求分析、用户研究、指标设计、业务理解；岗位、企业和薪资均为演示数据。,模拟岗位/演示数据，不代表真实招聘机会,synthetic,test
JOB-DATA-0442,ROLE-DATA,数据分析师（1-3年）,金融科技,武汉,hybrid,junior,bachelor_or_equivalent,full_time,16000,27000,参与数据分析师相关项目，重点使用问题拆解、需求分析、用户研究、指标设计、业务理解、书面沟通；岗位、企业和薪资均为演示数据。,模拟岗位/演示数据，不代表真实招聘机会,synthetic,test
JOB-DATA-0443,ROLE-DATA,数据分析师（1-3年）,医疗信息化,西安,remote,junior,bachelor_or_equivalent,full_time,15500,26500,参与数据分析师相关项目，重点使用需求分析、用户研究、指标设计、业务理解、书面沟通、表达与汇报；岗位、企业和薪资均为演示数据。,模拟岗位/演示数据，不代表真实招聘机会,synthetic,test
JOB-DATA-0444,ROLE-DATA,数据分析师（1-3年）,物流科技,杭州,onsite,junior,bachelor_or_equivalent,full_time,19000,30000,参与数据分析师相关项目，重点使用用户研究、指标设计、业务理解、书面沟通、表达与汇报、职业伦理与隐私；岗位、企业和薪资均为演示数据。,模拟岗位/演示数据，不代表真实招聘机会,synthetic,test
JOB-DATA-0445,ROLE-DATA,数据分析师（1-3年）,内容平台,上海,hybrid,junior,bachelor_or_equivalent,full_time,20000,31000,参与数据分析师相关项目，重点使用指标设计、业务理解、书面沟通、表达与汇报、职业伦理与隐私、Python编程；岗位、企业和薪资均为演示数据。,模拟岗位/演示数据，不代表真实招聘机会,synthetic,test
JOB-DATA-0446,ROLE-DATA,数据分析师（1-3年）,企业服务,北京,remote,junior,bachelor_or_equivalent,full_time,20500,31500,参与数据分析师相关项目，重点使用业务理解、书面沟通、表达与汇报、职业伦理与隐私、Python编程、SQL；岗位、企业和薪资均为演示数据。,模拟岗位/演示数据，不代表真实招聘机会,synthetic,test
JOB-DATA-0447,ROLE-DATA,数据分析师（1-3年）,智能制造,深圳,onsite,junior,bachelor_or_equivalent,full_time,20000,31000,参与数据分析师相关项目，重点使用书面沟通、表达与汇报、职业伦理与隐私、Python编程、SQL、数据清洗；岗位、企业和薪资均为演示数据。,模拟岗位/演示数据，不代表真实招聘机会,synthetic,test
JOB-DATA-0448,ROLE-DATA,数据分析师（1-3年）,教育科技,南京,hybrid,junior,bachelor_or_equivalent,full_time,17500,28500,参与数据分析师相关项目，重点使用表达与汇报、职业伦理与隐私、Python编程、SQL、数据清洗、统计学基础；岗位、企业和薪资均为演示数据。,模拟岗位/演示数据，不代表真实招聘机会,synthetic,test
JOB-DATA-0449,ROLE-DATA,数据分析师（1-3年）,零售科技,成都,remote,junior,bachelor_or_equivalent,full_time,16000,27000,参与数据分析师相关项目，重点使用职业伦理与隐私、Python编程、SQL、数据清洗、统计学基础、探索性数据分析；岗位、企业和薪资均为演示数据。,模拟岗位/演示数据，不代表真实招聘机会,synthetic,test
JOB-DATA-0450,ROLE-DATA,数据分析师（1-3年）,金融科技,武汉,onsite,junior,bachelor_or_equivalent,full_time,16000,27000,参与数据分析师相关项目，重点使用Python编程、SQL、数据清洗、统计学基础、探索性数据分析、数据可视化；岗位、企业和薪资均为演示数据。,模拟岗位/演示数据，不代表真实招聘机会,synthetic,test
JOB-DATA-0451,ROLE-DATA,数据分析师（1-3年）,医疗信息化,西安,hybrid,junior,bachelor_or_equivalent,full_time,15500,26500,参与数据分析师相关项目，重点使用SQL、数据清洗、统计学基础、探索性数据分析、数据可视化、Excel与BI工具；岗位、企业和薪资均为演示数据。,模拟岗位/演示数据，不代表真实招聘机会,synthetic,test
JOB-DATA-0452,ROLE-DATA,数据分析师（1-3年）,物流科技,杭州,remote,junior,bachelor_or_equivalent,full_time,19000,30000,参与数据分析师相关项目，重点使用数据清洗、统计学基础、探索性数据分析、数据可视化、Excel与BI工具、数据建模；岗位、企业和薪资均为演示数据。,模拟岗位/演示数据，不代表真实招聘机会,synthetic,test
JOB-DATA-0453,ROLE-DATA,数据分析师（1-3年）,内容平台,上海,onsite,junior,bachelor_or_equivalent,full_time,20000,31000,参与数据分析师相关项目，重点使用统计学基础、探索性数据分析、数据可视化、Excel与BI工具、数据建模、实验与A/B测试；岗位、企业和薪资均为演示数据。,模拟岗位/演示数据，不代表真实招聘机会,synthetic,test
JOB-DATA-0454,ROLE-DATA,数据分析师（1-3年）,企业服务,北京,hybrid,junior,bachelor_or_equivalent,full_time,20500,31500,参与数据分析师相关项目，重点使用探索性数据分析、数据可视化、Excel与BI工具、数据建模、实验与A/B测试、数据工程管道；岗位、企业和薪资均为演示数据。,模拟岗位/演示数据，不代表真实招聘机会,synthetic,test
JOB-DATA-0455,ROLE-DATA,数据分析师（1-3年）,智能制造,深圳,remote,junior,bachelor_or_equivalent,full_time,20000,31000,参与数据分析师相关项目，重点使用数据可视化、Excel与BI工具、数据建模、实验与A/B测试、数据工程管道、问题拆解；岗位、企业和薪资均为演示数据。,模拟岗位/演示数据，不代表真实招聘机会,synthetic,test
JOB-DATA-0456,ROLE-DATA,数据分析师（1-3年）,教育科技,南京,onsite,junior,bachelor_or_equivalent,full_time,17500,28500,参与数据分析师相关项目，重点使用Excel与BI工具、数据建模、实验与A/B测试、数据工程管道、问题拆解、需求分析；岗位、企业和薪资均为演示数据。,模拟岗位/演示数据，不代表真实招聘机会,synthetic,test
JOB-DATA-0457,ROLE-DATA,数据分析师（1-3年）,零售科技,成都,hybrid,junior,bachelor_or_equivalent,full_time,16000,27000,参与数据分析师相关项目，重点使用数据建模、实验与A/B测试、数据工程管道、问题拆解、需求分析、用户研究；岗位、企业和薪资均为演示数据。,模拟岗位/演示数据，不代表真实招聘机会,synthetic,test
JOB-DATA-0458,ROLE-DATA,数据分析师（1-3年）,金融科技,武汉,remote,junior,bachelor_or_equivalent,full_time,16000,27000,参与数据分析师相关项目，重点使用实验与A/B测试、数据工程管道、问题拆解、需求分析、用户研究、指标设计；岗位、企业和薪资均为演示数据。,模拟岗位/演示数据，不代表真实招聘机会,synthetic,test
JOB-DATA-0459,ROLE-DATA,数据分析师（1-3年）,医疗信息化,西安,onsite,junior,bachelor_or_equivalent,full_time,15500,26500,参与数据分析师相关项目，重点使用数据工程管道、问题拆解、需求分析、用户研究、指标设计、业务理解；岗位、企业和薪资均为演示数据。,模拟岗位/演示数据，不代表真实招聘机会,synthetic,test
JOB-DATA-0460,ROLE-DATA,数据分析师（1-3年）,物流科技,杭州,hybrid,junior,bachelor_or_equivalent,full_time,19000,30000,参与数据分析师相关项目，重点使用问题拆解、需求分析、用户研究、指标设计、业务理解、书面沟通；岗位、企业和薪资均为演示数据。,模拟岗位/演示数据，不代表真实招聘机会,synthetic,test
JOB-DATA-0461,ROLE-DATA,数据分析师（1-3年）,内容平台,上海,remote,junior,bachelor_or_equivalent,full_time,20000,31000,参与数据分析师相关项目，重点使用需求分析、用户研究、指标设计、业务理解、书面沟通、表达与汇报；岗位、企业和薪资均为演示数据。,模拟岗位/演示数据，不代表真实招聘机会,synthetic,test
JOB-DATA-0462,ROLE-DATA,数据分析师（1-3年）,企业服务,北京,onsite,junior,bachelor_or_equivalent,full_time,20500,31500,参与数据分析师相关项目，重点使用用户研究、指标设计、业务理解、书面沟通、表达与汇报、职业伦理与隐私；岗位、企业和薪资均为演示数据。,模拟岗位/演示数据，不代表真实招聘机会,synthetic,test
JOB-DATA-0463,ROLE-DATA,数据分析师（1-3年）,智能制造,深圳,hybrid,junior,bachelor_or_equivalent,full_time,20000,31000,参与数据分析师相关项目，重点使用指标设计、业务理解、书面沟通、表达与汇报、职业伦理与隐私、Python编程；岗位、企业和薪资均为演示数据。,模拟岗位/演示数据，不代表真实招聘机会,synthetic,test
JOB-DATA-0464,ROLE-DATA,数据分析师（1-3年）,教育科技,南京,remote,junior,bachelor_or_equivalent,full_time,17500,28500,参与数据分析师相关项目，重点使用业务理解、书面沟通、表达与汇报、职业伦理与隐私、Python编程、SQL；岗位、企业和薪资均为演示数据。,模拟岗位/演示数据，不代表真实招聘机会,synthetic,test
JOB-DATA-0465,ROLE-DATA,数据分析师（1-3年）,零售科技,成都,onsite,junior,bachelor_or_equivalent,full_time,16000,27000,参与数据分析师相关项目，重点使用书面沟通、表达与汇报、职业伦理与隐私、Python编程、SQL、数据清洗；岗位、企业和薪资均为演示数据。,模拟岗位/演示数据，不代表真实招聘机会,synthetic,test
JOB-DATA-0466,ROLE-DATA,数据分析师（1-3年）,金融科技,武汉,hybrid,junior,bachelor_or_equivalent,full_time,16000,27000,参与数据分析师相关项目，重点使用表达与汇报、职业伦理与隐私、Python编程、SQL、数据清洗、统计学基础；岗位、企业和薪资均为演示数据。,模拟岗位/演示数据，不代表真实招聘机会,synthetic,test
JOB-DATA-0467,ROLE-DATA,数据分析师（1-3年）,医疗信息化,西安,remote,junior,bachelor_or_equivalent,full_time,15500,26500,参与数据分析师相关项目，重点使用职业伦理与隐私、Python编程、SQL、数据清洗、统计学基础、探索性数据分析；岗位、企业和薪资均为演示数据。,模拟岗位/演示数据，不代表真实招聘机会,synthetic,test
JOB-DATA-0468,ROLE-DATA,数据分析师（1-3年）,物流科技,杭州,onsite,junior,bachelor_or_equivalent,full_time,19000,30000,参与数据分析师相关项目，重点使用Python编程、SQL、数据清洗、统计学基础、探索性数据分析、数据可视化；岗位、企业和薪资均为演示数据。,模拟岗位/演示数据，不代表真实招聘机会,synthetic,test
JOB-DATA-0469,ROLE-DATA,数据分析师（1-3年）,内容平台,上海,hybrid,junior,bachelor_or_equivalent,full_time,20000,31000,参与数据分析师相关项目，重点使用SQL、数据清洗、统计学基础、探索性数据分析、数据可视化、Excel与BI工具；岗位、企业和薪资均为演示数据。,模拟岗位/演示数据，不代表真实招聘机会,synthetic,test
JOB-DATA-0470,ROLE-DATA,数据分析师（1-3年）,企业服务,北京,remote,junior,bachelor_or_equivalent,full_time,20500,31500,参与数据分析师相关项目，重点使用数据清洗、统计学基础、探索性数据分析、数据可视化、Excel与BI工具、数据建模；岗位、企业和薪资均为演示数据。,模拟岗位/演示数据，不代表真实招聘机会,synthetic,test
JOB-DATA-0471,ROLE-DATA,数据分析师（1-3年）,智能制造,深圳,onsite,junior,bachelor_or_equivalent,full_time,20000,31000,参与数据分析师相关项目，重点使用统计学基础、探索性数据分析、数据可视化、Excel与BI工具、数据建模、实验与A/B测试；岗位、企业和薪资均为演示数据。,模拟岗位/演示数据，不代表真实招聘机会,synthetic,test
JOB-DATA-0472,ROLE-DATA,数据分析师（1-3年）,教育科技,南京,hybrid,junior,bachelor_or_equivalent,full_time,17500,28500,参与数据分析师相关项目，重点使用探索性数据分析、数据可视化、Excel与BI工具、数据建模、实验与A/B测试、数据工程管道；岗位、企业和薪资均为演示数据。,模拟岗位/演示数据，不代表真实招聘机会,synthetic,test
JOB-DATA-0473,ROLE-DATA,数据分析师（1-3年）,零售科技,成都,remote,junior,bachelor_or_equivalent,full_time,16000,27000,参与数据分析师相关项目，重点使用数据可视化、Excel与BI工具、数据建模、实验与A/B测试、数据工程管道、问题拆解；岗位、企业和薪资均为演示数据。,模拟岗位/演示数据，不代表真实招聘机会,synthetic,test
JOB-DATA-0474,ROLE-DATA,数据分析师（1-3年）,金融科技,武汉,onsite,junior,bachelor_or_equivalent,full_time,16000,27000,参与数据分析师相关项目，重点使用Excel与BI工具、数据建模、实验与A/B测试、数据工程管道、问题拆解、需求分析；岗位、企业和薪资均为演示数据。,模拟岗位/演示数据，不代表真实招聘机会,synthetic,test
JOB-DATA-0475,ROLE-DATA,数据分析师（1-3年）,医疗信息化,西安,hybrid,junior,bachelor_or_equivalent,full_time,15500,26500,参与数据分析师相关项目，重点使用数据建模、实验与A/B测试、数据工程管道、问题拆解、需求分析、用户研究；岗位、企业和薪资均为演示数据。,模拟岗位/演示数据，不代表真实招聘机会,synthetic,test
JOB-DATA-0476,ROLE-DATA,数据分析师（1-3年）,物流科技,杭州,remote,junior,bachelor_or_equivalent,full_time,19000,30000,参与数据分析师相关项目，重点使用实验与A/B测试、数据工程管道、问题拆解、需求分析、用户研究、指标设计；岗位、企业和薪资均为演示数据。,模拟岗位/演示数据，不代表真实招聘机会,synthetic,test
JOB-DATA-0477,ROLE-DATA,数据分析师（1-3年）,内容平台,上海,onsite,junior,bachelor_or_equivalent,full_time,20000,31000,参与数据分析师相关项目，重点使用数据工程管道、问题拆解、需求分析、用户研究、指标设计、业务理解；岗位、企业和薪资均为演示数据。,模拟岗位/演示数据，不代表真实招聘机会,synthetic,test
JOB-DATA-0478,ROLE-DATA,数据分析师（1-3年）,企业服务,北京,hybrid,junior,bachelor_or_equivalent,full_time,20500,31500,参与数据分析师相关项目，重点使用问题拆解、需求分析、用户研究、指标设计、业务理解、书面沟通；岗位、企业和薪资均为演示数据。,模拟岗位/演示数据，不代表真实招聘机会,synthetic,test
JOB-DATA-0479,ROLE-DATA,数据分析师（1-3年）,智能制造,深圳,remote,junior,bachelor_or_equivalent,full_time,20000,31000,参与数据分析师相关项目，重点使用需求分析、用户研究、指标设计、业务理解、书面沟通、表达与汇报；岗位、企业和薪资均为演示数据。,模拟岗位/演示数据，不代表真实招聘机会,synthetic,test
JOB-DATA-0480,ROLE-DATA,数据分析师（1-3年）,教育科技,南京,onsite,junior,bachelor_or_equivalent,full_time,17500,28500,参与数据分析师相关项目，重点使用用户研究、指标设计、业务理解、书面沟通、表达与汇报、职业伦理与隐私；岗位、企业和薪资均为演示数据。,模拟岗位/演示数据，不代表真实招聘机会,synthetic,test
JOB-DATA-0481,ROLE-DATA,数据分析师（1-3年）,零售科技,成都,hybrid,junior,bachelor_or_equivalent,full_time,16000,27000,参与数据分析师相关项目，重点使用指标设计、业务理解、书面沟通、表达与汇报、职业伦理与隐私、Python编程；岗位、企业和薪资均为演示数据。,模拟岗位/演示数据，不代表真实招聘机会,synthetic,test
JOB-DATA-0482,ROLE-DATA,数据分析师（1-3年）,金融科技,武汉,remote,junior,bachelor_or_equivalent,full_time,16000,27000,参与数据分析师相关项目，重点使用业务理解、书面沟通、表达与汇报、职业伦理与隐私、Python编程、SQL；岗位、企业和薪资均为演示数据。,模拟岗位/演示数据，不代表真实招聘机会,synthetic,test
JOB-DATA-0483,ROLE-DATA,数据分析师（1-3年）,医疗信息化,西安,onsite,junior,bachelor_or_equivalent,full_time,15500,26500,参与数据分析师相关项目，重点使用书面沟通、表达与汇报、职业伦理与隐私、Python编程、SQL、数据清洗；岗位、企业和薪资均为演示数据。,模拟岗位/演示数据，不代表真实招聘机会,synthetic,test
JOB-DATA-0484,ROLE-DATA,数据分析师（1-3年）,物流科技,杭州,hybrid,junior,bachelor_or_equivalent,full_time,19000,30000,参与数据分析师相关项目，重点使用表达与汇报、职业伦理与隐私、Python编程、SQL、数据清洗、统计学基础；岗位、企业和薪资均为演示数据。,模拟岗位/演示数据，不代表真实招聘机会,synthetic,test
JOB-DATA-0485,ROLE-DATA,数据分析师（1-3年）,内容平台,上海,remote,junior,bachelor_or_equivalent,full_time,20000,31000,参与数据分析师相关项目，重点使用职业伦理与隐私、Python编程、SQL、数据清洗、统计学基础、探索性数据分析；岗位、企业和薪资均为演示数据。,模拟岗位/演示数据，不代表真实招聘机会,synthetic,test
JOB-DATA-0486,ROLE-DATA,数据分析师（1-3年）,企业服务,北京,onsite,junior,bachelor_or_equivalent,full_time,20500,31500,参与数据分析师相关项目，重点使用Python编程、SQL、数据清洗、统计学基础、探索性数据分析、数据可视化；岗位、企业和薪资均为演示数据。,模拟岗位/演示数据，不代表真实招聘机会,synthetic,test
JOB-DATA-0487,ROLE-DATA,数据分析师（1-3年）,智能制造,深圳,hybrid,junior,bachelor_or_equivalent,full_time,20000,31000,参与数据分析师相关项目，重点使用SQL、数据清洗、统计学基础、探索性数据分析、数据可视化、Excel与BI工具；岗位、企业和薪资均为演示数据。,模拟岗位/演示数据，不代表真实招聘机会,synthetic,test
JOB-DATA-0488,ROLE-DATA,数据分析师（1-3年）,教育科技,南京,remote,junior,bachelor_or_equivalent,full_time,17500,28500,参与数据分析师相关项目，重点使用数据清洗、统计学基础、探索性数据分析、数据可视化、Excel与BI工具、数据建模；岗位、企业和薪资均为演示数据。,模拟岗位/演示数据，不代表真实招聘机会,synthetic,test
JOB-DATA-0489,ROLE-DATA,数据分析师（1-3年）,零售科技,成都,onsite,junior,bachelor_or_equivalent,full_time,16000,27000,参与数据分析师相关项目，重点使用统计学基础、探索性数据分析、数据可视化、Excel与BI工具、数据建模、实验与A/B测试；岗位、企业和薪资均为演示数据。,模拟岗位/演示数据，不代表真实招聘机会,synthetic,test
JOB-DATA-0490,ROLE-DATA,数据分析师（1-3年）,金融科技,武汉,hybrid,junior,bachelor_or_equivalent,full_time,16000,27000,参与数据分析师相关项目，重点使用探索性数据分析、数据可视化、Excel与BI工具、数据建模、实验与A/B测试、数据工程管道；岗位、企业和薪资均为演示数据。,模拟岗位/演示数据，不代表真实招聘机会,synthetic,test
JOB-DATA-0491,ROLE-DATA,数据分析师（1-3年）,医疗信息化,西安,remote,junior,bachelor_or_equivalent,full_time,15500,26500,参与数据分析师相关项目，重点使用数据可视化、Excel与BI工具、数据建模、实验与A/B测试、数据工程管道、问题拆解；岗位、企业和薪资均为演示数据。,模拟岗位/演示数据，不代表真实招聘机会,synthetic,test
JOB-DATA-0492,ROLE-DATA,数据分析师（1-3年）,物流科技,杭州,onsite,junior,bachelor_or_equivalent,full_time,19000,30000,参与数据分析师相关项目，重点使用Excel与BI工具、数据建模、实验与A/B测试、数据工程管道、问题拆解、需求分析；岗位、企业和薪资均为演示数据。,模拟岗位/演示数据，不代表真实招聘机会,synthetic,test
JOB-DATA-0493,ROLE-DATA,数据分析师（1-3年）,内容平台,上海,hybrid,junior,bachelor_or_equivalent,full_time,20000,31000,参与数据分析师相关项目，重点使用数据建模、实验与A/B测试、数据工程管道、问题拆解、需求分析、用户研究；岗位、企业和薪资均为演示数据。,模拟岗位/演示数据，不代表真实招聘机会,synthetic,test
JOB-DATA-0494,ROLE-DATA,数据分析师（1-3年）,企业服务,北京,remote,junior,bachelor_or_equivalent,full_time,20500,31500,参与数据分析师相关项目，重点使用实验与A/B测试、数据工程管道、问题拆解、需求分析、用户研究、指标设计；岗位、企业和薪资均为演示数据。,模拟岗位/演示数据，不代表真实招聘机会,synthetic,test
JOB-DATA-0495,ROLE-DATA,数据分析师（1-3年）,智能制造,深圳,onsite,junior,bachelor_or_equivalent,full_time,20000,31000,参与数据分析师相关项目，重点使用数据工程管道、问题拆解、需求分析、用户研究、指标设计、业务理解；岗位、企业和薪资均为演示数据。,模拟岗位/演示数据，不代表真实招聘机会,synthetic,test
JOB-DATA-0496,ROLE-DATA,数据分析师（1-3年）,教育科技,南京,hybrid,junior,bachelor_or_equivalent,full_time,17500,28500,参与数据分析师相关项目，重点使用问题拆解、需求分析、用户研究、指标设计、业务理解、书面沟通；岗位、企业和薪资均为演示数据。,模拟岗位/演示数据，不代表真实招聘机会,synthetic,test
JOB-DATA-0497,ROLE-DATA,数据分析师（1-3年）,零售科技,成都,remote,junior,bachelor_or_equivalent,full_time,16000,27000,参与数据分析师相关项目，重点使用需求分析、用户研究、指标设计、业务理解、书面沟通、表达与汇报；岗位、企业和薪资均为演示数据。,模拟岗位/演示数据，不代表真实招聘机会,synthetic,test
JOB-DATA-0498,ROLE-DATA,数据分析师（1-3年）,金融科技,武汉,onsite,junior,bachelor_or_equivalent,full_time,16000,27000,参与数据分析师相关项目，重点使用用户研究、指标设计、业务理解、书面沟通、表达与汇报、职业伦理与隐私；岗位、企业和薪资均为演示数据。,模拟岗位/演示数据，不代表真实招聘机会,synthetic,test
JOB-DATA-0499,ROLE-DATA,数据分析师（1-3年）,医疗信息化,西安,hybrid,junior,bachelor_or_equivalent,full_time,15500,26500,参与数据分析师相关项目，重点使用指标设计、业务理解、书面沟通、表达与汇报、职业伦理与隐私、Python编程；岗位、企业和薪资均为演示数据。,模拟岗位/演示数据，不代表真实招聘机会,synthetic,test
JOB-DATA-0500,ROLE-DATA,数据分析师（1-3年）,物流科技,杭州,remote,junior,bachelor_or_equivalent,full_time,19000,30000,参与数据分析师相关项目，重点使用业务理解、书面沟通、表达与汇报、职业伦理与隐私、Python编程、SQL；岗位、企业和薪资均为演示数据。,模拟岗位/演示数据，不代表真实招聘机会,synthetic,test
