snapshot_id,user_id,snapshot_sequence,snapshot_at,dimension_id,score,trigger_event_id,explanation,schema_version,origin,is_synthetic,source_ids,generated_at,confidence,claim_level,verification_status,last_verified_at,license_scope,is_market_fact,data_split
SNAP-G001-1-01,USER-G001,1,2024-10-10T16:00:00Z,DIM-01,32.8,EVT-G001-01,由课程、项目、练习或反馈事件更新,1.2.0,derived,true,SRC-SYNTH,2026-09-13T00:00:00+08:00,0.95,primary_derived,derived,,team_generated,false,golden
SNAP-G001-1-02,USER-G001,1,2024-10-10T16:00:00Z,DIM-02,29.4,EVT-G001-01,由课程、项目、练习或反馈事件更新,1.2.0,derived,true,SRC-SYNTH,2026-09-13T00:00:00+08:00,0.95,primary_derived,derived,,team_generated,false,golden
SNAP-G001-1-03,USER-G001,1,2024-10-10T16:00:00Z,DIM-03,34,EVT-G001-01,由课程、项目、练习或反馈事件更新,1.2.0,derived,true,SRC-SYNTH,2026-09-13T00:00:00+08:00,0.95,primary_derived,derived,,team_generated,false,golden
SNAP-G001-1-04,USER-G001,1,2024-10-10T16:00:00Z,DIM-04,16,EVT-G001-01,由课程、项目、练习或反馈事件更新,1.2.0,derived,true,SRC-SYNTH,2026-09-13T00:00:00+08:00,0.95,primary_derived,derived,,team_generated,false,golden
SNAP-G001-1-05,USER-G001,1,2024-10-10T16:00:00Z,DIM-05,22.9,EVT-G001-01,由课程、项目、练习或反馈事件更新,1.2.0,derived,true,SRC-SYNTH,2026-09-13T00:00:00+08:00,0.95,primary_derived,derived,,team_generated,false,golden
SNAP-G001-1-06,USER-G001,1,2024-10-10T16:00:00Z,DIM-06,29.9,EVT-G001-01,由课程、项目、练习或反馈事件更新,1.2.0,derived,true,SRC-SYNTH,2026-09-13T00:00:00+08:00,0.95,primary_derived,derived,,team_generated,false,golden
SNAP-G001-1-07,USER-G001,1,2024-10-10T16:00:00Z,DIM-07,39.1,EVT-G001-01,由课程、项目、练习或反馈事件更新,1.2.0,derived,true,SRC-SYNTH,2026-09-13T00:00:00+08:00,0.95,primary_derived,derived,,team_generated,false,golden
SNAP-G001-1-08,USER-G001,1,2024-10-10T16:00:00Z,DIM-08,22.4,EVT-G001-01,由课程、项目、练习或反馈事件更新,1.2.0,derived,true,SRC-SYNTH,2026-09-13T00:00:00+08:00,0.95,primary_derived,derived,,team_generated,false,golden
SNAP-G001-2-01,USER-G001,2,2025-01-03T16:00:00Z,DIM-01,34.5,EVT-G001-06,由课程、项目、练习或反馈事件更新,1.2.0,derived,true,SRC-SYNTH,2026-09-13T00:00:00+08:00,0.95,primary_derived,derived,,team_generated,false,golden
SNAP-G001-2-02,USER-G001,2,2025-01-03T16:00:00Z,DIM-02,31.1,EVT-G001-06,由课程、项目、练习或反馈事件更新,1.2.0,derived,true,SRC-SYNTH,2026-09-13T00:00:00+08:00,0.95,primary_derived,derived,,team_generated,false,golden
SNAP-G001-2-03,USER-G001,2,2025-01-03T16:00:00Z,DIM-03,35.7,EVT-G001-06,由课程、项目、练习或反馈事件更新,1.2.0,derived,true,SRC-SYNTH,2026-09-13T00:00:00+08:00,0.95,primary_derived,derived,,team_generated,false,golden
SNAP-G001-2-04,USER-G001,2,2025-01-03T16:00:00Z,DIM-04,17.7,EVT-G001-06,由课程、项目、练习或反馈事件更新,1.2.0,derived,true,SRC-SYNTH,2026-09-13T00:00:00+08:00,0.95,primary_derived,derived,,team_generated,false,golden
SNAP-G001-2-05,USER-G001,2,2025-01-03T16:00:00Z,DIM-05,24.6,EVT-G001-06,由课程、项目、练习或反馈事件更新,1.2.0,derived,true,SRC-SYNTH,2026-09-13T00:00:00+08:00,0.95,primary_derived,derived,,team_generated,false,golden
SNAP-G001-2-06,USER-G001,2,2025-01-03T16:00:00Z,DIM-06,30.9,EVT-G001-06,由课程、项目、练习或反馈事件更新,1.2.0,derived,true,SRC-SYNTH,2026-09-13T00:00:00+08:00,0.95,primary_derived,derived,,team_generated,false,golden
SNAP-G001-2-07,USER-G001,2,2025-01-03T16:00:00Z,DIM-07,40.8,EVT-G001-06,由课程、项目、练习或反馈事件更新,1.2.0,derived,true,SRC-SYNTH,2026-09-13T00:00:00+08:00,0.95,primary_derived,derived,,team_generated,false,golden
SNAP-G001-2-08,USER-G001,2,2025-01-03T16:00:00Z,DIM-08,24.1,EVT-G001-06,由课程、项目、练习或反馈事件更新,1.2.0,derived,true,SRC-SYNTH,2026-09-13T00:00:00+08:00,0.95,primary_derived,derived,,team_generated,false,golden
SNAP-G001-3-01,USER-G001,3,2025-03-29T16:00:00Z,DIM-01,36.2,EVT-G001-11,由课程、项目、练习或反馈事件更新,1.2.0,derived,true,SRC-SYNTH,2026-09-13T00:00:00+08:00,0.95,primary_derived,derived,,team_generated,false,golden
SNAP-G001-3-02,USER-G001,3,2025-03-29T16:00:00Z,DIM-02,32.8,EVT-G001-11,由课程、项目、练习或反馈事件更新,1.2.0,derived,true,SRC-SYNTH,2026-09-13T00:00:00+08:00,0.95,primary_derived,derived,,team_generated,false,golden
SNAP-G001-3-03,USER-G001,3,2025-03-29T16:00:00Z,DIM-03,37.4,EVT-G001-11,由课程、项目、练习或反馈事件更新,1.2.0,derived,true,SRC-SYNTH,2026-09-13T00:00:00+08:00,0.95,primary_derived,derived,,team_generated,false,golden
SNAP-G001-3-04,USER-G001,3,2025-03-29T16:00:00Z,DIM-04,19.4,EVT-G001-11,由课程、项目、练习或反馈事件更新,1.2.0,derived,true,SRC-SYNTH,2026-09-13T00:00:00+08:00,0.95,primary_derived,derived,,team_generated,false,golden
SNAP-G001-3-05,USER-G001,3,2025-03-29T16:00:00Z,DIM-05,26.3,EVT-G001-11,由课程、项目、练习或反馈事件更新,1.2.0,derived,true,SRC-SYNTH,2026-09-13T00:00:00+08:00,0.95,primary_derived,derived,,team_generated,false,golden
SNAP-G001-3-06,USER-G001,3,2025-03-29T16:00:00Z,DIM-06,32,EVT-G001-11,由课程、项目、练习或反馈事件更新,1.2.0,derived,true,SRC-SYNTH,2026-09-13T00:00:00+08:00,0.95,primary_derived,derived,,team_generated,false,golden
SNAP-G001-3-07,USER-G001,3,2025-03-29T16:00:00Z,DIM-07,42.5,EVT-G001-11,由课程、项目、练习或反馈事件更新,1.2.0,derived,true,SRC-SYNTH,2026-09-13T00:00:00+08:00,0.95,primary_derived,derived,,team_generated,false,golden
SNAP-G001-3-08,USER-G001,3,2025-03-29T16:00:00Z,DIM-08,25.8,EVT-G001-11,由课程、项目、练习或反馈事件更新,1.2.0,derived,true,SRC-SYNTH,2026-09-13T00:00:00+08:00,0.95,primary_derived,derived,,team_generated,false,golden
SNAP-G001-4-01,USER-G001,4,2025-06-22T16:00:00Z,DIM-01,37.9,EVT-G001-16,由课程、项目、练习或反馈事件更新,1.2.0,derived,true,SRC-SYNTH,2026-09-13T00:00:00+08:00,0.95,primary_derived,derived,,team_generated,false,golden
SNAP-G001-4-02,USER-G001,4,2025-06-22T16:00:00Z,DIM-02,34.5,EVT-G001-16,由课程、项目、练习或反馈事件更新,1.2.0,derived,true,SRC-SYNTH,2026-09-13T00:00:00+08:00,0.95,primary_derived,derived,,team_generated,false,golden
SNAP-G001-4-03,USER-G001,4,2025-06-22T16:00:00Z,DIM-03,39.1,EVT-G001-16,由课程、项目、练习或反馈事件更新,1.2.0,derived,true,SRC-SYNTH,2026-09-13T00:00:00+08:00,0.95,primary_derived,derived,,team_generated,false,golden
SNAP-G001-4-04,USER-G001,4,2025-06-22T16:00:00Z,DIM-04,21.1,EVT-G001-16,由课程、项目、练习或反馈事件更新,1.2.0,derived,true,SRC-SYNTH,2026-09-13T00:00:00+08:00,0.95,primary_derived,derived,,team_generated,false,golden
SNAP-G001-4-05,USER-G001,4,2025-06-22T16:00:00Z,DIM-05,28,EVT-G001-16,由课程、项目、练习或反馈事件更新,1.2.0,derived,true,SRC-SYNTH,2026-09-13T00:00:00+08:00,0.95,primary_derived,derived,,team_generated,false,golden
SNAP-G001-4-06,USER-G001,4,2025-06-22T16:00:00Z,DIM-06,33,EVT-G001-16,由课程、项目、练习或反馈事件更新,1.2.0,derived,true,SRC-SYNTH,2026-09-13T00:00:00+08:00,0.95,primary_derived,derived,,team_generated,false,golden
SNAP-G001-4-07,USER-G001,4,2025-06-22T16:00:00Z,DIM-07,44.2,EVT-G001-16,由课程、项目、练习或反馈事件更新,1.2.0,derived,true,SRC-SYNTH,2026-09-13T00:00:00+08:00,0.95,primary_derived,derived,,team_generated,false,golden
SNAP-G001-4-08,USER-G001,4,2025-06-22T16:00:00Z,DIM-08,27.5,EVT-G001-16,由课程、项目、练习或反馈事件更新,1.2.0,derived,true,SRC-SYNTH,2026-09-13T00:00:00+08:00,0.95,primary_derived,derived,,team_generated,false,golden
SNAP-G001-5-01,USER-G001,5,2025-09-15T16:00:00Z,DIM-01,39.6,EVT-G001-21,由课程、项目、练习或反馈事件更新,1.2.0,derived,true,SRC-SYNTH,2026-09-13T00:00:00+08:00,0.95,primary_derived,derived,,team_generated,false,golden
SNAP-G001-5-02,USER-G001,5,2025-09-15T16:00:00Z,DIM-02,36.2,EVT-G001-21,由课程、项目、练习或反馈事件更新,1.2.0,derived,true,SRC-SYNTH,2026-09-13T00:00:00+08:00,0.95,primary_derived,derived,,team_generated,false,golden
SNAP-G001-5-03,USER-G001,5,2025-09-15T16:00:00Z,DIM-03,40.8,EVT-G001-21,由课程、项目、练习或反馈事件更新,1.2.0,derived,true,SRC-SYNTH,2026-09-13T00:00:00+08:00,0.95,primary_derived,derived,,team_generated,false,golden
SNAP-G001-5-04,USER-G001,5,2025-09-15T16:00:00Z,DIM-04,22.8,EVT-G001-21,由课程、项目、练习或反馈事件更新,1.2.0,derived,true,SRC-SYNTH,2026-09-13T00:00:00+08:00,0.95,primary_derived,derived,,team_generated,false,golden
SNAP-G001-5-05,USER-G001,5,2025-09-15T16:00:00Z,DIM-05,29.7,EVT-G001-21,由课程、项目、练习或反馈事件更新,1.2.0,derived,true,SRC-SYNTH,2026-09-13T00:00:00+08:00,0.95,primary_derived,derived,,team_generated,false,golden
SNAP-G001-5-06,USER-G001,5,2025-09-15T16:00:00Z,DIM-06,34.1,EVT-G001-21,由课程、项目、练习或反馈事件更新,1.2.0,derived,true,SRC-SYNTH,2026-09-13T00:00:00+08:00,0.95,primary_derived,derived,,team_generated,false,golden
SNAP-G001-5-07,USER-G001,5,2025-09-15T16:00:00Z,DIM-07,45.9,EVT-G001-21,由课程、项目、练习或反馈事件更新,1.2.0,derived,true,SRC-SYNTH,2026-09-13T00:00:00+08:00,0.95,primary_derived,derived,,team_generated,false,golden
SNAP-G001-5-08,USER-G001,5,2025-09-15T16:00:00Z,DIM-08,26.2,EVT-G001-21,学习中断导致成长维度短期回落,1.2.0,derived,true,SRC-SYNTH,2026-09-13T00:00:00+08:00,0.95,primary_derived,derived,,team_generated,false,golden
SNAP-G001-6-01,USER-G001,6,2025-12-09T16:00:00Z,DIM-01,41.3,EVT-G001-26,由课程、项目、练习或反馈事件更新,1.2.0,derived,true,SRC-SYNTH,2026-09-13T00:00:00+08:00,0.95,primary_derived,derived,,team_generated,false,golden
SNAP-G001-6-02,USER-G001,6,2025-12-09T16:00:00Z,DIM-02,37.9,EVT-G001-26,由课程、项目、练习或反馈事件更新,1.2.0,derived,true,SRC-SYNTH,2026-09-13T00:00:00+08:00,0.95,primary_derived,derived,,team_generated,false,golden
SNAP-G001-6-03,USER-G001,6,2025-12-09T16:00:00Z,DIM-03,42.5,EVT-G001-26,由课程、项目、练习或反馈事件更新,1.2.0,derived,true,SRC-SYNTH,2026-09-13T00:00:00+08:00,0.95,primary_derived,derived,,team_generated,false,golden
SNAP-G001-6-04,USER-G001,6,2025-12-09T16:00:00Z,DIM-04,24.5,EVT-G001-26,由课程、项目、练习或反馈事件更新,1.2.0,derived,true,SRC-SYNTH,2026-09-13T00:00:00+08:00,0.95,primary_derived,derived,,team_generated,false,golden
SNAP-G001-6-05,USER-G001,6,2025-12-09T16:00:00Z,DIM-05,31.4,EVT-G001-26,由课程、项目、练习或反馈事件更新,1.2.0,derived,true,SRC-SYNTH,2026-09-13T00:00:00+08:00,0.95,primary_derived,derived,,team_generated,false,golden
SNAP-G001-6-06,USER-G001,6,2025-12-09T16:00:00Z,DIM-06,35.1,EVT-G001-26,由课程、项目、练习或反馈事件更新,1.2.0,derived,true,SRC-SYNTH,2026-09-13T00:00:00+08:00,0.95,primary_derived,derived,,team_generated,false,golden
SNAP-G001-6-07,USER-G001,6,2025-12-09T16:00:00Z,DIM-07,47.6,EVT-G001-26,由课程、项目、练习或反馈事件更新,1.2.0,derived,true,SRC-SYNTH,2026-09-13T00:00:00+08:00,0.95,primary_derived,derived,,team_generated,false,golden
SNAP-G001-6-08,USER-G001,6,2025-12-09T16:00:00Z,DIM-08,30.9,EVT-G001-26,由课程、项目、练习或反馈事件更新,1.2.0,derived,true,SRC-SYNTH,2026-09-13T00:00:00+08:00,0.95,primary_derived,derived,,team_generated,false,golden
SNAP-G001-7-01,USER-G001,7,2026-03-04T16:00:00Z,DIM-01,43,EVT-G001-31,由课程、项目、练习或反馈事件更新,1.2.0,derived,true,SRC-SYNTH,2026-09-13T00:00:00+08:00,0.95,primary_derived,derived,,team_generated,false,golden
SNAP-G001-7-02,USER-G001,7,2026-03-04T16:00:00Z,DIM-02,39.6,EVT-G001-31,由课程、项目、练习或反馈事件更新,1.2.0,derived,true,SRC-SYNTH,2026-09-13T00:00:00+08:00,0.95,primary_derived,derived,,team_generated,false,golden
SNAP-G001-7-03,USER-G001,7,2026-03-04T16:00:00Z,DIM-03,44.2,EVT-G001-31,由课程、项目、练习或反馈事件更新,1.2.0,derived,true,SRC-SYNTH,2026-09-13T00:00:00+08:00,0.95,primary_derived,derived,,team_generated,false,golden
SNAP-G001-7-04,USER-G001,7,2026-03-04T16:00:00Z,DIM-04,26.2,EVT-G001-31,由课程、项目、练习或反馈事件更新,1.2.0,derived,true,SRC-SYNTH,2026-09-13T00:00:00+08:00,0.95,primary_derived,derived,,team_generated,false,golden
SNAP-G001-7-05,USER-G001,7,2026-03-04T16:00:00Z,DIM-05,33.1,EVT-G001-31,由课程、项目、练习或反馈事件更新,1.2.0,derived,true,SRC-SYNTH,2026-09-13T00:00:00+08:00,0.95,primary_derived,derived,,team_generated,false,golden
SNAP-G001-7-06,USER-G001,7,2026-03-04T16:00:00Z,DIM-06,36.2,EVT-G001-31,由课程、项目、练习或反馈事件更新,1.2.0,derived,true,SRC-SYNTH,2026-09-13T00:00:00+08:00,0.95,primary_derived,derived,,team_generated,false,golden
SNAP-G001-7-07,USER-G001,7,2026-03-04T16:00:00Z,DIM-07,49.3,EVT-G001-31,由课程、项目、练习或反馈事件更新,1.2.0,derived,true,SRC-SYNTH,2026-09-13T00:00:00+08:00,0.95,primary_derived,derived,,team_generated,false,golden
SNAP-G001-7-08,USER-G001,7,2026-03-04T16:00:00Z,DIM-08,32.6,EVT-G001-31,由课程、项目、练习或反馈事件更新,1.2.0,derived,true,SRC-SYNTH,2026-09-13T00:00:00+08:00,0.95,primary_derived,derived,,team_generated,false,golden
SNAP-G001-8-01,USER-G001,8,2026-05-28T16:00:00Z,DIM-01,44.7,EVT-G001-36,最新证据汇总结果,1.2.0,derived,true,SRC-SYNTH,2026-09-13T00:00:00+08:00,0.95,primary_derived,derived,,team_generated,false,golden
SNAP-G001-8-02,USER-G001,8,2026-05-28T16:00:00Z,DIM-02,41.3,EVT-G001-36,最新证据汇总结果,1.2.0,derived,true,SRC-SYNTH,2026-09-13T00:00:00+08:00,0.95,primary_derived,derived,,team_generated,false,golden
SNAP-G001-8-03,USER-G001,8,2026-05-28T16:00:00Z,DIM-03,45.9,EVT-G001-36,最新证据汇总结果,1.2.0,derived,true,SRC-SYNTH,2026-09-13T00:00:00+08:00,0.95,primary_derived,derived,,team_generated,false,golden
SNAP-G001-8-04,USER-G001,8,2026-05-28T16:00:00Z,DIM-04,27.9,EVT-G001-36,最新证据汇总结果,1.2.0,derived,true,SRC-SYNTH,2026-09-13T00:00:00+08:00,0.95,primary_derived,derived,,team_generated,false,golden
SNAP-G001-8-05,USER-G001,8,2026-05-28T16:00:00Z,DIM-05,34.8,EVT-G001-36,最新证据汇总结果,1.2.0,derived,true,SRC-SYNTH,2026-09-13T00:00:00+08:00,0.95,primary_derived,derived,,team_generated,false,golden
SNAP-G001-8-06,USER-G001,8,2026-05-28T16:00:00Z,DIM-06,37.2,EVT-G001-36,最新证据汇总结果,1.2.0,derived,true,SRC-SYNTH,2026-09-13T00:00:00+08:00,0.95,primary_derived,derived,,team_generated,false,golden
SNAP-G001-8-07,USER-G001,8,2026-05-28T16:00:00Z,DIM-07,51,EVT-G001-36,最新证据汇总结果,1.2.0,derived,true,SRC-SYNTH,2026-09-13T00:00:00+08:00,0.95,primary_derived,derived,,team_generated,false,golden
SNAP-G001-8-08,USER-G001,8,2026-05-28T16:00:00Z,DIM-08,34.3,EVT-G001-36,最新证据汇总结果,1.2.0,derived,true,SRC-SYNTH,2026-09-13T00:00:00+08:00,0.95,primary_derived,derived,,team_generated,false,golden
SNAP-G002-1-01,USER-G002,1,2024-10-10T16:00:00Z,DIM-01,37.2,EVT-G002-01,由课程、项目、练习或反馈事件更新,1.2.0,derived,true,SRC-SYNTH,2026-09-13T00:00:00+08:00,0.95,primary_derived,derived,,team_generated,false,golden
SNAP-G002-1-02,USER-G002,1,2024-10-10T16:00:00Z,DIM-02,22.5,EVT-G002-01,由课程、项目、练习或反馈事件更新,1.2.0,derived,true,SRC-SYNTH,2026-09-13T00:00:00+08:00,0.95,primary_derived,derived,,team_generated,false,golden
SNAP-G002-1-03,USER-G002,1,2024-10-10T16:00:00Z,DIM-03,32.3,EVT-G002-01,由课程、项目、练习或反馈事件更新,1.2.0,derived,true,SRC-SYNTH,2026-09-13T00:00:00+08:00,0.95,primary_derived,derived,,team_generated,false,golden
SNAP-G002-1-04,USER-G002,1,2024-10-10T16:00:00Z,DIM-04,28.8,EVT-G002-01,由课程、项目、练习或反馈事件更新,1.2.0,derived,true,SRC-SYNTH,2026-09-13T00:00:00+08:00,0.95,primary_derived,derived,,team_generated,false,golden
SNAP-G002-1-05,USER-G002,1,2024-10-10T16:00:00Z,DIM-05,27.6,EVT-G002-01,由课程、项目、练习或反馈事件更新,1.2.0,derived,true,SRC-SYNTH,2026-09-13T00:00:00+08:00,0.95,primary_derived,derived,,team_generated,false,golden
SNAP-G002-1-06,USER-G002,1,2024-10-10T16:00:00Z,DIM-06,22.8,EVT-G002-01,由课程、项目、练习或反馈事件更新,1.2.0,derived,true,SRC-SYNTH,2026-09-13T00:00:00+08:00,0.95,primary_derived,derived,,team_generated,false,golden
SNAP-G002-1-07,USER-G002,1,2024-10-10T16:00:00Z,DIM-07,24.2,EVT-G002-01,由课程、项目、练习或反馈事件更新,1.2.0,derived,true,SRC-SYNTH,2026-09-13T00:00:00+08:00,0.95,primary_derived,derived,,team_generated,false,golden
SNAP-G002-1-08,USER-G002,1,2024-10-10T16:00:00Z,DIM-08,32.9,EVT-G002-01,由课程、项目、练习或反馈事件更新,1.2.0,derived,true,SRC-SYNTH,2026-09-13T00:00:00+08:00,0.95,primary_derived,derived,,team_generated,false,golden
SNAP-G002-2-01,USER-G002,2,2025-01-03T16:00:00Z,DIM-01,38.9,EVT-G002-06,由课程、项目、练习或反馈事件更新,1.2.0,derived,true,SRC-SYNTH,2026-09-13T00:00:00+08:00,0.95,primary_derived,derived,,team_generated,false,golden
SNAP-G002-2-02,USER-G002,2,2025-01-03T16:00:00Z,DIM-02,24.2,EVT-G002-06,由课程、项目、练习或反馈事件更新,1.2.0,derived,true,SRC-SYNTH,2026-09-13T00:00:00+08:00,0.95,primary_derived,derived,,team_generated,false,golden
SNAP-G002-2-03,USER-G002,2,2025-01-03T16:00:00Z,DIM-03,33.3,EVT-G002-06,由课程、项目、练习或反馈事件更新,1.2.0,derived,true,SRC-SYNTH,2026-09-13T00:00:00+08:00,0.95,primary_derived,derived,,team_generated,false,golden
SNAP-G002-2-04,USER-G002,2,2025-01-03T16:00:00Z,DIM-04,30.5,EVT-G002-06,由课程、项目、练习或反馈事件更新,1.2.0,derived,true,SRC-SYNTH,2026-09-13T00:00:00+08:00,0.95,primary_derived,derived,,team_generated,false,golden
SNAP-G002-2-05,USER-G002,2,2025-01-03T16:00:00Z,DIM-05,29.3,EVT-G002-06,由课程、项目、练习或反馈事件更新,1.2.0,derived,true,SRC-SYNTH,2026-09-13T00:00:00+08:00,0.95,primary_derived,derived,,team_generated,false,golden
SNAP-G002-2-06,USER-G002,2,2025-01-03T16:00:00Z,DIM-06,24.5,EVT-G002-06,由课程、项目、练习或反馈事件更新,1.2.0,derived,true,SRC-SYNTH,2026-09-13T00:00:00+08:00,0.95,primary_derived,derived,,team_generated,false,golden
SNAP-G002-2-07,USER-G002,2,2025-01-03T16:00:00Z,DIM-07,25.9,EVT-G002-06,由课程、项目、练习或反馈事件更新,1.2.0,derived,true,SRC-SYNTH,2026-09-13T00:00:00+08:00,0.95,primary_derived,derived,,team_generated,false,golden
SNAP-G002-2-08,USER-G002,2,2025-01-03T16:00:00Z,DIM-08,33.9,EVT-G002-06,由课程、项目、练习或反馈事件更新,1.2.0,derived,true,SRC-SYNTH,2026-09-13T00:00:00+08:00,0.95,primary_derived,derived,,team_generated,false,golden
SNAP-G002-3-01,USER-G002,3,2025-03-29T16:00:00Z,DIM-01,40.6,EVT-G002-11,由课程、项目、练习或反馈事件更新,1.2.0,derived,true,SRC-SYNTH,2026-09-13T00:00:00+08:00,0.95,primary_derived,derived,,team_generated,false,golden
SNAP-G002-3-02,USER-G002,3,2025-03-29T16:00:00Z,DIM-02,25.9,EVT-G002-11,由课程、项目、练习或反馈事件更新,1.2.0,derived,true,SRC-SYNTH,2026-09-13T00:00:00+08:00,0.95,primary_derived,derived,,team_generated,false,golden
SNAP-G002-3-03,USER-G002,3,2025-03-29T16:00:00Z,DIM-03,34.4,EVT-G002-11,由课程、项目、练习或反馈事件更新,1.2.0,derived,true,SRC-SYNTH,2026-09-13T00:00:00+08:00,0.95,primary_derived,derived,,team_generated,false,golden
SNAP-G002-3-04,USER-G002,3,2025-03-29T16:00:00Z,DIM-04,32.2,EVT-G002-11,由课程、项目、练习或反馈事件更新,1.2.0,derived,true,SRC-SYNTH,2026-09-13T00:00:00+08:00,0.95,primary_derived,derived,,team_generated,false,golden
SNAP-G002-3-05,USER-G002,3,2025-03-29T16:00:00Z,DIM-05,31,EVT-G002-11,由课程、项目、练习或反馈事件更新,1.2.0,derived,true,SRC-SYNTH,2026-09-13T00:00:00+08:00,0.95,primary_derived,derived,,team_generated,false,golden
SNAP-G002-3-06,USER-G002,3,2025-03-29T16:00:00Z,DIM-06,26.2,EVT-G002-11,由课程、项目、练习或反馈事件更新,1.2.0,derived,true,SRC-SYNTH,2026-09-13T00:00:00+08:00,0.95,primary_derived,derived,,team_generated,false,golden
SNAP-G002-3-07,USER-G002,3,2025-03-29T16:00:00Z,DIM-07,27.6,EVT-G002-11,由课程、项目、练习或反馈事件更新,1.2.0,derived,true,SRC-SYNTH,2026-09-13T00:00:00+08:00,0.95,primary_derived,derived,,team_generated,false,golden
SNAP-G002-3-08,USER-G002,3,2025-03-29T16:00:00Z,DIM-08,35,EVT-G002-11,由课程、项目、练习或反馈事件更新,1.2.0,derived,true,SRC-SYNTH,2026-09-13T00:00:00+08:00,0.95,primary_derived,derived,,team_generated,false,golden
SNAP-G002-4-01,USER-G002,4,2025-06-22T16:00:00Z,DIM-01,42.3,EVT-G002-16,由课程、项目、练习或反馈事件更新,1.2.0,derived,true,SRC-SYNTH,2026-09-13T00:00:00+08:00,0.95,primary_derived,derived,,team_generated,false,golden
SNAP-G002-4-02,USER-G002,4,2025-06-22T16:00:00Z,DIM-02,27.6,EVT-G002-16,由课程、项目、练习或反馈事件更新,1.2.0,derived,true,SRC-SYNTH,2026-09-13T00:00:00+08:00,0.95,primary_derived,derived,,team_generated,false,golden
SNAP-G002-4-03,USER-G002,4,2025-06-22T16:00:00Z,DIM-03,35.4,EVT-G002-16,由课程、项目、练习或反馈事件更新,1.2.0,derived,true,SRC-SYNTH,2026-09-13T00:00:00+08:00,0.95,primary_derived,derived,,team_generated,false,golden
SNAP-G002-4-04,USER-G002,4,2025-06-22T16:00:00Z,DIM-04,33.9,EVT-G002-16,由课程、项目、练习或反馈事件更新,1.2.0,derived,true,SRC-SYNTH,2026-09-13T00:00:00+08:00,0.95,primary_derived,derived,,team_generated,false,golden
SNAP-G002-4-05,USER-G002,4,2025-06-22T16:00:00Z,DIM-05,32.7,EVT-G002-16,由课程、项目、练习或反馈事件更新,1.2.0,derived,true,SRC-SYNTH,2026-09-13T00:00:00+08:00,0.95,primary_derived,derived,,team_generated,false,golden
SNAP-G002-4-06,USER-G002,4,2025-06-22T16:00:00Z,DIM-06,27.9,EVT-G002-16,由课程、项目、练习或反馈事件更新,1.2.0,derived,true,SRC-SYNTH,2026-09-13T00:00:00+08:00,0.95,primary_derived,derived,,team_generated,false,golden
SNAP-G002-4-07,USER-G002,4,2025-06-22T16:00:00Z,DIM-07,29.3,EVT-G002-16,由课程、项目、练习或反馈事件更新,1.2.0,derived,true,SRC-SYNTH,2026-09-13T00:00:00+08:00,0.95,primary_derived,derived,,team_generated,false,golden
SNAP-G002-4-08,USER-G002,4,2025-06-22T16:00:00Z,DIM-08,36,EVT-G002-16,由课程、项目、练习或反馈事件更新,1.2.0,derived,true,SRC-SYNTH,2026-09-13T00:00:00+08:00,0.95,primary_derived,derived,,team_generated,false,golden
SNAP-G002-5-01,USER-G002,5,2025-09-15T16:00:00Z,DIM-01,44,EVT-G002-21,由课程、项目、练习或反馈事件更新,1.2.0,derived,true,SRC-SYNTH,2026-09-13T00:00:00+08:00,0.95,primary_derived,derived,,team_generated,false,golden
SNAP-G002-5-02,USER-G002,5,2025-09-15T16:00:00Z,DIM-02,29.3,EVT-G002-21,由课程、项目、练习或反馈事件更新,1.2.0,derived,true,SRC-SYNTH,2026-09-13T00:00:00+08:00,0.95,primary_derived,derived,,team_generated,false,golden
SNAP-G002-5-03,USER-G002,5,2025-09-15T16:00:00Z,DIM-03,36.5,EVT-G002-21,由课程、项目、练习或反馈事件更新,1.2.0,derived,true,SRC-SYNTH,2026-09-13T00:00:00+08:00,0.95,primary_derived,derived,,team_generated,false,golden
SNAP-G002-5-04,USER-G002,5,2025-09-15T16:00:00Z,DIM-04,35.6,EVT-G002-21,由课程、项目、练习或反馈事件更新,1.2.0,derived,true,SRC-SYNTH,2026-09-13T00:00:00+08:00,0.95,primary_derived,derived,,team_generated,false,golden
SNAP-G002-5-05,USER-G002,5,2025-09-15T16:00:00Z,DIM-05,34.4,EVT-G002-21,由课程、项目、练习或反馈事件更新,1.2.0,derived,true,SRC-SYNTH,2026-09-13T00:00:00+08:00,0.95,primary_derived,derived,,team_generated,false,golden
SNAP-G002-5-06,USER-G002,5,2025-09-15T16:00:00Z,DIM-06,29.6,EVT-G002-21,由课程、项目、练习或反馈事件更新,1.2.0,derived,true,SRC-SYNTH,2026-09-13T00:00:00+08:00,0.95,primary_derived,derived,,team_generated,false,golden
SNAP-G002-5-07,USER-G002,5,2025-09-15T16:00:00Z,DIM-07,31,EVT-G002-21,由课程、项目、练习或反馈事件更新,1.2.0,derived,true,SRC-SYNTH,2026-09-13T00:00:00+08:00,0.95,primary_derived,derived,,team_generated,false,golden
SNAP-G002-5-08,USER-G002,5,2025-09-15T16:00:00Z,DIM-08,34.1,EVT-G002-21,学习中断导致成长维度短期回落,1.2.0,derived,true,SRC-SYNTH,2026-09-13T00:00:00+08:00,0.95,primary_derived,derived,,team_generated,false,golden
SNAP-G002-6-01,USER-G002,6,2025-12-09T16:00:00Z,DIM-01,45.7,EVT-G002-26,由课程、项目、练习或反馈事件更新,1.2.0,derived,true,SRC-SYNTH,2026-09-13T00:00:00+08:00,0.95,primary_derived,derived,,team_generated,false,golden
SNAP-G002-6-02,USER-G002,6,2025-12-09T16:00:00Z,DIM-02,31,EVT-G002-26,由课程、项目、练习或反馈事件更新,1.2.0,derived,true,SRC-SYNTH,2026-09-13T00:00:00+08:00,0.95,primary_derived,derived,,team_generated,false,golden
SNAP-G002-6-03,USER-G002,6,2025-12-09T16:00:00Z,DIM-03,37.5,EVT-G002-26,由课程、项目、练习或反馈事件更新,1.2.0,derived,true,SRC-SYNTH,2026-09-13T00:00:00+08:00,0.95,primary_derived,derived,,team_generated,false,golden
SNAP-G002-6-04,USER-G002,6,2025-12-09T16:00:00Z,DIM-04,37.3,EVT-G002-26,由课程、项目、练习或反馈事件更新,1.2.0,derived,true,SRC-SYNTH,2026-09-13T00:00:00+08:00,0.95,primary_derived,derived,,team_generated,false,golden
SNAP-G002-6-05,USER-G002,6,2025-12-09T16:00:00Z,DIM-05,36.1,EVT-G002-26,由课程、项目、练习或反馈事件更新,1.2.0,derived,true,SRC-SYNTH,2026-09-13T00:00:00+08:00,0.95,primary_derived,derived,,team_generated,false,golden
SNAP-G002-6-06,USER-G002,6,2025-12-09T16:00:00Z,DIM-06,31.3,EVT-G002-26,由课程、项目、练习或反馈事件更新,1.2.0,derived,true,SRC-SYNTH,2026-09-13T00:00:00+08:00,0.95,primary_derived,derived,,team_generated,false,golden
SNAP-G002-6-07,USER-G002,6,2025-12-09T16:00:00Z,DIM-07,32.7,EVT-G002-26,由课程、项目、练习或反馈事件更新,1.2.0,derived,true,SRC-SYNTH,2026-09-13T00:00:00+08:00,0.95,primary_derived,derived,,team_generated,false,golden
SNAP-G002-6-08,USER-G002,6,2025-12-09T16:00:00Z,DIM-08,38.1,EVT-G002-26,由课程、项目、练习或反馈事件更新,1.2.0,derived,true,SRC-SYNTH,2026-09-13T00:00:00+08:00,0.95,primary_derived,derived,,team_generated,false,golden
SNAP-G002-7-01,USER-G002,7,2026-03-04T16:00:00Z,DIM-01,47.4,EVT-G002-31,由课程、项目、练习或反馈事件更新,1.2.0,derived,true,SRC-SYNTH,2026-09-13T00:00:00+08:00,0.95,primary_derived,derived,,team_generated,false,golden
SNAP-G002-7-02,USER-G002,7,2026-03-04T16:00:00Z,DIM-02,32.7,EVT-G002-31,由课程、项目、练习或反馈事件更新,1.2.0,derived,true,SRC-SYNTH,2026-09-13T00:00:00+08:00,0.95,primary_derived,derived,,team_generated,false,golden
SNAP-G002-7-03,USER-G002,7,2026-03-04T16:00:00Z,DIM-03,38.6,EVT-G002-31,由课程、项目、练习或反馈事件更新,1.2.0,derived,true,SRC-SYNTH,2026-09-13T00:00:00+08:00,0.95,primary_derived,derived,,team_generated,false,golden
SNAP-G002-7-04,USER-G002,7,2026-03-04T16:00:00Z,DIM-04,39,EVT-G002-31,由课程、项目、练习或反馈事件更新,1.2.0,derived,true,SRC-SYNTH,2026-09-13T00:00:00+08:00,0.95,primary_derived,derived,,team_generated,false,golden
SNAP-G002-7-05,USER-G002,7,2026-03-04T16:00:00Z,DIM-05,37.8,EVT-G002-31,由课程、项目、练习或反馈事件更新,1.2.0,derived,true,SRC-SYNTH,2026-09-13T00:00:00+08:00,0.95,primary_derived,derived,,team_generated,false,golden
SNAP-G002-7-06,USER-G002,7,2026-03-04T16:00:00Z,DIM-06,33,EVT-G002-31,由课程、项目、练习或反馈事件更新,1.2.0,derived,true,SRC-SYNTH,2026-09-13T00:00:00+08:00,0.95,primary_derived,derived,,team_generated,false,golden
SNAP-G002-7-07,USER-G002,7,2026-03-04T16:00:00Z,DIM-07,34.4,EVT-G002-31,由课程、项目、练习或反馈事件更新,1.2.0,derived,true,SRC-SYNTH,2026-09-13T00:00:00+08:00,0.95,primary_derived,derived,,team_generated,false,golden
SNAP-G002-7-08,USER-G002,7,2026-03-04T16:00:00Z,DIM-08,39.2,EVT-G002-31,由课程、项目、练习或反馈事件更新,1.2.0,derived,true,SRC-SYNTH,2026-09-13T00:00:00+08:00,0.95,primary_derived,derived,,team_generated,false,golden
SNAP-G002-8-01,USER-G002,8,2026-05-28T16:00:00Z,DIM-01,49.1,EVT-G002-36,最新证据汇总结果,1.2.0,derived,true,SRC-SYNTH,2026-09-13T00:00:00+08:00,0.95,primary_derived,derived,,team_generated,false,golden
SNAP-G002-8-02,USER-G002,8,2026-05-28T16:00:00Z,DIM-02,34.4,EVT-G002-36,最新证据汇总结果,1.2.0,derived,true,SRC-SYNTH,2026-09-13T00:00:00+08:00,0.95,primary_derived,derived,,team_generated,false,golden
SNAP-G002-8-03,USER-G002,8,2026-05-28T16:00:00Z,DIM-03,39.6,EVT-G002-36,最新证据汇总结果,1.2.0,derived,true,SRC-SYNTH,2026-09-13T00:00:00+08:00,0.95,primary_derived,derived,,team_generated,false,golden
SNAP-G002-8-04,USER-G002,8,2026-05-28T16:00:00Z,DIM-04,40.7,EVT-G002-36,最新证据汇总结果,1.2.0,derived,true,SRC-SYNTH,2026-09-13T00:00:00+08:00,0.95,primary_derived,derived,,team_generated,false,golden
SNAP-G002-8-05,USER-G002,8,2026-05-28T16:00:00Z,DIM-05,39.5,EVT-G002-36,最新证据汇总结果,1.2.0,derived,true,SRC-SYNTH,2026-09-13T00:00:00+08:00,0.95,primary_derived,derived,,team_generated,false,golden
SNAP-G002-8-06,USER-G002,8,2026-05-28T16:00:00Z,DIM-06,34.7,EVT-G002-36,最新证据汇总结果,1.2.0,derived,true,SRC-SYNTH,2026-09-13T00:00:00+08:00,0.95,primary_derived,derived,,team_generated,false,golden
SNAP-G002-8-07,USER-G002,8,2026-05-28T16:00:00Z,DIM-07,36.1,EVT-G002-36,最新证据汇总结果,1.2.0,derived,true,SRC-SYNTH,2026-09-13T00:00:00+08:00,0.95,primary_derived,derived,,team_generated,false,golden
SNAP-G002-8-08,USER-G002,8,2026-05-28T16:00:00Z,DIM-08,40.2,EVT-G002-36,最新证据汇总结果,1.2.0,derived,true,SRC-SYNTH,2026-09-13T00:00:00+08:00,0.95,primary_derived,derived,,team_generated,false,golden
SNAP-G003-1-01,USER-G003,1,2024-10-10T16:00:00Z,DIM-01,36.5,EVT-G003-01,由课程、项目、练习或反馈事件更新,1.2.0,derived,true,SRC-SYNTH,2026-09-13T00:00:00+08:00,0.95,primary_derived,derived,,team_generated,false,golden
SNAP-G003-1-02,USER-G003,1,2024-10-10T16:00:00Z,DIM-02,35.5,EVT-G003-01,由课程、项目、练习或反馈事件更新,1.2.0,derived,true,SRC-SYNTH,2026-09-13T00:00:00+08:00,0.95,primary_derived,derived,,team_generated,false,golden
SNAP-G003-1-03,USER-G003,1,2024-10-10T16:00:00Z,DIM-03,34.2,EVT-G003-01,由课程、项目、练习或反馈事件更新,1.2.0,derived,true,SRC-SYNTH,2026-09-13T00:00:00+08:00,0.95,primary_derived,derived,,team_generated,false,golden
SNAP-G003-1-04,USER-G003,1,2024-10-10T16:00:00Z,DIM-04,14,EVT-G003-01,由课程、项目、练习或反馈事件更新,1.2.0,derived,true,SRC-SYNTH,2026-09-13T00:00:00+08:00,0.95,primary_derived,derived,,team_generated,false,golden
SNAP-G003-1-05,USER-G003,1,2024-10-10T16:00:00Z,DIM-05,23,EVT-G003-01,由课程、项目、练习或反馈事件更新,1.2.0,derived,true,SRC-SYNTH,2026-09-13T00:00:00+08:00,0.95,primary_derived,derived,,team_generated,false,golden
SNAP-G003-1-06,USER-G003,1,2024-10-10T16:00:00Z,DIM-06,31.3,EVT-G003-01,由课程、项目、练习或反馈事件更新,1.2.0,derived,true,SRC-SYNTH,2026-09-13T00:00:00+08:00,0.95,primary_derived,derived,,team_generated,false,golden
SNAP-G003-1-07,USER-G003,1,2024-10-10T16:00:00Z,DIM-07,36.6,EVT-G003-01,由课程、项目、练习或反馈事件更新,1.2.0,derived,true,SRC-SYNTH,2026-09-13T00:00:00+08:00,0.95,primary_derived,derived,,team_generated,false,golden
SNAP-G003-1-08,USER-G003,1,2024-10-10T16:00:00Z,DIM-08,33.9,EVT-G003-01,由课程、项目、练习或反馈事件更新,1.2.0,derived,true,SRC-SYNTH,2026-09-13T00:00:00+08:00,0.95,primary_derived,derived,,team_generated,false,golden
SNAP-G003-2-01,USER-G003,2,2025-01-03T16:00:00Z,DIM-01,38.2,EVT-G003-06,由课程、项目、练习或反馈事件更新,1.2.0,derived,true,SRC-SYNTH,2026-09-13T00:00:00+08:00,0.95,primary_derived,derived,,team_generated,false,golden
SNAP-G003-2-02,USER-G003,2,2025-01-03T16:00:00Z,DIM-02,37.2,EVT-G003-06,由课程、项目、练习或反馈事件更新,1.2.0,derived,true,SRC-SYNTH,2026-09-13T00:00:00+08:00,0.95,primary_derived,derived,,team_generated,false,golden
SNAP-G003-2-03,USER-G003,2,2025-01-03T16:00:00Z,DIM-03,35.2,EVT-G003-06,由课程、项目、练习或反馈事件更新,1.2.0,derived,true,SRC-SYNTH,2026-09-13T00:00:00+08:00,0.95,primary_derived,derived,,team_generated,false,golden
SNAP-G003-2-04,USER-G003,2,2025-01-03T16:00:00Z,DIM-04,15,EVT-G003-06,由课程、项目、练习或反馈事件更新,1.2.0,derived,true,SRC-SYNTH,2026-09-13T00:00:00+08:00,0.95,primary_derived,derived,,team_generated,false,golden
SNAP-G003-2-05,USER-G003,2,2025-01-03T16:00:00Z,DIM-05,24.7,EVT-G003-06,由课程、项目、练习或反馈事件更新,1.2.0,derived,true,SRC-SYNTH,2026-09-13T00:00:00+08:00,0.95,primary_derived,derived,,team_generated,false,golden
SNAP-G003-2-06,USER-G003,2,2025-01-03T16:00:00Z,DIM-06,33,EVT-G003-06,由课程、项目、练习或反馈事件更新,1.2.0,derived,true,SRC-SYNTH,2026-09-13T00:00:00+08:00,0.95,primary_derived,derived,,team_generated,false,golden
SNAP-G003-2-07,USER-G003,2,2025-01-03T16:00:00Z,DIM-07,38.3,EVT-G003-06,由课程、项目、练习或反馈事件更新,1.2.0,derived,true,SRC-SYNTH,2026-09-13T00:00:00+08:00,0.95,primary_derived,derived,,team_generated,false,golden
SNAP-G003-2-08,USER-G003,2,2025-01-03T16:00:00Z,DIM-08,34.9,EVT-G003-06,由课程、项目、练习或反馈事件更新,1.2.0,derived,true,SRC-SYNTH,2026-09-13T00:00:00+08:00,0.95,primary_derived,derived,,team_generated,false,golden
SNAP-G003-3-01,USER-G003,3,2025-03-29T16:00:00Z,DIM-01,39.9,EVT-G003-11,由课程、项目、练习或反馈事件更新,1.2.0,derived,true,SRC-SYNTH,2026-09-13T00:00:00+08:00,0.95,primary_derived,derived,,team_generated,false,golden
SNAP-G003-3-02,USER-G003,3,2025-03-29T16:00:00Z,DIM-02,38.9,EVT-G003-11,由课程、项目、练习或反馈事件更新,1.2.0,derived,true,SRC-SYNTH,2026-09-13T00:00:00+08:00,0.95,primary_derived,derived,,team_generated,false,golden
SNAP-G003-3-03,USER-G003,3,2025-03-29T16:00:00Z,DIM-03,36.3,EVT-G003-11,由课程、项目、练习或反馈事件更新,1.2.0,derived,true,SRC-SYNTH,2026-09-13T00:00:00+08:00,0.95,primary_derived,derived,,team_generated,false,golden
SNAP-G003-3-04,USER-G003,3,2025-03-29T16:00:00Z,DIM-04,16.1,EVT-G003-11,由课程、项目、练习或反馈事件更新,1.2.0,derived,true,SRC-SYNTH,2026-09-13T00:00:00+08:00,0.95,primary_derived,derived,,team_generated,false,golden
SNAP-G003-3-05,USER-G003,3,2025-03-29T16:00:00Z,DIM-05,26.4,EVT-G003-11,由课程、项目、练习或反馈事件更新,1.2.0,derived,true,SRC-SYNTH,2026-09-13T00:00:00+08:00,0.95,primary_derived,derived,,team_generated,false,golden
SNAP-G003-3-06,USER-G003,3,2025-03-29T16:00:00Z,DIM-06,34.7,EVT-G003-11,由课程、项目、练习或反馈事件更新,1.2.0,derived,true,SRC-SYNTH,2026-09-13T00:00:00+08:00,0.95,primary_derived,derived,,team_generated,false,golden
SNAP-G003-3-07,USER-G003,3,2025-03-29T16:00:00Z,DIM-07,40,EVT-G003-11,由课程、项目、练习或反馈事件更新,1.2.0,derived,true,SRC-SYNTH,2026-09-13T00:00:00+08:00,0.95,primary_derived,derived,,team_generated,false,golden
SNAP-G003-3-08,USER-G003,3,2025-03-29T16:00:00Z,DIM-08,36,EVT-G003-11,由课程、项目、练习或反馈事件更新,1.2.0,derived,true,SRC-SYNTH,2026-09-13T00:00:00+08:00,0.95,primary_derived,derived,,team_generated,false,golden
SNAP-G003-4-01,USER-G003,4,2025-06-22T16:00:00Z,DIM-01,41.6,EVT-G003-16,由课程、项目、练习或反馈事件更新,1.2.0,derived,true,SRC-SYNTH,2026-09-13T00:00:00+08:00,0.95,primary_derived,derived,,team_generated,false,golden
SNAP-G003-4-02,USER-G003,4,2025-06-22T16:00:00Z,DIM-02,40.6,EVT-G003-16,由课程、项目、练习或反馈事件更新,1.2.0,derived,true,SRC-SYNTH,2026-09-13T00:00:00+08:00,0.95,primary_derived,derived,,team_generated,false,golden
SNAP-G003-4-03,USER-G003,4,2025-06-22T16:00:00Z,DIM-03,37.3,EVT-G003-16,由课程、项目、练习或反馈事件更新,1.2.0,derived,true,SRC-SYNTH,2026-09-13T00:00:00+08:00,0.95,primary_derived,derived,,team_generated,false,golden
SNAP-G003-4-04,USER-G003,4,2025-06-22T16:00:00Z,DIM-04,17.1,EVT-G003-16,由课程、项目、练习或反馈事件更新,1.2.0,derived,true,SRC-SYNTH,2026-09-13T00:00:00+08:00,0.95,primary_derived,derived,,team_generated,false,golden
SNAP-G003-4-05,USER-G003,4,2025-06-22T16:00:00Z,DIM-05,28.1,EVT-G003-16,由课程、项目、练习或反馈事件更新,1.2.0,derived,true,SRC-SYNTH,2026-09-13T00:00:00+08:00,0.95,primary_derived,derived,,team_generated,false,golden
SNAP-G003-4-06,USER-G003,4,2025-06-22T16:00:00Z,DIM-06,36.4,EVT-G003-16,由课程、项目、练习或反馈事件更新,1.2.0,derived,true,SRC-SYNTH,2026-09-13T00:00:00+08:00,0.95,primary_derived,derived,,team_generated,false,golden
SNAP-G003-4-07,USER-G003,4,2025-06-22T16:00:00Z,DIM-07,41.7,EVT-G003-16,由课程、项目、练习或反馈事件更新,1.2.0,derived,true,SRC-SYNTH,2026-09-13T00:00:00+08:00,0.95,primary_derived,derived,,team_generated,false,golden
SNAP-G003-4-08,USER-G003,4,2025-06-22T16:00:00Z,DIM-08,37,EVT-G003-16,由课程、项目、练习或反馈事件更新,1.2.0,derived,true,SRC-SYNTH,2026-09-13T00:00:00+08:00,0.95,primary_derived,derived,,team_generated,false,golden
SNAP-G003-5-01,USER-G003,5,2025-09-15T16:00:00Z,DIM-01,43.3,EVT-G003-21,由课程、项目、练习或反馈事件更新,1.2.0,derived,true,SRC-SYNTH,2026-09-13T00:00:00+08:00,0.95,primary_derived,derived,,team_generated,false,golden
SNAP-G003-5-02,USER-G003,5,2025-09-15T16:00:00Z,DIM-02,42.3,EVT-G003-21,由课程、项目、练习或反馈事件更新,1.2.0,derived,true,SRC-SYNTH,2026-09-13T00:00:00+08:00,0.95,primary_derived,derived,,team_generated,false,golden
SNAP-G003-5-03,USER-G003,5,2025-09-15T16:00:00Z,DIM-03,38.4,EVT-G003-21,由课程、项目、练习或反馈事件更新,1.2.0,derived,true,SRC-SYNTH,2026-09-13T00:00:00+08:00,0.95,primary_derived,derived,,team_generated,false,golden
SNAP-G003-5-04,USER-G003,5,2025-09-15T16:00:00Z,DIM-04,18.2,EVT-G003-21,由课程、项目、练习或反馈事件更新,1.2.0,derived,true,SRC-SYNTH,2026-09-13T00:00:00+08:00,0.95,primary_derived,derived,,team_generated,false,golden
SNAP-G003-5-05,USER-G003,5,2025-09-15T16:00:00Z,DIM-05,29.8,EVT-G003-21,由课程、项目、练习或反馈事件更新,1.2.0,derived,true,SRC-SYNTH,2026-09-13T00:00:00+08:00,0.95,primary_derived,derived,,team_generated,false,golden
SNAP-G003-5-06,USER-G003,5,2025-09-15T16:00:00Z,DIM-06,38.1,EVT-G003-21,由课程、项目、练习或反馈事件更新,1.2.0,derived,true,SRC-SYNTH,2026-09-13T00:00:00+08:00,0.95,primary_derived,derived,,team_generated,false,golden
SNAP-G003-5-07,USER-G003,5,2025-09-15T16:00:00Z,DIM-07,43.4,EVT-G003-21,由课程、项目、练习或反馈事件更新,1.2.0,derived,true,SRC-SYNTH,2026-09-13T00:00:00+08:00,0.95,primary_derived,derived,,team_generated,false,golden
SNAP-G003-5-08,USER-G003,5,2025-09-15T16:00:00Z,DIM-08,35.1,EVT-G003-21,学习中断导致成长维度短期回落,1.2.0,derived,true,SRC-SYNTH,2026-09-13T00:00:00+08:00,0.95,primary_derived,derived,,team_generated,false,golden
SNAP-G003-6-01,USER-G003,6,2025-12-09T16:00:00Z,DIM-01,45,EVT-G003-26,由课程、项目、练习或反馈事件更新,1.2.0,derived,true,SRC-SYNTH,2026-09-13T00:00:00+08:00,0.95,primary_derived,derived,,team_generated,false,golden
SNAP-G003-6-02,USER-G003,6,2025-12-09T16:00:00Z,DIM-02,44,EVT-G003-26,由课程、项目、练习或反馈事件更新,1.2.0,derived,true,SRC-SYNTH,2026-09-13T00:00:00+08:00,0.95,primary_derived,derived,,team_generated,false,golden
SNAP-G003-6-03,USER-G003,6,2025-12-09T16:00:00Z,DIM-03,39.4,EVT-G003-26,由课程、项目、练习或反馈事件更新,1.2.0,derived,true,SRC-SYNTH,2026-09-13T00:00:00+08:00,0.95,primary_derived,derived,,team_generated,false,golden
SNAP-G003-6-04,USER-G003,6,2025-12-09T16:00:00Z,DIM-04,19.2,EVT-G003-26,由课程、项目、练习或反馈事件更新,1.2.0,derived,true,SRC-SYNTH,2026-09-13T00:00:00+08:00,0.95,primary_derived,derived,,team_generated,false,golden
SNAP-G003-6-05,USER-G003,6,2025-12-09T16:00:00Z,DIM-05,31.5,EVT-G003-26,由课程、项目、练习或反馈事件更新,1.2.0,derived,true,SRC-SYNTH,2026-09-13T00:00:00+08:00,0.95,primary_derived,derived,,team_generated,false,golden
SNAP-G003-6-06,USER-G003,6,2025-12-09T16:00:00Z,DIM-06,39.8,EVT-G003-26,由课程、项目、练习或反馈事件更新,1.2.0,derived,true,SRC-SYNTH,2026-09-13T00:00:00+08:00,0.95,primary_derived,derived,,team_generated,false,golden
SNAP-G003-6-07,USER-G003,6,2025-12-09T16:00:00Z,DIM-07,45.1,EVT-G003-26,由课程、项目、练习或反馈事件更新,1.2.0,derived,true,SRC-SYNTH,2026-09-13T00:00:00+08:00,0.95,primary_derived,derived,,team_generated,false,golden
SNAP-G003-6-08,USER-G003,6,2025-12-09T16:00:00Z,DIM-08,39.1,EVT-G003-26,由课程、项目、练习或反馈事件更新,1.2.0,derived,true,SRC-SYNTH,2026-09-13T00:00:00+08:00,0.95,primary_derived,derived,,team_generated,false,golden
SNAP-G003-7-01,USER-G003,7,2026-03-04T16:00:00Z,DIM-01,46.7,EVT-G003-31,由课程、项目、练习或反馈事件更新,1.2.0,derived,true,SRC-SYNTH,2026-09-13T00:00:00+08:00,0.95,primary_derived,derived,,team_generated,false,golden
SNAP-G003-7-02,USER-G003,7,2026-03-04T16:00:00Z,DIM-02,45.7,EVT-G003-31,由课程、项目、练习或反馈事件更新,1.2.0,derived,true,SRC-SYNTH,2026-09-13T00:00:00+08:00,0.95,primary_derived,derived,,team_generated,false,golden
SNAP-G003-7-03,USER-G003,7,2026-03-04T16:00:00Z,DIM-03,40.5,EVT-G003-31,由课程、项目、练习或反馈事件更新,1.2.0,derived,true,SRC-SYNTH,2026-09-13T00:00:00+08:00,0.95,primary_derived,derived,,team_generated,false,golden
SNAP-G003-7-04,USER-G003,7,2026-03-04T16:00:00Z,DIM-04,20.3,EVT-G003-31,由课程、项目、练习或反馈事件更新,1.2.0,derived,true,SRC-SYNTH,2026-09-13T00:00:00+08:00,0.95,primary_derived,derived,,team_generated,false,golden
SNAP-G003-7-05,USER-G003,7,2026-03-04T16:00:00Z,DIM-05,33.2,EVT-G003-31,由课程、项目、练习或反馈事件更新,1.2.0,derived,true,SRC-SYNTH,2026-09-13T00:00:00+08:00,0.95,primary_derived,derived,,team_generated,false,golden
SNAP-G003-7-06,USER-G003,7,2026-03-04T16:00:00Z,DIM-06,41.5,EVT-G003-31,由课程、项目、练习或反馈事件更新,1.2.0,derived,true,SRC-SYNTH,2026-09-13T00:00:00+08:00,0.95,primary_derived,derived,,team_generated,false,golden
SNAP-G003-7-07,USER-G003,7,2026-03-04T16:00:00Z,DIM-07,46.8,EVT-G003-31,由课程、项目、练习或反馈事件更新,1.2.0,derived,true,SRC-SYNTH,2026-09-13T00:00:00+08:00,0.95,primary_derived,derived,,team_generated,false,golden
SNAP-G003-7-08,USER-G003,7,2026-03-04T16:00:00Z,DIM-08,40.2,EVT-G003-31,由课程、项目、练习或反馈事件更新,1.2.0,derived,true,SRC-SYNTH,2026-09-13T00:00:00+08:00,0.95,primary_derived,derived,,team_generated,false,golden
SNAP-G003-8-01,USER-G003,8,2026-05-28T16:00:00Z,DIM-01,48.4,EVT-G003-36,最新证据汇总结果,1.2.0,derived,true,SRC-SYNTH,2026-09-13T00:00:00+08:00,0.95,primary_derived,derived,,team_generated,false,golden
SNAP-G003-8-02,USER-G003,8,2026-05-28T16:00:00Z,DIM-02,47.4,EVT-G003-36,最新证据汇总结果,1.2.0,derived,true,SRC-SYNTH,2026-09-13T00:00:00+08:00,0.95,primary_derived,derived,,team_generated,false,golden
SNAP-G003-8-03,USER-G003,8,2026-05-28T16:00:00Z,DIM-03,41.5,EVT-G003-36,最新证据汇总结果,1.2.0,derived,true,SRC-SYNTH,2026-09-13T00:00:00+08:00,0.95,primary_derived,derived,,team_generated,false,golden
SNAP-G003-8-04,USER-G003,8,2026-05-28T16:00:00Z,DIM-04,21.3,EVT-G003-36,最新证据汇总结果,1.2.0,derived,true,SRC-SYNTH,2026-09-13T00:00:00+08:00,0.95,primary_derived,derived,,team_generated,false,golden
SNAP-G003-8-05,USER-G003,8,2026-05-28T16:00:00Z,DIM-05,34.9,EVT-G003-36,最新证据汇总结果,1.2.0,derived,true,SRC-SYNTH,2026-09-13T00:00:00+08:00,0.95,primary_derived,derived,,team_generated,false,golden
SNAP-G003-8-06,USER-G003,8,2026-05-28T16:00:00Z,DIM-06,43.2,EVT-G003-36,最新证据汇总结果,1.2.0,derived,true,SRC-SYNTH,2026-09-13T00:00:00+08:00,0.95,primary_derived,derived,,team_generated,false,golden
SNAP-G003-8-07,USER-G003,8,2026-05-28T16:00:00Z,DIM-07,48.5,EVT-G003-36,最新证据汇总结果,1.2.0,derived,true,SRC-SYNTH,2026-09-13T00:00:00+08:00,0.95,primary_derived,derived,,team_generated,false,golden
SNAP-G003-8-08,USER-G003,8,2026-05-28T16:00:00Z,DIM-08,41.2,EVT-G003-36,最新证据汇总结果,1.2.0,derived,true,SRC-SYNTH,2026-09-13T00:00:00+08:00,0.95,primary_derived,derived,,team_generated,false,golden
SNAP-G004-1-01,USER-G004,1,2024-10-10T16:00:00Z,DIM-01,20.3,EVT-G004-01,由课程、项目、练习或反馈事件更新,1.2.0,derived,true,SRC-SYNTH,2026-09-13T00:00:00+08:00,0.95,primary_derived,derived,,team_generated,false,golden
SNAP-G004-1-02,USER-G004,1,2024-10-10T16:00:00Z,DIM-02,31.1,EVT-G004-01,由课程、项目、练习或反馈事件更新,1.2.0,derived,true,SRC-SYNTH,2026-09-13T00:00:00+08:00,0.95,primary_derived,derived,,team_generated,false,golden
SNAP-G004-1-03,USER-G004,1,2024-10-10T16:00:00Z,DIM-03,54.9,EVT-G004-01,由课程、项目、练习或反馈事件更新,1.2.0,derived,true,SRC-SYNTH,2026-09-13T00:00:00+08:00,0.95,primary_derived,derived,,team_generated,false,golden
SNAP-G004-1-04,USER-G004,1,2024-10-10T16:00:00Z,DIM-04,20.5,EVT-G004-01,由课程、项目、练习或反馈事件更新,1.2.0,derived,true,SRC-SYNTH,2026-09-13T00:00:00+08:00,0.95,primary_derived,derived,,team_generated,false,golden
SNAP-G004-1-05,USER-G004,1,2024-10-10T16:00:00Z,DIM-05,20.2,EVT-G004-01,由课程、项目、练习或反馈事件更新,1.2.0,derived,true,SRC-SYNTH,2026-09-13T00:00:00+08:00,0.95,primary_derived,derived,,team_generated,false,golden
SNAP-G004-1-06,USER-G004,1,2024-10-10T16:00:00Z,DIM-06,30.4,EVT-G004-01,由课程、项目、练习或反馈事件更新,1.2.0,derived,true,SRC-SYNTH,2026-09-13T00:00:00+08:00,0.95,primary_derived,derived,,team_generated,false,golden
SNAP-G004-1-07,USER-G004,1,2024-10-10T16:00:00Z,DIM-07,28.5,EVT-G004-01,由课程、项目、练习或反馈事件更新,1.2.0,derived,true,SRC-SYNTH,2026-09-13T00:00:00+08:00,0.95,primary_derived,derived,,team_generated,false,golden
SNAP-G004-1-08,USER-G004,1,2024-10-10T16:00:00Z,DIM-08,39.4,EVT-G004-01,由课程、项目、练习或反馈事件更新,1.2.0,derived,true,SRC-SYNTH,2026-09-13T00:00:00+08:00,0.95,primary_derived,derived,,team_generated,false,golden
SNAP-G004-2-01,USER-G004,2,2025-01-03T16:00:00Z,DIM-01,22,EVT-G004-06,由课程、项目、练习或反馈事件更新,1.2.0,derived,true,SRC-SYNTH,2026-09-13T00:00:00+08:00,0.95,primary_derived,derived,,team_generated,false,golden
SNAP-G004-2-02,USER-G004,2,2025-01-03T16:00:00Z,DIM-02,32.8,EVT-G004-06,由课程、项目、练习或反馈事件更新,1.2.0,derived,true,SRC-SYNTH,2026-09-13T00:00:00+08:00,0.95,primary_derived,derived,,team_generated,false,golden
SNAP-G004-2-03,USER-G004,2,2025-01-03T16:00:00Z,DIM-03,56.6,EVT-G004-06,由课程、项目、练习或反馈事件更新,1.2.0,derived,true,SRC-SYNTH,2026-09-13T00:00:00+08:00,0.95,primary_derived,derived,,team_generated,false,golden
SNAP-G004-2-04,USER-G004,2,2025-01-03T16:00:00Z,DIM-04,22.2,EVT-G004-06,由课程、项目、练习或反馈事件更新,1.2.0,derived,true,SRC-SYNTH,2026-09-13T00:00:00+08:00,0.95,primary_derived,derived,,team_generated,false,golden
SNAP-G004-2-05,USER-G004,2,2025-01-03T16:00:00Z,DIM-05,21.9,EVT-G004-06,由课程、项目、练习或反馈事件更新,1.2.0,derived,true,SRC-SYNTH,2026-09-13T00:00:00+08:00,0.95,primary_derived,derived,,team_generated,false,golden
SNAP-G004-2-06,USER-G004,2,2025-01-03T16:00:00Z,DIM-06,31.4,EVT-G004-06,由课程、项目、练习或反馈事件更新,1.2.0,derived,true,SRC-SYNTH,2026-09-13T00:00:00+08:00,0.95,primary_derived,derived,,team_generated,false,golden
SNAP-G004-2-07,USER-G004,2,2025-01-03T16:00:00Z,DIM-07,30.2,EVT-G004-06,由课程、项目、练习或反馈事件更新,1.2.0,derived,true,SRC-SYNTH,2026-09-13T00:00:00+08:00,0.95,primary_derived,derived,,team_generated,false,golden
SNAP-G004-2-08,USER-G004,2,2025-01-03T16:00:00Z,DIM-08,41.1,EVT-G004-06,由课程、项目、练习或反馈事件更新,1.2.0,derived,true,SRC-SYNTH,2026-09-13T00:00:00+08:00,0.95,primary_derived,derived,,team_generated,false,golden
SNAP-G004-3-01,USER-G004,3,2025-03-29T16:00:00Z,DIM-01,23.7,EVT-G004-11,由课程、项目、练习或反馈事件更新,1.2.0,derived,true,SRC-SYNTH,2026-09-13T00:00:00+08:00,0.95,primary_derived,derived,,team_generated,false,golden
SNAP-G004-3-02,USER-G004,3,2025-03-29T16:00:00Z,DIM-02,34.5,EVT-G004-11,由课程、项目、练习或反馈事件更新,1.2.0,derived,true,SRC-SYNTH,2026-09-13T00:00:00+08:00,0.95,primary_derived,derived,,team_generated,false,golden
SNAP-G004-3-03,USER-G004,3,2025-03-29T16:00:00Z,DIM-03,58.3,EVT-G004-11,由课程、项目、练习或反馈事件更新,1.2.0,derived,true,SRC-SYNTH,2026-09-13T00:00:00+08:00,0.95,primary_derived,derived,,team_generated,false,golden
SNAP-G004-3-04,USER-G004,3,2025-03-29T16:00:00Z,DIM-04,23.9,EVT-G004-11,由课程、项目、练习或反馈事件更新,1.2.0,derived,true,SRC-SYNTH,2026-09-13T00:00:00+08:00,0.95,primary_derived,derived,,team_generated,false,golden
SNAP-G004-3-05,USER-G004,3,2025-03-29T16:00:00Z,DIM-05,23.6,EVT-G004-11,由课程、项目、练习或反馈事件更新,1.2.0,derived,true,SRC-SYNTH,2026-09-13T00:00:00+08:00,0.95,primary_derived,derived,,team_generated,false,golden
SNAP-G004-3-06,USER-G004,3,2025-03-29T16:00:00Z,DIM-06,32.5,EVT-G004-11,由课程、项目、练习或反馈事件更新,1.2.0,derived,true,SRC-SYNTH,2026-09-13T00:00:00+08:00,0.95,primary_derived,derived,,team_generated,false,golden
SNAP-G004-3-07,USER-G004,3,2025-03-29T16:00:00Z,DIM-07,31.9,EVT-G004-11,由课程、项目、练习或反馈事件更新,1.2.0,derived,true,SRC-SYNTH,2026-09-13T00:00:00+08:00,0.95,primary_derived,derived,,team_generated,false,golden
SNAP-G004-3-08,USER-G004,3,2025-03-29T16:00:00Z,DIM-08,42.8,EVT-G004-11,由课程、项目、练习或反馈事件更新,1.2.0,derived,true,SRC-SYNTH,2026-09-13T00:00:00+08:00,0.95,primary_derived,derived,,team_generated,false,golden
SNAP-G004-4-01,USER-G004,4,2025-06-22T16:00:00Z,DIM-01,25.4,EVT-G004-16,由课程、项目、练习或反馈事件更新,1.2.0,derived,true,SRC-SYNTH,2026-09-13T00:00:00+08:00,0.95,primary_derived,derived,,team_generated,false,golden
SNAP-G004-4-02,USER-G004,4,2025-06-22T16:00:00Z,DIM-02,36.2,EVT-G004-16,由课程、项目、练习或反馈事件更新,1.2.0,derived,true,SRC-SYNTH,2026-09-13T00:00:00+08:00,0.95,primary_derived,derived,,team_generated,false,golden
SNAP-G004-4-03,USER-G004,4,2025-06-22T16:00:00Z,DIM-03,60,EVT-G004-16,由课程、项目、练习或反馈事件更新,1.2.0,derived,true,SRC-SYNTH,2026-09-13T00:00:00+08:00,0.95,primary_derived,derived,,team_generated,false,golden
SNAP-G004-4-04,USER-G004,4,2025-06-22T16:00:00Z,DIM-04,25.6,EVT-G004-16,由课程、项目、练习或反馈事件更新,1.2.0,derived,true,SRC-SYNTH,2026-09-13T00:00:00+08:00,0.95,primary_derived,derived,,team_generated,false,golden
SNAP-G004-4-05,USER-G004,4,2025-06-22T16:00:00Z,DIM-05,25.3,EVT-G004-16,由课程、项目、练习或反馈事件更新,1.2.0,derived,true,SRC-SYNTH,2026-09-13T00:00:00+08:00,0.95,primary_derived,derived,,team_generated,false,golden
SNAP-G004-4-06,USER-G004,4,2025-06-22T16:00:00Z,DIM-06,33.5,EVT-G004-16,由课程、项目、练习或反馈事件更新,1.2.0,derived,true,SRC-SYNTH,2026-09-13T00:00:00+08:00,0.95,primary_derived,derived,,team_generated,false,golden
SNAP-G004-4-07,USER-G004,4,2025-06-22T16:00:00Z,DIM-07,33.6,EVT-G004-16,由课程、项目、练习或反馈事件更新,1.2.0,derived,true,SRC-SYNTH,2026-09-13T00:00:00+08:00,0.95,primary_derived,derived,,team_generated,false,golden
SNAP-G004-4-08,USER-G004,4,2025-06-22T16:00:00Z,DIM-08,44.5,EVT-G004-16,由课程、项目、练习或反馈事件更新,1.2.0,derived,true,SRC-SYNTH,2026-09-13T00:00:00+08:00,0.95,primary_derived,derived,,team_generated,false,golden
SNAP-G004-5-01,USER-G004,5,2025-09-15T16:00:00Z,DIM-01,27.1,EVT-G004-21,由课程、项目、练习或反馈事件更新,1.2.0,derived,true,SRC-SYNTH,2026-09-13T00:00:00+08:00,0.95,primary_derived,derived,,team_generated,false,golden
SNAP-G004-5-02,USER-G004,5,2025-09-15T16:00:00Z,DIM-02,37.9,EVT-G004-21,由课程、项目、练习或反馈事件更新,1.2.0,derived,true,SRC-SYNTH,2026-09-13T00:00:00+08:00,0.95,primary_derived,derived,,team_generated,false,golden
SNAP-G004-5-03,USER-G004,5,2025-09-15T16:00:00Z,DIM-03,61.7,EVT-G004-21,由课程、项目、练习或反馈事件更新,1.2.0,derived,true,SRC-SYNTH,2026-09-13T00:00:00+08:00,0.95,primary_derived,derived,,team_generated,false,golden
SNAP-G004-5-04,USER-G004,5,2025-09-15T16:00:00Z,DIM-04,27.3,EVT-G004-21,由课程、项目、练习或反馈事件更新,1.2.0,derived,true,SRC-SYNTH,2026-09-13T00:00:00+08:00,0.95,primary_derived,derived,,team_generated,false,golden
SNAP-G004-5-05,USER-G004,5,2025-09-15T16:00:00Z,DIM-05,27,EVT-G004-21,由课程、项目、练习或反馈事件更新,1.2.0,derived,true,SRC-SYNTH,2026-09-13T00:00:00+08:00,0.95,primary_derived,derived,,team_generated,false,golden
SNAP-G004-5-06,USER-G004,5,2025-09-15T16:00:00Z,DIM-06,34.6,EVT-G004-21,由课程、项目、练习或反馈事件更新,1.2.0,derived,true,SRC-SYNTH,2026-09-13T00:00:00+08:00,0.95,primary_derived,derived,,team_generated,false,golden
SNAP-G004-5-07,USER-G004,5,2025-09-15T16:00:00Z,DIM-07,35.3,EVT-G004-21,由课程、项目、练习或反馈事件更新,1.2.0,derived,true,SRC-SYNTH,2026-09-13T00:00:00+08:00,0.95,primary_derived,derived,,team_generated,false,golden
SNAP-G004-5-08,USER-G004,5,2025-09-15T16:00:00Z,DIM-08,43.2,EVT-G004-21,学习中断导致成长维度短期回落,1.2.0,derived,true,SRC-SYNTH,2026-09-13T00:00:00+08:00,0.95,primary_derived,derived,,team_generated,false,golden
SNAP-G004-6-01,USER-G004,6,2025-12-09T16:00:00Z,DIM-01,28.8,EVT-G004-26,由课程、项目、练习或反馈事件更新,1.2.0,derived,true,SRC-SYNTH,2026-09-13T00:00:00+08:00,0.95,primary_derived,derived,,team_generated,false,golden
SNAP-G004-6-02,USER-G004,6,2025-12-09T16:00:00Z,DIM-02,39.6,EVT-G004-26,由课程、项目、练习或反馈事件更新,1.2.0,derived,true,SRC-SYNTH,2026-09-13T00:00:00+08:00,0.95,primary_derived,derived,,team_generated,false,golden
SNAP-G004-6-03,USER-G004,6,2025-12-09T16:00:00Z,DIM-03,63.4,EVT-G004-26,由课程、项目、练习或反馈事件更新,1.2.0,derived,true,SRC-SYNTH,2026-09-13T00:00:00+08:00,0.95,primary_derived,derived,,team_generated,false,golden
SNAP-G004-6-04,USER-G004,6,2025-12-09T16:00:00Z,DIM-04,29,EVT-G004-26,由课程、项目、练习或反馈事件更新,1.2.0,derived,true,SRC-SYNTH,2026-09-13T00:00:00+08:00,0.95,primary_derived,derived,,team_generated,false,golden
SNAP-G004-6-05,USER-G004,6,2025-12-09T16:00:00Z,DIM-05,28.7,EVT-G004-26,由课程、项目、练习或反馈事件更新,1.2.0,derived,true,SRC-SYNTH,2026-09-13T00:00:00+08:00,0.95,primary_derived,derived,,team_generated,false,golden
SNAP-G004-6-06,USER-G004,6,2025-12-09T16:00:00Z,DIM-06,35.6,EVT-G004-26,由课程、项目、练习或反馈事件更新,1.2.0,derived,true,SRC-SYNTH,2026-09-13T00:00:00+08:00,0.95,primary_derived,derived,,team_generated,false,golden
SNAP-G004-6-07,USER-G004,6,2025-12-09T16:00:00Z,DIM-07,37,EVT-G004-26,由课程、项目、练习或反馈事件更新,1.2.0,derived,true,SRC-SYNTH,2026-09-13T00:00:00+08:00,0.95,primary_derived,derived,,team_generated,false,golden
SNAP-G004-6-08,USER-G004,6,2025-12-09T16:00:00Z,DIM-08,47.9,EVT-G004-26,由课程、项目、练习或反馈事件更新,1.2.0,derived,true,SRC-SYNTH,2026-09-13T00:00:00+08:00,0.95,primary_derived,derived,,team_generated,false,golden
SNAP-G004-7-01,USER-G004,7,2026-03-04T16:00:00Z,DIM-01,30.5,EVT-G004-31,由课程、项目、练习或反馈事件更新,1.2.0,derived,true,SRC-SYNTH,2026-09-13T00:00:00+08:00,0.95,primary_derived,derived,,team_generated,false,golden
SNAP-G004-7-02,USER-G004,7,2026-03-04T16:00:00Z,DIM-02,41.3,EVT-G004-31,由课程、项目、练习或反馈事件更新,1.2.0,derived,true,SRC-SYNTH,2026-09-13T00:00:00+08:00,0.95,primary_derived,derived,,team_generated,false,golden
SNAP-G004-7-03,USER-G004,7,2026-03-04T16:00:00Z,DIM-03,65.1,EVT-G004-31,由课程、项目、练习或反馈事件更新,1.2.0,derived,true,SRC-SYNTH,2026-09-13T00:00:00+08:00,0.95,primary_derived,derived,,team_generated,false,golden
SNAP-G004-7-04,USER-G004,7,2026-03-04T16:00:00Z,DIM-04,30.7,EVT-G004-31,由课程、项目、练习或反馈事件更新,1.2.0,derived,true,SRC-SYNTH,2026-09-13T00:00:00+08:00,0.95,primary_derived,derived,,team_generated,false,golden
SNAP-G004-7-05,USER-G004,7,2026-03-04T16:00:00Z,DIM-05,30.4,EVT-G004-31,由课程、项目、练习或反馈事件更新,1.2.0,derived,true,SRC-SYNTH,2026-09-13T00:00:00+08:00,0.95,primary_derived,derived,,team_generated,false,golden
SNAP-G004-7-06,USER-G004,7,2026-03-04T16:00:00Z,DIM-06,36.7,EVT-G004-31,由课程、项目、练习或反馈事件更新,1.2.0,derived,true,SRC-SYNTH,2026-09-13T00:00:00+08:00,0.95,primary_derived,derived,,team_generated,false,golden
SNAP-G004-7-07,USER-G004,7,2026-03-04T16:00:00Z,DIM-07,38.7,EVT-G004-31,由课程、项目、练习或反馈事件更新,1.2.0,derived,true,SRC-SYNTH,2026-09-13T00:00:00+08:00,0.95,primary_derived,derived,,team_generated,false,golden
SNAP-G004-7-08,USER-G004,7,2026-03-04T16:00:00Z,DIM-08,49.6,EVT-G004-31,由课程、项目、练习或反馈事件更新,1.2.0,derived,true,SRC-SYNTH,2026-09-13T00:00:00+08:00,0.95,primary_derived,derived,,team_generated,false,golden
SNAP-G004-8-01,USER-G004,8,2026-05-28T16:00:00Z,DIM-01,32.2,EVT-G004-36,最新证据汇总结果,1.2.0,derived,true,SRC-SYNTH,2026-09-13T00:00:00+08:00,0.95,primary_derived,derived,,team_generated,false,golden
SNAP-G004-8-02,USER-G004,8,2026-05-28T16:00:00Z,DIM-02,43,EVT-G004-36,最新证据汇总结果,1.2.0,derived,true,SRC-SYNTH,2026-09-13T00:00:00+08:00,0.95,primary_derived,derived,,team_generated,false,golden
SNAP-G004-8-03,USER-G004,8,2026-05-28T16:00:00Z,DIM-03,66.8,EVT-G004-36,最新证据汇总结果,1.2.0,derived,true,SRC-SYNTH,2026-09-13T00:00:00+08:00,0.95,primary_derived,derived,,team_generated,false,golden
SNAP-G004-8-04,USER-G004,8,2026-05-28T16:00:00Z,DIM-04,32.4,EVT-G004-36,最新证据汇总结果,1.2.0,derived,true,SRC-SYNTH,2026-09-13T00:00:00+08:00,0.95,primary_derived,derived,,team_generated,false,golden
SNAP-G004-8-05,USER-G004,8,2026-05-28T16:00:00Z,DIM-05,32.1,EVT-G004-36,最新证据汇总结果,1.2.0,derived,true,SRC-SYNTH,2026-09-13T00:00:00+08:00,0.95,primary_derived,derived,,team_generated,false,golden
SNAP-G004-8-06,USER-G004,8,2026-05-28T16:00:00Z,DIM-06,37.7,EVT-G004-36,最新证据汇总结果,1.2.0,derived,true,SRC-SYNTH,2026-09-13T00:00:00+08:00,0.95,primary_derived,derived,,team_generated,false,golden
SNAP-G004-8-07,USER-G004,8,2026-05-28T16:00:00Z,DIM-07,40.4,EVT-G004-36,最新证据汇总结果,1.2.0,derived,true,SRC-SYNTH,2026-09-13T00:00:00+08:00,0.95,primary_derived,derived,,team_generated,false,golden
SNAP-G004-8-08,USER-G004,8,2026-05-28T16:00:00Z,DIM-08,51.3,EVT-G004-36,最新证据汇总结果,1.2.0,derived,true,SRC-SYNTH,2026-09-13T00:00:00+08:00,0.95,primary_derived,derived,,team_generated,false,golden
SNAP-G005-1-01,USER-G005,1,2024-10-10T16:00:00Z,DIM-01,16,EVT-G005-01,由课程、项目、练习或反馈事件更新,1.2.0,derived,true,SRC-SYNTH,2026-09-13T00:00:00+08:00,0.95,primary_derived,derived,,team_generated,false,golden
SNAP-G005-1-02,USER-G005,1,2024-10-10T16:00:00Z,DIM-02,44.1,EVT-G005-01,由课程、项目、练习或反馈事件更新,1.2.0,derived,true,SRC-SYNTH,2026-09-13T00:00:00+08:00,0.95,primary_derived,derived,,team_generated,false,golden
SNAP-G005-1-03,USER-G005,1,2024-10-10T16:00:00Z,DIM-03,27.2,EVT-G005-01,由课程、项目、练习或反馈事件更新,1.2.0,derived,true,SRC-SYNTH,2026-09-13T00:00:00+08:00,0.95,primary_derived,derived,,team_generated,false,golden
SNAP-G005-1-04,USER-G005,1,2024-10-10T16:00:00Z,DIM-04,17.8,EVT-G005-01,由课程、项目、练习或反馈事件更新,1.2.0,derived,true,SRC-SYNTH,2026-09-13T00:00:00+08:00,0.95,primary_derived,derived,,team_generated,false,golden
SNAP-G005-1-05,USER-G005,1,2024-10-10T16:00:00Z,DIM-05,14.9,EVT-G005-01,由课程、项目、练习或反馈事件更新,1.2.0,derived,true,SRC-SYNTH,2026-09-13T00:00:00+08:00,0.95,primary_derived,derived,,team_generated,false,golden
SNAP-G005-1-06,USER-G005,1,2024-10-10T16:00:00Z,DIM-06,39.6,EVT-G005-01,由课程、项目、练习或反馈事件更新,1.2.0,derived,true,SRC-SYNTH,2026-09-13T00:00:00+08:00,0.95,primary_derived,derived,,team_generated,false,golden
SNAP-G005-1-07,USER-G005,1,2024-10-10T16:00:00Z,DIM-07,39.7,EVT-G005-01,由课程、项目、练习或反馈事件更新,1.2.0,derived,true,SRC-SYNTH,2026-09-13T00:00:00+08:00,0.95,primary_derived,derived,,team_generated,false,golden
SNAP-G005-1-08,USER-G005,1,2024-10-10T16:00:00Z,DIM-08,29.6,EVT-G005-01,由课程、项目、练习或反馈事件更新,1.2.0,derived,true,SRC-SYNTH,2026-09-13T00:00:00+08:00,0.95,primary_derived,derived,,team_generated,false,golden
SNAP-G005-2-01,USER-G005,2,2025-01-03T16:00:00Z,DIM-01,17.7,EVT-G005-06,由课程、项目、练习或反馈事件更新,1.2.0,derived,true,SRC-SYNTH,2026-09-13T00:00:00+08:00,0.95,primary_derived,derived,,team_generated,false,golden
SNAP-G005-2-02,USER-G005,2,2025-01-03T16:00:00Z,DIM-02,45.8,EVT-G005-06,由课程、项目、练习或反馈事件更新,1.2.0,derived,true,SRC-SYNTH,2026-09-13T00:00:00+08:00,0.95,primary_derived,derived,,team_generated,false,golden
SNAP-G005-2-03,USER-G005,2,2025-01-03T16:00:00Z,DIM-03,28.2,EVT-G005-06,由课程、项目、练习或反馈事件更新,1.2.0,derived,true,SRC-SYNTH,2026-09-13T00:00:00+08:00,0.95,primary_derived,derived,,team_generated,false,golden
SNAP-G005-2-04,USER-G005,2,2025-01-03T16:00:00Z,DIM-04,18.8,EVT-G005-06,由课程、项目、练习或反馈事件更新,1.2.0,derived,true,SRC-SYNTH,2026-09-13T00:00:00+08:00,0.95,primary_derived,derived,,team_generated,false,golden
SNAP-G005-2-05,USER-G005,2,2025-01-03T16:00:00Z,DIM-05,16.6,EVT-G005-06,由课程、项目、练习或反馈事件更新,1.2.0,derived,true,SRC-SYNTH,2026-09-13T00:00:00+08:00,0.95,primary_derived,derived,,team_generated,false,golden
SNAP-G005-2-06,USER-G005,2,2025-01-03T16:00:00Z,DIM-06,41.3,EVT-G005-06,由课程、项目、练习或反馈事件更新,1.2.0,derived,true,SRC-SYNTH,2026-09-13T00:00:00+08:00,0.95,primary_derived,derived,,team_generated,false,golden
SNAP-G005-2-07,USER-G005,2,2025-01-03T16:00:00Z,DIM-07,41.4,EVT-G005-06,由课程、项目、练习或反馈事件更新,1.2.0,derived,true,SRC-SYNTH,2026-09-13T00:00:00+08:00,0.95,primary_derived,derived,,team_generated,false,golden
SNAP-G005-2-08,USER-G005,2,2025-01-03T16:00:00Z,DIM-08,30.6,EVT-G005-06,由课程、项目、练习或反馈事件更新,1.2.0,derived,true,SRC-SYNTH,2026-09-13T00:00:00+08:00,0.95,primary_derived,derived,,team_generated,false,golden
SNAP-G005-3-01,USER-G005,3,2025-03-29T16:00:00Z,DIM-01,19.4,EVT-G005-11,由课程、项目、练习或反馈事件更新,1.2.0,derived,true,SRC-SYNTH,2026-09-13T00:00:00+08:00,0.95,primary_derived,derived,,team_generated,false,golden
SNAP-G005-3-02,USER-G005,3,2025-03-29T16:00:00Z,DIM-02,47.5,EVT-G005-11,由课程、项目、练习或反馈事件更新,1.2.0,derived,true,SRC-SYNTH,2026-09-13T00:00:00+08:00,0.95,primary_derived,derived,,team_generated,false,golden
SNAP-G005-3-03,USER-G005,3,2025-03-29T16:00:00Z,DIM-03,29.3,EVT-G005-11,由课程、项目、练习或反馈事件更新,1.2.0,derived,true,SRC-SYNTH,2026-09-13T00:00:00+08:00,0.95,primary_derived,derived,,team_generated,false,golden
SNAP-G005-3-04,USER-G005,3,2025-03-29T16:00:00Z,DIM-04,19.9,EVT-G005-11,由课程、项目、练习或反馈事件更新,1.2.0,derived,true,SRC-SYNTH,2026-09-13T00:00:00+08:00,0.95,primary_derived,derived,,team_generated,false,golden
SNAP-G005-3-05,USER-G005,3,2025-03-29T16:00:00Z,DIM-05,18.3,EVT-G005-11,由课程、项目、练习或反馈事件更新,1.2.0,derived,true,SRC-SYNTH,2026-09-13T00:00:00+08:00,0.95,primary_derived,derived,,team_generated,false,golden
SNAP-G005-3-06,USER-G005,3,2025-03-29T16:00:00Z,DIM-06,43,EVT-G005-11,由课程、项目、练习或反馈事件更新,1.2.0,derived,true,SRC-SYNTH,2026-09-13T00:00:00+08:00,0.95,primary_derived,derived,,team_generated,false,golden
SNAP-G005-3-07,USER-G005,3,2025-03-29T16:00:00Z,DIM-07,43.1,EVT-G005-11,由课程、项目、练习或反馈事件更新,1.2.0,derived,true,SRC-SYNTH,2026-09-13T00:00:00+08:00,0.95,primary_derived,derived,,team_generated,false,golden
SNAP-G005-3-08,USER-G005,3,2025-03-29T16:00:00Z,DIM-08,31.7,EVT-G005-11,由课程、项目、练习或反馈事件更新,1.2.0,derived,true,SRC-SYNTH,2026-09-13T00:00:00+08:00,0.95,primary_derived,derived,,team_generated,false,golden
SNAP-G005-4-01,USER-G005,4,2025-06-22T16:00:00Z,DIM-01,21.1,EVT-G005-16,由课程、项目、练习或反馈事件更新,1.2.0,derived,true,SRC-SYNTH,2026-09-13T00:00:00+08:00,0.95,primary_derived,derived,,team_generated,false,golden
SNAP-G005-4-02,USER-G005,4,2025-06-22T16:00:00Z,DIM-02,49.2,EVT-G005-16,由课程、项目、练习或反馈事件更新,1.2.0,derived,true,SRC-SYNTH,2026-09-13T00:00:00+08:00,0.95,primary_derived,derived,,team_generated,false,golden
SNAP-G005-4-03,USER-G005,4,2025-06-22T16:00:00Z,DIM-03,30.3,EVT-G005-16,由课程、项目、练习或反馈事件更新,1.2.0,derived,true,SRC-SYNTH,2026-09-13T00:00:00+08:00,0.95,primary_derived,derived,,team_generated,false,golden
SNAP-G005-4-04,USER-G005,4,2025-06-22T16:00:00Z,DIM-04,20.9,EVT-G005-16,由课程、项目、练习或反馈事件更新,1.2.0,derived,true,SRC-SYNTH,2026-09-13T00:00:00+08:00,0.95,primary_derived,derived,,team_generated,false,golden
SNAP-G005-4-05,USER-G005,4,2025-06-22T16:00:00Z,DIM-05,20,EVT-G005-16,由课程、项目、练习或反馈事件更新,1.2.0,derived,true,SRC-SYNTH,2026-09-13T00:00:00+08:00,0.95,primary_derived,derived,,team_generated,false,golden
SNAP-G005-4-06,USER-G005,4,2025-06-22T16:00:00Z,DIM-06,44.7,EVT-G005-16,由课程、项目、练习或反馈事件更新,1.2.0,derived,true,SRC-SYNTH,2026-09-13T00:00:00+08:00,0.95,primary_derived,derived,,team_generated,false,golden
SNAP-G005-4-07,USER-G005,4,2025-06-22T16:00:00Z,DIM-07,44.8,EVT-G005-16,由课程、项目、练习或反馈事件更新,1.2.0,derived,true,SRC-SYNTH,2026-09-13T00:00:00+08:00,0.95,primary_derived,derived,,team_generated,false,golden
SNAP-G005-4-08,USER-G005,4,2025-06-22T16:00:00Z,DIM-08,32.7,EVT-G005-16,由课程、项目、练习或反馈事件更新,1.2.0,derived,true,SRC-SYNTH,2026-09-13T00:00:00+08:00,0.95,primary_derived,derived,,team_generated,false,golden
SNAP-G005-5-01,USER-G005,5,2025-09-15T16:00:00Z,DIM-01,22.8,EVT-G005-21,由课程、项目、练习或反馈事件更新,1.2.0,derived,true,SRC-SYNTH,2026-09-13T00:00:00+08:00,0.95,primary_derived,derived,,team_generated,false,golden
SNAP-G005-5-02,USER-G005,5,2025-09-15T16:00:00Z,DIM-02,50.9,EVT-G005-21,由课程、项目、练习或反馈事件更新,1.2.0,derived,true,SRC-SYNTH,2026-09-13T00:00:00+08:00,0.95,primary_derived,derived,,team_generated,false,golden
SNAP-G005-5-03,USER-G005,5,2025-09-15T16:00:00Z,DIM-03,31.4,EVT-G005-21,由课程、项目、练习或反馈事件更新,1.2.0,derived,true,SRC-SYNTH,2026-09-13T00:00:00+08:00,0.95,primary_derived,derived,,team_generated,false,golden
SNAP-G005-5-04,USER-G005,5,2025-09-15T16:00:00Z,DIM-04,22,EVT-G005-21,由课程、项目、练习或反馈事件更新,1.2.0,derived,true,SRC-SYNTH,2026-09-13T00:00:00+08:00,0.95,primary_derived,derived,,team_generated,false,golden
SNAP-G005-5-05,USER-G005,5,2025-09-15T16:00:00Z,DIM-05,21.7,EVT-G005-21,由课程、项目、练习或反馈事件更新,1.2.0,derived,true,SRC-SYNTH,2026-09-13T00:00:00+08:00,0.95,primary_derived,derived,,team_generated,false,golden
SNAP-G005-5-06,USER-G005,5,2025-09-15T16:00:00Z,DIM-06,46.4,EVT-G005-21,由课程、项目、练习或反馈事件更新,1.2.0,derived,true,SRC-SYNTH,2026-09-13T00:00:00+08:00,0.95,primary_derived,derived,,team_generated,false,golden
SNAP-G005-5-07,USER-G005,5,2025-09-15T16:00:00Z,DIM-07,46.5,EVT-G005-21,由课程、项目、练习或反馈事件更新,1.2.0,derived,true,SRC-SYNTH,2026-09-13T00:00:00+08:00,0.95,primary_derived,derived,,team_generated,false,golden
SNAP-G005-5-08,USER-G005,5,2025-09-15T16:00:00Z,DIM-08,30.8,EVT-G005-21,学习中断导致成长维度短期回落,1.2.0,derived,true,SRC-SYNTH,2026-09-13T00:00:00+08:00,0.95,primary_derived,derived,,team_generated,false,golden
SNAP-G005-6-01,USER-G005,6,2025-12-09T16:00:00Z,DIM-01,24.5,EVT-G005-26,由课程、项目、练习或反馈事件更新,1.2.0,derived,true,SRC-SYNTH,2026-09-13T00:00:00+08:00,0.95,primary_derived,derived,,team_generated,false,golden
SNAP-G005-6-02,USER-G005,6,2025-12-09T16:00:00Z,DIM-02,52.6,EVT-G005-26,由课程、项目、练习或反馈事件更新,1.2.0,derived,true,SRC-SYNTH,2026-09-13T00:00:00+08:00,0.95,primary_derived,derived,,team_generated,false,golden
SNAP-G005-6-03,USER-G005,6,2025-12-09T16:00:00Z,DIM-03,32.4,EVT-G005-26,由课程、项目、练习或反馈事件更新,1.2.0,derived,true,SRC-SYNTH,2026-09-13T00:00:00+08:00,0.95,primary_derived,derived,,team_generated,false,golden
SNAP-G005-6-04,USER-G005,6,2025-12-09T16:00:00Z,DIM-04,23,EVT-G005-26,由课程、项目、练习或反馈事件更新,1.2.0,derived,true,SRC-SYNTH,2026-09-13T00:00:00+08:00,0.95,primary_derived,derived,,team_generated,false,golden
SNAP-G005-6-05,USER-G005,6,2025-12-09T16:00:00Z,DIM-05,23.4,EVT-G005-26,由课程、项目、练习或反馈事件更新,1.2.0,derived,true,SRC-SYNTH,2026-09-13T00:00:00+08:00,0.95,primary_derived,derived,,team_generated,false,golden
SNAP-G005-6-06,USER-G005,6,2025-12-09T16:00:00Z,DIM-06,48.1,EVT-G005-26,由课程、项目、练习或反馈事件更新,1.2.0,derived,true,SRC-SYNTH,2026-09-13T00:00:00+08:00,0.95,primary_derived,derived,,team_generated,false,golden
SNAP-G005-6-07,USER-G005,6,2025-12-09T16:00:00Z,DIM-07,48.2,EVT-G005-26,由课程、项目、练习或反馈事件更新,1.2.0,derived,true,SRC-SYNTH,2026-09-13T00:00:00+08:00,0.95,primary_derived,derived,,team_generated,false,golden
SNAP-G005-6-08,USER-G005,6,2025-12-09T16:00:00Z,DIM-08,34.8,EVT-G005-26,由课程、项目、练习或反馈事件更新,1.2.0,derived,true,SRC-SYNTH,2026-09-13T00:00:00+08:00,0.95,primary_derived,derived,,team_generated,false,golden
SNAP-G005-7-01,USER-G005,7,2026-03-04T16:00:00Z,DIM-01,26.2,EVT-G005-31,由课程、项目、练习或反馈事件更新,1.2.0,derived,true,SRC-SYNTH,2026-09-13T00:00:00+08:00,0.95,primary_derived,derived,,team_generated,false,golden
SNAP-G005-7-02,USER-G005,7,2026-03-04T16:00:00Z,DIM-02,54.3,EVT-G005-31,由课程、项目、练习或反馈事件更新,1.2.0,derived,true,SRC-SYNTH,2026-09-13T00:00:00+08:00,0.95,primary_derived,derived,,team_generated,false,golden
SNAP-G005-7-03,USER-G005,7,2026-03-04T16:00:00Z,DIM-03,33.5,EVT-G005-31,由课程、项目、练习或反馈事件更新,1.2.0,derived,true,SRC-SYNTH,2026-09-13T00:00:00+08:00,0.95,primary_derived,derived,,team_generated,false,golden
SNAP-G005-7-04,USER-G005,7,2026-03-04T16:00:00Z,DIM-04,24.1,EVT-G005-31,由课程、项目、练习或反馈事件更新,1.2.0,derived,true,SRC-SYNTH,2026-09-13T00:00:00+08:00,0.95,primary_derived,derived,,team_generated,false,golden
SNAP-G005-7-05,USER-G005,7,2026-03-04T16:00:00Z,DIM-05,25.1,EVT-G005-31,由课程、项目、练习或反馈事件更新,1.2.0,derived,true,SRC-SYNTH,2026-09-13T00:00:00+08:00,0.95,primary_derived,derived,,team_generated,false,golden
SNAP-G005-7-06,USER-G005,7,2026-03-04T16:00:00Z,DIM-06,49.8,EVT-G005-31,由课程、项目、练习或反馈事件更新,1.2.0,derived,true,SRC-SYNTH,2026-09-13T00:00:00+08:00,0.95,primary_derived,derived,,team_generated,false,golden
SNAP-G005-7-07,USER-G005,7,2026-03-04T16:00:00Z,DIM-07,49.9,EVT-G005-31,由课程、项目、练习或反馈事件更新,1.2.0,derived,true,SRC-SYNTH,2026-09-13T00:00:00+08:00,0.95,primary_derived,derived,,team_generated,false,golden
SNAP-G005-7-08,USER-G005,7,2026-03-04T16:00:00Z,DIM-08,35.9,EVT-G005-31,由课程、项目、练习或反馈事件更新,1.2.0,derived,true,SRC-SYNTH,2026-09-13T00:00:00+08:00,0.95,primary_derived,derived,,team_generated,false,golden
SNAP-G005-8-01,USER-G005,8,2026-05-28T16:00:00Z,DIM-01,27.9,EVT-G005-36,最新证据汇总结果,1.2.0,derived,true,SRC-SYNTH,2026-09-13T00:00:00+08:00,0.95,primary_derived,derived,,team_generated,false,golden
SNAP-G005-8-02,USER-G005,8,2026-05-28T16:00:00Z,DIM-02,56,EVT-G005-36,最新证据汇总结果,1.2.0,derived,true,SRC-SYNTH,2026-09-13T00:00:00+08:00,0.95,primary_derived,derived,,team_generated,false,golden
SNAP-G005-8-03,USER-G005,8,2026-05-28T16:00:00Z,DIM-03,34.5,EVT-G005-36,最新证据汇总结果,1.2.0,derived,true,SRC-SYNTH,2026-09-13T00:00:00+08:00,0.95,primary_derived,derived,,team_generated,false,golden
SNAP-G005-8-04,USER-G005,8,2026-05-28T16:00:00Z,DIM-04,25.1,EVT-G005-36,最新证据汇总结果,1.2.0,derived,true,SRC-SYNTH,2026-09-13T00:00:00+08:00,0.95,primary_derived,derived,,team_generated,false,golden
SNAP-G005-8-05,USER-G005,8,2026-05-28T16:00:00Z,DIM-05,26.8,EVT-G005-36,最新证据汇总结果,1.2.0,derived,true,SRC-SYNTH,2026-09-13T00:00:00+08:00,0.95,primary_derived,derived,,team_generated,false,golden
SNAP-G005-8-06,USER-G005,8,2026-05-28T16:00:00Z,DIM-06,51.5,EVT-G005-36,最新证据汇总结果,1.2.0,derived,true,SRC-SYNTH,2026-09-13T00:00:00+08:00,0.95,primary_derived,derived,,team_generated,false,golden
SNAP-G005-8-07,USER-G005,8,2026-05-28T16:00:00Z,DIM-07,51.6,EVT-G005-36,最新证据汇总结果,1.2.0,derived,true,SRC-SYNTH,2026-09-13T00:00:00+08:00,0.95,primary_derived,derived,,team_generated,false,golden
SNAP-G005-8-08,USER-G005,8,2026-05-28T16:00:00Z,DIM-08,36.9,EVT-G005-36,最新证据汇总结果,1.2.0,derived,true,SRC-SYNTH,2026-09-13T00:00:00+08:00,0.95,primary_derived,derived,,team_generated,false,golden
SNAP-G006-1-01,USER-G006,1,2024-10-10T16:00:00Z,DIM-01,24,EVT-G006-01,由课程、项目、练习或反馈事件更新,1.2.0,derived,true,SRC-SYNTH,2026-09-13T00:00:00+08:00,0.95,primary_derived,derived,,team_generated,false,golden
SNAP-G006-1-02,USER-G006,1,2024-10-10T16:00:00Z,DIM-02,30.3,EVT-G006-01,由课程、项目、练习或反馈事件更新,1.2.0,derived,true,SRC-SYNTH,2026-09-13T00:00:00+08:00,0.95,primary_derived,derived,,team_generated,false,golden
SNAP-G006-1-03,USER-G006,1,2024-10-10T16:00:00Z,DIM-03,22.7,EVT-G006-01,由课程、项目、练习或反馈事件更新,1.2.0,derived,true,SRC-SYNTH,2026-09-13T00:00:00+08:00,0.95,primary_derived,derived,,team_generated,false,golden
SNAP-G006-1-04,USER-G006,1,2024-10-10T16:00:00Z,DIM-04,29.7,EVT-G006-01,由课程、项目、练习或反馈事件更新,1.2.0,derived,true,SRC-SYNTH,2026-09-13T00:00:00+08:00,0.95,primary_derived,derived,,team_generated,false,golden
SNAP-G006-1-05,USER-G006,1,2024-10-10T16:00:00Z,DIM-05,37.1,EVT-G006-01,由课程、项目、练习或反馈事件更新,1.2.0,derived,true,SRC-SYNTH,2026-09-13T00:00:00+08:00,0.95,primary_derived,derived,,team_generated,false,golden
SNAP-G006-1-06,USER-G006,1,2024-10-10T16:00:00Z,DIM-06,31.5,EVT-G006-01,由课程、项目、练习或反馈事件更新,1.2.0,derived,true,SRC-SYNTH,2026-09-13T00:00:00+08:00,0.95,primary_derived,derived,,team_generated,false,golden
SNAP-G006-1-07,USER-G006,1,2024-10-10T16:00:00Z,DIM-07,26.3,EVT-G006-01,由课程、项目、练习或反馈事件更新,1.2.0,derived,true,SRC-SYNTH,2026-09-13T00:00:00+08:00,0.95,primary_derived,derived,,team_generated,false,golden
SNAP-G006-1-08,USER-G006,1,2024-10-10T16:00:00Z,DIM-08,46.9,EVT-G006-01,由课程、项目、练习或反馈事件更新,1.2.0,derived,true,SRC-SYNTH,2026-09-13T00:00:00+08:00,0.95,primary_derived,derived,,team_generated,false,golden
SNAP-G006-2-01,USER-G006,2,2025-01-03T16:00:00Z,DIM-01,25.7,EVT-G006-06,由课程、项目、练习或反馈事件更新,1.2.0,derived,true,SRC-SYNTH,2026-09-13T00:00:00+08:00,0.95,primary_derived,derived,,team_generated,false,golden
SNAP-G006-2-02,USER-G006,2,2025-01-03T16:00:00Z,DIM-02,32,EVT-G006-06,由课程、项目、练习或反馈事件更新,1.2.0,derived,true,SRC-SYNTH,2026-09-13T00:00:00+08:00,0.95,primary_derived,derived,,team_generated,false,golden
SNAP-G006-2-03,USER-G006,2,2025-01-03T16:00:00Z,DIM-03,23.7,EVT-G006-06,由课程、项目、练习或反馈事件更新,1.2.0,derived,true,SRC-SYNTH,2026-09-13T00:00:00+08:00,0.95,primary_derived,derived,,team_generated,false,golden
SNAP-G006-2-04,USER-G006,2,2025-01-03T16:00:00Z,DIM-04,31.4,EVT-G006-06,由课程、项目、练习或反馈事件更新,1.2.0,derived,true,SRC-SYNTH,2026-09-13T00:00:00+08:00,0.95,primary_derived,derived,,team_generated,false,golden
SNAP-G006-2-05,USER-G006,2,2025-01-03T16:00:00Z,DIM-05,38.8,EVT-G006-06,由课程、项目、练习或反馈事件更新,1.2.0,derived,true,SRC-SYNTH,2026-09-13T00:00:00+08:00,0.95,primary_derived,derived,,team_generated,false,golden
SNAP-G006-2-06,USER-G006,2,2025-01-03T16:00:00Z,DIM-06,33.2,EVT-G006-06,由课程、项目、练习或反馈事件更新,1.2.0,derived,true,SRC-SYNTH,2026-09-13T00:00:00+08:00,0.95,primary_derived,derived,,team_generated,false,golden
SNAP-G006-2-07,USER-G006,2,2025-01-03T16:00:00Z,DIM-07,28,EVT-G006-06,由课程、项目、练习或反馈事件更新,1.2.0,derived,true,SRC-SYNTH,2026-09-13T00:00:00+08:00,0.95,primary_derived,derived,,team_generated,false,golden
SNAP-G006-2-08,USER-G006,2,2025-01-03T16:00:00Z,DIM-08,48,EVT-G006-06,由课程、项目、练习或反馈事件更新,1.2.0,derived,true,SRC-SYNTH,2026-09-13T00:00:00+08:00,0.95,primary_derived,derived,,team_generated,false,golden
SNAP-G006-3-01,USER-G006,3,2025-03-29T16:00:00Z,DIM-01,27.4,EVT-G006-11,由课程、项目、练习或反馈事件更新,1.2.0,derived,true,SRC-SYNTH,2026-09-13T00:00:00+08:00,0.95,primary_derived,derived,,team_generated,false,golden
SNAP-G006-3-02,USER-G006,3,2025-03-29T16:00:00Z,DIM-02,33.7,EVT-G006-11,由课程、项目、练习或反馈事件更新,1.2.0,derived,true,SRC-SYNTH,2026-09-13T00:00:00+08:00,0.95,primary_derived,derived,,team_generated,false,golden
SNAP-G006-3-03,USER-G006,3,2025-03-29T16:00:00Z,DIM-03,24.8,EVT-G006-11,由课程、项目、练习或反馈事件更新,1.2.0,derived,true,SRC-SYNTH,2026-09-13T00:00:00+08:00,0.95,primary_derived,derived,,team_generated,false,golden
SNAP-G006-3-04,USER-G006,3,2025-03-29T16:00:00Z,DIM-04,33.1,EVT-G006-11,由课程、项目、练习或反馈事件更新,1.2.0,derived,true,SRC-SYNTH,2026-09-13T00:00:00+08:00,0.95,primary_derived,derived,,team_generated,false,golden
SNAP-G006-3-05,USER-G006,3,2025-03-29T16:00:00Z,DIM-05,40.5,EVT-G006-11,由课程、项目、练习或反馈事件更新,1.2.0,derived,true,SRC-SYNTH,2026-09-13T00:00:00+08:00,0.95,primary_derived,derived,,team_generated,false,golden
SNAP-G006-3-06,USER-G006,3,2025-03-29T16:00:00Z,DIM-06,34.9,EVT-G006-11,由课程、项目、练习或反馈事件更新,1.2.0,derived,true,SRC-SYNTH,2026-09-13T00:00:00+08:00,0.95,primary_derived,derived,,team_generated,false,golden
SNAP-G006-3-07,USER-G006,3,2025-03-29T16:00:00Z,DIM-07,29.7,EVT-G006-11,由课程、项目、练习或反馈事件更新,1.2.0,derived,true,SRC-SYNTH,2026-09-13T00:00:00+08:00,0.95,primary_derived,derived,,team_generated,false,golden
SNAP-G006-3-08,USER-G006,3,2025-03-29T16:00:00Z,DIM-08,49.1,EVT-G006-11,由课程、项目、练习或反馈事件更新,1.2.0,derived,true,SRC-SYNTH,2026-09-13T00:00:00+08:00,0.95,primary_derived,derived,,team_generated,false,golden
SNAP-G006-4-01,USER-G006,4,2025-06-22T16:00:00Z,DIM-01,29.1,EVT-G006-16,由课程、项目、练习或反馈事件更新,1.2.0,derived,true,SRC-SYNTH,2026-09-13T00:00:00+08:00,0.95,primary_derived,derived,,team_generated,false,golden
SNAP-G006-4-02,USER-G006,4,2025-06-22T16:00:00Z,DIM-02,35.4,EVT-G006-16,由课程、项目、练习或反馈事件更新,1.2.0,derived,true,SRC-SYNTH,2026-09-13T00:00:00+08:00,0.95,primary_derived,derived,,team_generated,false,golden
SNAP-G006-4-03,USER-G006,4,2025-06-22T16:00:00Z,DIM-03,25.8,EVT-G006-16,由课程、项目、练习或反馈事件更新,1.2.0,derived,true,SRC-SYNTH,2026-09-13T00:00:00+08:00,0.95,primary_derived,derived,,team_generated,false,golden
SNAP-G006-4-04,USER-G006,4,2025-06-22T16:00:00Z,DIM-04,34.8,EVT-G006-16,由课程、项目、练习或反馈事件更新,1.2.0,derived,true,SRC-SYNTH,2026-09-13T00:00:00+08:00,0.95,primary_derived,derived,,team_generated,false,golden
SNAP-G006-4-05,USER-G006,4,2025-06-22T16:00:00Z,DIM-05,42.2,EVT-G006-16,由课程、项目、练习或反馈事件更新,1.2.0,derived,true,SRC-SYNTH,2026-09-13T00:00:00+08:00,0.95,primary_derived,derived,,team_generated,false,golden
SNAP-G006-4-06,USER-G006,4,2025-06-22T16:00:00Z,DIM-06,36.6,EVT-G006-16,由课程、项目、练习或反馈事件更新,1.2.0,derived,true,SRC-SYNTH,2026-09-13T00:00:00+08:00,0.95,primary_derived,derived,,team_generated,false,golden
SNAP-G006-4-07,USER-G006,4,2025-06-22T16:00:00Z,DIM-07,31.4,EVT-G006-16,由课程、项目、练习或反馈事件更新,1.2.0,derived,true,SRC-SYNTH,2026-09-13T00:00:00+08:00,0.95,primary_derived,derived,,team_generated,false,golden
SNAP-G006-4-08,USER-G006,4,2025-06-22T16:00:00Z,DIM-08,50.1,EVT-G006-16,由课程、项目、练习或反馈事件更新,1.2.0,derived,true,SRC-SYNTH,2026-09-13T00:00:00+08:00,0.95,primary_derived,derived,,team_generated,false,golden
SNAP-G006-5-01,USER-G006,5,2025-09-15T16:00:00Z,DIM-01,30.8,EVT-G006-21,由课程、项目、练习或反馈事件更新,1.2.0,derived,true,SRC-SYNTH,2026-09-13T00:00:00+08:00,0.95,primary_derived,derived,,team_generated,false,golden
SNAP-G006-5-02,USER-G006,5,2025-09-15T16:00:00Z,DIM-02,37.1,EVT-G006-21,由课程、项目、练习或反馈事件更新,1.2.0,derived,true,SRC-SYNTH,2026-09-13T00:00:00+08:00,0.95,primary_derived,derived,,team_generated,false,golden
SNAP-G006-5-03,USER-G006,5,2025-09-15T16:00:00Z,DIM-03,26.9,EVT-G006-21,由课程、项目、练习或反馈事件更新,1.2.0,derived,true,SRC-SYNTH,2026-09-13T00:00:00+08:00,0.95,primary_derived,derived,,team_generated,false,golden
SNAP-G006-5-04,USER-G006,5,2025-09-15T16:00:00Z,DIM-04,36.5,EVT-G006-21,由课程、项目、练习或反馈事件更新,1.2.0,derived,true,SRC-SYNTH,2026-09-13T00:00:00+08:00,0.95,primary_derived,derived,,team_generated,false,golden
SNAP-G006-5-05,USER-G006,5,2025-09-15T16:00:00Z,DIM-05,43.9,EVT-G006-21,由课程、项目、练习或反馈事件更新,1.2.0,derived,true,SRC-SYNTH,2026-09-13T00:00:00+08:00,0.95,primary_derived,derived,,team_generated,false,golden
SNAP-G006-5-06,USER-G006,5,2025-09-15T16:00:00Z,DIM-06,38.3,EVT-G006-21,由课程、项目、练习或反馈事件更新,1.2.0,derived,true,SRC-SYNTH,2026-09-13T00:00:00+08:00,0.95,primary_derived,derived,,team_generated,false,golden
SNAP-G006-5-07,USER-G006,5,2025-09-15T16:00:00Z,DIM-07,33.1,EVT-G006-21,由课程、项目、练习或反馈事件更新,1.2.0,derived,true,SRC-SYNTH,2026-09-13T00:00:00+08:00,0.95,primary_derived,derived,,team_generated,false,golden
SNAP-G006-5-08,USER-G006,5,2025-09-15T16:00:00Z,DIM-08,48.2,EVT-G006-21,学习中断导致成长维度短期回落,1.2.0,derived,true,SRC-SYNTH,2026-09-13T00:00:00+08:00,0.95,primary_derived,derived,,team_generated,false,golden
SNAP-G006-6-01,USER-G006,6,2025-12-09T16:00:00Z,DIM-01,32.5,EVT-G006-26,由课程、项目、练习或反馈事件更新,1.2.0,derived,true,SRC-SYNTH,2026-09-13T00:00:00+08:00,0.95,primary_derived,derived,,team_generated,false,golden
SNAP-G006-6-02,USER-G006,6,2025-12-09T16:00:00Z,DIM-02,38.8,EVT-G006-26,由课程、项目、练习或反馈事件更新,1.2.0,derived,true,SRC-SYNTH,2026-09-13T00:00:00+08:00,0.95,primary_derived,derived,,team_generated,false,golden
SNAP-G006-6-03,USER-G006,6,2025-12-09T16:00:00Z,DIM-03,27.9,EVT-G006-26,由课程、项目、练习或反馈事件更新,1.2.0,derived,true,SRC-SYNTH,2026-09-13T00:00:00+08:00,0.95,primary_derived,derived,,team_generated,false,golden
SNAP-G006-6-04,USER-G006,6,2025-12-09T16:00:00Z,DIM-04,38.2,EVT-G006-26,由课程、项目、练习或反馈事件更新,1.2.0,derived,true,SRC-SYNTH,2026-09-13T00:00:00+08:00,0.95,primary_derived,derived,,team_generated,false,golden
SNAP-G006-6-05,USER-G006,6,2025-12-09T16:00:00Z,DIM-05,45.6,EVT-G006-26,由课程、项目、练习或反馈事件更新,1.2.0,derived,true,SRC-SYNTH,2026-09-13T00:00:00+08:00,0.95,primary_derived,derived,,team_generated,false,golden
SNAP-G006-6-06,USER-G006,6,2025-12-09T16:00:00Z,DIM-06,40,EVT-G006-26,由课程、项目、练习或反馈事件更新,1.2.0,derived,true,SRC-SYNTH,2026-09-13T00:00:00+08:00,0.95,primary_derived,derived,,team_generated,false,golden
SNAP-G006-6-07,USER-G006,6,2025-12-09T16:00:00Z,DIM-07,34.8,EVT-G006-26,由课程、项目、练习或反馈事件更新,1.2.0,derived,true,SRC-SYNTH,2026-09-13T00:00:00+08:00,0.95,primary_derived,derived,,team_generated,false,golden
SNAP-G006-6-08,USER-G006,6,2025-12-09T16:00:00Z,DIM-08,52.2,EVT-G006-26,由课程、项目、练习或反馈事件更新,1.2.0,derived,true,SRC-SYNTH,2026-09-13T00:00:00+08:00,0.95,primary_derived,derived,,team_generated,false,golden
SNAP-G006-7-01,USER-G006,7,2026-03-04T16:00:00Z,DIM-01,34.2,EVT-G006-31,由课程、项目、练习或反馈事件更新,1.2.0,derived,true,SRC-SYNTH,2026-09-13T00:00:00+08:00,0.95,primary_derived,derived,,team_generated,false,golden
SNAP-G006-7-02,USER-G006,7,2026-03-04T16:00:00Z,DIM-02,40.5,EVT-G006-31,由课程、项目、练习或反馈事件更新,1.2.0,derived,true,SRC-SYNTH,2026-09-13T00:00:00+08:00,0.95,primary_derived,derived,,team_generated,false,golden
SNAP-G006-7-03,USER-G006,7,2026-03-04T16:00:00Z,DIM-03,29,EVT-G006-31,由课程、项目、练习或反馈事件更新,1.2.0,derived,true,SRC-SYNTH,2026-09-13T00:00:00+08:00,0.95,primary_derived,derived,,team_generated,false,golden
SNAP-G006-7-04,USER-G006,7,2026-03-04T16:00:00Z,DIM-04,39.9,EVT-G006-31,由课程、项目、练习或反馈事件更新,1.2.0,derived,true,SRC-SYNTH,2026-09-13T00:00:00+08:00,0.95,primary_derived,derived,,team_generated,false,golden
SNAP-G006-7-05,USER-G006,7,2026-03-04T16:00:00Z,DIM-05,47.3,EVT-G006-31,由课程、项目、练习或反馈事件更新,1.2.0,derived,true,SRC-SYNTH,2026-09-13T00:00:00+08:00,0.95,primary_derived,derived,,team_generated,false,golden
SNAP-G006-7-06,USER-G006,7,2026-03-04T16:00:00Z,DIM-06,41.7,EVT-G006-31,由课程、项目、练习或反馈事件更新,1.2.0,derived,true,SRC-SYNTH,2026-09-13T00:00:00+08:00,0.95,primary_derived,derived,,team_generated,false,golden
SNAP-G006-7-07,USER-G006,7,2026-03-04T16:00:00Z,DIM-07,36.5,EVT-G006-31,由课程、项目、练习或反馈事件更新,1.2.0,derived,true,SRC-SYNTH,2026-09-13T00:00:00+08:00,0.95,primary_derived,derived,,team_generated,false,golden
SNAP-G006-7-08,USER-G006,7,2026-03-04T16:00:00Z,DIM-08,53.3,EVT-G006-31,由课程、项目、练习或反馈事件更新,1.2.0,derived,true,SRC-SYNTH,2026-09-13T00:00:00+08:00,0.95,primary_derived,derived,,team_generated,false,golden
SNAP-G006-8-01,USER-G006,8,2026-05-28T16:00:00Z,DIM-01,35.9,EVT-G006-36,最新证据汇总结果,1.2.0,derived,true,SRC-SYNTH,2026-09-13T00:00:00+08:00,0.95,primary_derived,derived,,team_generated,false,golden
SNAP-G006-8-02,USER-G006,8,2026-05-28T16:00:00Z,DIM-02,42.2,EVT-G006-36,最新证据汇总结果,1.2.0,derived,true,SRC-SYNTH,2026-09-13T00:00:00+08:00,0.95,primary_derived,derived,,team_generated,false,golden
SNAP-G006-8-03,USER-G006,8,2026-05-28T16:00:00Z,DIM-03,30,EVT-G006-36,最新证据汇总结果,1.2.0,derived,true,SRC-SYNTH,2026-09-13T00:00:00+08:00,0.95,primary_derived,derived,,team_generated,false,golden
SNAP-G006-8-04,USER-G006,8,2026-05-28T16:00:00Z,DIM-04,41.6,EVT-G006-36,最新证据汇总结果,1.2.0,derived,true,SRC-SYNTH,2026-09-13T00:00:00+08:00,0.95,primary_derived,derived,,team_generated,false,golden
SNAP-G006-8-05,USER-G006,8,2026-05-28T16:00:00Z,DIM-05,49,EVT-G006-36,最新证据汇总结果,1.2.0,derived,true,SRC-SYNTH,2026-09-13T00:00:00+08:00,0.95,primary_derived,derived,,team_generated,false,golden
SNAP-G006-8-06,USER-G006,8,2026-05-28T16:00:00Z,DIM-06,43.4,EVT-G006-36,最新证据汇总结果,1.2.0,derived,true,SRC-SYNTH,2026-09-13T00:00:00+08:00,0.95,primary_derived,derived,,team_generated,false,golden
SNAP-G006-8-07,USER-G006,8,2026-05-28T16:00:00Z,DIM-07,38.2,EVT-G006-36,最新证据汇总结果,1.2.0,derived,true,SRC-SYNTH,2026-09-13T00:00:00+08:00,0.95,primary_derived,derived,,team_generated,false,golden
SNAP-G006-8-08,USER-G006,8,2026-05-28T16:00:00Z,DIM-08,54.3,EVT-G006-36,最新证据汇总结果,1.2.0,derived,true,SRC-SYNTH,2026-09-13T00:00:00+08:00,0.95,primary_derived,derived,,team_generated,false,golden
SNAP-G007-1-01,USER-G007,1,2024-10-10T16:00:00Z,DIM-01,27.8,EVT-G007-01,由课程、项目、练习或反馈事件更新,1.2.0,derived,true,SRC-SYNTH,2026-09-13T00:00:00+08:00,0.95,primary_derived,derived,,team_generated,false,golden
SNAP-G007-1-02,USER-G007,1,2024-10-10T16:00:00Z,DIM-02,25,EVT-G007-01,由课程、项目、练习或反馈事件更新,1.2.0,derived,true,SRC-SYNTH,2026-09-13T00:00:00+08:00,0.95,primary_derived,derived,,team_generated,false,golden
SNAP-G007-1-03,USER-G007,1,2024-10-10T16:00:00Z,DIM-03,34.4,EVT-G007-01,由课程、项目、练习或反馈事件更新,1.2.0,derived,true,SRC-SYNTH,2026-09-13T00:00:00+08:00,0.95,primary_derived,derived,,team_generated,false,golden
SNAP-G007-1-04,USER-G007,1,2024-10-10T16:00:00Z,DIM-04,14.6,EVT-G007-01,由课程、项目、练习或反馈事件更新,1.2.0,derived,true,SRC-SYNTH,2026-09-13T00:00:00+08:00,0.95,primary_derived,derived,,team_generated,false,golden
SNAP-G007-1-05,USER-G007,1,2024-10-10T16:00:00Z,DIM-05,42.2,EVT-G007-01,由课程、项目、练习或反馈事件更新,1.2.0,derived,true,SRC-SYNTH,2026-09-13T00:00:00+08:00,0.95,primary_derived,derived,,team_generated,false,golden
SNAP-G007-1-06,USER-G007,1,2024-10-10T16:00:00Z,DIM-06,21.9,EVT-G007-01,由课程、项目、练习或反馈事件更新,1.2.0,derived,true,SRC-SYNTH,2026-09-13T00:00:00+08:00,0.95,primary_derived,derived,,team_generated,false,golden
SNAP-G007-1-07,USER-G007,1,2024-10-10T16:00:00Z,DIM-07,29.1,EVT-G007-01,由课程、项目、练习或反馈事件更新,1.2.0,derived,true,SRC-SYNTH,2026-09-13T00:00:00+08:00,0.95,primary_derived,derived,,team_generated,false,golden
SNAP-G007-1-08,USER-G007,1,2024-10-10T16:00:00Z,DIM-08,39.2,EVT-G007-01,由课程、项目、练习或反馈事件更新,1.2.0,derived,true,SRC-SYNTH,2026-09-13T00:00:00+08:00,0.95,primary_derived,derived,,team_generated,false,golden
SNAP-G007-2-01,USER-G007,2,2025-01-03T16:00:00Z,DIM-01,29.5,EVT-G007-06,由课程、项目、练习或反馈事件更新,1.2.0,derived,true,SRC-SYNTH,2026-09-13T00:00:00+08:00,0.95,primary_derived,derived,,team_generated,false,golden
SNAP-G007-2-02,USER-G007,2,2025-01-03T16:00:00Z,DIM-02,26.7,EVT-G007-06,由课程、项目、练习或反馈事件更新,1.2.0,derived,true,SRC-SYNTH,2026-09-13T00:00:00+08:00,0.95,primary_derived,derived,,team_generated,false,golden
SNAP-G007-2-03,USER-G007,2,2025-01-03T16:00:00Z,DIM-03,35.5,EVT-G007-06,由课程、项目、练习或反馈事件更新,1.2.0,derived,true,SRC-SYNTH,2026-09-13T00:00:00+08:00,0.95,primary_derived,derived,,team_generated,false,golden
SNAP-G007-2-04,USER-G007,2,2025-01-03T16:00:00Z,DIM-04,16.3,EVT-G007-06,由课程、项目、练习或反馈事件更新,1.2.0,derived,true,SRC-SYNTH,2026-09-13T00:00:00+08:00,0.95,primary_derived,derived,,team_generated,false,golden
SNAP-G007-2-05,USER-G007,2,2025-01-03T16:00:00Z,DIM-05,43.9,EVT-G007-06,由课程、项目、练习或反馈事件更新,1.2.0,derived,true,SRC-SYNTH,2026-09-13T00:00:00+08:00,0.95,primary_derived,derived,,team_generated,false,golden
SNAP-G007-2-06,USER-G007,2,2025-01-03T16:00:00Z,DIM-06,23.6,EVT-G007-06,由课程、项目、练习或反馈事件更新,1.2.0,derived,true,SRC-SYNTH,2026-09-13T00:00:00+08:00,0.95,primary_derived,derived,,team_generated,false,golden
SNAP-G007-2-07,USER-G007,2,2025-01-03T16:00:00Z,DIM-07,30.8,EVT-G007-06,由课程、项目、练习或反馈事件更新,1.2.0,derived,true,SRC-SYNTH,2026-09-13T00:00:00+08:00,0.95,primary_derived,derived,,team_generated,false,golden
SNAP-G007-2-08,USER-G007,2,2025-01-03T16:00:00Z,DIM-08,40.2,EVT-G007-06,由课程、项目、练习或反馈事件更新,1.2.0,derived,true,SRC-SYNTH,2026-09-13T00:00:00+08:00,0.95,primary_derived,derived,,team_generated,false,golden
SNAP-G007-3-01,USER-G007,3,2025-03-29T16:00:00Z,DIM-01,31.2,EVT-G007-11,由课程、项目、练习或反馈事件更新,1.2.0,derived,true,SRC-SYNTH,2026-09-13T00:00:00+08:00,0.95,primary_derived,derived,,team_generated,false,golden
SNAP-G007-3-02,USER-G007,3,2025-03-29T16:00:00Z,DIM-02,28.4,EVT-G007-11,由课程、项目、练习或反馈事件更新,1.2.0,derived,true,SRC-SYNTH,2026-09-13T00:00:00+08:00,0.95,primary_derived,derived,,team_generated,false,golden
SNAP-G007-3-03,USER-G007,3,2025-03-29T16:00:00Z,DIM-03,36.6,EVT-G007-11,由课程、项目、练习或反馈事件更新,1.2.0,derived,true,SRC-SYNTH,2026-09-13T00:00:00+08:00,0.95,primary_derived,derived,,team_generated,false,golden
SNAP-G007-3-04,USER-G007,3,2025-03-29T16:00:00Z,DIM-04,18,EVT-G007-11,由课程、项目、练习或反馈事件更新,1.2.0,derived,true,SRC-SYNTH,2026-09-13T00:00:00+08:00,0.95,primary_derived,derived,,team_generated,false,golden
SNAP-G007-3-05,USER-G007,3,2025-03-29T16:00:00Z,DIM-05,45.6,EVT-G007-11,由课程、项目、练习或反馈事件更新,1.2.0,derived,true,SRC-SYNTH,2026-09-13T00:00:00+08:00,0.95,primary_derived,derived,,team_generated,false,golden
SNAP-G007-3-06,USER-G007,3,2025-03-29T16:00:00Z,DIM-06,25.3,EVT-G007-11,由课程、项目、练习或反馈事件更新,1.2.0,derived,true,SRC-SYNTH,2026-09-13T00:00:00+08:00,0.95,primary_derived,derived,,team_generated,false,golden
SNAP-G007-3-07,USER-G007,3,2025-03-29T16:00:00Z,DIM-07,32.5,EVT-G007-11,由课程、项目、练习或反馈事件更新,1.2.0,derived,true,SRC-SYNTH,2026-09-13T00:00:00+08:00,0.95,primary_derived,derived,,team_generated,false,golden
SNAP-G007-3-08,USER-G007,3,2025-03-29T16:00:00Z,DIM-08,41.3,EVT-G007-11,由课程、项目、练习或反馈事件更新,1.2.0,derived,true,SRC-SYNTH,2026-09-13T00:00:00+08:00,0.95,primary_derived,derived,,team_generated,false,golden
SNAP-G007-4-01,USER-G007,4,2025-06-22T16:00:00Z,DIM-01,32.9,EVT-G007-16,由课程、项目、练习或反馈事件更新,1.2.0,derived,true,SRC-SYNTH,2026-09-13T00:00:00+08:00,0.95,primary_derived,derived,,team_generated,false,golden
SNAP-G007-4-02,USER-G007,4,2025-06-22T16:00:00Z,DIM-02,30.1,EVT-G007-16,由课程、项目、练习或反馈事件更新,1.2.0,derived,true,SRC-SYNTH,2026-09-13T00:00:00+08:00,0.95,primary_derived,derived,,team_generated,false,golden
SNAP-G007-4-03,USER-G007,4,2025-06-22T16:00:00Z,DIM-03,37.6,EVT-G007-16,由课程、项目、练习或反馈事件更新,1.2.0,derived,true,SRC-SYNTH,2026-09-13T00:00:00+08:00,0.95,primary_derived,derived,,team_generated,false,golden
SNAP-G007-4-04,USER-G007,4,2025-06-22T16:00:00Z,DIM-04,19.7,EVT-G007-16,由课程、项目、练习或反馈事件更新,1.2.0,derived,true,SRC-SYNTH,2026-09-13T00:00:00+08:00,0.95,primary_derived,derived,,team_generated,false,golden
SNAP-G007-4-05,USER-G007,4,2025-06-22T16:00:00Z,DIM-05,47.3,EVT-G007-16,由课程、项目、练习或反馈事件更新,1.2.0,derived,true,SRC-SYNTH,2026-09-13T00:00:00+08:00,0.95,primary_derived,derived,,team_generated,false,golden
SNAP-G007-4-06,USER-G007,4,2025-06-22T16:00:00Z,DIM-06,27,EVT-G007-16,由课程、项目、练习或反馈事件更新,1.2.0,derived,true,SRC-SYNTH,2026-09-13T00:00:00+08:00,0.95,primary_derived,derived,,team_generated,false,golden
SNAP-G007-4-07,USER-G007,4,2025-06-22T16:00:00Z,DIM-07,34.2,EVT-G007-16,由课程、项目、练习或反馈事件更新,1.2.0,derived,true,SRC-SYNTH,2026-09-13T00:00:00+08:00,0.95,primary_derived,derived,,team_generated,false,golden
SNAP-G007-4-08,USER-G007,4,2025-06-22T16:00:00Z,DIM-08,42.3,EVT-G007-16,由课程、项目、练习或反馈事件更新,1.2.0,derived,true,SRC-SYNTH,2026-09-13T00:00:00+08:00,0.95,primary_derived,derived,,team_generated,false,golden
SNAP-G007-5-01,USER-G007,5,2025-09-15T16:00:00Z,DIM-01,34.6,EVT-G007-21,由课程、项目、练习或反馈事件更新,1.2.0,derived,true,SRC-SYNTH,2026-09-13T00:00:00+08:00,0.95,primary_derived,derived,,team_generated,false,golden
SNAP-G007-5-02,USER-G007,5,2025-09-15T16:00:00Z,DIM-02,31.8,EVT-G007-21,由课程、项目、练习或反馈事件更新,1.2.0,derived,true,SRC-SYNTH,2026-09-13T00:00:00+08:00,0.95,primary_derived,derived,,team_generated,false,golden
SNAP-G007-5-03,USER-G007,5,2025-09-15T16:00:00Z,DIM-03,38.7,EVT-G007-21,由课程、项目、练习或反馈事件更新,1.2.0,derived,true,SRC-SYNTH,2026-09-13T00:00:00+08:00,0.95,primary_derived,derived,,team_generated,false,golden
SNAP-G007-5-04,USER-G007,5,2025-09-15T16:00:00Z,DIM-04,21.4,EVT-G007-21,由课程、项目、练习或反馈事件更新,1.2.0,derived,true,SRC-SYNTH,2026-09-13T00:00:00+08:00,0.95,primary_derived,derived,,team_generated,false,golden
SNAP-G007-5-05,USER-G007,5,2025-09-15T16:00:00Z,DIM-05,49,EVT-G007-21,由课程、项目、练习或反馈事件更新,1.2.0,derived,true,SRC-SYNTH,2026-09-13T00:00:00+08:00,0.95,primary_derived,derived,,team_generated,false,golden
SNAP-G007-5-06,USER-G007,5,2025-09-15T16:00:00Z,DIM-06,28.7,EVT-G007-21,由课程、项目、练习或反馈事件更新,1.2.0,derived,true,SRC-SYNTH,2026-09-13T00:00:00+08:00,0.95,primary_derived,derived,,team_generated,false,golden
SNAP-G007-5-07,USER-G007,5,2025-09-15T16:00:00Z,DIM-07,35.9,EVT-G007-21,由课程、项目、练习或反馈事件更新,1.2.0,derived,true,SRC-SYNTH,2026-09-13T00:00:00+08:00,0.95,primary_derived,derived,,team_generated,false,golden
SNAP-G007-5-08,USER-G007,5,2025-09-15T16:00:00Z,DIM-08,40.4,EVT-G007-21,学习中断导致成长维度短期回落,1.2.0,derived,true,SRC-SYNTH,2026-09-13T00:00:00+08:00,0.95,primary_derived,derived,,team_generated,false,golden
SNAP-G007-6-01,USER-G007,6,2025-12-09T16:00:00Z,DIM-01,36.3,EVT-G007-26,由课程、项目、练习或反馈事件更新,1.2.0,derived,true,SRC-SYNTH,2026-09-13T00:00:00+08:00,0.95,primary_derived,derived,,team_generated,false,golden
SNAP-G007-6-02,USER-G007,6,2025-12-09T16:00:00Z,DIM-02,33.5,EVT-G007-26,由课程、项目、练习或反馈事件更新,1.2.0,derived,true,SRC-SYNTH,2026-09-13T00:00:00+08:00,0.95,primary_derived,derived,,team_generated,false,golden
SNAP-G007-6-03,USER-G007,6,2025-12-09T16:00:00Z,DIM-03,39.7,EVT-G007-26,由课程、项目、练习或反馈事件更新,1.2.0,derived,true,SRC-SYNTH,2026-09-13T00:00:00+08:00,0.95,primary_derived,derived,,team_generated,false,golden
SNAP-G007-6-04,USER-G007,6,2025-12-09T16:00:00Z,DIM-04,23.1,EVT-G007-26,由课程、项目、练习或反馈事件更新,1.2.0,derived,true,SRC-SYNTH,2026-09-13T00:00:00+08:00,0.95,primary_derived,derived,,team_generated,false,golden
SNAP-G007-6-05,USER-G007,6,2025-12-09T16:00:00Z,DIM-05,50.7,EVT-G007-26,由课程、项目、练习或反馈事件更新,1.2.0,derived,true,SRC-SYNTH,2026-09-13T00:00:00+08:00,0.95,primary_derived,derived,,team_generated,false,golden
SNAP-G007-6-06,USER-G007,6,2025-12-09T16:00:00Z,DIM-06,30.4,EVT-G007-26,由课程、项目、练习或反馈事件更新,1.2.0,derived,true,SRC-SYNTH,2026-09-13T00:00:00+08:00,0.95,primary_derived,derived,,team_generated,false,golden
SNAP-G007-6-07,USER-G007,6,2025-12-09T16:00:00Z,DIM-07,37.6,EVT-G007-26,由课程、项目、练习或反馈事件更新,1.2.0,derived,true,SRC-SYNTH,2026-09-13T00:00:00+08:00,0.95,primary_derived,derived,,team_generated,false,golden
SNAP-G007-6-08,USER-G007,6,2025-12-09T16:00:00Z,DIM-08,44.4,EVT-G007-26,由课程、项目、练习或反馈事件更新,1.2.0,derived,true,SRC-SYNTH,2026-09-13T00:00:00+08:00,0.95,primary_derived,derived,,team_generated,false,golden
SNAP-G007-7-01,USER-G007,7,2026-03-04T16:00:00Z,DIM-01,38,EVT-G007-31,由课程、项目、练习或反馈事件更新,1.2.0,derived,true,SRC-SYNTH,2026-09-13T00:00:00+08:00,0.95,primary_derived,derived,,team_generated,false,golden
SNAP-G007-7-02,USER-G007,7,2026-03-04T16:00:00Z,DIM-02,35.2,EVT-G007-31,由课程、项目、练习或反馈事件更新,1.2.0,derived,true,SRC-SYNTH,2026-09-13T00:00:00+08:00,0.95,primary_derived,derived,,team_generated,false,golden
SNAP-G007-7-03,USER-G007,7,2026-03-04T16:00:00Z,DIM-03,40.8,EVT-G007-31,由课程、项目、练习或反馈事件更新,1.2.0,derived,true,SRC-SYNTH,2026-09-13T00:00:00+08:00,0.95,primary_derived,derived,,team_generated,false,golden
SNAP-G007-7-04,USER-G007,7,2026-03-04T16:00:00Z,DIM-04,24.8,EVT-G007-31,由课程、项目、练习或反馈事件更新,1.2.0,derived,true,SRC-SYNTH,2026-09-13T00:00:00+08:00,0.95,primary_derived,derived,,team_generated,false,golden
SNAP-G007-7-05,USER-G007,7,2026-03-04T16:00:00Z,DIM-05,52.4,EVT-G007-31,由课程、项目、练习或反馈事件更新,1.2.0,derived,true,SRC-SYNTH,2026-09-13T00:00:00+08:00,0.95,primary_derived,derived,,team_generated,false,golden
SNAP-G007-7-06,USER-G007,7,2026-03-04T16:00:00Z,DIM-06,32.1,EVT-G007-31,由课程、项目、练习或反馈事件更新,1.2.0,derived,true,SRC-SYNTH,2026-09-13T00:00:00+08:00,0.95,primary_derived,derived,,team_generated,false,golden
SNAP-G007-7-07,USER-G007,7,2026-03-04T16:00:00Z,DIM-07,39.3,EVT-G007-31,由课程、项目、练习或反馈事件更新,1.2.0,derived,true,SRC-SYNTH,2026-09-13T00:00:00+08:00,0.95,primary_derived,derived,,team_generated,false,golden
SNAP-G007-7-08,USER-G007,7,2026-03-04T16:00:00Z,DIM-08,45.5,EVT-G007-31,由课程、项目、练习或反馈事件更新,1.2.0,derived,true,SRC-SYNTH,2026-09-13T00:00:00+08:00,0.95,primary_derived,derived,,team_generated,false,golden
SNAP-G007-8-01,USER-G007,8,2026-05-28T16:00:00Z,DIM-01,39.7,EVT-G007-36,最新证据汇总结果,1.2.0,derived,true,SRC-SYNTH,2026-09-13T00:00:00+08:00,0.95,primary_derived,derived,,team_generated,false,golden
SNAP-G007-8-02,USER-G007,8,2026-05-28T16:00:00Z,DIM-02,36.9,EVT-G007-36,最新证据汇总结果,1.2.0,derived,true,SRC-SYNTH,2026-09-13T00:00:00+08:00,0.95,primary_derived,derived,,team_generated,false,golden
SNAP-G007-8-03,USER-G007,8,2026-05-28T16:00:00Z,DIM-03,41.8,EVT-G007-36,最新证据汇总结果,1.2.0,derived,true,SRC-SYNTH,2026-09-13T00:00:00+08:00,0.95,primary_derived,derived,,team_generated,false,golden
SNAP-G007-8-04,USER-G007,8,2026-05-28T16:00:00Z,DIM-04,26.5,EVT-G007-36,最新证据汇总结果,1.2.0,derived,true,SRC-SYNTH,2026-09-13T00:00:00+08:00,0.95,primary_derived,derived,,team_generated,false,golden
SNAP-G007-8-05,USER-G007,8,2026-05-28T16:00:00Z,DIM-05,54.1,EVT-G007-36,最新证据汇总结果,1.2.0,derived,true,SRC-SYNTH,2026-09-13T00:00:00+08:00,0.95,primary_derived,derived,,team_generated,false,golden
SNAP-G007-8-06,USER-G007,8,2026-05-28T16:00:00Z,DIM-06,33.8,EVT-G007-36,最新证据汇总结果,1.2.0,derived,true,SRC-SYNTH,2026-09-13T00:00:00+08:00,0.95,primary_derived,derived,,team_generated,false,golden
SNAP-G007-8-07,USER-G007,8,2026-05-28T16:00:00Z,DIM-07,41,EVT-G007-36,最新证据汇总结果,1.2.0,derived,true,SRC-SYNTH,2026-09-13T00:00:00+08:00,0.95,primary_derived,derived,,team_generated,false,golden
SNAP-G007-8-08,USER-G007,8,2026-05-28T16:00:00Z,DIM-08,46.5,EVT-G007-36,最新证据汇总结果,1.2.0,derived,true,SRC-SYNTH,2026-09-13T00:00:00+08:00,0.95,primary_derived,derived,,team_generated,false,golden
SNAP-G008-1-01,USER-G008,1,2024-10-10T16:00:00Z,DIM-01,24.5,EVT-G008-01,由课程、项目、练习或反馈事件更新,1.2.0,derived,true,SRC-SYNTH,2026-09-13T00:00:00+08:00,0.95,primary_derived,derived,,team_generated,false,golden
SNAP-G008-1-02,USER-G008,1,2024-10-10T16:00:00Z,DIM-02,35,EVT-G008-01,由课程、项目、练习或反馈事件更新,1.2.0,derived,true,SRC-SYNTH,2026-09-13T00:00:00+08:00,0.95,primary_derived,derived,,team_generated,false,golden
SNAP-G008-1-03,USER-G008,1,2024-10-10T16:00:00Z,DIM-03,30.9,EVT-G008-01,由课程、项目、练习或反馈事件更新,1.2.0,derived,true,SRC-SYNTH,2026-09-13T00:00:00+08:00,0.95,primary_derived,derived,,team_generated,false,golden
SNAP-G008-1-04,USER-G008,1,2024-10-10T16:00:00Z,DIM-04,20.5,EVT-G008-01,由课程、项目、练习或反馈事件更新,1.2.0,derived,true,SRC-SYNTH,2026-09-13T00:00:00+08:00,0.95,primary_derived,derived,,team_generated,false,golden
SNAP-G008-1-05,USER-G008,1,2024-10-10T16:00:00Z,DIM-05,27.4,EVT-G008-01,由课程、项目、练习或反馈事件更新,1.2.0,derived,true,SRC-SYNTH,2026-09-13T00:00:00+08:00,0.95,primary_derived,derived,,team_generated,false,golden
SNAP-G008-1-06,USER-G008,1,2024-10-10T16:00:00Z,DIM-06,35.2,EVT-G008-01,由课程、项目、练习或反馈事件更新,1.2.0,derived,true,SRC-SYNTH,2026-09-13T00:00:00+08:00,0.95,primary_derived,derived,,team_generated,false,golden
SNAP-G008-1-07,USER-G008,1,2024-10-10T16:00:00Z,DIM-07,42.3,EVT-G008-01,由课程、项目、练习或反馈事件更新,1.2.0,derived,true,SRC-SYNTH,2026-09-13T00:00:00+08:00,0.95,primary_derived,derived,,team_generated,false,golden
SNAP-G008-1-08,USER-G008,1,2024-10-10T16:00:00Z,DIM-08,35.8,EVT-G008-01,由课程、项目、练习或反馈事件更新,1.2.0,derived,true,SRC-SYNTH,2026-09-13T00:00:00+08:00,0.95,primary_derived,derived,,team_generated,false,golden
SNAP-G008-2-01,USER-G008,2,2025-01-03T16:00:00Z,DIM-01,26.2,EVT-G008-06,由课程、项目、练习或反馈事件更新,1.2.0,derived,true,SRC-SYNTH,2026-09-13T00:00:00+08:00,0.95,primary_derived,derived,,team_generated,false,golden
SNAP-G008-2-02,USER-G008,2,2025-01-03T16:00:00Z,DIM-02,36.7,EVT-G008-06,由课程、项目、练习或反馈事件更新,1.2.0,derived,true,SRC-SYNTH,2026-09-13T00:00:00+08:00,0.95,primary_derived,derived,,team_generated,false,golden
SNAP-G008-2-03,USER-G008,2,2025-01-03T16:00:00Z,DIM-03,32,EVT-G008-06,由课程、项目、练习或反馈事件更新,1.2.0,derived,true,SRC-SYNTH,2026-09-13T00:00:00+08:00,0.95,primary_derived,derived,,team_generated,false,golden
SNAP-G008-2-04,USER-G008,2,2025-01-03T16:00:00Z,DIM-04,21.6,EVT-G008-06,由课程、项目、练习或反馈事件更新,1.2.0,derived,true,SRC-SYNTH,2026-09-13T00:00:00+08:00,0.95,primary_derived,derived,,team_generated,false,golden
SNAP-G008-2-05,USER-G008,2,2025-01-03T16:00:00Z,DIM-05,29.1,EVT-G008-06,由课程、项目、练习或反馈事件更新,1.2.0,derived,true,SRC-SYNTH,2026-09-13T00:00:00+08:00,0.95,primary_derived,derived,,team_generated,false,golden
SNAP-G008-2-06,USER-G008,2,2025-01-03T16:00:00Z,DIM-06,36.9,EVT-G008-06,由课程、项目、练习或反馈事件更新,1.2.0,derived,true,SRC-SYNTH,2026-09-13T00:00:00+08:00,0.95,primary_derived,derived,,team_generated,false,golden
SNAP-G008-2-07,USER-G008,2,2025-01-03T16:00:00Z,DIM-07,44,EVT-G008-06,由课程、项目、练习或反馈事件更新,1.2.0,derived,true,SRC-SYNTH,2026-09-13T00:00:00+08:00,0.95,primary_derived,derived,,team_generated,false,golden
SNAP-G008-2-08,USER-G008,2,2025-01-03T16:00:00Z,DIM-08,36.8,EVT-G008-06,由课程、项目、练习或反馈事件更新,1.2.0,derived,true,SRC-SYNTH,2026-09-13T00:00:00+08:00,0.95,primary_derived,derived,,team_generated,false,golden
SNAP-G008-3-01,USER-G008,3,2025-03-29T16:00:00Z,DIM-01,27.9,EVT-G008-11,由课程、项目、练习或反馈事件更新,1.2.0,derived,true,SRC-SYNTH,2026-09-13T00:00:00+08:00,0.95,primary_derived,derived,,team_generated,false,golden
SNAP-G008-3-02,USER-G008,3,2025-03-29T16:00:00Z,DIM-02,38.4,EVT-G008-11,由课程、项目、练习或反馈事件更新,1.2.0,derived,true,SRC-SYNTH,2026-09-13T00:00:00+08:00,0.95,primary_derived,derived,,team_generated,false,golden
SNAP-G008-3-03,USER-G008,3,2025-03-29T16:00:00Z,DIM-03,33.1,EVT-G008-11,由课程、项目、练习或反馈事件更新,1.2.0,derived,true,SRC-SYNTH,2026-09-13T00:00:00+08:00,0.95,primary_derived,derived,,team_generated,false,golden
SNAP-G008-3-04,USER-G008,3,2025-03-29T16:00:00Z,DIM-04,22.7,EVT-G008-11,由课程、项目、练习或反馈事件更新,1.2.0,derived,true,SRC-SYNTH,2026-09-13T00:00:00+08:00,0.95,primary_derived,derived,,team_generated,false,golden
SNAP-G008-3-05,USER-G008,3,2025-03-29T16:00:00Z,DIM-05,30.8,EVT-G008-11,由课程、项目、练习或反馈事件更新,1.2.0,derived,true,SRC-SYNTH,2026-09-13T00:00:00+08:00,0.95,primary_derived,derived,,team_generated,false,golden
SNAP-G008-3-06,USER-G008,3,2025-03-29T16:00:00Z,DIM-06,38.6,EVT-G008-11,由课程、项目、练习或反馈事件更新,1.2.0,derived,true,SRC-SYNTH,2026-09-13T00:00:00+08:00,0.95,primary_derived,derived,,team_generated,false,golden
SNAP-G008-3-07,USER-G008,3,2025-03-29T16:00:00Z,DIM-07,45.7,EVT-G008-11,由课程、项目、练习或反馈事件更新,1.2.0,derived,true,SRC-SYNTH,2026-09-13T00:00:00+08:00,0.95,primary_derived,derived,,team_generated,false,golden
SNAP-G008-3-08,USER-G008,3,2025-03-29T16:00:00Z,DIM-08,37.9,EVT-G008-11,由课程、项目、练习或反馈事件更新,1.2.0,derived,true,SRC-SYNTH,2026-09-13T00:00:00+08:00,0.95,primary_derived,derived,,team_generated,false,golden
SNAP-G008-4-01,USER-G008,4,2025-06-22T16:00:00Z,DIM-01,29.6,EVT-G008-16,由课程、项目、练习或反馈事件更新,1.2.0,derived,true,SRC-SYNTH,2026-09-13T00:00:00+08:00,0.95,primary_derived,derived,,team_generated,false,golden
SNAP-G008-4-02,USER-G008,4,2025-06-22T16:00:00Z,DIM-02,40.1,EVT-G008-16,由课程、项目、练习或反馈事件更新,1.2.0,derived,true,SRC-SYNTH,2026-09-13T00:00:00+08:00,0.95,primary_derived,derived,,team_generated,false,golden
SNAP-G008-4-03,USER-G008,4,2025-06-22T16:00:00Z,DIM-03,34.1,EVT-G008-16,由课程、项目、练习或反馈事件更新,1.2.0,derived,true,SRC-SYNTH,2026-09-13T00:00:00+08:00,0.95,primary_derived,derived,,team_generated,false,golden
SNAP-G008-4-04,USER-G008,4,2025-06-22T16:00:00Z,DIM-04,23.7,EVT-G008-16,由课程、项目、练习或反馈事件更新,1.2.0,derived,true,SRC-SYNTH,2026-09-13T00:00:00+08:00,0.95,primary_derived,derived,,team_generated,false,golden
SNAP-G008-4-05,USER-G008,4,2025-06-22T16:00:00Z,DIM-05,32.5,EVT-G008-16,由课程、项目、练习或反馈事件更新,1.2.0,derived,true,SRC-SYNTH,2026-09-13T00:00:00+08:00,0.95,primary_derived,derived,,team_generated,false,golden
SNAP-G008-4-06,USER-G008,4,2025-06-22T16:00:00Z,DIM-06,40.3,EVT-G008-16,由课程、项目、练习或反馈事件更新,1.2.0,derived,true,SRC-SYNTH,2026-09-13T00:00:00+08:00,0.95,primary_derived,derived,,team_generated,false,golden
SNAP-G008-4-07,USER-G008,4,2025-06-22T16:00:00Z,DIM-07,47.4,EVT-G008-16,由课程、项目、练习或反馈事件更新,1.2.0,derived,true,SRC-SYNTH,2026-09-13T00:00:00+08:00,0.95,primary_derived,derived,,team_generated,false,golden
SNAP-G008-4-08,USER-G008,4,2025-06-22T16:00:00Z,DIM-08,38.9,EVT-G008-16,由课程、项目、练习或反馈事件更新,1.2.0,derived,true,SRC-SYNTH,2026-09-13T00:00:00+08:00,0.95,primary_derived,derived,,team_generated,false,golden
SNAP-G008-5-01,USER-G008,5,2025-09-15T16:00:00Z,DIM-01,31.3,EVT-G008-21,由课程、项目、练习或反馈事件更新,1.2.0,derived,true,SRC-SYNTH,2026-09-13T00:00:00+08:00,0.95,primary_derived,derived,,team_generated,false,golden
SNAP-G008-5-02,USER-G008,5,2025-09-15T16:00:00Z,DIM-02,41.8,EVT-G008-21,由课程、项目、练习或反馈事件更新,1.2.0,derived,true,SRC-SYNTH,2026-09-13T00:00:00+08:00,0.95,primary_derived,derived,,team_generated,false,golden
SNAP-G008-5-03,USER-G008,5,2025-09-15T16:00:00Z,DIM-03,35.2,EVT-G008-21,由课程、项目、练习或反馈事件更新,1.2.0,derived,true,SRC-SYNTH,2026-09-13T00:00:00+08:00,0.95,primary_derived,derived,,team_generated,false,golden
SNAP-G008-5-04,USER-G008,5,2025-09-15T16:00:00Z,DIM-04,24.8,EVT-G008-21,由课程、项目、练习或反馈事件更新,1.2.0,derived,true,SRC-SYNTH,2026-09-13T00:00:00+08:00,0.95,primary_derived,derived,,team_generated,false,golden
SNAP-G008-5-05,USER-G008,5,2025-09-15T16:00:00Z,DIM-05,34.2,EVT-G008-21,由课程、项目、练习或反馈事件更新,1.2.0,derived,true,SRC-SYNTH,2026-09-13T00:00:00+08:00,0.95,primary_derived,derived,,team_generated,false,golden
SNAP-G008-5-06,USER-G008,5,2025-09-15T16:00:00Z,DIM-06,42,EVT-G008-21,由课程、项目、练习或反馈事件更新,1.2.0,derived,true,SRC-SYNTH,2026-09-13T00:00:00+08:00,0.95,primary_derived,derived,,team_generated,false,golden
SNAP-G008-5-07,USER-G008,5,2025-09-15T16:00:00Z,DIM-07,49.1,EVT-G008-21,由课程、项目、练习或反馈事件更新,1.2.0,derived,true,SRC-SYNTH,2026-09-13T00:00:00+08:00,0.95,primary_derived,derived,,team_generated,false,golden
SNAP-G008-5-08,USER-G008,5,2025-09-15T16:00:00Z,DIM-08,37,EVT-G008-21,学习中断导致成长维度短期回落,1.2.0,derived,true,SRC-SYNTH,2026-09-13T00:00:00+08:00,0.95,primary_derived,derived,,team_generated,false,golden
SNAP-G008-6-01,USER-G008,6,2025-12-09T16:00:00Z,DIM-01,33,EVT-G008-26,由课程、项目、练习或反馈事件更新,1.2.0,derived,true,SRC-SYNTH,2026-09-13T00:00:00+08:00,0.95,primary_derived,derived,,team_generated,false,golden
SNAP-G008-6-02,USER-G008,6,2025-12-09T16:00:00Z,DIM-02,43.5,EVT-G008-26,由课程、项目、练习或反馈事件更新,1.2.0,derived,true,SRC-SYNTH,2026-09-13T00:00:00+08:00,0.95,primary_derived,derived,,team_generated,false,golden
SNAP-G008-6-03,USER-G008,6,2025-12-09T16:00:00Z,DIM-03,36.2,EVT-G008-26,由课程、项目、练习或反馈事件更新,1.2.0,derived,true,SRC-SYNTH,2026-09-13T00:00:00+08:00,0.95,primary_derived,derived,,team_generated,false,golden
SNAP-G008-6-04,USER-G008,6,2025-12-09T16:00:00Z,DIM-04,25.8,EVT-G008-26,由课程、项目、练习或反馈事件更新,1.2.0,derived,true,SRC-SYNTH,2026-09-13T00:00:00+08:00,0.95,primary_derived,derived,,team_generated,false,golden
SNAP-G008-6-05,USER-G008,6,2025-12-09T16:00:00Z,DIM-05,35.9,EVT-G008-26,由课程、项目、练习或反馈事件更新,1.2.0,derived,true,SRC-SYNTH,2026-09-13T00:00:00+08:00,0.95,primary_derived,derived,,team_generated,false,golden
SNAP-G008-6-06,USER-G008,6,2025-12-09T16:00:00Z,DIM-06,43.7,EVT-G008-26,由课程、项目、练习或反馈事件更新,1.2.0,derived,true,SRC-SYNTH,2026-09-13T00:00:00+08:00,0.95,primary_derived,derived,,team_generated,false,golden
SNAP-G008-6-07,USER-G008,6,2025-12-09T16:00:00Z,DIM-07,50.8,EVT-G008-26,由课程、项目、练习或反馈事件更新,1.2.0,derived,true,SRC-SYNTH,2026-09-13T00:00:00+08:00,0.95,primary_derived,derived,,team_generated,false,golden
SNAP-G008-6-08,USER-G008,6,2025-12-09T16:00:00Z,DIM-08,41,EVT-G008-26,由课程、项目、练习或反馈事件更新,1.2.0,derived,true,SRC-SYNTH,2026-09-13T00:00:00+08:00,0.95,primary_derived,derived,,team_generated,false,golden
SNAP-G008-7-01,USER-G008,7,2026-03-04T16:00:00Z,DIM-01,34.7,EVT-G008-31,由课程、项目、练习或反馈事件更新,1.2.0,derived,true,SRC-SYNTH,2026-09-13T00:00:00+08:00,0.95,primary_derived,derived,,team_generated,false,golden
SNAP-G008-7-02,USER-G008,7,2026-03-04T16:00:00Z,DIM-02,45.2,EVT-G008-31,由课程、项目、练习或反馈事件更新,1.2.0,derived,true,SRC-SYNTH,2026-09-13T00:00:00+08:00,0.95,primary_derived,derived,,team_generated,false,golden
SNAP-G008-7-03,USER-G008,7,2026-03-04T16:00:00Z,DIM-03,37.3,EVT-G008-31,由课程、项目、练习或反馈事件更新,1.2.0,derived,true,SRC-SYNTH,2026-09-13T00:00:00+08:00,0.95,primary_derived,derived,,team_generated,false,golden
SNAP-G008-7-04,USER-G008,7,2026-03-04T16:00:00Z,DIM-04,26.9,EVT-G008-31,由课程、项目、练习或反馈事件更新,1.2.0,derived,true,SRC-SYNTH,2026-09-13T00:00:00+08:00,0.95,primary_derived,derived,,team_generated,false,golden
SNAP-G008-7-05,USER-G008,7,2026-03-04T16:00:00Z,DIM-05,37.6,EVT-G008-31,由课程、项目、练习或反馈事件更新,1.2.0,derived,true,SRC-SYNTH,2026-09-13T00:00:00+08:00,0.95,primary_derived,derived,,team_generated,false,golden
SNAP-G008-7-06,USER-G008,7,2026-03-04T16:00:00Z,DIM-06,45.4,EVT-G008-31,由课程、项目、练习或反馈事件更新,1.2.0,derived,true,SRC-SYNTH,2026-09-13T00:00:00+08:00,0.95,primary_derived,derived,,team_generated,false,golden
SNAP-G008-7-07,USER-G008,7,2026-03-04T16:00:00Z,DIM-07,52.5,EVT-G008-31,由课程、项目、练习或反馈事件更新,1.2.0,derived,true,SRC-SYNTH,2026-09-13T00:00:00+08:00,0.95,primary_derived,derived,,team_generated,false,golden
SNAP-G008-7-08,USER-G008,7,2026-03-04T16:00:00Z,DIM-08,42.1,EVT-G008-31,由课程、项目、练习或反馈事件更新,1.2.0,derived,true,SRC-SYNTH,2026-09-13T00:00:00+08:00,0.95,primary_derived,derived,,team_generated,false,golden
SNAP-G008-8-01,USER-G008,8,2026-05-28T16:00:00Z,DIM-01,36.4,EVT-G008-36,最新证据汇总结果,1.2.0,derived,true,SRC-SYNTH,2026-09-13T00:00:00+08:00,0.95,primary_derived,derived,,team_generated,false,golden
SNAP-G008-8-02,USER-G008,8,2026-05-28T16:00:00Z,DIM-02,46.9,EVT-G008-36,最新证据汇总结果,1.2.0,derived,true,SRC-SYNTH,2026-09-13T00:00:00+08:00,0.95,primary_derived,derived,,team_generated,false,golden
SNAP-G008-8-03,USER-G008,8,2026-05-28T16:00:00Z,DIM-03,38.3,EVT-G008-36,最新证据汇总结果,1.2.0,derived,true,SRC-SYNTH,2026-09-13T00:00:00+08:00,0.95,primary_derived,derived,,team_generated,false,golden
SNAP-G008-8-04,USER-G008,8,2026-05-28T16:00:00Z,DIM-04,27.9,EVT-G008-36,最新证据汇总结果,1.2.0,derived,true,SRC-SYNTH,2026-09-13T00:00:00+08:00,0.95,primary_derived,derived,,team_generated,false,golden
SNAP-G008-8-05,USER-G008,8,2026-05-28T16:00:00Z,DIM-05,39.3,EVT-G008-36,最新证据汇总结果,1.2.0,derived,true,SRC-SYNTH,2026-09-13T00:00:00+08:00,0.95,primary_derived,derived,,team_generated,false,golden
SNAP-G008-8-06,USER-G008,8,2026-05-28T16:00:00Z,DIM-06,47.1,EVT-G008-36,最新证据汇总结果,1.2.0,derived,true,SRC-SYNTH,2026-09-13T00:00:00+08:00,0.95,primary_derived,derived,,team_generated,false,golden
SNAP-G008-8-07,USER-G008,8,2026-05-28T16:00:00Z,DIM-07,54.2,EVT-G008-36,最新证据汇总结果,1.2.0,derived,true,SRC-SYNTH,2026-09-13T00:00:00+08:00,0.95,primary_derived,derived,,team_generated,false,golden
SNAP-G008-8-08,USER-G008,8,2026-05-28T16:00:00Z,DIM-08,43.1,EVT-G008-36,最新证据汇总结果,1.2.0,derived,true,SRC-SYNTH,2026-09-13T00:00:00+08:00,0.95,primary_derived,derived,,team_generated,false,golden
SNAP-G009-1-01,USER-G009,1,2024-10-10T16:00:00Z,DIM-01,39.6,EVT-G009-01,由课程、项目、练习或反馈事件更新,1.2.0,derived,true,SRC-SYNTH,2026-09-13T00:00:00+08:00,0.95,primary_derived,derived,,team_generated,false,golden
SNAP-G009-1-02,USER-G009,1,2024-10-10T16:00:00Z,DIM-02,33.1,EVT-G009-01,由课程、项目、练习或反馈事件更新,1.2.0,derived,true,SRC-SYNTH,2026-09-13T00:00:00+08:00,0.95,primary_derived,derived,,team_generated,false,golden
SNAP-G009-1-03,USER-G009,1,2024-10-10T16:00:00Z,DIM-03,21.8,EVT-G009-01,由课程、项目、练习或反馈事件更新,1.2.0,derived,true,SRC-SYNTH,2026-09-13T00:00:00+08:00,0.95,primary_derived,derived,,team_generated,false,golden
SNAP-G009-1-04,USER-G009,1,2024-10-10T16:00:00Z,DIM-04,22.4,EVT-G009-01,由课程、项目、练习或反馈事件更新,1.2.0,derived,true,SRC-SYNTH,2026-09-13T00:00:00+08:00,0.95,primary_derived,derived,,team_generated,false,golden
SNAP-G009-1-05,USER-G009,1,2024-10-10T16:00:00Z,DIM-05,23.8,EVT-G009-01,由课程、项目、练习或反馈事件更新,1.2.0,derived,true,SRC-SYNTH,2026-09-13T00:00:00+08:00,0.95,primary_derived,derived,,team_generated,false,golden
SNAP-G009-1-06,USER-G009,1,2024-10-10T16:00:00Z,DIM-06,41.5,EVT-G009-01,由课程、项目、练习或反馈事件更新,1.2.0,derived,true,SRC-SYNTH,2026-09-13T00:00:00+08:00,0.95,primary_derived,derived,,team_generated,false,golden
SNAP-G009-1-07,USER-G009,1,2024-10-10T16:00:00Z,DIM-07,52.9,EVT-G009-01,由课程、项目、练习或反馈事件更新,1.2.0,derived,true,SRC-SYNTH,2026-09-13T00:00:00+08:00,0.95,primary_derived,derived,,team_generated,false,golden
SNAP-G009-1-08,USER-G009,1,2024-10-10T16:00:00Z,DIM-08,16.7,EVT-G009-01,由课程、项目、练习或反馈事件更新,1.2.0,derived,true,SRC-SYNTH,2026-09-13T00:00:00+08:00,0.95,primary_derived,derived,,team_generated,false,golden
SNAP-G009-2-01,USER-G009,2,2025-01-03T16:00:00Z,DIM-01,41.3,EVT-G009-06,由课程、项目、练习或反馈事件更新,1.2.0,derived,true,SRC-SYNTH,2026-09-13T00:00:00+08:00,0.95,primary_derived,derived,,team_generated,false,golden
SNAP-G009-2-02,USER-G009,2,2025-01-03T16:00:00Z,DIM-02,34.8,EVT-G009-06,由课程、项目、练习或反馈事件更新,1.2.0,derived,true,SRC-SYNTH,2026-09-13T00:00:00+08:00,0.95,primary_derived,derived,,team_generated,false,golden
SNAP-G009-2-03,USER-G009,2,2025-01-03T16:00:00Z,DIM-03,22.9,EVT-G009-06,由课程、项目、练习或反馈事件更新,1.2.0,derived,true,SRC-SYNTH,2026-09-13T00:00:00+08:00,0.95,primary_derived,derived,,team_generated,false,golden
SNAP-G009-2-04,USER-G009,2,2025-01-03T16:00:00Z,DIM-04,24.1,EVT-G009-06,由课程、项目、练习或反馈事件更新,1.2.0,derived,true,SRC-SYNTH,2026-09-13T00:00:00+08:00,0.95,primary_derived,derived,,team_generated,false,golden
SNAP-G009-2-05,USER-G009,2,2025-01-03T16:00:00Z,DIM-05,25.5,EVT-G009-06,由课程、项目、练习或反馈事件更新,1.2.0,derived,true,SRC-SYNTH,2026-09-13T00:00:00+08:00,0.95,primary_derived,derived,,team_generated,false,golden
SNAP-G009-2-06,USER-G009,2,2025-01-03T16:00:00Z,DIM-06,43.2,EVT-G009-06,由课程、项目、练习或反馈事件更新,1.2.0,derived,true,SRC-SYNTH,2026-09-13T00:00:00+08:00,0.95,primary_derived,derived,,team_generated,false,golden
SNAP-G009-2-07,USER-G009,2,2025-01-03T16:00:00Z,DIM-07,54.6,EVT-G009-06,由课程、项目、练习或反馈事件更新,1.2.0,derived,true,SRC-SYNTH,2026-09-13T00:00:00+08:00,0.95,primary_derived,derived,,team_generated,false,golden
SNAP-G009-2-08,USER-G009,2,2025-01-03T16:00:00Z,DIM-08,17.7,EVT-G009-06,由课程、项目、练习或反馈事件更新,1.2.0,derived,true,SRC-SYNTH,2026-09-13T00:00:00+08:00,0.95,primary_derived,derived,,team_generated,false,golden
SNAP-G009-3-01,USER-G009,3,2025-03-29T16:00:00Z,DIM-01,43,EVT-G009-11,由课程、项目、练习或反馈事件更新,1.2.0,derived,true,SRC-SYNTH,2026-09-13T00:00:00+08:00,0.95,primary_derived,derived,,team_generated,false,golden
SNAP-G009-3-02,USER-G009,3,2025-03-29T16:00:00Z,DIM-02,36.5,EVT-G009-11,由课程、项目、练习或反馈事件更新,1.2.0,derived,true,SRC-SYNTH,2026-09-13T00:00:00+08:00,0.95,primary_derived,derived,,team_generated,false,golden
SNAP-G009-3-03,USER-G009,3,2025-03-29T16:00:00Z,DIM-03,24,EVT-G009-11,由课程、项目、练习或反馈事件更新,1.2.0,derived,true,SRC-SYNTH,2026-09-13T00:00:00+08:00,0.95,primary_derived,derived,,team_generated,false,golden
SNAP-G009-3-04,USER-G009,3,2025-03-29T16:00:00Z,DIM-04,25.8,EVT-G009-11,由课程、项目、练习或反馈事件更新,1.2.0,derived,true,SRC-SYNTH,2026-09-13T00:00:00+08:00,0.95,primary_derived,derived,,team_generated,false,golden
SNAP-G009-3-05,USER-G009,3,2025-03-29T16:00:00Z,DIM-05,27.2,EVT-G009-11,由课程、项目、练习或反馈事件更新,1.2.0,derived,true,SRC-SYNTH,2026-09-13T00:00:00+08:00,0.95,primary_derived,derived,,team_generated,false,golden
SNAP-G009-3-06,USER-G009,3,2025-03-29T16:00:00Z,DIM-06,44.9,EVT-G009-11,由课程、项目、练习或反馈事件更新,1.2.0,derived,true,SRC-SYNTH,2026-09-13T00:00:00+08:00,0.95,primary_derived,derived,,team_generated,false,golden
SNAP-G009-3-07,USER-G009,3,2025-03-29T16:00:00Z,DIM-07,56.3,EVT-G009-11,由课程、项目、练习或反馈事件更新,1.2.0,derived,true,SRC-SYNTH,2026-09-13T00:00:00+08:00,0.95,primary_derived,derived,,team_generated,false,golden
SNAP-G009-3-08,USER-G009,3,2025-03-29T16:00:00Z,DIM-08,18.8,EVT-G009-11,由课程、项目、练习或反馈事件更新,1.2.0,derived,true,SRC-SYNTH,2026-09-13T00:00:00+08:00,0.95,primary_derived,derived,,team_generated,false,golden
SNAP-G009-4-01,USER-G009,4,2025-06-22T16:00:00Z,DIM-01,44.7,EVT-G009-16,由课程、项目、练习或反馈事件更新,1.2.0,derived,true,SRC-SYNTH,2026-09-13T00:00:00+08:00,0.95,primary_derived,derived,,team_generated,false,golden
SNAP-G009-4-02,USER-G009,4,2025-06-22T16:00:00Z,DIM-02,38.2,EVT-G009-16,由课程、项目、练习或反馈事件更新,1.2.0,derived,true,SRC-SYNTH,2026-09-13T00:00:00+08:00,0.95,primary_derived,derived,,team_generated,false,golden
SNAP-G009-4-03,USER-G009,4,2025-06-22T16:00:00Z,DIM-03,25,EVT-G009-16,由课程、项目、练习或反馈事件更新,1.2.0,derived,true,SRC-SYNTH,2026-09-13T00:00:00+08:00,0.95,primary_derived,derived,,team_generated,false,golden
SNAP-G009-4-04,USER-G009,4,2025-06-22T16:00:00Z,DIM-04,27.5,EVT-G009-16,由课程、项目、练习或反馈事件更新,1.2.0,derived,true,SRC-SYNTH,2026-09-13T00:00:00+08:00,0.95,primary_derived,derived,,team_generated,false,golden
SNAP-G009-4-05,USER-G009,4,2025-06-22T16:00:00Z,DIM-05,28.9,EVT-G009-16,由课程、项目、练习或反馈事件更新,1.2.0,derived,true,SRC-SYNTH,2026-09-13T00:00:00+08:00,0.95,primary_derived,derived,,team_generated,false,golden
SNAP-G009-4-06,USER-G009,4,2025-06-22T16:00:00Z,DIM-06,46.6,EVT-G009-16,由课程、项目、练习或反馈事件更新,1.2.0,derived,true,SRC-SYNTH,2026-09-13T00:00:00+08:00,0.95,primary_derived,derived,,team_generated,false,golden
SNAP-G009-4-07,USER-G009,4,2025-06-22T16:00:00Z,DIM-07,58,EVT-G009-16,由课程、项目、练习或反馈事件更新,1.2.0,derived,true,SRC-SYNTH,2026-09-13T00:00:00+08:00,0.95,primary_derived,derived,,team_generated,false,golden
SNAP-G009-4-08,USER-G009,4,2025-06-22T16:00:00Z,DIM-08,19.8,EVT-G009-16,由课程、项目、练习或反馈事件更新,1.2.0,derived,true,SRC-SYNTH,2026-09-13T00:00:00+08:00,0.95,primary_derived,derived,,team_generated,false,golden
SNAP-G009-5-01,USER-G009,5,2025-09-15T16:00:00Z,DIM-01,46.4,EVT-G009-21,由课程、项目、练习或反馈事件更新,1.2.0,derived,true,SRC-SYNTH,2026-09-13T00:00:00+08:00,0.95,primary_derived,derived,,team_generated,false,golden
SNAP-G009-5-02,USER-G009,5,2025-09-15T16:00:00Z,DIM-02,39.9,EVT-G009-21,由课程、项目、练习或反馈事件更新,1.2.0,derived,true,SRC-SYNTH,2026-09-13T00:00:00+08:00,0.95,primary_derived,derived,,team_generated,false,golden
SNAP-G009-5-03,USER-G009,5,2025-09-15T16:00:00Z,DIM-03,26.1,EVT-G009-21,由课程、项目、练习或反馈事件更新,1.2.0,derived,true,SRC-SYNTH,2026-09-13T00:00:00+08:00,0.95,primary_derived,derived,,team_generated,false,golden
SNAP-G009-5-04,USER-G009,5,2025-09-15T16:00:00Z,DIM-04,29.2,EVT-G009-21,由课程、项目、练习或反馈事件更新,1.2.0,derived,true,SRC-SYNTH,2026-09-13T00:00:00+08:00,0.95,primary_derived,derived,,team_generated,false,golden
SNAP-G009-5-05,USER-G009,5,2025-09-15T16:00:00Z,DIM-05,30.6,EVT-G009-21,由课程、项目、练习或反馈事件更新,1.2.0,derived,true,SRC-SYNTH,2026-09-13T00:00:00+08:00,0.95,primary_derived,derived,,team_generated,false,golden
SNAP-G009-5-06,USER-G009,5,2025-09-15T16:00:00Z,DIM-06,48.3,EVT-G009-21,由课程、项目、练习或反馈事件更新,1.2.0,derived,true,SRC-SYNTH,2026-09-13T00:00:00+08:00,0.95,primary_derived,derived,,team_generated,false,golden
SNAP-G009-5-07,USER-G009,5,2025-09-15T16:00:00Z,DIM-07,59.7,EVT-G009-21,由课程、项目、练习或反馈事件更新,1.2.0,derived,true,SRC-SYNTH,2026-09-13T00:00:00+08:00,0.95,primary_derived,derived,,team_generated,false,golden
SNAP-G009-5-08,USER-G009,5,2025-09-15T16:00:00Z,DIM-08,17.9,EVT-G009-21,学习中断导致成长维度短期回落,1.2.0,derived,true,SRC-SYNTH,2026-09-13T00:00:00+08:00,0.95,primary_derived,derived,,team_generated,false,golden
SNAP-G009-6-01,USER-G009,6,2025-12-09T16:00:00Z,DIM-01,48.1,EVT-G009-26,由课程、项目、练习或反馈事件更新,1.2.0,derived,true,SRC-SYNTH,2026-09-13T00:00:00+08:00,0.95,primary_derived,derived,,team_generated,false,golden
SNAP-G009-6-02,USER-G009,6,2025-12-09T16:00:00Z,DIM-02,41.6,EVT-G009-26,由课程、项目、练习或反馈事件更新,1.2.0,derived,true,SRC-SYNTH,2026-09-13T00:00:00+08:00,0.95,primary_derived,derived,,team_generated,false,golden
SNAP-G009-6-03,USER-G009,6,2025-12-09T16:00:00Z,DIM-03,27.1,EVT-G009-26,由课程、项目、练习或反馈事件更新,1.2.0,derived,true,SRC-SYNTH,2026-09-13T00:00:00+08:00,0.95,primary_derived,derived,,team_generated,false,golden
SNAP-G009-6-04,USER-G009,6,2025-12-09T16:00:00Z,DIM-04,30.9,EVT-G009-26,由课程、项目、练习或反馈事件更新,1.2.0,derived,true,SRC-SYNTH,2026-09-13T00:00:00+08:00,0.95,primary_derived,derived,,team_generated,false,golden
SNAP-G009-6-05,USER-G009,6,2025-12-09T16:00:00Z,DIM-05,32.3,EVT-G009-26,由课程、项目、练习或反馈事件更新,1.2.0,derived,true,SRC-SYNTH,2026-09-13T00:00:00+08:00,0.95,primary_derived,derived,,team_generated,false,golden
SNAP-G009-6-06,USER-G009,6,2025-12-09T16:00:00Z,DIM-06,50,EVT-G009-26,由课程、项目、练习或反馈事件更新,1.2.0,derived,true,SRC-SYNTH,2026-09-13T00:00:00+08:00,0.95,primary_derived,derived,,team_generated,false,golden
SNAP-G009-6-07,USER-G009,6,2025-12-09T16:00:00Z,DIM-07,61.4,EVT-G009-26,由课程、项目、练习或反馈事件更新,1.2.0,derived,true,SRC-SYNTH,2026-09-13T00:00:00+08:00,0.95,primary_derived,derived,,team_generated,false,golden
SNAP-G009-6-08,USER-G009,6,2025-12-09T16:00:00Z,DIM-08,21.9,EVT-G009-26,由课程、项目、练习或反馈事件更新,1.2.0,derived,true,SRC-SYNTH,2026-09-13T00:00:00+08:00,0.95,primary_derived,derived,,team_generated,false,golden
SNAP-G009-7-01,USER-G009,7,2026-03-04T16:00:00Z,DIM-01,49.8,EVT-G009-31,由课程、项目、练习或反馈事件更新,1.2.0,derived,true,SRC-SYNTH,2026-09-13T00:00:00+08:00,0.95,primary_derived,derived,,team_generated,false,golden
SNAP-G009-7-02,USER-G009,7,2026-03-04T16:00:00Z,DIM-02,43.3,EVT-G009-31,由课程、项目、练习或反馈事件更新,1.2.0,derived,true,SRC-SYNTH,2026-09-13T00:00:00+08:00,0.95,primary_derived,derived,,team_generated,false,golden
SNAP-G009-7-03,USER-G009,7,2026-03-04T16:00:00Z,DIM-03,28.2,EVT-G009-31,由课程、项目、练习或反馈事件更新,1.2.0,derived,true,SRC-SYNTH,2026-09-13T00:00:00+08:00,0.95,primary_derived,derived,,team_generated,false,golden
SNAP-G009-7-04,USER-G009,7,2026-03-04T16:00:00Z,DIM-04,32.6,EVT-G009-31,由课程、项目、练习或反馈事件更新,1.2.0,derived,true,SRC-SYNTH,2026-09-13T00:00:00+08:00,0.95,primary_derived,derived,,team_generated,false,golden
SNAP-G009-7-05,USER-G009,7,2026-03-04T16:00:00Z,DIM-05,34,EVT-G009-31,由课程、项目、练习或反馈事件更新,1.2.0,derived,true,SRC-SYNTH,2026-09-13T00:00:00+08:00,0.95,primary_derived,derived,,team_generated,false,golden
SNAP-G009-7-06,USER-G009,7,2026-03-04T16:00:00Z,DIM-06,51.7,EVT-G009-31,由课程、项目、练习或反馈事件更新,1.2.0,derived,true,SRC-SYNTH,2026-09-13T00:00:00+08:00,0.95,primary_derived,derived,,team_generated,false,golden
SNAP-G009-7-07,USER-G009,7,2026-03-04T16:00:00Z,DIM-07,63.1,EVT-G009-31,由课程、项目、练习或反馈事件更新,1.2.0,derived,true,SRC-SYNTH,2026-09-13T00:00:00+08:00,0.95,primary_derived,derived,,team_generated,false,golden
SNAP-G009-7-08,USER-G009,7,2026-03-04T16:00:00Z,DIM-08,23,EVT-G009-31,由课程、项目、练习或反馈事件更新,1.2.0,derived,true,SRC-SYNTH,2026-09-13T00:00:00+08:00,0.95,primary_derived,derived,,team_generated,false,golden
SNAP-G009-8-01,USER-G009,8,2026-05-28T16:00:00Z,DIM-01,51.5,EVT-G009-36,最新证据汇总结果,1.2.0,derived,true,SRC-SYNTH,2026-09-13T00:00:00+08:00,0.95,primary_derived,derived,,team_generated,false,golden
SNAP-G009-8-02,USER-G009,8,2026-05-28T16:00:00Z,DIM-02,45,EVT-G009-36,最新证据汇总结果,1.2.0,derived,true,SRC-SYNTH,2026-09-13T00:00:00+08:00,0.95,primary_derived,derived,,team_generated,false,golden
SNAP-G009-8-03,USER-G009,8,2026-05-28T16:00:00Z,DIM-03,29.2,EVT-G009-36,最新证据汇总结果,1.2.0,derived,true,SRC-SYNTH,2026-09-13T00:00:00+08:00,0.95,primary_derived,derived,,team_generated,false,golden
SNAP-G009-8-04,USER-G009,8,2026-05-28T16:00:00Z,DIM-04,34.3,EVT-G009-36,最新证据汇总结果,1.2.0,derived,true,SRC-SYNTH,2026-09-13T00:00:00+08:00,0.95,primary_derived,derived,,team_generated,false,golden
SNAP-G009-8-05,USER-G009,8,2026-05-28T16:00:00Z,DIM-05,35.7,EVT-G009-36,最新证据汇总结果,1.2.0,derived,true,SRC-SYNTH,2026-09-13T00:00:00+08:00,0.95,primary_derived,derived,,team_generated,false,golden
SNAP-G009-8-06,USER-G009,8,2026-05-28T16:00:00Z,DIM-06,53.4,EVT-G009-36,最新证据汇总结果,1.2.0,derived,true,SRC-SYNTH,2026-09-13T00:00:00+08:00,0.95,primary_derived,derived,,team_generated,false,golden
SNAP-G009-8-07,USER-G009,8,2026-05-28T16:00:00Z,DIM-07,64.8,EVT-G009-36,最新证据汇总结果,1.2.0,derived,true,SRC-SYNTH,2026-09-13T00:00:00+08:00,0.95,primary_derived,derived,,team_generated,false,golden
SNAP-G009-8-08,USER-G009,8,2026-05-28T16:00:00Z,DIM-08,24,EVT-G009-36,最新证据汇总结果,1.2.0,derived,true,SRC-SYNTH,2026-09-13T00:00:00+08:00,0.95,primary_derived,derived,,team_generated,false,golden
SNAP-G010-1-01,USER-G010,1,2024-10-10T16:00:00Z,DIM-01,26,EVT-G010-01,由课程、项目、练习或反馈事件更新,1.2.0,derived,true,SRC-SYNTH,2026-09-13T00:00:00+08:00,0.95,primary_derived,derived,,team_generated,false,golden
SNAP-G010-1-02,USER-G010,1,2024-10-10T16:00:00Z,DIM-02,23.8,EVT-G010-01,由课程、项目、练习或反馈事件更新,1.2.0,derived,true,SRC-SYNTH,2026-09-13T00:00:00+08:00,0.95,primary_derived,derived,,team_generated,false,golden
SNAP-G010-1-03,USER-G010,1,2024-10-10T16:00:00Z,DIM-03,43.8,EVT-G010-01,由课程、项目、练习或反馈事件更新,1.2.0,derived,true,SRC-SYNTH,2026-09-13T00:00:00+08:00,0.95,primary_derived,derived,,team_generated,false,golden
SNAP-G010-1-04,USER-G010,1,2024-10-10T16:00:00Z,DIM-04,15.4,EVT-G010-01,由课程、项目、练习或反馈事件更新,1.2.0,derived,true,SRC-SYNTH,2026-09-13T00:00:00+08:00,0.95,primary_derived,derived,,team_generated,false,golden
SNAP-G010-1-05,USER-G010,1,2024-10-10T16:00:00Z,DIM-05,14.3,EVT-G010-01,由课程、项目、练习或反馈事件更新,1.2.0,derived,true,SRC-SYNTH,2026-09-13T00:00:00+08:00,0.95,primary_derived,derived,,team_generated,false,golden
SNAP-G010-1-06,USER-G010,1,2024-10-10T16:00:00Z,DIM-06,36.7,EVT-G010-01,由课程、项目、练习或反馈事件更新,1.2.0,derived,true,SRC-SYNTH,2026-09-13T00:00:00+08:00,0.95,primary_derived,derived,,team_generated,false,golden
SNAP-G010-1-07,USER-G010,1,2024-10-10T16:00:00Z,DIM-07,35.4,EVT-G010-01,由课程、项目、练习或反馈事件更新,1.2.0,derived,true,SRC-SYNTH,2026-09-13T00:00:00+08:00,0.95,primary_derived,derived,,team_generated,false,golden
SNAP-G010-1-08,USER-G010,1,2024-10-10T16:00:00Z,DIM-08,8.8,EVT-G010-01,由课程、项目、练习或反馈事件更新,1.2.0,derived,true,SRC-SYNTH,2026-09-13T00:00:00+08:00,0.95,primary_derived,derived,,team_generated,false,golden
SNAP-G010-2-01,USER-G010,2,2025-01-03T16:00:00Z,DIM-01,27.7,EVT-G010-06,由课程、项目、练习或反馈事件更新,1.2.0,derived,true,SRC-SYNTH,2026-09-13T00:00:00+08:00,0.95,primary_derived,derived,,team_generated,false,golden
SNAP-G010-2-02,USER-G010,2,2025-01-03T16:00:00Z,DIM-02,25.5,EVT-G010-06,由课程、项目、练习或反馈事件更新,1.2.0,derived,true,SRC-SYNTH,2026-09-13T00:00:00+08:00,0.95,primary_derived,derived,,team_generated,false,golden
SNAP-G010-2-03,USER-G010,2,2025-01-03T16:00:00Z,DIM-03,45.5,EVT-G010-06,由课程、项目、练习或反馈事件更新,1.2.0,derived,true,SRC-SYNTH,2026-09-13T00:00:00+08:00,0.95,primary_derived,derived,,team_generated,false,golden
SNAP-G010-2-04,USER-G010,2,2025-01-03T16:00:00Z,DIM-04,17.1,EVT-G010-06,由课程、项目、练习或反馈事件更新,1.2.0,derived,true,SRC-SYNTH,2026-09-13T00:00:00+08:00,0.95,primary_derived,derived,,team_generated,false,golden
SNAP-G010-2-05,USER-G010,2,2025-01-03T16:00:00Z,DIM-05,16,EVT-G010-06,由课程、项目、练习或反馈事件更新,1.2.0,derived,true,SRC-SYNTH,2026-09-13T00:00:00+08:00,0.95,primary_derived,derived,,team_generated,false,golden
SNAP-G010-2-06,USER-G010,2,2025-01-03T16:00:00Z,DIM-06,37.7,EVT-G010-06,由课程、项目、练习或反馈事件更新,1.2.0,derived,true,SRC-SYNTH,2026-09-13T00:00:00+08:00,0.95,primary_derived,derived,,team_generated,false,golden
SNAP-G010-2-07,USER-G010,2,2025-01-03T16:00:00Z,DIM-07,37.1,EVT-G010-06,由课程、项目、练习或反馈事件更新,1.2.0,derived,true,SRC-SYNTH,2026-09-13T00:00:00+08:00,0.95,primary_derived,derived,,team_generated,false,golden
SNAP-G010-2-08,USER-G010,2,2025-01-03T16:00:00Z,DIM-08,10.5,EVT-G010-06,由课程、项目、练习或反馈事件更新,1.2.0,derived,true,SRC-SYNTH,2026-09-13T00:00:00+08:00,0.95,primary_derived,derived,,team_generated,false,golden
SNAP-G010-3-01,USER-G010,3,2025-03-29T16:00:00Z,DIM-01,29.4,EVT-G010-11,由课程、项目、练习或反馈事件更新,1.2.0,derived,true,SRC-SYNTH,2026-09-13T00:00:00+08:00,0.95,primary_derived,derived,,team_generated,false,golden
SNAP-G010-3-02,USER-G010,3,2025-03-29T16:00:00Z,DIM-02,27.2,EVT-G010-11,由课程、项目、练习或反馈事件更新,1.2.0,derived,true,SRC-SYNTH,2026-09-13T00:00:00+08:00,0.95,primary_derived,derived,,team_generated,false,golden
SNAP-G010-3-03,USER-G010,3,2025-03-29T16:00:00Z,DIM-03,47.2,EVT-G010-11,由课程、项目、练习或反馈事件更新,1.2.0,derived,true,SRC-SYNTH,2026-09-13T00:00:00+08:00,0.95,primary_derived,derived,,team_generated,false,golden
SNAP-G010-3-04,USER-G010,3,2025-03-29T16:00:00Z,DIM-04,18.8,EVT-G010-11,由课程、项目、练习或反馈事件更新,1.2.0,derived,true,SRC-SYNTH,2026-09-13T00:00:00+08:00,0.95,primary_derived,derived,,team_generated,false,golden
SNAP-G010-3-05,USER-G010,3,2025-03-29T16:00:00Z,DIM-05,17.7,EVT-G010-11,由课程、项目、练习或反馈事件更新,1.2.0,derived,true,SRC-SYNTH,2026-09-13T00:00:00+08:00,0.95,primary_derived,derived,,team_generated,false,golden
SNAP-G010-3-06,USER-G010,3,2025-03-29T16:00:00Z,DIM-06,38.8,EVT-G010-11,由课程、项目、练习或反馈事件更新,1.2.0,derived,true,SRC-SYNTH,2026-09-13T00:00:00+08:00,0.95,primary_derived,derived,,team_generated,false,golden
SNAP-G010-3-07,USER-G010,3,2025-03-29T16:00:00Z,DIM-07,38.8,EVT-G010-11,由课程、项目、练习或反馈事件更新,1.2.0,derived,true,SRC-SYNTH,2026-09-13T00:00:00+08:00,0.95,primary_derived,derived,,team_generated,false,golden
SNAP-G010-3-08,USER-G010,3,2025-03-29T16:00:00Z,DIM-08,12.2,EVT-G010-11,由课程、项目、练习或反馈事件更新,1.2.0,derived,true,SRC-SYNTH,2026-09-13T00:00:00+08:00,0.95,primary_derived,derived,,team_generated,false,golden
SNAP-G010-4-01,USER-G010,4,2025-06-22T16:00:00Z,DIM-01,31.1,EVT-G010-16,由课程、项目、练习或反馈事件更新,1.2.0,derived,true,SRC-SYNTH,2026-09-13T00:00:00+08:00,0.95,primary_derived,derived,,team_generated,false,golden
SNAP-G010-4-02,USER-G010,4,2025-06-22T16:00:00Z,DIM-02,28.9,EVT-G010-16,由课程、项目、练习或反馈事件更新,1.2.0,derived,true,SRC-SYNTH,2026-09-13T00:00:00+08:00,0.95,primary_derived,derived,,team_generated,false,golden
SNAP-G010-4-03,USER-G010,4,2025-06-22T16:00:00Z,DIM-03,48.9,EVT-G010-16,由课程、项目、练习或反馈事件更新,1.2.0,derived,true,SRC-SYNTH,2026-09-13T00:00:00+08:00,0.95,primary_derived,derived,,team_generated,false,golden
SNAP-G010-4-04,USER-G010,4,2025-06-22T16:00:00Z,DIM-04,20.5,EVT-G010-16,由课程、项目、练习或反馈事件更新,1.2.0,derived,true,SRC-SYNTH,2026-09-13T00:00:00+08:00,0.95,primary_derived,derived,,team_generated,false,golden
SNAP-G010-4-05,USER-G010,4,2025-06-22T16:00:00Z,DIM-05,19.4,EVT-G010-16,由课程、项目、练习或反馈事件更新,1.2.0,derived,true,SRC-SYNTH,2026-09-13T00:00:00+08:00,0.95,primary_derived,derived,,team_generated,false,golden
SNAP-G010-4-06,USER-G010,4,2025-06-22T16:00:00Z,DIM-06,39.8,EVT-G010-16,由课程、项目、练习或反馈事件更新,1.2.0,derived,true,SRC-SYNTH,2026-09-13T00:00:00+08:00,0.95,primary_derived,derived,,team_generated,false,golden
SNAP-G010-4-07,USER-G010,4,2025-06-22T16:00:00Z,DIM-07,40.5,EVT-G010-16,由课程、项目、练习或反馈事件更新,1.2.0,derived,true,SRC-SYNTH,2026-09-13T00:00:00+08:00,0.95,primary_derived,derived,,team_generated,false,golden
SNAP-G010-4-08,USER-G010,4,2025-06-22T16:00:00Z,DIM-08,13.9,EVT-G010-16,由课程、项目、练习或反馈事件更新,1.2.0,derived,true,SRC-SYNTH,2026-09-13T00:00:00+08:00,0.95,primary_derived,derived,,team_generated,false,golden
SNAP-G010-5-01,USER-G010,5,2025-09-15T16:00:00Z,DIM-01,32.8,EVT-G010-21,由课程、项目、练习或反馈事件更新,1.2.0,derived,true,SRC-SYNTH,2026-09-13T00:00:00+08:00,0.95,primary_derived,derived,,team_generated,false,golden
SNAP-G010-5-02,USER-G010,5,2025-09-15T16:00:00Z,DIM-02,30.6,EVT-G010-21,由课程、项目、练习或反馈事件更新,1.2.0,derived,true,SRC-SYNTH,2026-09-13T00:00:00+08:00,0.95,primary_derived,derived,,team_generated,false,golden
SNAP-G010-5-03,USER-G010,5,2025-09-15T16:00:00Z,DIM-03,50.6,EVT-G010-21,由课程、项目、练习或反馈事件更新,1.2.0,derived,true,SRC-SYNTH,2026-09-13T00:00:00+08:00,0.95,primary_derived,derived,,team_generated,false,golden
SNAP-G010-5-04,USER-G010,5,2025-09-15T16:00:00Z,DIM-04,22.2,EVT-G010-21,由课程、项目、练习或反馈事件更新,1.2.0,derived,true,SRC-SYNTH,2026-09-13T00:00:00+08:00,0.95,primary_derived,derived,,team_generated,false,golden
SNAP-G010-5-05,USER-G010,5,2025-09-15T16:00:00Z,DIM-05,21.1,EVT-G010-21,由课程、项目、练习或反馈事件更新,1.2.0,derived,true,SRC-SYNTH,2026-09-13T00:00:00+08:00,0.95,primary_derived,derived,,team_generated,false,golden
SNAP-G010-5-06,USER-G010,5,2025-09-15T16:00:00Z,DIM-06,40.9,EVT-G010-21,由课程、项目、练习或反馈事件更新,1.2.0,derived,true,SRC-SYNTH,2026-09-13T00:00:00+08:00,0.95,primary_derived,derived,,team_generated,false,golden
SNAP-G010-5-07,USER-G010,5,2025-09-15T16:00:00Z,DIM-07,42.2,EVT-G010-21,由课程、项目、练习或反馈事件更新,1.2.0,derived,true,SRC-SYNTH,2026-09-13T00:00:00+08:00,0.95,primary_derived,derived,,team_generated,false,golden
SNAP-G010-5-08,USER-G010,5,2025-09-15T16:00:00Z,DIM-08,12.6,EVT-G010-21,学习中断导致成长维度短期回落,1.2.0,derived,true,SRC-SYNTH,2026-09-13T00:00:00+08:00,0.95,primary_derived,derived,,team_generated,false,golden
SNAP-G010-6-01,USER-G010,6,2025-12-09T16:00:00Z,DIM-01,34.5,EVT-G010-26,由课程、项目、练习或反馈事件更新,1.2.0,derived,true,SRC-SYNTH,2026-09-13T00:00:00+08:00,0.95,primary_derived,derived,,team_generated,false,golden
SNAP-G010-6-02,USER-G010,6,2025-12-09T16:00:00Z,DIM-02,32.3,EVT-G010-26,由课程、项目、练习或反馈事件更新,1.2.0,derived,true,SRC-SYNTH,2026-09-13T00:00:00+08:00,0.95,primary_derived,derived,,team_generated,false,golden
SNAP-G010-6-03,USER-G010,6,2025-12-09T16:00:00Z,DIM-03,52.3,EVT-G010-26,由课程、项目、练习或反馈事件更新,1.2.0,derived,true,SRC-SYNTH,2026-09-13T00:00:00+08:00,0.95,primary_derived,derived,,team_generated,false,golden
SNAP-G010-6-04,USER-G010,6,2025-12-09T16:00:00Z,DIM-04,23.9,EVT-G010-26,由课程、项目、练习或反馈事件更新,1.2.0,derived,true,SRC-SYNTH,2026-09-13T00:00:00+08:00,0.95,primary_derived,derived,,team_generated,false,golden
SNAP-G010-6-05,USER-G010,6,2025-12-09T16:00:00Z,DIM-05,22.8,EVT-G010-26,由课程、项目、练习或反馈事件更新,1.2.0,derived,true,SRC-SYNTH,2026-09-13T00:00:00+08:00,0.95,primary_derived,derived,,team_generated,false,golden
SNAP-G010-6-06,USER-G010,6,2025-12-09T16:00:00Z,DIM-06,41.9,EVT-G010-26,由课程、项目、练习或反馈事件更新,1.2.0,derived,true,SRC-SYNTH,2026-09-13T00:00:00+08:00,0.95,primary_derived,derived,,team_generated,false,golden
SNAP-G010-6-07,USER-G010,6,2025-12-09T16:00:00Z,DIM-07,43.9,EVT-G010-26,由课程、项目、练习或反馈事件更新,1.2.0,derived,true,SRC-SYNTH,2026-09-13T00:00:00+08:00,0.95,primary_derived,derived,,team_generated,false,golden
SNAP-G010-6-08,USER-G010,6,2025-12-09T16:00:00Z,DIM-08,17.3,EVT-G010-26,由课程、项目、练习或反馈事件更新,1.2.0,derived,true,SRC-SYNTH,2026-09-13T00:00:00+08:00,0.95,primary_derived,derived,,team_generated,false,golden
SNAP-G010-7-01,USER-G010,7,2026-03-04T16:00:00Z,DIM-01,36.2,EVT-G010-31,由课程、项目、练习或反馈事件更新,1.2.0,derived,true,SRC-SYNTH,2026-09-13T00:00:00+08:00,0.95,primary_derived,derived,,team_generated,false,golden
SNAP-G010-7-02,USER-G010,7,2026-03-04T16:00:00Z,DIM-02,34,EVT-G010-31,由课程、项目、练习或反馈事件更新,1.2.0,derived,true,SRC-SYNTH,2026-09-13T00:00:00+08:00,0.95,primary_derived,derived,,team_generated,false,golden
SNAP-G010-7-03,USER-G010,7,2026-03-04T16:00:00Z,DIM-03,54,EVT-G010-31,由课程、项目、练习或反馈事件更新,1.2.0,derived,true,SRC-SYNTH,2026-09-13T00:00:00+08:00,0.95,primary_derived,derived,,team_generated,false,golden
SNAP-G010-7-04,USER-G010,7,2026-03-04T16:00:00Z,DIM-04,25.6,EVT-G010-31,由课程、项目、练习或反馈事件更新,1.2.0,derived,true,SRC-SYNTH,2026-09-13T00:00:00+08:00,0.95,primary_derived,derived,,team_generated,false,golden
SNAP-G010-7-05,USER-G010,7,2026-03-04T16:00:00Z,DIM-05,24.5,EVT-G010-31,由课程、项目、练习或反馈事件更新,1.2.0,derived,true,SRC-SYNTH,2026-09-13T00:00:00+08:00,0.95,primary_derived,derived,,team_generated,false,golden
SNAP-G010-7-06,USER-G010,7,2026-03-04T16:00:00Z,DIM-06,43,EVT-G010-31,由课程、项目、练习或反馈事件更新,1.2.0,derived,true,SRC-SYNTH,2026-09-13T00:00:00+08:00,0.95,primary_derived,derived,,team_generated,false,golden
SNAP-G010-7-07,USER-G010,7,2026-03-04T16:00:00Z,DIM-07,45.6,EVT-G010-31,由课程、项目、练习或反馈事件更新,1.2.0,derived,true,SRC-SYNTH,2026-09-13T00:00:00+08:00,0.95,primary_derived,derived,,team_generated,false,golden
SNAP-G010-7-08,USER-G010,7,2026-03-04T16:00:00Z,DIM-08,19,EVT-G010-31,由课程、项目、练习或反馈事件更新,1.2.0,derived,true,SRC-SYNTH,2026-09-13T00:00:00+08:00,0.95,primary_derived,derived,,team_generated,false,golden
SNAP-G010-8-01,USER-G010,8,2026-05-28T16:00:00Z,DIM-01,37.9,EVT-G010-36,最新证据汇总结果,1.2.0,derived,true,SRC-SYNTH,2026-09-13T00:00:00+08:00,0.95,primary_derived,derived,,team_generated,false,golden
SNAP-G010-8-02,USER-G010,8,2026-05-28T16:00:00Z,DIM-02,35.7,EVT-G010-36,最新证据汇总结果,1.2.0,derived,true,SRC-SYNTH,2026-09-13T00:00:00+08:00,0.95,primary_derived,derived,,team_generated,false,golden
SNAP-G010-8-03,USER-G010,8,2026-05-28T16:00:00Z,DIM-03,55.7,EVT-G010-36,最新证据汇总结果,1.2.0,derived,true,SRC-SYNTH,2026-09-13T00:00:00+08:00,0.95,primary_derived,derived,,team_generated,false,golden
SNAP-G010-8-04,USER-G010,8,2026-05-28T16:00:00Z,DIM-04,27.3,EVT-G010-36,最新证据汇总结果,1.2.0,derived,true,SRC-SYNTH,2026-09-13T00:00:00+08:00,0.95,primary_derived,derived,,team_generated,false,golden
SNAP-G010-8-05,USER-G010,8,2026-05-28T16:00:00Z,DIM-05,26.2,EVT-G010-36,最新证据汇总结果,1.2.0,derived,true,SRC-SYNTH,2026-09-13T00:00:00+08:00,0.95,primary_derived,derived,,team_generated,false,golden
SNAP-G010-8-06,USER-G010,8,2026-05-28T16:00:00Z,DIM-06,44,EVT-G010-36,最新证据汇总结果,1.2.0,derived,true,SRC-SYNTH,2026-09-13T00:00:00+08:00,0.95,primary_derived,derived,,team_generated,false,golden
SNAP-G010-8-07,USER-G010,8,2026-05-28T16:00:00Z,DIM-07,47.3,EVT-G010-36,最新证据汇总结果,1.2.0,derived,true,SRC-SYNTH,2026-09-13T00:00:00+08:00,0.95,primary_derived,derived,,team_generated,false,golden
SNAP-G010-8-08,USER-G010,8,2026-05-28T16:00:00Z,DIM-08,20.7,EVT-G010-36,最新证据汇总结果,1.2.0,derived,true,SRC-SYNTH,2026-09-13T00:00:00+08:00,0.95,primary_derived,derived,,team_generated,false,golden
SNAP-G011-1-01,USER-G011,1,2024-10-10T16:00:00Z,DIM-01,22.6,EVT-G011-01,由课程、项目、练习或反馈事件更新,1.2.0,derived,true,SRC-SYNTH,2026-09-13T00:00:00+08:00,0.95,primary_derived,derived,,team_generated,false,golden
SNAP-G011-1-02,USER-G011,1,2024-10-10T16:00:00Z,DIM-02,55.2,EVT-G011-01,由课程、项目、练习或反馈事件更新,1.2.0,derived,true,SRC-SYNTH,2026-09-13T00:00:00+08:00,0.95,primary_derived,derived,,team_generated,false,golden
SNAP-G011-1-03,USER-G011,1,2024-10-10T16:00:00Z,DIM-03,20.2,EVT-G011-01,由课程、项目、练习或反馈事件更新,1.2.0,derived,true,SRC-SYNTH,2026-09-13T00:00:00+08:00,0.95,primary_derived,derived,,team_generated,false,golden
SNAP-G011-1-04,USER-G011,1,2024-10-10T16:00:00Z,DIM-04,25.5,EVT-G011-01,由课程、项目、练习或反馈事件更新,1.2.0,derived,true,SRC-SYNTH,2026-09-13T00:00:00+08:00,0.95,primary_derived,derived,,team_generated,false,golden
SNAP-G011-1-05,USER-G011,1,2024-10-10T16:00:00Z,DIM-05,25.2,EVT-G011-01,由课程、项目、练习或反馈事件更新,1.2.0,derived,true,SRC-SYNTH,2026-09-13T00:00:00+08:00,0.95,primary_derived,derived,,team_generated,false,golden
SNAP-G011-1-06,USER-G011,1,2024-10-10T16:00:00Z,DIM-06,40.6,EVT-G011-01,由课程、项目、练习或反馈事件更新,1.2.0,derived,true,SRC-SYNTH,2026-09-13T00:00:00+08:00,0.95,primary_derived,derived,,team_generated,false,golden
SNAP-G011-1-07,USER-G011,1,2024-10-10T16:00:00Z,DIM-07,38.7,EVT-G011-01,由课程、项目、练习或反馈事件更新,1.2.0,derived,true,SRC-SYNTH,2026-09-13T00:00:00+08:00,0.95,primary_derived,derived,,team_generated,false,golden
SNAP-G011-1-08,USER-G011,1,2024-10-10T16:00:00Z,DIM-08,29.6,EVT-G011-01,由课程、项目、练习或反馈事件更新,1.2.0,derived,true,SRC-SYNTH,2026-09-13T00:00:00+08:00,0.95,primary_derived,derived,,team_generated,false,golden
SNAP-G011-2-01,USER-G011,2,2025-01-03T16:00:00Z,DIM-01,24.3,EVT-G011-06,由课程、项目、练习或反馈事件更新,1.2.0,derived,true,SRC-SYNTH,2026-09-13T00:00:00+08:00,0.95,primary_derived,derived,,team_generated,false,golden
SNAP-G011-2-02,USER-G011,2,2025-01-03T16:00:00Z,DIM-02,56.9,EVT-G011-06,由课程、项目、练习或反馈事件更新,1.2.0,derived,true,SRC-SYNTH,2026-09-13T00:00:00+08:00,0.95,primary_derived,derived,,team_generated,false,golden
SNAP-G011-2-03,USER-G011,2,2025-01-03T16:00:00Z,DIM-03,21.2,EVT-G011-06,由课程、项目、练习或反馈事件更新,1.2.0,derived,true,SRC-SYNTH,2026-09-13T00:00:00+08:00,0.95,primary_derived,derived,,team_generated,false,golden
SNAP-G011-2-04,USER-G011,2,2025-01-03T16:00:00Z,DIM-04,26.6,EVT-G011-06,由课程、项目、练习或反馈事件更新,1.2.0,derived,true,SRC-SYNTH,2026-09-13T00:00:00+08:00,0.95,primary_derived,derived,,team_generated,false,golden
SNAP-G011-2-05,USER-G011,2,2025-01-03T16:00:00Z,DIM-05,26.9,EVT-G011-06,由课程、项目、练习或反馈事件更新,1.2.0,derived,true,SRC-SYNTH,2026-09-13T00:00:00+08:00,0.95,primary_derived,derived,,team_generated,false,golden
SNAP-G011-2-06,USER-G011,2,2025-01-03T16:00:00Z,DIM-06,42.3,EVT-G011-06,由课程、项目、练习或反馈事件更新,1.2.0,derived,true,SRC-SYNTH,2026-09-13T00:00:00+08:00,0.95,primary_derived,derived,,team_generated,false,golden
SNAP-G011-2-07,USER-G011,2,2025-01-03T16:00:00Z,DIM-07,40.4,EVT-G011-06,由课程、项目、练习或反馈事件更新,1.2.0,derived,true,SRC-SYNTH,2026-09-13T00:00:00+08:00,0.95,primary_derived,derived,,team_generated,false,golden
SNAP-G011-2-08,USER-G011,2,2025-01-03T16:00:00Z,DIM-08,30.6,EVT-G011-06,由课程、项目、练习或反馈事件更新,1.2.0,derived,true,SRC-SYNTH,2026-09-13T00:00:00+08:00,0.95,primary_derived,derived,,team_generated,false,golden
SNAP-G011-3-01,USER-G011,3,2025-03-29T16:00:00Z,DIM-01,26,EVT-G011-11,由课程、项目、练习或反馈事件更新,1.2.0,derived,true,SRC-SYNTH,2026-09-13T00:00:00+08:00,0.95,primary_derived,derived,,team_generated,false,golden
SNAP-G011-3-02,USER-G011,3,2025-03-29T16:00:00Z,DIM-02,58.6,EVT-G011-11,由课程、项目、练习或反馈事件更新,1.2.0,derived,true,SRC-SYNTH,2026-09-13T00:00:00+08:00,0.95,primary_derived,derived,,team_generated,false,golden
SNAP-G011-3-03,USER-G011,3,2025-03-29T16:00:00Z,DIM-03,22.3,EVT-G011-11,由课程、项目、练习或反馈事件更新,1.2.0,derived,true,SRC-SYNTH,2026-09-13T00:00:00+08:00,0.95,primary_derived,derived,,team_generated,false,golden
SNAP-G011-3-04,USER-G011,3,2025-03-29T16:00:00Z,DIM-04,27.7,EVT-G011-11,由课程、项目、练习或反馈事件更新,1.2.0,derived,true,SRC-SYNTH,2026-09-13T00:00:00+08:00,0.95,primary_derived,derived,,team_generated,false,golden
SNAP-G011-3-05,USER-G011,3,2025-03-29T16:00:00Z,DIM-05,28.6,EVT-G011-11,由课程、项目、练习或反馈事件更新,1.2.0,derived,true,SRC-SYNTH,2026-09-13T00:00:00+08:00,0.95,primary_derived,derived,,team_generated,false,golden
SNAP-G011-3-06,USER-G011,3,2025-03-29T16:00:00Z,DIM-06,44,EVT-G011-11,由课程、项目、练习或反馈事件更新,1.2.0,derived,true,SRC-SYNTH,2026-09-13T00:00:00+08:00,0.95,primary_derived,derived,,team_generated,false,golden
SNAP-G011-3-07,USER-G011,3,2025-03-29T16:00:00Z,DIM-07,42.1,EVT-G011-11,由课程、项目、练习或反馈事件更新,1.2.0,derived,true,SRC-SYNTH,2026-09-13T00:00:00+08:00,0.95,primary_derived,derived,,team_generated,false,golden
SNAP-G011-3-08,USER-G011,3,2025-03-29T16:00:00Z,DIM-08,31.7,EVT-G011-11,由课程、项目、练习或反馈事件更新,1.2.0,derived,true,SRC-SYNTH,2026-09-13T00:00:00+08:00,0.95,primary_derived,derived,,team_generated,false,golden
SNAP-G011-4-01,USER-G011,4,2025-06-22T16:00:00Z,DIM-01,27.7,EVT-G011-16,由课程、项目、练习或反馈事件更新,1.2.0,derived,true,SRC-SYNTH,2026-09-13T00:00:00+08:00,0.95,primary_derived,derived,,team_generated,false,golden
SNAP-G011-4-02,USER-G011,4,2025-06-22T16:00:00Z,DIM-02,60.3,EVT-G011-16,由课程、项目、练习或反馈事件更新,1.2.0,derived,true,SRC-SYNTH,2026-09-13T00:00:00+08:00,0.95,primary_derived,derived,,team_generated,false,golden
SNAP-G011-4-03,USER-G011,4,2025-06-22T16:00:00Z,DIM-03,23.3,EVT-G011-16,由课程、项目、练习或反馈事件更新,1.2.0,derived,true,SRC-SYNTH,2026-09-13T00:00:00+08:00,0.95,primary_derived,derived,,team_generated,false,golden
SNAP-G011-4-04,USER-G011,4,2025-06-22T16:00:00Z,DIM-04,28.7,EVT-G011-16,由课程、项目、练习或反馈事件更新,1.2.0,derived,true,SRC-SYNTH,2026-09-13T00:00:00+08:00,0.95,primary_derived,derived,,team_generated,false,golden
SNAP-G011-4-05,USER-G011,4,2025-06-22T16:00:00Z,DIM-05,30.3,EVT-G011-16,由课程、项目、练习或反馈事件更新,1.2.0,derived,true,SRC-SYNTH,2026-09-13T00:00:00+08:00,0.95,primary_derived,derived,,team_generated,false,golden
SNAP-G011-4-06,USER-G011,4,2025-06-22T16:00:00Z,DIM-06,45.7,EVT-G011-16,由课程、项目、练习或反馈事件更新,1.2.0,derived,true,SRC-SYNTH,2026-09-13T00:00:00+08:00,0.95,primary_derived,derived,,team_generated,false,golden
SNAP-G011-4-07,USER-G011,4,2025-06-22T16:00:00Z,DIM-07,43.8,EVT-G011-16,由课程、项目、练习或反馈事件更新,1.2.0,derived,true,SRC-SYNTH,2026-09-13T00:00:00+08:00,0.95,primary_derived,derived,,team_generated,false,golden
SNAP-G011-4-08,USER-G011,4,2025-06-22T16:00:00Z,DIM-08,32.7,EVT-G011-16,由课程、项目、练习或反馈事件更新,1.2.0,derived,true,SRC-SYNTH,2026-09-13T00:00:00+08:00,0.95,primary_derived,derived,,team_generated,false,golden
SNAP-G011-5-01,USER-G011,5,2025-09-15T16:00:00Z,DIM-01,29.4,EVT-G011-21,由课程、项目、练习或反馈事件更新,1.2.0,derived,true,SRC-SYNTH,2026-09-13T00:00:00+08:00,0.95,primary_derived,derived,,team_generated,false,golden
SNAP-G011-5-02,USER-G011,5,2025-09-15T16:00:00Z,DIM-02,62,EVT-G011-21,由课程、项目、练习或反馈事件更新,1.2.0,derived,true,SRC-SYNTH,2026-09-13T00:00:00+08:00,0.95,primary_derived,derived,,team_generated,false,golden
SNAP-G011-5-03,USER-G011,5,2025-09-15T16:00:00Z,DIM-03,24.4,EVT-G011-21,由课程、项目、练习或反馈事件更新,1.2.0,derived,true,SRC-SYNTH,2026-09-13T00:00:00+08:00,0.95,primary_derived,derived,,team_generated,false,golden
SNAP-G011-5-04,USER-G011,5,2025-09-15T16:00:00Z,DIM-04,29.8,EVT-G011-21,由课程、项目、练习或反馈事件更新,1.2.0,derived,true,SRC-SYNTH,2026-09-13T00:00:00+08:00,0.95,primary_derived,derived,,team_generated,false,golden
SNAP-G011-5-05,USER-G011,5,2025-09-15T16:00:00Z,DIM-05,32,EVT-G011-21,由课程、项目、练习或反馈事件更新,1.2.0,derived,true,SRC-SYNTH,2026-09-13T00:00:00+08:00,0.95,primary_derived,derived,,team_generated,false,golden
SNAP-G011-5-06,USER-G011,5,2025-09-15T16:00:00Z,DIM-06,47.4,EVT-G011-21,由课程、项目、练习或反馈事件更新,1.2.0,derived,true,SRC-SYNTH,2026-09-13T00:00:00+08:00,0.95,primary_derived,derived,,team_generated,false,golden
SNAP-G011-5-07,USER-G011,5,2025-09-15T16:00:00Z,DIM-07,45.5,EVT-G011-21,由课程、项目、练习或反馈事件更新,1.2.0,derived,true,SRC-SYNTH,2026-09-13T00:00:00+08:00,0.95,primary_derived,derived,,team_generated,false,golden
SNAP-G011-5-08,USER-G011,5,2025-09-15T16:00:00Z,DIM-08,30.8,EVT-G011-21,学习中断导致成长维度短期回落,1.2.0,derived,true,SRC-SYNTH,2026-09-13T00:00:00+08:00,0.95,primary_derived,derived,,team_generated,false,golden
SNAP-G011-6-01,USER-G011,6,2025-12-09T16:00:00Z,DIM-01,31.1,EVT-G011-26,由课程、项目、练习或反馈事件更新,1.2.0,derived,true,SRC-SYNTH,2026-09-13T00:00:00+08:00,0.95,primary_derived,derived,,team_generated,false,golden
SNAP-G011-6-02,USER-G011,6,2025-12-09T16:00:00Z,DIM-02,63.7,EVT-G011-26,由课程、项目、练习或反馈事件更新,1.2.0,derived,true,SRC-SYNTH,2026-09-13T00:00:00+08:00,0.95,primary_derived,derived,,team_generated,false,golden
SNAP-G011-6-03,USER-G011,6,2025-12-09T16:00:00Z,DIM-03,25.4,EVT-G011-26,由课程、项目、练习或反馈事件更新,1.2.0,derived,true,SRC-SYNTH,2026-09-13T00:00:00+08:00,0.95,primary_derived,derived,,team_generated,false,golden
SNAP-G011-6-04,USER-G011,6,2025-12-09T16:00:00Z,DIM-04,30.8,EVT-G011-26,由课程、项目、练习或反馈事件更新,1.2.0,derived,true,SRC-SYNTH,2026-09-13T00:00:00+08:00,0.95,primary_derived,derived,,team_generated,false,golden
SNAP-G011-6-05,USER-G011,6,2025-12-09T16:00:00Z,DIM-05,33.7,EVT-G011-26,由课程、项目、练习或反馈事件更新,1.2.0,derived,true,SRC-SYNTH,2026-09-13T00:00:00+08:00,0.95,primary_derived,derived,,team_generated,false,golden
SNAP-G011-6-06,USER-G011,6,2025-12-09T16:00:00Z,DIM-06,49.1,EVT-G011-26,由课程、项目、练习或反馈事件更新,1.2.0,derived,true,SRC-SYNTH,2026-09-13T00:00:00+08:00,0.95,primary_derived,derived,,team_generated,false,golden
SNAP-G011-6-07,USER-G011,6,2025-12-09T16:00:00Z,DIM-07,47.2,EVT-G011-26,由课程、项目、练习或反馈事件更新,1.2.0,derived,true,SRC-SYNTH,2026-09-13T00:00:00+08:00,0.95,primary_derived,derived,,team_generated,false,golden
SNAP-G011-6-08,USER-G011,6,2025-12-09T16:00:00Z,DIM-08,34.8,EVT-G011-26,由课程、项目、练习或反馈事件更新,1.2.0,derived,true,SRC-SYNTH,2026-09-13T00:00:00+08:00,0.95,primary_derived,derived,,team_generated,false,golden
SNAP-G011-7-01,USER-G011,7,2026-03-04T16:00:00Z,DIM-01,32.8,EVT-G011-31,由课程、项目、练习或反馈事件更新,1.2.0,derived,true,SRC-SYNTH,2026-09-13T00:00:00+08:00,0.95,primary_derived,derived,,team_generated,false,golden
SNAP-G011-7-02,USER-G011,7,2026-03-04T16:00:00Z,DIM-02,65.4,EVT-G011-31,由课程、项目、练习或反馈事件更新,1.2.0,derived,true,SRC-SYNTH,2026-09-13T00:00:00+08:00,0.95,primary_derived,derived,,team_generated,false,golden
SNAP-G011-7-03,USER-G011,7,2026-03-04T16:00:00Z,DIM-03,26.5,EVT-G011-31,由课程、项目、练习或反馈事件更新,1.2.0,derived,true,SRC-SYNTH,2026-09-13T00:00:00+08:00,0.95,primary_derived,derived,,team_generated,false,golden
SNAP-G011-7-04,USER-G011,7,2026-03-04T16:00:00Z,DIM-04,31.9,EVT-G011-31,由课程、项目、练习或反馈事件更新,1.2.0,derived,true,SRC-SYNTH,2026-09-13T00:00:00+08:00,0.95,primary_derived,derived,,team_generated,false,golden
SNAP-G011-7-05,USER-G011,7,2026-03-04T16:00:00Z,DIM-05,35.4,EVT-G011-31,由课程、项目、练习或反馈事件更新,1.2.0,derived,true,SRC-SYNTH,2026-09-13T00:00:00+08:00,0.95,primary_derived,derived,,team_generated,false,golden
SNAP-G011-7-06,USER-G011,7,2026-03-04T16:00:00Z,DIM-06,50.8,EVT-G011-31,由课程、项目、练习或反馈事件更新,1.2.0,derived,true,SRC-SYNTH,2026-09-13T00:00:00+08:00,0.95,primary_derived,derived,,team_generated,false,golden
SNAP-G011-7-07,USER-G011,7,2026-03-04T16:00:00Z,DIM-07,48.9,EVT-G011-31,由课程、项目、练习或反馈事件更新,1.2.0,derived,true,SRC-SYNTH,2026-09-13T00:00:00+08:00,0.95,primary_derived,derived,,team_generated,false,golden
SNAP-G011-7-08,USER-G011,7,2026-03-04T16:00:00Z,DIM-08,35.9,EVT-G011-31,由课程、项目、练习或反馈事件更新,1.2.0,derived,true,SRC-SYNTH,2026-09-13T00:00:00+08:00,0.95,primary_derived,derived,,team_generated,false,golden
SNAP-G011-8-01,USER-G011,8,2026-05-28T16:00:00Z,DIM-01,34.5,EVT-G011-36,最新证据汇总结果,1.2.0,derived,true,SRC-SYNTH,2026-09-13T00:00:00+08:00,0.95,primary_derived,derived,,team_generated,false,golden
SNAP-G011-8-02,USER-G011,8,2026-05-28T16:00:00Z,DIM-02,67.1,EVT-G011-36,最新证据汇总结果,1.2.0,derived,true,SRC-SYNTH,2026-09-13T00:00:00+08:00,0.95,primary_derived,derived,,team_generated,false,golden
SNAP-G011-8-03,USER-G011,8,2026-05-28T16:00:00Z,DIM-03,27.5,EVT-G011-36,最新证据汇总结果,1.2.0,derived,true,SRC-SYNTH,2026-09-13T00:00:00+08:00,0.95,primary_derived,derived,,team_generated,false,golden
SNAP-G011-8-04,USER-G011,8,2026-05-28T16:00:00Z,DIM-04,32.9,EVT-G011-36,最新证据汇总结果,1.2.0,derived,true,SRC-SYNTH,2026-09-13T00:00:00+08:00,0.95,primary_derived,derived,,team_generated,false,golden
SNAP-G011-8-05,USER-G011,8,2026-05-28T16:00:00Z,DIM-05,37.1,EVT-G011-36,最新证据汇总结果,1.2.0,derived,true,SRC-SYNTH,2026-09-13T00:00:00+08:00,0.95,primary_derived,derived,,team_generated,false,golden
SNAP-G011-8-06,USER-G011,8,2026-05-28T16:00:00Z,DIM-06,52.5,EVT-G011-36,最新证据汇总结果,1.2.0,derived,true,SRC-SYNTH,2026-09-13T00:00:00+08:00,0.95,primary_derived,derived,,team_generated,false,golden
SNAP-G011-8-07,USER-G011,8,2026-05-28T16:00:00Z,DIM-07,50.6,EVT-G011-36,最新证据汇总结果,1.2.0,derived,true,SRC-SYNTH,2026-09-13T00:00:00+08:00,0.95,primary_derived,derived,,team_generated,false,golden
SNAP-G011-8-08,USER-G011,8,2026-05-28T16:00:00Z,DIM-08,36.9,EVT-G011-36,最新证据汇总结果,1.2.0,derived,true,SRC-SYNTH,2026-09-13T00:00:00+08:00,0.95,primary_derived,derived,,team_generated,false,golden
SNAP-G012-1-01,USER-G012,1,2024-10-10T16:00:00Z,DIM-01,30.6,EVT-G012-01,由课程、项目、练习或反馈事件更新,1.2.0,derived,true,SRC-SYNTH,2026-09-13T00:00:00+08:00,0.95,primary_derived,derived,,team_generated,false,golden
SNAP-G012-1-02,USER-G012,1,2024-10-10T16:00:00Z,DIM-02,32.5,EVT-G012-01,由课程、项目、练习或反馈事件更新,1.2.0,derived,true,SRC-SYNTH,2026-09-13T00:00:00+08:00,0.95,primary_derived,derived,,team_generated,false,golden
SNAP-G012-1-03,USER-G012,1,2024-10-10T16:00:00Z,DIM-03,20.8,EVT-G012-01,由课程、项目、练习或反馈事件更新,1.2.0,derived,true,SRC-SYNTH,2026-09-13T00:00:00+08:00,0.95,primary_derived,derived,,team_generated,false,golden
SNAP-G012-1-04,USER-G012,1,2024-10-10T16:00:00Z,DIM-04,18.7,EVT-G012-01,由课程、项目、练习或反馈事件更新,1.2.0,derived,true,SRC-SYNTH,2026-09-13T00:00:00+08:00,0.95,primary_derived,derived,,team_generated,false,golden
SNAP-G012-1-05,USER-G012,1,2024-10-10T16:00:00Z,DIM-05,21.7,EVT-G012-01,由课程、项目、练习或反馈事件更新,1.2.0,derived,true,SRC-SYNTH,2026-09-13T00:00:00+08:00,0.95,primary_derived,derived,,team_generated,false,golden
SNAP-G012-1-06,USER-G012,1,2024-10-10T16:00:00Z,DIM-06,36.3,EVT-G012-01,由课程、项目、练习或反馈事件更新,1.2.0,derived,true,SRC-SYNTH,2026-09-13T00:00:00+08:00,0.95,primary_derived,derived,,team_generated,false,golden
SNAP-G012-1-07,USER-G012,1,2024-10-10T16:00:00Z,DIM-07,43.1,EVT-G012-01,由课程、项目、练习或反馈事件更新,1.2.0,derived,true,SRC-SYNTH,2026-09-13T00:00:00+08:00,0.95,primary_derived,derived,,team_generated,false,golden
SNAP-G012-1-08,USER-G012,1,2024-10-10T16:00:00Z,DIM-08,25.4,EVT-G012-01,由课程、项目、练习或反馈事件更新,1.2.0,derived,true,SRC-SYNTH,2026-09-13T00:00:00+08:00,0.95,primary_derived,derived,,team_generated,false,golden
SNAP-G012-2-01,USER-G012,2,2025-01-03T16:00:00Z,DIM-01,32.3,EVT-G012-06,由课程、项目、练习或反馈事件更新,1.2.0,derived,true,SRC-SYNTH,2026-09-13T00:00:00+08:00,0.95,primary_derived,derived,,team_generated,false,golden
SNAP-G012-2-02,USER-G012,2,2025-01-03T16:00:00Z,DIM-02,34.2,EVT-G012-06,由课程、项目、练习或反馈事件更新,1.2.0,derived,true,SRC-SYNTH,2026-09-13T00:00:00+08:00,0.95,primary_derived,derived,,team_generated,false,golden
SNAP-G012-2-03,USER-G012,2,2025-01-03T16:00:00Z,DIM-03,22.5,EVT-G012-06,由课程、项目、练习或反馈事件更新,1.2.0,derived,true,SRC-SYNTH,2026-09-13T00:00:00+08:00,0.95,primary_derived,derived,,team_generated,false,golden
SNAP-G012-2-04,USER-G012,2,2025-01-03T16:00:00Z,DIM-04,20.4,EVT-G012-06,由课程、项目、练习或反馈事件更新,1.2.0,derived,true,SRC-SYNTH,2026-09-13T00:00:00+08:00,0.95,primary_derived,derived,,team_generated,false,golden
SNAP-G012-2-05,USER-G012,2,2025-01-03T16:00:00Z,DIM-05,23.4,EVT-G012-06,由课程、项目、练习或反馈事件更新,1.2.0,derived,true,SRC-SYNTH,2026-09-13T00:00:00+08:00,0.95,primary_derived,derived,,team_generated,false,golden
SNAP-G012-2-06,USER-G012,2,2025-01-03T16:00:00Z,DIM-06,37.3,EVT-G012-06,由课程、项目、练习或反馈事件更新,1.2.0,derived,true,SRC-SYNTH,2026-09-13T00:00:00+08:00,0.95,primary_derived,derived,,team_generated,false,golden
SNAP-G012-2-07,USER-G012,2,2025-01-03T16:00:00Z,DIM-07,44.8,EVT-G012-06,由课程、项目、练习或反馈事件更新,1.2.0,derived,true,SRC-SYNTH,2026-09-13T00:00:00+08:00,0.95,primary_derived,derived,,team_generated,false,golden
SNAP-G012-2-08,USER-G012,2,2025-01-03T16:00:00Z,DIM-08,27.1,EVT-G012-06,由课程、项目、练习或反馈事件更新,1.2.0,derived,true,SRC-SYNTH,2026-09-13T00:00:00+08:00,0.95,primary_derived,derived,,team_generated,false,golden
SNAP-G012-3-01,USER-G012,3,2025-03-29T16:00:00Z,DIM-01,34,EVT-G012-11,由课程、项目、练习或反馈事件更新,1.2.0,derived,true,SRC-SYNTH,2026-09-13T00:00:00+08:00,0.95,primary_derived,derived,,team_generated,false,golden
SNAP-G012-3-02,USER-G012,3,2025-03-29T16:00:00Z,DIM-02,35.9,EVT-G012-11,由课程、项目、练习或反馈事件更新,1.2.0,derived,true,SRC-SYNTH,2026-09-13T00:00:00+08:00,0.95,primary_derived,derived,,team_generated,false,golden
SNAP-G012-3-03,USER-G012,3,2025-03-29T16:00:00Z,DIM-03,24.2,EVT-G012-11,由课程、项目、练习或反馈事件更新,1.2.0,derived,true,SRC-SYNTH,2026-09-13T00:00:00+08:00,0.95,primary_derived,derived,,team_generated,false,golden
SNAP-G012-3-04,USER-G012,3,2025-03-29T16:00:00Z,DIM-04,22.1,EVT-G012-11,由课程、项目、练习或反馈事件更新,1.2.0,derived,true,SRC-SYNTH,2026-09-13T00:00:00+08:00,0.95,primary_derived,derived,,team_generated,false,golden
SNAP-G012-3-05,USER-G012,3,2025-03-29T16:00:00Z,DIM-05,25.1,EVT-G012-11,由课程、项目、练习或反馈事件更新,1.2.0,derived,true,SRC-SYNTH,2026-09-13T00:00:00+08:00,0.95,primary_derived,derived,,team_generated,false,golden
SNAP-G012-3-06,USER-G012,3,2025-03-29T16:00:00Z,DIM-06,38.4,EVT-G012-11,由课程、项目、练习或反馈事件更新,1.2.0,derived,true,SRC-SYNTH,2026-09-13T00:00:00+08:00,0.95,primary_derived,derived,,team_generated,false,golden
SNAP-G012-3-07,USER-G012,3,2025-03-29T16:00:00Z,DIM-07,46.5,EVT-G012-11,由课程、项目、练习或反馈事件更新,1.2.0,derived,true,SRC-SYNTH,2026-09-13T00:00:00+08:00,0.95,primary_derived,derived,,team_generated,false,golden
SNAP-G012-3-08,USER-G012,3,2025-03-29T16:00:00Z,DIM-08,28.8,EVT-G012-11,由课程、项目、练习或反馈事件更新,1.2.0,derived,true,SRC-SYNTH,2026-09-13T00:00:00+08:00,0.95,primary_derived,derived,,team_generated,false,golden
SNAP-G012-4-01,USER-G012,4,2025-06-22T16:00:00Z,DIM-01,35.7,EVT-G012-16,由课程、项目、练习或反馈事件更新,1.2.0,derived,true,SRC-SYNTH,2026-09-13T00:00:00+08:00,0.95,primary_derived,derived,,team_generated,false,golden
SNAP-G012-4-02,USER-G012,4,2025-06-22T16:00:00Z,DIM-02,37.6,EVT-G012-16,由课程、项目、练习或反馈事件更新,1.2.0,derived,true,SRC-SYNTH,2026-09-13T00:00:00+08:00,0.95,primary_derived,derived,,team_generated,false,golden
SNAP-G012-4-03,USER-G012,4,2025-06-22T16:00:00Z,DIM-03,25.9,EVT-G012-16,由课程、项目、练习或反馈事件更新,1.2.0,derived,true,SRC-SYNTH,2026-09-13T00:00:00+08:00,0.95,primary_derived,derived,,team_generated,false,golden
SNAP-G012-4-04,USER-G012,4,2025-06-22T16:00:00Z,DIM-04,23.8,EVT-G012-16,由课程、项目、练习或反馈事件更新,1.2.0,derived,true,SRC-SYNTH,2026-09-13T00:00:00+08:00,0.95,primary_derived,derived,,team_generated,false,golden
SNAP-G012-4-05,USER-G012,4,2025-06-22T16:00:00Z,DIM-05,26.8,EVT-G012-16,由课程、项目、练习或反馈事件更新,1.2.0,derived,true,SRC-SYNTH,2026-09-13T00:00:00+08:00,0.95,primary_derived,derived,,team_generated,false,golden
SNAP-G012-4-06,USER-G012,4,2025-06-22T16:00:00Z,DIM-06,39.4,EVT-G012-16,由课程、项目、练习或反馈事件更新,1.2.0,derived,true,SRC-SYNTH,2026-09-13T00:00:00+08:00,0.95,primary_derived,derived,,team_generated,false,golden
SNAP-G012-4-07,USER-G012,4,2025-06-22T16:00:00Z,DIM-07,48.2,EVT-G012-16,由课程、项目、练习或反馈事件更新,1.2.0,derived,true,SRC-SYNTH,2026-09-13T00:00:00+08:00,0.95,primary_derived,derived,,team_generated,false,golden
SNAP-G012-4-08,USER-G012,4,2025-06-22T16:00:00Z,DIM-08,30.5,EVT-G012-16,由课程、项目、练习或反馈事件更新,1.2.0,derived,true,SRC-SYNTH,2026-09-13T00:00:00+08:00,0.95,primary_derived,derived,,team_generated,false,golden
SNAP-G012-5-01,USER-G012,5,2025-09-15T16:00:00Z,DIM-01,37.4,EVT-G012-21,由课程、项目、练习或反馈事件更新,1.2.0,derived,true,SRC-SYNTH,2026-09-13T00:00:00+08:00,0.95,primary_derived,derived,,team_generated,false,golden
SNAP-G012-5-02,USER-G012,5,2025-09-15T16:00:00Z,DIM-02,39.3,EVT-G012-21,由课程、项目、练习或反馈事件更新,1.2.0,derived,true,SRC-SYNTH,2026-09-13T00:00:00+08:00,0.95,primary_derived,derived,,team_generated,false,golden
SNAP-G012-5-03,USER-G012,5,2025-09-15T16:00:00Z,DIM-03,27.6,EVT-G012-21,由课程、项目、练习或反馈事件更新,1.2.0,derived,true,SRC-SYNTH,2026-09-13T00:00:00+08:00,0.95,primary_derived,derived,,team_generated,false,golden
SNAP-G012-5-04,USER-G012,5,2025-09-15T16:00:00Z,DIM-04,25.5,EVT-G012-21,由课程、项目、练习或反馈事件更新,1.2.0,derived,true,SRC-SYNTH,2026-09-13T00:00:00+08:00,0.95,primary_derived,derived,,team_generated,false,golden
SNAP-G012-5-05,USER-G012,5,2025-09-15T16:00:00Z,DIM-05,28.5,EVT-G012-21,由课程、项目、练习或反馈事件更新,1.2.0,derived,true,SRC-SYNTH,2026-09-13T00:00:00+08:00,0.95,primary_derived,derived,,team_generated,false,golden
SNAP-G012-5-06,USER-G012,5,2025-09-15T16:00:00Z,DIM-06,40.5,EVT-G012-21,由课程、项目、练习或反馈事件更新,1.2.0,derived,true,SRC-SYNTH,2026-09-13T00:00:00+08:00,0.95,primary_derived,derived,,team_generated,false,golden
SNAP-G012-5-07,USER-G012,5,2025-09-15T16:00:00Z,DIM-07,49.9,EVT-G012-21,由课程、项目、练习或反馈事件更新,1.2.0,derived,true,SRC-SYNTH,2026-09-13T00:00:00+08:00,0.95,primary_derived,derived,,team_generated,false,golden
SNAP-G012-5-08,USER-G012,5,2025-09-15T16:00:00Z,DIM-08,29.2,EVT-G012-21,学习中断导致成长维度短期回落,1.2.0,derived,true,SRC-SYNTH,2026-09-13T00:00:00+08:00,0.95,primary_derived,derived,,team_generated,false,golden
SNAP-G012-6-01,USER-G012,6,2025-12-09T16:00:00Z,DIM-01,39.1,EVT-G012-26,由课程、项目、练习或反馈事件更新,1.2.0,derived,true,SRC-SYNTH,2026-09-13T00:00:00+08:00,0.95,primary_derived,derived,,team_generated,false,golden
SNAP-G012-6-02,USER-G012,6,2025-12-09T16:00:00Z,DIM-02,41,EVT-G012-26,由课程、项目、练习或反馈事件更新,1.2.0,derived,true,SRC-SYNTH,2026-09-13T00:00:00+08:00,0.95,primary_derived,derived,,team_generated,false,golden
SNAP-G012-6-03,USER-G012,6,2025-12-09T16:00:00Z,DIM-03,29.3,EVT-G012-26,由课程、项目、练习或反馈事件更新,1.2.0,derived,true,SRC-SYNTH,2026-09-13T00:00:00+08:00,0.95,primary_derived,derived,,team_generated,false,golden
SNAP-G012-6-04,USER-G012,6,2025-12-09T16:00:00Z,DIM-04,27.2,EVT-G012-26,由课程、项目、练习或反馈事件更新,1.2.0,derived,true,SRC-SYNTH,2026-09-13T00:00:00+08:00,0.95,primary_derived,derived,,team_generated,false,golden
SNAP-G012-6-05,USER-G012,6,2025-12-09T16:00:00Z,DIM-05,30.2,EVT-G012-26,由课程、项目、练习或反馈事件更新,1.2.0,derived,true,SRC-SYNTH,2026-09-13T00:00:00+08:00,0.95,primary_derived,derived,,team_generated,false,golden
SNAP-G012-6-06,USER-G012,6,2025-12-09T16:00:00Z,DIM-06,41.5,EVT-G012-26,由课程、项目、练习或反馈事件更新,1.2.0,derived,true,SRC-SYNTH,2026-09-13T00:00:00+08:00,0.95,primary_derived,derived,,team_generated,false,golden
SNAP-G012-6-07,USER-G012,6,2025-12-09T16:00:00Z,DIM-07,51.6,EVT-G012-26,由课程、项目、练习或反馈事件更新,1.2.0,derived,true,SRC-SYNTH,2026-09-13T00:00:00+08:00,0.95,primary_derived,derived,,team_generated,false,golden
SNAP-G012-6-08,USER-G012,6,2025-12-09T16:00:00Z,DIM-08,33.9,EVT-G012-26,由课程、项目、练习或反馈事件更新,1.2.0,derived,true,SRC-SYNTH,2026-09-13T00:00:00+08:00,0.95,primary_derived,derived,,team_generated,false,golden
SNAP-G012-7-01,USER-G012,7,2026-03-04T16:00:00Z,DIM-01,40.8,EVT-G012-31,由课程、项目、练习或反馈事件更新,1.2.0,derived,true,SRC-SYNTH,2026-09-13T00:00:00+08:00,0.95,primary_derived,derived,,team_generated,false,golden
SNAP-G012-7-02,USER-G012,7,2026-03-04T16:00:00Z,DIM-02,42.7,EVT-G012-31,由课程、项目、练习或反馈事件更新,1.2.0,derived,true,SRC-SYNTH,2026-09-13T00:00:00+08:00,0.95,primary_derived,derived,,team_generated,false,golden
SNAP-G012-7-03,USER-G012,7,2026-03-04T16:00:00Z,DIM-03,31,EVT-G012-31,由课程、项目、练习或反馈事件更新,1.2.0,derived,true,SRC-SYNTH,2026-09-13T00:00:00+08:00,0.95,primary_derived,derived,,team_generated,false,golden
SNAP-G012-7-04,USER-G012,7,2026-03-04T16:00:00Z,DIM-04,28.9,EVT-G012-31,由课程、项目、练习或反馈事件更新,1.2.0,derived,true,SRC-SYNTH,2026-09-13T00:00:00+08:00,0.95,primary_derived,derived,,team_generated,false,golden
SNAP-G012-7-05,USER-G012,7,2026-03-04T16:00:00Z,DIM-05,31.9,EVT-G012-31,由课程、项目、练习或反馈事件更新,1.2.0,derived,true,SRC-SYNTH,2026-09-13T00:00:00+08:00,0.95,primary_derived,derived,,team_generated,false,golden
SNAP-G012-7-06,USER-G012,7,2026-03-04T16:00:00Z,DIM-06,42.6,EVT-G012-31,由课程、项目、练习或反馈事件更新,1.2.0,derived,true,SRC-SYNTH,2026-09-13T00:00:00+08:00,0.95,primary_derived,derived,,team_generated,false,golden
SNAP-G012-7-07,USER-G012,7,2026-03-04T16:00:00Z,DIM-07,53.3,EVT-G012-31,由课程、项目、练习或反馈事件更新,1.2.0,derived,true,SRC-SYNTH,2026-09-13T00:00:00+08:00,0.95,primary_derived,derived,,team_generated,false,golden
SNAP-G012-7-08,USER-G012,7,2026-03-04T16:00:00Z,DIM-08,35.6,EVT-G012-31,由课程、项目、练习或反馈事件更新,1.2.0,derived,true,SRC-SYNTH,2026-09-13T00:00:00+08:00,0.95,primary_derived,derived,,team_generated,false,golden
SNAP-G012-8-01,USER-G012,8,2026-05-28T16:00:00Z,DIM-01,42.5,EVT-G012-36,最新证据汇总结果,1.2.0,derived,true,SRC-SYNTH,2026-09-13T00:00:00+08:00,0.95,primary_derived,derived,,team_generated,false,golden
SNAP-G012-8-02,USER-G012,8,2026-05-28T16:00:00Z,DIM-02,44.4,EVT-G012-36,最新证据汇总结果,1.2.0,derived,true,SRC-SYNTH,2026-09-13T00:00:00+08:00,0.95,primary_derived,derived,,team_generated,false,golden
SNAP-G012-8-03,USER-G012,8,2026-05-28T16:00:00Z,DIM-03,32.7,EVT-G012-36,最新证据汇总结果,1.2.0,derived,true,SRC-SYNTH,2026-09-13T00:00:00+08:00,0.95,primary_derived,derived,,team_generated,false,golden
SNAP-G012-8-04,USER-G012,8,2026-05-28T16:00:00Z,DIM-04,30.6,EVT-G012-36,最新证据汇总结果,1.2.0,derived,true,SRC-SYNTH,2026-09-13T00:00:00+08:00,0.95,primary_derived,derived,,team_generated,false,golden
SNAP-G012-8-05,USER-G012,8,2026-05-28T16:00:00Z,DIM-05,33.6,EVT-G012-36,最新证据汇总结果,1.2.0,derived,true,SRC-SYNTH,2026-09-13T00:00:00+08:00,0.95,primary_derived,derived,,team_generated,false,golden
SNAP-G012-8-06,USER-G012,8,2026-05-28T16:00:00Z,DIM-06,43.6,EVT-G012-36,最新证据汇总结果,1.2.0,derived,true,SRC-SYNTH,2026-09-13T00:00:00+08:00,0.95,primary_derived,derived,,team_generated,false,golden
SNAP-G012-8-07,USER-G012,8,2026-05-28T16:00:00Z,DIM-07,55,EVT-G012-36,最新证据汇总结果,1.2.0,derived,true,SRC-SYNTH,2026-09-13T00:00:00+08:00,0.95,primary_derived,derived,,team_generated,false,golden
SNAP-G012-8-08,USER-G012,8,2026-05-28T16:00:00Z,DIM-08,37.3,EVT-G012-36,最新证据汇总结果,1.2.0,derived,true,SRC-SYNTH,2026-09-13T00:00:00+08:00,0.95,primary_derived,derived,,team_generated,false,golden
