job_skill_id,job_id,skill_id,required_score,importance_weight,requirement_type,schema_version,origin,is_synthetic,source_ids,generated_at,confidence,claim_level,verification_status,last_verified_at,license_scope,is_market_fact,data_split
JOB-AI-ALG-0001-SKILL-002,JOB-AI-ALG-0001,SKILL-002,72,0.076923,required,1.2.0,synthetic,true,SRC-SYNTH,2026-09-13T00:00:00+08:00,0.88,synthetic,not_applicable,,team_generated,false,dev
JOB-AI-ALG-0001-SKILL-010,JOB-AI-ALG-0001,SKILL-010,71,0.076923,required,1.2.0,synthetic,true,SRC-SYNTH,2026-09-13T00:00:00+08:00,0.88,synthetic,not_applicable,,team_generated,false,dev
JOB-AI-ALG-0001-SKILL-011,JOB-AI-ALG-0001,SKILL-011,71,0.076923,required,1.2.0,synthetic,true,SRC-SYNTH,2026-09-13T00:00:00+08:00,0.88,synthetic,not_applicable,,team_generated,false,dev
JOB-AI-ALG-0001-SKILL-017,JOB-AI-ALG-0001,SKILL-017,70,0.076923,required,1.2.0,synthetic,true,SRC-SYNTH,2026-09-13T00:00:00+08:00,0.88,synthetic,not_applicable,,team_generated,false,dev
JOB-AI-ALG-0001-SKILL-018,JOB-AI-ALG-0001,SKILL-018,65,0.076923,required,1.2.0,synthetic,true,SRC-SYNTH,2026-09-13T00:00:00+08:00,0.88,synthetic,not_applicable,,team_generated,false,dev
JOB-AI-ALG-0001-SKILL-019,JOB-AI-ALG-0001,SKILL-019,65,0.076923,required,1.2.0,synthetic,true,SRC-SYNTH,2026-09-13T00:00:00+08:00,0.88,synthetic,not_applicable,,team_generated,false,dev
JOB-AI-ALG-0001-SKILL-020,JOB-AI-ALG-0001,SKILL-020,64,0.076923,required,1.2.0,synthetic,true,SRC-SYNTH,2026-09-13T00:00:00+08:00,0.88,synthetic,not_applicable,,team_generated,false,dev
JOB-AI-ALG-0001-SKILL-021,JOB-AI-ALG-0001,SKILL-021,64,0.076923,required,1.2.0,synthetic,true,SRC-SYNTH,2026-09-13T00:00:00+08:00,0.88,synthetic,not_applicable,,team_generated,false,dev
JOB-AI-ALG-0001-SKILL-022,JOB-AI-ALG-0001,SKILL-022,63,0.076923,required,1.2.0,synthetic,true,SRC-SYNTH,2026-09-13T00:00:00+08:00,0.88,synthetic,not_applicable,,team_generated,false,dev
JOB-AI-ALG-0001-SKILL-023,JOB-AI-ALG-0001,SKILL-023,54,0.076923,preferred,1.2.0,synthetic,true,SRC-SYNTH,2026-09-13T00:00:00+08:00,0.88,synthetic,not_applicable,,team_generated,false,dev
JOB-AI-ALG-0001-SKILL-024,JOB-AI-ALG-0001,SKILL-024,54,0.076923,preferred,1.2.0,synthetic,true,SRC-SYNTH,2026-09-13T00:00:00+08:00,0.88,synthetic,not_applicable,,team_generated,false,dev
JOB-AI-ALG-0001-SKILL-025,JOB-AI-ALG-0001,SKILL-025,53,0.076923,preferred,1.2.0,synthetic,true,SRC-SYNTH,2026-09-13T00:00:00+08:00,0.88,synthetic,not_applicable,,team_generated,false,dev
JOB-AI-ALG-0001-SKILL-033,JOB-AI-ALG-0001,SKILL-033,53,0.076924,preferred,1.2.0,synthetic,true,SRC-SYNTH,2026-09-13T00:00:00+08:00,0.88,synthetic,not_applicable,,team_generated,false,dev
JOB-AI-ALG-0002-SKILL-010,JOB-AI-ALG-0002,SKILL-010,71,0.071429,required,1.2.0,synthetic,true,SRC-SYNTH,2026-09-13T00:00:00+08:00,0.88,synthetic,not_applicable,,team_generated,false,dev
JOB-AI-ALG-0002-SKILL-011,JOB-AI-ALG-0002,SKILL-011,71,0.071429,required,1.2.0,synthetic,true,SRC-SYNTH,2026-09-13T00:00:00+08:00,0.88,synthetic,not_applicable,,team_generated,false,dev
JOB-AI-ALG-0002-SKILL-017,JOB-AI-ALG-0002,SKILL-017,70,0.071429,required,1.2.0,synthetic,true,SRC-SYNTH,2026-09-13T00:00:00+08:00,0.88,synthetic,not_applicable,,team_generated,false,dev
JOB-AI-ALG-0002-SKILL-018,JOB-AI-ALG-0002,SKILL-018,65,0.071429,required,1.2.0,synthetic,true,SRC-SYNTH,2026-09-13T00:00:00+08:00,0.88,synthetic,not_applicable,,team_generated,false,dev
JOB-AI-ALG-0002-SKILL-019,JOB-AI-ALG-0002,SKILL-019,65,0.071429,required,1.2.0,synthetic,true,SRC-SYNTH,2026-09-13T00:00:00+08:00,0.88,synthetic,not_applicable,,team_generated,false,dev
JOB-AI-ALG-0002-SKILL-020,JOB-AI-ALG-0002,SKILL-020,64,0.071429,required,1.2.0,synthetic,true,SRC-SYNTH,2026-09-13T00:00:00+08:00,0.88,synthetic,not_applicable,,team_generated,false,dev
JOB-AI-ALG-0002-SKILL-021,JOB-AI-ALG-0002,SKILL-021,64,0.071429,required,1.2.0,synthetic,true,SRC-SYNTH,2026-09-13T00:00:00+08:00,0.88,synthetic,not_applicable,,team_generated,false,dev
JOB-AI-ALG-0002-SKILL-022,JOB-AI-ALG-0002,SKILL-022,63,0.071429,required,1.2.0,synthetic,true,SRC-SYNTH,2026-09-13T00:00:00+08:00,0.88,synthetic,not_applicable,,team_generated,false,dev
JOB-AI-ALG-0002-SKILL-023,JOB-AI-ALG-0002,SKILL-023,54,0.071429,required,1.2.0,synthetic,true,SRC-SYNTH,2026-09-13T00:00:00+08:00,0.88,synthetic,not_applicable,,team_generated,false,dev
JOB-AI-ALG-0002-SKILL-024,JOB-AI-ALG-0002,SKILL-024,54,0.071429,required,1.2.0,synthetic,true,SRC-SYNTH,2026-09-13T00:00:00+08:00,0.88,synthetic,not_applicable,,team_generated,false,dev
JOB-AI-ALG-0002-SKILL-025,JOB-AI-ALG-0002,SKILL-025,53,0.071429,preferred,1.2.0,synthetic,true,SRC-SYNTH,2026-09-13T00:00:00+08:00,0.88,synthetic,not_applicable,,team_generated,false,dev
JOB-AI-ALG-0002-SKILL-033,JOB-AI-ALG-0002,SKILL-033,53,0.071429,preferred,1.2.0,synthetic,true,SRC-SYNTH,2026-09-13T00:00:00+08:00,0.88,synthetic,not_applicable,,team_generated,false,dev
JOB-AI-ALG-0002-SKILL-036,JOB-AI-ALG-0002,SKILL-036,52,0.071429,preferred,1.2.0,synthetic,true,SRC-SYNTH,2026-09-13T00:00:00+08:00,0.88,synthetic,not_applicable,,team_generated,false,dev
JOB-AI-ALG-0002-SKILL-048,JOB-AI-ALG-0002,SKILL-048,47,0.071423,preferred,1.2.0,synthetic,true,SRC-SYNTH,2026-09-13T00:00:00+08:00,0.88,synthetic,not_applicable,,team_generated,false,dev
JOB-AI-ALG-0003-SKILL-011,JOB-AI-ALG-0003,SKILL-011,71,0.066667,required,1.2.0,synthetic,true,SRC-SYNTH,2026-09-13T00:00:00+08:00,0.88,synthetic,not_applicable,,team_generated,false,dev
JOB-AI-ALG-0003-SKILL-017,JOB-AI-ALG-0003,SKILL-017,70,0.066667,required,1.2.0,synthetic,true,SRC-SYNTH,2026-09-13T00:00:00+08:00,0.88,synthetic,not_applicable,,team_generated,false,dev
JOB-AI-ALG-0003-SKILL-018,JOB-AI-ALG-0003,SKILL-018,65,0.066667,required,1.2.0,synthetic,true,SRC-SYNTH,2026-09-13T00:00:00+08:00,0.88,synthetic,not_applicable,,team_generated,false,dev
JOB-AI-ALG-0003-SKILL-019,JOB-AI-ALG-0003,SKILL-019,65,0.066667,required,1.2.0,synthetic,true,SRC-SYNTH,2026-09-13T00:00:00+08:00,0.88,synthetic,not_applicable,,team_generated,false,dev
JOB-AI-ALG-0003-SKILL-020,JOB-AI-ALG-0003,SKILL-020,64,0.066667,required,1.2.0,synthetic,true,SRC-SYNTH,2026-09-13T00:00:00+08:00,0.88,synthetic,not_applicable,,team_generated,false,dev
JOB-AI-ALG-0003-SKILL-021,JOB-AI-ALG-0003,SKILL-021,64,0.066667,required,1.2.0,synthetic,true,SRC-SYNTH,2026-09-13T00:00:00+08:00,0.88,synthetic,not_applicable,,team_generated,false,dev
JOB-AI-ALG-0003-SKILL-022,JOB-AI-ALG-0003,SKILL-022,63,0.066667,required,1.2.0,synthetic,true,SRC-SYNTH,2026-09-13T00:00:00+08:00,0.88,synthetic,not_applicable,,team_generated,false,dev
JOB-AI-ALG-0003-SKILL-023,JOB-AI-ALG-0003,SKILL-023,54,0.066667,required,1.2.0,synthetic,true,SRC-SYNTH,2026-09-13T00:00:00+08:00,0.88,synthetic,not_applicable,,team_generated,false,dev
JOB-AI-ALG-0003-SKILL-024,JOB-AI-ALG-0003,SKILL-024,54,0.066667,required,1.2.0,synthetic,true,SRC-SYNTH,2026-09-13T00:00:00+08:00,0.88,synthetic,not_applicable,,team_generated,false,dev
JOB-AI-ALG-0003-SKILL-025,JOB-AI-ALG-0003,SKILL-025,53,0.066667,required,1.2.0,synthetic,true,SRC-SYNTH,2026-09-13T00:00:00+08:00,0.88,synthetic,not_applicable,,team_generated,false,dev
JOB-AI-ALG-0003-SKILL-033,JOB-AI-ALG-0003,SKILL-033,53,0.066667,preferred,1.2.0,synthetic,true,SRC-SYNTH,2026-09-13T00:00:00+08:00,0.88,synthetic,not_applicable,,team_generated,false,dev
JOB-AI-ALG-0003-SKILL-036,JOB-AI-ALG-0003,SKILL-036,52,0.066667,preferred,1.2.0,synthetic,true,SRC-SYNTH,2026-09-13T00:00:00+08:00,0.88,synthetic,not_applicable,,team_generated,false,dev
JOB-AI-ALG-0003-SKILL-048,JOB-AI-ALG-0003,SKILL-048,47,0.066667,preferred,1.2.0,synthetic,true,SRC-SYNTH,2026-09-13T00:00:00+08:00,0.88,synthetic,not_applicable,,team_generated,false,dev
JOB-AI-ALG-0003-SKILL-058,JOB-AI-ALG-0003,SKILL-058,47,0.066667,preferred,1.2.0,synthetic,true,SRC-SYNTH,2026-09-13T00:00:00+08:00,0.88,synthetic,not_applicable,,team_generated,false,dev
JOB-AI-ALG-0003-SKILL-054,JOB-AI-ALG-0003,SKILL-054,47,0.066662,preferred,1.2.0,synthetic,true,SRC-SYNTH,2026-09-13T00:00:00+08:00,0.88,synthetic,not_applicable,,team_generated,false,dev
JOB-AI-ALG-0004-SKILL-017,JOB-AI-ALG-0004,SKILL-017,70,0.0625,required,1.2.0,synthetic,true,SRC-SYNTH,2026-09-13T00:00:00+08:00,0.88,synthetic,not_applicable,,team_generated,false,dev
JOB-AI-ALG-0004-SKILL-018,JOB-AI-ALG-0004,SKILL-018,65,0.0625,required,1.2.0,synthetic,true,SRC-SYNTH,2026-09-13T00:00:00+08:00,0.88,synthetic,not_applicable,,team_generated,false,dev
JOB-AI-ALG-0004-SKILL-019,JOB-AI-ALG-0004,SKILL-019,65,0.0625,required,1.2.0,synthetic,true,SRC-SYNTH,2026-09-13T00:00:00+08:00,0.88,synthetic,not_applicable,,team_generated,false,dev
JOB-AI-ALG-0004-SKILL-020,JOB-AI-ALG-0004,SKILL-020,64,0.0625,required,1.2.0,synthetic,true,SRC-SYNTH,2026-09-13T00:00:00+08:00,0.88,synthetic,not_applicable,,team_generated,false,dev
JOB-AI-ALG-0004-SKILL-021,JOB-AI-ALG-0004,SKILL-021,64,0.0625,required,1.2.0,synthetic,true,SRC-SYNTH,2026-09-13T00:00:00+08:00,0.88,synthetic,not_applicable,,team_generated,false,dev
JOB-AI-ALG-0004-SKILL-022,JOB-AI-ALG-0004,SKILL-022,63,0.0625,required,1.2.0,synthetic,true,SRC-SYNTH,2026-09-13T00:00:00+08:00,0.88,synthetic,not_applicable,,team_generated,false,dev
JOB-AI-ALG-0004-SKILL-023,JOB-AI-ALG-0004,SKILL-023,54,0.0625,required,1.2.0,synthetic,true,SRC-SYNTH,2026-09-13T00:00:00+08:00,0.88,synthetic,not_applicable,,team_generated,false,dev
JOB-AI-ALG-0004-SKILL-024,JOB-AI-ALG-0004,SKILL-024,54,0.0625,required,1.2.0,synthetic,true,SRC-SYNTH,2026-09-13T00:00:00+08:00,0.88,synthetic,not_applicable,,team_generated,false,dev
JOB-AI-ALG-0004-SKILL-025,JOB-AI-ALG-0004,SKILL-025,53,0.0625,required,1.2.0,synthetic,true,SRC-SYNTH,2026-09-13T00:00:00+08:00,0.88,synthetic,not_applicable,,team_generated,false,dev
JOB-AI-ALG-0004-SKILL-033,JOB-AI-ALG-0004,SKILL-033,53,0.0625,required,1.2.0,synthetic,true,SRC-SYNTH,2026-09-13T00:00:00+08:00,0.88,synthetic,not_applicable,,team_generated,false,dev
JOB-AI-ALG-0004-SKILL-036,JOB-AI-ALG-0004,SKILL-036,52,0.0625,required,1.2.0,synthetic,true,SRC-SYNTH,2026-09-13T00:00:00+08:00,0.88,synthetic,not_applicable,,team_generated,false,dev
JOB-AI-ALG-0004-SKILL-048,JOB-AI-ALG-0004,SKILL-048,47,0.0625,preferred,1.2.0,synthetic,true,SRC-SYNTH,2026-09-13T00:00:00+08:00,0.88,synthetic,not_applicable,,team_generated,false,dev
JOB-AI-ALG-0004-SKILL-058,JOB-AI-ALG-0004,SKILL-058,47,0.0625,preferred,1.2.0,synthetic,true,SRC-SYNTH,2026-09-13T00:00:00+08:00,0.88,synthetic,not_applicable,,team_generated,false,dev
JOB-AI-ALG-0004-SKILL-054,JOB-AI-ALG-0004,SKILL-054,47,0.0625,preferred,1.2.0,synthetic,true,SRC-SYNTH,2026-09-13T00:00:00+08:00,0.88,synthetic,not_applicable,,team_generated,false,dev
JOB-AI-ALG-0004-SKILL-001,JOB-AI-ALG-0004,SKILL-001,75,0.0625,preferred,1.2.0,synthetic,true,SRC-SYNTH,2026-09-13T00:00:00+08:00,0.88,synthetic,not_applicable,,team_generated,false,dev
JOB-AI-ALG-0004-SKILL-002,JOB-AI-ALG-0004,SKILL-002,75,0.0625,preferred,1.2.0,synthetic,true,SRC-SYNTH,2026-09-13T00:00:00+08:00,0.88,synthetic,not_applicable,,team_generated,false,dev
JOB-AI-ALG-0005-SKILL-018,JOB-AI-ALG-0005,SKILL-018,65,0.058824,required,1.2.0,synthetic,true,SRC-SYNTH,2026-09-13T00:00:00+08:00,0.88,synthetic,not_applicable,,team_generated,false,dev
JOB-AI-ALG-0005-SKILL-019,JOB-AI-ALG-0005,SKILL-019,65,0.058824,required,1.2.0,synthetic,true,SRC-SYNTH,2026-09-13T00:00:00+08:00,0.88,synthetic,not_applicable,,team_generated,false,dev
JOB-AI-ALG-0005-SKILL-020,JOB-AI-ALG-0005,SKILL-020,64,0.058824,required,1.2.0,synthetic,true,SRC-SYNTH,2026-09-13T00:00:00+08:00,0.88,synthetic,not_applicable,,team_generated,false,dev
JOB-AI-ALG-0005-SKILL-021,JOB-AI-ALG-0005,SKILL-021,64,0.058824,required,1.2.0,synthetic,true,SRC-SYNTH,2026-09-13T00:00:00+08:00,0.88,synthetic,not_applicable,,team_generated,false,dev
JOB-AI-ALG-0005-SKILL-022,JOB-AI-ALG-0005,SKILL-022,63,0.058824,required,1.2.0,synthetic,true,SRC-SYNTH,2026-09-13T00:00:00+08:00,0.88,synthetic,not_applicable,,team_generated,false,dev
JOB-AI-ALG-0005-SKILL-023,JOB-AI-ALG-0005,SKILL-023,54,0.058824,required,1.2.0,synthetic,true,SRC-SYNTH,2026-09-13T00:00:00+08:00,0.88,synthetic,not_applicable,,team_generated,false,dev
JOB-AI-ALG-0005-SKILL-024,JOB-AI-ALG-0005,SKILL-024,54,0.058824,required,1.2.0,synthetic,true,SRC-SYNTH,2026-09-13T00:00:00+08:00,0.88,synthetic,not_applicable,,team_generated,false,dev
JOB-AI-ALG-0005-SKILL-025,JOB-AI-ALG-0005,SKILL-025,53,0.058824,required,1.2.0,synthetic,true,SRC-SYNTH,2026-09-13T00:00:00+08:00,0.88,synthetic,not_applicable,,team_generated,false,dev
JOB-AI-ALG-0005-SKILL-033,JOB-AI-ALG-0005,SKILL-033,53,0.058824,required,1.2.0,synthetic,true,SRC-SYNTH,2026-09-13T00:00:00+08:00,0.88,synthetic,not_applicable,,team_generated,false,dev
JOB-AI-ALG-0005-SKILL-036,JOB-AI-ALG-0005,SKILL-036,52,0.058824,required,1.2.0,synthetic,true,SRC-SYNTH,2026-09-13T00:00:00+08:00,0.88,synthetic,not_applicable,,team_generated,false,dev
JOB-AI-ALG-0005-SKILL-048,JOB-AI-ALG-0005,SKILL-048,47,0.058824,required,1.2.0,synthetic,true,SRC-SYNTH,2026-09-13T00:00:00+08:00,0.88,synthetic,not_applicable,,team_generated,false,dev
JOB-AI-ALG-0005-SKILL-058,JOB-AI-ALG-0005,SKILL-058,47,0.058824,required,1.2.0,synthetic,true,SRC-SYNTH,2026-09-13T00:00:00+08:00,0.88,synthetic,not_applicable,,team_generated,false,dev
JOB-AI-ALG-0005-SKILL-054,JOB-AI-ALG-0005,SKILL-054,47,0.058824,preferred,1.2.0,synthetic,true,SRC-SYNTH,2026-09-13T00:00:00+08:00,0.88,synthetic,not_applicable,,team_generated,false,dev
JOB-AI-ALG-0005-SKILL-001,JOB-AI-ALG-0005,SKILL-001,75,0.058824,preferred,1.2.0,synthetic,true,SRC-SYNTH,2026-09-13T00:00:00+08:00,0.88,synthetic,not_applicable,,team_generated,false,dev
JOB-AI-ALG-0005-SKILL-002,JOB-AI-ALG-0005,SKILL-002,75,0.058824,preferred,1.2.0,synthetic,true,SRC-SYNTH,2026-09-13T00:00:00+08:00,0.88,synthetic,not_applicable,,team_generated,false,dev
JOB-AI-ALG-0005-SKILL-010,JOB-AI-ALG-0005,SKILL-010,69,0.058824,preferred,1.2.0,synthetic,true,SRC-SYNTH,2026-09-13T00:00:00+08:00,0.88,synthetic,not_applicable,,team_generated,false,dev
JOB-AI-ALG-0005-SKILL-011,JOB-AI-ALG-0005,SKILL-011,69,0.058816,preferred,1.2.0,synthetic,true,SRC-SYNTH,2026-09-13T00:00:00+08:00,0.88,synthetic,not_applicable,,team_generated,false,dev
JOB-AI-ALG-0006-SKILL-019,JOB-AI-ALG-0006,SKILL-019,65,0.055556,required,1.2.0,synthetic,true,SRC-SYNTH,2026-09-13T00:00:00+08:00,0.88,synthetic,not_applicable,,team_generated,false,dev
JOB-AI-ALG-0006-SKILL-020,JOB-AI-ALG-0006,SKILL-020,64,0.055556,required,1.2.0,synthetic,true,SRC-SYNTH,2026-09-13T00:00:00+08:00,0.88,synthetic,not_applicable,,team_generated,false,dev
JOB-AI-ALG-0006-SKILL-021,JOB-AI-ALG-0006,SKILL-021,64,0.055556,required,1.2.0,synthetic,true,SRC-SYNTH,2026-09-13T00:00:00+08:00,0.88,synthetic,not_applicable,,team_generated,false,dev
JOB-AI-ALG-0006-SKILL-022,JOB-AI-ALG-0006,SKILL-022,63,0.055556,required,1.2.0,synthetic,true,SRC-SYNTH,2026-09-13T00:00:00+08:00,0.88,synthetic,not_applicable,,team_generated,false,dev
JOB-AI-ALG-0006-SKILL-023,JOB-AI-ALG-0006,SKILL-023,54,0.055556,required,1.2.0,synthetic,true,SRC-SYNTH,2026-09-13T00:00:00+08:00,0.88,synthetic,not_applicable,,team_generated,false,dev
JOB-AI-ALG-0006-SKILL-024,JOB-AI-ALG-0006,SKILL-024,54,0.055556,required,1.2.0,synthetic,true,SRC-SYNTH,2026-09-13T00:00:00+08:00,0.88,synthetic,not_applicable,,team_generated,false,dev
JOB-AI-ALG-0006-SKILL-025,JOB-AI-ALG-0006,SKILL-025,53,0.055556,required,1.2.0,synthetic,true,SRC-SYNTH,2026-09-13T00:00:00+08:00,0.88,synthetic,not_applicable,,team_generated,false,dev
JOB-AI-ALG-0006-SKILL-033,JOB-AI-ALG-0006,SKILL-033,53,0.055556,required,1.2.0,synthetic,true,SRC-SYNTH,2026-09-13T00:00:00+08:00,0.88,synthetic,not_applicable,,team_generated,false,dev
JOB-AI-ALG-0006-SKILL-036,JOB-AI-ALG-0006,SKILL-036,52,0.055556,required,1.2.0,synthetic,true,SRC-SYNTH,2026-09-13T00:00:00+08:00,0.88,synthetic,not_applicable,,team_generated,false,dev
JOB-AI-ALG-0006-SKILL-048,JOB-AI-ALG-0006,SKILL-048,47,0.055556,required,1.2.0,synthetic,true,SRC-SYNTH,2026-09-13T00:00:00+08:00,0.88,synthetic,not_applicable,,team_generated,false,dev
JOB-AI-ALG-0006-SKILL-058,JOB-AI-ALG-0006,SKILL-058,47,0.055556,required,1.2.0,synthetic,true,SRC-SYNTH,2026-09-13T00:00:00+08:00,0.88,synthetic,not_applicable,,team_generated,false,dev
JOB-AI-ALG-0006-SKILL-054,JOB-AI-ALG-0006,SKILL-054,47,0.055556,required,1.2.0,synthetic,true,SRC-SYNTH,2026-09-13T00:00:00+08:00,0.88,synthetic,not_applicable,,team_generated,false,dev
JOB-AI-ALG-0006-SKILL-001,JOB-AI-ALG-0006,SKILL-001,75,0.055556,preferred,1.2.0,synthetic,true,SRC-SYNTH,2026-09-13T00:00:00+08:00,0.88,synthetic,not_applicable,,team_generated,false,dev
JOB-AI-ALG-0006-SKILL-002,JOB-AI-ALG-0006,SKILL-002,75,0.055556,preferred,1.2.0,synthetic,true,SRC-SYNTH,2026-09-13T00:00:00+08:00,0.88,synthetic,not_applicable,,team_generated,false,dev
JOB-AI-ALG-0006-SKILL-010,JOB-AI-ALG-0006,SKILL-010,69,0.055556,preferred,1.2.0,synthetic,true,SRC-SYNTH,2026-09-13T00:00:00+08:00,0.88,synthetic,not_applicable,,team_generated,false,dev
JOB-AI-ALG-0006-SKILL-011,JOB-AI-ALG-0006,SKILL-011,69,0.055556,preferred,1.2.0,synthetic,true,SRC-SYNTH,2026-09-13T00:00:00+08:00,0.88,synthetic,not_applicable,,team_generated,false,dev
JOB-AI-ALG-0006-SKILL-017,JOB-AI-ALG-0006,SKILL-017,68,0.055556,preferred,1.2.0,synthetic,true,SRC-SYNTH,2026-09-13T00:00:00+08:00,0.88,synthetic,not_applicable,,team_generated,false,dev
JOB-AI-ALG-0006-SKILL-018,JOB-AI-ALG-0006,SKILL-018,68,0.055548,preferred,1.2.0,synthetic,true,SRC-SYNTH,2026-09-13T00:00:00+08:00,0.88,synthetic,not_applicable,,team_generated,false,dev
JOB-AI-ALG-0007-SKILL-020,JOB-AI-ALG-0007,SKILL-020,64,0.083333,required,1.2.0,synthetic,true,SRC-SYNTH,2026-09-13T00:00:00+08:00,0.88,synthetic,not_applicable,,team_generated,false,dev
JOB-AI-ALG-0007-SKILL-021,JOB-AI-ALG-0007,SKILL-021,64,0.083333,required,1.2.0,synthetic,true,SRC-SYNTH,2026-09-13T00:00:00+08:00,0.88,synthetic,not_applicable,,team_generated,false,dev
JOB-AI-ALG-0007-SKILL-022,JOB-AI-ALG-0007,SKILL-022,63,0.083333,required,1.2.0,synthetic,true,SRC-SYNTH,2026-09-13T00:00:00+08:00,0.88,synthetic,not_applicable,,team_generated,false,dev
JOB-AI-ALG-0007-SKILL-023,JOB-AI-ALG-0007,SKILL-023,54,0.083333,required,1.2.0,synthetic,true,SRC-SYNTH,2026-09-13T00:00:00+08:00,0.88,synthetic,not_applicable,,team_generated,false,dev
JOB-AI-ALG-0007-SKILL-024,JOB-AI-ALG-0007,SKILL-024,54,0.083333,required,1.2.0,synthetic,true,SRC-SYNTH,2026-09-13T00:00:00+08:00,0.88,synthetic,not_applicable,,team_generated,false,dev
JOB-AI-ALG-0007-SKILL-025,JOB-AI-ALG-0007,SKILL-025,53,0.083333,required,1.2.0,synthetic,true,SRC-SYNTH,2026-09-13T00:00:00+08:00,0.88,synthetic,not_applicable,,team_generated,false,dev
JOB-AI-ALG-0007-SKILL-033,JOB-AI-ALG-0007,SKILL-033,53,0.083333,required,1.2.0,synthetic,true,SRC-SYNTH,2026-09-13T00:00:00+08:00,0.88,synthetic,not_applicable,,team_generated,false,dev
JOB-AI-ALG-0007-SKILL-036,JOB-AI-ALG-0007,SKILL-036,52,0.083333,required,1.2.0,synthetic,true,SRC-SYNTH,2026-09-13T00:00:00+08:00,0.88,synthetic,not_applicable,,team_generated,false,dev
JOB-AI-ALG-0007-SKILL-048,JOB-AI-ALG-0007,SKILL-048,47,0.083333,preferred,1.2.0,synthetic,true,SRC-SYNTH,2026-09-13T00:00:00+08:00,0.88,synthetic,not_applicable,,team_generated,false,dev
JOB-AI-ALG-0007-SKILL-058,JOB-AI-ALG-0007,SKILL-058,47,0.083333,preferred,1.2.0,synthetic,true,SRC-SYNTH,2026-09-13T00:00:00+08:00,0.88,synthetic,not_applicable,,team_generated,false,dev
JOB-AI-ALG-0007-SKILL-054,JOB-AI-ALG-0007,SKILL-054,47,0.083333,preferred,1.2.0,synthetic,true,SRC-SYNTH,2026-09-13T00:00:00+08:00,0.88,synthetic,not_applicable,,team_generated,false,dev
JOB-AI-ALG-0007-SKILL-001,JOB-AI-ALG-0007,SKILL-001,75,0.083337,preferred,1.2.0,synthetic,true,SRC-SYNTH,2026-09-13T00:00:00+08:00,0.88,synthetic,not_applicable,,team_generated,false,dev
JOB-AI-ALG-0008-SKILL-021,JOB-AI-ALG-0008,SKILL-021,64,0.076923,required,1.2.0,synthetic,true,SRC-SYNTH,2026-09-13T00:00:00+08:00,0.88,synthetic,not_applicable,,team_generated,false,dev
JOB-AI-ALG-0008-SKILL-022,JOB-AI-ALG-0008,SKILL-022,63,0.076923,required,1.2.0,synthetic,true,SRC-SYNTH,2026-09-13T00:00:00+08:00,0.88,synthetic,not_applicable,,team_generated,false,dev
JOB-AI-ALG-0008-SKILL-023,JOB-AI-ALG-0008,SKILL-023,54,0.076923,required,1.2.0,synthetic,true,SRC-SYNTH,2026-09-13T00:00:00+08:00,0.88,synthetic,not_applicable,,team_generated,false,dev
JOB-AI-ALG-0008-SKILL-024,JOB-AI-ALG-0008,SKILL-024,54,0.076923,required,1.2.0,synthetic,true,SRC-SYNTH,2026-09-13T00:00:00+08:00,0.88,synthetic,not_applicable,,team_generated,false,dev
JOB-AI-ALG-0008-SKILL-025,JOB-AI-ALG-0008,SKILL-025,53,0.076923,required,1.2.0,synthetic,true,SRC-SYNTH,2026-09-13T00:00:00+08:00,0.88,synthetic,not_applicable,,team_generated,false,dev
JOB-AI-ALG-0008-SKILL-033,JOB-AI-ALG-0008,SKILL-033,53,0.076923,required,1.2.0,synthetic,true,SRC-SYNTH,2026-09-13T00:00:00+08:00,0.88,synthetic,not_applicable,,team_generated,false,dev
JOB-AI-ALG-0008-SKILL-036,JOB-AI-ALG-0008,SKILL-036,52,0.076923,required,1.2.0,synthetic,true,SRC-SYNTH,2026-09-13T00:00:00+08:00,0.88,synthetic,not_applicable,,team_generated,false,dev
JOB-AI-ALG-0008-SKILL-048,JOB-AI-ALG-0008,SKILL-048,47,0.076923,required,1.2.0,synthetic,true,SRC-SYNTH,2026-09-13T00:00:00+08:00,0.88,synthetic,not_applicable,,team_generated,false,dev
JOB-AI-ALG-0008-SKILL-058,JOB-AI-ALG-0008,SKILL-058,47,0.076923,required,1.2.0,synthetic,true,SRC-SYNTH,2026-09-13T00:00:00+08:00,0.88,synthetic,not_applicable,,team_generated,false,dev
JOB-AI-ALG-0008-SKILL-054,JOB-AI-ALG-0008,SKILL-054,47,0.076923,preferred,1.2.0,synthetic,true,SRC-SYNTH,2026-09-13T00:00:00+08:00,0.88,synthetic,not_applicable,,team_generated,false,dev
JOB-AI-ALG-0008-SKILL-001,JOB-AI-ALG-0008,SKILL-001,75,0.076923,preferred,1.2.0,synthetic,true,SRC-SYNTH,2026-09-13T00:00:00+08:00,0.88,synthetic,not_applicable,,team_generated,false,dev
JOB-AI-ALG-0008-SKILL-002,JOB-AI-ALG-0008,SKILL-002,75,0.076923,preferred,1.2.0,synthetic,true,SRC-SYNTH,2026-09-13T00:00:00+08:00,0.88,synthetic,not_applicable,,team_generated,false,dev
JOB-AI-ALG-0008-SKILL-010,JOB-AI-ALG-0008,SKILL-010,69,0.076924,preferred,1.2.0,synthetic,true,SRC-SYNTH,2026-09-13T00:00:00+08:00,0.88,synthetic,not_applicable,,team_generated,false,dev
JOB-AI-ALG-0009-SKILL-022,JOB-AI-ALG-0009,SKILL-022,63,0.071429,required,1.2.0,synthetic,true,SRC-SYNTH,2026-09-13T00:00:00+08:00,0.88,synthetic,not_applicable,,team_generated,false,dev
JOB-AI-ALG-0009-SKILL-023,JOB-AI-ALG-0009,SKILL-023,54,0.071429,required,1.2.0,synthetic,true,SRC-SYNTH,2026-09-13T00:00:00+08:00,0.88,synthetic,not_applicable,,team_generated,false,dev
JOB-AI-ALG-0009-SKILL-024,JOB-AI-ALG-0009,SKILL-024,54,0.071429,required,1.2.0,synthetic,true,SRC-SYNTH,2026-09-13T00:00:00+08:00,0.88,synthetic,not_applicable,,team_generated,false,dev
JOB-AI-ALG-0009-SKILL-025,JOB-AI-ALG-0009,SKILL-025,53,0.071429,required,1.2.0,synthetic,true,SRC-SYNTH,2026-09-13T00:00:00+08:00,0.88,synthetic,not_applicable,,team_generated,false,dev
JOB-AI-ALG-0009-SKILL-033,JOB-AI-ALG-0009,SKILL-033,53,0.071429,required,1.2.0,synthetic,true,SRC-SYNTH,2026-09-13T00:00:00+08:00,0.88,synthetic,not_applicable,,team_generated,false,dev
JOB-AI-ALG-0009-SKILL-036,JOB-AI-ALG-0009,SKILL-036,52,0.071429,required,1.2.0,synthetic,true,SRC-SYNTH,2026-09-13T00:00:00+08:00,0.88,synthetic,not_applicable,,team_generated,false,dev
JOB-AI-ALG-0009-SKILL-048,JOB-AI-ALG-0009,SKILL-048,47,0.071429,required,1.2.0,synthetic,true,SRC-SYNTH,2026-09-13T00:00:00+08:00,0.88,synthetic,not_applicable,,team_generated,false,dev
JOB-AI-ALG-0009-SKILL-058,JOB-AI-ALG-0009,SKILL-058,47,0.071429,required,1.2.0,synthetic,true,SRC-SYNTH,2026-09-13T00:00:00+08:00,0.88,synthetic,not_applicable,,team_generated,false,dev
JOB-AI-ALG-0009-SKILL-054,JOB-AI-ALG-0009,SKILL-054,47,0.071429,required,1.2.0,synthetic,true,SRC-SYNTH,2026-09-13T00:00:00+08:00,0.88,synthetic,not_applicable,,team_generated,false,dev
JOB-AI-ALG-0009-SKILL-001,JOB-AI-ALG-0009,SKILL-001,75,0.071429,required,1.2.0,synthetic,true,SRC-SYNTH,2026-09-13T00:00:00+08:00,0.88,synthetic,not_applicable,,team_generated,false,dev
JOB-AI-ALG-0009-SKILL-002,JOB-AI-ALG-0009,SKILL-002,75,0.071429,preferred,1.2.0,synthetic,true,SRC-SYNTH,2026-09-13T00:00:00+08:00,0.88,synthetic,not_applicable,,team_generated,false,dev
JOB-AI-ALG-0009-SKILL-010,JOB-AI-ALG-0009,SKILL-010,69,0.071429,preferred,1.2.0,synthetic,true,SRC-SYNTH,2026-09-13T00:00:00+08:00,0.88,synthetic,not_applicable,,team_generated,false,dev
JOB-AI-ALG-0009-SKILL-011,JOB-AI-ALG-0009,SKILL-011,69,0.071429,preferred,1.2.0,synthetic,true,SRC-SYNTH,2026-09-13T00:00:00+08:00,0.88,synthetic,not_applicable,,team_generated,false,dev
JOB-AI-ALG-0009-SKILL-017,JOB-AI-ALG-0009,SKILL-017,68,0.071423,preferred,1.2.0,synthetic,true,SRC-SYNTH,2026-09-13T00:00:00+08:00,0.88,synthetic,not_applicable,,team_generated,false,dev
JOB-AI-ALG-0010-SKILL-023,JOB-AI-ALG-0010,SKILL-023,54,0.066667,required,1.2.0,synthetic,true,SRC-SYNTH,2026-09-13T00:00:00+08:00,0.88,synthetic,not_applicable,,team_generated,false,dev
JOB-AI-ALG-0010-SKILL-024,JOB-AI-ALG-0010,SKILL-024,54,0.066667,required,1.2.0,synthetic,true,SRC-SYNTH,2026-09-13T00:00:00+08:00,0.88,synthetic,not_applicable,,team_generated,false,dev
JOB-AI-ALG-0010-SKILL-025,JOB-AI-ALG-0010,SKILL-025,53,0.066667,required,1.2.0,synthetic,true,SRC-SYNTH,2026-09-13T00:00:00+08:00,0.88,synthetic,not_applicable,,team_generated,false,dev
JOB-AI-ALG-0010-SKILL-033,JOB-AI-ALG-0010,SKILL-033,53,0.066667,required,1.2.0,synthetic,true,SRC-SYNTH,2026-09-13T00:00:00+08:00,0.88,synthetic,not_applicable,,team_generated,false,dev
JOB-AI-ALG-0010-SKILL-036,JOB-AI-ALG-0010,SKILL-036,52,0.066667,required,1.2.0,synthetic,true,SRC-SYNTH,2026-09-13T00:00:00+08:00,0.88,synthetic,not_applicable,,team_generated,false,dev
JOB-AI-ALG-0010-SKILL-048,JOB-AI-ALG-0010,SKILL-048,47,0.066667,required,1.2.0,synthetic,true,SRC-SYNTH,2026-09-13T00:00:00+08:00,0.88,synthetic,not_applicable,,team_generated,false,dev
JOB-AI-ALG-0010-SKILL-058,JOB-AI-ALG-0010,SKILL-058,47,0.066667,required,1.2.0,synthetic,true,SRC-SYNTH,2026-09-13T00:00:00+08:00,0.88,synthetic,not_applicable,,team_generated,false,dev
JOB-AI-ALG-0010-SKILL-054,JOB-AI-ALG-0010,SKILL-054,47,0.066667,required,1.2.0,synthetic,true,SRC-SYNTH,2026-09-13T00:00:00+08:00,0.88,synthetic,not_applicable,,team_generated,false,dev
JOB-AI-ALG-0010-SKILL-001,JOB-AI-ALG-0010,SKILL-001,75,0.066667,required,1.2.0,synthetic,true,SRC-SYNTH,2026-09-13T00:00:00+08:00,0.88,synthetic,not_applicable,,team_generated,false,dev
JOB-AI-ALG-0010-SKILL-002,JOB-AI-ALG-0010,SKILL-002,75,0.066667,required,1.2.0,synthetic,true,SRC-SYNTH,2026-09-13T00:00:00+08:00,0.88,synthetic,not_applicable,,team_generated,false,dev
JOB-AI-ALG-0010-SKILL-010,JOB-AI-ALG-0010,SKILL-010,69,0.066667,preferred,1.2.0,synthetic,true,SRC-SYNTH,2026-09-13T00:00:00+08:00,0.88,synthetic,not_applicable,,team_generated,false,dev
JOB-AI-ALG-0010-SKILL-011,JOB-AI-ALG-0010,SKILL-011,69,0.066667,preferred,1.2.0,synthetic,true,SRC-SYNTH,2026-09-13T00:00:00+08:00,0.88,synthetic,not_applicable,,team_generated,false,dev
JOB-AI-ALG-0010-SKILL-017,JOB-AI-ALG-0010,SKILL-017,68,0.066667,preferred,1.2.0,synthetic,true,SRC-SYNTH,2026-09-13T00:00:00+08:00,0.88,synthetic,not_applicable,,team_generated,false,dev
JOB-AI-ALG-0010-SKILL-018,JOB-AI-ALG-0010,SKILL-018,68,0.066667,preferred,1.2.0,synthetic,true,SRC-SYNTH,2026-09-13T00:00:00+08:00,0.88,synthetic,not_applicable,,team_generated,false,dev
JOB-AI-ALG-0010-SKILL-019,JOB-AI-ALG-0010,SKILL-019,68,0.066662,preferred,1.2.0,synthetic,true,SRC-SYNTH,2026-09-13T00:00:00+08:00,0.88,synthetic,not_applicable,,team_generated,false,dev
JOB-AI-ALG-0011-SKILL-024,JOB-AI-ALG-0011,SKILL-024,54,0.0625,required,1.2.0,synthetic,true,SRC-SYNTH,2026-09-13T00:00:00+08:00,0.88,synthetic,not_applicable,,team_generated,false,dev
JOB-AI-ALG-0011-SKILL-025,JOB-AI-ALG-0011,SKILL-025,53,0.0625,required,1.2.0,synthetic,true,SRC-SYNTH,2026-09-13T00:00:00+08:00,0.88,synthetic,not_applicable,,team_generated,false,dev
JOB-AI-ALG-0011-SKILL-033,JOB-AI-ALG-0011,SKILL-033,53,0.0625,required,1.2.0,synthetic,true,SRC-SYNTH,2026-09-13T00:00:00+08:00,0.88,synthetic,not_applicable,,team_generated,false,dev
JOB-AI-ALG-0011-SKILL-036,JOB-AI-ALG-0011,SKILL-036,52,0.0625,required,1.2.0,synthetic,true,SRC-SYNTH,2026-09-13T00:00:00+08:00,0.88,synthetic,not_applicable,,team_generated,false,dev
JOB-AI-ALG-0011-SKILL-048,JOB-AI-ALG-0011,SKILL-048,47,0.0625,required,1.2.0,synthetic,true,SRC-SYNTH,2026-09-13T00:00:00+08:00,0.88,synthetic,not_applicable,,team_generated,false,dev
JOB-AI-ALG-0011-SKILL-058,JOB-AI-ALG-0011,SKILL-058,47,0.0625,required,1.2.0,synthetic,true,SRC-SYNTH,2026-09-13T00:00:00+08:00,0.88,synthetic,not_applicable,,team_generated,false,dev
JOB-AI-ALG-0011-SKILL-054,JOB-AI-ALG-0011,SKILL-054,47,0.0625,required,1.2.0,synthetic,true,SRC-SYNTH,2026-09-13T00:00:00+08:00,0.88,synthetic,not_applicable,,team_generated,false,dev
JOB-AI-ALG-0011-SKILL-001,JOB-AI-ALG-0011,SKILL-001,75,0.0625,required,1.2.0,synthetic,true,SRC-SYNTH,2026-09-13T00:00:00+08:00,0.88,synthetic,not_applicable,,team_generated,false,dev
JOB-AI-ALG-0011-SKILL-002,JOB-AI-ALG-0011,SKILL-002,75,0.0625,required,1.2.0,synthetic,true,SRC-SYNTH,2026-09-13T00:00:00+08:00,0.88,synthetic,not_applicable,,team_generated,false,dev
JOB-AI-ALG-0011-SKILL-010,JOB-AI-ALG-0011,SKILL-010,69,0.0625,required,1.2.0,synthetic,true,SRC-SYNTH,2026-09-13T00:00:00+08:00,0.88,synthetic,not_applicable,,team_generated,false,dev
JOB-AI-ALG-0011-SKILL-011,JOB-AI-ALG-0011,SKILL-011,69,0.0625,required,1.2.0,synthetic,true,SRC-SYNTH,2026-09-13T00:00:00+08:00,0.88,synthetic,not_applicable,,team_generated,false,dev
JOB-AI-ALG-0011-SKILL-017,JOB-AI-ALG-0011,SKILL-017,68,0.0625,preferred,1.2.0,synthetic,true,SRC-SYNTH,2026-09-13T00:00:00+08:00,0.88,synthetic,not_applicable,,team_generated,false,dev
JOB-AI-ALG-0011-SKILL-018,JOB-AI-ALG-0011,SKILL-018,68,0.0625,preferred,1.2.0,synthetic,true,SRC-SYNTH,2026-09-13T00:00:00+08:00,0.88,synthetic,not_applicable,,team_generated,false,dev
JOB-AI-ALG-0011-SKILL-019,JOB-AI-ALG-0011,SKILL-019,68,0.0625,preferred,1.2.0,synthetic,true,SRC-SYNTH,2026-09-13T00:00:00+08:00,0.88,synthetic,not_applicable,,team_generated,false,dev
JOB-AI-ALG-0011-SKILL-020,JOB-AI-ALG-0011,SKILL-020,62,0.0625,preferred,1.2.0,synthetic,true,SRC-SYNTH,2026-09-13T00:00:00+08:00,0.88,synthetic,not_applicable,,team_generated,false,dev
JOB-AI-ALG-0011-SKILL-021,JOB-AI-ALG-0011,SKILL-021,62,0.0625,preferred,1.2.0,synthetic,true,SRC-SYNTH,2026-09-13T00:00:00+08:00,0.88,synthetic,not_applicable,,team_generated,false,dev
JOB-AI-ALG-0012-SKILL-025,JOB-AI-ALG-0012,SKILL-025,53,0.058824,required,1.2.0,synthetic,true,SRC-SYNTH,2026-09-13T00:00:00+08:00,0.88,synthetic,not_applicable,,team_generated,false,dev
JOB-AI-ALG-0012-SKILL-033,JOB-AI-ALG-0012,SKILL-033,53,0.058824,required,1.2.0,synthetic,true,SRC-SYNTH,2026-09-13T00:00:00+08:00,0.88,synthetic,not_applicable,,team_generated,false,dev
JOB-AI-ALG-0012-SKILL-036,JOB-AI-ALG-0012,SKILL-036,52,0.058824,required,1.2.0,synthetic,true,SRC-SYNTH,2026-09-13T00:00:00+08:00,0.88,synthetic,not_applicable,,team_generated,false,dev
JOB-AI-ALG-0012-SKILL-048,JOB-AI-ALG-0012,SKILL-048,47,0.058824,required,1.2.0,synthetic,true,SRC-SYNTH,2026-09-13T00:00:00+08:00,0.88,synthetic,not_applicable,,team_generated,false,dev
JOB-AI-ALG-0012-SKILL-058,JOB-AI-ALG-0012,SKILL-058,47,0.058824,required,1.2.0,synthetic,true,SRC-SYNTH,2026-09-13T00:00:00+08:00,0.88,synthetic,not_applicable,,team_generated,false,dev
JOB-AI-ALG-0012-SKILL-054,JOB-AI-ALG-0012,SKILL-054,47,0.058824,required,1.2.0,synthetic,true,SRC-SYNTH,2026-09-13T00:00:00+08:00,0.88,synthetic,not_applicable,,team_generated,false,dev
JOB-AI-ALG-0012-SKILL-001,JOB-AI-ALG-0012,SKILL-001,75,0.058824,required,1.2.0,synthetic,true,SRC-SYNTH,2026-09-13T00:00:00+08:00,0.88,synthetic,not_applicable,,team_generated,false,dev
JOB-AI-ALG-0012-SKILL-002,JOB-AI-ALG-0012,SKILL-002,75,0.058824,required,1.2.0,synthetic,true,SRC-SYNTH,2026-09-13T00:00:00+08:00,0.88,synthetic,not_applicable,,team_generated,false,dev
JOB-AI-ALG-0012-SKILL-010,JOB-AI-ALG-0012,SKILL-010,69,0.058824,required,1.2.0,synthetic,true,SRC-SYNTH,2026-09-13T00:00:00+08:00,0.88,synthetic,not_applicable,,team_generated,false,dev
JOB-AI-ALG-0012-SKILL-011,JOB-AI-ALG-0012,SKILL-011,69,0.058824,required,1.2.0,synthetic,true,SRC-SYNTH,2026-09-13T00:00:00+08:00,0.88,synthetic,not_applicable,,team_generated,false,dev
JOB-AI-ALG-0012-SKILL-017,JOB-AI-ALG-0012,SKILL-017,68,0.058824,required,1.2.0,synthetic,true,SRC-SYNTH,2026-09-13T00:00:00+08:00,0.88,synthetic,not_applicable,,team_generated,false,dev
JOB-AI-ALG-0012-SKILL-018,JOB-AI-ALG-0012,SKILL-018,68,0.058824,required,1.2.0,synthetic,true,SRC-SYNTH,2026-09-13T00:00:00+08:00,0.88,synthetic,not_applicable,,team_generated,false,dev
JOB-AI-ALG-0012-SKILL-019,JOB-AI-ALG-0012,SKILL-019,68,0.058824,preferred,1.2.0,synthetic,true,SRC-SYNTH,2026-09-13T00:00:00+08:00,0.88,synthetic,not_applicable,,team_generated,false,dev
JOB-AI-ALG-0012-SKILL-020,JOB-AI-ALG-0012,SKILL-020,62,0.058824,preferred,1.2.0,synthetic,true,SRC-SYNTH,2026-09-13T00:00:00+08:00,0.88,synthetic,not_applicable,,team_generated,false,dev
JOB-AI-ALG-0012-SKILL-021,JOB-AI-ALG-0012,SKILL-021,62,0.058824,preferred,1.2.0,synthetic,true,SRC-SYNTH,2026-09-13T00:00:00+08:00,0.88,synthetic,not_applicable,,team_generated,false,dev
JOB-AI-ALG-0012-SKILL-022,JOB-AI-ALG-0012,SKILL-022,61,0.058824,preferred,1.2.0,synthetic,true,SRC-SYNTH,2026-09-13T00:00:00+08:00,0.88,synthetic,not_applicable,,team_generated,false,dev
JOB-AI-ALG-0012-SKILL-023,JOB-AI-ALG-0012,SKILL-023,57,0.058816,preferred,1.2.0,synthetic,true,SRC-SYNTH,2026-09-13T00:00:00+08:00,0.88,synthetic,not_applicable,,team_generated,false,dev
JOB-AI-ALG-0013-SKILL-033,JOB-AI-ALG-0013,SKILL-033,53,0.055556,required,1.2.0,synthetic,true,SRC-SYNTH,2026-09-13T00:00:00+08:00,0.88,synthetic,not_applicable,,team_generated,false,dev
JOB-AI-ALG-0013-SKILL-036,JOB-AI-ALG-0013,SKILL-036,52,0.055556,required,1.2.0,synthetic,true,SRC-SYNTH,2026-09-13T00:00:00+08:00,0.88,synthetic,not_applicable,,team_generated,false,dev
JOB-AI-ALG-0013-SKILL-048,JOB-AI-ALG-0013,SKILL-048,47,0.055556,required,1.2.0,synthetic,true,SRC-SYNTH,2026-09-13T00:00:00+08:00,0.88,synthetic,not_applicable,,team_generated,false,dev
JOB-AI-ALG-0013-SKILL-058,JOB-AI-ALG-0013,SKILL-058,47,0.055556,required,1.2.0,synthetic,true,SRC-SYNTH,2026-09-13T00:00:00+08:00,0.88,synthetic,not_applicable,,team_generated,false,dev
JOB-AI-ALG-0013-SKILL-054,JOB-AI-ALG-0013,SKILL-054,47,0.055556,required,1.2.0,synthetic,true,SRC-SYNTH,2026-09-13T00:00:00+08:00,0.88,synthetic,not_applicable,,team_generated,false,dev
JOB-AI-ALG-0013-SKILL-001,JOB-AI-ALG-0013,SKILL-001,75,0.055556,required,1.2.0,synthetic,true,SRC-SYNTH,2026-09-13T00:00:00+08:00,0.88,synthetic,not_applicable,,team_generated,false,dev
JOB-AI-ALG-0013-SKILL-002,JOB-AI-ALG-0013,SKILL-002,75,0.055556,required,1.2.0,synthetic,true,SRC-SYNTH,2026-09-13T00:00:00+08:00,0.88,synthetic,not_applicable,,team_generated,false,dev
JOB-AI-ALG-0013-SKILL-010,JOB-AI-ALG-0013,SKILL-010,69,0.055556,required,1.2.0,synthetic,true,SRC-SYNTH,2026-09-13T00:00:00+08:00,0.88,synthetic,not_applicable,,team_generated,false,dev
JOB-AI-ALG-0013-SKILL-011,JOB-AI-ALG-0013,SKILL-011,69,0.055556,required,1.2.0,synthetic,true,SRC-SYNTH,2026-09-13T00:00:00+08:00,0.88,synthetic,not_applicable,,team_generated,false,dev
JOB-AI-ALG-0013-SKILL-017,JOB-AI-ALG-0013,SKILL-017,68,0.055556,required,1.2.0,synthetic,true,SRC-SYNTH,2026-09-13T00:00:00+08:00,0.88,synthetic,not_applicable,,team_generated,false,dev
JOB-AI-ALG-0013-SKILL-018,JOB-AI-ALG-0013,SKILL-018,68,0.055556,required,1.2.0,synthetic,true,SRC-SYNTH,2026-09-13T00:00:00+08:00,0.88,synthetic,not_applicable,,team_generated,false,dev
JOB-AI-ALG-0013-SKILL-019,JOB-AI-ALG-0013,SKILL-019,68,0.055556,required,1.2.0,synthetic,true,SRC-SYNTH,2026-09-13T00:00:00+08:00,0.88,synthetic,not_applicable,,team_generated,false,dev
JOB-AI-ALG-0013-SKILL-020,JOB-AI-ALG-0013,SKILL-020,62,0.055556,preferred,1.2.0,synthetic,true,SRC-SYNTH,2026-09-13T00:00:00+08:00,0.88,synthetic,not_applicable,,team_generated,false,dev
JOB-AI-ALG-0013-SKILL-021,JOB-AI-ALG-0013,SKILL-021,62,0.055556,preferred,1.2.0,synthetic,true,SRC-SYNTH,2026-09-13T00:00:00+08:00,0.88,synthetic,not_applicable,,team_generated,false,dev
JOB-AI-ALG-0013-SKILL-022,JOB-AI-ALG-0013,SKILL-022,61,0.055556,preferred,1.2.0,synthetic,true,SRC-SYNTH,2026-09-13T00:00:00+08:00,0.88,synthetic,not_applicable,,team_generated,false,dev
JOB-AI-ALG-0013-SKILL-023,JOB-AI-ALG-0013,SKILL-023,57,0.055556,preferred,1.2.0,synthetic,true,SRC-SYNTH,2026-09-13T00:00:00+08:00,0.88,synthetic,not_applicable,,team_generated,false,dev
JOB-AI-ALG-0013-SKILL-024,JOB-AI-ALG-0013,SKILL-024,57,0.055556,preferred,1.2.0,synthetic,true,SRC-SYNTH,2026-09-13T00:00:00+08:00,0.88,synthetic,not_applicable,,team_generated,false,dev
JOB-AI-ALG-0013-SKILL-025,JOB-AI-ALG-0013,SKILL-025,51,0.055548,preferred,1.2.0,synthetic,true,SRC-SYNTH,2026-09-13T00:00:00+08:00,0.88,synthetic,not_applicable,,team_generated,false,dev
JOB-AI-ALG-0014-SKILL-036,JOB-AI-ALG-0014,SKILL-036,52,0.083333,required,1.2.0,synthetic,true,SRC-SYNTH,2026-09-13T00:00:00+08:00,0.88,synthetic,not_applicable,,team_generated,false,dev
JOB-AI-ALG-0014-SKILL-048,JOB-AI-ALG-0014,SKILL-048,47,0.083333,required,1.2.0,synthetic,true,SRC-SYNTH,2026-09-13T00:00:00+08:00,0.88,synthetic,not_applicable,,team_generated,false,dev
JOB-AI-ALG-0014-SKILL-058,JOB-AI-ALG-0014,SKILL-058,47,0.083333,required,1.2.0,synthetic,true,SRC-SYNTH,2026-09-13T00:00:00+08:00,0.88,synthetic,not_applicable,,team_generated,false,dev
JOB-AI-ALG-0014-SKILL-054,JOB-AI-ALG-0014,SKILL-054,47,0.083333,required,1.2.0,synthetic,true,SRC-SYNTH,2026-09-13T00:00:00+08:00,0.88,synthetic,not_applicable,,team_generated,false,dev
JOB-AI-ALG-0014-SKILL-001,JOB-AI-ALG-0014,SKILL-001,75,0.083333,required,1.2.0,synthetic,true,SRC-SYNTH,2026-09-13T00:00:00+08:00,0.88,synthetic,not_applicable,,team_generated,false,dev
JOB-AI-ALG-0014-SKILL-002,JOB-AI-ALG-0014,SKILL-002,75,0.083333,required,1.2.0,synthetic,true,SRC-SYNTH,2026-09-13T00:00:00+08:00,0.88,synthetic,not_applicable,,team_generated,false,dev
JOB-AI-ALG-0014-SKILL-010,JOB-AI-ALG-0014,SKILL-010,69,0.083333,required,1.2.0,synthetic,true,SRC-SYNTH,2026-09-13T00:00:00+08:00,0.88,synthetic,not_applicable,,team_generated,false,dev
JOB-AI-ALG-0014-SKILL-011,JOB-AI-ALG-0014,SKILL-011,69,0.083333,required,1.2.0,synthetic,true,SRC-SYNTH,2026-09-13T00:00:00+08:00,0.88,synthetic,not_applicable,,team_generated,false,dev
JOB-AI-ALG-0014-SKILL-017,JOB-AI-ALG-0014,SKILL-017,68,0.083333,preferred,1.2.0,synthetic,true,SRC-SYNTH,2026-09-13T00:00:00+08:00,0.88,synthetic,not_applicable,,team_generated,false,dev
JOB-AI-ALG-0014-SKILL-018,JOB-AI-ALG-0014,SKILL-018,68,0.083333,preferred,1.2.0,synthetic,true,SRC-SYNTH,2026-09-13T00:00:00+08:00,0.88,synthetic,not_applicable,,team_generated,false,dev
JOB-AI-ALG-0014-SKILL-019,JOB-AI-ALG-0014,SKILL-019,68,0.083333,preferred,1.2.0,synthetic,true,SRC-SYNTH,2026-09-13T00:00:00+08:00,0.88,synthetic,not_applicable,,team_generated,false,dev
JOB-AI-ALG-0014-SKILL-020,JOB-AI-ALG-0014,SKILL-020,62,0.083337,preferred,1.2.0,synthetic,true,SRC-SYNTH,2026-09-13T00:00:00+08:00,0.88,synthetic,not_applicable,,team_generated,false,dev
JOB-AI-ALG-0015-SKILL-048,JOB-AI-ALG-0015,SKILL-048,47,0.076923,required,1.2.0,synthetic,true,SRC-SYNTH,2026-09-13T00:00:00+08:00,0.88,synthetic,not_applicable,,team_generated,false,dev
JOB-AI-ALG-0015-SKILL-058,JOB-AI-ALG-0015,SKILL-058,47,0.076923,required,1.2.0,synthetic,true,SRC-SYNTH,2026-09-13T00:00:00+08:00,0.88,synthetic,not_applicable,,team_generated,false,dev
JOB-AI-ALG-0015-SKILL-054,JOB-AI-ALG-0015,SKILL-054,47,0.076923,required,1.2.0,synthetic,true,SRC-SYNTH,2026-09-13T00:00:00+08:00,0.88,synthetic,not_applicable,,team_generated,false,dev
JOB-AI-ALG-0015-SKILL-001,JOB-AI-ALG-0015,SKILL-001,75,0.076923,required,1.2.0,synthetic,true,SRC-SYNTH,2026-09-13T00:00:00+08:00,0.88,synthetic,not_applicable,,team_generated,false,dev
JOB-AI-ALG-0015-SKILL-002,JOB-AI-ALG-0015,SKILL-002,75,0.076923,required,1.2.0,synthetic,true,SRC-SYNTH,2026-09-13T00:00:00+08:00,0.88,synthetic,not_applicable,,team_generated,false,dev
JOB-AI-ALG-0015-SKILL-010,JOB-AI-ALG-0015,SKILL-010,69,0.076923,required,1.2.0,synthetic,true,SRC-SYNTH,2026-09-13T00:00:00+08:00,0.88,synthetic,not_applicable,,team_generated,false,dev
JOB-AI-ALG-0015-SKILL-011,JOB-AI-ALG-0015,SKILL-011,69,0.076923,required,1.2.0,synthetic,true,SRC-SYNTH,2026-09-13T00:00:00+08:00,0.88,synthetic,not_applicable,,team_generated,false,dev
JOB-AI-ALG-0015-SKILL-017,JOB-AI-ALG-0015,SKILL-017,68,0.076923,required,1.2.0,synthetic,true,SRC-SYNTH,2026-09-13T00:00:00+08:00,0.88,synthetic,not_applicable,,team_generated,false,dev
JOB-AI-ALG-0015-SKILL-018,JOB-AI-ALG-0015,SKILL-018,68,0.076923,required,1.2.0,synthetic,true,SRC-SYNTH,2026-09-13T00:00:00+08:00,0.88,synthetic,not_applicable,,team_generated,false,dev
JOB-AI-ALG-0015-SKILL-019,JOB-AI-ALG-0015,SKILL-019,68,0.076923,preferred,1.2.0,synthetic,true,SRC-SYNTH,2026-09-13T00:00:00+08:00,0.88,synthetic,not_applicable,,team_generated,false,dev
JOB-AI-ALG-0015-SKILL-020,JOB-AI-ALG-0015,SKILL-020,62,0.076923,preferred,1.2.0,synthetic,true,SRC-SYNTH,2026-09-13T00:00:00+08:00,0.88,synthetic,not_applicable,,team_generated,false,dev
JOB-AI-ALG-0015-SKILL-021,JOB-AI-ALG-0015,SKILL-021,62,0.076923,preferred,1.2.0,synthetic,true,SRC-SYNTH,2026-09-13T00:00:00+08:00,0.88,synthetic,not_applicable,,team_generated,false,dev
JOB-AI-ALG-0015-SKILL-022,JOB-AI-ALG-0015,SKILL-022,61,0.076924,preferred,1.2.0,synthetic,true,SRC-SYNTH,2026-09-13T00:00:00+08:00,0.88,synthetic,not_applicable,,team_generated,false,dev
JOB-AI-ALG-0016-SKILL-058,JOB-AI-ALG-0016,SKILL-058,47,0.071429,required,1.2.0,synthetic,true,SRC-SYNTH,2026-09-13T00:00:00+08:00,0.88,synthetic,not_applicable,,team_generated,false,dev
JOB-AI-ALG-0016-SKILL-054,JOB-AI-ALG-0016,SKILL-054,47,0.071429,required,1.2.0,synthetic,true,SRC-SYNTH,2026-09-13T00:00:00+08:00,0.88,synthetic,not_applicable,,team_generated,false,dev
JOB-AI-ALG-0016-SKILL-001,JOB-AI-ALG-0016,SKILL-001,75,0.071429,required,1.2.0,synthetic,true,SRC-SYNTH,2026-09-13T00:00:00+08:00,0.88,synthetic,not_applicable,,team_generated,false,dev
JOB-AI-ALG-0016-SKILL-002,JOB-AI-ALG-0016,SKILL-002,75,0.071429,required,1.2.0,synthetic,true,SRC-SYNTH,2026-09-13T00:00:00+08:00,0.88,synthetic,not_applicable,,team_generated,false,dev
JOB-AI-ALG-0016-SKILL-010,JOB-AI-ALG-0016,SKILL-010,69,0.071429,required,1.2.0,synthetic,true,SRC-SYNTH,2026-09-13T00:00:00+08:00,0.88,synthetic,not_applicable,,team_generated,false,dev
JOB-AI-ALG-0016-SKILL-011,JOB-AI-ALG-0016,SKILL-011,69,0.071429,required,1.2.0,synthetic,true,SRC-SYNTH,2026-09-13T00:00:00+08:00,0.88,synthetic,not_applicable,,team_generated,false,dev
JOB-AI-ALG-0016-SKILL-017,JOB-AI-ALG-0016,SKILL-017,68,0.071429,required,1.2.0,synthetic,true,SRC-SYNTH,2026-09-13T00:00:00+08:00,0.88,synthetic,not_applicable,,team_generated,false,dev
JOB-AI-ALG-0016-SKILL-018,JOB-AI-ALG-0016,SKILL-018,68,0.071429,required,1.2.0,synthetic,true,SRC-SYNTH,2026-09-13T00:00:00+08:00,0.88,synthetic,not_applicable,,team_generated,false,dev
JOB-AI-ALG-0016-SKILL-019,JOB-AI-ALG-0016,SKILL-019,68,0.071429,required,1.2.0,synthetic,true,SRC-SYNTH,2026-09-13T00:00:00+08:00,0.88,synthetic,not_applicable,,team_generated,false,dev
JOB-AI-ALG-0016-SKILL-020,JOB-AI-ALG-0016,SKILL-020,62,0.071429,required,1.2.0,synthetic,true,SRC-SYNTH,2026-09-13T00:00:00+08:00,0.88,synthetic,not_applicable,,team_generated,false,dev
JOB-AI-ALG-0016-SKILL-021,JOB-AI-ALG-0016,SKILL-021,62,0.071429,preferred,1.2.0,synthetic,true,SRC-SYNTH,2026-09-13T00:00:00+08:00,0.88,synthetic,not_applicable,,team_generated,false,dev
JOB-AI-ALG-0016-SKILL-022,JOB-AI-ALG-0016,SKILL-022,61,0.071429,preferred,1.2.0,synthetic,true,SRC-SYNTH,2026-09-13T00:00:00+08:00,0.88,synthetic,not_applicable,,team_generated,false,dev
JOB-AI-ALG-0016-SKILL-023,JOB-AI-ALG-0016,SKILL-023,57,0.071429,preferred,1.2.0,synthetic,true,SRC-SYNTH,2026-09-13T00:00:00+08:00,0.88,synthetic,not_applicable,,team_generated,false,dev
JOB-AI-ALG-0016-SKILL-024,JOB-AI-ALG-0016,SKILL-024,57,0.071423,preferred,1.2.0,synthetic,true,SRC-SYNTH,2026-09-13T00:00:00+08:00,0.88,synthetic,not_applicable,,team_generated,false,dev
JOB-AI-ALG-0017-SKILL-054,JOB-AI-ALG-0017,SKILL-054,47,0.066667,required,1.2.0,synthetic,true,SRC-SYNTH,2026-09-13T00:00:00+08:00,0.88,synthetic,not_applicable,,team_generated,false,dev
JOB-AI-ALG-0017-SKILL-001,JOB-AI-ALG-0017,SKILL-001,75,0.066667,required,1.2.0,synthetic,true,SRC-SYNTH,2026-09-13T00:00:00+08:00,0.88,synthetic,not_applicable,,team_generated,false,dev
JOB-AI-ALG-0017-SKILL-002,JOB-AI-ALG-0017,SKILL-002,75,0.066667,required,1.2.0,synthetic,true,SRC-SYNTH,2026-09-13T00:00:00+08:00,0.88,synthetic,not_applicable,,team_generated,false,dev
JOB-AI-ALG-0017-SKILL-010,JOB-AI-ALG-0017,SKILL-010,69,0.066667,required,1.2.0,synthetic,true,SRC-SYNTH,2026-09-13T00:00:00+08:00,0.88,synthetic,not_applicable,,team_generated,false,dev
JOB-AI-ALG-0017-SKILL-011,JOB-AI-ALG-0017,SKILL-011,69,0.066667,required,1.2.0,synthetic,true,SRC-SYNTH,2026-09-13T00:00:00+08:00,0.88,synthetic,not_applicable,,team_generated,false,dev
JOB-AI-ALG-0017-SKILL-017,JOB-AI-ALG-0017,SKILL-017,68,0.066667,required,1.2.0,synthetic,true,SRC-SYNTH,2026-09-13T00:00:00+08:00,0.88,synthetic,not_applicable,,team_generated,false,dev
JOB-AI-ALG-0017-SKILL-018,JOB-AI-ALG-0017,SKILL-018,68,0.066667,required,1.2.0,synthetic,true,SRC-SYNTH,2026-09-13T00:00:00+08:00,0.88,synthetic,not_applicable,,team_generated,false,dev
JOB-AI-ALG-0017-SKILL-019,JOB-AI-ALG-0017,SKILL-019,68,0.066667,required,1.2.0,synthetic,true,SRC-SYNTH,2026-09-13T00:00:00+08:00,0.88,synthetic,not_applicable,,team_generated,false,dev
JOB-AI-ALG-0017-SKILL-020,JOB-AI-ALG-0017,SKILL-020,62,0.066667,required,1.2.0,synthetic,true,SRC-SYNTH,2026-09-13T00:00:00+08:00,0.88,synthetic,not_applicable,,team_generated,false,dev
JOB-AI-ALG-0017-SKILL-021,JOB-AI-ALG-0017,SKILL-021,62,0.066667,required,1.2.0,synthetic,true,SRC-SYNTH,2026-09-13T00:00:00+08:00,0.88,synthetic,not_applicable,,team_generated,false,dev
JOB-AI-ALG-0017-SKILL-022,JOB-AI-ALG-0017,SKILL-022,61,0.066667,preferred,1.2.0,synthetic,true,SRC-SYNTH,2026-09-13T00:00:00+08:00,0.88,synthetic,not_applicable,,team_generated,false,dev
JOB-AI-ALG-0017-SKILL-023,JOB-AI-ALG-0017,SKILL-023,57,0.066667,preferred,1.2.0,synthetic,true,SRC-SYNTH,2026-09-13T00:00:00+08:00,0.88,synthetic,not_applicable,,team_generated,false,dev
JOB-AI-ALG-0017-SKILL-024,JOB-AI-ALG-0017,SKILL-024,57,0.066667,preferred,1.2.0,synthetic,true,SRC-SYNTH,2026-09-13T00:00:00+08:00,0.88,synthetic,not_applicable,,team_generated,false,dev
JOB-AI-ALG-0017-SKILL-025,JOB-AI-ALG-0017,SKILL-025,51,0.066667,preferred,1.2.0,synthetic,true,SRC-SYNTH,2026-09-13T00:00:00+08:00,0.88,synthetic,not_applicable,,team_generated,false,dev
JOB-AI-ALG-0017-SKILL-033,JOB-AI-ALG-0017,SKILL-033,51,0.066662,preferred,1.2.0,synthetic,true,SRC-SYNTH,2026-09-13T00:00:00+08:00,0.88,synthetic,not_applicable,,team_generated,false,dev
JOB-AI-ALG-0018-SKILL-001,JOB-AI-ALG-0018,SKILL-001,75,0.0625,required,1.2.0,synthetic,true,SRC-SYNTH,2026-09-13T00:00:00+08:00,0.88,synthetic,not_applicable,,team_generated,false,dev
JOB-AI-ALG-0018-SKILL-002,JOB-AI-ALG-0018,SKILL-002,75,0.0625,required,1.2.0,synthetic,true,SRC-SYNTH,2026-09-13T00:00:00+08:00,0.88,synthetic,not_applicable,,team_generated,false,dev
JOB-AI-ALG-0018-SKILL-010,JOB-AI-ALG-0018,SKILL-010,69,0.0625,required,1.2.0,synthetic,true,SRC-SYNTH,2026-09-13T00:00:00+08:00,0.88,synthetic,not_applicable,,team_generated,false,dev
JOB-AI-ALG-0018-SKILL-011,JOB-AI-ALG-0018,SKILL-011,69,0.0625,required,1.2.0,synthetic,true,SRC-SYNTH,2026-09-13T00:00:00+08:00,0.88,synthetic,not_applicable,,team_generated,false,dev
JOB-AI-ALG-0018-SKILL-017,JOB-AI-ALG-0018,SKILL-017,68,0.0625,required,1.2.0,synthetic,true,SRC-SYNTH,2026-09-13T00:00:00+08:00,0.88,synthetic,not_applicable,,team_generated,false,dev
JOB-AI-ALG-0018-SKILL-018,JOB-AI-ALG-0018,SKILL-018,68,0.0625,required,1.2.0,synthetic,true,SRC-SYNTH,2026-09-13T00:00:00+08:00,0.88,synthetic,not_applicable,,team_generated,false,dev
JOB-AI-ALG-0018-SKILL-019,JOB-AI-ALG-0018,SKILL-019,68,0.0625,required,1.2.0,synthetic,true,SRC-SYNTH,2026-09-13T00:00:00+08:00,0.88,synthetic,not_applicable,,team_generated,false,dev
JOB-AI-ALG-0018-SKILL-020,JOB-AI-ALG-0018,SKILL-020,62,0.0625,required,1.2.0,synthetic,true,SRC-SYNTH,2026-09-13T00:00:00+08:00,0.88,synthetic,not_applicable,,team_generated,false,dev
JOB-AI-ALG-0018-SKILL-021,JOB-AI-ALG-0018,SKILL-021,62,0.0625,required,1.2.0,synthetic,true,SRC-SYNTH,2026-09-13T00:00:00+08:00,0.88,synthetic,not_applicable,,team_generated,false,dev
JOB-AI-ALG-0018-SKILL-022,JOB-AI-ALG-0018,SKILL-022,61,0.0625,required,1.2.0,synthetic,true,SRC-SYNTH,2026-09-13T00:00:00+08:00,0.88,synthetic,not_applicable,,team_generated,false,dev
JOB-AI-ALG-0018-SKILL-023,JOB-AI-ALG-0018,SKILL-023,57,0.0625,required,1.2.0,synthetic,true,SRC-SYNTH,2026-09-13T00:00:00+08:00,0.88,synthetic,not_applicable,,team_generated,false,dev
JOB-AI-ALG-0018-SKILL-024,JOB-AI-ALG-0018,SKILL-024,57,0.0625,preferred,1.2.0,synthetic,true,SRC-SYNTH,2026-09-13T00:00:00+08:00,0.88,synthetic,not_applicable,,team_generated,false,dev
JOB-AI-ALG-0018-SKILL-025,JOB-AI-ALG-0018,SKILL-025,51,0.0625,preferred,1.2.0,synthetic,true,SRC-SYNTH,2026-09-13T00:00:00+08:00,0.88,synthetic,not_applicable,,team_generated,false,dev
JOB-AI-ALG-0018-SKILL-033,JOB-AI-ALG-0018,SKILL-033,51,0.0625,preferred,1.2.0,synthetic,true,SRC-SYNTH,2026-09-13T00:00:00+08:00,0.88,synthetic,not_applicable,,team_generated,false,dev
JOB-AI-ALG-0018-SKILL-036,JOB-AI-ALG-0018,SKILL-036,50,0.0625,preferred,1.2.0,synthetic,true,SRC-SYNTH,2026-09-13T00:00:00+08:00,0.88,synthetic,not_applicable,,team_generated,false,dev
JOB-AI-ALG-0018-SKILL-048,JOB-AI-ALG-0018,SKILL-048,50,0.0625,preferred,1.2.0,synthetic,true,SRC-SYNTH,2026-09-13T00:00:00+08:00,0.88,synthetic,not_applicable,,team_generated,false,dev
JOB-AI-ALG-0019-SKILL-002,JOB-AI-ALG-0019,SKILL-002,75,0.058824,required,1.2.0,synthetic,true,SRC-SYNTH,2026-09-13T00:00:00+08:00,0.88,synthetic,not_applicable,,team_generated,false,dev
JOB-AI-ALG-0019-SKILL-010,JOB-AI-ALG-0019,SKILL-010,69,0.058824,required,1.2.0,synthetic,true,SRC-SYNTH,2026-09-13T00:00:00+08:00,0.88,synthetic,not_applicable,,team_generated,false,dev
JOB-AI-ALG-0019-SKILL-011,JOB-AI-ALG-0019,SKILL-011,69,0.058824,required,1.2.0,synthetic,true,SRC-SYNTH,2026-09-13T00:00:00+08:00,0.88,synthetic,not_applicable,,team_generated,false,dev
JOB-AI-ALG-0019-SKILL-017,JOB-AI-ALG-0019,SKILL-017,68,0.058824,required,1.2.0,synthetic,true,SRC-SYNTH,2026-09-13T00:00:00+08:00,0.88,synthetic,not_applicable,,team_generated,false,dev
JOB-AI-ALG-0019-SKILL-018,JOB-AI-ALG-0019,SKILL-018,68,0.058824,required,1.2.0,synthetic,true,SRC-SYNTH,2026-09-13T00:00:00+08:00,0.88,synthetic,not_applicable,,team_generated,false,dev
JOB-AI-ALG-0019-SKILL-019,JOB-AI-ALG-0019,SKILL-019,68,0.058824,required,1.2.0,synthetic,true,SRC-SYNTH,2026-09-13T00:00:00+08:00,0.88,synthetic,not_applicable,,team_generated,false,dev
JOB-AI-ALG-0019-SKILL-020,JOB-AI-ALG-0019,SKILL-020,62,0.058824,required,1.2.0,synthetic,true,SRC-SYNTH,2026-09-13T00:00:00+08:00,0.88,synthetic,not_applicable,,team_generated,false,dev
JOB-AI-ALG-0019-SKILL-021,JOB-AI-ALG-0019,SKILL-021,62,0.058824,required,1.2.0,synthetic,true,SRC-SYNTH,2026-09-13T00:00:00+08:00,0.88,synthetic,not_applicable,,team_generated,false,dev
JOB-AI-ALG-0019-SKILL-022,JOB-AI-ALG-0019,SKILL-022,61,0.058824,required,1.2.0,synthetic,true,SRC-SYNTH,2026-09-13T00:00:00+08:00,0.88,synthetic,not_applicable,,team_generated,false,dev
JOB-AI-ALG-0019-SKILL-023,JOB-AI-ALG-0019,SKILL-023,57,0.058824,required,1.2.0,synthetic,true,SRC-SYNTH,2026-09-13T00:00:00+08:00,0.88,synthetic,not_applicable,,team_generated,false,dev
JOB-AI-ALG-0019-SKILL-024,JOB-AI-ALG-0019,SKILL-024,57,0.058824,required,1.2.0,synthetic,true,SRC-SYNTH,2026-09-13T00:00:00+08:00,0.88,synthetic,not_applicable,,team_generated,false,dev
JOB-AI-ALG-0019-SKILL-025,JOB-AI-ALG-0019,SKILL-025,51,0.058824,required,1.2.0,synthetic,true,SRC-SYNTH,2026-09-13T00:00:00+08:00,0.88,synthetic,not_applicable,,team_generated,false,dev
JOB-AI-ALG-0019-SKILL-033,JOB-AI-ALG-0019,SKILL-033,51,0.058824,preferred,1.2.0,synthetic,true,SRC-SYNTH,2026-09-13T00:00:00+08:00,0.88,synthetic,not_applicable,,team_generated,false,dev
JOB-AI-ALG-0019-SKILL-036,JOB-AI-ALG-0019,SKILL-036,50,0.058824,preferred,1.2.0,synthetic,true,SRC-SYNTH,2026-09-13T00:00:00+08:00,0.88,synthetic,not_applicable,,team_generated,false,dev
JOB-AI-ALG-0019-SKILL-048,JOB-AI-ALG-0019,SKILL-048,50,0.058824,preferred,1.2.0,synthetic,true,SRC-SYNTH,2026-09-13T00:00:00+08:00,0.88,synthetic,not_applicable,,team_generated,false,dev
JOB-AI-ALG-0019-SKILL-058,JOB-AI-ALG-0019,SKILL-058,50,0.058824,preferred,1.2.0,synthetic,true,SRC-SYNTH,2026-09-13T00:00:00+08:00,0.88,synthetic,not_applicable,,team_generated,false,dev
JOB-AI-ALG-0019-SKILL-054,JOB-AI-ALG-0019,SKILL-054,45,0.058816,preferred,1.2.0,synthetic,true,SRC-SYNTH,2026-09-13T00:00:00+08:00,0.88,synthetic,not_applicable,,team_generated,false,dev
JOB-AI-ALG-0020-SKILL-010,JOB-AI-ALG-0020,SKILL-010,69,0.055556,required,1.2.0,synthetic,true,SRC-SYNTH,2026-09-13T00:00:00+08:00,0.88,synthetic,not_applicable,,team_generated,false,dev
JOB-AI-ALG-0020-SKILL-011,JOB-AI-ALG-0020,SKILL-011,69,0.055556,required,1.2.0,synthetic,true,SRC-SYNTH,2026-09-13T00:00:00+08:00,0.88,synthetic,not_applicable,,team_generated,false,dev
JOB-AI-ALG-0020-SKILL-017,JOB-AI-ALG-0020,SKILL-017,68,0.055556,required,1.2.0,synthetic,true,SRC-SYNTH,2026-09-13T00:00:00+08:00,0.88,synthetic,not_applicable,,team_generated,false,dev
JOB-AI-ALG-0020-SKILL-018,JOB-AI-ALG-0020,SKILL-018,68,0.055556,required,1.2.0,synthetic,true,SRC-SYNTH,2026-09-13T00:00:00+08:00,0.88,synthetic,not_applicable,,team_generated,false,dev
JOB-AI-ALG-0020-SKILL-019,JOB-AI-ALG-0020,SKILL-019,68,0.055556,required,1.2.0,synthetic,true,SRC-SYNTH,2026-09-13T00:00:00+08:00,0.88,synthetic,not_applicable,,team_generated,false,dev
JOB-AI-ALG-0020-SKILL-020,JOB-AI-ALG-0020,SKILL-020,62,0.055556,required,1.2.0,synthetic,true,SRC-SYNTH,2026-09-13T00:00:00+08:00,0.88,synthetic,not_applicable,,team_generated,false,dev
JOB-AI-ALG-0020-SKILL-021,JOB-AI-ALG-0020,SKILL-021,62,0.055556,required,1.2.0,synthetic,true,SRC-SYNTH,2026-09-13T00:00:00+08:00,0.88,synthetic,not_applicable,,team_generated,false,dev
JOB-AI-ALG-0020-SKILL-022,JOB-AI-ALG-0020,SKILL-022,61,0.055556,required,1.2.0,synthetic,true,SRC-SYNTH,2026-09-13T00:00:00+08:00,0.88,synthetic,not_applicable,,team_generated,false,dev
JOB-AI-ALG-0020-SKILL-023,JOB-AI-ALG-0020,SKILL-023,57,0.055556,required,1.2.0,synthetic,true,SRC-SYNTH,2026-09-13T00:00:00+08:00,0.88,synthetic,not_applicable,,team_generated,false,dev
JOB-AI-ALG-0020-SKILL-024,JOB-AI-ALG-0020,SKILL-024,57,0.055556,required,1.2.0,synthetic,true,SRC-SYNTH,2026-09-13T00:00:00+08:00,0.88,synthetic,not_applicable,,team_generated,false,dev
JOB-AI-ALG-0020-SKILL-025,JOB-AI-ALG-0020,SKILL-025,51,0.055556,required,1.2.0,synthetic,true,SRC-SYNTH,2026-09-13T00:00:00+08:00,0.88,synthetic,not_applicable,,team_generated,false,dev
JOB-AI-ALG-0020-SKILL-033,JOB-AI-ALG-0020,SKILL-033,51,0.055556,required,1.2.0,synthetic,true,SRC-SYNTH,2026-09-13T00:00:00+08:00,0.88,synthetic,not_applicable,,team_generated,false,dev
JOB-AI-ALG-0020-SKILL-036,JOB-AI-ALG-0020,SKILL-036,50,0.055556,preferred,1.2.0,synthetic,true,SRC-SYNTH,2026-09-13T00:00:00+08:00,0.88,synthetic,not_applicable,,team_generated,false,dev
JOB-AI-ALG-0020-SKILL-048,JOB-AI-ALG-0020,SKILL-048,50,0.055556,preferred,1.2.0,synthetic,true,SRC-SYNTH,2026-09-13T00:00:00+08:00,0.88,synthetic,not_applicable,,team_generated,false,dev
JOB-AI-ALG-0020-SKILL-058,JOB-AI-ALG-0020,SKILL-058,50,0.055556,preferred,1.2.0,synthetic,true,SRC-SYNTH,2026-09-13T00:00:00+08:00,0.88,synthetic,not_applicable,,team_generated,false,dev
JOB-AI-ALG-0020-SKILL-054,JOB-AI-ALG-0020,SKILL-054,45,0.055556,preferred,1.2.0,synthetic,true,SRC-SYNTH,2026-09-13T00:00:00+08:00,0.88,synthetic,not_applicable,,team_generated,false,dev
JOB-AI-ALG-0020-SKILL-001,JOB-AI-ALG-0020,SKILL-001,73,0.055556,preferred,1.2.0,synthetic,true,SRC-SYNTH,2026-09-13T00:00:00+08:00,0.88,synthetic,not_applicable,,team_generated,false,dev
JOB-AI-ALG-0020-SKILL-002,JOB-AI-ALG-0020,SKILL-002,73,0.055548,preferred,1.2.0,synthetic,true,SRC-SYNTH,2026-09-13T00:00:00+08:00,0.88,synthetic,not_applicable,,team_generated,false,dev
JOB-AI-APP-0001-SKILL-007,JOB-AI-APP-0001,SKILL-007,68,0.076923,required,1.2.0,synthetic,true,SRC-SYNTH,2026-09-13T00:00:00+08:00,0.88,synthetic,not_applicable,,team_generated,false,dev
JOB-AI-APP-0001-SKILL-008,JOB-AI-APP-0001,SKILL-008,67,0.076923,required,1.2.0,synthetic,true,SRC-SYNTH,2026-09-13T00:00:00+08:00,0.88,synthetic,not_applicable,,team_generated,false,dev
JOB-AI-APP-0001-SKILL-009,JOB-AI-APP-0001,SKILL-009,67,0.076923,required,1.2.0,synthetic,true,SRC-SYNTH,2026-09-13T00:00:00+08:00,0.88,synthetic,not_applicable,,team_generated,false,dev
JOB-AI-APP-0001-SKILL-025,JOB-AI-APP-0001,SKILL-025,66,0.076923,required,1.2.0,synthetic,true,SRC-SYNTH,2026-09-13T00:00:00+08:00,0.88,synthetic,not_applicable,,team_generated,false,dev
JOB-AI-APP-0001-SKILL-026,JOB-AI-APP-0001,SKILL-026,61,0.076923,required,1.2.0,synthetic,true,SRC-SYNTH,2026-09-13T00:00:00+08:00,0.88,synthetic,not_applicable,,team_generated,false,dev
JOB-AI-APP-0001-SKILL-027,JOB-AI-APP-0001,SKILL-027,61,0.076923,required,1.2.0,synthetic,true,SRC-SYNTH,2026-09-13T00:00:00+08:00,0.88,synthetic,not_applicable,,team_generated,false,dev
JOB-AI-APP-0001-SKILL-028,JOB-AI-APP-0001,SKILL-028,60,0.076923,required,1.2.0,synthetic,true,SRC-SYNTH,2026-09-13T00:00:00+08:00,0.88,synthetic,not_applicable,,team_generated,false,dev
JOB-AI-APP-0001-SKILL-029,JOB-AI-APP-0001,SKILL-029,60,0.076923,required,1.2.0,synthetic,true,SRC-SYNTH,2026-09-13T00:00:00+08:00,0.88,synthetic,not_applicable,,team_generated,false,dev
JOB-AI-APP-0001-SKILL-030,JOB-AI-APP-0001,SKILL-030,59,0.076923,required,1.2.0,synthetic,true,SRC-SYNTH,2026-09-13T00:00:00+08:00,0.88,synthetic,not_applicable,,team_generated,false,dev
JOB-AI-APP-0001-SKILL-034,JOB-AI-APP-0001,SKILL-034,54,0.076923,preferred,1.2.0,synthetic,true,SRC-SYNTH,2026-09-13T00:00:00+08:00,0.88,synthetic,not_applicable,,team_generated,false,dev
JOB-AI-APP-0001-SKILL-035,JOB-AI-APP-0001,SKILL-035,54,0.076923,preferred,1.2.0,synthetic,true,SRC-SYNTH,2026-09-13T00:00:00+08:00,0.88,synthetic,not_applicable,,team_generated,false,dev
JOB-AI-APP-0001-SKILL-036,JOB-AI-APP-0001,SKILL-036,53,0.076923,preferred,1.2.0,synthetic,true,SRC-SYNTH,2026-09-13T00:00:00+08:00,0.88,synthetic,not_applicable,,team_generated,false,dev
JOB-AI-APP-0001-SKILL-037,JOB-AI-APP-0001,SKILL-037,53,0.076924,preferred,1.2.0,synthetic,true,SRC-SYNTH,2026-09-13T00:00:00+08:00,0.88,synthetic,not_applicable,,team_generated,false,dev
JOB-AI-APP-0002-SKILL-008,JOB-AI-APP-0002,SKILL-008,67,0.071429,required,1.2.0,synthetic,true,SRC-SYNTH,2026-09-13T00:00:00+08:00,0.88,synthetic,not_applicable,,team_generated,false,dev
JOB-AI-APP-0002-SKILL-009,JOB-AI-APP-0002,SKILL-009,67,0.071429,required,1.2.0,synthetic,true,SRC-SYNTH,2026-09-13T00:00:00+08:00,0.88,synthetic,not_applicable,,team_generated,false,dev
JOB-AI-APP-0002-SKILL-025,JOB-AI-APP-0002,SKILL-025,66,0.071429,required,1.2.0,synthetic,true,SRC-SYNTH,2026-09-13T00:00:00+08:00,0.88,synthetic,not_applicable,,team_generated,false,dev
JOB-AI-APP-0002-SKILL-026,JOB-AI-APP-0002,SKILL-026,61,0.071429,required,1.2.0,synthetic,true,SRC-SYNTH,2026-09-13T00:00:00+08:00,0.88,synthetic,not_applicable,,team_generated,false,dev
JOB-AI-APP-0002-SKILL-027,JOB-AI-APP-0002,SKILL-027,61,0.071429,required,1.2.0,synthetic,true,SRC-SYNTH,2026-09-13T00:00:00+08:00,0.88,synthetic,not_applicable,,team_generated,false,dev
JOB-AI-APP-0002-SKILL-028,JOB-AI-APP-0002,SKILL-028,60,0.071429,required,1.2.0,synthetic,true,SRC-SYNTH,2026-09-13T00:00:00+08:00,0.88,synthetic,not_applicable,,team_generated,false,dev
JOB-AI-APP-0002-SKILL-029,JOB-AI-APP-0002,SKILL-029,60,0.071429,required,1.2.0,synthetic,true,SRC-SYNTH,2026-09-13T00:00:00+08:00,0.88,synthetic,not_applicable,,team_generated,false,dev
JOB-AI-APP-0002-SKILL-030,JOB-AI-APP-0002,SKILL-030,59,0.071429,required,1.2.0,synthetic,true,SRC-SYNTH,2026-09-13T00:00:00+08:00,0.88,synthetic,not_applicable,,team_generated,false,dev
JOB-AI-APP-0002-SKILL-034,JOB-AI-APP-0002,SKILL-034,54,0.071429,required,1.2.0,synthetic,true,SRC-SYNTH,2026-09-13T00:00:00+08:00,0.88,synthetic,not_applicable,,team_generated,false,dev
JOB-AI-APP-0002-SKILL-035,JOB-AI-APP-0002,SKILL-035,54,0.071429,required,1.2.0,synthetic,true,SRC-SYNTH,2026-09-13T00:00:00+08:00,0.88,synthetic,not_applicable,,team_generated,false,dev
JOB-AI-APP-0002-SKILL-036,JOB-AI-APP-0002,SKILL-036,53,0.071429,preferred,1.2.0,synthetic,true,SRC-SYNTH,2026-09-13T00:00:00+08:00,0.88,synthetic,not_applicable,,team_generated,false,dev
JOB-AI-APP-0002-SKILL-037,JOB-AI-APP-0002,SKILL-037,53,0.071429,preferred,1.2.0,synthetic,true,SRC-SYNTH,2026-09-13T00:00:00+08:00,0.88,synthetic,not_applicable,,team_generated,false,dev
JOB-AI-APP-0002-SKILL-038,JOB-AI-APP-0002,SKILL-038,52,0.071429,preferred,1.2.0,synthetic,true,SRC-SYNTH,2026-09-13T00:00:00+08:00,0.88,synthetic,not_applicable,,team_generated,false,dev
JOB-AI-APP-0002-SKILL-039,JOB-AI-APP-0002,SKILL-039,47,0.071423,preferred,1.2.0,synthetic,true,SRC-SYNTH,2026-09-13T00:00:00+08:00,0.88,synthetic,not_applicable,,team_generated,false,dev
JOB-AI-APP-0003-SKILL-009,JOB-AI-APP-0003,SKILL-009,67,0.066667,required,1.2.0,synthetic,true,SRC-SYNTH,2026-09-13T00:00:00+08:00,0.88,synthetic,not_applicable,,team_generated,false,dev
JOB-AI-APP-0003-SKILL-025,JOB-AI-APP-0003,SKILL-025,66,0.066667,required,1.2.0,synthetic,true,SRC-SYNTH,2026-09-13T00:00:00+08:00,0.88,synthetic,not_applicable,,team_generated,false,dev
JOB-AI-APP-0003-SKILL-026,JOB-AI-APP-0003,SKILL-026,61,0.066667,required,1.2.0,synthetic,true,SRC-SYNTH,2026-09-13T00:00:00+08:00,0.88,synthetic,not_applicable,,team_generated,false,dev
JOB-AI-APP-0003-SKILL-027,JOB-AI-APP-0003,SKILL-027,61,0.066667,required,1.2.0,synthetic,true,SRC-SYNTH,2026-09-13T00:00:00+08:00,0.88,synthetic,not_applicable,,team_generated,false,dev
JOB-AI-APP-0003-SKILL-028,JOB-AI-APP-0003,SKILL-028,60,0.066667,required,1.2.0,synthetic,true,SRC-SYNTH,2026-09-13T00:00:00+08:00,0.88,synthetic,not_applicable,,team_generated,false,dev
JOB-AI-APP-0003-SKILL-029,JOB-AI-APP-0003,SKILL-029,60,0.066667,required,1.2.0,synthetic,true,SRC-SYNTH,2026-09-13T00:00:00+08:00,0.88,synthetic,not_applicable,,team_generated,false,dev
JOB-AI-APP-0003-SKILL-030,JOB-AI-APP-0003,SKILL-030,59,0.066667,required,1.2.0,synthetic,true,SRC-SYNTH,2026-09-13T00:00:00+08:00,0.88,synthetic,not_applicable,,team_generated,false,dev
JOB-AI-APP-0003-SKILL-034,JOB-AI-APP-0003,SKILL-034,54,0.066667,required,1.2.0,synthetic,true,SRC-SYNTH,2026-09-13T00:00:00+08:00,0.88,synthetic,not_applicable,,team_generated,false,dev
JOB-AI-APP-0003-SKILL-035,JOB-AI-APP-0003,SKILL-035,54,0.066667,required,1.2.0,synthetic,true,SRC-SYNTH,2026-09-13T00:00:00+08:00,0.88,synthetic,not_applicable,,team_generated,false,dev
JOB-AI-APP-0003-SKILL-036,JOB-AI-APP-0003,SKILL-036,53,0.066667,required,1.2.0,synthetic,true,SRC-SYNTH,2026-09-13T00:00:00+08:00,0.88,synthetic,not_applicable,,team_generated,false,dev
JOB-AI-APP-0003-SKILL-037,JOB-AI-APP-0003,SKILL-037,53,0.066667,preferred,1.2.0,synthetic,true,SRC-SYNTH,2026-09-13T00:00:00+08:00,0.88,synthetic,not_applicable,,team_generated,false,dev
JOB-AI-APP-0003-SKILL-038,JOB-AI-APP-0003,SKILL-038,52,0.066667,preferred,1.2.0,synthetic,true,SRC-SYNTH,2026-09-13T00:00:00+08:00,0.88,synthetic,not_applicable,,team_generated,false,dev
JOB-AI-APP-0003-SKILL-039,JOB-AI-APP-0003,SKILL-039,47,0.066667,preferred,1.2.0,synthetic,true,SRC-SYNTH,2026-09-13T00:00:00+08:00,0.88,synthetic,not_applicable,,team_generated,false,dev
JOB-AI-APP-0003-SKILL-043,JOB-AI-APP-0003,SKILL-043,47,0.066667,preferred,1.2.0,synthetic,true,SRC-SYNTH,2026-09-13T00:00:00+08:00,0.88,synthetic,not_applicable,,team_generated,false,dev
JOB-AI-APP-0003-SKILL-050,JOB-AI-APP-0003,SKILL-050,47,0.066662,preferred,1.2.0,synthetic,true,SRC-SYNTH,2026-09-13T00:00:00+08:00,0.88,synthetic,not_applicable,,team_generated,false,dev
JOB-AI-APP-0004-SKILL-025,JOB-AI-APP-0004,SKILL-025,66,0.0625,required,1.2.0,synthetic,true,SRC-SYNTH,2026-09-13T00:00:00+08:00,0.88,synthetic,not_applicable,,team_generated,false,dev
JOB-AI-APP-0004-SKILL-026,JOB-AI-APP-0004,SKILL-026,61,0.0625,required,1.2.0,synthetic,true,SRC-SYNTH,2026-09-13T00:00:00+08:00,0.88,synthetic,not_applicable,,team_generated,false,dev
JOB-AI-APP-0004-SKILL-027,JOB-AI-APP-0004,SKILL-027,61,0.0625,required,1.2.0,synthetic,true,SRC-SYNTH,2026-09-13T00:00:00+08:00,0.88,synthetic,not_applicable,,team_generated,false,dev
JOB-AI-APP-0004-SKILL-028,JOB-AI-APP-0004,SKILL-028,60,0.0625,required,1.2.0,synthetic,true,SRC-SYNTH,2026-09-13T00:00:00+08:00,0.88,synthetic,not_applicable,,team_generated,false,dev
JOB-AI-APP-0004-SKILL-029,JOB-AI-APP-0004,SKILL-029,60,0.0625,required,1.2.0,synthetic,true,SRC-SYNTH,2026-09-13T00:00:00+08:00,0.88,synthetic,not_applicable,,team_generated,false,dev
JOB-AI-APP-0004-SKILL-030,JOB-AI-APP-0004,SKILL-030,59,0.0625,required,1.2.0,synthetic,true,SRC-SYNTH,2026-09-13T00:00:00+08:00,0.88,synthetic,not_applicable,,team_generated,false,dev
JOB-AI-APP-0004-SKILL-034,JOB-AI-APP-0004,SKILL-034,54,0.0625,required,1.2.0,synthetic,true,SRC-SYNTH,2026-09-13T00:00:00+08:00,0.88,synthetic,not_applicable,,team_generated,false,dev
JOB-AI-APP-0004-SKILL-035,JOB-AI-APP-0004,SKILL-035,54,0.0625,required,1.2.0,synthetic,true,SRC-SYNTH,2026-09-13T00:00:00+08:00,0.88,synthetic,not_applicable,,team_generated,false,dev
JOB-AI-APP-0004-SKILL-036,JOB-AI-APP-0004,SKILL-036,53,0.0625,required,1.2.0,synthetic,true,SRC-SYNTH,2026-09-13T00:00:00+08:00,0.88,synthetic,not_applicable,,team_generated,false,dev
JOB-AI-APP-0004-SKILL-037,JOB-AI-APP-0004,SKILL-037,53,0.0625,required,1.2.0,synthetic,true,SRC-SYNTH,2026-09-13T00:00:00+08:00,0.88,synthetic,not_applicable,,team_generated,false,dev
JOB-AI-APP-0004-SKILL-038,JOB-AI-APP-0004,SKILL-038,52,0.0625,required,1.2.0,synthetic,true,SRC-SYNTH,2026-09-13T00:00:00+08:00,0.88,synthetic,not_applicable,,team_generated,false,dev
JOB-AI-APP-0004-SKILL-039,JOB-AI-APP-0004,SKILL-039,47,0.0625,preferred,1.2.0,synthetic,true,SRC-SYNTH,2026-09-13T00:00:00+08:00,0.88,synthetic,not_applicable,,team_generated,false,dev
JOB-AI-APP-0004-SKILL-043,JOB-AI-APP-0004,SKILL-043,47,0.0625,preferred,1.2.0,synthetic,true,SRC-SYNTH,2026-09-13T00:00:00+08:00,0.88,synthetic,not_applicable,,team_generated,false,dev
JOB-AI-APP-0004-SKILL-050,JOB-AI-APP-0004,SKILL-050,47,0.0625,preferred,1.2.0,synthetic,true,SRC-SYNTH,2026-09-13T00:00:00+08:00,0.88,synthetic,not_applicable,,team_generated,false,dev
JOB-AI-APP-0004-SKILL-001,JOB-AI-APP-0004,SKILL-001,71,0.0625,preferred,1.2.0,synthetic,true,SRC-SYNTH,2026-09-13T00:00:00+08:00,0.88,synthetic,not_applicable,,team_generated,false,dev
JOB-AI-APP-0004-SKILL-007,JOB-AI-APP-0004,SKILL-007,71,0.0625,preferred,1.2.0,synthetic,true,SRC-SYNTH,2026-09-13T00:00:00+08:00,0.88,synthetic,not_applicable,,team_generated,false,dev
JOB-AI-APP-0005-SKILL-026,JOB-AI-APP-0005,SKILL-026,61,0.058824,required,1.2.0,synthetic,true,SRC-SYNTH,2026-09-13T00:00:00+08:00,0.88,synthetic,not_applicable,,team_generated,false,dev
JOB-AI-APP-0005-SKILL-027,JOB-AI-APP-0005,SKILL-027,61,0.058824,required,1.2.0,synthetic,true,SRC-SYNTH,2026-09-13T00:00:00+08:00,0.88,synthetic,not_applicable,,team_generated,false,dev
JOB-AI-APP-0005-SKILL-028,JOB-AI-APP-0005,SKILL-028,60,0.058824,required,1.2.0,synthetic,true,SRC-SYNTH,2026-09-13T00:00:00+08:00,0.88,synthetic,not_applicable,,team_generated,false,dev
JOB-AI-APP-0005-SKILL-029,JOB-AI-APP-0005,SKILL-029,60,0.058824,required,1.2.0,synthetic,true,SRC-SYNTH,2026-09-13T00:00:00+08:00,0.88,synthetic,not_applicable,,team_generated,false,dev
JOB-AI-APP-0005-SKILL-030,JOB-AI-APP-0005,SKILL-030,59,0.058824,required,1.2.0,synthetic,true,SRC-SYNTH,2026-09-13T00:00:00+08:00,0.88,synthetic,not_applicable,,team_generated,false,dev
JOB-AI-APP-0005-SKILL-034,JOB-AI-APP-0005,SKILL-034,54,0.058824,required,1.2.0,synthetic,true,SRC-SYNTH,2026-09-13T00:00:00+08:00,0.88,synthetic,not_applicable,,team_generated,false,dev
JOB-AI-APP-0005-SKILL-035,JOB-AI-APP-0005,SKILL-035,54,0.058824,required,1.2.0,synthetic,true,SRC-SYNTH,2026-09-13T00:00:00+08:00,0.88,synthetic,not_applicable,,team_generated,false,dev
JOB-AI-APP-0005-SKILL-036,JOB-AI-APP-0005,SKILL-036,53,0.058824,required,1.2.0,synthetic,true,SRC-SYNTH,2026-09-13T00:00:00+08:00,0.88,synthetic,not_applicable,,team_generated,false,dev
JOB-AI-APP-0005-SKILL-037,JOB-AI-APP-0005,SKILL-037,53,0.058824,required,1.2.0,synthetic,true,SRC-SYNTH,2026-09-13T00:00:00+08:00,0.88,synthetic,not_applicable,,team_generated,false,dev
JOB-AI-APP-0005-SKILL-038,JOB-AI-APP-0005,SKILL-038,52,0.058824,required,1.2.0,synthetic,true,SRC-SYNTH,2026-09-13T00:00:00+08:00,0.88,synthetic,not_applicable,,team_generated,false,dev
JOB-AI-APP-0005-SKILL-039,JOB-AI-APP-0005,SKILL-039,47,0.058824,required,1.2.0,synthetic,true,SRC-SYNTH,2026-09-13T00:00:00+08:00,0.88,synthetic,not_applicable,,team_generated,false,dev
JOB-AI-APP-0005-SKILL-043,JOB-AI-APP-0005,SKILL-043,47,0.058824,required,1.2.0,synthetic,true,SRC-SYNTH,2026-09-13T00:00:00+08:00,0.88,synthetic,not_applicable,,team_generated,false,dev
JOB-AI-APP-0005-SKILL-050,JOB-AI-APP-0005,SKILL-050,47,0.058824,preferred,1.2.0,synthetic,true,SRC-SYNTH,2026-09-13T00:00:00+08:00,0.88,synthetic,not_applicable,,team_generated,false,dev
JOB-AI-APP-0005-SKILL-001,JOB-AI-APP-0005,SKILL-001,71,0.058824,preferred,1.2.0,synthetic,true,SRC-SYNTH,2026-09-13T00:00:00+08:00,0.88,synthetic,not_applicable,,team_generated,false,dev
JOB-AI-APP-0005-SKILL-007,JOB-AI-APP-0005,SKILL-007,71,0.058824,preferred,1.2.0,synthetic,true,SRC-SYNTH,2026-09-13T00:00:00+08:00,0.88,synthetic,not_applicable,,team_generated,false,dev
JOB-AI-APP-0005-SKILL-008,JOB-AI-APP-0005,SKILL-008,65,0.058824,preferred,1.2.0,synthetic,true,SRC-SYNTH,2026-09-13T00:00:00+08:00,0.88,synthetic,not_applicable,,team_generated,false,dev
JOB-AI-APP-0005-SKILL-009,JOB-AI-APP-0005,SKILL-009,65,0.058816,preferred,1.2.0,synthetic,true,SRC-SYNTH,2026-09-13T00:00:00+08:00,0.88,synthetic,not_applicable,,team_generated,false,dev
JOB-AI-APP-0006-SKILL-027,JOB-AI-APP-0006,SKILL-027,61,0.055556,required,1.2.0,synthetic,true,SRC-SYNTH,2026-09-13T00:00:00+08:00,0.88,synthetic,not_applicable,,team_generated,false,dev
JOB-AI-APP-0006-SKILL-028,JOB-AI-APP-0006,SKILL-028,60,0.055556,required,1.2.0,synthetic,true,SRC-SYNTH,2026-09-13T00:00:00+08:00,0.88,synthetic,not_applicable,,team_generated,false,dev
JOB-AI-APP-0006-SKILL-029,JOB-AI-APP-0006,SKILL-029,60,0.055556,required,1.2.0,synthetic,true,SRC-SYNTH,2026-09-13T00:00:00+08:00,0.88,synthetic,not_applicable,,team_generated,false,dev
JOB-AI-APP-0006-SKILL-030,JOB-AI-APP-0006,SKILL-030,59,0.055556,required,1.2.0,synthetic,true,SRC-SYNTH,2026-09-13T00:00:00+08:00,0.88,synthetic,not_applicable,,team_generated,false,dev
JOB-AI-APP-0006-SKILL-034,JOB-AI-APP-0006,SKILL-034,54,0.055556,required,1.2.0,synthetic,true,SRC-SYNTH,2026-09-13T00:00:00+08:00,0.88,synthetic,not_applicable,,team_generated,false,dev
JOB-AI-APP-0006-SKILL-035,JOB-AI-APP-0006,SKILL-035,54,0.055556,required,1.2.0,synthetic,true,SRC-SYNTH,2026-09-13T00:00:00+08:00,0.88,synthetic,not_applicable,,team_generated,false,dev
JOB-AI-APP-0006-SKILL-036,JOB-AI-APP-0006,SKILL-036,53,0.055556,required,1.2.0,synthetic,true,SRC-SYNTH,2026-09-13T00:00:00+08:00,0.88,synthetic,not_applicable,,team_generated,false,dev
JOB-AI-APP-0006-SKILL-037,JOB-AI-APP-0006,SKILL-037,53,0.055556,required,1.2.0,synthetic,true,SRC-SYNTH,2026-09-13T00:00:00+08:00,0.88,synthetic,not_applicable,,team_generated,false,dev
JOB-AI-APP-0006-SKILL-038,JOB-AI-APP-0006,SKILL-038,52,0.055556,required,1.2.0,synthetic,true,SRC-SYNTH,2026-09-13T00:00:00+08:00,0.88,synthetic,not_applicable,,team_generated,false,dev
JOB-AI-APP-0006-SKILL-039,JOB-AI-APP-0006,SKILL-039,47,0.055556,required,1.2.0,synthetic,true,SRC-SYNTH,2026-09-13T00:00:00+08:00,0.88,synthetic,not_applicable,,team_generated,false,dev
JOB-AI-APP-0006-SKILL-043,JOB-AI-APP-0006,SKILL-043,47,0.055556,required,1.2.0,synthetic,true,SRC-SYNTH,2026-09-13T00:00:00+08:00,0.88,synthetic,not_applicable,,team_generated,false,dev
JOB-AI-APP-0006-SKILL-050,JOB-AI-APP-0006,SKILL-050,47,0.055556,required,1.2.0,synthetic,true,SRC-SYNTH,2026-09-13T00:00:00+08:00,0.88,synthetic,not_applicable,,team_generated,false,dev
JOB-AI-APP-0006-SKILL-001,JOB-AI-APP-0006,SKILL-001,71,0.055556,preferred,1.2.0,synthetic,true,SRC-SYNTH,2026-09-13T00:00:00+08:00,0.88,synthetic,not_applicable,,team_generated,false,dev
JOB-AI-APP-0006-SKILL-007,JOB-AI-APP-0006,SKILL-007,71,0.055556,preferred,1.2.0,synthetic,true,SRC-SYNTH,2026-09-13T00:00:00+08:00,0.88,synthetic,not_applicable,,team_generated,false,dev
JOB-AI-APP-0006-SKILL-008,JOB-AI-APP-0006,SKILL-008,65,0.055556,preferred,1.2.0,synthetic,true,SRC-SYNTH,2026-09-13T00:00:00+08:00,0.88,synthetic,not_applicable,,team_generated,false,dev
JOB-AI-APP-0006-SKILL-009,JOB-AI-APP-0006,SKILL-009,65,0.055556,preferred,1.2.0,synthetic,true,SRC-SYNTH,2026-09-13T00:00:00+08:00,0.88,synthetic,not_applicable,,team_generated,false,dev
JOB-AI-APP-0006-SKILL-025,JOB-AI-APP-0006,SKILL-025,64,0.055556,preferred,1.2.0,synthetic,true,SRC-SYNTH,2026-09-13T00:00:00+08:00,0.88,synthetic,not_applicable,,team_generated,false,dev
JOB-AI-APP-0006-SKILL-026,JOB-AI-APP-0006,SKILL-026,64,0.055548,preferred,1.2.0,synthetic,true,SRC-SYNTH,2026-09-13T00:00:00+08:00,0.88,synthetic,not_applicable,,team_generated,false,dev
JOB-AI-APP-0007-SKILL-028,JOB-AI-APP-0007,SKILL-028,60,0.083333,required,1.2.0,synthetic,true,SRC-SYNTH,2026-09-13T00:00:00+08:00,0.88,synthetic,not_applicable,,team_generated,false,dev
JOB-AI-APP-0007-SKILL-029,JOB-AI-APP-0007,SKILL-029,60,0.083333,required,1.2.0,synthetic,true,SRC-SYNTH,2026-09-13T00:00:00+08:00,0.88,synthetic,not_applicable,,team_generated,false,dev
JOB-AI-APP-0007-SKILL-030,JOB-AI-APP-0007,SKILL-030,59,0.083333,required,1.2.0,synthetic,true,SRC-SYNTH,2026-09-13T00:00:00+08:00,0.88,synthetic,not_applicable,,team_generated,false,dev
JOB-AI-APP-0007-SKILL-034,JOB-AI-APP-0007,SKILL-034,54,0.083333,required,1.2.0,synthetic,true,SRC-SYNTH,2026-09-13T00:00:00+08:00,0.88,synthetic,not_applicable,,team_generated,false,dev
JOB-AI-APP-0007-SKILL-035,JOB-AI-APP-0007,SKILL-035,54,0.083333,required,1.2.0,synthetic,true,SRC-SYNTH,2026-09-13T00:00:00+08:00,0.88,synthetic,not_applicable,,team_generated,false,dev
JOB-AI-APP-0007-SKILL-036,JOB-AI-APP-0007,SKILL-036,53,0.083333,required,1.2.0,synthetic,true,SRC-SYNTH,2026-09-13T00:00:00+08:00,0.88,synthetic,not_applicable,,team_generated,false,dev
JOB-AI-APP-0007-SKILL-037,JOB-AI-APP-0007,SKILL-037,53,0.083333,required,1.2.0,synthetic,true,SRC-SYNTH,2026-09-13T00:00:00+08:00,0.88,synthetic,not_applicable,,team_generated,false,dev
JOB-AI-APP-0007-SKILL-038,JOB-AI-APP-0007,SKILL-038,52,0.083333,required,1.2.0,synthetic,true,SRC-SYNTH,2026-09-13T00:00:00+08:00,0.88,synthetic,not_applicable,,team_generated,false,dev
JOB-AI-APP-0007-SKILL-039,JOB-AI-APP-0007,SKILL-039,47,0.083333,preferred,1.2.0,synthetic,true,SRC-SYNTH,2026-09-13T00:00:00+08:00,0.88,synthetic,not_applicable,,team_generated,false,dev
JOB-AI-APP-0007-SKILL-043,JOB-AI-APP-0007,SKILL-043,47,0.083333,preferred,1.2.0,synthetic,true,SRC-SYNTH,2026-09-13T00:00:00+08:00,0.88,synthetic,not_applicable,,team_generated,false,dev
JOB-AI-APP-0007-SKILL-050,JOB-AI-APP-0007,SKILL-050,47,0.083333,preferred,1.2.0,synthetic,true,SRC-SYNTH,2026-09-13T00:00:00+08:00,0.88,synthetic,not_applicable,,team_generated,false,dev
JOB-AI-APP-0007-SKILL-001,JOB-AI-APP-0007,SKILL-001,71,0.083337,preferred,1.2.0,synthetic,true,SRC-SYNTH,2026-09-13T00:00:00+08:00,0.88,synthetic,not_applicable,,team_generated,false,dev
JOB-AI-APP-0008-SKILL-029,JOB-AI-APP-0008,SKILL-029,60,0.076923,required,1.2.0,synthetic,true,SRC-SYNTH,2026-09-13T00:00:00+08:00,0.88,synthetic,not_applicable,,team_generated,false,dev
JOB-AI-APP-0008-SKILL-030,JOB-AI-APP-0008,SKILL-030,59,0.076923,required,1.2.0,synthetic,true,SRC-SYNTH,2026-09-13T00:00:00+08:00,0.88,synthetic,not_applicable,,team_generated,false,dev
JOB-AI-APP-0008-SKILL-034,JOB-AI-APP-0008,SKILL-034,54,0.076923,required,1.2.0,synthetic,true,SRC-SYNTH,2026-09-13T00:00:00+08:00,0.88,synthetic,not_applicable,,team_generated,false,dev
JOB-AI-APP-0008-SKILL-035,JOB-AI-APP-0008,SKILL-035,54,0.076923,required,1.2.0,synthetic,true,SRC-SYNTH,2026-09-13T00:00:00+08:00,0.88,synthetic,not_applicable,,team_generated,false,dev
JOB-AI-APP-0008-SKILL-036,JOB-AI-APP-0008,SKILL-036,53,0.076923,required,1.2.0,synthetic,true,SRC-SYNTH,2026-09-13T00:00:00+08:00,0.88,synthetic,not_applicable,,team_generated,false,dev
JOB-AI-APP-0008-SKILL-037,JOB-AI-APP-0008,SKILL-037,53,0.076923,required,1.2.0,synthetic,true,SRC-SYNTH,2026-09-13T00:00:00+08:00,0.88,synthetic,not_applicable,,team_generated,false,dev
JOB-AI-APP-0008-SKILL-038,JOB-AI-APP-0008,SKILL-038,52,0.076923,required,1.2.0,synthetic,true,SRC-SYNTH,2026-09-13T00:00:00+08:00,0.88,synthetic,not_applicable,,team_generated,false,dev
JOB-AI-APP-0008-SKILL-039,JOB-AI-APP-0008,SKILL-039,47,0.076923,required,1.2.0,synthetic,true,SRC-SYNTH,2026-09-13T00:00:00+08:00,0.88,synthetic,not_applicable,,team_generated,false,dev
JOB-AI-APP-0008-SKILL-043,JOB-AI-APP-0008,SKILL-043,47,0.076923,required,1.2.0,synthetic,true,SRC-SYNTH,2026-09-13T00:00:00+08:00,0.88,synthetic,not_applicable,,team_generated,false,dev
JOB-AI-APP-0008-SKILL-050,JOB-AI-APP-0008,SKILL-050,47,0.076923,preferred,1.2.0,synthetic,true,SRC-SYNTH,2026-09-13T00:00:00+08:00,0.88,synthetic,not_applicable,,team_generated,false,dev
JOB-AI-APP-0008-SKILL-001,JOB-AI-APP-0008,SKILL-001,71,0.076923,preferred,1.2.0,synthetic,true,SRC-SYNTH,2026-09-13T00:00:00+08:00,0.88,synthetic,not_applicable,,team_generated,false,dev
JOB-AI-APP-0008-SKILL-007,JOB-AI-APP-0008,SKILL-007,71,0.076923,preferred,1.2.0,synthetic,true,SRC-SYNTH,2026-09-13T00:00:00+08:00,0.88,synthetic,not_applicable,,team_generated,false,dev
JOB-AI-APP-0008-SKILL-008,JOB-AI-APP-0008,SKILL-008,65,0.076924,preferred,1.2.0,synthetic,true,SRC-SYNTH,2026-09-13T00:00:00+08:00,0.88,synthetic,not_applicable,,team_generated,false,dev
JOB-AI-APP-0009-SKILL-030,JOB-AI-APP-0009,SKILL-030,59,0.071429,required,1.2.0,synthetic,true,SRC-SYNTH,2026-09-13T00:00:00+08:00,0.88,synthetic,not_applicable,,team_generated,false,dev
JOB-AI-APP-0009-SKILL-034,JOB-AI-APP-0009,SKILL-034,54,0.071429,required,1.2.0,synthetic,true,SRC-SYNTH,2026-09-13T00:00:00+08:00,0.88,synthetic,not_applicable,,team_generated,false,dev
JOB-AI-APP-0009-SKILL-035,JOB-AI-APP-0009,SKILL-035,54,0.071429,required,1.2.0,synthetic,true,SRC-SYNTH,2026-09-13T00:00:00+08:00,0.88,synthetic,not_applicable,,team_generated,false,dev
JOB-AI-APP-0009-SKILL-036,JOB-AI-APP-0009,SKILL-036,53,0.071429,required,1.2.0,synthetic,true,SRC-SYNTH,2026-09-13T00:00:00+08:00,0.88,synthetic,not_applicable,,team_generated,false,dev
JOB-AI-APP-0009-SKILL-037,JOB-AI-APP-0009,SKILL-037,53,0.071429,required,1.2.0,synthetic,true,SRC-SYNTH,2026-09-13T00:00:00+08:00,0.88,synthetic,not_applicable,,team_generated,false,dev
JOB-AI-APP-0009-SKILL-038,JOB-AI-APP-0009,SKILL-038,52,0.071429,required,1.2.0,synthetic,true,SRC-SYNTH,2026-09-13T00:00:00+08:00,0.88,synthetic,not_applicable,,team_generated,false,dev
JOB-AI-APP-0009-SKILL-039,JOB-AI-APP-0009,SKILL-039,47,0.071429,required,1.2.0,synthetic,true,SRC-SYNTH,2026-09-13T00:00:00+08:00,0.88,synthetic,not_applicable,,team_generated,false,dev
JOB-AI-APP-0009-SKILL-043,JOB-AI-APP-0009,SKILL-043,47,0.071429,required,1.2.0,synthetic,true,SRC-SYNTH,2026-09-13T00:00:00+08:00,0.88,synthetic,not_applicable,,team_generated,false,dev
JOB-AI-APP-0009-SKILL-050,JOB-AI-APP-0009,SKILL-050,47,0.071429,required,1.2.0,synthetic,true,SRC-SYNTH,2026-09-13T00:00:00+08:00,0.88,synthetic,not_applicable,,team_generated,false,dev
JOB-AI-APP-0009-SKILL-001,JOB-AI-APP-0009,SKILL-001,71,0.071429,required,1.2.0,synthetic,true,SRC-SYNTH,2026-09-13T00:00:00+08:00,0.88,synthetic,not_applicable,,team_generated,false,dev
JOB-AI-APP-0009-SKILL-007,JOB-AI-APP-0009,SKILL-007,71,0.071429,preferred,1.2.0,synthetic,true,SRC-SYNTH,2026-09-13T00:00:00+08:00,0.88,synthetic,not_applicable,,team_generated,false,dev
JOB-AI-APP-0009-SKILL-008,JOB-AI-APP-0009,SKILL-008,65,0.071429,preferred,1.2.0,synthetic,true,SRC-SYNTH,2026-09-13T00:00:00+08:00,0.88,synthetic,not_applicable,,team_generated,false,dev
JOB-AI-APP-0009-SKILL-009,JOB-AI-APP-0009,SKILL-009,65,0.071429,preferred,1.2.0,synthetic,true,SRC-SYNTH,2026-09-13T00:00:00+08:00,0.88,synthetic,not_applicable,,team_generated,false,dev
JOB-AI-APP-0009-SKILL-025,JOB-AI-APP-0009,SKILL-025,64,0.071423,preferred,1.2.0,synthetic,true,SRC-SYNTH,2026-09-13T00:00:00+08:00,0.88,synthetic,not_applicable,,team_generated,false,dev
JOB-AI-APP-0010-SKILL-034,JOB-AI-APP-0010,SKILL-034,54,0.066667,required,1.2.0,synthetic,true,SRC-SYNTH,2026-09-13T00:00:00+08:00,0.88,synthetic,not_applicable,,team_generated,false,dev
JOB-AI-APP-0010-SKILL-035,JOB-AI-APP-0010,SKILL-035,54,0.066667,required,1.2.0,synthetic,true,SRC-SYNTH,2026-09-13T00:00:00+08:00,0.88,synthetic,not_applicable,,team_generated,false,dev
JOB-AI-APP-0010-SKILL-036,JOB-AI-APP-0010,SKILL-036,53,0.066667,required,1.2.0,synthetic,true,SRC-SYNTH,2026-09-13T00:00:00+08:00,0.88,synthetic,not_applicable,,team_generated,false,dev
JOB-AI-APP-0010-SKILL-037,JOB-AI-APP-0010,SKILL-037,53,0.066667,required,1.2.0,synthetic,true,SRC-SYNTH,2026-09-13T00:00:00+08:00,0.88,synthetic,not_applicable,,team_generated,false,dev
JOB-AI-APP-0010-SKILL-038,JOB-AI-APP-0010,SKILL-038,52,0.066667,required,1.2.0,synthetic,true,SRC-SYNTH,2026-09-13T00:00:00+08:00,0.88,synthetic,not_applicable,,team_generated,false,dev
JOB-AI-APP-0010-SKILL-039,JOB-AI-APP-0010,SKILL-039,47,0.066667,required,1.2.0,synthetic,true,SRC-SYNTH,2026-09-13T00:00:00+08:00,0.88,synthetic,not_applicable,,team_generated,false,dev
JOB-AI-APP-0010-SKILL-043,JOB-AI-APP-0010,SKILL-043,47,0.066667,required,1.2.0,synthetic,true,SRC-SYNTH,2026-09-13T00:00:00+08:00,0.88,synthetic,not_applicable,,team_generated,false,dev
JOB-AI-APP-0010-SKILL-050,JOB-AI-APP-0010,SKILL-050,47,0.066667,required,1.2.0,synthetic,true,SRC-SYNTH,2026-09-13T00:00:00+08:00,0.88,synthetic,not_applicable,,team_generated,false,dev
JOB-AI-APP-0010-SKILL-001,JOB-AI-APP-0010,SKILL-001,71,0.066667,required,1.2.0,synthetic,true,SRC-SYNTH,2026-09-13T00:00:00+08:00,0.88,synthetic,not_applicable,,team_generated,false,dev
JOB-AI-APP-0010-SKILL-007,JOB-AI-APP-0010,SKILL-007,71,0.066667,required,1.2.0,synthetic,true,SRC-SYNTH,2026-09-13T00:00:00+08:00,0.88,synthetic,not_applicable,,team_generated,false,dev
JOB-AI-APP-0010-SKILL-008,JOB-AI-APP-0010,SKILL-008,65,0.066667,preferred,1.2.0,synthetic,true,SRC-SYNTH,2026-09-13T00:00:00+08:00,0.88,synthetic,not_applicable,,team_generated,false,dev
JOB-AI-APP-0010-SKILL-009,JOB-AI-APP-0010,SKILL-009,65,0.066667,preferred,1.2.0,synthetic,true,SRC-SYNTH,2026-09-13T00:00:00+08:00,0.88,synthetic,not_applicable,,team_generated,false,dev
JOB-AI-APP-0010-SKILL-025,JOB-AI-APP-0010,SKILL-025,64,0.066667,preferred,1.2.0,synthetic,true,SRC-SYNTH,2026-09-13T00:00:00+08:00,0.88,synthetic,not_applicable,,team_generated,false,dev
JOB-AI-APP-0010-SKILL-026,JOB-AI-APP-0010,SKILL-026,64,0.066667,preferred,1.2.0,synthetic,true,SRC-SYNTH,2026-09-13T00:00:00+08:00,0.88,synthetic,not_applicable,,team_generated,false,dev
JOB-AI-APP-0010-SKILL-027,JOB-AI-APP-0010,SKILL-027,64,0.066662,preferred,1.2.0,synthetic,true,SRC-SYNTH,2026-09-13T00:00:00+08:00,0.88,synthetic,not_applicable,,team_generated,false,dev
JOB-AI-APP-0011-SKILL-035,JOB-AI-APP-0011,SKILL-035,54,0.0625,required,1.2.0,synthetic,true,SRC-SYNTH,2026-09-13T00:00:00+08:00,0.88,synthetic,not_applicable,,team_generated,false,dev
JOB-AI-APP-0011-SKILL-036,JOB-AI-APP-0011,SKILL-036,53,0.0625,required,1.2.0,synthetic,true,SRC-SYNTH,2026-09-13T00:00:00+08:00,0.88,synthetic,not_applicable,,team_generated,false,dev
JOB-AI-APP-0011-SKILL-037,JOB-AI-APP-0011,SKILL-037,53,0.0625,required,1.2.0,synthetic,true,SRC-SYNTH,2026-09-13T00:00:00+08:00,0.88,synthetic,not_applicable,,team_generated,false,dev
JOB-AI-APP-0011-SKILL-038,JOB-AI-APP-0011,SKILL-038,52,0.0625,required,1.2.0,synthetic,true,SRC-SYNTH,2026-09-13T00:00:00+08:00,0.88,synthetic,not_applicable,,team_generated,false,dev
JOB-AI-APP-0011-SKILL-039,JOB-AI-APP-0011,SKILL-039,47,0.0625,required,1.2.0,synthetic,true,SRC-SYNTH,2026-09-13T00:00:00+08:00,0.88,synthetic,not_applicable,,team_generated,false,dev
JOB-AI-APP-0011-SKILL-043,JOB-AI-APP-0011,SKILL-043,47,0.0625,required,1.2.0,synthetic,true,SRC-SYNTH,2026-09-13T00:00:00+08:00,0.88,synthetic,not_applicable,,team_generated,false,dev
JOB-AI-APP-0011-SKILL-050,JOB-AI-APP-0011,SKILL-050,47,0.0625,required,1.2.0,synthetic,true,SRC-SYNTH,2026-09-13T00:00:00+08:00,0.88,synthetic,not_applicable,,team_generated,false,dev
JOB-AI-APP-0011-SKILL-001,JOB-AI-APP-0011,SKILL-001,71,0.0625,required,1.2.0,synthetic,true,SRC-SYNTH,2026-09-13T00:00:00+08:00,0.88,synthetic,not_applicable,,team_generated,false,dev
JOB-AI-APP-0011-SKILL-007,JOB-AI-APP-0011,SKILL-007,71,0.0625,required,1.2.0,synthetic,true,SRC-SYNTH,2026-09-13T00:00:00+08:00,0.88,synthetic,not_applicable,,team_generated,false,dev
JOB-AI-APP-0011-SKILL-008,JOB-AI-APP-0011,SKILL-008,65,0.0625,required,1.2.0,synthetic,true,SRC-SYNTH,2026-09-13T00:00:00+08:00,0.88,synthetic,not_applicable,,team_generated,false,dev
JOB-AI-APP-0011-SKILL-009,JOB-AI-APP-0011,SKILL-009,65,0.0625,required,1.2.0,synthetic,true,SRC-SYNTH,2026-09-13T00:00:00+08:00,0.88,synthetic,not_applicable,,team_generated,false,dev
JOB-AI-APP-0011-SKILL-025,JOB-AI-APP-0011,SKILL-025,64,0.0625,preferred,1.2.0,synthetic,true,SRC-SYNTH,2026-09-13T00:00:00+08:00,0.88,synthetic,not_applicable,,team_generated,false,dev
JOB-AI-APP-0011-SKILL-026,JOB-AI-APP-0011,SKILL-026,64,0.0625,preferred,1.2.0,synthetic,true,SRC-SYNTH,2026-09-13T00:00:00+08:00,0.88,synthetic,not_applicable,,team_generated,false,dev
JOB-AI-APP-0011-SKILL-027,JOB-AI-APP-0011,SKILL-027,64,0.0625,preferred,1.2.0,synthetic,true,SRC-SYNTH,2026-09-13T00:00:00+08:00,0.88,synthetic,not_applicable,,team_generated,false,dev
JOB-AI-APP-0011-SKILL-028,JOB-AI-APP-0011,SKILL-028,58,0.0625,preferred,1.2.0,synthetic,true,SRC-SYNTH,2026-09-13T00:00:00+08:00,0.88,synthetic,not_applicable,,team_generated,false,dev
JOB-AI-APP-0011-SKILL-029,JOB-AI-APP-0011,SKILL-029,58,0.0625,preferred,1.2.0,synthetic,true,SRC-SYNTH,2026-09-13T00:00:00+08:00,0.88,synthetic,not_applicable,,team_generated,false,dev
JOB-AI-APP-0012-SKILL-036,JOB-AI-APP-0012,SKILL-036,53,0.058824,required,1.2.0,synthetic,true,SRC-SYNTH,2026-09-13T00:00:00+08:00,0.88,synthetic,not_applicable,,team_generated,false,dev
JOB-AI-APP-0012-SKILL-037,JOB-AI-APP-0012,SKILL-037,53,0.058824,required,1.2.0,synthetic,true,SRC-SYNTH,2026-09-13T00:00:00+08:00,0.88,synthetic,not_applicable,,team_generated,false,dev
JOB-AI-APP-0012-SKILL-038,JOB-AI-APP-0012,SKILL-038,52,0.058824,required,1.2.0,synthetic,true,SRC-SYNTH,2026-09-13T00:00:00+08:00,0.88,synthetic,not_applicable,,team_generated,false,dev
JOB-AI-APP-0012-SKILL-039,JOB-AI-APP-0012,SKILL-039,47,0.058824,required,1.2.0,synthetic,true,SRC-SYNTH,2026-09-13T00:00:00+08:00,0.88,synthetic,not_applicable,,team_generated,false,dev
JOB-AI-APP-0012-SKILL-043,JOB-AI-APP-0012,SKILL-043,47,0.058824,required,1.2.0,synthetic,true,SRC-SYNTH,2026-09-13T00:00:00+08:00,0.88,synthetic,not_applicable,,team_generated,false,dev
JOB-AI-APP-0012-SKILL-050,JOB-AI-APP-0012,SKILL-050,47,0.058824,required,1.2.0,synthetic,true,SRC-SYNTH,2026-09-13T00:00:00+08:00,0.88,synthetic,not_applicable,,team_generated,false,dev
JOB-AI-APP-0012-SKILL-001,JOB-AI-APP-0012,SKILL-001,71,0.058824,required,1.2.0,synthetic,true,SRC-SYNTH,2026-09-13T00:00:00+08:00,0.88,synthetic,not_applicable,,team_generated,false,dev
JOB-AI-APP-0012-SKILL-007,JOB-AI-APP-0012,SKILL-007,71,0.058824,required,1.2.0,synthetic,true,SRC-SYNTH,2026-09-13T00:00:00+08:00,0.88,synthetic,not_applicable,,team_generated,false,dev
JOB-AI-APP-0012-SKILL-008,JOB-AI-APP-0012,SKILL-008,65,0.058824,required,1.2.0,synthetic,true,SRC-SYNTH,2026-09-13T00:00:00+08:00,0.88,synthetic,not_applicable,,team_generated,false,dev
JOB-AI-APP-0012-SKILL-009,JOB-AI-APP-0012,SKILL-009,65,0.058824,required,1.2.0,synthetic,true,SRC-SYNTH,2026-09-13T00:00:00+08:00,0.88,synthetic,not_applicable,,team_generated,false,dev
JOB-AI-APP-0012-SKILL-025,JOB-AI-APP-0012,SKILL-025,64,0.058824,required,1.2.0,synthetic,true,SRC-SYNTH,2026-09-13T00:00:00+08:00,0.88,synthetic,not_applicable,,team_generated,false,dev
JOB-AI-APP-0012-SKILL-026,JOB-AI-APP-0012,SKILL-026,64,0.058824,required,1.2.0,synthetic,true,SRC-SYNTH,2026-09-13T00:00:00+08:00,0.88,synthetic,not_applicable,,team_generated,false,dev
JOB-AI-APP-0012-SKILL-027,JOB-AI-APP-0012,SKILL-027,64,0.058824,preferred,1.2.0,synthetic,true,SRC-SYNTH,2026-09-13T00:00:00+08:00,0.88,synthetic,not_applicable,,team_generated,false,dev
JOB-AI-APP-0012-SKILL-028,JOB-AI-APP-0012,SKILL-028,58,0.058824,preferred,1.2.0,synthetic,true,SRC-SYNTH,2026-09-13T00:00:00+08:00,0.88,synthetic,not_applicable,,team_generated,false,dev
JOB-AI-APP-0012-SKILL-029,JOB-AI-APP-0012,SKILL-029,58,0.058824,preferred,1.2.0,synthetic,true,SRC-SYNTH,2026-09-13T00:00:00+08:00,0.88,synthetic,not_applicable,,team_generated,false,dev
JOB-AI-APP-0012-SKILL-030,JOB-AI-APP-0012,SKILL-030,57,0.058824,preferred,1.2.0,synthetic,true,SRC-SYNTH,2026-09-13T00:00:00+08:00,0.88,synthetic,not_applicable,,team_generated,false,dev
JOB-AI-APP-0012-SKILL-034,JOB-AI-APP-0012,SKILL-034,57,0.058816,preferred,1.2.0,synthetic,true,SRC-SYNTH,2026-09-13T00:00:00+08:00,0.88,synthetic,not_applicable,,team_generated,false,dev
JOB-AI-APP-0013-SKILL-037,JOB-AI-APP-0013,SKILL-037,53,0.055556,required,1.2.0,synthetic,true,SRC-SYNTH,2026-09-13T00:00:00+08:00,0.88,synthetic,not_applicable,,team_generated,false,dev
JOB-AI-APP-0013-SKILL-038,JOB-AI-APP-0013,SKILL-038,52,0.055556,required,1.2.0,synthetic,true,SRC-SYNTH,2026-09-13T00:00:00+08:00,0.88,synthetic,not_applicable,,team_generated,false,dev
JOB-AI-APP-0013-SKILL-039,JOB-AI-APP-0013,SKILL-039,47,0.055556,required,1.2.0,synthetic,true,SRC-SYNTH,2026-09-13T00:00:00+08:00,0.88,synthetic,not_applicable,,team_generated,false,dev
JOB-AI-APP-0013-SKILL-043,JOB-AI-APP-0013,SKILL-043,47,0.055556,required,1.2.0,synthetic,true,SRC-SYNTH,2026-09-13T00:00:00+08:00,0.88,synthetic,not_applicable,,team_generated,false,dev
JOB-AI-APP-0013-SKILL-050,JOB-AI-APP-0013,SKILL-050,47,0.055556,required,1.2.0,synthetic,true,SRC-SYNTH,2026-09-13T00:00:00+08:00,0.88,synthetic,not_applicable,,team_generated,false,dev
JOB-AI-APP-0013-SKILL-001,JOB-AI-APP-0013,SKILL-001,71,0.055556,required,1.2.0,synthetic,true,SRC-SYNTH,2026-09-13T00:00:00+08:00,0.88,synthetic,not_applicable,,team_generated,false,dev
JOB-AI-APP-0013-SKILL-007,JOB-AI-APP-0013,SKILL-007,71,0.055556,required,1.2.0,synthetic,true,SRC-SYNTH,2026-09-13T00:00:00+08:00,0.88,synthetic,not_applicable,,team_generated,false,dev
JOB-AI-APP-0013-SKILL-008,JOB-AI-APP-0013,SKILL-008,65,0.055556,required,1.2.0,synthetic,true,SRC-SYNTH,2026-09-13T00:00:00+08:00,0.88,synthetic,not_applicable,,team_generated,false,dev
JOB-AI-APP-0013-SKILL-009,JOB-AI-APP-0013,SKILL-009,65,0.055556,required,1.2.0,synthetic,true,SRC-SYNTH,2026-09-13T00:00:00+08:00,0.88,synthetic,not_applicable,,team_generated,false,dev
JOB-AI-APP-0013-SKILL-025,JOB-AI-APP-0013,SKILL-025,64,0.055556,required,1.2.0,synthetic,true,SRC-SYNTH,2026-09-13T00:00:00+08:00,0.88,synthetic,not_applicable,,team_generated,false,dev
JOB-AI-APP-0013-SKILL-026,JOB-AI-APP-0013,SKILL-026,64,0.055556,required,1.2.0,synthetic,true,SRC-SYNTH,2026-09-13T00:00:00+08:00,0.88,synthetic,not_applicable,,team_generated,false,dev
JOB-AI-APP-0013-SKILL-027,JOB-AI-APP-0013,SKILL-027,64,0.055556,required,1.2.0,synthetic,true,SRC-SYNTH,2026-09-13T00:00:00+08:00,0.88,synthetic,not_applicable,,team_generated,false,dev
JOB-AI-APP-0013-SKILL-028,JOB-AI-APP-0013,SKILL-028,58,0.055556,preferred,1.2.0,synthetic,true,SRC-SYNTH,2026-09-13T00:00:00+08:00,0.88,synthetic,not_applicable,,team_generated,false,dev
JOB-AI-APP-0013-SKILL-029,JOB-AI-APP-0013,SKILL-029,58,0.055556,preferred,1.2.0,synthetic,true,SRC-SYNTH,2026-09-13T00:00:00+08:00,0.88,synthetic,not_applicable,,team_generated,false,dev
JOB-AI-APP-0013-SKILL-030,JOB-AI-APP-0013,SKILL-030,57,0.055556,preferred,1.2.0,synthetic,true,SRC-SYNTH,2026-09-13T00:00:00+08:00,0.88,synthetic,not_applicable,,team_generated,false,dev
JOB-AI-APP-0013-SKILL-034,JOB-AI-APP-0013,SKILL-034,57,0.055556,preferred,1.2.0,synthetic,true,SRC-SYNTH,2026-09-13T00:00:00+08:00,0.88,synthetic,not_applicable,,team_generated,false,dev
JOB-AI-APP-0013-SKILL-035,JOB-AI-APP-0013,SKILL-035,57,0.055556,preferred,1.2.0,synthetic,true,SRC-SYNTH,2026-09-13T00:00:00+08:00,0.88,synthetic,not_applicable,,team_generated,false,dev
JOB-AI-APP-0013-SKILL-036,JOB-AI-APP-0013,SKILL-036,51,0.055548,preferred,1.2.0,synthetic,true,SRC-SYNTH,2026-09-13T00:00:00+08:00,0.88,synthetic,not_applicable,,team_generated,false,dev
JOB-AI-APP-0014-SKILL-038,JOB-AI-APP-0014,SKILL-038,52,0.083333,required,1.2.0,synthetic,true,SRC-SYNTH,2026-09-13T00:00:00+08:00,0.88,synthetic,not_applicable,,team_generated,false,dev
JOB-AI-APP-0014-SKILL-039,JOB-AI-APP-0014,SKILL-039,47,0.083333,required,1.2.0,synthetic,true,SRC-SYNTH,2026-09-13T00:00:00+08:00,0.88,synthetic,not_applicable,,team_generated,false,dev
JOB-AI-APP-0014-SKILL-043,JOB-AI-APP-0014,SKILL-043,47,0.083333,required,1.2.0,synthetic,true,SRC-SYNTH,2026-09-13T00:00:00+08:00,0.88,synthetic,not_applicable,,team_generated,false,dev
JOB-AI-APP-0014-SKILL-050,JOB-AI-APP-0014,SKILL-050,47,0.083333,required,1.2.0,synthetic,true,SRC-SYNTH,2026-09-13T00:00:00+08:00,0.88,synthetic,not_applicable,,team_generated,false,dev
JOB-AI-APP-0014-SKILL-001,JOB-AI-APP-0014,SKILL-001,71,0.083333,required,1.2.0,synthetic,true,SRC-SYNTH,2026-09-13T00:00:00+08:00,0.88,synthetic,not_applicable,,team_generated,false,dev
JOB-AI-APP-0014-SKILL-007,JOB-AI-APP-0014,SKILL-007,71,0.083333,required,1.2.0,synthetic,true,SRC-SYNTH,2026-09-13T00:00:00+08:00,0.88,synthetic,not_applicable,,team_generated,false,dev
JOB-AI-APP-0014-SKILL-008,JOB-AI-APP-0014,SKILL-008,65,0.083333,required,1.2.0,synthetic,true,SRC-SYNTH,2026-09-13T00:00:00+08:00,0.88,synthetic,not_applicable,,team_generated,false,dev
JOB-AI-APP-0014-SKILL-009,JOB-AI-APP-0014,SKILL-009,65,0.083333,required,1.2.0,synthetic,true,SRC-SYNTH,2026-09-13T00:00:00+08:00,0.88,synthetic,not_applicable,,team_generated,false,dev
JOB-AI-APP-0014-SKILL-025,JOB-AI-APP-0014,SKILL-025,64,0.083333,preferred,1.2.0,synthetic,true,SRC-SYNTH,2026-09-13T00:00:00+08:00,0.88,synthetic,not_applicable,,team_generated,false,dev
JOB-AI-APP-0014-SKILL-026,JOB-AI-APP-0014,SKILL-026,64,0.083333,preferred,1.2.0,synthetic,true,SRC-SYNTH,2026-09-13T00:00:00+08:00,0.88,synthetic,not_applicable,,team_generated,false,dev
JOB-AI-APP-0014-SKILL-027,JOB-AI-APP-0014,SKILL-027,64,0.083333,preferred,1.2.0,synthetic,true,SRC-SYNTH,2026-09-13T00:00:00+08:00,0.88,synthetic,not_applicable,,team_generated,false,dev
JOB-AI-APP-0014-SKILL-028,JOB-AI-APP-0014,SKILL-028,58,0.083337,preferred,1.2.0,synthetic,true,SRC-SYNTH,2026-09-13T00:00:00+08:00,0.88,synthetic,not_applicable,,team_generated,false,dev
JOB-AI-APP-0015-SKILL-039,JOB-AI-APP-0015,SKILL-039,47,0.076923,required,1.2.0,synthetic,true,SRC-SYNTH,2026-09-13T00:00:00+08:00,0.88,synthetic,not_applicable,,team_generated,false,dev
JOB-AI-APP-0015-SKILL-043,JOB-AI-APP-0015,SKILL-043,47,0.076923,required,1.2.0,synthetic,true,SRC-SYNTH,2026-09-13T00:00:00+08:00,0.88,synthetic,not_applicable,,team_generated,false,dev
JOB-AI-APP-0015-SKILL-050,JOB-AI-APP-0015,SKILL-050,47,0.076923,required,1.2.0,synthetic,true,SRC-SYNTH,2026-09-13T00:00:00+08:00,0.88,synthetic,not_applicable,,team_generated,false,dev
JOB-AI-APP-0015-SKILL-001,JOB-AI-APP-0015,SKILL-001,71,0.076923,required,1.2.0,synthetic,true,SRC-SYNTH,2026-09-13T00:00:00+08:00,0.88,synthetic,not_applicable,,team_generated,false,dev
JOB-AI-APP-0015-SKILL-007,JOB-AI-APP-0015,SKILL-007,71,0.076923,required,1.2.0,synthetic,true,SRC-SYNTH,2026-09-13T00:00:00+08:00,0.88,synthetic,not_applicable,,team_generated,false,dev
JOB-AI-APP-0015-SKILL-008,JOB-AI-APP-0015,SKILL-008,65,0.076923,required,1.2.0,synthetic,true,SRC-SYNTH,2026-09-13T00:00:00+08:00,0.88,synthetic,not_applicable,,team_generated,false,dev
JOB-AI-APP-0015-SKILL-009,JOB-AI-APP-0015,SKILL-009,65,0.076923,required,1.2.0,synthetic,true,SRC-SYNTH,2026-09-13T00:00:00+08:00,0.88,synthetic,not_applicable,,team_generated,false,dev
JOB-AI-APP-0015-SKILL-025,JOB-AI-APP-0015,SKILL-025,64,0.076923,required,1.2.0,synthetic,true,SRC-SYNTH,2026-09-13T00:00:00+08:00,0.88,synthetic,not_applicable,,team_generated,false,dev
JOB-AI-APP-0015-SKILL-026,JOB-AI-APP-0015,SKILL-026,64,0.076923,required,1.2.0,synthetic,true,SRC-SYNTH,2026-09-13T00:00:00+08:00,0.88,synthetic,not_applicable,,team_generated,false,dev
JOB-AI-APP-0015-SKILL-027,JOB-AI-APP-0015,SKILL-027,64,0.076923,preferred,1.2.0,synthetic,true,SRC-SYNTH,2026-09-13T00:00:00+08:00,0.88,synthetic,not_applicable,,team_generated,false,dev
JOB-AI-APP-0015-SKILL-028,JOB-AI-APP-0015,SKILL-028,58,0.076923,preferred,1.2.0,synthetic,true,SRC-SYNTH,2026-09-13T00:00:00+08:00,0.88,synthetic,not_applicable,,team_generated,false,dev
JOB-AI-APP-0015-SKILL-029,JOB-AI-APP-0015,SKILL-029,58,0.076923,preferred,1.2.0,synthetic,true,SRC-SYNTH,2026-09-13T00:00:00+08:00,0.88,synthetic,not_applicable,,team_generated,false,dev
JOB-AI-APP-0015-SKILL-030,JOB-AI-APP-0015,SKILL-030,57,0.076924,preferred,1.2.0,synthetic,true,SRC-SYNTH,2026-09-13T00:00:00+08:00,0.88,synthetic,not_applicable,,team_generated,false,dev
JOB-AI-APP-0016-SKILL-043,JOB-AI-APP-0016,SKILL-043,47,0.071429,required,1.2.0,synthetic,true,SRC-SYNTH,2026-09-13T00:00:00+08:00,0.88,synthetic,not_applicable,,team_generated,false,dev
JOB-AI-APP-0016-SKILL-050,JOB-AI-APP-0016,SKILL-050,47,0.071429,required,1.2.0,synthetic,true,SRC-SYNTH,2026-09-13T00:00:00+08:00,0.88,synthetic,not_applicable,,team_generated,false,dev
JOB-AI-APP-0016-SKILL-001,JOB-AI-APP-0016,SKILL-001,71,0.071429,required,1.2.0,synthetic,true,SRC-SYNTH,2026-09-13T00:00:00+08:00,0.88,synthetic,not_applicable,,team_generated,false,dev
JOB-AI-APP-0016-SKILL-007,JOB-AI-APP-0016,SKILL-007,71,0.071429,required,1.2.0,synthetic,true,SRC-SYNTH,2026-09-13T00:00:00+08:00,0.88,synthetic,not_applicable,,team_generated,false,dev
JOB-AI-APP-0016-SKILL-008,JOB-AI-APP-0016,SKILL-008,65,0.071429,required,1.2.0,synthetic,true,SRC-SYNTH,2026-09-13T00:00:00+08:00,0.88,synthetic,not_applicable,,team_generated,false,dev
JOB-AI-APP-0016-SKILL-009,JOB-AI-APP-0016,SKILL-009,65,0.071429,required,1.2.0,synthetic,true,SRC-SYNTH,2026-09-13T00:00:00+08:00,0.88,synthetic,not_applicable,,team_generated,false,dev
JOB-AI-APP-0016-SKILL-025,JOB-AI-APP-0016,SKILL-025,64,0.071429,required,1.2.0,synthetic,true,SRC-SYNTH,2026-09-13T00:00:00+08:00,0.88,synthetic,not_applicable,,team_generated,false,dev
JOB-AI-APP-0016-SKILL-026,JOB-AI-APP-0016,SKILL-026,64,0.071429,required,1.2.0,synthetic,true,SRC-SYNTH,2026-09-13T00:00:00+08:00,0.88,synthetic,not_applicable,,team_generated,false,dev
JOB-AI-APP-0016-SKILL-027,JOB-AI-APP-0016,SKILL-027,64,0.071429,required,1.2.0,synthetic,true,SRC-SYNTH,2026-09-13T00:00:00+08:00,0.88,synthetic,not_applicable,,team_generated,false,dev
JOB-AI-APP-0016-SKILL-028,JOB-AI-APP-0016,SKILL-028,58,0.071429,required,1.2.0,synthetic,true,SRC-SYNTH,2026-09-13T00:00:00+08:00,0.88,synthetic,not_applicable,,team_generated,false,dev
JOB-AI-APP-0016-SKILL-029,JOB-AI-APP-0016,SKILL-029,58,0.071429,preferred,1.2.0,synthetic,true,SRC-SYNTH,2026-09-13T00:00:00+08:00,0.88,synthetic,not_applicable,,team_generated,false,dev
JOB-AI-APP-0016-SKILL-030,JOB-AI-APP-0016,SKILL-030,57,0.071429,preferred,1.2.0,synthetic,true,SRC-SYNTH,2026-09-13T00:00:00+08:00,0.88,synthetic,not_applicable,,team_generated,false,dev
JOB-AI-APP-0016-SKILL-034,JOB-AI-APP-0016,SKILL-034,57,0.071429,preferred,1.2.0,synthetic,true,SRC-SYNTH,2026-09-13T00:00:00+08:00,0.88,synthetic,not_applicable,,team_generated,false,dev
JOB-AI-APP-0016-SKILL-035,JOB-AI-APP-0016,SKILL-035,57,0.071423,preferred,1.2.0,synthetic,true,SRC-SYNTH,2026-09-13T00:00:00+08:00,0.88,synthetic,not_applicable,,team_generated,false,dev
JOB-AI-APP-0017-SKILL-050,JOB-AI-APP-0017,SKILL-050,47,0.066667,required,1.2.0,synthetic,true,SRC-SYNTH,2026-09-13T00:00:00+08:00,0.88,synthetic,not_applicable,,team_generated,false,dev
JOB-AI-APP-0017-SKILL-001,JOB-AI-APP-0017,SKILL-001,71,0.066667,required,1.2.0,synthetic,true,SRC-SYNTH,2026-09-13T00:00:00+08:00,0.88,synthetic,not_applicable,,team_generated,false,dev
JOB-AI-APP-0017-SKILL-007,JOB-AI-APP-0017,SKILL-007,71,0.066667,required,1.2.0,synthetic,true,SRC-SYNTH,2026-09-13T00:00:00+08:00,0.88,synthetic,not_applicable,,team_generated,false,dev
JOB-AI-APP-0017-SKILL-008,JOB-AI-APP-0017,SKILL-008,65,0.066667,required,1.2.0,synthetic,true,SRC-SYNTH,2026-09-13T00:00:00+08:00,0.88,synthetic,not_applicable,,team_generated,false,dev
JOB-AI-APP-0017-SKILL-009,JOB-AI-APP-0017,SKILL-009,65,0.066667,required,1.2.0,synthetic,true,SRC-SYNTH,2026-09-13T00:00:00+08:00,0.88,synthetic,not_applicable,,team_generated,false,dev
JOB-AI-APP-0017-SKILL-025,JOB-AI-APP-0017,SKILL-025,64,0.066667,required,1.2.0,synthetic,true,SRC-SYNTH,2026-09-13T00:00:00+08:00,0.88,synthetic,not_applicable,,team_generated,false,dev
JOB-AI-APP-0017-SKILL-026,JOB-AI-APP-0017,SKILL-026,64,0.066667,required,1.2.0,synthetic,true,SRC-SYNTH,2026-09-13T00:00:00+08:00,0.88,synthetic,not_applicable,,team_generated,false,dev
JOB-AI-APP-0017-SKILL-027,JOB-AI-APP-0017,SKILL-027,64,0.066667,required,1.2.0,synthetic,true,SRC-SYNTH,2026-09-13T00:00:00+08:00,0.88,synthetic,not_applicable,,team_generated,false,dev
JOB-AI-APP-0017-SKILL-028,JOB-AI-APP-0017,SKILL-028,58,0.066667,required,1.2.0,synthetic,true,SRC-SYNTH,2026-09-13T00:00:00+08:00,0.88,synthetic,not_applicable,,team_generated,false,dev
JOB-AI-APP-0017-SKILL-029,JOB-AI-APP-0017,SKILL-029,58,0.066667,required,1.2.0,synthetic,true,SRC-SYNTH,2026-09-13T00:00:00+08:00,0.88,synthetic,not_applicable,,team_generated,false,dev
JOB-AI-APP-0017-SKILL-030,JOB-AI-APP-0017,SKILL-030,57,0.066667,preferred,1.2.0,synthetic,true,SRC-SYNTH,2026-09-13T00:00:00+08:00,0.88,synthetic,not_applicable,,team_generated,false,dev
JOB-AI-APP-0017-SKILL-034,JOB-AI-APP-0017,SKILL-034,57,0.066667,preferred,1.2.0,synthetic,true,SRC-SYNTH,2026-09-13T00:00:00+08:00,0.88,synthetic,not_applicable,,team_generated,false,dev
JOB-AI-APP-0017-SKILL-035,JOB-AI-APP-0017,SKILL-035,57,0.066667,preferred,1.2.0,synthetic,true,SRC-SYNTH,2026-09-13T00:00:00+08:00,0.88,synthetic,not_applicable,,team_generated,false,dev
JOB-AI-APP-0017-SKILL-036,JOB-AI-APP-0017,SKILL-036,51,0.066667,preferred,1.2.0,synthetic,true,SRC-SYNTH,2026-09-13T00:00:00+08:00,0.88,synthetic,not_applicable,,team_generated,false,dev
JOB-AI-APP-0017-SKILL-037,JOB-AI-APP-0017,SKILL-037,51,0.066662,preferred,1.2.0,synthetic,true,SRC-SYNTH,2026-09-13T00:00:00+08:00,0.88,synthetic,not_applicable,,team_generated,false,dev
JOB-AI-APP-0018-SKILL-001,JOB-AI-APP-0018,SKILL-001,71,0.0625,required,1.2.0,synthetic,true,SRC-SYNTH,2026-09-13T00:00:00+08:00,0.88,synthetic,not_applicable,,team_generated,false,dev
JOB-AI-APP-0018-SKILL-007,JOB-AI-APP-0018,SKILL-007,71,0.0625,required,1.2.0,synthetic,true,SRC-SYNTH,2026-09-13T00:00:00+08:00,0.88,synthetic,not_applicable,,team_generated,false,dev
JOB-AI-APP-0018-SKILL-008,JOB-AI-APP-0018,SKILL-008,65,0.0625,required,1.2.0,synthetic,true,SRC-SYNTH,2026-09-13T00:00:00+08:00,0.88,synthetic,not_applicable,,team_generated,false,dev
JOB-AI-APP-0018-SKILL-009,JOB-AI-APP-0018,SKILL-009,65,0.0625,required,1.2.0,synthetic,true,SRC-SYNTH,2026-09-13T00:00:00+08:00,0.88,synthetic,not_applicable,,team_generated,false,dev
JOB-AI-APP-0018-SKILL-025,JOB-AI-APP-0018,SKILL-025,64,0.0625,required,1.2.0,synthetic,true,SRC-SYNTH,2026-09-13T00:00:00+08:00,0.88,synthetic,not_applicable,,team_generated,false,dev
JOB-AI-APP-0018-SKILL-026,JOB-AI-APP-0018,SKILL-026,64,0.0625,required,1.2.0,synthetic,true,SRC-SYNTH,2026-09-13T00:00:00+08:00,0.88,synthetic,not_applicable,,team_generated,false,dev
JOB-AI-APP-0018-SKILL-027,JOB-AI-APP-0018,SKILL-027,64,0.0625,required,1.2.0,synthetic,true,SRC-SYNTH,2026-09-13T00:00:00+08:00,0.88,synthetic,not_applicable,,team_generated,false,dev
JOB-AI-APP-0018-SKILL-028,JOB-AI-APP-0018,SKILL-028,58,0.0625,required,1.2.0,synthetic,true,SRC-SYNTH,2026-09-13T00:00:00+08:00,0.88,synthetic,not_applicable,,team_generated,false,dev
JOB-AI-APP-0018-SKILL-029,JOB-AI-APP-0018,SKILL-029,58,0.0625,required,1.2.0,synthetic,true,SRC-SYNTH,2026-09-13T00:00:00+08:00,0.88,synthetic,not_applicable,,team_generated,false,dev
JOB-AI-APP-0018-SKILL-030,JOB-AI-APP-0018,SKILL-030,57,0.0625,required,1.2.0,synthetic,true,SRC-SYNTH,2026-09-13T00:00:00+08:00,0.88,synthetic,not_applicable,,team_generated,false,dev
JOB-AI-APP-0018-SKILL-034,JOB-AI-APP-0018,SKILL-034,57,0.0625,required,1.2.0,synthetic,true,SRC-SYNTH,2026-09-13T00:00:00+08:00,0.88,synthetic,not_applicable,,team_generated,false,dev
JOB-AI-APP-0018-SKILL-035,JOB-AI-APP-0018,SKILL-035,57,0.0625,preferred,1.2.0,synthetic,true,SRC-SYNTH,2026-09-13T00:00:00+08:00,0.88,synthetic,not_applicable,,team_generated,false,dev
JOB-AI-APP-0018-SKILL-036,JOB-AI-APP-0018,SKILL-036,51,0.0625,preferred,1.2.0,synthetic,true,SRC-SYNTH,2026-09-13T00:00:00+08:00,0.88,synthetic,not_applicable,,team_generated,false,dev
JOB-AI-APP-0018-SKILL-037,JOB-AI-APP-0018,SKILL-037,51,0.0625,preferred,1.2.0,synthetic,true,SRC-SYNTH,2026-09-13T00:00:00+08:00,0.88,synthetic,not_applicable,,team_generated,false,dev
JOB-AI-APP-0018-SKILL-038,JOB-AI-APP-0018,SKILL-038,50,0.0625,preferred,1.2.0,synthetic,true,SRC-SYNTH,2026-09-13T00:00:00+08:00,0.88,synthetic,not_applicable,,team_generated,false,dev
JOB-AI-APP-0018-SKILL-039,JOB-AI-APP-0018,SKILL-039,50,0.0625,preferred,1.2.0,synthetic,true,SRC-SYNTH,2026-09-13T00:00:00+08:00,0.88,synthetic,not_applicable,,team_generated,false,dev
JOB-AI-APP-0019-SKILL-007,JOB-AI-APP-0019,SKILL-007,71,0.058824,required,1.2.0,synthetic,true,SRC-SYNTH,2026-09-13T00:00:00+08:00,0.88,synthetic,not_applicable,,team_generated,false,dev
JOB-AI-APP-0019-SKILL-008,JOB-AI-APP-0019,SKILL-008,65,0.058824,required,1.2.0,synthetic,true,SRC-SYNTH,2026-09-13T00:00:00+08:00,0.88,synthetic,not_applicable,,team_generated,false,dev
JOB-AI-APP-0019-SKILL-009,JOB-AI-APP-0019,SKILL-009,65,0.058824,required,1.2.0,synthetic,true,SRC-SYNTH,2026-09-13T00:00:00+08:00,0.88,synthetic,not_applicable,,team_generated,false,dev
JOB-AI-APP-0019-SKILL-025,JOB-AI-APP-0019,SKILL-025,64,0.058824,required,1.2.0,synthetic,true,SRC-SYNTH,2026-09-13T00:00:00+08:00,0.88,synthetic,not_applicable,,team_generated,false,dev
JOB-AI-APP-0019-SKILL-026,JOB-AI-APP-0019,SKILL-026,64,0.058824,required,1.2.0,synthetic,true,SRC-SYNTH,2026-09-13T00:00:00+08:00,0.88,synthetic,not_applicable,,team_generated,false,dev
JOB-AI-APP-0019-SKILL-027,JOB-AI-APP-0019,SKILL-027,64,0.058824,required,1.2.0,synthetic,true,SRC-SYNTH,2026-09-13T00:00:00+08:00,0.88,synthetic,not_applicable,,team_generated,false,dev
JOB-AI-APP-0019-SKILL-028,JOB-AI-APP-0019,SKILL-028,58,0.058824,required,1.2.0,synthetic,true,SRC-SYNTH,2026-09-13T00:00:00+08:00,0.88,synthetic,not_applicable,,team_generated,false,dev
JOB-AI-APP-0019-SKILL-029,JOB-AI-APP-0019,SKILL-029,58,0.058824,required,1.2.0,synthetic,true,SRC-SYNTH,2026-09-13T00:00:00+08:00,0.88,synthetic,not_applicable,,team_generated,false,dev
JOB-AI-APP-0019-SKILL-030,JOB-AI-APP-0019,SKILL-030,57,0.058824,required,1.2.0,synthetic,true,SRC-SYNTH,2026-09-13T00:00:00+08:00,0.88,synthetic,not_applicable,,team_generated,false,dev
JOB-AI-APP-0019-SKILL-034,JOB-AI-APP-0019,SKILL-034,57,0.058824,required,1.2.0,synthetic,true,SRC-SYNTH,2026-09-13T00:00:00+08:00,0.88,synthetic,not_applicable,,team_generated,false,dev
JOB-AI-APP-0019-SKILL-035,JOB-AI-APP-0019,SKILL-035,57,0.058824,required,1.2.0,synthetic,true,SRC-SYNTH,2026-09-13T00:00:00+08:00,0.88,synthetic,not_applicable,,team_generated,false,dev
JOB-AI-APP-0019-SKILL-036,JOB-AI-APP-0019,SKILL-036,51,0.058824,required,1.2.0,synthetic,true,SRC-SYNTH,2026-09-13T00:00:00+08:00,0.88,synthetic,not_applicable,,team_generated,false,dev
JOB-AI-APP-0019-SKILL-037,JOB-AI-APP-0019,SKILL-037,51,0.058824,preferred,1.2.0,synthetic,true,SRC-SYNTH,2026-09-13T00:00:00+08:00,0.88,synthetic,not_applicable,,team_generated,false,dev
JOB-AI-APP-0019-SKILL-038,JOB-AI-APP-0019,SKILL-038,50,0.058824,preferred,1.2.0,synthetic,true,SRC-SYNTH,2026-09-13T00:00:00+08:00,0.88,synthetic,not_applicable,,team_generated,false,dev
JOB-AI-APP-0019-SKILL-039,JOB-AI-APP-0019,SKILL-039,50,0.058824,preferred,1.2.0,synthetic,true,SRC-SYNTH,2026-09-13T00:00:00+08:00,0.88,synthetic,not_applicable,,team_generated,false,dev
JOB-AI-APP-0019-SKILL-043,JOB-AI-APP-0019,SKILL-043,50,0.058824,preferred,1.2.0,synthetic,true,SRC-SYNTH,2026-09-13T00:00:00+08:00,0.88,synthetic,not_applicable,,team_generated,false,dev
JOB-AI-APP-0019-SKILL-050,JOB-AI-APP-0019,SKILL-050,45,0.058816,preferred,1.2.0,synthetic,true,SRC-SYNTH,2026-09-13T00:00:00+08:00,0.88,synthetic,not_applicable,,team_generated,false,dev
JOB-AI-APP-0020-SKILL-008,JOB-AI-APP-0020,SKILL-008,65,0.055556,required,1.2.0,synthetic,true,SRC-SYNTH,2026-09-13T00:00:00+08:00,0.88,synthetic,not_applicable,,team_generated,false,dev
JOB-AI-APP-0020-SKILL-009,JOB-AI-APP-0020,SKILL-009,65,0.055556,required,1.2.0,synthetic,true,SRC-SYNTH,2026-09-13T00:00:00+08:00,0.88,synthetic,not_applicable,,team_generated,false,dev
JOB-AI-APP-0020-SKILL-025,JOB-AI-APP-0020,SKILL-025,64,0.055556,required,1.2.0,synthetic,true,SRC-SYNTH,2026-09-13T00:00:00+08:00,0.88,synthetic,not_applicable,,team_generated,false,dev
JOB-AI-APP-0020-SKILL-026,JOB-AI-APP-0020,SKILL-026,64,0.055556,required,1.2.0,synthetic,true,SRC-SYNTH,2026-09-13T00:00:00+08:00,0.88,synthetic,not_applicable,,team_generated,false,dev
JOB-AI-APP-0020-SKILL-027,JOB-AI-APP-0020,SKILL-027,64,0.055556,required,1.2.0,synthetic,true,SRC-SYNTH,2026-09-13T00:00:00+08:00,0.88,synthetic,not_applicable,,team_generated,false,dev
JOB-AI-APP-0020-SKILL-028,JOB-AI-APP-0020,SKILL-028,58,0.055556,required,1.2.0,synthetic,true,SRC-SYNTH,2026-09-13T00:00:00+08:00,0.88,synthetic,not_applicable,,team_generated,false,dev
JOB-AI-APP-0020-SKILL-029,JOB-AI-APP-0020,SKILL-029,58,0.055556,required,1.2.0,synthetic,true,SRC-SYNTH,2026-09-13T00:00:00+08:00,0.88,synthetic,not_applicable,,team_generated,false,dev
JOB-AI-APP-0020-SKILL-030,JOB-AI-APP-0020,SKILL-030,57,0.055556,required,1.2.0,synthetic,true,SRC-SYNTH,2026-09-13T00:00:00+08:00,0.88,synthetic,not_applicable,,team_generated,false,dev
JOB-AI-APP-0020-SKILL-034,JOB-AI-APP-0020,SKILL-034,57,0.055556,required,1.2.0,synthetic,true,SRC-SYNTH,2026-09-13T00:00:00+08:00,0.88,synthetic,not_applicable,,team_generated,false,dev
JOB-AI-APP-0020-SKILL-035,JOB-AI-APP-0020,SKILL-035,57,0.055556,required,1.2.0,synthetic,true,SRC-SYNTH,2026-09-13T00:00:00+08:00,0.88,synthetic,not_applicable,,team_generated,false,dev
JOB-AI-APP-0020-SKILL-036,JOB-AI-APP-0020,SKILL-036,51,0.055556,required,1.2.0,synthetic,true,SRC-SYNTH,2026-09-13T00:00:00+08:00,0.88,synthetic,not_applicable,,team_generated,false,dev
JOB-AI-APP-0020-SKILL-037,JOB-AI-APP-0020,SKILL-037,51,0.055556,required,1.2.0,synthetic,true,SRC-SYNTH,2026-09-13T00:00:00+08:00,0.88,synthetic,not_applicable,,team_generated,false,dev
JOB-AI-APP-0020-SKILL-038,JOB-AI-APP-0020,SKILL-038,50,0.055556,preferred,1.2.0,synthetic,true,SRC-SYNTH,2026-09-13T00:00:00+08:00,0.88,synthetic,not_applicable,,team_generated,false,dev
JOB-AI-APP-0020-SKILL-039,JOB-AI-APP-0020,SKILL-039,50,0.055556,preferred,1.2.0,synthetic,true,SRC-SYNTH,2026-09-13T00:00:00+08:00,0.88,synthetic,not_applicable,,team_generated,false,dev
JOB-AI-APP-0020-SKILL-043,JOB-AI-APP-0020,SKILL-043,50,0.055556,preferred,1.2.0,synthetic,true,SRC-SYNTH,2026-09-13T00:00:00+08:00,0.88,synthetic,not_applicable,,team_generated,false,dev
JOB-AI-APP-0020-SKILL-050,JOB-AI-APP-0020,SKILL-050,45,0.055556,preferred,1.2.0,synthetic,true,SRC-SYNTH,2026-09-13T00:00:00+08:00,0.88,synthetic,not_applicable,,team_generated,false,dev
JOB-AI-APP-0020-SKILL-001,JOB-AI-APP-0020,SKILL-001,69,0.055556,preferred,1.2.0,synthetic,true,SRC-SYNTH,2026-09-13T00:00:00+08:00,0.88,synthetic,not_applicable,,team_generated,false,dev
JOB-AI-APP-0020-SKILL-007,JOB-AI-APP-0020,SKILL-007,69,0.055548,preferred,1.2.0,synthetic,true,SRC-SYNTH,2026-09-13T00:00:00+08:00,0.88,synthetic,not_applicable,,team_generated,false,dev
JOB-DATA-0001-SKILL-009,JOB-DATA-0001,SKILL-009,68,0.076923,required,1.2.0,synthetic,true,SRC-SYNTH,2026-09-13T00:00:00+08:00,0.88,synthetic,not_applicable,,team_generated,false,dev
JOB-DATA-0001-SKILL-010,JOB-DATA-0001,SKILL-010,67,0.076923,required,1.2.0,synthetic,true,SRC-SYNTH,2026-09-13T00:00:00+08:00,0.88,synthetic,not_applicable,,team_generated,false,dev
JOB-DATA-0001-SKILL-011,JOB-DATA-0001,SKILL-011,67,0.076923,required,1.2.0,synthetic,true,SRC-SYNTH,2026-09-13T00:00:00+08:00,0.88,synthetic,not_applicable,,team_generated,false,dev
JOB-DATA-0001-SKILL-012,JOB-DATA-0001,SKILL-012,66,0.076923,required,1.2.0,synthetic,true,SRC-SYNTH,2026-09-13T00:00:00+08:00,0.88,synthetic,not_applicable,,team_generated,false,dev
JOB-DATA-0001-SKILL-013,JOB-DATA-0001,SKILL-013,61,0.076923,required,1.2.0,synthetic,true,SRC-SYNTH,2026-09-13T00:00:00+08:00,0.88,synthetic,not_applicable,,team_generated,false,dev
JOB-DATA-0001-SKILL-014,JOB-DATA-0001,SKILL-014,61,0.076923,required,1.2.0,synthetic,true,SRC-SYNTH,2026-09-13T00:00:00+08:00,0.88,synthetic,not_applicable,,team_generated,false,dev
JOB-DATA-0001-SKILL-015,JOB-DATA-0001,SKILL-015,60,0.076923,required,1.2.0,synthetic,true,SRC-SYNTH,2026-09-13T00:00:00+08:00,0.88,synthetic,not_applicable,,team_generated,false,dev
JOB-DATA-0001-SKILL-016,JOB-DATA-0001,SKILL-016,60,0.076923,required,1.2.0,synthetic,true,SRC-SYNTH,2026-09-13T00:00:00+08:00,0.88,synthetic,not_applicable,,team_generated,false,dev
JOB-DATA-0001-SKILL-040,JOB-DATA-0001,SKILL-040,59,0.076923,required,1.2.0,synthetic,true,SRC-SYNTH,2026-09-13T00:00:00+08:00,0.88,synthetic,not_applicable,,team_generated,false,dev
JOB-DATA-0001-SKILL-041,JOB-DATA-0001,SKILL-041,54,0.076923,preferred,1.2.0,synthetic,true,SRC-SYNTH,2026-09-13T00:00:00+08:00,0.88,synthetic,not_applicable,,team_generated,false,dev
JOB-DATA-0001-SKILL-043,JOB-DATA-0001,SKILL-043,54,0.076923,preferred,1.2.0,synthetic,true,SRC-SYNTH,2026-09-13T00:00:00+08:00,0.88,synthetic,not_applicable,,team_generated,false,dev
JOB-DATA-0001-SKILL-044,JOB-DATA-0001,SKILL-044,53,0.076923,preferred,1.2.0,synthetic,true,SRC-SYNTH,2026-09-13T00:00:00+08:00,0.88,synthetic,not_applicable,,team_generated,false,dev
JOB-DATA-0001-SKILL-045,JOB-DATA-0001,SKILL-045,53,0.076924,preferred,1.2.0,synthetic,true,SRC-SYNTH,2026-09-13T00:00:00+08:00,0.88,synthetic,not_applicable,,team_generated,false,dev
JOB-DATA-0002-SKILL-010,JOB-DATA-0002,SKILL-010,67,0.071429,required,1.2.0,synthetic,true,SRC-SYNTH,2026-09-13T00:00:00+08:00,0.88,synthetic,not_applicable,,team_generated,false,dev
JOB-DATA-0002-SKILL-011,JOB-DATA-0002,SKILL-011,67,0.071429,required,1.2.0,synthetic,true,SRC-SYNTH,2026-09-13T00:00:00+08:00,0.88,synthetic,not_applicable,,team_generated,false,dev
JOB-DATA-0002-SKILL-012,JOB-DATA-0002,SKILL-012,66,0.071429,required,1.2.0,synthetic,true,SRC-SYNTH,2026-09-13T00:00:00+08:00,0.88,synthetic,not_applicable,,team_generated,false,dev
JOB-DATA-0002-SKILL-013,JOB-DATA-0002,SKILL-013,61,0.071429,required,1.2.0,synthetic,true,SRC-SYNTH,2026-09-13T00:00:00+08:00,0.88,synthetic,not_applicable,,team_generated,false,dev
JOB-DATA-0002-SKILL-014,JOB-DATA-0002,SKILL-014,61,0.071429,required,1.2.0,synthetic,true,SRC-SYNTH,2026-09-13T00:00:00+08:00,0.88,synthetic,not_applicable,,team_generated,false,dev
JOB-DATA-0002-SKILL-015,JOB-DATA-0002,SKILL-015,60,0.071429,required,1.2.0,synthetic,true,SRC-SYNTH,2026-09-13T00:00:00+08:00,0.88,synthetic,not_applicable,,team_generated,false,dev
JOB-DATA-0002-SKILL-016,JOB-DATA-0002,SKILL-016,60,0.071429,required,1.2.0,synthetic,true,SRC-SYNTH,2026-09-13T00:00:00+08:00,0.88,synthetic,not_applicable,,team_generated,false,dev
JOB-DATA-0002-SKILL-040,JOB-DATA-0002,SKILL-040,59,0.071429,required,1.2.0,synthetic,true,SRC-SYNTH,2026-09-13T00:00:00+08:00,0.88,synthetic,not_applicable,,team_generated,false,dev
JOB-DATA-0002-SKILL-041,JOB-DATA-0002,SKILL-041,54,0.071429,required,1.2.0,synthetic,true,SRC-SYNTH,2026-09-13T00:00:00+08:00,0.88,synthetic,not_applicable,,team_generated,false,dev
JOB-DATA-0002-SKILL-043,JOB-DATA-0002,SKILL-043,54,0.071429,required,1.2.0,synthetic,true,SRC-SYNTH,2026-09-13T00:00:00+08:00,0.88,synthetic,not_applicable,,team_generated,false,dev
JOB-DATA-0002-SKILL-044,JOB-DATA-0002,SKILL-044,53,0.071429,preferred,1.2.0,synthetic,true,SRC-SYNTH,2026-09-13T00:00:00+08:00,0.88,synthetic,not_applicable,,team_generated,false,dev
JOB-DATA-0002-SKILL-045,JOB-DATA-0002,SKILL-045,53,0.071429,preferred,1.2.0,synthetic,true,SRC-SYNTH,2026-09-13T00:00:00+08:00,0.88,synthetic,not_applicable,,team_generated,false,dev
JOB-DATA-0002-SKILL-046,JOB-DATA-0002,SKILL-046,52,0.071429,preferred,1.2.0,synthetic,true,SRC-SYNTH,2026-09-13T00:00:00+08:00,0.88,synthetic,not_applicable,,team_generated,false,dev
JOB-DATA-0002-SKILL-048,JOB-DATA-0002,SKILL-048,47,0.071423,preferred,1.2.0,synthetic,true,SRC-SYNTH,2026-09-13T00:00:00+08:00,0.88,synthetic,not_applicable,,team_generated,false,dev
JOB-DATA-0003-SKILL-011,JOB-DATA-0003,SKILL-011,67,0.066667,required,1.2.0,synthetic,true,SRC-SYNTH,2026-09-13T00:00:00+08:00,0.88,synthetic,not_applicable,,team_generated,false,dev
JOB-DATA-0003-SKILL-012,JOB-DATA-0003,SKILL-012,66,0.066667,required,1.2.0,synthetic,true,SRC-SYNTH,2026-09-13T00:00:00+08:00,0.88,synthetic,not_applicable,,team_generated,false,dev
JOB-DATA-0003-SKILL-013,JOB-DATA-0003,SKILL-013,61,0.066667,required,1.2.0,synthetic,true,SRC-SYNTH,2026-09-13T00:00:00+08:00,0.88,synthetic,not_applicable,,team_generated,false,dev
JOB-DATA-0003-SKILL-014,JOB-DATA-0003,SKILL-014,61,0.066667,required,1.2.0,synthetic,true,SRC-SYNTH,2026-09-13T00:00:00+08:00,0.88,synthetic,not_applicable,,team_generated,false,dev
JOB-DATA-0003-SKILL-015,JOB-DATA-0003,SKILL-015,60,0.066667,required,1.2.0,synthetic,true,SRC-SYNTH,2026-09-13T00:00:00+08:00,0.88,synthetic,not_applicable,,team_generated,false,dev
JOB-DATA-0003-SKILL-016,JOB-DATA-0003,SKILL-016,60,0.066667,required,1.2.0,synthetic,true,SRC-SYNTH,2026-09-13T00:00:00+08:00,0.88,synthetic,not_applicable,,team_generated,false,dev
JOB-DATA-0003-SKILL-040,JOB-DATA-0003,SKILL-040,59,0.066667,required,1.2.0,synthetic,true,SRC-SYNTH,2026-09-13T00:00:00+08:00,0.88,synthetic,not_applicable,,team_generated,false,dev
JOB-DATA-0003-SKILL-041,JOB-DATA-0003,SKILL-041,54,0.066667,required,1.2.0,synthetic,true,SRC-SYNTH,2026-09-13T00:00:00+08:00,0.88,synthetic,not_applicable,,team_generated,false,dev
JOB-DATA-0003-SKILL-043,JOB-DATA-0003,SKILL-043,54,0.066667,required,1.2.0,synthetic,true,SRC-SYNTH,2026-09-13T00:00:00+08:00,0.88,synthetic,not_applicable,,team_generated,false,dev
JOB-DATA-0003-SKILL-044,JOB-DATA-0003,SKILL-044,53,0.066667,required,1.2.0,synthetic,true,SRC-SYNTH,2026-09-13T00:00:00+08:00,0.88,synthetic,not_applicable,,team_generated,false,dev
JOB-DATA-0003-SKILL-045,JOB-DATA-0003,SKILL-045,53,0.066667,preferred,1.2.0,synthetic,true,SRC-SYNTH,2026-09-13T00:00:00+08:00,0.88,synthetic,not_applicable,,team_generated,false,dev
JOB-DATA-0003-SKILL-046,JOB-DATA-0003,SKILL-046,52,0.066667,preferred,1.2.0,synthetic,true,SRC-SYNTH,2026-09-13T00:00:00+08:00,0.88,synthetic,not_applicable,,team_generated,false,dev
JOB-DATA-0003-SKILL-048,JOB-DATA-0003,SKILL-048,47,0.066667,preferred,1.2.0,synthetic,true,SRC-SYNTH,2026-09-13T00:00:00+08:00,0.88,synthetic,not_applicable,,team_generated,false,dev
JOB-DATA-0003-SKILL-049,JOB-DATA-0003,SKILL-049,47,0.066667,preferred,1.2.0,synthetic,true,SRC-SYNTH,2026-09-13T00:00:00+08:00,0.88,synthetic,not_applicable,,team_generated,false,dev
JOB-DATA-0003-SKILL-054,JOB-DATA-0003,SKILL-054,47,0.066662,preferred,1.2.0,synthetic,true,SRC-SYNTH,2026-09-13T00:00:00+08:00,0.88,synthetic,not_applicable,,team_generated,false,dev
JOB-DATA-0004-SKILL-012,JOB-DATA-0004,SKILL-012,66,0.0625,required,1.2.0,synthetic,true,SRC-SYNTH,2026-09-13T00:00:00+08:00,0.88,synthetic,not_applicable,,team_generated,false,dev
JOB-DATA-0004-SKILL-013,JOB-DATA-0004,SKILL-013,61,0.0625,required,1.2.0,synthetic,true,SRC-SYNTH,2026-09-13T00:00:00+08:00,0.88,synthetic,not_applicable,,team_generated,false,dev
JOB-DATA-0004-SKILL-014,JOB-DATA-0004,SKILL-014,61,0.0625,required,1.2.0,synthetic,true,SRC-SYNTH,2026-09-13T00:00:00+08:00,0.88,synthetic,not_applicable,,team_generated,false,dev
JOB-DATA-0004-SKILL-015,JOB-DATA-0004,SKILL-015,60,0.0625,required,1.2.0,synthetic,true,SRC-SYNTH,2026-09-13T00:00:00+08:00,0.88,synthetic,not_applicable,,team_generated,false,dev
JOB-DATA-0004-SKILL-016,JOB-DATA-0004,SKILL-016,60,0.0625,required,1.2.0,synthetic,true,SRC-SYNTH,2026-09-13T00:00:00+08:00,0.88,synthetic,not_applicable,,team_generated,false,dev
JOB-DATA-0004-SKILL-040,JOB-DATA-0004,SKILL-040,59,0.0625,required,1.2.0,synthetic,true,SRC-SYNTH,2026-09-13T00:00:00+08:00,0.88,synthetic,not_applicable,,team_generated,false,dev
JOB-DATA-0004-SKILL-041,JOB-DATA-0004,SKILL-041,54,0.0625,required,1.2.0,synthetic,true,SRC-SYNTH,2026-09-13T00:00:00+08:00,0.88,synthetic,not_applicable,,team_generated,false,dev
JOB-DATA-0004-SKILL-043,JOB-DATA-0004,SKILL-043,54,0.0625,required,1.2.0,synthetic,true,SRC-SYNTH,2026-09-13T00:00:00+08:00,0.88,synthetic,not_applicable,,team_generated,false,dev
JOB-DATA-0004-SKILL-044,JOB-DATA-0004,SKILL-044,53,0.0625,required,1.2.0,synthetic,true,SRC-SYNTH,2026-09-13T00:00:00+08:00,0.88,synthetic,not_applicable,,team_generated,false,dev
JOB-DATA-0004-SKILL-045,JOB-DATA-0004,SKILL-045,53,0.0625,required,1.2.0,synthetic,true,SRC-SYNTH,2026-09-13T00:00:00+08:00,0.88,synthetic,not_applicable,,team_generated,false,dev
JOB-DATA-0004-SKILL-046,JOB-DATA-0004,SKILL-046,52,0.0625,required,1.2.0,synthetic,true,SRC-SYNTH,2026-09-13T00:00:00+08:00,0.88,synthetic,not_applicable,,team_generated,false,dev
JOB-DATA-0004-SKILL-048,JOB-DATA-0004,SKILL-048,47,0.0625,preferred,1.2.0,synthetic,true,SRC-SYNTH,2026-09-13T00:00:00+08:00,0.88,synthetic,not_applicable,,team_generated,false,dev
JOB-DATA-0004-SKILL-049,JOB-DATA-0004,SKILL-049,47,0.0625,preferred,1.2.0,synthetic,true,SRC-SYNTH,2026-09-13T00:00:00+08:00,0.88,synthetic,not_applicable,,team_generated,false,dev
JOB-DATA-0004-SKILL-054,JOB-DATA-0004,SKILL-054,47,0.0625,preferred,1.2.0,synthetic,true,SRC-SYNTH,2026-09-13T00:00:00+08:00,0.88,synthetic,not_applicable,,team_generated,false,dev
JOB-DATA-0004-SKILL-001,JOB-DATA-0004,SKILL-001,71,0.0625,preferred,1.2.0,synthetic,true,SRC-SYNTH,2026-09-13T00:00:00+08:00,0.88,synthetic,not_applicable,,team_generated,false,dev
JOB-DATA-0004-SKILL-009,JOB-DATA-0004,SKILL-009,71,0.0625,preferred,1.2.0,synthetic,true,SRC-SYNTH,2026-09-13T00:00:00+08:00,0.88,synthetic,not_applicable,,team_generated,false,dev
JOB-DATA-0005-SKILL-013,JOB-DATA-0005,SKILL-013,61,0.058824,required,1.2.0,synthetic,true,SRC-SYNTH,2026-09-13T00:00:00+08:00,0.88,synthetic,not_applicable,,team_generated,false,dev
JOB-DATA-0005-SKILL-014,JOB-DATA-0005,SKILL-014,61,0.058824,required,1.2.0,synthetic,true,SRC-SYNTH,2026-09-13T00:00:00+08:00,0.88,synthetic,not_applicable,,team_generated,false,dev
JOB-DATA-0005-SKILL-015,JOB-DATA-0005,SKILL-015,60,0.058824,required,1.2.0,synthetic,true,SRC-SYNTH,2026-09-13T00:00:00+08:00,0.88,synthetic,not_applicable,,team_generated,false,dev
JOB-DATA-0005-SKILL-016,JOB-DATA-0005,SKILL-016,60,0.058824,required,1.2.0,synthetic,true,SRC-SYNTH,2026-09-13T00:00:00+08:00,0.88,synthetic,not_applicable,,team_generated,false,dev
JOB-DATA-0005-SKILL-040,JOB-DATA-0005,SKILL-040,59,0.058824,required,1.2.0,synthetic,true,SRC-SYNTH,2026-09-13T00:00:00+08:00,0.88,synthetic,not_applicable,,team_generated,false,dev
JOB-DATA-0005-SKILL-041,JOB-DATA-0005,SKILL-041,54,0.058824,required,1.2.0,synthetic,true,SRC-SYNTH,2026-09-13T00:00:00+08:00,0.88,synthetic,not_applicable,,team_generated,false,dev
JOB-DATA-0005-SKILL-043,JOB-DATA-0005,SKILL-043,54,0.058824,required,1.2.0,synthetic,true,SRC-SYNTH,2026-09-13T00:00:00+08:00,0.88,synthetic,not_applicable,,team_generated,false,dev
JOB-DATA-0005-SKILL-044,JOB-DATA-0005,SKILL-044,53,0.058824,required,1.2.0,synthetic,true,SRC-SYNTH,2026-09-13T00:00:00+08:00,0.88,synthetic,not_applicable,,team_generated,false,dev
JOB-DATA-0005-SKILL-045,JOB-DATA-0005,SKILL-045,53,0.058824,required,1.2.0,synthetic,true,SRC-SYNTH,2026-09-13T00:00:00+08:00,0.88,synthetic,not_applicable,,team_generated,false,dev
JOB-DATA-0005-SKILL-046,JOB-DATA-0005,SKILL-046,52,0.058824,required,1.2.0,synthetic,true,SRC-SYNTH,2026-09-13T00:00:00+08:00,0.88,synthetic,not_applicable,,team_generated,false,dev
JOB-DATA-0005-SKILL-048,JOB-DATA-0005,SKILL-048,47,0.058824,required,1.2.0,synthetic,true,SRC-SYNTH,2026-09-13T00:00:00+08:00,0.88,synthetic,not_applicable,,team_generated,false,dev
JOB-DATA-0005-SKILL-049,JOB-DATA-0005,SKILL-049,47,0.058824,required,1.2.0,synthetic,true,SRC-SYNTH,2026-09-13T00:00:00+08:00,0.88,synthetic,not_applicable,,team_generated,false,dev
JOB-DATA-0005-SKILL-054,JOB-DATA-0005,SKILL-054,47,0.058824,preferred,1.2.0,synthetic,true,SRC-SYNTH,2026-09-13T00:00:00+08:00,0.88,synthetic,not_applicable,,team_generated,false,dev
JOB-DATA-0005-SKILL-001,JOB-DATA-0005,SKILL-001,71,0.058824,preferred,1.2.0,synthetic,true,SRC-SYNTH,2026-09-13T00:00:00+08:00,0.88,synthetic,not_applicable,,team_generated,false,dev
JOB-DATA-0005-SKILL-009,JOB-DATA-0005,SKILL-009,71,0.058824,preferred,1.2.0,synthetic,true,SRC-SYNTH,2026-09-13T00:00:00+08:00,0.88,synthetic,not_applicable,,team_generated,false,dev
JOB-DATA-0005-SKILL-010,JOB-DATA-0005,SKILL-010,65,0.058824,preferred,1.2.0,synthetic,true,SRC-SYNTH,2026-09-13T00:00:00+08:00,0.88,synthetic,not_applicable,,team_generated,false,dev
JOB-DATA-0005-SKILL-011,JOB-DATA-0005,SKILL-011,65,0.058816,preferred,1.2.0,synthetic,true,SRC-SYNTH,2026-09-13T00:00:00+08:00,0.88,synthetic,not_applicable,,team_generated,false,dev
JOB-DATA-0006-SKILL-014,JOB-DATA-0006,SKILL-014,61,0.055556,required,1.2.0,synthetic,true,SRC-SYNTH,2026-09-13T00:00:00+08:00,0.88,synthetic,not_applicable,,team_generated,false,dev
JOB-DATA-0006-SKILL-015,JOB-DATA-0006,SKILL-015,60,0.055556,required,1.2.0,synthetic,true,SRC-SYNTH,2026-09-13T00:00:00+08:00,0.88,synthetic,not_applicable,,team_generated,false,dev
JOB-DATA-0006-SKILL-016,JOB-DATA-0006,SKILL-016,60,0.055556,required,1.2.0,synthetic,true,SRC-SYNTH,2026-09-13T00:00:00+08:00,0.88,synthetic,not_applicable,,team_generated,false,dev
JOB-DATA-0006-SKILL-040,JOB-DATA-0006,SKILL-040,59,0.055556,required,1.2.0,synthetic,true,SRC-SYNTH,2026-09-13T00:00:00+08:00,0.88,synthetic,not_applicable,,team_generated,false,dev
JOB-DATA-0006-SKILL-041,JOB-DATA-0006,SKILL-041,54,0.055556,required,1.2.0,synthetic,true,SRC-SYNTH,2026-09-13T00:00:00+08:00,0.88,synthetic,not_applicable,,team_generated,false,dev
JOB-DATA-0006-SKILL-043,JOB-DATA-0006,SKILL-043,54,0.055556,required,1.2.0,synthetic,true,SRC-SYNTH,2026-09-13T00:00:00+08:00,0.88,synthetic,not_applicable,,team_generated,false,dev
JOB-DATA-0006-SKILL-044,JOB-DATA-0006,SKILL-044,53,0.055556,required,1.2.0,synthetic,true,SRC-SYNTH,2026-09-13T00:00:00+08:00,0.88,synthetic,not_applicable,,team_generated,false,dev
JOB-DATA-0006-SKILL-045,JOB-DATA-0006,SKILL-045,53,0.055556,required,1.2.0,synthetic,true,SRC-SYNTH,2026-09-13T00:00:00+08:00,0.88,synthetic,not_applicable,,team_generated,false,dev
JOB-DATA-0006-SKILL-046,JOB-DATA-0006,SKILL-046,52,0.055556,required,1.2.0,synthetic,true,SRC-SYNTH,2026-09-13T00:00:00+08:00,0.88,synthetic,not_applicable,,team_generated,false,dev
JOB-DATA-0006-SKILL-048,JOB-DATA-0006,SKILL-048,47,0.055556,required,1.2.0,synthetic,true,SRC-SYNTH,2026-09-13T00:00:00+08:00,0.88,synthetic,not_applicable,,team_generated,false,dev
JOB-DATA-0006-SKILL-049,JOB-DATA-0006,SKILL-049,47,0.055556,required,1.2.0,synthetic,true,SRC-SYNTH,2026-09-13T00:00:00+08:00,0.88,synthetic,not_applicable,,team_generated,false,dev
JOB-DATA-0006-SKILL-054,JOB-DATA-0006,SKILL-054,47,0.055556,required,1.2.0,synthetic,true,SRC-SYNTH,2026-09-13T00:00:00+08:00,0.88,synthetic,not_applicable,,team_generated,false,dev
JOB-DATA-0006-SKILL-001,JOB-DATA-0006,SKILL-001,71,0.055556,preferred,1.2.0,synthetic,true,SRC-SYNTH,2026-09-13T00:00:00+08:00,0.88,synthetic,not_applicable,,team_generated,false,dev
JOB-DATA-0006-SKILL-009,JOB-DATA-0006,SKILL-009,71,0.055556,preferred,1.2.0,synthetic,true,SRC-SYNTH,2026-09-13T00:00:00+08:00,0.88,synthetic,not_applicable,,team_generated,false,dev
JOB-DATA-0006-SKILL-010,JOB-DATA-0006,SKILL-010,65,0.055556,preferred,1.2.0,synthetic,true,SRC-SYNTH,2026-09-13T00:00:00+08:00,0.88,synthetic,not_applicable,,team_generated,false,dev
JOB-DATA-0006-SKILL-011,JOB-DATA-0006,SKILL-011,65,0.055556,preferred,1.2.0,synthetic,true,SRC-SYNTH,2026-09-13T00:00:00+08:00,0.88,synthetic,not_applicable,,team_generated,false,dev
JOB-DATA-0006-SKILL-012,JOB-DATA-0006,SKILL-012,64,0.055556,preferred,1.2.0,synthetic,true,SRC-SYNTH,2026-09-13T00:00:00+08:00,0.88,synthetic,not_applicable,,team_generated,false,dev
JOB-DATA-0006-SKILL-013,JOB-DATA-0006,SKILL-013,64,0.055548,preferred,1.2.0,synthetic,true,SRC-SYNTH,2026-09-13T00:00:00+08:00,0.88,synthetic,not_applicable,,team_generated,false,dev
JOB-DATA-0007-SKILL-015,JOB-DATA-0007,SKILL-015,60,0.083333,required,1.2.0,synthetic,true,SRC-SYNTH,2026-09-13T00:00:00+08:00,0.88,synthetic,not_applicable,,team_generated,false,dev
JOB-DATA-0007-SKILL-016,JOB-DATA-0007,SKILL-016,60,0.083333,required,1.2.0,synthetic,true,SRC-SYNTH,2026-09-13T00:00:00+08:00,0.88,synthetic,not_applicable,,team_generated,false,dev
JOB-DATA-0007-SKILL-040,JOB-DATA-0007,SKILL-040,59,0.083333,required,1.2.0,synthetic,true,SRC-SYNTH,2026-09-13T00:00:00+08:00,0.88,synthetic,not_applicable,,team_generated,false,dev
JOB-DATA-0007-SKILL-041,JOB-DATA-0007,SKILL-041,54,0.083333,required,1.2.0,synthetic,true,SRC-SYNTH,2026-09-13T00:00:00+08:00,0.88,synthetic,not_applicable,,team_generated,false,dev
JOB-DATA-0007-SKILL-043,JOB-DATA-0007,SKILL-043,54,0.083333,required,1.2.0,synthetic,true,SRC-SYNTH,2026-09-13T00:00:00+08:00,0.88,synthetic,not_applicable,,team_generated,false,dev
JOB-DATA-0007-SKILL-044,JOB-DATA-0007,SKILL-044,53,0.083333,required,1.2.0,synthetic,true,SRC-SYNTH,2026-09-13T00:00:00+08:00,0.88,synthetic,not_applicable,,team_generated,false,dev
JOB-DATA-0007-SKILL-045,JOB-DATA-0007,SKILL-045,53,0.083333,required,1.2.0,synthetic,true,SRC-SYNTH,2026-09-13T00:00:00+08:00,0.88,synthetic,not_applicable,,team_generated,false,dev
JOB-DATA-0007-SKILL-046,JOB-DATA-0007,SKILL-046,52,0.083333,required,1.2.0,synthetic,true,SRC-SYNTH,2026-09-13T00:00:00+08:00,0.88,synthetic,not_applicable,,team_generated,false,dev
JOB-DATA-0007-SKILL-048,JOB-DATA-0007,SKILL-048,47,0.083333,preferred,1.2.0,synthetic,true,SRC-SYNTH,2026-09-13T00:00:00+08:00,0.88,synthetic,not_applicable,,team_generated,false,dev
JOB-DATA-0007-SKILL-049,JOB-DATA-0007,SKILL-049,47,0.083333,preferred,1.2.0,synthetic,true,SRC-SYNTH,2026-09-13T00:00:00+08:00,0.88,synthetic,not_applicable,,team_generated,false,dev
JOB-DATA-0007-SKILL-054,JOB-DATA-0007,SKILL-054,47,0.083333,preferred,1.2.0,synthetic,true,SRC-SYNTH,2026-09-13T00:00:00+08:00,0.88,synthetic,not_applicable,,team_generated,false,dev
JOB-DATA-0007-SKILL-001,JOB-DATA-0007,SKILL-001,71,0.083337,preferred,1.2.0,synthetic,true,SRC-SYNTH,2026-09-13T00:00:00+08:00,0.88,synthetic,not_applicable,,team_generated,false,dev
JOB-DATA-0008-SKILL-016,JOB-DATA-0008,SKILL-016,60,0.076923,required,1.2.0,synthetic,true,SRC-SYNTH,2026-09-13T00:00:00+08:00,0.88,synthetic,not_applicable,,team_generated,false,dev
JOB-DATA-0008-SKILL-040,JOB-DATA-0008,SKILL-040,59,0.076923,required,1.2.0,synthetic,true,SRC-SYNTH,2026-09-13T00:00:00+08:00,0.88,synthetic,not_applicable,,team_generated,false,dev
JOB-DATA-0008-SKILL-041,JOB-DATA-0008,SKILL-041,54,0.076923,required,1.2.0,synthetic,true,SRC-SYNTH,2026-09-13T00:00:00+08:00,0.88,synthetic,not_applicable,,team_generated,false,dev
JOB-DATA-0008-SKILL-043,JOB-DATA-0008,SKILL-043,54,0.076923,required,1.2.0,synthetic,true,SRC-SYNTH,2026-09-13T00:00:00+08:00,0.88,synthetic,not_applicable,,team_generated,false,dev
JOB-DATA-0008-SKILL-044,JOB-DATA-0008,SKILL-044,53,0.076923,required,1.2.0,synthetic,true,SRC-SYNTH,2026-09-13T00:00:00+08:00,0.88,synthetic,not_applicable,,team_generated,false,dev
JOB-DATA-0008-SKILL-045,JOB-DATA-0008,SKILL-045,53,0.076923,required,1.2.0,synthetic,true,SRC-SYNTH,2026-09-13T00:00:00+08:00,0.88,synthetic,not_applicable,,team_generated,false,dev
JOB-DATA-0008-SKILL-046,JOB-DATA-0008,SKILL-046,52,0.076923,required,1.2.0,synthetic,true,SRC-SYNTH,2026-09-13T00:00:00+08:00,0.88,synthetic,not_applicable,,team_generated,false,dev
JOB-DATA-0008-SKILL-048,JOB-DATA-0008,SKILL-048,47,0.076923,required,1.2.0,synthetic,true,SRC-SYNTH,2026-09-13T00:00:00+08:00,0.88,synthetic,not_applicable,,team_generated,false,dev
JOB-DATA-0008-SKILL-049,JOB-DATA-0008,SKILL-049,47,0.076923,required,1.2.0,synthetic,true,SRC-SYNTH,2026-09-13T00:00:00+08:00,0.88,synthetic,not_applicable,,team_generated,false,dev
JOB-DATA-0008-SKILL-054,JOB-DATA-0008,SKILL-054,47,0.076923,preferred,1.2.0,synthetic,true,SRC-SYNTH,2026-09-13T00:00:00+08:00,0.88,synthetic,not_applicable,,team_generated,false,dev
JOB-DATA-0008-SKILL-001,JOB-DATA-0008,SKILL-001,71,0.076923,preferred,1.2.0,synthetic,true,SRC-SYNTH,2026-09-13T00:00:00+08:00,0.88,synthetic,not_applicable,,team_generated,false,dev
JOB-DATA-0008-SKILL-009,JOB-DATA-0008,SKILL-009,71,0.076923,preferred,1.2.0,synthetic,true,SRC-SYNTH,2026-09-13T00:00:00+08:00,0.88,synthetic,not_applicable,,team_generated,false,dev
JOB-DATA-0008-SKILL-010,JOB-DATA-0008,SKILL-010,65,0.076924,preferred,1.2.0,synthetic,true,SRC-SYNTH,2026-09-13T00:00:00+08:00,0.88,synthetic,not_applicable,,team_generated,false,dev
JOB-DATA-0009-SKILL-040,JOB-DATA-0009,SKILL-040,59,0.071429,required,1.2.0,synthetic,true,SRC-SYNTH,2026-09-13T00:00:00+08:00,0.88,synthetic,not_applicable,,team_generated,false,dev
JOB-DATA-0009-SKILL-041,JOB-DATA-0009,SKILL-041,54,0.071429,required,1.2.0,synthetic,true,SRC-SYNTH,2026-09-13T00:00:00+08:00,0.88,synthetic,not_applicable,,team_generated,false,dev
JOB-DATA-0009-SKILL-043,JOB-DATA-0009,SKILL-043,54,0.071429,required,1.2.0,synthetic,true,SRC-SYNTH,2026-09-13T00:00:00+08:00,0.88,synthetic,not_applicable,,team_generated,false,dev
JOB-DATA-0009-SKILL-044,JOB-DATA-0009,SKILL-044,53,0.071429,required,1.2.0,synthetic,true,SRC-SYNTH,2026-09-13T00:00:00+08:00,0.88,synthetic,not_applicable,,team_generated,false,dev
JOB-DATA-0009-SKILL-045,JOB-DATA-0009,SKILL-045,53,0.071429,required,1.2.0,synthetic,true,SRC-SYNTH,2026-09-13T00:00:00+08:00,0.88,synthetic,not_applicable,,team_generated,false,dev
JOB-DATA-0009-SKILL-046,JOB-DATA-0009,SKILL-046,52,0.071429,required,1.2.0,synthetic,true,SRC-SYNTH,2026-09-13T00:00:00+08:00,0.88,synthetic,not_applicable,,team_generated,false,dev
JOB-DATA-0009-SKILL-048,JOB-DATA-0009,SKILL-048,47,0.071429,required,1.2.0,synthetic,true,SRC-SYNTH,2026-09-13T00:00:00+08:00,0.88,synthetic,not_applicable,,team_generated,false,dev
JOB-DATA-0009-SKILL-049,JOB-DATA-0009,SKILL-049,47,0.071429,required,1.2.0,synthetic,true,SRC-SYNTH,2026-09-13T00:00:00+08:00,0.88,synthetic,not_applicable,,team_generated,false,dev
JOB-DATA-0009-SKILL-054,JOB-DATA-0009,SKILL-054,47,0.071429,required,1.2.0,synthetic,true,SRC-SYNTH,2026-09-13T00:00:00+08:00,0.88,synthetic,not_applicable,,team_generated,false,dev
JOB-DATA-0009-SKILL-001,JOB-DATA-0009,SKILL-001,71,0.071429,required,1.2.0,synthetic,true,SRC-SYNTH,2026-09-13T00:00:00+08:00,0.88,synthetic,not_applicable,,team_generated,false,dev
JOB-DATA-0009-SKILL-009,JOB-DATA-0009,SKILL-009,71,0.071429,preferred,1.2.0,synthetic,true,SRC-SYNTH,2026-09-13T00:00:00+08:00,0.88,synthetic,not_applicable,,team_generated,false,dev
JOB-DATA-0009-SKILL-010,JOB-DATA-0009,SKILL-010,65,0.071429,preferred,1.2.0,synthetic,true,SRC-SYNTH,2026-09-13T00:00:00+08:00,0.88,synthetic,not_applicable,,team_generated,false,dev
JOB-DATA-0009-SKILL-011,JOB-DATA-0009,SKILL-011,65,0.071429,preferred,1.2.0,synthetic,true,SRC-SYNTH,2026-09-13T00:00:00+08:00,0.88,synthetic,not_applicable,,team_generated,false,dev
JOB-DATA-0009-SKILL-012,JOB-DATA-0009,SKILL-012,64,0.071423,preferred,1.2.0,synthetic,true,SRC-SYNTH,2026-09-13T00:00:00+08:00,0.88,synthetic,not_applicable,,team_generated,false,dev
JOB-DATA-0010-SKILL-041,JOB-DATA-0010,SKILL-041,54,0.066667,required,1.2.0,synthetic,true,SRC-SYNTH,2026-09-13T00:00:00+08:00,0.88,synthetic,not_applicable,,team_generated,false,dev
JOB-DATA-0010-SKILL-043,JOB-DATA-0010,SKILL-043,54,0.066667,required,1.2.0,synthetic,true,SRC-SYNTH,2026-09-13T00:00:00+08:00,0.88,synthetic,not_applicable,,team_generated,false,dev
JOB-DATA-0010-SKILL-044,JOB-DATA-0010,SKILL-044,53,0.066667,required,1.2.0,synthetic,true,SRC-SYNTH,2026-09-13T00:00:00+08:00,0.88,synthetic,not_applicable,,team_generated,false,dev
JOB-DATA-0010-SKILL-045,JOB-DATA-0010,SKILL-045,53,0.066667,required,1.2.0,synthetic,true,SRC-SYNTH,2026-09-13T00:00:00+08:00,0.88,synthetic,not_applicable,,team_generated,false,dev
JOB-DATA-0010-SKILL-046,JOB-DATA-0010,SKILL-046,52,0.066667,required,1.2.0,synthetic,true,SRC-SYNTH,2026-09-13T00:00:00+08:00,0.88,synthetic,not_applicable,,team_generated,false,dev
JOB-DATA-0010-SKILL-048,JOB-DATA-0010,SKILL-048,47,0.066667,required,1.2.0,synthetic,true,SRC-SYNTH,2026-09-13T00:00:00+08:00,0.88,synthetic,not_applicable,,team_generated,false,dev
JOB-DATA-0010-SKILL-049,JOB-DATA-0010,SKILL-049,47,0.066667,required,1.2.0,synthetic,true,SRC-SYNTH,2026-09-13T00:00:00+08:00,0.88,synthetic,not_applicable,,team_generated,false,dev
JOB-DATA-0010-SKILL-054,JOB-DATA-0010,SKILL-054,47,0.066667,required,1.2.0,synthetic,true,SRC-SYNTH,2026-09-13T00:00:00+08:00,0.88,synthetic,not_applicable,,team_generated,false,dev
JOB-DATA-0010-SKILL-001,JOB-DATA-0010,SKILL-001,71,0.066667,required,1.2.0,synthetic,true,SRC-SYNTH,2026-09-13T00:00:00+08:00,0.88,synthetic,not_applicable,,team_generated,false,dev
JOB-DATA-0010-SKILL-009,JOB-DATA-0010,SKILL-009,71,0.066667,required,1.2.0,synthetic,true,SRC-SYNTH,2026-09-13T00:00:00+08:00,0.88,synthetic,not_applicable,,team_generated,false,dev
JOB-DATA-0010-SKILL-010,JOB-DATA-0010,SKILL-010,65,0.066667,preferred,1.2.0,synthetic,true,SRC-SYNTH,2026-09-13T00:00:00+08:00,0.88,synthetic,not_applicable,,team_generated,false,dev
JOB-DATA-0010-SKILL-011,JOB-DATA-0010,SKILL-011,65,0.066667,preferred,1.2.0,synthetic,true,SRC-SYNTH,2026-09-13T00:00:00+08:00,0.88,synthetic,not_applicable,,team_generated,false,dev
JOB-DATA-0010-SKILL-012,JOB-DATA-0010,SKILL-012,64,0.066667,preferred,1.2.0,synthetic,true,SRC-SYNTH,2026-09-13T00:00:00+08:00,0.88,synthetic,not_applicable,,team_generated,false,dev
JOB-DATA-0010-SKILL-013,JOB-DATA-0010,SKILL-013,64,0.066667,preferred,1.2.0,synthetic,true,SRC-SYNTH,2026-09-13T00:00:00+08:00,0.88,synthetic,not_applicable,,team_generated,false,dev
JOB-DATA-0010-SKILL-014,JOB-DATA-0010,SKILL-014,64,0.066662,preferred,1.2.0,synthetic,true,SRC-SYNTH,2026-09-13T00:00:00+08:00,0.88,synthetic,not_applicable,,team_generated,false,dev
JOB-DATA-0011-SKILL-043,JOB-DATA-0011,SKILL-043,54,0.0625,required,1.2.0,synthetic,true,SRC-SYNTH,2026-09-13T00:00:00+08:00,0.88,synthetic,not_applicable,,team_generated,false,dev
JOB-DATA-0011-SKILL-044,JOB-DATA-0011,SKILL-044,53,0.0625,required,1.2.0,synthetic,true,SRC-SYNTH,2026-09-13T00:00:00+08:00,0.88,synthetic,not_applicable,,team_generated,false,dev
JOB-DATA-0011-SKILL-045,JOB-DATA-0011,SKILL-045,53,0.0625,required,1.2.0,synthetic,true,SRC-SYNTH,2026-09-13T00:00:00+08:00,0.88,synthetic,not_applicable,,team_generated,false,dev
JOB-DATA-0011-SKILL-046,JOB-DATA-0011,SKILL-046,52,0.0625,required,1.2.0,synthetic,true,SRC-SYNTH,2026-09-13T00:00:00+08:00,0.88,synthetic,not_applicable,,team_generated,false,dev
JOB-DATA-0011-SKILL-048,JOB-DATA-0011,SKILL-048,47,0.0625,required,1.2.0,synthetic,true,SRC-SYNTH,2026-09-13T00:00:00+08:00,0.88,synthetic,not_applicable,,team_generated,false,dev
JOB-DATA-0011-SKILL-049,JOB-DATA-0011,SKILL-049,47,0.0625,required,1.2.0,synthetic,true,SRC-SYNTH,2026-09-13T00:00:00+08:00,0.88,synthetic,not_applicable,,team_generated,false,dev
JOB-DATA-0011-SKILL-054,JOB-DATA-0011,SKILL-054,47,0.0625,required,1.2.0,synthetic,true,SRC-SYNTH,2026-09-13T00:00:00+08:00,0.88,synthetic,not_applicable,,team_generated,false,dev
JOB-DATA-0011-SKILL-001,JOB-DATA-0011,SKILL-001,71,0.0625,required,1.2.0,synthetic,true,SRC-SYNTH,2026-09-13T00:00:00+08:00,0.88,synthetic,not_applicable,,team_generated,false,dev
JOB-DATA-0011-SKILL-009,JOB-DATA-0011,SKILL-009,71,0.0625,required,1.2.0,synthetic,true,SRC-SYNTH,2026-09-13T00:00:00+08:00,0.88,synthetic,not_applicable,,team_generated,false,dev
JOB-DATA-0011-SKILL-010,JOB-DATA-0011,SKILL-010,65,0.0625,required,1.2.0,synthetic,true,SRC-SYNTH,2026-09-13T00:00:00+08:00,0.88,synthetic,not_applicable,,team_generated,false,dev
JOB-DATA-0011-SKILL-011,JOB-DATA-0011,SKILL-011,65,0.0625,required,1.2.0,synthetic,true,SRC-SYNTH,2026-09-13T00:00:00+08:00,0.88,synthetic,not_applicable,,team_generated,false,dev
JOB-DATA-0011-SKILL-012,JOB-DATA-0011,SKILL-012,64,0.0625,preferred,1.2.0,synthetic,true,SRC-SYNTH,2026-09-13T00:00:00+08:00,0.88,synthetic,not_applicable,,team_generated,false,dev
JOB-DATA-0011-SKILL-013,JOB-DATA-0011,SKILL-013,64,0.0625,preferred,1.2.0,synthetic,true,SRC-SYNTH,2026-09-13T00:00:00+08:00,0.88,synthetic,not_applicable,,team_generated,false,dev
JOB-DATA-0011-SKILL-014,JOB-DATA-0011,SKILL-014,64,0.0625,preferred,1.2.0,synthetic,true,SRC-SYNTH,2026-09-13T00:00:00+08:00,0.88,synthetic,not_applicable,,team_generated,false,dev
JOB-DATA-0011-SKILL-015,JOB-DATA-0011,SKILL-015,58,0.0625,preferred,1.2.0,synthetic,true,SRC-SYNTH,2026-09-13T00:00:00+08:00,0.88,synthetic,not_applicable,,team_generated,false,dev
JOB-DATA-0011-SKILL-016,JOB-DATA-0011,SKILL-016,58,0.0625,preferred,1.2.0,synthetic,true,SRC-SYNTH,2026-09-13T00:00:00+08:00,0.88,synthetic,not_applicable,,team_generated,false,dev
JOB-DATA-0012-SKILL-044,JOB-DATA-0012,SKILL-044,53,0.058824,required,1.2.0,synthetic,true,SRC-SYNTH,2026-09-13T00:00:00+08:00,0.88,synthetic,not_applicable,,team_generated,false,dev
JOB-DATA-0012-SKILL-045,JOB-DATA-0012,SKILL-045,53,0.058824,required,1.2.0,synthetic,true,SRC-SYNTH,2026-09-13T00:00:00+08:00,0.88,synthetic,not_applicable,,team_generated,false,dev
JOB-DATA-0012-SKILL-046,JOB-DATA-0012,SKILL-046,52,0.058824,required,1.2.0,synthetic,true,SRC-SYNTH,2026-09-13T00:00:00+08:00,0.88,synthetic,not_applicable,,team_generated,false,dev
JOB-DATA-0012-SKILL-048,JOB-DATA-0012,SKILL-048,47,0.058824,required,1.2.0,synthetic,true,SRC-SYNTH,2026-09-13T00:00:00+08:00,0.88,synthetic,not_applicable,,team_generated,false,dev
JOB-DATA-0012-SKILL-049,JOB-DATA-0012,SKILL-049,47,0.058824,required,1.2.0,synthetic,true,SRC-SYNTH,2026-09-13T00:00:00+08:00,0.88,synthetic,not_applicable,,team_generated,false,dev
JOB-DATA-0012-SKILL-054,JOB-DATA-0012,SKILL-054,47,0.058824,required,1.2.0,synthetic,true,SRC-SYNTH,2026-09-13T00:00:00+08:00,0.88,synthetic,not_applicable,,team_generated,false,dev
JOB-DATA-0012-SKILL-001,JOB-DATA-0012,SKILL-001,71,0.058824,required,1.2.0,synthetic,true,SRC-SYNTH,2026-09-13T00:00:00+08:00,0.88,synthetic,not_applicable,,team_generated,false,dev
JOB-DATA-0012-SKILL-009,JOB-DATA-0012,SKILL-009,71,0.058824,required,1.2.0,synthetic,true,SRC-SYNTH,2026-09-13T00:00:00+08:00,0.88,synthetic,not_applicable,,team_generated,false,dev
JOB-DATA-0012-SKILL-010,JOB-DATA-0012,SKILL-010,65,0.058824,required,1.2.0,synthetic,true,SRC-SYNTH,2026-09-13T00:00:00+08:00,0.88,synthetic,not_applicable,,team_generated,false,dev
JOB-DATA-0012-SKILL-011,JOB-DATA-0012,SKILL-011,65,0.058824,required,1.2.0,synthetic,true,SRC-SYNTH,2026-09-13T00:00:00+08:00,0.88,synthetic,not_applicable,,team_generated,false,dev
JOB-DATA-0012-SKILL-012,JOB-DATA-0012,SKILL-012,64,0.058824,required,1.2.0,synthetic,true,SRC-SYNTH,2026-09-13T00:00:00+08:00,0.88,synthetic,not_applicable,,team_generated,false,dev
JOB-DATA-0012-SKILL-013,JOB-DATA-0012,SKILL-013,64,0.058824,required,1.2.0,synthetic,true,SRC-SYNTH,2026-09-13T00:00:00+08:00,0.88,synthetic,not_applicable,,team_generated,false,dev
JOB-DATA-0012-SKILL-014,JOB-DATA-0012,SKILL-014,64,0.058824,preferred,1.2.0,synthetic,true,SRC-SYNTH,2026-09-13T00:00:00+08:00,0.88,synthetic,not_applicable,,team_generated,false,dev
JOB-DATA-0012-SKILL-015,JOB-DATA-0012,SKILL-015,58,0.058824,preferred,1.2.0,synthetic,true,SRC-SYNTH,2026-09-13T00:00:00+08:00,0.88,synthetic,not_applicable,,team_generated,false,dev
JOB-DATA-0012-SKILL-016,JOB-DATA-0012,SKILL-016,58,0.058824,preferred,1.2.0,synthetic,true,SRC-SYNTH,2026-09-13T00:00:00+08:00,0.88,synthetic,not_applicable,,team_generated,false,dev
JOB-DATA-0012-SKILL-040,JOB-DATA-0012,SKILL-040,57,0.058824,preferred,1.2.0,synthetic,true,SRC-SYNTH,2026-09-13T00:00:00+08:00,0.88,synthetic,not_applicable,,team_generated,false,dev
JOB-DATA-0012-SKILL-041,JOB-DATA-0012,SKILL-041,57,0.058816,preferred,1.2.0,synthetic,true,SRC-SYNTH,2026-09-13T00:00:00+08:00,0.88,synthetic,not_applicable,,team_generated,false,dev
JOB-DATA-0013-SKILL-045,JOB-DATA-0013,SKILL-045,53,0.055556,required,1.2.0,synthetic,true,SRC-SYNTH,2026-09-13T00:00:00+08:00,0.88,synthetic,not_applicable,,team_generated,false,dev
JOB-DATA-0013-SKILL-046,JOB-DATA-0013,SKILL-046,52,0.055556,required,1.2.0,synthetic,true,SRC-SYNTH,2026-09-13T00:00:00+08:00,0.88,synthetic,not_applicable,,team_generated,false,dev
JOB-DATA-0013-SKILL-048,JOB-DATA-0013,SKILL-048,47,0.055556,required,1.2.0,synthetic,true,SRC-SYNTH,2026-09-13T00:00:00+08:00,0.88,synthetic,not_applicable,,team_generated,false,dev
JOB-DATA-0013-SKILL-049,JOB-DATA-0013,SKILL-049,47,0.055556,required,1.2.0,synthetic,true,SRC-SYNTH,2026-09-13T00:00:00+08:00,0.88,synthetic,not_applicable,,team_generated,false,dev
JOB-DATA-0013-SKILL-054,JOB-DATA-0013,SKILL-054,47,0.055556,required,1.2.0,synthetic,true,SRC-SYNTH,2026-09-13T00:00:00+08:00,0.88,synthetic,not_applicable,,team_generated,false,dev
JOB-DATA-0013-SKILL-001,JOB-DATA-0013,SKILL-001,71,0.055556,required,1.2.0,synthetic,true,SRC-SYNTH,2026-09-13T00:00:00+08:00,0.88,synthetic,not_applicable,,team_generated,false,dev
JOB-DATA-0013-SKILL-009,JOB-DATA-0013,SKILL-009,71,0.055556,required,1.2.0,synthetic,true,SRC-SYNTH,2026-09-13T00:00:00+08:00,0.88,synthetic,not_applicable,,team_generated,false,dev
JOB-DATA-0013-SKILL-010,JOB-DATA-0013,SKILL-010,65,0.055556,required,1.2.0,synthetic,true,SRC-SYNTH,2026-09-13T00:00:00+08:00,0.88,synthetic,not_applicable,,team_generated,false,dev
JOB-DATA-0013-SKILL-011,JOB-DATA-0013,SKILL-011,65,0.055556,required,1.2.0,synthetic,true,SRC-SYNTH,2026-09-13T00:00:00+08:00,0.88,synthetic,not_applicable,,team_generated,false,dev
JOB-DATA-0013-SKILL-012,JOB-DATA-0013,SKILL-012,64,0.055556,required,1.2.0,synthetic,true,SRC-SYNTH,2026-09-13T00:00:00+08:00,0.88,synthetic,not_applicable,,team_generated,false,dev
JOB-DATA-0013-SKILL-013,JOB-DATA-0013,SKILL-013,64,0.055556,required,1.2.0,synthetic,true,SRC-SYNTH,2026-09-13T00:00:00+08:00,0.88,synthetic,not_applicable,,team_generated,false,dev
JOB-DATA-0013-SKILL-014,JOB-DATA-0013,SKILL-014,64,0.055556,required,1.2.0,synthetic,true,SRC-SYNTH,2026-09-13T00:00:00+08:00,0.88,synthetic,not_applicable,,team_generated,false,dev
JOB-DATA-0013-SKILL-015,JOB-DATA-0013,SKILL-015,58,0.055556,preferred,1.2.0,synthetic,true,SRC-SYNTH,2026-09-13T00:00:00+08:00,0.88,synthetic,not_applicable,,team_generated,false,dev
JOB-DATA-0013-SKILL-016,JOB-DATA-0013,SKILL-016,58,0.055556,preferred,1.2.0,synthetic,true,SRC-SYNTH,2026-09-13T00:00:00+08:00,0.88,synthetic,not_applicable,,team_generated,false,dev
JOB-DATA-0013-SKILL-040,JOB-DATA-0013,SKILL-040,57,0.055556,preferred,1.2.0,synthetic,true,SRC-SYNTH,2026-09-13T00:00:00+08:00,0.88,synthetic,not_applicable,,team_generated,false,dev
JOB-DATA-0013-SKILL-041,JOB-DATA-0013,SKILL-041,57,0.055556,preferred,1.2.0,synthetic,true,SRC-SYNTH,2026-09-13T00:00:00+08:00,0.88,synthetic,not_applicable,,team_generated,false,dev
JOB-DATA-0013-SKILL-043,JOB-DATA-0013,SKILL-043,57,0.055556,preferred,1.2.0,synthetic,true,SRC-SYNTH,2026-09-13T00:00:00+08:00,0.88,synthetic,not_applicable,,team_generated,false,dev
JOB-DATA-0013-SKILL-044,JOB-DATA-0013,SKILL-044,51,0.055548,preferred,1.2.0,synthetic,true,SRC-SYNTH,2026-09-13T00:00:00+08:00,0.88,synthetic,not_applicable,,team_generated,false,dev
JOB-DATA-0014-SKILL-046,JOB-DATA-0014,SKILL-046,52,0.083333,required,1.2.0,synthetic,true,SRC-SYNTH,2026-09-13T00:00:00+08:00,0.88,synthetic,not_applicable,,team_generated,false,dev
JOB-DATA-0014-SKILL-048,JOB-DATA-0014,SKILL-048,47,0.083333,required,1.2.0,synthetic,true,SRC-SYNTH,2026-09-13T00:00:00+08:00,0.88,synthetic,not_applicable,,team_generated,false,dev
JOB-DATA-0014-SKILL-049,JOB-DATA-0014,SKILL-049,47,0.083333,required,1.2.0,synthetic,true,SRC-SYNTH,2026-09-13T00:00:00+08:00,0.88,synthetic,not_applicable,,team_generated,false,dev
JOB-DATA-0014-SKILL-054,JOB-DATA-0014,SKILL-054,47,0.083333,required,1.2.0,synthetic,true,SRC-SYNTH,2026-09-13T00:00:00+08:00,0.88,synthetic,not_applicable,,team_generated,false,dev
JOB-DATA-0014-SKILL-001,JOB-DATA-0014,SKILL-001,71,0.083333,required,1.2.0,synthetic,true,SRC-SYNTH,2026-09-13T00:00:00+08:00,0.88,synthetic,not_applicable,,team_generated,false,dev
JOB-DATA-0014-SKILL-009,JOB-DATA-0014,SKILL-009,71,0.083333,required,1.2.0,synthetic,true,SRC-SYNTH,2026-09-13T00:00:00+08:00,0.88,synthetic,not_applicable,,team_generated,false,dev
JOB-DATA-0014-SKILL-010,JOB-DATA-0014,SKILL-010,65,0.083333,required,1.2.0,synthetic,true,SRC-SYNTH,2026-09-13T00:00:00+08:00,0.88,synthetic,not_applicable,,team_generated,false,dev
JOB-DATA-0014-SKILL-011,JOB-DATA-0014,SKILL-011,65,0.083333,required,1.2.0,synthetic,true,SRC-SYNTH,2026-09-13T00:00:00+08:00,0.88,synthetic,not_applicable,,team_generated,false,dev
JOB-DATA-0014-SKILL-012,JOB-DATA-0014,SKILL-012,64,0.083333,preferred,1.2.0,synthetic,true,SRC-SYNTH,2026-09-13T00:00:00+08:00,0.88,synthetic,not_applicable,,team_generated,false,dev
JOB-DATA-0014-SKILL-013,JOB-DATA-0014,SKILL-013,64,0.083333,preferred,1.2.0,synthetic,true,SRC-SYNTH,2026-09-13T00:00:00+08:00,0.88,synthetic,not_applicable,,team_generated,false,dev
JOB-DATA-0014-SKILL-014,JOB-DATA-0014,SKILL-014,64,0.083333,preferred,1.2.0,synthetic,true,SRC-SYNTH,2026-09-13T00:00:00+08:00,0.88,synthetic,not_applicable,,team_generated,false,dev
JOB-DATA-0014-SKILL-015,JOB-DATA-0014,SKILL-015,58,0.083337,preferred,1.2.0,synthetic,true,SRC-SYNTH,2026-09-13T00:00:00+08:00,0.88,synthetic,not_applicable,,team_generated,false,dev
JOB-DATA-0015-SKILL-048,JOB-DATA-0015,SKILL-048,47,0.076923,required,1.2.0,synthetic,true,SRC-SYNTH,2026-09-13T00:00:00+08:00,0.88,synthetic,not_applicable,,team_generated,false,dev
JOB-DATA-0015-SKILL-049,JOB-DATA-0015,SKILL-049,47,0.076923,required,1.2.0,synthetic,true,SRC-SYNTH,2026-09-13T00:00:00+08:00,0.88,synthetic,not_applicable,,team_generated,false,dev
JOB-DATA-0015-SKILL-054,JOB-DATA-0015,SKILL-054,47,0.076923,required,1.2.0,synthetic,true,SRC-SYNTH,2026-09-13T00:00:00+08:00,0.88,synthetic,not_applicable,,team_generated,false,dev
JOB-DATA-0015-SKILL-001,JOB-DATA-0015,SKILL-001,71,0.076923,required,1.2.0,synthetic,true,SRC-SYNTH,2026-09-13T00:00:00+08:00,0.88,synthetic,not_applicable,,team_generated,false,dev
JOB-DATA-0015-SKILL-009,JOB-DATA-0015,SKILL-009,71,0.076923,required,1.2.0,synthetic,true,SRC-SYNTH,2026-09-13T00:00:00+08:00,0.88,synthetic,not_applicable,,team_generated,false,dev
JOB-DATA-0015-SKILL-010,JOB-DATA-0015,SKILL-010,65,0.076923,required,1.2.0,synthetic,true,SRC-SYNTH,2026-09-13T00:00:00+08:00,0.88,synthetic,not_applicable,,team_generated,false,dev
JOB-DATA-0015-SKILL-011,JOB-DATA-0015,SKILL-011,65,0.076923,required,1.2.0,synthetic,true,SRC-SYNTH,2026-09-13T00:00:00+08:00,0.88,synthetic,not_applicable,,team_generated,false,dev
JOB-DATA-0015-SKILL-012,JOB-DATA-0015,SKILL-012,64,0.076923,required,1.2.0,synthetic,true,SRC-SYNTH,2026-09-13T00:00:00+08:00,0.88,synthetic,not_applicable,,team_generated,false,dev
JOB-DATA-0015-SKILL-013,JOB-DATA-0015,SKILL-013,64,0.076923,required,1.2.0,synthetic,true,SRC-SYNTH,2026-09-13T00:00:00+08:00,0.88,synthetic,not_applicable,,team_generated,false,dev
JOB-DATA-0015-SKILL-014,JOB-DATA-0015,SKILL-014,64,0.076923,preferred,1.2.0,synthetic,true,SRC-SYNTH,2026-09-13T00:00:00+08:00,0.88,synthetic,not_applicable,,team_generated,false,dev
JOB-DATA-0015-SKILL-015,JOB-DATA-0015,SKILL-015,58,0.076923,preferred,1.2.0,synthetic,true,SRC-SYNTH,2026-09-13T00:00:00+08:00,0.88,synthetic,not_applicable,,team_generated,false,dev
JOB-DATA-0015-SKILL-016,JOB-DATA-0015,SKILL-016,58,0.076923,preferred,1.2.0,synthetic,true,SRC-SYNTH,2026-09-13T00:00:00+08:00,0.88,synthetic,not_applicable,,team_generated,false,dev
JOB-DATA-0015-SKILL-040,JOB-DATA-0015,SKILL-040,57,0.076924,preferred,1.2.0,synthetic,true,SRC-SYNTH,2026-09-13T00:00:00+08:00,0.88,synthetic,not_applicable,,team_generated,false,dev
JOB-DATA-0016-SKILL-049,JOB-DATA-0016,SKILL-049,47,0.071429,required,1.2.0,synthetic,true,SRC-SYNTH,2026-09-13T00:00:00+08:00,0.88,synthetic,not_applicable,,team_generated,false,dev
JOB-DATA-0016-SKILL-054,JOB-DATA-0016,SKILL-054,47,0.071429,required,1.2.0,synthetic,true,SRC-SYNTH,2026-09-13T00:00:00+08:00,0.88,synthetic,not_applicable,,team_generated,false,dev
JOB-DATA-0016-SKILL-001,JOB-DATA-0016,SKILL-001,71,0.071429,required,1.2.0,synthetic,true,SRC-SYNTH,2026-09-13T00:00:00+08:00,0.88,synthetic,not_applicable,,team_generated,false,dev
JOB-DATA-0016-SKILL-009,JOB-DATA-0016,SKILL-009,71,0.071429,required,1.2.0,synthetic,true,SRC-SYNTH,2026-09-13T00:00:00+08:00,0.88,synthetic,not_applicable,,team_generated,false,dev
JOB-DATA-0016-SKILL-010,JOB-DATA-0016,SKILL-010,65,0.071429,required,1.2.0,synthetic,true,SRC-SYNTH,2026-09-13T00:00:00+08:00,0.88,synthetic,not_applicable,,team_generated,false,dev
JOB-DATA-0016-SKILL-011,JOB-DATA-0016,SKILL-011,65,0.071429,required,1.2.0,synthetic,true,SRC-SYNTH,2026-09-13T00:00:00+08:00,0.88,synthetic,not_applicable,,team_generated,false,dev
JOB-DATA-0016-SKILL-012,JOB-DATA-0016,SKILL-012,64,0.071429,required,1.2.0,synthetic,true,SRC-SYNTH,2026-09-13T00:00:00+08:00,0.88,synthetic,not_applicable,,team_generated,false,dev
JOB-DATA-0016-SKILL-013,JOB-DATA-0016,SKILL-013,64,0.071429,required,1.2.0,synthetic,true,SRC-SYNTH,2026-09-13T00:00:00+08:00,0.88,synthetic,not_applicable,,team_generated,false,dev
JOB-DATA-0016-SKILL-014,JOB-DATA-0016,SKILL-014,64,0.071429,required,1.2.0,synthetic,true,SRC-SYNTH,2026-09-13T00:00:00+08:00,0.88,synthetic,not_applicable,,team_generated,false,dev
JOB-DATA-0016-SKILL-015,JOB-DATA-0016,SKILL-015,58,0.071429,required,1.2.0,synthetic,true,SRC-SYNTH,2026-09-13T00:00:00+08:00,0.88,synthetic,not_applicable,,team_generated,false,dev
JOB-DATA-0016-SKILL-016,JOB-DATA-0016,SKILL-016,58,0.071429,preferred,1.2.0,synthetic,true,SRC-SYNTH,2026-09-13T00:00:00+08:00,0.88,synthetic,not_applicable,,team_generated,false,dev
JOB-DATA-0016-SKILL-040,JOB-DATA-0016,SKILL-040,57,0.071429,preferred,1.2.0,synthetic,true,SRC-SYNTH,2026-09-13T00:00:00+08:00,0.88,synthetic,not_applicable,,team_generated,false,dev
JOB-DATA-0016-SKILL-041,JOB-DATA-0016,SKILL-041,57,0.071429,preferred,1.2.0,synthetic,true,SRC-SYNTH,2026-09-13T00:00:00+08:00,0.88,synthetic,not_applicable,,team_generated,false,dev
JOB-DATA-0016-SKILL-043,JOB-DATA-0016,SKILL-043,57,0.071423,preferred,1.2.0,synthetic,true,SRC-SYNTH,2026-09-13T00:00:00+08:00,0.88,synthetic,not_applicable,,team_generated,false,dev
JOB-DATA-0017-SKILL-054,JOB-DATA-0017,SKILL-054,47,0.066667,required,1.2.0,synthetic,true,SRC-SYNTH,2026-09-13T00:00:00+08:00,0.88,synthetic,not_applicable,,team_generated,false,dev
JOB-DATA-0017-SKILL-001,JOB-DATA-0017,SKILL-001,71,0.066667,required,1.2.0,synthetic,true,SRC-SYNTH,2026-09-13T00:00:00+08:00,0.88,synthetic,not_applicable,,team_generated,false,dev
JOB-DATA-0017-SKILL-009,JOB-DATA-0017,SKILL-009,71,0.066667,required,1.2.0,synthetic,true,SRC-SYNTH,2026-09-13T00:00:00+08:00,0.88,synthetic,not_applicable,,team_generated,false,dev
JOB-DATA-0017-SKILL-010,JOB-DATA-0017,SKILL-010,65,0.066667,required,1.2.0,synthetic,true,SRC-SYNTH,2026-09-13T00:00:00+08:00,0.88,synthetic,not_applicable,,team_generated,false,dev
JOB-DATA-0017-SKILL-011,JOB-DATA-0017,SKILL-011,65,0.066667,required,1.2.0,synthetic,true,SRC-SYNTH,2026-09-13T00:00:00+08:00,0.88,synthetic,not_applicable,,team_generated,false,dev
JOB-DATA-0017-SKILL-012,JOB-DATA-0017,SKILL-012,64,0.066667,required,1.2.0,synthetic,true,SRC-SYNTH,2026-09-13T00:00:00+08:00,0.88,synthetic,not_applicable,,team_generated,false,dev
JOB-DATA-0017-SKILL-013,JOB-DATA-0017,SKILL-013,64,0.066667,required,1.2.0,synthetic,true,SRC-SYNTH,2026-09-13T00:00:00+08:00,0.88,synthetic,not_applicable,,team_generated,false,dev
JOB-DATA-0017-SKILL-014,JOB-DATA-0017,SKILL-014,64,0.066667,required,1.2.0,synthetic,true,SRC-SYNTH,2026-09-13T00:00:00+08:00,0.88,synthetic,not_applicable,,team_generated,false,dev
JOB-DATA-0017-SKILL-015,JOB-DATA-0017,SKILL-015,58,0.066667,required,1.2.0,synthetic,true,SRC-SYNTH,2026-09-13T00:00:00+08:00,0.88,synthetic,not_applicable,,team_generated,false,dev
JOB-DATA-0017-SKILL-016,JOB-DATA-0017,SKILL-016,58,0.066667,required,1.2.0,synthetic,true,SRC-SYNTH,2026-09-13T00:00:00+08:00,0.88,synthetic,not_applicable,,team_generated,false,dev
JOB-DATA-0017-SKILL-040,JOB-DATA-0017,SKILL-040,57,0.066667,preferred,1.2.0,synthetic,true,SRC-SYNTH,2026-09-13T00:00:00+08:00,0.88,synthetic,not_applicable,,team_generated,false,dev
JOB-DATA-0017-SKILL-041,JOB-DATA-0017,SKILL-041,57,0.066667,preferred,1.2.0,synthetic,true,SRC-SYNTH,2026-09-13T00:00:00+08:00,0.88,synthetic,not_applicable,,team_generated,false,dev
JOB-DATA-0017-SKILL-043,JOB-DATA-0017,SKILL-043,57,0.066667,preferred,1.2.0,synthetic,true,SRC-SYNTH,2026-09-13T00:00:00+08:00,0.88,synthetic,not_applicable,,team_generated,false,dev
JOB-DATA-0017-SKILL-044,JOB-DATA-0017,SKILL-044,51,0.066667,preferred,1.2.0,synthetic,true,SRC-SYNTH,2026-09-13T00:00:00+08:00,0.88,synthetic,not_applicable,,team_generated,false,dev
JOB-DATA-0017-SKILL-045,JOB-DATA-0017,SKILL-045,51,0.066662,preferred,1.2.0,synthetic,true,SRC-SYNTH,2026-09-13T00:00:00+08:00,0.88,synthetic,not_applicable,,team_generated,false,dev
JOB-DATA-0018-SKILL-001,JOB-DATA-0018,SKILL-001,71,0.0625,required,1.2.0,synthetic,true,SRC-SYNTH,2026-09-13T00:00:00+08:00,0.88,synthetic,not_applicable,,team_generated,false,dev
JOB-DATA-0018-SKILL-009,JOB-DATA-0018,SKILL-009,71,0.0625,required,1.2.0,synthetic,true,SRC-SYNTH,2026-09-13T00:00:00+08:00,0.88,synthetic,not_applicable,,team_generated,false,dev
JOB-DATA-0018-SKILL-010,JOB-DATA-0018,SKILL-010,65,0.0625,required,1.2.0,synthetic,true,SRC-SYNTH,2026-09-13T00:00:00+08:00,0.88,synthetic,not_applicable,,team_generated,false,dev
JOB-DATA-0018-SKILL-011,JOB-DATA-0018,SKILL-011,65,0.0625,required,1.2.0,synthetic,true,SRC-SYNTH,2026-09-13T00:00:00+08:00,0.88,synthetic,not_applicable,,team_generated,false,dev
JOB-DATA-0018-SKILL-012,JOB-DATA-0018,SKILL-012,64,0.0625,required,1.2.0,synthetic,true,SRC-SYNTH,2026-09-13T00:00:00+08:00,0.88,synthetic,not_applicable,,team_generated,false,dev
JOB-DATA-0018-SKILL-013,JOB-DATA-0018,SKILL-013,64,0.0625,required,1.2.0,synthetic,true,SRC-SYNTH,2026-09-13T00:00:00+08:00,0.88,synthetic,not_applicable,,team_generated,false,dev
JOB-DATA-0018-SKILL-014,JOB-DATA-0018,SKILL-014,64,0.0625,required,1.2.0,synthetic,true,SRC-SYNTH,2026-09-13T00:00:00+08:00,0.88,synthetic,not_applicable,,team_generated,false,dev
JOB-DATA-0018-SKILL-015,JOB-DATA-0018,SKILL-015,58,0.0625,required,1.2.0,synthetic,true,SRC-SYNTH,2026-09-13T00:00:00+08:00,0.88,synthetic,not_applicable,,team_generated,false,dev
JOB-DATA-0018-SKILL-016,JOB-DATA-0018,SKILL-016,58,0.0625,required,1.2.0,synthetic,true,SRC-SYNTH,2026-09-13T00:00:00+08:00,0.88,synthetic,not_applicable,,team_generated,false,dev
JOB-DATA-0018-SKILL-040,JOB-DATA-0018,SKILL-040,57,0.0625,required,1.2.0,synthetic,true,SRC-SYNTH,2026-09-13T00:00:00+08:00,0.88,synthetic,not_applicable,,team_generated,false,dev
JOB-DATA-0018-SKILL-041,JOB-DATA-0018,SKILL-041,57,0.0625,required,1.2.0,synthetic,true,SRC-SYNTH,2026-09-13T00:00:00+08:00,0.88,synthetic,not_applicable,,team_generated,false,dev
JOB-DATA-0018-SKILL-043,JOB-DATA-0018,SKILL-043,57,0.0625,preferred,1.2.0,synthetic,true,SRC-SYNTH,2026-09-13T00:00:00+08:00,0.88,synthetic,not_applicable,,team_generated,false,dev
JOB-DATA-0018-SKILL-044,JOB-DATA-0018,SKILL-044,51,0.0625,preferred,1.2.0,synthetic,true,SRC-SYNTH,2026-09-13T00:00:00+08:00,0.88,synthetic,not_applicable,,team_generated,false,dev
JOB-DATA-0018-SKILL-045,JOB-DATA-0018,SKILL-045,51,0.0625,preferred,1.2.0,synthetic,true,SRC-SYNTH,2026-09-13T00:00:00+08:00,0.88,synthetic,not_applicable,,team_generated,false,dev
JOB-DATA-0018-SKILL-046,JOB-DATA-0018,SKILL-046,50,0.0625,preferred,1.2.0,synthetic,true,SRC-SYNTH,2026-09-13T00:00:00+08:00,0.88,synthetic,not_applicable,,team_generated,false,dev
JOB-DATA-0018-SKILL-048,JOB-DATA-0018,SKILL-048,50,0.0625,preferred,1.2.0,synthetic,true,SRC-SYNTH,2026-09-13T00:00:00+08:00,0.88,synthetic,not_applicable,,team_generated,false,dev
JOB-DATA-0019-SKILL-009,JOB-DATA-0019,SKILL-009,71,0.058824,required,1.2.0,synthetic,true,SRC-SYNTH,2026-09-13T00:00:00+08:00,0.88,synthetic,not_applicable,,team_generated,false,dev
JOB-DATA-0019-SKILL-010,JOB-DATA-0019,SKILL-010,65,0.058824,required,1.2.0,synthetic,true,SRC-SYNTH,2026-09-13T00:00:00+08:00,0.88,synthetic,not_applicable,,team_generated,false,dev
JOB-DATA-0019-SKILL-011,JOB-DATA-0019,SKILL-011,65,0.058824,required,1.2.0,synthetic,true,SRC-SYNTH,2026-09-13T00:00:00+08:00,0.88,synthetic,not_applicable,,team_generated,false,dev
JOB-DATA-0019-SKILL-012,JOB-DATA-0019,SKILL-012,64,0.058824,required,1.2.0,synthetic,true,SRC-SYNTH,2026-09-13T00:00:00+08:00,0.88,synthetic,not_applicable,,team_generated,false,dev
JOB-DATA-0019-SKILL-013,JOB-DATA-0019,SKILL-013,64,0.058824,required,1.2.0,synthetic,true,SRC-SYNTH,2026-09-13T00:00:00+08:00,0.88,synthetic,not_applicable,,team_generated,false,dev
JOB-DATA-0019-SKILL-014,JOB-DATA-0019,SKILL-014,64,0.058824,required,1.2.0,synthetic,true,SRC-SYNTH,2026-09-13T00:00:00+08:00,0.88,synthetic,not_applicable,,team_generated,false,dev
JOB-DATA-0019-SKILL-015,JOB-DATA-0019,SKILL-015,58,0.058824,required,1.2.0,synthetic,true,SRC-SYNTH,2026-09-13T00:00:00+08:00,0.88,synthetic,not_applicable,,team_generated,false,dev
JOB-DATA-0019-SKILL-016,JOB-DATA-0019,SKILL-016,58,0.058824,required,1.2.0,synthetic,true,SRC-SYNTH,2026-09-13T00:00:00+08:00,0.88,synthetic,not_applicable,,team_generated,false,dev
JOB-DATA-0019-SKILL-040,JOB-DATA-0019,SKILL-040,57,0.058824,required,1.2.0,synthetic,true,SRC-SYNTH,2026-09-13T00:00:00+08:00,0.88,synthetic,not_applicable,,team_generated,false,dev
JOB-DATA-0019-SKILL-041,JOB-DATA-0019,SKILL-041,57,0.058824,required,1.2.0,synthetic,true,SRC-SYNTH,2026-09-13T00:00:00+08:00,0.88,synthetic,not_applicable,,team_generated,false,dev
JOB-DATA-0019-SKILL-043,JOB-DATA-0019,SKILL-043,57,0.058824,required,1.2.0,synthetic,true,SRC-SYNTH,2026-09-13T00:00:00+08:00,0.88,synthetic,not_applicable,,team_generated,false,dev
JOB-DATA-0019-SKILL-044,JOB-DATA-0019,SKILL-044,51,0.058824,required,1.2.0,synthetic,true,SRC-SYNTH,2026-09-13T00:00:00+08:00,0.88,synthetic,not_applicable,,team_generated,false,dev
JOB-DATA-0019-SKILL-045,JOB-DATA-0019,SKILL-045,51,0.058824,preferred,1.2.0,synthetic,true,SRC-SYNTH,2026-09-13T00:00:00+08:00,0.88,synthetic,not_applicable,,team_generated,false,dev
JOB-DATA-0019-SKILL-046,JOB-DATA-0019,SKILL-046,50,0.058824,preferred,1.2.0,synthetic,true,SRC-SYNTH,2026-09-13T00:00:00+08:00,0.88,synthetic,not_applicable,,team_generated,false,dev
JOB-DATA-0019-SKILL-048,JOB-DATA-0019,SKILL-048,50,0.058824,preferred,1.2.0,synthetic,true,SRC-SYNTH,2026-09-13T00:00:00+08:00,0.88,synthetic,not_applicable,,team_generated,false,dev
JOB-DATA-0019-SKILL-049,JOB-DATA-0019,SKILL-049,50,0.058824,preferred,1.2.0,synthetic,true,SRC-SYNTH,2026-09-13T00:00:00+08:00,0.88,synthetic,not_applicable,,team_generated,false,dev
JOB-DATA-0019-SKILL-054,JOB-DATA-0019,SKILL-054,45,0.058816,preferred,1.2.0,synthetic,true,SRC-SYNTH,2026-09-13T00:00:00+08:00,0.88,synthetic,not_applicable,,team_generated,false,dev
JOB-DATA-0020-SKILL-010,JOB-DATA-0020,SKILL-010,65,0.055556,required,1.2.0,synthetic,true,SRC-SYNTH,2026-09-13T00:00:00+08:00,0.88,synthetic,not_applicable,,team_generated,false,dev
JOB-DATA-0020-SKILL-011,JOB-DATA-0020,SKILL-011,65,0.055556,required,1.2.0,synthetic,true,SRC-SYNTH,2026-09-13T00:00:00+08:00,0.88,synthetic,not_applicable,,team_generated,false,dev
JOB-DATA-0020-SKILL-012,JOB-DATA-0020,SKILL-012,64,0.055556,required,1.2.0,synthetic,true,SRC-SYNTH,2026-09-13T00:00:00+08:00,0.88,synthetic,not_applicable,,team_generated,false,dev
JOB-DATA-0020-SKILL-013,JOB-DATA-0020,SKILL-013,64,0.055556,required,1.2.0,synthetic,true,SRC-SYNTH,2026-09-13T00:00:00+08:00,0.88,synthetic,not_applicable,,team_generated,false,dev
JOB-DATA-0020-SKILL-014,JOB-DATA-0020,SKILL-014,64,0.055556,required,1.2.0,synthetic,true,SRC-SYNTH,2026-09-13T00:00:00+08:00,0.88,synthetic,not_applicable,,team_generated,false,dev
JOB-DATA-0020-SKILL-015,JOB-DATA-0020,SKILL-015,58,0.055556,required,1.2.0,synthetic,true,SRC-SYNTH,2026-09-13T00:00:00+08:00,0.88,synthetic,not_applicable,,team_generated,false,dev
JOB-DATA-0020-SKILL-016,JOB-DATA-0020,SKILL-016,58,0.055556,required,1.2.0,synthetic,true,SRC-SYNTH,2026-09-13T00:00:00+08:00,0.88,synthetic,not_applicable,,team_generated,false,dev
JOB-DATA-0020-SKILL-040,JOB-DATA-0020,SKILL-040,57,0.055556,required,1.2.0,synthetic,true,SRC-SYNTH,2026-09-13T00:00:00+08:00,0.88,synthetic,not_applicable,,team_generated,false,dev
JOB-DATA-0020-SKILL-041,JOB-DATA-0020,SKILL-041,57,0.055556,required,1.2.0,synthetic,true,SRC-SYNTH,2026-09-13T00:00:00+08:00,0.88,synthetic,not_applicable,,team_generated,false,dev
JOB-DATA-0020-SKILL-043,JOB-DATA-0020,SKILL-043,57,0.055556,required,1.2.0,synthetic,true,SRC-SYNTH,2026-09-13T00:00:00+08:00,0.88,synthetic,not_applicable,,team_generated,false,dev
JOB-DATA-0020-SKILL-044,JOB-DATA-0020,SKILL-044,51,0.055556,required,1.2.0,synthetic,true,SRC-SYNTH,2026-09-13T00:00:00+08:00,0.88,synthetic,not_applicable,,team_generated,false,dev
JOB-DATA-0020-SKILL-045,JOB-DATA-0020,SKILL-045,51,0.055556,required,1.2.0,synthetic,true,SRC-SYNTH,2026-09-13T00:00:00+08:00,0.88,synthetic,not_applicable,,team_generated,false,dev
JOB-DATA-0020-SKILL-046,JOB-DATA-0020,SKILL-046,50,0.055556,preferred,1.2.0,synthetic,true,SRC-SYNTH,2026-09-13T00:00:00+08:00,0.88,synthetic,not_applicable,,team_generated,false,dev
JOB-DATA-0020-SKILL-048,JOB-DATA-0020,SKILL-048,50,0.055556,preferred,1.2.0,synthetic,true,SRC-SYNTH,2026-09-13T00:00:00+08:00,0.88,synthetic,not_applicable,,team_generated,false,dev
JOB-DATA-0020-SKILL-049,JOB-DATA-0020,SKILL-049,50,0.055556,preferred,1.2.0,synthetic,true,SRC-SYNTH,2026-09-13T00:00:00+08:00,0.88,synthetic,not_applicable,,team_generated,false,dev
JOB-DATA-0020-SKILL-054,JOB-DATA-0020,SKILL-054,45,0.055556,preferred,1.2.0,synthetic,true,SRC-SYNTH,2026-09-13T00:00:00+08:00,0.88,synthetic,not_applicable,,team_generated,false,dev
JOB-DATA-0020-SKILL-001,JOB-DATA-0020,SKILL-001,69,0.055556,preferred,1.2.0,synthetic,true,SRC-SYNTH,2026-09-13T00:00:00+08:00,0.88,synthetic,not_applicable,,team_generated,false,dev
JOB-DATA-0020-SKILL-009,JOB-DATA-0020,SKILL-009,69,0.055548,preferred,1.2.0,synthetic,true,SRC-SYNTH,2026-09-13T00:00:00+08:00,0.88,synthetic,not_applicable,,team_generated,false,dev
