user_skill_score_id,user_id,skill_id,current_score,observed_score,evidence_age_days,half_life_days,decay_factor,calculation_note,last_evidence_id,last_updated_at,schema_version,origin,is_synthetic,source_ids,generated_at,confidence,claim_level,verification_status,last_verified_at,license_scope,is_market_fact,data_split
USS-G001-001,USER-G001,SKILL-001,79.9,90,63,365,0.8872,current_score=observed_score*2^(-evidence_age_days/half_life_days),EVID-G001-001,2026-09-13T00:00:00+08:00,1.2.0,derived,true,SRC-SYNTH,2026-09-13T00:00:00+08:00,0.9,primary_derived,derived,,team_generated,false,golden
USS-G001-002,USER-G001,SKILL-002,61.8,76,109,365,0.813,current_score=observed_score*2^(-evidence_age_days/half_life_days),EVID-G001-002,2026-09-13T00:00:00+08:00,1.2.0,derived,true,SRC-SYNTH,2026-09-13T00:00:00+08:00,0.76,primary_derived,derived,,team_generated,false,golden
USS-G001-003,USER-G001,SKILL-003,44.8,65,196,365,0.6892,current_score=observed_score*2^(-evidence_age_days/half_life_days),EVID-G001-003,2026-09-13T00:00:00+08:00,1.2.0,derived,true,SRC-SYNTH,2026-09-13T00:00:00+08:00,0.82,primary_derived,derived,,team_generated,false,golden
USS-G001-004,USER-G001,SKILL-004,37.2,51,166,365,0.7296,current_score=observed_score*2^(-evidence_age_days/half_life_days),EVID-G001-004,2026-09-13T00:00:00+08:00,1.2.0,derived,true,SRC-SYNTH,2026-09-13T00:00:00+08:00,0.76,primary_derived,derived,,team_generated,false,golden
USS-G001-005,USER-G001,SKILL-005,14.8,38,498,365,0.3884,current_score=observed_score*2^(-evidence_age_days/half_life_days),EVID-G001-005,2026-09-13T00:00:00+08:00,1.2.0,derived,true,SRC-SYNTH,2026-09-13T00:00:00+08:00,0.58,primary_derived,derived,,team_generated,false,golden
USS-G001-006,USER-G001,SKILL-006,29,48,266,365,0.6034,current_score=observed_score*2^(-evidence_age_days/half_life_days),EVID-G001-006,2026-09-13T00:00:00+08:00,1.2.0,derived,true,SRC-SYNTH,2026-09-13T00:00:00+08:00,0.58,primary_derived,derived,,team_generated,false,golden
USS-G001-007,USER-G001,SKILL-007,38.1,55,194,365,0.6918,current_score=observed_score*2^(-evidence_age_days/half_life_days),EVID-G001-007,2026-09-13T00:00:00+08:00,1.2.0,derived,true,SRC-SYNTH,2026-09-13T00:00:00+08:00,0.76,primary_derived,derived,,team_generated,false,golden
USS-G001-008,USER-G001,SKILL-008,52,58,57,365,0.8974,current_score=observed_score*2^(-evidence_age_days/half_life_days),EVID-G001-008,2026-09-13T00:00:00+08:00,1.2.0,derived,true,SRC-SYNTH,2026-09-13T00:00:00+08:00,0.76,primary_derived,derived,,team_generated,false,golden
USS-G001-009,USER-G001,SKILL-009,14.7,41,540,365,0.3586,current_score=observed_score*2^(-evidence_age_days/half_life_days),EVID-G001-009,2026-09-13T00:00:00+08:00,1.2.0,derived,true,SRC-SYNTH,2026-09-13T00:00:00+08:00,0.58,primary_derived,derived,,team_generated,false,golden
USS-G001-010,USER-G001,SKILL-010,44.3,53,95,365,0.8349,current_score=observed_score*2^(-evidence_age_days/half_life_days),EVID-G001-010,2026-09-13T00:00:00+08:00,1.2.0,derived,true,SRC-SYNTH,2026-09-13T00:00:00+08:00,0.76,primary_derived,derived,,team_generated,false,golden
USS-G001-011,USER-G001,SKILL-011,82.5,84,19,730,0.9821,current_score=observed_score*2^(-evidence_age_days/half_life_days),EVID-G001-011,2026-09-13T00:00:00+08:00,1.2.0,derived,true,SRC-SYNTH,2026-09-13T00:00:00+08:00,0.9,primary_derived,derived,,team_generated,false,golden
USS-G001-012,USER-G001,SKILL-012,55.9,69,111,365,0.8099,current_score=observed_score*2^(-evidence_age_days/half_life_days),EVID-G001-012,2026-09-13T00:00:00+08:00,1.2.0,derived,true,SRC-SYNTH,2026-09-13T00:00:00+08:00,0.82,primary_derived,derived,,team_generated,false,golden
USS-G001-013,USER-G001,SKILL-013,50.4,56,56,365,0.8991,current_score=observed_score*2^(-evidence_age_days/half_life_days),EVID-G001-013,2026-09-13T00:00:00+08:00,1.2.0,derived,true,SRC-SYNTH,2026-09-13T00:00:00+08:00,0.58,primary_derived,derived,,team_generated,false,golden
USS-G001-014,USER-G001,SKILL-014,14.4,50,654,365,0.2888,current_score=observed_score*2^(-evidence_age_days/half_life_days),EVID-G001-014,2026-09-13T00:00:00+08:00,1.2.0,derived,true,SRC-SYNTH,2026-09-13T00:00:00+08:00,0.76,primary_derived,derived,,team_generated,false,golden
USS-G001-015,USER-G001,SKILL-015,14.9,48,617,365,0.3098,current_score=observed_score*2^(-evidence_age_days/half_life_days),EVID-G001-015,2026-09-13T00:00:00+08:00,1.2.0,derived,true,SRC-SYNTH,2026-09-13T00:00:00+08:00,0.76,primary_derived,derived,,team_generated,false,golden
USS-G001-016,USER-G001,SKILL-016,53.7,65,101,365,0.8255,current_score=observed_score*2^(-evidence_age_days/half_life_days),EVID-G001-016,2026-09-13T00:00:00+08:00,1.2.0,derived,true,SRC-SYNTH,2026-09-13T00:00:00+08:00,0.9,primary_derived,derived,,team_generated,false,golden
USS-G001-017,USER-G001,SKILL-017,83.5,89,67,730,0.9384,current_score=observed_score*2^(-evidence_age_days/half_life_days),EVID-G001-017,2026-09-13T00:00:00+08:00,1.2.0,derived,true,SRC-SYNTH,2026-09-13T00:00:00+08:00,0.9,primary_derived,derived,,team_generated,false,golden
USS-G001-018,USER-G001,SKILL-018,69.3,74,69,730,0.9366,current_score=observed_score*2^(-evidence_age_days/half_life_days),EVID-G001-018,2026-09-13T00:00:00+08:00,1.2.0,derived,true,SRC-SYNTH,2026-09-13T00:00:00+08:00,0.76,primary_derived,derived,,team_generated,false,golden
USS-G001-019,USER-G001,SKILL-019,41.8,67,248,365,0.6244,current_score=observed_score*2^(-evidence_age_days/half_life_days),EVID-G001-019,2026-09-13T00:00:00+08:00,1.2.0,derived,true,SRC-SYNTH,2026-09-13T00:00:00+08:00,0.82,primary_derived,derived,,team_generated,false,golden
USS-G001-020,USER-G001,SKILL-020,37.9,63,268,365,0.6011,current_score=observed_score*2^(-evidence_age_days/half_life_days),EVID-G001-020,2026-09-13T00:00:00+08:00,1.2.0,derived,true,SRC-SYNTH,2026-09-13T00:00:00+08:00,0.76,primary_derived,derived,,team_generated,false,golden
USS-G001-021,USER-G001,SKILL-021,45.5,60,146,365,0.7579,current_score=observed_score*2^(-evidence_age_days/half_life_days),EVID-G001-021,2026-09-13T00:00:00+08:00,1.2.0,derived,true,SRC-SYNTH,2026-09-13T00:00:00+08:00,0.76,primary_derived,derived,,team_generated,false,golden
USS-G001-022,USER-G001,SKILL-022,23.2,43,325,365,0.5395,current_score=observed_score*2^(-evidence_age_days/half_life_days),EVID-G001-022,2026-09-13T00:00:00+08:00,1.2.0,derived,true,SRC-SYNTH,2026-09-13T00:00:00+08:00,0.58,primary_derived,derived,,team_generated,false,golden
USS-G001-023,USER-G001,SKILL-023,39.7,60,218,365,0.661,current_score=observed_score*2^(-evidence_age_days/half_life_days),EVID-G001-023,2026-09-13T00:00:00+08:00,1.2.0,derived,true,SRC-SYNTH,2026-09-13T00:00:00+08:00,0.76,primary_derived,derived,,team_generated,false,golden
USS-G001-024,USER-G001,SKILL-024,26,40,227,365,0.6498,current_score=observed_score*2^(-evidence_age_days/half_life_days),EVID-G001-024,2026-09-13T00:00:00+08:00,1.2.0,derived,true,SRC-SYNTH,2026-09-13T00:00:00+08:00,0.58,primary_derived,derived,,team_generated,false,golden
USS-G001-025,USER-G001,SKILL-025,63.7,69,42,365,0.9233,current_score=observed_score*2^(-evidence_age_days/half_life_days),EVID-G001-025,2026-09-13T00:00:00+08:00,1.2.0,derived,true,SRC-SYNTH,2026-09-13T00:00:00+08:00,0.9,primary_derived,derived,,team_generated,false,golden
USS-G001-026,USER-G001,SKILL-026,37.4,61,258,365,0.6127,current_score=observed_score*2^(-evidence_age_days/half_life_days),EVID-G001-026,2026-09-13T00:00:00+08:00,1.2.0,derived,true,SRC-SYNTH,2026-09-13T00:00:00+08:00,0.82,primary_derived,derived,,team_generated,false,golden
USS-G001-027,USER-G001,SKILL-027,23.2,44,166,180,0.5277,current_score=observed_score*2^(-evidence_age_days/half_life_days),EVID-G001-027,2026-09-13T00:00:00+08:00,1.2.0,derived,true,SRC-SYNTH,2026-09-13T00:00:00+08:00,0.58,primary_derived,derived,,team_generated,false,golden
USS-G001-028,USER-G001,SKILL-028,6.4,50,533,180,0.1284,current_score=observed_score*2^(-evidence_age_days/half_life_days),EVID-G001-028,2026-09-13T00:00:00+08:00,1.2.0,derived,true,SRC-SYNTH,2026-09-13T00:00:00+08:00,0.76,primary_derived,derived,,team_generated,false,golden
USS-G001-029,USER-G001,SKILL-029,19.3,48,236,180,0.403,current_score=observed_score*2^(-evidence_age_days/half_life_days),EVID-G001-029,2026-09-13T00:00:00+08:00,1.2.0,derived,true,SRC-SYNTH,2026-09-13T00:00:00+08:00,0.58,primary_derived,derived,,team_generated,false,golden
USS-G001-030,USER-G001,SKILL-030,24.9,61,233,180,0.4077,current_score=observed_score*2^(-evidence_age_days/half_life_days),EVID-G001-030,2026-09-13T00:00:00+08:00,1.2.0,derived,true,SRC-SYNTH,2026-09-13T00:00:00+08:00,0.76,primary_derived,derived,,team_generated,false,golden
USS-G001-031,USER-G001,SKILL-031,9.9,42,376,180,0.2351,current_score=observed_score*2^(-evidence_age_days/half_life_days),EVID-G001-031,2026-09-13T00:00:00+08:00,1.2.0,derived,true,SRC-SYNTH,2026-09-13T00:00:00+08:00,0.76,primary_derived,derived,,team_generated,false,golden
USS-G001-032,USER-G001,SKILL-032,38.1,47,110,365,0.8115,current_score=observed_score*2^(-evidence_age_days/half_life_days),EVID-G001-032,2026-09-13T00:00:00+08:00,1.2.0,derived,true,SRC-SYNTH,2026-09-13T00:00:00+08:00,0.58,primary_derived,derived,,team_generated,false,golden
USS-G001-033,USER-G001,SKILL-033,43,64,210,365,0.6711,current_score=observed_score*2^(-evidence_age_days/half_life_days),EVID-G001-033,2026-09-13T00:00:00+08:00,1.2.0,derived,true,SRC-SYNTH,2026-09-13T00:00:00+08:00,0.76,primary_derived,derived,,team_generated,false,golden
USS-G001-034,USER-G001,SKILL-034,23,54,450,365,0.4255,current_score=observed_score*2^(-evidence_age_days/half_life_days),EVID-G001-034,2026-09-13T00:00:00+08:00,1.2.0,derived,true,SRC-SYNTH,2026-09-13T00:00:00+08:00,0.58,primary_derived,derived,,team_generated,false,golden
USS-G001-035,USER-G001,SKILL-035,42.1,50,90,365,0.8429,current_score=observed_score*2^(-evidence_age_days/half_life_days),EVID-G001-035,2026-09-13T00:00:00+08:00,1.2.0,derived,true,SRC-SYNTH,2026-09-13T00:00:00+08:00,0.76,primary_derived,derived,,team_generated,false,golden
USS-G001-036,USER-G001,SKILL-036,64.6,70,21,180,0.9223,current_score=observed_score*2^(-evidence_age_days/half_life_days),EVID-G001-036,2026-09-13T00:00:00+08:00,1.2.0,derived,true,SRC-SYNTH,2026-09-13T00:00:00+08:00,0.82,primary_derived,derived,,team_generated,false,golden
USS-G001-037,USER-G001,SKILL-037,4.5,47,611,180,0.0951,current_score=observed_score*2^(-evidence_age_days/half_life_days),EVID-G001-037,2026-09-13T00:00:00+08:00,1.2.0,derived,true,SRC-SYNTH,2026-09-13T00:00:00+08:00,0.76,primary_derived,derived,,team_generated,false,golden
USS-G001-038,USER-G001,SKILL-038,25,59,223,180,0.4237,current_score=observed_score*2^(-evidence_age_days/half_life_days),EVID-G001-038,2026-09-13T00:00:00+08:00,1.2.0,derived,true,SRC-SYNTH,2026-09-13T00:00:00+08:00,0.58,primary_derived,derived,,team_generated,false,golden
USS-G001-039,USER-G001,SKILL-039,25.2,56,207,180,0.4506,current_score=observed_score*2^(-evidence_age_days/half_life_days),EVID-G001-039,2026-09-13T00:00:00+08:00,1.2.0,derived,true,SRC-SYNTH,2026-09-13T00:00:00+08:00,0.58,primary_derived,derived,,team_generated,false,golden
USS-G001-040,USER-G001,SKILL-040,50.7,64,123,365,0.7917,current_score=observed_score*2^(-evidence_age_days/half_life_days),EVID-G001-040,2026-09-13T00:00:00+08:00,1.2.0,derived,true,SRC-SYNTH,2026-09-13T00:00:00+08:00,0.9,primary_derived,derived,,team_generated,false,golden
USS-G001-041,USER-G001,SKILL-041,61.9,70,130,730,0.8839,current_score=observed_score*2^(-evidence_age_days/half_life_days),EVID-G001-041,2026-09-13T00:00:00+08:00,1.2.0,derived,true,SRC-SYNTH,2026-09-13T00:00:00+08:00,0.76,primary_derived,derived,,team_generated,false,golden
USS-G001-042,USER-G001,SKILL-042,49.6,51,29,730,0.9728,current_score=observed_score*2^(-evidence_age_days/half_life_days),EVID-G001-042,2026-09-13T00:00:00+08:00,1.2.0,derived,true,SRC-SYNTH,2026-09-13T00:00:00+08:00,0.58,primary_derived,derived,,team_generated,false,golden
USS-G001-043,USER-G001,SKILL-043,15.9,46,560,365,0.3453,current_score=observed_score*2^(-evidence_age_days/half_life_days),EVID-G001-043,2026-09-13T00:00:00+08:00,1.2.0,derived,true,SRC-SYNTH,2026-09-13T00:00:00+08:00,0.76,primary_derived,derived,,team_generated,false,golden
USS-G001-044,USER-G001,SKILL-044,14,39,538,365,0.36,current_score=observed_score*2^(-evidence_age_days/half_life_days),EVID-G001-044,2026-09-13T00:00:00+08:00,1.2.0,derived,true,SRC-SYNTH,2026-09-13T00:00:00+08:00,0.58,primary_derived,derived,,team_generated,false,golden
USS-G001-045,USER-G001,SKILL-045,26.3,40,220,365,0.6585,current_score=observed_score*2^(-evidence_age_days/half_life_days),EVID-G001-045,2026-09-13T00:00:00+08:00,1.2.0,derived,true,SRC-SYNTH,2026-09-13T00:00:00+08:00,0.58,primary_derived,derived,,team_generated,false,golden
USS-G001-046,USER-G001,SKILL-046,51.2,62,101,365,0.8255,current_score=observed_score*2^(-evidence_age_days/half_life_days),EVID-G001-046,2026-09-13T00:00:00+08:00,1.2.0,derived,true,SRC-SYNTH,2026-09-13T00:00:00+08:00,0.82,primary_derived,derived,,team_generated,false,golden
USS-G001-047,USER-G001,SKILL-047,41.3,63,222,365,0.656,current_score=observed_score*2^(-evidence_age_days/half_life_days),EVID-G001-047,2026-09-13T00:00:00+08:00,1.2.0,derived,true,SRC-SYNTH,2026-09-13T00:00:00+08:00,0.76,primary_derived,derived,,team_generated,false,golden
USS-G001-048,USER-G001,SKILL-048,53.8,66,216,730,0.8146,current_score=observed_score*2^(-evidence_age_days/half_life_days),EVID-G001-048,2026-09-13T00:00:00+08:00,1.2.0,derived,true,SRC-SYNTH,2026-09-13T00:00:00+08:00,0.82,primary_derived,derived,,team_generated,false,golden
USS-G001-049,USER-G001,SKILL-049,56.6,67,178,730,0.8445,current_score=observed_score*2^(-evidence_age_days/half_life_days),EVID-G001-049,2026-09-13T00:00:00+08:00,1.2.0,derived,true,SRC-SYNTH,2026-09-13T00:00:00+08:00,0.76,primary_derived,derived,,team_generated,false,golden
USS-G001-050,USER-G001,SKILL-050,48.7,58,185,730,0.8389,current_score=observed_score*2^(-evidence_age_days/half_life_days),EVID-G001-050,2026-09-13T00:00:00+08:00,1.2.0,derived,true,SRC-SYNTH,2026-09-13T00:00:00+08:00,0.58,primary_derived,derived,,team_generated,false,golden
USS-G001-051,USER-G001,SKILL-051,30.3,51,274,365,0.5943,current_score=observed_score*2^(-evidence_age_days/half_life_days),EVID-G001-051,2026-09-13T00:00:00+08:00,1.2.0,derived,true,SRC-SYNTH,2026-09-13T00:00:00+08:00,0.58,primary_derived,derived,,team_generated,false,golden
USS-G001-052,USER-G001,SKILL-052,39.1,49,238,730,0.7977,current_score=observed_score*2^(-evidence_age_days/half_life_days),EVID-G001-052,2026-09-13T00:00:00+08:00,1.2.0,derived,true,SRC-SYNTH,2026-09-13T00:00:00+08:00,0.76,primary_derived,derived,,team_generated,false,golden
USS-G001-053,USER-G001,SKILL-053,50.4,56,111,730,0.9,current_score=observed_score*2^(-evidence_age_days/half_life_days),EVID-G001-053,2026-09-13T00:00:00+08:00,1.2.0,derived,true,SRC-SYNTH,2026-09-13T00:00:00+08:00,0.76,primary_derived,derived,,team_generated,false,golden
USS-G001-054,USER-G001,SKILL-054,78,79,13,730,0.9877,current_score=observed_score*2^(-evidence_age_days/half_life_days),EVID-G001-054,2026-09-13T00:00:00+08:00,1.2.0,derived,true,SRC-SYNTH,2026-09-13T00:00:00+08:00,0.76,primary_derived,derived,,team_generated,false,golden
USS-G001-055,USER-G001,SKILL-055,32.5,50,455,730,0.6492,current_score=observed_score*2^(-evidence_age_days/half_life_days),EVID-G001-055,2026-09-13T00:00:00+08:00,1.2.0,derived,true,SRC-SYNTH,2026-09-13T00:00:00+08:00,0.76,primary_derived,derived,,team_generated,false,golden
USS-G001-056,USER-G001,SKILL-056,16,38,457,365,0.4198,current_score=observed_score*2^(-evidence_age_days/half_life_days),EVID-G001-056,2026-09-13T00:00:00+08:00,1.2.0,derived,true,SRC-SYNTH,2026-09-13T00:00:00+08:00,0.76,primary_derived,derived,,team_generated,false,golden
USS-G001-057,USER-G001,SKILL-057,51.5,68,146,365,0.7579,current_score=observed_score*2^(-evidence_age_days/half_life_days),EVID-G001-057,2026-09-13T00:00:00+08:00,1.2.0,derived,true,SRC-SYNTH,2026-09-13T00:00:00+08:00,0.76,primary_derived,derived,,team_generated,false,golden
USS-G001-058,USER-G001,SKILL-058,11.1,40,676,365,0.277,current_score=observed_score*2^(-evidence_age_days/half_life_days),EVID-G001-058,2026-09-13T00:00:00+08:00,1.2.0,derived,true,SRC-SYNTH,2026-09-13T00:00:00+08:00,0.58,primary_derived,derived,,team_generated,false,golden
USS-G001-059,USER-G001,SKILL-059,59.7,66,105,730,0.9051,current_score=observed_score*2^(-evidence_age_days/half_life_days),EVID-G001-059,2026-09-13T00:00:00+08:00,1.2.0,derived,true,SRC-SYNTH,2026-09-13T00:00:00+08:00,0.82,primary_derived,derived,,team_generated,false,golden
USS-G001-060,USER-G001,SKILL-060,35.1,51,393,730,0.6886,current_score=observed_score*2^(-evidence_age_days/half_life_days),EVID-G001-060,2026-09-13T00:00:00+08:00,1.2.0,derived,true,SRC-SYNTH,2026-09-13T00:00:00+08:00,0.58,primary_derived,derived,,team_generated,false,golden
USS-G002-001,USER-G002,SKILL-001,86.2,89,17,365,0.9682,current_score=observed_score*2^(-evidence_age_days/half_life_days),EVID-G002-001,2026-09-13T00:00:00+08:00,1.2.0,derived,true,SRC-SYNTH,2026-09-13T00:00:00+08:00,0.9,primary_derived,derived,,team_generated,false,golden
USS-G002-002,USER-G002,SKILL-002,36.9,59,247,365,0.6256,current_score=observed_score*2^(-evidence_age_days/half_life_days),EVID-G002-002,2026-09-13T00:00:00+08:00,1.2.0,derived,true,SRC-SYNTH,2026-09-13T00:00:00+08:00,0.58,primary_derived,derived,,team_generated,false,golden
USS-G002-003,USER-G002,SKILL-003,35,55,238,365,0.6364,current_score=observed_score*2^(-evidence_age_days/half_life_days),EVID-G002-003,2026-09-13T00:00:00+08:00,1.2.0,derived,true,SRC-SYNTH,2026-09-13T00:00:00+08:00,0.58,primary_derived,derived,,team_generated,false,golden
USS-G002-004,USER-G002,SKILL-004,49.5,68,167,365,0.7282,current_score=observed_score*2^(-evidence_age_days/half_life_days),EVID-G002-004,2026-09-13T00:00:00+08:00,1.2.0,derived,true,SRC-SYNTH,2026-09-13T00:00:00+08:00,0.9,primary_derived,derived,,team_generated,false,golden
USS-G002-005,USER-G002,SKILL-005,42.1,56,150,365,0.7521,current_score=observed_score*2^(-evidence_age_days/half_life_days),EVID-G002-005,2026-09-13T00:00:00+08:00,1.2.0,derived,true,SRC-SYNTH,2026-09-13T00:00:00+08:00,0.58,primary_derived,derived,,team_generated,false,golden
USS-G002-006,USER-G002,SKILL-006,16.5,49,574,365,0.3362,current_score=observed_score*2^(-evidence_age_days/half_life_days),EVID-G002-006,2026-09-13T00:00:00+08:00,1.2.0,derived,true,SRC-SYNTH,2026-09-13T00:00:00+08:00,0.76,primary_derived,derived,,team_generated,false,golden
USS-G002-007,USER-G002,SKILL-007,76.2,88,76,365,0.8656,current_score=observed_score*2^(-evidence_age_days/half_life_days),EVID-G002-007,2026-09-13T00:00:00+08:00,1.2.0,derived,true,SRC-SYNTH,2026-09-13T00:00:00+08:00,0.9,primary_derived,derived,,team_generated,false,golden
USS-G002-008,USER-G002,SKILL-008,50.5,60,91,365,0.8413,current_score=observed_score*2^(-evidence_age_days/half_life_days),EVID-G002-008,2026-09-13T00:00:00+08:00,1.2.0,derived,true,SRC-SYNTH,2026-09-13T00:00:00+08:00,0.9,primary_derived,derived,,team_generated,false,golden
USS-G002-009,USER-G002,SKILL-009,53.8,66,108,365,0.8146,current_score=observed_score*2^(-evidence_age_days/half_life_days),EVID-G002-009,2026-09-13T00:00:00+08:00,1.2.0,derived,true,SRC-SYNTH,2026-09-13T00:00:00+08:00,0.9,primary_derived,derived,,team_generated,false,golden
USS-G002-010,USER-G002,SKILL-010,13.5,44,621,365,0.3075,current_score=observed_score*2^(-evidence_age_days/half_life_days),EVID-G002-010,2026-09-13T00:00:00+08:00,1.2.0,derived,true,SRC-SYNTH,2026-09-13T00:00:00+08:00,0.76,primary_derived,derived,,team_generated,false,golden
USS-G002-011,USER-G002,SKILL-011,35.6,52,399,730,0.6846,current_score=observed_score*2^(-evidence_age_days/half_life_days),EVID-G002-011,2026-09-13T00:00:00+08:00,1.2.0,derived,true,SRC-SYNTH,2026-09-13T00:00:00+08:00,0.76,primary_derived,derived,,team_generated,false,golden
USS-G002-012,USER-G002,SKILL-012,43.4,57,144,365,0.7607,current_score=observed_score*2^(-evidence_age_days/half_life_days),EVID-G002-012,2026-09-13T00:00:00+08:00,1.2.0,derived,true,SRC-SYNTH,2026-09-13T00:00:00+08:00,0.58,primary_derived,derived,,team_generated,false,golden
USS-G002-013,USER-G002,SKILL-013,38.5,43,58,365,0.8957,current_score=observed_score*2^(-evidence_age_days/half_life_days),EVID-G002-013,2026-09-13T00:00:00+08:00,1.2.0,derived,true,SRC-SYNTH,2026-09-13T00:00:00+08:00,0.58,primary_derived,derived,,team_generated,false,golden
USS-G002-014,USER-G002,SKILL-014,20.3,44,408,365,0.4608,current_score=observed_score*2^(-evidence_age_days/half_life_days),EVID-G002-014,2026-09-13T00:00:00+08:00,1.2.0,derived,true,SRC-SYNTH,2026-09-13T00:00:00+08:00,0.76,primary_derived,derived,,team_generated,false,golden
USS-G002-015,USER-G002,SKILL-015,37.4,41,48,365,0.9129,current_score=observed_score*2^(-evidence_age_days/half_life_days),EVID-G002-015,2026-09-13T00:00:00+08:00,1.2.0,derived,true,SRC-SYNTH,2026-09-13T00:00:00+08:00,0.58,primary_derived,derived,,team_generated,false,golden
USS-G002-016,USER-G002,SKILL-016,32.9,45,165,365,0.731,current_score=observed_score*2^(-evidence_age_days/half_life_days),EVID-G002-016,2026-09-13T00:00:00+08:00,1.2.0,derived,true,SRC-SYNTH,2026-09-13T00:00:00+08:00,0.58,primary_derived,derived,,team_generated,false,golden
USS-G002-017,USER-G002,SKILL-017,25.3,46,631,730,0.5493,current_score=observed_score*2^(-evidence_age_days/half_life_days),EVID-G002-017,2026-09-13T00:00:00+08:00,1.2.0,derived,true,SRC-SYNTH,2026-09-13T00:00:00+08:00,0.76,primary_derived,derived,,team_generated,false,golden
USS-G002-018,USER-G002,SKILL-018,56.9,59,39,730,0.9636,current_score=observed_score*2^(-evidence_age_days/half_life_days),EVID-G002-018,2026-09-13T00:00:00+08:00,1.2.0,derived,true,SRC-SYNTH,2026-09-13T00:00:00+08:00,0.76,primary_derived,derived,,team_generated,false,golden
USS-G002-019,USER-G002,SKILL-019,42.9,68,242,365,0.6316,current_score=observed_score*2^(-evidence_age_days/half_life_days),EVID-G002-019,2026-09-13T00:00:00+08:00,1.2.0,derived,true,SRC-SYNTH,2026-09-13T00:00:00+08:00,0.82,primary_derived,derived,,team_generated,false,golden
USS-G002-020,USER-G002,SKILL-020,16.8,47,542,365,0.3573,current_score=observed_score*2^(-evidence_age_days/half_life_days),EVID-G002-020,2026-09-13T00:00:00+08:00,1.2.0,derived,true,SRC-SYNTH,2026-09-13T00:00:00+08:00,0.58,primary_derived,derived,,team_generated,false,golden
USS-G002-021,USER-G002,SKILL-021,32.5,40,110,365,0.8115,current_score=observed_score*2^(-evidence_age_days/half_life_days),EVID-G002-021,2026-09-13T00:00:00+08:00,1.2.0,derived,true,SRC-SYNTH,2026-09-13T00:00:00+08:00,0.58,primary_derived,derived,,team_generated,false,golden
USS-G002-022,USER-G002,SKILL-022,36.7,59,250,365,0.622,current_score=observed_score*2^(-evidence_age_days/half_life_days),EVID-G002-022,2026-09-13T00:00:00+08:00,1.2.0,derived,true,SRC-SYNTH,2026-09-13T00:00:00+08:00,0.58,primary_derived,derived,,team_generated,false,golden
USS-G002-023,USER-G002,SKILL-023,69.3,71,13,365,0.9756,current_score=observed_score*2^(-evidence_age_days/half_life_days),EVID-G002-023,2026-09-13T00:00:00+08:00,1.2.0,derived,true,SRC-SYNTH,2026-09-13T00:00:00+08:00,0.82,primary_derived,derived,,team_generated,false,golden
USS-G002-024,USER-G002,SKILL-024,36.1,51,182,365,0.7078,current_score=observed_score*2^(-evidence_age_days/half_life_days),EVID-G002-024,2026-09-13T00:00:00+08:00,1.2.0,derived,true,SRC-SYNTH,2026-09-13T00:00:00+08:00,0.76,primary_derived,derived,,team_generated,false,golden
USS-G002-025,USER-G002,SKILL-025,69.3,71,13,365,0.9756,current_score=observed_score*2^(-evidence_age_days/half_life_days),EVID-G002-025,2026-09-13T00:00:00+08:00,1.2.0,derived,true,SRC-SYNTH,2026-09-13T00:00:00+08:00,0.9,primary_derived,derived,,team_generated,false,golden
USS-G002-026,USER-G002,SKILL-026,71.8,76,30,365,0.9446,current_score=observed_score*2^(-evidence_age_days/half_life_days),EVID-G002-026,2026-09-13T00:00:00+08:00,1.2.0,derived,true,SRC-SYNTH,2026-09-13T00:00:00+08:00,0.76,primary_derived,derived,,team_generated,false,golden
USS-G002-027,USER-G002,SKILL-027,16.8,43,244,180,0.3908,current_score=observed_score*2^(-evidence_age_days/half_life_days),EVID-G002-027,2026-09-13T00:00:00+08:00,1.2.0,derived,true,SRC-SYNTH,2026-09-13T00:00:00+08:00,0.58,primary_derived,derived,,team_generated,false,golden
USS-G002-028,USER-G002,SKILL-028,60.9,77,61,180,0.7907,current_score=observed_score*2^(-evidence_age_days/half_life_days),EVID-G002-028,2026-09-13T00:00:00+08:00,1.2.0,derived,true,SRC-SYNTH,2026-09-13T00:00:00+08:00,0.82,primary_derived,derived,,team_generated,false,golden
USS-G002-029,USER-G002,SKILL-029,27.3,63,217,180,0.4336,current_score=observed_score*2^(-evidence_age_days/half_life_days),EVID-G002-029,2026-09-13T00:00:00+08:00,1.2.0,derived,true,SRC-SYNTH,2026-09-13T00:00:00+08:00,0.76,primary_derived,derived,,team_generated,false,golden
USS-G002-030,USER-G002,SKILL-030,9.3,47,422,180,0.1969,current_score=observed_score*2^(-evidence_age_days/half_life_days),EVID-G002-030,2026-09-13T00:00:00+08:00,1.2.0,derived,true,SRC-SYNTH,2026-09-13T00:00:00+08:00,0.76,primary_derived,derived,,team_generated,false,golden
USS-G002-031,USER-G002,SKILL-031,18.9,49,247,180,0.3863,current_score=observed_score*2^(-evidence_age_days/half_life_days),EVID-G002-031,2026-09-13T00:00:00+08:00,1.2.0,derived,true,SRC-SYNTH,2026-09-13T00:00:00+08:00,0.76,primary_derived,derived,,team_generated,false,golden
USS-G002-032,USER-G002,SKILL-032,51.2,65,126,365,0.7872,current_score=observed_score*2^(-evidence_age_days/half_life_days),EVID-G002-032,2026-09-13T00:00:00+08:00,1.2.0,derived,true,SRC-SYNTH,2026-09-13T00:00:00+08:00,0.76,primary_derived,derived,,team_generated,false,golden
USS-G002-033,USER-G002,SKILL-033,51,65,128,365,0.7842,current_score=observed_score*2^(-evidence_age_days/half_life_days),EVID-G002-033,2026-09-13T00:00:00+08:00,1.2.0,derived,true,SRC-SYNTH,2026-09-13T00:00:00+08:00,0.76,primary_derived,derived,,team_generated,false,golden
USS-G002-034,USER-G002,SKILL-034,81.7,85,21,365,0.9609,current_score=observed_score*2^(-evidence_age_days/half_life_days),EVID-G002-034,2026-09-13T00:00:00+08:00,1.2.0,derived,true,SRC-SYNTH,2026-09-13T00:00:00+08:00,0.9,primary_derived,derived,,team_generated,false,golden
USS-G002-035,USER-G002,SKILL-035,39.5,64,254,365,0.6173,current_score=observed_score*2^(-evidence_age_days/half_life_days),EVID-G002-035,2026-09-13T00:00:00+08:00,1.2.0,derived,true,SRC-SYNTH,2026-09-13T00:00:00+08:00,0.82,primary_derived,derived,,team_generated,false,golden
USS-G002-036,USER-G002,SKILL-036,36.2,71,175,180,0.5097,current_score=observed_score*2^(-evidence_age_days/half_life_days),EVID-G002-036,2026-09-13T00:00:00+08:00,1.2.0,derived,true,SRC-SYNTH,2026-09-13T00:00:00+08:00,0.9,primary_derived,derived,,team_generated,false,golden
USS-G002-037,USER-G002,SKILL-037,47.1,69,99,180,0.683,current_score=observed_score*2^(-evidence_age_days/half_life_days),EVID-G002-037,2026-09-13T00:00:00+08:00,1.2.0,derived,true,SRC-SYNTH,2026-09-13T00:00:00+08:00,0.76,primary_derived,derived,,team_generated,false,golden
USS-G002-038,USER-G002,SKILL-038,22.7,55,230,180,0.4124,current_score=observed_score*2^(-evidence_age_days/half_life_days),EVID-G002-038,2026-09-13T00:00:00+08:00,1.2.0,derived,true,SRC-SYNTH,2026-09-13T00:00:00+08:00,0.76,primary_derived,derived,,team_generated,false,golden
USS-G002-039,USER-G002,SKILL-039,6.3,42,493,180,0.1498,current_score=observed_score*2^(-evidence_age_days/half_life_days),EVID-G002-039,2026-09-13T00:00:00+08:00,1.2.0,derived,true,SRC-SYNTH,2026-09-13T00:00:00+08:00,0.76,primary_derived,derived,,team_generated,false,golden
USS-G002-040,USER-G002,SKILL-040,31.8,48,217,365,0.6623,current_score=observed_score*2^(-evidence_age_days/half_life_days),EVID-G002-040,2026-09-13T00:00:00+08:00,1.2.0,derived,true,SRC-SYNTH,2026-09-13T00:00:00+08:00,0.58,primary_derived,derived,,team_generated,false,golden
USS-G002-041,USER-G002,SKILL-041,33.6,52,461,730,0.6455,current_score=observed_score*2^(-evidence_age_days/half_life_days),EVID-G002-041,2026-09-13T00:00:00+08:00,1.2.0,derived,true,SRC-SYNTH,2026-09-13T00:00:00+08:00,0.58,primary_derived,derived,,team_generated,false,golden
USS-G002-042,USER-G002,SKILL-042,20,35,588,730,0.5722,current_score=observed_score*2^(-evidence_age_days/half_life_days),EVID-G002-042,2026-09-13T00:00:00+08:00,1.2.0,derived,true,SRC-SYNTH,2026-09-13T00:00:00+08:00,0.76,primary_derived,derived,,team_generated,false,golden
USS-G002-043,USER-G002,SKILL-043,60.1,72,95,365,0.8349,current_score=observed_score*2^(-evidence_age_days/half_life_days),EVID-G002-043,2026-09-13T00:00:00+08:00,1.2.0,derived,true,SRC-SYNTH,2026-09-13T00:00:00+08:00,0.76,primary_derived,derived,,team_generated,false,golden
USS-G002-044,USER-G002,SKILL-044,58.1,63,43,365,0.9216,current_score=observed_score*2^(-evidence_age_days/half_life_days),EVID-G002-044,2026-09-13T00:00:00+08:00,1.2.0,derived,true,SRC-SYNTH,2026-09-13T00:00:00+08:00,0.82,primary_derived,derived,,team_generated,false,golden
USS-G002-045,USER-G002,SKILL-045,23.5,38,253,365,0.6185,current_score=observed_score*2^(-evidence_age_days/half_life_days),EVID-G002-045,2026-09-13T00:00:00+08:00,1.2.0,derived,true,SRC-SYNTH,2026-09-13T00:00:00+08:00,0.76,primary_derived,derived,,team_generated,false,golden
USS-G002-046,USER-G002,SKILL-046,30.8,53,286,365,0.5809,current_score=observed_score*2^(-evidence_age_days/half_life_days),EVID-G002-046,2026-09-13T00:00:00+08:00,1.2.0,derived,true,SRC-SYNTH,2026-09-13T00:00:00+08:00,0.76,primary_derived,derived,,team_generated,false,golden
USS-G002-047,USER-G002,SKILL-047,16.6,43,500,365,0.3869,current_score=observed_score*2^(-evidence_age_days/half_life_days),EVID-G002-047,2026-09-13T00:00:00+08:00,1.2.0,derived,true,SRC-SYNTH,2026-09-13T00:00:00+08:00,0.76,primary_derived,derived,,team_generated,false,golden
USS-G002-048,USER-G002,SKILL-048,36,39,83,730,0.9242,current_score=observed_score*2^(-evidence_age_days/half_life_days),EVID-G002-048,2026-09-13T00:00:00+08:00,1.2.0,derived,true,SRC-SYNTH,2026-09-13T00:00:00+08:00,0.58,primary_derived,derived,,team_generated,false,golden
USS-G002-049,USER-G002,SKILL-049,25.5,45,598,730,0.5668,current_score=observed_score*2^(-evidence_age_days/half_life_days),EVID-G002-049,2026-09-13T00:00:00+08:00,1.2.0,derived,true,SRC-SYNTH,2026-09-13T00:00:00+08:00,0.76,primary_derived,derived,,team_generated,false,golden
USS-G002-050,USER-G002,SKILL-050,54.3,70,268,730,0.7753,current_score=observed_score*2^(-evidence_age_days/half_life_days),EVID-G002-050,2026-09-13T00:00:00+08:00,1.2.0,derived,true,SRC-SYNTH,2026-09-13T00:00:00+08:00,0.9,primary_derived,derived,,team_generated,false,golden
USS-G002-051,USER-G002,SKILL-051,23.6,35,208,365,0.6737,current_score=observed_score*2^(-evidence_age_days/half_life_days),EVID-G002-051,2026-09-13T00:00:00+08:00,1.2.0,derived,true,SRC-SYNTH,2026-09-13T00:00:00+08:00,0.76,primary_derived,derived,,team_generated,false,golden
USS-G002-052,USER-G002,SKILL-052,28.5,52,634,730,0.5477,current_score=observed_score*2^(-evidence_age_days/half_life_days),EVID-G002-052,2026-09-13T00:00:00+08:00,1.2.0,derived,true,SRC-SYNTH,2026-09-13T00:00:00+08:00,0.58,primary_derived,derived,,team_generated,false,golden
USS-G002-053,USER-G002,SKILL-053,51.5,57,106,730,0.9043,current_score=observed_score*2^(-evidence_age_days/half_life_days),EVID-G002-053,2026-09-13T00:00:00+08:00,1.2.0,derived,true,SRC-SYNTH,2026-09-13T00:00:00+08:00,0.76,primary_derived,derived,,team_generated,false,golden
USS-G002-054,USER-G002,SKILL-054,33.4,46,337,730,0.7262,current_score=observed_score*2^(-evidence_age_days/half_life_days),EVID-G002-054,2026-09-13T00:00:00+08:00,1.2.0,derived,true,SRC-SYNTH,2026-09-13T00:00:00+08:00,0.76,primary_derived,derived,,team_generated,false,golden
USS-G002-055,USER-G002,SKILL-055,27.4,40,398,730,0.6853,current_score=observed_score*2^(-evidence_age_days/half_life_days),EVID-G002-055,2026-09-13T00:00:00+08:00,1.2.0,derived,true,SRC-SYNTH,2026-09-13T00:00:00+08:00,0.76,primary_derived,derived,,team_generated,false,golden
USS-G002-056,USER-G002,SKILL-056,49.2,68,170,365,0.7241,current_score=observed_score*2^(-evidence_age_days/half_life_days),EVID-G002-056,2026-09-13T00:00:00+08:00,1.2.0,derived,true,SRC-SYNTH,2026-09-13T00:00:00+08:00,0.9,primary_derived,derived,,team_generated,false,golden
USS-G002-057,USER-G002,SKILL-057,55.4,62,59,365,0.894,current_score=observed_score*2^(-evidence_age_days/half_life_days),EVID-G002-057,2026-09-13T00:00:00+08:00,1.2.0,derived,true,SRC-SYNTH,2026-09-13T00:00:00+08:00,0.82,primary_derived,derived,,team_generated,false,golden
USS-G002-058,USER-G002,SKILL-058,56.2,63,60,365,0.8923,current_score=observed_score*2^(-evidence_age_days/half_life_days),EVID-G002-058,2026-09-13T00:00:00+08:00,1.2.0,derived,true,SRC-SYNTH,2026-09-13T00:00:00+08:00,0.9,primary_derived,derived,,team_generated,false,golden
USS-G002-059,USER-G002,SKILL-059,24.5,45,641,730,0.5441,current_score=observed_score*2^(-evidence_age_days/half_life_days),EVID-G002-059,2026-09-13T00:00:00+08:00,1.2.0,derived,true,SRC-SYNTH,2026-09-13T00:00:00+08:00,0.58,primary_derived,derived,,team_generated,false,golden
USS-G002-060,USER-G002,SKILL-060,28.4,37,279,730,0.7673,current_score=observed_score*2^(-evidence_age_days/half_life_days),EVID-G002-060,2026-09-13T00:00:00+08:00,1.2.0,derived,true,SRC-SYNTH,2026-09-13T00:00:00+08:00,0.58,primary_derived,derived,,team_generated,false,golden
USS-G003-001,USER-G003,SKILL-001,83.4,85,10,365,0.9812,current_score=observed_score*2^(-evidence_age_days/half_life_days),EVID-G003-001,2026-09-13T00:00:00+08:00,1.2.0,derived,true,SRC-SYNTH,2026-09-13T00:00:00+08:00,0.9,primary_derived,derived,,team_generated,false,golden
USS-G003-002,USER-G003,SKILL-002,55.7,60,39,365,0.9286,current_score=observed_score*2^(-evidence_age_days/half_life_days),EVID-G003-002,2026-09-13T00:00:00+08:00,1.2.0,derived,true,SRC-SYNTH,2026-09-13T00:00:00+08:00,0.82,primary_derived,derived,,team_generated,false,golden
USS-G003-003,USER-G003,SKILL-003,49.3,61,112,365,0.8084,current_score=observed_score*2^(-evidence_age_days/half_life_days),EVID-G003-003,2026-09-13T00:00:00+08:00,1.2.0,derived,true,SRC-SYNTH,2026-09-13T00:00:00+08:00,0.82,primary_derived,derived,,team_generated,false,golden
USS-G003-004,USER-G003,SKILL-004,49,60,107,365,0.8161,current_score=observed_score*2^(-evidence_age_days/half_life_days),EVID-G003-004,2026-09-13T00:00:00+08:00,1.2.0,derived,true,SRC-SYNTH,2026-09-13T00:00:00+08:00,0.76,primary_derived,derived,,team_generated,false,golden
USS-G003-005,USER-G003,SKILL-005,41.6,43,17,365,0.9682,current_score=observed_score*2^(-evidence_age_days/half_life_days),EVID-G003-005,2026-09-13T00:00:00+08:00,1.2.0,derived,true,SRC-SYNTH,2026-09-13T00:00:00+08:00,0.58,primary_derived,derived,,team_generated,false,golden
USS-G003-006,USER-G003,SKILL-006,25.9,52,367,365,0.4981,current_score=observed_score*2^(-evidence_age_days/half_life_days),EVID-G003-006,2026-09-13T00:00:00+08:00,1.2.0,derived,true,SRC-SYNTH,2026-09-13T00:00:00+08:00,0.58,primary_derived,derived,,team_generated,false,golden
USS-G003-007,USER-G003,SKILL-007,42.8,64,212,365,0.6686,current_score=observed_score*2^(-evidence_age_days/half_life_days),EVID-G003-007,2026-09-13T00:00:00+08:00,1.2.0,derived,true,SRC-SYNTH,2026-09-13T00:00:00+08:00,0.76,primary_derived,derived,,team_generated,false,golden
USS-G003-008,USER-G003,SKILL-008,39.8,66,267,365,0.6023,current_score=observed_score*2^(-evidence_age_days/half_life_days),EVID-G003-008,2026-09-13T00:00:00+08:00,1.2.0,derived,true,SRC-SYNTH,2026-09-13T00:00:00+08:00,0.76,primary_derived,derived,,team_generated,false,golden
USS-G003-009,USER-G003,SKILL-009,72.9,87,93,365,0.8381,current_score=observed_score*2^(-evidence_age_days/half_life_days),EVID-G003-009,2026-09-13T00:00:00+08:00,1.2.0,derived,true,SRC-SYNTH,2026-09-13T00:00:00+08:00,0.9,primary_derived,derived,,team_generated,false,golden
USS-G003-010,USER-G003,SKILL-010,46.2,68,204,365,0.6788,current_score=observed_score*2^(-evidence_age_days/half_life_days),EVID-G003-010,2026-09-13T00:00:00+08:00,1.2.0,derived,true,SRC-SYNTH,2026-09-13T00:00:00+08:00,0.9,primary_derived,derived,,team_generated,false,golden
USS-G003-011,USER-G003,SKILL-011,89.1,90,10,730,0.9905,current_score=observed_score*2^(-evidence_age_days/half_life_days),EVID-G003-011,2026-09-13T00:00:00+08:00,1.2.0,derived,true,SRC-SYNTH,2026-09-13T00:00:00+08:00,0.9,primary_derived,derived,,team_generated,false,golden
USS-G003-012,USER-G003,SKILL-012,74.6,88,87,365,0.8477,current_score=observed_score*2^(-evidence_age_days/half_life_days),EVID-G003-012,2026-09-13T00:00:00+08:00,1.2.0,derived,true,SRC-SYNTH,2026-09-13T00:00:00+08:00,0.9,primary_derived,derived,,team_generated,false,golden
USS-G003-013,USER-G003,SKILL-013,54.4,69,125,365,0.7887,current_score=observed_score*2^(-evidence_age_days/half_life_days),EVID-G003-013,2026-09-13T00:00:00+08:00,1.2.0,derived,true,SRC-SYNTH,2026-09-13T00:00:00+08:00,0.76,primary_derived,derived,,team_generated,false,golden
USS-G003-014,USER-G003,SKILL-014,11.8,41,654,365,0.2888,current_score=observed_score*2^(-evidence_age_days/half_life_days),EVID-G003-014,2026-09-13T00:00:00+08:00,1.2.0,derived,true,SRC-SYNTH,2026-09-13T00:00:00+08:00,0.58,primary_derived,derived,,team_generated,false,golden
USS-G003-015,USER-G003,SKILL-015,16.4,47,553,365,0.3499,current_score=observed_score*2^(-evidence_age_days/half_life_days),EVID-G003-015,2026-09-13T00:00:00+08:00,1.2.0,derived,true,SRC-SYNTH,2026-09-13T00:00:00+08:00,0.58,primary_derived,derived,,team_generated,false,golden
USS-G003-016,USER-G003,SKILL-016,13.6,48,666,365,0.2823,current_score=observed_score*2^(-evidence_age_days/half_life_days),EVID-G003-016,2026-09-13T00:00:00+08:00,1.2.0,derived,true,SRC-SYNTH,2026-09-13T00:00:00+08:00,0.76,primary_derived,derived,,team_generated,false,golden
USS-G003-017,USER-G003,SKILL-017,51.7,64,224,730,0.8084,current_score=observed_score*2^(-evidence_age_days/half_life_days),EVID-G003-017,2026-09-13T00:00:00+08:00,1.2.0,derived,true,SRC-SYNTH,2026-09-13T00:00:00+08:00,0.82,primary_derived,derived,,team_generated,false,golden
USS-G003-018,USER-G003,SKILL-018,52.2,59,128,730,0.8856,current_score=observed_score*2^(-evidence_age_days/half_life_days),EVID-G003-018,2026-09-13T00:00:00+08:00,1.2.0,derived,true,SRC-SYNTH,2026-09-13T00:00:00+08:00,0.58,primary_derived,derived,,team_generated,false,golden
USS-G003-019,USER-G003,SKILL-019,45.8,49,36,365,0.9339,current_score=observed_score*2^(-evidence_age_days/half_life_days),EVID-G003-019,2026-09-13T00:00:00+08:00,1.2.0,derived,true,SRC-SYNTH,2026-09-13T00:00:00+08:00,0.76,primary_derived,derived,,team_generated,false,golden
USS-G003-020,USER-G003,SKILL-020,35.2,55,235,365,0.64,current_score=observed_score*2^(-evidence_age_days/half_life_days),EVID-G003-020,2026-09-13T00:00:00+08:00,1.2.0,derived,true,SRC-SYNTH,2026-09-13T00:00:00+08:00,0.76,primary_derived,derived,,team_generated,false,golden
USS-G003-021,USER-G003,SKILL-021,43.4,65,213,365,0.6673,current_score=observed_score*2^(-evidence_age_days/half_life_days),EVID-G003-021,2026-09-13T00:00:00+08:00,1.2.0,derived,true,SRC-SYNTH,2026-09-13T00:00:00+08:00,0.82,primary_derived,derived,,team_generated,false,golden
USS-G003-022,USER-G003,SKILL-022,36.6,44,97,365,0.8318,current_score=observed_score*2^(-evidence_age_days/half_life_days),EVID-G003-022,2026-09-13T00:00:00+08:00,1.2.0,derived,true,SRC-SYNTH,2026-09-13T00:00:00+08:00,0.58,primary_derived,derived,,team_generated,false,golden
USS-G003-023,USER-G003,SKILL-023,51,71,174,365,0.7186,current_score=observed_score*2^(-evidence_age_days/half_life_days),EVID-G003-023,2026-09-13T00:00:00+08:00,1.2.0,derived,true,SRC-SYNTH,2026-09-13T00:00:00+08:00,0.76,primary_derived,derived,,team_generated,false,golden
USS-G003-024,USER-G003,SKILL-024,16.1,47,563,365,0.3433,current_score=observed_score*2^(-evidence_age_days/half_life_days),EVID-G003-024,2026-09-13T00:00:00+08:00,1.2.0,derived,true,SRC-SYNTH,2026-09-13T00:00:00+08:00,0.58,primary_derived,derived,,team_generated,false,golden
USS-G003-025,USER-G003,SKILL-025,54,66,106,365,0.8177,current_score=observed_score*2^(-evidence_age_days/half_life_days),EVID-G003-025,2026-09-13T00:00:00+08:00,1.2.0,derived,true,SRC-SYNTH,2026-09-13T00:00:00+08:00,0.76,primary_derived,derived,,team_generated,false,golden
USS-G003-026,USER-G003,SKILL-026,31.5,37,84,365,0.8526,current_score=observed_score*2^(-evidence_age_days/half_life_days),EVID-G003-026,2026-09-13T00:00:00+08:00,1.2.0,derived,true,SRC-SYNTH,2026-09-13T00:00:00+08:00,0.58,primary_derived,derived,,team_generated,false,golden
USS-G003-027,USER-G003,SKILL-027,11.5,54,402,180,0.2127,current_score=observed_score*2^(-evidence_age_days/half_life_days),EVID-G003-027,2026-09-13T00:00:00+08:00,1.2.0,derived,true,SRC-SYNTH,2026-09-13T00:00:00+08:00,0.58,primary_derived,derived,,team_generated,false,golden
USS-G003-028,USER-G003,SKILL-028,4.6,44,586,180,0.1047,current_score=observed_score*2^(-evidence_age_days/half_life_days),EVID-G003-028,2026-09-13T00:00:00+08:00,1.2.0,derived,true,SRC-SYNTH,2026-09-13T00:00:00+08:00,0.58,primary_derived,derived,,team_generated,false,golden
USS-G003-029,USER-G003,SKILL-029,10.1,54,435,180,0.1873,current_score=observed_score*2^(-evidence_age_days/half_life_days),EVID-G003-029,2026-09-13T00:00:00+08:00,1.2.0,derived,true,SRC-SYNTH,2026-09-13T00:00:00+08:00,0.58,primary_derived,derived,,team_generated,false,golden
USS-G003-030,USER-G003,SKILL-030,5.2,50,586,180,0.1047,current_score=observed_score*2^(-evidence_age_days/half_life_days),EVID-G003-030,2026-09-13T00:00:00+08:00,1.2.0,derived,true,SRC-SYNTH,2026-09-13T00:00:00+08:00,0.76,primary_derived,derived,,team_generated,false,golden
USS-G003-031,USER-G003,SKILL-031,35.3,43,51,180,0.8217,current_score=observed_score*2^(-evidence_age_days/half_life_days),EVID-G003-031,2026-09-13T00:00:00+08:00,1.2.0,derived,true,SRC-SYNTH,2026-09-13T00:00:00+08:00,0.58,primary_derived,derived,,team_generated,false,golden
USS-G003-032,USER-G003,SKILL-032,18.4,37,367,365,0.4981,current_score=observed_score*2^(-evidence_age_days/half_life_days),EVID-G003-032,2026-09-13T00:00:00+08:00,1.2.0,derived,true,SRC-SYNTH,2026-09-13T00:00:00+08:00,0.58,primary_derived,derived,,team_generated,false,golden
USS-G003-033,USER-G003,SKILL-033,18.1,52,557,365,0.3472,current_score=observed_score*2^(-evidence_age_days/half_life_days),EVID-G003-033,2026-09-13T00:00:00+08:00,1.2.0,derived,true,SRC-SYNTH,2026-09-13T00:00:00+08:00,0.76,primary_derived,derived,,team_generated,false,golden
USS-G003-034,USER-G003,SKILL-034,24.8,46,326,365,0.5384,current_score=observed_score*2^(-evidence_age_days/half_life_days),EVID-G003-034,2026-09-13T00:00:00+08:00,1.2.0,derived,true,SRC-SYNTH,2026-09-13T00:00:00+08:00,0.76,primary_derived,derived,,team_generated,false,golden
USS-G003-035,USER-G003,SKILL-035,38.5,62,251,365,0.6209,current_score=observed_score*2^(-evidence_age_days/half_life_days),EVID-G003-035,2026-09-13T00:00:00+08:00,1.2.0,derived,true,SRC-SYNTH,2026-09-13T00:00:00+08:00,0.82,primary_derived,derived,,team_generated,false,golden
USS-G003-036,USER-G003,SKILL-036,22.6,59,249,180,0.3833,current_score=observed_score*2^(-evidence_age_days/half_life_days),EVID-G003-036,2026-09-13T00:00:00+08:00,1.2.0,derived,true,SRC-SYNTH,2026-09-13T00:00:00+08:00,0.76,primary_derived,derived,,team_generated,false,golden
USS-G003-037,USER-G003,SKILL-037,47.2,63,75,180,0.7492,current_score=observed_score*2^(-evidence_age_days/half_life_days),EVID-G003-037,2026-09-13T00:00:00+08:00,1.2.0,derived,true,SRC-SYNTH,2026-09-13T00:00:00+08:00,0.76,primary_derived,derived,,team_generated,false,golden
USS-G003-038,USER-G003,SKILL-038,20,34,138,180,0.5878,current_score=observed_score*2^(-evidence_age_days/half_life_days),EVID-G003-038,2026-09-13T00:00:00+08:00,1.2.0,derived,true,SRC-SYNTH,2026-09-13T00:00:00+08:00,0.58,primary_derived,derived,,team_generated,false,golden
USS-G003-039,USER-G003,SKILL-039,45.9,50,22,180,0.9188,current_score=observed_score*2^(-evidence_age_days/half_life_days),EVID-G003-039,2026-09-13T00:00:00+08:00,1.2.0,derived,true,SRC-SYNTH,2026-09-13T00:00:00+08:00,0.58,primary_derived,derived,,team_generated,false,golden
USS-G003-040,USER-G003,SKILL-040,62.2,70,62,365,0.8889,current_score=observed_score*2^(-evidence_age_days/half_life_days),EVID-G003-040,2026-09-13T00:00:00+08:00,1.2.0,derived,true,SRC-SYNTH,2026-09-13T00:00:00+08:00,0.82,primary_derived,derived,,team_generated,false,golden
USS-G003-041,USER-G003,SKILL-041,52.7,63,189,730,0.8357,current_score=observed_score*2^(-evidence_age_days/half_life_days),EVID-G003-041,2026-09-13T00:00:00+08:00,1.2.0,derived,true,SRC-SYNTH,2026-09-13T00:00:00+08:00,0.9,primary_derived,derived,,team_generated,false,golden
USS-G003-042,USER-G003,SKILL-042,51.3,63,217,730,0.8138,current_score=observed_score*2^(-evidence_age_days/half_life_days),EVID-G003-042,2026-09-13T00:00:00+08:00,1.2.0,derived,true,SRC-SYNTH,2026-09-13T00:00:00+08:00,0.76,primary_derived,derived,,team_generated,false,golden
USS-G003-043,USER-G003,SKILL-043,56,62,54,365,0.9025,current_score=observed_score*2^(-evidence_age_days/half_life_days),EVID-G003-043,2026-09-13T00:00:00+08:00,1.2.0,derived,true,SRC-SYNTH,2026-09-13T00:00:00+08:00,0.76,primary_derived,derived,,team_generated,false,golden
USS-G003-044,USER-G003,SKILL-044,42.1,65,229,365,0.6473,current_score=observed_score*2^(-evidence_age_days/half_life_days),EVID-G003-044,2026-09-13T00:00:00+08:00,1.2.0,derived,true,SRC-SYNTH,2026-09-13T00:00:00+08:00,0.82,primary_derived,derived,,team_generated,false,golden
USS-G003-045,USER-G003,SKILL-045,57.6,70,103,365,0.8223,current_score=observed_score*2^(-evidence_age_days/half_life_days),EVID-G003-045,2026-09-13T00:00:00+08:00,1.2.0,derived,true,SRC-SYNTH,2026-09-13T00:00:00+08:00,0.76,primary_derived,derived,,team_generated,false,golden
USS-G003-046,USER-G003,SKILL-046,22.6,40,300,365,0.5657,current_score=observed_score*2^(-evidence_age_days/half_life_days),EVID-G003-046,2026-09-13T00:00:00+08:00,1.2.0,derived,true,SRC-SYNTH,2026-09-13T00:00:00+08:00,0.76,primary_derived,derived,,team_generated,false,golden
USS-G003-047,USER-G003,SKILL-047,20.3,38,330,365,0.5344,current_score=observed_score*2^(-evidence_age_days/half_life_days),EVID-G003-047,2026-09-13T00:00:00+08:00,1.2.0,derived,true,SRC-SYNTH,2026-09-13T00:00:00+08:00,0.76,primary_derived,derived,,team_generated,false,golden
USS-G003-048,USER-G003,SKILL-048,80.8,83,28,730,0.9738,current_score=observed_score*2^(-evidence_age_days/half_life_days),EVID-G003-048,2026-09-13T00:00:00+08:00,1.2.0,derived,true,SRC-SYNTH,2026-09-13T00:00:00+08:00,0.9,primary_derived,derived,,team_generated,false,golden
USS-G003-049,USER-G003,SKILL-049,31.3,41,285,730,0.7629,current_score=observed_score*2^(-evidence_age_days/half_life_days),EVID-G003-049,2026-09-13T00:00:00+08:00,1.2.0,derived,true,SRC-SYNTH,2026-09-13T00:00:00+08:00,0.58,primary_derived,derived,,team_generated,false,golden
USS-G003-050,USER-G003,SKILL-050,33.6,37,100,730,0.9094,current_score=observed_score*2^(-evidence_age_days/half_life_days),EVID-G003-050,2026-09-13T00:00:00+08:00,1.2.0,derived,true,SRC-SYNTH,2026-09-13T00:00:00+08:00,0.76,primary_derived,derived,,team_generated,false,golden
USS-G003-051,USER-G003,SKILL-051,60.4,62,14,365,0.9738,current_score=observed_score*2^(-evidence_age_days/half_life_days),EVID-G003-051,2026-09-13T00:00:00+08:00,1.2.0,derived,true,SRC-SYNTH,2026-09-13T00:00:00+08:00,0.82,primary_derived,derived,,team_generated,false,golden
USS-G003-052,USER-G003,SKILL-052,45.4,56,221,730,0.8107,current_score=observed_score*2^(-evidence_age_days/half_life_days),EVID-G003-052,2026-09-13T00:00:00+08:00,1.2.0,derived,true,SRC-SYNTH,2026-09-13T00:00:00+08:00,0.76,primary_derived,derived,,team_generated,false,golden
USS-G003-053,USER-G003,SKILL-053,42,51,204,730,0.8239,current_score=observed_score*2^(-evidence_age_days/half_life_days),EVID-G003-053,2026-09-13T00:00:00+08:00,1.2.0,derived,true,SRC-SYNTH,2026-09-13T00:00:00+08:00,0.76,primary_derived,derived,,team_generated,false,golden
USS-G003-054,USER-G003,SKILL-054,45.7,54,175,730,0.8469,current_score=observed_score*2^(-evidence_age_days/half_life_days),EVID-G003-054,2026-09-13T00:00:00+08:00,1.2.0,derived,true,SRC-SYNTH,2026-09-13T00:00:00+08:00,0.76,primary_derived,derived,,team_generated,false,golden
USS-G003-055,USER-G003,SKILL-055,39.3,52,294,730,0.7564,current_score=observed_score*2^(-evidence_age_days/half_life_days),EVID-G003-055,2026-09-13T00:00:00+08:00,1.2.0,derived,true,SRC-SYNTH,2026-09-13T00:00:00+08:00,0.76,primary_derived,derived,,team_generated,false,golden
USS-G003-056,USER-G003,SKILL-056,43.8,58,148,365,0.755,current_score=observed_score*2^(-evidence_age_days/half_life_days),EVID-G003-056,2026-09-13T00:00:00+08:00,1.2.0,derived,true,SRC-SYNTH,2026-09-13T00:00:00+08:00,0.76,primary_derived,derived,,team_generated,false,golden
USS-G003-057,USER-G003,SKILL-057,17.3,50,560,365,0.3453,current_score=observed_score*2^(-evidence_age_days/half_life_days),EVID-G003-057,2026-09-13T00:00:00+08:00,1.2.0,derived,true,SRC-SYNTH,2026-09-13T00:00:00+08:00,0.76,primary_derived,derived,,team_generated,false,golden
USS-G003-058,USER-G003,SKILL-058,49.4,54,47,365,0.9146,current_score=observed_score*2^(-evidence_age_days/half_life_days),EVID-G003-058,2026-09-13T00:00:00+08:00,1.2.0,derived,true,SRC-SYNTH,2026-09-13T00:00:00+08:00,0.76,primary_derived,derived,,team_generated,false,golden
USS-G003-059,USER-G003,SKILL-059,43.5,53,207,730,0.8216,current_score=observed_score*2^(-evidence_age_days/half_life_days),EVID-G003-059,2026-09-13T00:00:00+08:00,1.2.0,derived,true,SRC-SYNTH,2026-09-13T00:00:00+08:00,0.76,primary_derived,derived,,team_generated,false,golden
USS-G003-060,USER-G003,SKILL-060,54.1,67,226,730,0.8069,current_score=observed_score*2^(-evidence_age_days/half_life_days),EVID-G003-060,2026-09-13T00:00:00+08:00,1.2.0,derived,true,SRC-SYNTH,2026-09-13T00:00:00+08:00,0.76,primary_derived,derived,,team_generated,false,golden
USS-G004-001,USER-G004,SKILL-001,43.3,56,135,365,0.7739,current_score=observed_score*2^(-evidence_age_days/half_life_days),EVID-G004-001,2026-09-13T00:00:00+08:00,1.2.0,derived,true,SRC-SYNTH,2026-09-13T00:00:00+08:00,0.58,primary_derived,derived,,team_generated,false,golden
USS-G004-002,USER-G004,SKILL-002,45,64,186,365,0.7024,current_score=observed_score*2^(-evidence_age_days/half_life_days),EVID-G004-002,2026-09-13T00:00:00+08:00,1.2.0,derived,true,SRC-SYNTH,2026-09-13T00:00:00+08:00,0.9,primary_derived,derived,,team_generated,false,golden
USS-G004-003,USER-G004,SKILL-003,30,49,259,365,0.6115,current_score=observed_score*2^(-evidence_age_days/half_life_days),EVID-G004-003,2026-09-13T00:00:00+08:00,1.2.0,derived,true,SRC-SYNTH,2026-09-13T00:00:00+08:00,0.58,primary_derived,derived,,team_generated,false,golden
USS-G004-004,USER-G004,SKILL-004,16.3,48,568,365,0.3401,current_score=observed_score*2^(-evidence_age_days/half_life_days),EVID-G004-004,2026-09-13T00:00:00+08:00,1.2.0,derived,true,SRC-SYNTH,2026-09-13T00:00:00+08:00,0.76,primary_derived,derived,,team_generated,false,golden
USS-G004-005,USER-G004,SKILL-005,20.2,47,444,365,0.4303,current_score=observed_score*2^(-evidence_age_days/half_life_days),EVID-G004-005,2026-09-13T00:00:00+08:00,1.2.0,derived,true,SRC-SYNTH,2026-09-13T00:00:00+08:00,0.76,primary_derived,derived,,team_generated,false,golden
USS-G004-006,USER-G004,SKILL-006,35.8,41,71,365,0.8739,current_score=observed_score*2^(-evidence_age_days/half_life_days),EVID-G004-006,2026-09-13T00:00:00+08:00,1.2.0,derived,true,SRC-SYNTH,2026-09-13T00:00:00+08:00,0.76,primary_derived,derived,,team_generated,false,golden
USS-G004-007,USER-G004,SKILL-007,32.2,46,188,365,0.6998,current_score=observed_score*2^(-evidence_age_days/half_life_days),EVID-G004-007,2026-09-13T00:00:00+08:00,1.2.0,derived,true,SRC-SYNTH,2026-09-13T00:00:00+08:00,0.58,primary_derived,derived,,team_generated,false,golden
USS-G004-008,USER-G004,SKILL-008,34.8,49,180,365,0.7105,current_score=observed_score*2^(-evidence_age_days/half_life_days),EVID-G004-008,2026-09-13T00:00:00+08:00,1.2.0,derived,true,SRC-SYNTH,2026-09-13T00:00:00+08:00,0.76,primary_derived,derived,,team_generated,false,golden
USS-G004-009,USER-G004,SKILL-009,38.3,60,237,365,0.6376,current_score=observed_score*2^(-evidence_age_days/half_life_days),EVID-G004-009,2026-09-13T00:00:00+08:00,1.2.0,derived,true,SRC-SYNTH,2026-09-13T00:00:00+08:00,0.82,primary_derived,derived,,team_generated,false,golden
USS-G004-010,USER-G004,SKILL-010,49.8,66,148,365,0.755,current_score=observed_score*2^(-evidence_age_days/half_life_days),EVID-G004-010,2026-09-13T00:00:00+08:00,1.2.0,derived,true,SRC-SYNTH,2026-09-13T00:00:00+08:00,0.9,primary_derived,derived,,team_generated,false,golden
USS-G004-011,USER-G004,SKILL-011,54.2,66,207,730,0.8216,current_score=observed_score*2^(-evidence_age_days/half_life_days),EVID-G004-011,2026-09-13T00:00:00+08:00,1.2.0,derived,true,SRC-SYNTH,2026-09-13T00:00:00+08:00,0.82,primary_derived,derived,,team_generated,false,golden
USS-G004-012,USER-G004,SKILL-012,33.8,47,173,365,0.72,current_score=observed_score*2^(-evidence_age_days/half_life_days),EVID-G004-012,2026-09-13T00:00:00+08:00,1.2.0,derived,true,SRC-SYNTH,2026-09-13T00:00:00+08:00,0.58,primary_derived,derived,,team_generated,false,golden
USS-G004-013,USER-G004,SKILL-013,42.7,64,213,365,0.6673,current_score=observed_score*2^(-evidence_age_days/half_life_days),EVID-G004-013,2026-09-13T00:00:00+08:00,1.2.0,derived,true,SRC-SYNTH,2026-09-13T00:00:00+08:00,0.82,primary_derived,derived,,team_generated,false,golden
USS-G004-014,USER-G004,SKILL-014,58.6,62,30,365,0.9446,current_score=observed_score*2^(-evidence_age_days/half_life_days),EVID-G004-014,2026-09-13T00:00:00+08:00,1.2.0,derived,true,SRC-SYNTH,2026-09-13T00:00:00+08:00,0.82,primary_derived,derived,,team_generated,false,golden
USS-G004-015,USER-G004,SKILL-015,40.3,44,46,365,0.9164,current_score=observed_score*2^(-evidence_age_days/half_life_days),EVID-G004-015,2026-09-13T00:00:00+08:00,1.2.0,derived,true,SRC-SYNTH,2026-09-13T00:00:00+08:00,0.76,primary_derived,derived,,team_generated,false,golden
USS-G004-016,USER-G004,SKILL-016,26.5,42,243,365,0.6304,current_score=observed_score*2^(-evidence_age_days/half_life_days),EVID-G004-016,2026-09-13T00:00:00+08:00,1.2.0,derived,true,SRC-SYNTH,2026-09-13T00:00:00+08:00,0.76,primary_derived,derived,,team_generated,false,golden
USS-G004-017,USER-G004,SKILL-017,56.7,69,207,730,0.8216,current_score=observed_score*2^(-evidence_age_days/half_life_days),EVID-G004-017,2026-09-13T00:00:00+08:00,1.2.0,derived,true,SRC-SYNTH,2026-09-13T00:00:00+08:00,0.82,primary_derived,derived,,team_generated,false,golden
USS-G004-018,USER-G004,SKILL-018,53.8,60,114,730,0.8974,current_score=observed_score*2^(-evidence_age_days/half_life_days),EVID-G004-018,2026-09-13T00:00:00+08:00,1.2.0,derived,true,SRC-SYNTH,2026-09-13T00:00:00+08:00,0.82,primary_derived,derived,,team_generated,false,golden
USS-G004-019,USER-G004,SKILL-019,77.3,89,74,365,0.8689,current_score=observed_score*2^(-evidence_age_days/half_life_days),EVID-G004-019,2026-09-13T00:00:00+08:00,1.2.0,derived,true,SRC-SYNTH,2026-09-13T00:00:00+08:00,0.9,primary_derived,derived,,team_generated,false,golden
USS-G004-020,USER-G004,SKILL-020,68.3,80,83,365,0.8542,current_score=observed_score*2^(-evidence_age_days/half_life_days),EVID-G004-020,2026-09-13T00:00:00+08:00,1.2.0,derived,true,SRC-SYNTH,2026-09-13T00:00:00+08:00,0.9,primary_derived,derived,,team_generated,false,golden
USS-G004-021,USER-G004,SKILL-021,82.7,87,27,365,0.95,current_score=observed_score*2^(-evidence_age_days/half_life_days),EVID-G004-021,2026-09-13T00:00:00+08:00,1.2.0,derived,true,SRC-SYNTH,2026-09-13T00:00:00+08:00,0.9,primary_derived,derived,,team_generated,false,golden
USS-G004-022,USER-G004,SKILL-022,87.2,89,11,365,0.9793,current_score=observed_score*2^(-evidence_age_days/half_life_days),EVID-G004-022,2026-09-13T00:00:00+08:00,1.2.0,derived,true,SRC-SYNTH,2026-09-13T00:00:00+08:00,0.9,primary_derived,derived,,team_generated,false,golden
USS-G004-023,USER-G004,SKILL-023,71.5,77,39,365,0.9286,current_score=observed_score*2^(-evidence_age_days/half_life_days),EVID-G004-023,2026-09-13T00:00:00+08:00,1.2.0,derived,true,SRC-SYNTH,2026-09-13T00:00:00+08:00,0.82,primary_derived,derived,,team_generated,false,golden
USS-G004-024,USER-G004,SKILL-024,37,53,189,365,0.6984,current_score=observed_score*2^(-evidence_age_days/half_life_days),EVID-G004-024,2026-09-13T00:00:00+08:00,1.2.0,derived,true,SRC-SYNTH,2026-09-13T00:00:00+08:00,0.76,primary_derived,derived,,team_generated,false,golden
USS-G004-025,USER-G004,SKILL-025,70.9,73,15,365,0.9719,current_score=observed_score*2^(-evidence_age_days/half_life_days),EVID-G004-025,2026-09-13T00:00:00+08:00,1.2.0,derived,true,SRC-SYNTH,2026-09-13T00:00:00+08:00,0.9,primary_derived,derived,,team_generated,false,golden
USS-G004-026,USER-G004,SKILL-026,57.3,67,82,365,0.8558,current_score=observed_score*2^(-evidence_age_days/half_life_days),EVID-G004-026,2026-09-13T00:00:00+08:00,1.2.0,derived,true,SRC-SYNTH,2026-09-13T00:00:00+08:00,0.9,primary_derived,derived,,team_generated,false,golden
USS-G004-027,USER-G004,SKILL-027,24.8,67,258,180,0.3703,current_score=observed_score*2^(-evidence_age_days/half_life_days),EVID-G004-027,2026-09-13T00:00:00+08:00,1.2.0,derived,true,SRC-SYNTH,2026-09-13T00:00:00+08:00,0.9,primary_derived,derived,,team_generated,false,golden
USS-G004-028,USER-G004,SKILL-028,42.5,49,37,180,0.8672,current_score=observed_score*2^(-evidence_age_days/half_life_days),EVID-G004-028,2026-09-13T00:00:00+08:00,1.2.0,derived,true,SRC-SYNTH,2026-09-13T00:00:00+08:00,0.58,primary_derived,derived,,team_generated,false,golden
USS-G004-029,USER-G004,SKILL-029,29.1,68,220,180,0.4286,current_score=observed_score*2^(-evidence_age_days/half_life_days),EVID-G004-029,2026-09-13T00:00:00+08:00,1.2.0,derived,true,SRC-SYNTH,2026-09-13T00:00:00+08:00,0.76,primary_derived,derived,,team_generated,false,golden
USS-G004-030,USER-G004,SKILL-030,9.3,43,397,180,0.2168,current_score=observed_score*2^(-evidence_age_days/half_life_days),EVID-G004-030,2026-09-13T00:00:00+08:00,1.2.0,derived,true,SRC-SYNTH,2026-09-13T00:00:00+08:00,0.76,primary_derived,derived,,team_generated,false,golden
USS-G004-031,USER-G004,SKILL-031,11.2,43,349,180,0.2608,current_score=observed_score*2^(-evidence_age_days/half_life_days),EVID-G004-031,2026-09-13T00:00:00+08:00,1.2.0,derived,true,SRC-SYNTH,2026-09-13T00:00:00+08:00,0.58,primary_derived,derived,,team_generated,false,golden
USS-G004-032,USER-G004,SKILL-032,13.8,48,655,365,0.2883,current_score=observed_score*2^(-evidence_age_days/half_life_days),EVID-G004-032,2026-09-13T00:00:00+08:00,1.2.0,derived,true,SRC-SYNTH,2026-09-13T00:00:00+08:00,0.58,primary_derived,derived,,team_generated,false,golden
USS-G004-033,USER-G004,SKILL-033,70.7,77,45,365,0.9181,current_score=observed_score*2^(-evidence_age_days/half_life_days),EVID-G004-033,2026-09-13T00:00:00+08:00,1.2.0,derived,true,SRC-SYNTH,2026-09-13T00:00:00+08:00,0.9,primary_derived,derived,,team_generated,false,golden
USS-G004-034,USER-G004,SKILL-034,43.4,64,205,365,0.6775,current_score=observed_score*2^(-evidence_age_days/half_life_days),EVID-G004-034,2026-09-13T00:00:00+08:00,1.2.0,derived,true,SRC-SYNTH,2026-09-13T00:00:00+08:00,0.76,primary_derived,derived,,team_generated,false,golden
USS-G004-035,USER-G004,SKILL-035,22,47,399,365,0.4687,current_score=observed_score*2^(-evidence_age_days/half_life_days),EVID-G004-035,2026-09-13T00:00:00+08:00,1.2.0,derived,true,SRC-SYNTH,2026-09-13T00:00:00+08:00,0.76,primary_derived,derived,,team_generated,false,golden
USS-G004-036,USER-G004,SKILL-036,13.6,43,299,180,0.3162,current_score=observed_score*2^(-evidence_age_days/half_life_days),EVID-G004-036,2026-09-13T00:00:00+08:00,1.2.0,derived,true,SRC-SYNTH,2026-09-13T00:00:00+08:00,0.76,primary_derived,derived,,team_generated,false,golden
USS-G004-037,USER-G004,SKILL-037,49,68,85,180,0.7209,current_score=observed_score*2^(-evidence_age_days/half_life_days),EVID-G004-037,2026-09-13T00:00:00+08:00,1.2.0,derived,true,SRC-SYNTH,2026-09-13T00:00:00+08:00,0.76,primary_derived,derived,,team_generated,false,golden
USS-G004-038,USER-G004,SKILL-038,3.4,37,622,180,0.0912,current_score=observed_score*2^(-evidence_age_days/half_life_days),EVID-G004-038,2026-09-13T00:00:00+08:00,1.2.0,derived,true,SRC-SYNTH,2026-09-13T00:00:00+08:00,0.76,primary_derived,derived,,team_generated,false,golden
USS-G004-039,USER-G004,SKILL-039,3.8,36,586,180,0.1047,current_score=observed_score*2^(-evidence_age_days/half_life_days),EVID-G004-039,2026-09-13T00:00:00+08:00,1.2.0,derived,true,SRC-SYNTH,2026-09-13T00:00:00+08:00,0.76,primary_derived,derived,,team_generated,false,golden
USS-G004-040,USER-G004,SKILL-040,50.6,57,63,365,0.8872,current_score=observed_score*2^(-evidence_age_days/half_life_days),EVID-G004-040,2026-09-13T00:00:00+08:00,1.2.0,derived,true,SRC-SYNTH,2026-09-13T00:00:00+08:00,0.58,primary_derived,derived,,team_generated,false,golden
USS-G004-041,USER-G004,SKILL-041,27.9,45,502,730,0.6209,current_score=observed_score*2^(-evidence_age_days/half_life_days),EVID-G004-041,2026-09-13T00:00:00+08:00,1.2.0,derived,true,SRC-SYNTH,2026-09-13T00:00:00+08:00,0.58,primary_derived,derived,,team_generated,false,golden
USS-G004-042,USER-G004,SKILL-042,32.1,43,308,730,0.7464,current_score=observed_score*2^(-evidence_age_days/half_life_days),EVID-G004-042,2026-09-13T00:00:00+08:00,1.2.0,derived,true,SRC-SYNTH,2026-09-13T00:00:00+08:00,0.76,primary_derived,derived,,team_generated,false,golden
USS-G004-043,USER-G004,SKILL-043,49,55,61,365,0.8906,current_score=observed_score*2^(-evidence_age_days/half_life_days),EVID-G004-043,2026-09-13T00:00:00+08:00,1.2.0,derived,true,SRC-SYNTH,2026-09-13T00:00:00+08:00,0.76,primary_derived,derived,,team_generated,false,golden
USS-G004-044,USER-G004,SKILL-044,40.6,63,232,365,0.6437,current_score=observed_score*2^(-evidence_age_days/half_life_days),EVID-G004-044,2026-09-13T00:00:00+08:00,1.2.0,derived,true,SRC-SYNTH,2026-09-13T00:00:00+08:00,0.9,primary_derived,derived,,team_generated,false,golden
USS-G004-045,USER-G004,SKILL-045,25,36,193,365,0.6931,current_score=observed_score*2^(-evidence_age_days/half_life_days),EVID-G004-045,2026-09-13T00:00:00+08:00,1.2.0,derived,true,SRC-SYNTH,2026-09-13T00:00:00+08:00,0.76,primary_derived,derived,,team_generated,false,golden
USS-G004-046,USER-G004,SKILL-046,59.5,61,13,365,0.9756,current_score=observed_score*2^(-evidence_age_days/half_life_days),EVID-G004-046,2026-09-13T00:00:00+08:00,1.2.0,derived,true,SRC-SYNTH,2026-09-13T00:00:00+08:00,0.82,primary_derived,derived,,team_generated,false,golden
USS-G004-047,USER-G004,SKILL-047,29.6,35,88,365,0.8461,current_score=observed_score*2^(-evidence_age_days/half_life_days),EVID-G004-047,2026-09-13T00:00:00+08:00,1.2.0,derived,true,SRC-SYNTH,2026-09-13T00:00:00+08:00,0.58,primary_derived,derived,,team_generated,false,golden
USS-G004-048,USER-G004,SKILL-048,33.9,51,430,730,0.6648,current_score=observed_score*2^(-evidence_age_days/half_life_days),EVID-G004-048,2026-09-13T00:00:00+08:00,1.2.0,derived,true,SRC-SYNTH,2026-09-13T00:00:00+08:00,0.76,primary_derived,derived,,team_generated,false,golden
USS-G004-049,USER-G004,SKILL-049,44.8,49,94,730,0.9146,current_score=observed_score*2^(-evidence_age_days/half_life_days),EVID-G004-049,2026-09-13T00:00:00+08:00,1.2.0,derived,true,SRC-SYNTH,2026-09-13T00:00:00+08:00,0.58,primary_derived,derived,,team_generated,false,golden
USS-G004-050,USER-G004,SKILL-050,45.1,55,209,730,0.82,current_score=observed_score*2^(-evidence_age_days/half_life_days),EVID-G004-050,2026-09-13T00:00:00+08:00,1.2.0,derived,true,SRC-SYNTH,2026-09-13T00:00:00+08:00,0.58,primary_derived,derived,,team_generated,false,golden
USS-G004-051,USER-G004,SKILL-051,31.1,50,250,365,0.622,current_score=observed_score*2^(-evidence_age_days/half_life_days),EVID-G004-051,2026-09-13T00:00:00+08:00,1.2.0,derived,true,SRC-SYNTH,2026-09-13T00:00:00+08:00,0.58,primary_derived,derived,,team_generated,false,golden
USS-G004-052,USER-G004,SKILL-052,36.5,46,243,730,0.794,current_score=observed_score*2^(-evidence_age_days/half_life_days),EVID-G004-052,2026-09-13T00:00:00+08:00,1.2.0,derived,true,SRC-SYNTH,2026-09-13T00:00:00+08:00,0.58,primary_derived,derived,,team_generated,false,golden
USS-G004-053,USER-G004,SKILL-053,49,57,160,730,0.8591,current_score=observed_score*2^(-evidence_age_days/half_life_days),EVID-G004-053,2026-09-13T00:00:00+08:00,1.2.0,derived,true,SRC-SYNTH,2026-09-13T00:00:00+08:00,0.58,primary_derived,derived,,team_generated,false,golden
USS-G004-054,USER-G004,SKILL-054,42.6,49,147,730,0.8697,current_score=observed_score*2^(-evidence_age_days/half_life_days),EVID-G004-054,2026-09-13T00:00:00+08:00,1.2.0,derived,true,SRC-SYNTH,2026-09-13T00:00:00+08:00,0.76,primary_derived,derived,,team_generated,false,golden
USS-G004-055,USER-G004,SKILL-055,57.6,65,128,730,0.8856,current_score=observed_score*2^(-evidence_age_days/half_life_days),EVID-G004-055,2026-09-13T00:00:00+08:00,1.2.0,derived,true,SRC-SYNTH,2026-09-13T00:00:00+08:00,0.82,primary_derived,derived,,team_generated,false,golden
USS-G004-056,USER-G004,SKILL-056,57.1,64,60,365,0.8923,current_score=observed_score*2^(-evidence_age_days/half_life_days),EVID-G004-056,2026-09-13T00:00:00+08:00,1.2.0,derived,true,SRC-SYNTH,2026-09-13T00:00:00+08:00,0.76,primary_derived,derived,,team_generated,false,golden
USS-G004-057,USER-G004,SKILL-057,56.1,63,61,365,0.8906,current_score=observed_score*2^(-evidence_age_days/half_life_days),EVID-G004-057,2026-09-13T00:00:00+08:00,1.2.0,derived,true,SRC-SYNTH,2026-09-13T00:00:00+08:00,0.76,primary_derived,derived,,team_generated,false,golden
USS-G004-058,USER-G004,SKILL-058,57.2,70,106,365,0.8177,current_score=observed_score*2^(-evidence_age_days/half_life_days),EVID-G004-058,2026-09-13T00:00:00+08:00,1.2.0,derived,true,SRC-SYNTH,2026-09-13T00:00:00+08:00,0.76,primary_derived,derived,,team_generated,false,golden
USS-G004-059,USER-G004,SKILL-059,53.2,57,72,730,0.9339,current_score=observed_score*2^(-evidence_age_days/half_life_days),EVID-G004-059,2026-09-13T00:00:00+08:00,1.2.0,derived,true,SRC-SYNTH,2026-09-13T00:00:00+08:00,0.58,primary_derived,derived,,team_generated,false,golden
USS-G004-060,USER-G004,SKILL-060,26.8,46,567,730,0.5837,current_score=observed_score*2^(-evidence_age_days/half_life_days),EVID-G004-060,2026-09-13T00:00:00+08:00,1.2.0,derived,true,SRC-SYNTH,2026-09-13T00:00:00+08:00,0.58,primary_derived,derived,,team_generated,false,golden
USS-G005-001,USER-G005,SKILL-001,18.8,35,327,365,0.5374,current_score=observed_score*2^(-evidence_age_days/half_life_days),EVID-G005-001,2026-09-13T00:00:00+08:00,1.2.0,derived,true,SRC-SYNTH,2026-09-13T00:00:00+08:00,0.76,primary_derived,derived,,team_generated,false,golden
USS-G005-002,USER-G005,SKILL-002,11.4,41,674,365,0.2781,current_score=observed_score*2^(-evidence_age_days/half_life_days),EVID-G005-002,2026-09-13T00:00:00+08:00,1.2.0,derived,true,SRC-SYNTH,2026-09-13T00:00:00+08:00,0.76,primary_derived,derived,,team_generated,false,golden
USS-G005-003,USER-G005,SKILL-003,16.1,41,491,365,0.3936,current_score=observed_score*2^(-evidence_age_days/half_life_days),EVID-G005-003,2026-09-13T00:00:00+08:00,1.2.0,derived,true,SRC-SYNTH,2026-09-13T00:00:00+08:00,0.76,primary_derived,derived,,team_generated,false,golden
USS-G005-004,USER-G005,SKILL-004,27.8,37,150,365,0.7521,current_score=observed_score*2^(-evidence_age_days/half_life_days),EVID-G005-004,2026-09-13T00:00:00+08:00,1.2.0,derived,true,SRC-SYNTH,2026-09-13T00:00:00+08:00,0.58,primary_derived,derived,,team_generated,false,golden
USS-G005-005,USER-G005,SKILL-005,50.6,66,140,365,0.7665,current_score=observed_score*2^(-evidence_age_days/half_life_days),EVID-G005-005,2026-09-13T00:00:00+08:00,1.2.0,derived,true,SRC-SYNTH,2026-09-13T00:00:00+08:00,0.76,primary_derived,derived,,team_generated,false,golden
USS-G005-006,USER-G005,SKILL-006,37,59,246,365,0.6268,current_score=observed_score*2^(-evidence_age_days/half_life_days),EVID-G005-006,2026-09-13T00:00:00+08:00,1.2.0,derived,true,SRC-SYNTH,2026-09-13T00:00:00+08:00,0.76,primary_derived,derived,,team_generated,false,golden
USS-G005-007,USER-G005,SKILL-007,44.9,55,107,365,0.8161,current_score=observed_score*2^(-evidence_age_days/half_life_days),EVID-G005-007,2026-09-13T00:00:00+08:00,1.2.0,derived,true,SRC-SYNTH,2026-09-13T00:00:00+08:00,0.58,primary_derived,derived,,team_generated,false,golden
USS-G005-008,USER-G005,SKILL-008,16.6,54,620,365,0.3081,current_score=observed_score*2^(-evidence_age_days/half_life_days),EVID-G005-008,2026-09-13T00:00:00+08:00,1.2.0,derived,true,SRC-SYNTH,2026-09-13T00:00:00+08:00,0.76,primary_derived,derived,,team_generated,false,golden
USS-G005-009,USER-G005,SKILL-009,33.2,55,266,365,0.6034,current_score=observed_score*2^(-evidence_age_days/half_life_days),EVID-G005-009,2026-09-13T00:00:00+08:00,1.2.0,derived,true,SRC-SYNTH,2026-09-13T00:00:00+08:00,0.76,primary_derived,derived,,team_generated,false,golden
USS-G005-010,USER-G005,SKILL-010,64.1,72,61,365,0.8906,current_score=observed_score*2^(-evidence_age_days/half_life_days),EVID-G005-010,2026-09-13T00:00:00+08:00,1.2.0,derived,true,SRC-SYNTH,2026-09-13T00:00:00+08:00,0.76,primary_derived,derived,,team_generated,false,golden
USS-G005-011,USER-G005,SKILL-011,73.9,76,30,730,0.9719,current_score=observed_score*2^(-evidence_age_days/half_life_days),EVID-G005-011,2026-09-13T00:00:00+08:00,1.2.0,derived,true,SRC-SYNTH,2026-09-13T00:00:00+08:00,0.9,primary_derived,derived,,team_generated,false,golden
USS-G005-012,USER-G005,SKILL-012,61.4,66,38,365,0.9304,current_score=observed_score*2^(-evidence_age_days/half_life_days),EVID-G005-012,2026-09-13T00:00:00+08:00,1.2.0,derived,true,SRC-SYNTH,2026-09-13T00:00:00+08:00,0.82,primary_derived,derived,,team_generated,false,golden
USS-G005-013,USER-G005,SKILL-013,73.5,84,70,365,0.8755,current_score=observed_score*2^(-evidence_age_days/half_life_days),EVID-G005-013,2026-09-13T00:00:00+08:00,1.2.0,derived,true,SRC-SYNTH,2026-09-13T00:00:00+08:00,0.9,primary_derived,derived,,team_generated,false,golden
USS-G005-014,USER-G005,SKILL-014,70.2,82,82,365,0.8558,current_score=observed_score*2^(-evidence_age_days/half_life_days),EVID-G005-014,2026-09-13T00:00:00+08:00,1.2.0,derived,true,SRC-SYNTH,2026-09-13T00:00:00+08:00,0.9,primary_derived,derived,,team_generated,false,golden
USS-G005-015,USER-G005,SKILL-015,49.6,65,142,365,0.7636,current_score=observed_score*2^(-evidence_age_days/half_life_days),EVID-G005-015,2026-09-13T00:00:00+08:00,1.2.0,derived,true,SRC-SYNTH,2026-09-13T00:00:00+08:00,0.76,primary_derived,derived,,team_generated,false,golden
USS-G005-016,USER-G005,SKILL-016,21.7,37,281,365,0.5865,current_score=observed_score*2^(-evidence_age_days/half_life_days),EVID-G005-016,2026-09-13T00:00:00+08:00,1.2.0,derived,true,SRC-SYNTH,2026-09-13T00:00:00+08:00,0.76,primary_derived,derived,,team_generated,false,golden
USS-G005-017,USER-G005,SKILL-017,30.4,50,525,730,0.6074,current_score=observed_score*2^(-evidence_age_days/half_life_days),EVID-G005-017,2026-09-13T00:00:00+08:00,1.2.0,derived,true,SRC-SYNTH,2026-09-13T00:00:00+08:00,0.76,primary_derived,derived,,team_generated,false,golden
USS-G005-018,USER-G005,SKILL-018,60.3,61,12,730,0.9887,current_score=observed_score*2^(-evidence_age_days/half_life_days),EVID-G005-018,2026-09-13T00:00:00+08:00,1.2.0,derived,true,SRC-SYNTH,2026-09-13T00:00:00+08:00,0.76,primary_derived,derived,,team_generated,false,golden
USS-G005-019,USER-G005,SKILL-019,43.2,55,127,365,0.7857,current_score=observed_score*2^(-evidence_age_days/half_life_days),EVID-G005-019,2026-09-13T00:00:00+08:00,1.2.0,derived,true,SRC-SYNTH,2026-09-13T00:00:00+08:00,0.58,primary_derived,derived,,team_generated,false,golden
USS-G005-020,USER-G005,SKILL-020,15.1,41,527,365,0.3676,current_score=observed_score*2^(-evidence_age_days/half_life_days),EVID-G005-020,2026-09-13T00:00:00+08:00,1.2.0,derived,true,SRC-SYNTH,2026-09-13T00:00:00+08:00,0.58,primary_derived,derived,,team_generated,false,golden
USS-G005-021,USER-G005,SKILL-021,32.7,42,131,365,0.7798,current_score=observed_score*2^(-evidence_age_days/half_life_days),EVID-G005-021,2026-09-13T00:00:00+08:00,1.2.0,derived,true,SRC-SYNTH,2026-09-13T00:00:00+08:00,0.76,primary_derived,derived,,team_generated,false,golden
USS-G005-022,USER-G005,SKILL-022,50.8,68,154,365,0.7464,current_score=observed_score*2^(-evidence_age_days/half_life_days),EVID-G005-022,2026-09-13T00:00:00+08:00,1.2.0,derived,true,SRC-SYNTH,2026-09-13T00:00:00+08:00,0.9,primary_derived,derived,,team_generated,false,golden
USS-G005-023,USER-G005,SKILL-023,10.7,39,680,365,0.2749,current_score=observed_score*2^(-evidence_age_days/half_life_days),EVID-G005-023,2026-09-13T00:00:00+08:00,1.2.0,derived,true,SRC-SYNTH,2026-09-13T00:00:00+08:00,0.76,primary_derived,derived,,team_generated,false,golden
USS-G005-024,USER-G005,SKILL-024,32.6,51,235,365,0.64,current_score=observed_score*2^(-evidence_age_days/half_life_days),EVID-G005-024,2026-09-13T00:00:00+08:00,1.2.0,derived,true,SRC-SYNTH,2026-09-13T00:00:00+08:00,0.76,primary_derived,derived,,team_generated,false,golden
USS-G005-025,USER-G005,SKILL-025,26.1,46,299,365,0.5668,current_score=observed_score*2^(-evidence_age_days/half_life_days),EVID-G005-025,2026-09-13T00:00:00+08:00,1.2.0,derived,true,SRC-SYNTH,2026-09-13T00:00:00+08:00,0.76,primary_derived,derived,,team_generated,false,golden
USS-G005-026,USER-G005,SKILL-026,52.9,58,48,365,0.9129,current_score=observed_score*2^(-evidence_age_days/half_life_days),EVID-G005-026,2026-09-13T00:00:00+08:00,1.2.0,derived,true,SRC-SYNTH,2026-09-13T00:00:00+08:00,0.58,primary_derived,derived,,team_generated,false,golden
USS-G005-027,USER-G005,SKILL-027,19.8,51,246,180,0.3878,current_score=observed_score*2^(-evidence_age_days/half_life_days),EVID-G005-027,2026-09-13T00:00:00+08:00,1.2.0,derived,true,SRC-SYNTH,2026-09-13T00:00:00+08:00,0.58,primary_derived,derived,,team_generated,false,golden
USS-G005-028,USER-G005,SKILL-028,3.7,45,651,180,0.0815,current_score=observed_score*2^(-evidence_age_days/half_life_days),EVID-G005-028,2026-09-13T00:00:00+08:00,1.2.0,derived,true,SRC-SYNTH,2026-09-13T00:00:00+08:00,0.76,primary_derived,derived,,team_generated,false,golden
USS-G005-029,USER-G005,SKILL-029,46.3,66,92,180,0.7017,current_score=observed_score*2^(-evidence_age_days/half_life_days),EVID-G005-029,2026-09-13T00:00:00+08:00,1.2.0,derived,true,SRC-SYNTH,2026-09-13T00:00:00+08:00,0.9,primary_derived,derived,,team_generated,false,golden
USS-G005-030,USER-G005,SKILL-030,13.6,52,348,180,0.2618,current_score=observed_score*2^(-evidence_age_days/half_life_days),EVID-G005-030,2026-09-13T00:00:00+08:00,1.2.0,derived,true,SRC-SYNTH,2026-09-13T00:00:00+08:00,0.58,primary_derived,derived,,team_generated,false,golden
USS-G005-031,USER-G005,SKILL-031,11.3,46,365,180,0.2452,current_score=observed_score*2^(-evidence_age_days/half_life_days),EVID-G005-031,2026-09-13T00:00:00+08:00,1.2.0,derived,true,SRC-SYNTH,2026-09-13T00:00:00+08:00,0.76,primary_derived,derived,,team_generated,false,golden
USS-G005-032,USER-G005,SKILL-032,26.8,43,248,365,0.6244,current_score=observed_score*2^(-evidence_age_days/half_life_days),EVID-G005-032,2026-09-13T00:00:00+08:00,1.2.0,derived,true,SRC-SYNTH,2026-09-13T00:00:00+08:00,0.76,primary_derived,derived,,team_generated,false,golden
USS-G005-033,USER-G005,SKILL-033,36.8,49,151,365,0.7507,current_score=observed_score*2^(-evidence_age_days/half_life_days),EVID-G005-033,2026-09-13T00:00:00+08:00,1.2.0,derived,true,SRC-SYNTH,2026-09-13T00:00:00+08:00,0.58,primary_derived,derived,,team_generated,false,golden
USS-G005-034,USER-G005,SKILL-034,55.2,60,44,365,0.9198,current_score=observed_score*2^(-evidence_age_days/half_life_days),EVID-G005-034,2026-09-13T00:00:00+08:00,1.2.0,derived,true,SRC-SYNTH,2026-09-13T00:00:00+08:00,0.76,primary_derived,derived,,team_generated,false,golden
USS-G005-035,USER-G005,SKILL-035,45.4,58,129,365,0.7827,current_score=observed_score*2^(-evidence_age_days/half_life_days),EVID-G005-035,2026-09-13T00:00:00+08:00,1.2.0,derived,true,SRC-SYNTH,2026-09-13T00:00:00+08:00,0.76,primary_derived,derived,,team_generated,false,golden
USS-G005-036,USER-G005,SKILL-036,12.3,53,380,180,0.2315,current_score=observed_score*2^(-evidence_age_days/half_life_days),EVID-G005-036,2026-09-13T00:00:00+08:00,1.2.0,derived,true,SRC-SYNTH,2026-09-13T00:00:00+08:00,0.58,primary_derived,derived,,team_generated,false,golden
USS-G005-037,USER-G005,SKILL-037,32.4,58,151,180,0.5591,current_score=observed_score*2^(-evidence_age_days/half_life_days),EVID-G005-037,2026-09-13T00:00:00+08:00,1.2.0,derived,true,SRC-SYNTH,2026-09-13T00:00:00+08:00,0.76,primary_derived,derived,,team_generated,false,golden
USS-G005-038,USER-G005,SKILL-038,11.3,43,348,180,0.2618,current_score=observed_score*2^(-evidence_age_days/half_life_days),EVID-G005-038,2026-09-13T00:00:00+08:00,1.2.0,derived,true,SRC-SYNTH,2026-09-13T00:00:00+08:00,0.76,primary_derived,derived,,team_generated,false,golden
USS-G005-039,USER-G005,SKILL-039,8.3,45,440,180,0.1837,current_score=observed_score*2^(-evidence_age_days/half_life_days),EVID-G005-039,2026-09-13T00:00:00+08:00,1.2.0,derived,true,SRC-SYNTH,2026-09-13T00:00:00+08:00,0.58,primary_derived,derived,,team_generated,false,golden
USS-G005-040,USER-G005,SKILL-040,12.8,41,612,365,0.3128,current_score=observed_score*2^(-evidence_age_days/half_life_days),EVID-G005-040,2026-09-13T00:00:00+08:00,1.2.0,derived,true,SRC-SYNTH,2026-09-13T00:00:00+08:00,0.76,primary_derived,derived,,team_generated,false,golden
USS-G005-041,USER-G005,SKILL-041,47.2,51,81,730,0.926,current_score=observed_score*2^(-evidence_age_days/half_life_days),EVID-G005-041,2026-09-13T00:00:00+08:00,1.2.0,derived,true,SRC-SYNTH,2026-09-13T00:00:00+08:00,0.76,primary_derived,derived,,team_generated,false,golden
USS-G005-042,USER-G005,SKILL-042,41,42,25,730,0.9765,current_score=observed_score*2^(-evidence_age_days/half_life_days),EVID-G005-042,2026-09-13T00:00:00+08:00,1.2.0,derived,true,SRC-SYNTH,2026-09-13T00:00:00+08:00,0.58,primary_derived,derived,,team_generated,false,golden
USS-G005-043,USER-G005,SKILL-043,79.3,83,24,365,0.9554,current_score=observed_score*2^(-evidence_age_days/half_life_days),EVID-G005-043,2026-09-13T00:00:00+08:00,1.2.0,derived,true,SRC-SYNTH,2026-09-13T00:00:00+08:00,0.9,primary_derived,derived,,team_generated,false,golden
USS-G005-044,USER-G005,SKILL-044,50,61,105,365,0.8192,current_score=observed_score*2^(-evidence_age_days/half_life_days),EVID-G005-044,2026-09-13T00:00:00+08:00,1.2.0,derived,true,SRC-SYNTH,2026-09-13T00:00:00+08:00,0.82,primary_derived,derived,,team_generated,false,golden
USS-G005-045,USER-G005,SKILL-045,39.1,58,207,365,0.675,current_score=observed_score*2^(-evidence_age_days/half_life_days),EVID-G005-045,2026-09-13T00:00:00+08:00,1.2.0,derived,true,SRC-SYNTH,2026-09-13T00:00:00+08:00,0.76,primary_derived,derived,,team_generated,false,golden
USS-G005-046,USER-G005,SKILL-046,53.2,58,45,365,0.9181,current_score=observed_score*2^(-evidence_age_days/half_life_days),EVID-G005-046,2026-09-13T00:00:00+08:00,1.2.0,derived,true,SRC-SYNTH,2026-09-13T00:00:00+08:00,0.76,primary_derived,derived,,team_generated,false,golden
USS-G005-047,USER-G005,SKILL-047,50.9,64,121,365,0.7947,current_score=observed_score*2^(-evidence_age_days/half_life_days),EVID-G005-047,2026-09-13T00:00:00+08:00,1.2.0,derived,true,SRC-SYNTH,2026-09-13T00:00:00+08:00,0.82,primary_derived,derived,,team_generated,false,golden
USS-G005-048,USER-G005,SKILL-048,80.6,85,56,730,0.9482,current_score=observed_score*2^(-evidence_age_days/half_life_days),EVID-G005-048,2026-09-13T00:00:00+08:00,1.2.0,derived,true,SRC-SYNTH,2026-09-13T00:00:00+08:00,0.9,primary_derived,derived,,team_generated,false,golden
USS-G005-049,USER-G005,SKILL-049,50.3,65,269,730,0.7746,current_score=observed_score*2^(-evidence_age_days/half_life_days),EVID-G005-049,2026-09-13T00:00:00+08:00,1.2.0,derived,true,SRC-SYNTH,2026-09-13T00:00:00+08:00,0.9,primary_derived,derived,,team_generated,false,golden
USS-G005-050,USER-G005,SKILL-050,45.1,58,265,730,0.7775,current_score=observed_score*2^(-evidence_age_days/half_life_days),EVID-G005-050,2026-09-13T00:00:00+08:00,1.2.0,derived,true,SRC-SYNTH,2026-09-13T00:00:00+08:00,0.76,primary_derived,derived,,team_generated,false,golden
USS-G005-051,USER-G005,SKILL-051,37.8,57,216,365,0.6635,current_score=observed_score*2^(-evidence_age_days/half_life_days),EVID-G005-051,2026-09-13T00:00:00+08:00,1.2.0,derived,true,SRC-SYNTH,2026-09-13T00:00:00+08:00,0.58,primary_derived,derived,,team_generated,false,golden
USS-G005-052,USER-G005,SKILL-052,47.4,56,176,730,0.8461,current_score=observed_score*2^(-evidence_age_days/half_life_days),EVID-G005-052,2026-09-13T00:00:00+08:00,1.2.0,derived,true,SRC-SYNTH,2026-09-13T00:00:00+08:00,0.58,primary_derived,derived,,team_generated,false,golden
USS-G005-053,USER-G005,SKILL-053,39.1,50,258,730,0.7827,current_score=observed_score*2^(-evidence_age_days/half_life_days),EVID-G005-053,2026-09-13T00:00:00+08:00,1.2.0,derived,true,SRC-SYNTH,2026-09-13T00:00:00+08:00,0.58,primary_derived,derived,,team_generated,false,golden
USS-G005-054,USER-G005,SKILL-054,61.2,67,95,730,0.9137,current_score=observed_score*2^(-evidence_age_days/half_life_days),EVID-G005-054,2026-09-13T00:00:00+08:00,1.2.0,derived,true,SRC-SYNTH,2026-09-13T00:00:00+08:00,0.9,primary_derived,derived,,team_generated,false,golden
USS-G005-055,USER-G005,SKILL-055,35.4,45,252,730,0.7872,current_score=observed_score*2^(-evidence_age_days/half_life_days),EVID-G005-055,2026-09-13T00:00:00+08:00,1.2.0,derived,true,SRC-SYNTH,2026-09-13T00:00:00+08:00,0.58,primary_derived,derived,,team_generated,false,golden
USS-G005-056,USER-G005,SKILL-056,13.4,42,602,365,0.3188,current_score=observed_score*2^(-evidence_age_days/half_life_days),EVID-G005-056,2026-09-13T00:00:00+08:00,1.2.0,derived,true,SRC-SYNTH,2026-09-13T00:00:00+08:00,0.76,primary_derived,derived,,team_generated,false,golden
USS-G005-057,USER-G005,SKILL-057,59,66,59,365,0.894,current_score=observed_score*2^(-evidence_age_days/half_life_days),EVID-G005-057,2026-09-13T00:00:00+08:00,1.2.0,derived,true,SRC-SYNTH,2026-09-13T00:00:00+08:00,0.76,primary_derived,derived,,team_generated,false,golden
USS-G005-058,USER-G005,SKILL-058,30.9,39,122,365,0.7932,current_score=observed_score*2^(-evidence_age_days/half_life_days),EVID-G005-058,2026-09-13T00:00:00+08:00,1.2.0,derived,true,SRC-SYNTH,2026-09-13T00:00:00+08:00,0.58,primary_derived,derived,,team_generated,false,golden
USS-G005-059,USER-G005,SKILL-059,50.8,64,244,730,0.7932,current_score=observed_score*2^(-evidence_age_days/half_life_days),EVID-G005-059,2026-09-13T00:00:00+08:00,1.2.0,derived,true,SRC-SYNTH,2026-09-13T00:00:00+08:00,0.9,primary_derived,derived,,team_generated,false,golden
USS-G005-060,USER-G005,SKILL-060,32.2,44,330,730,0.731,current_score=observed_score*2^(-evidence_age_days/half_life_days),EVID-G005-060,2026-09-13T00:00:00+08:00,1.2.0,derived,true,SRC-SYNTH,2026-09-13T00:00:00+08:00,0.58,primary_derived,derived,,team_generated,false,golden
USS-G006-001,USER-G006,SKILL-001,80,89,56,365,0.8991,current_score=observed_score*2^(-evidence_age_days/half_life_days),EVID-G006-001,2026-09-13T00:00:00+08:00,1.2.0,derived,true,SRC-SYNTH,2026-09-13T00:00:00+08:00,0.9,primary_derived,derived,,team_generated,false,golden
USS-G006-002,USER-G006,SKILL-002,26,39,214,365,0.666,current_score=observed_score*2^(-evidence_age_days/half_life_days),EVID-G006-002,2026-09-13T00:00:00+08:00,1.2.0,derived,true,SRC-SYNTH,2026-09-13T00:00:00+08:00,0.76,primary_derived,derived,,team_generated,false,golden
USS-G006-003,USER-G006,SKILL-003,25.7,52,372,365,0.4934,current_score=observed_score*2^(-evidence_age_days/half_life_days),EVID-G006-003,2026-09-13T00:00:00+08:00,1.2.0,derived,true,SRC-SYNTH,2026-09-13T00:00:00+08:00,0.76,primary_derived,derived,,team_generated,false,golden
USS-G006-004,USER-G006,SKILL-004,12.3,39,606,365,0.3164,current_score=observed_score*2^(-evidence_age_days/half_life_days),EVID-G006-004,2026-09-13T00:00:00+08:00,1.2.0,derived,true,SRC-SYNTH,2026-09-13T00:00:00+08:00,0.76,primary_derived,derived,,team_generated,false,golden
USS-G006-005,USER-G006,SKILL-005,15.1,46,588,365,0.3274,current_score=observed_score*2^(-evidence_age_days/half_life_days),EVID-G006-005,2026-09-13T00:00:00+08:00,1.2.0,derived,true,SRC-SYNTH,2026-09-13T00:00:00+08:00,0.76,primary_derived,derived,,team_generated,false,golden
USS-G006-006,USER-G006,SKILL-006,42.8,68,244,365,0.6292,current_score=observed_score*2^(-evidence_age_days/half_life_days),EVID-G006-006,2026-09-13T00:00:00+08:00,1.2.0,derived,true,SRC-SYNTH,2026-09-13T00:00:00+08:00,0.82,primary_derived,derived,,team_generated,false,golden
USS-G006-007,USER-G006,SKILL-007,18.8,53,547,365,0.3539,current_score=observed_score*2^(-evidence_age_days/half_life_days),EVID-G006-007,2026-09-13T00:00:00+08:00,1.2.0,derived,true,SRC-SYNTH,2026-09-13T00:00:00+08:00,0.76,primary_derived,derived,,team_generated,false,golden
USS-G006-008,USER-G006,SKILL-008,66.4,80,98,365,0.8302,current_score=observed_score*2^(-evidence_age_days/half_life_days),EVID-G006-008,2026-09-13T00:00:00+08:00,1.2.0,derived,true,SRC-SYNTH,2026-09-13T00:00:00+08:00,0.9,primary_derived,derived,,team_generated,false,golden
USS-G006-009,USER-G006,SKILL-009,43.3,61,181,365,0.7091,current_score=observed_score*2^(-evidence_age_days/half_life_days),EVID-G006-009,2026-09-13T00:00:00+08:00,1.2.0,derived,true,SRC-SYNTH,2026-09-13T00:00:00+08:00,0.9,primary_derived,derived,,team_generated,false,golden
USS-G006-010,USER-G006,SKILL-010,30.2,46,222,365,0.656,current_score=observed_score*2^(-evidence_age_days/half_life_days),EVID-G006-010,2026-09-13T00:00:00+08:00,1.2.0,derived,true,SRC-SYNTH,2026-09-13T00:00:00+08:00,0.58,primary_derived,derived,,team_generated,false,golden
USS-G006-011,USER-G006,SKILL-011,46.2,56,203,730,0.8247,current_score=observed_score*2^(-evidence_age_days/half_life_days),EVID-G006-011,2026-09-13T00:00:00+08:00,1.2.0,derived,true,SRC-SYNTH,2026-09-13T00:00:00+08:00,0.76,primary_derived,derived,,team_generated,false,golden
USS-G006-012,USER-G006,SKILL-012,41,56,164,365,0.7324,current_score=observed_score*2^(-evidence_age_days/half_life_days),EVID-G006-012,2026-09-13T00:00:00+08:00,1.2.0,derived,true,SRC-SYNTH,2026-09-13T00:00:00+08:00,0.58,primary_derived,derived,,team_generated,false,golden
USS-G006-013,USER-G006,SKILL-013,39.1,55,180,365,0.7105,current_score=observed_score*2^(-evidence_age_days/half_life_days),EVID-G006-013,2026-09-13T00:00:00+08:00,1.2.0,derived,true,SRC-SYNTH,2026-09-13T00:00:00+08:00,0.76,primary_derived,derived,,team_generated,false,golden
USS-G006-014,USER-G006,SKILL-014,45.1,67,209,365,0.6724,current_score=observed_score*2^(-evidence_age_days/half_life_days),EVID-G006-014,2026-09-13T00:00:00+08:00,1.2.0,derived,true,SRC-SYNTH,2026-09-13T00:00:00+08:00,0.82,primary_derived,derived,,team_generated,false,golden
USS-G006-015,USER-G006,SKILL-015,53.8,67,116,365,0.8023,current_score=observed_score*2^(-evidence_age_days/half_life_days),EVID-G006-015,2026-09-13T00:00:00+08:00,1.2.0,derived,true,SRC-SYNTH,2026-09-13T00:00:00+08:00,0.9,primary_derived,derived,,team_generated,false,golden
USS-G006-016,USER-G006,SKILL-016,38.9,47,99,365,0.8286,current_score=observed_score*2^(-evidence_age_days/half_life_days),EVID-G006-016,2026-09-13T00:00:00+08:00,1.2.0,derived,true,SRC-SYNTH,2026-09-13T00:00:00+08:00,0.58,primary_derived,derived,,team_generated,false,golden
USS-G006-017,USER-G006,SKILL-017,51.8,63,207,730,0.8216,current_score=observed_score*2^(-evidence_age_days/half_life_days),EVID-G006-017,2026-09-13T00:00:00+08:00,1.2.0,derived,true,SRC-SYNTH,2026-09-13T00:00:00+08:00,0.82,primary_derived,derived,,team_generated,false,golden
USS-G006-018,USER-G006,SKILL-018,52.5,61,159,730,0.8599,current_score=observed_score*2^(-evidence_age_days/half_life_days),EVID-G006-018,2026-09-13T00:00:00+08:00,1.2.0,derived,true,SRC-SYNTH,2026-09-13T00:00:00+08:00,0.9,primary_derived,derived,,team_generated,false,golden
USS-G006-019,USER-G006,SKILL-019,18.5,39,393,365,0.4741,current_score=observed_score*2^(-evidence_age_days/half_life_days),EVID-G006-019,2026-09-13T00:00:00+08:00,1.2.0,derived,true,SRC-SYNTH,2026-09-13T00:00:00+08:00,0.58,primary_derived,derived,,team_generated,false,golden
USS-G006-020,USER-G006,SKILL-020,16.6,41,477,365,0.4042,current_score=observed_score*2^(-evidence_age_days/half_life_days),EVID-G006-020,2026-09-13T00:00:00+08:00,1.2.0,derived,true,SRC-SYNTH,2026-09-13T00:00:00+08:00,0.76,primary_derived,derived,,team_generated,false,golden
USS-G006-021,USER-G006,SKILL-021,12.9,45,658,365,0.2866,current_score=observed_score*2^(-evidence_age_days/half_life_days),EVID-G006-021,2026-09-13T00:00:00+08:00,1.2.0,derived,true,SRC-SYNTH,2026-09-13T00:00:00+08:00,0.58,primary_derived,derived,,team_generated,false,golden
USS-G006-022,USER-G006,SKILL-022,42.5,68,248,365,0.6244,current_score=observed_score*2^(-evidence_age_days/half_life_days),EVID-G006-022,2026-09-13T00:00:00+08:00,1.2.0,derived,true,SRC-SYNTH,2026-09-13T00:00:00+08:00,0.76,primary_derived,derived,,team_generated,false,golden
USS-G006-023,USER-G006,SKILL-023,10.5,38,678,365,0.2759,current_score=observed_score*2^(-evidence_age_days/half_life_days),EVID-G006-023,2026-09-13T00:00:00+08:00,1.2.0,derived,true,SRC-SYNTH,2026-09-13T00:00:00+08:00,0.76,primary_derived,derived,,team_generated,false,golden
USS-G006-024,USER-G006,SKILL-024,34.7,39,62,365,0.8889,current_score=observed_score*2^(-evidence_age_days/half_life_days),EVID-G006-024,2026-09-13T00:00:00+08:00,1.2.0,derived,true,SRC-SYNTH,2026-09-13T00:00:00+08:00,0.58,primary_derived,derived,,team_generated,false,golden
USS-G006-025,USER-G006,SKILL-025,39,53,161,365,0.7366,current_score=observed_score*2^(-evidence_age_days/half_life_days),EVID-G006-025,2026-09-13T00:00:00+08:00,1.2.0,derived,true,SRC-SYNTH,2026-09-13T00:00:00+08:00,0.76,primary_derived,derived,,team_generated,false,golden
USS-G006-026,USER-G006,SKILL-026,76.3,88,75,365,0.8673,current_score=observed_score*2^(-evidence_age_days/half_life_days),EVID-G006-026,2026-09-13T00:00:00+08:00,1.2.0,derived,true,SRC-SYNTH,2026-09-13T00:00:00+08:00,0.9,primary_derived,derived,,team_generated,false,golden
USS-G006-027,USER-G006,SKILL-027,36.9,43,40,180,0.8572,current_score=observed_score*2^(-evidence_age_days/half_life_days),EVID-G006-027,2026-09-13T00:00:00+08:00,1.2.0,derived,true,SRC-SYNTH,2026-09-13T00:00:00+08:00,0.58,primary_derived,derived,,team_generated,false,golden
USS-G006-028,USER-G006,SKILL-028,39.9,48,48,180,0.8312,current_score=observed_score*2^(-evidence_age_days/half_life_days),EVID-G006-028,2026-09-13T00:00:00+08:00,1.2.0,derived,true,SRC-SYNTH,2026-09-13T00:00:00+08:00,0.76,primary_derived,derived,,team_generated,false,golden
USS-G006-029,USER-G006,SKILL-029,65.5,75,35,180,0.8739,current_score=observed_score*2^(-evidence_age_days/half_life_days),EVID-G006-029,2026-09-13T00:00:00+08:00,1.2.0,derived,true,SRC-SYNTH,2026-09-13T00:00:00+08:00,0.82,primary_derived,derived,,team_generated,false,golden
USS-G006-030,USER-G006,SKILL-030,28.1,60,197,180,0.4683,current_score=observed_score*2^(-evidence_age_days/half_life_days),EVID-G006-030,2026-09-13T00:00:00+08:00,1.2.0,derived,true,SRC-SYNTH,2026-09-13T00:00:00+08:00,0.82,primary_derived,derived,,team_generated,false,golden
USS-G006-031,USER-G006,SKILL-031,13.6,39,273,180,0.3495,current_score=observed_score*2^(-evidence_age_days/half_life_days),EVID-G006-031,2026-09-13T00:00:00+08:00,1.2.0,derived,true,SRC-SYNTH,2026-09-13T00:00:00+08:00,0.76,primary_derived,derived,,team_generated,false,golden
USS-G006-032,USER-G006,SKILL-032,33.7,41,104,365,0.8208,current_score=observed_score*2^(-evidence_age_days/half_life_days),EVID-G006-032,2026-09-13T00:00:00+08:00,1.2.0,derived,true,SRC-SYNTH,2026-09-13T00:00:00+08:00,0.76,primary_derived,derived,,team_generated,false,golden
USS-G006-033,USER-G006,SKILL-033,47.7,58,103,365,0.8223,current_score=observed_score*2^(-evidence_age_days/half_life_days),EVID-G006-033,2026-09-13T00:00:00+08:00,1.2.0,derived,true,SRC-SYNTH,2026-09-13T00:00:00+08:00,0.76,primary_derived,derived,,team_generated,false,golden
USS-G006-034,USER-G006,SKILL-034,59.7,69,76,365,0.8656,current_score=observed_score*2^(-evidence_age_days/half_life_days),EVID-G006-034,2026-09-13T00:00:00+08:00,1.2.0,derived,true,SRC-SYNTH,2026-09-13T00:00:00+08:00,0.9,primary_derived,derived,,team_generated,false,golden
USS-G006-035,USER-G006,SKILL-035,36.6,39,33,365,0.9393,current_score=observed_score*2^(-evidence_age_days/half_life_days),EVID-G006-035,2026-09-13T00:00:00+08:00,1.2.0,derived,true,SRC-SYNTH,2026-09-13T00:00:00+08:00,0.76,primary_derived,derived,,team_generated,false,golden
USS-G006-036,USER-G006,SKILL-036,73.6,78,15,180,0.9439,current_score=observed_score*2^(-evidence_age_days/half_life_days),EVID-G006-036,2026-09-13T00:00:00+08:00,1.2.0,derived,true,SRC-SYNTH,2026-09-13T00:00:00+08:00,0.82,primary_derived,derived,,team_generated,false,golden
USS-G006-037,USER-G006,SKILL-037,70.6,76,19,180,0.9294,current_score=observed_score*2^(-evidence_age_days/half_life_days),EVID-G006-037,2026-09-13T00:00:00+08:00,1.2.0,derived,true,SRC-SYNTH,2026-09-13T00:00:00+08:00,0.9,primary_derived,derived,,team_generated,false,golden
USS-G006-038,USER-G006,SKILL-038,48,70,98,180,0.6857,current_score=observed_score*2^(-evidence_age_days/half_life_days),EVID-G006-038,2026-09-13T00:00:00+08:00,1.2.0,derived,true,SRC-SYNTH,2026-09-13T00:00:00+08:00,0.82,primary_derived,derived,,team_generated,false,golden
USS-G006-039,USER-G006,SKILL-039,27.8,70,240,180,0.3969,current_score=observed_score*2^(-evidence_age_days/half_life_days),EVID-G006-039,2026-09-13T00:00:00+08:00,1.2.0,derived,true,SRC-SYNTH,2026-09-13T00:00:00+08:00,0.82,primary_derived,derived,,team_generated,false,golden
USS-G006-040,USER-G006,SKILL-040,27.9,39,177,365,0.7145,current_score=observed_score*2^(-evidence_age_days/half_life_days),EVID-G006-040,2026-09-13T00:00:00+08:00,1.2.0,derived,true,SRC-SYNTH,2026-09-13T00:00:00+08:00,0.76,primary_derived,derived,,team_generated,false,golden
USS-G006-041,USER-G006,SKILL-041,33.9,47,345,730,0.7207,current_score=observed_score*2^(-evidence_age_days/half_life_days),EVID-G006-041,2026-09-13T00:00:00+08:00,1.2.0,derived,true,SRC-SYNTH,2026-09-13T00:00:00+08:00,0.76,primary_derived,derived,,team_generated,false,golden
USS-G006-042,USER-G006,SKILL-042,28.7,44,450,730,0.6523,current_score=observed_score*2^(-evidence_age_days/half_life_days),EVID-G006-042,2026-09-13T00:00:00+08:00,1.2.0,derived,true,SRC-SYNTH,2026-09-13T00:00:00+08:00,0.58,primary_derived,derived,,team_generated,false,golden
USS-G006-043,USER-G006,SKILL-043,59.1,71,97,365,0.8318,current_score=observed_score*2^(-evidence_age_days/half_life_days),EVID-G006-043,2026-09-13T00:00:00+08:00,1.2.0,derived,true,SRC-SYNTH,2026-09-13T00:00:00+08:00,0.9,primary_derived,derived,,team_generated,false,golden
USS-G006-044,USER-G006,SKILL-044,48.4,55,67,365,0.8805,current_score=observed_score*2^(-evidence_age_days/half_life_days),EVID-G006-044,2026-09-13T00:00:00+08:00,1.2.0,derived,true,SRC-SYNTH,2026-09-13T00:00:00+08:00,0.76,primary_derived,derived,,team_generated,false,golden
USS-G006-045,USER-G006,SKILL-045,41.4,43,20,365,0.9627,current_score=observed_score*2^(-evidence_age_days/half_life_days),EVID-G006-045,2026-09-13T00:00:00+08:00,1.2.0,derived,true,SRC-SYNTH,2026-09-13T00:00:00+08:00,0.76,primary_derived,derived,,team_generated,false,golden
USS-G006-046,USER-G006,SKILL-046,51.1,54,29,365,0.9464,current_score=observed_score*2^(-evidence_age_days/half_life_days),EVID-G006-046,2026-09-13T00:00:00+08:00,1.2.0,derived,true,SRC-SYNTH,2026-09-13T00:00:00+08:00,0.76,primary_derived,derived,,team_generated,false,golden
USS-G006-047,USER-G006,SKILL-047,41.5,48,76,365,0.8656,current_score=observed_score*2^(-evidence_age_days/half_life_days),EVID-G006-047,2026-09-13T00:00:00+08:00,1.2.0,derived,true,SRC-SYNTH,2026-09-13T00:00:00+08:00,0.58,primary_derived,derived,,team_generated,false,golden
USS-G006-048,USER-G006,SKILL-048,48.5,54,114,730,0.8974,current_score=observed_score*2^(-evidence_age_days/half_life_days),EVID-G006-048,2026-09-13T00:00:00+08:00,1.2.0,derived,true,SRC-SYNTH,2026-09-13T00:00:00+08:00,0.76,primary_derived,derived,,team_generated,false,golden
USS-G006-049,USER-G006,SKILL-049,44.3,55,229,730,0.8046,current_score=observed_score*2^(-evidence_age_days/half_life_days),EVID-G006-049,2026-09-13T00:00:00+08:00,1.2.0,derived,true,SRC-SYNTH,2026-09-13T00:00:00+08:00,0.76,primary_derived,derived,,team_generated,false,golden
USS-G006-050,USER-G006,SKILL-050,30.9,51,529,730,0.6051,current_score=observed_score*2^(-evidence_age_days/half_life_days),EVID-G006-050,2026-09-13T00:00:00+08:00,1.2.0,derived,true,SRC-SYNTH,2026-09-13T00:00:00+08:00,0.76,primary_derived,derived,,team_generated,false,golden
USS-G006-051,USER-G006,SKILL-051,32.7,48,202,365,0.6814,current_score=observed_score*2^(-evidence_age_days/half_life_days),EVID-G006-051,2026-09-13T00:00:00+08:00,1.2.0,derived,true,SRC-SYNTH,2026-09-13T00:00:00+08:00,0.58,primary_derived,derived,,team_generated,false,golden
USS-G006-052,USER-G006,SKILL-052,52,62,186,730,0.8381,current_score=observed_score*2^(-evidence_age_days/half_life_days),EVID-G006-052,2026-09-13T00:00:00+08:00,1.2.0,derived,true,SRC-SYNTH,2026-09-13T00:00:00+08:00,0.76,primary_derived,derived,,team_generated,false,golden
USS-G006-053,USER-G006,SKILL-053,24.8,41,530,730,0.6046,current_score=observed_score*2^(-evidence_age_days/half_life_days),EVID-G006-053,2026-09-13T00:00:00+08:00,1.2.0,derived,true,SRC-SYNTH,2026-09-13T00:00:00+08:00,0.58,primary_derived,derived,,team_generated,false,golden
USS-G006-054,USER-G006,SKILL-054,34.3,51,419,730,0.6718,current_score=observed_score*2^(-evidence_age_days/half_life_days),EVID-G006-054,2026-09-13T00:00:00+08:00,1.2.0,derived,true,SRC-SYNTH,2026-09-13T00:00:00+08:00,0.76,primary_derived,derived,,team_generated,false,golden
USS-G006-055,USER-G006,SKILL-055,77.2,84,89,730,0.919,current_score=observed_score*2^(-evidence_age_days/half_life_days),EVID-G006-055,2026-09-13T00:00:00+08:00,1.2.0,derived,true,SRC-SYNTH,2026-09-13T00:00:00+08:00,0.9,primary_derived,derived,,team_generated,false,golden
USS-G006-056,USER-G006,SKILL-056,46.6,65,175,365,0.7172,current_score=observed_score*2^(-evidence_age_days/half_life_days),EVID-G006-056,2026-09-13T00:00:00+08:00,1.2.0,derived,true,SRC-SYNTH,2026-09-13T00:00:00+08:00,0.9,primary_derived,derived,,team_generated,false,golden
USS-G006-057,USER-G006,SKILL-057,58.8,64,45,365,0.9181,current_score=observed_score*2^(-evidence_age_days/half_life_days),EVID-G006-057,2026-09-13T00:00:00+08:00,1.2.0,derived,true,SRC-SYNTH,2026-09-13T00:00:00+08:00,0.82,primary_derived,derived,,team_generated,false,golden
USS-G006-058,USER-G006,SKILL-058,27.8,37,150,365,0.7521,current_score=observed_score*2^(-evidence_age_days/half_life_days),EVID-G006-058,2026-09-13T00:00:00+08:00,1.2.0,derived,true,SRC-SYNTH,2026-09-13T00:00:00+08:00,0.76,primary_derived,derived,,team_generated,false,golden
USS-G006-059,USER-G006,SKILL-059,53,55,39,730,0.9636,current_score=observed_score*2^(-evidence_age_days/half_life_days),EVID-G006-059,2026-09-13T00:00:00+08:00,1.2.0,derived,true,SRC-SYNTH,2026-09-13T00:00:00+08:00,0.76,primary_derived,derived,,team_generated,false,golden
USS-G006-060,USER-G006,SKILL-060,62.6,65,40,730,0.9627,current_score=observed_score*2^(-evidence_age_days/half_life_days),EVID-G006-060,2026-09-13T00:00:00+08:00,1.2.0,derived,true,SRC-SYNTH,2026-09-13T00:00:00+08:00,0.76,primary_derived,derived,,team_generated,false,golden
USS-G007-001,USER-G007,SKILL-001,70,77,50,365,0.9094,current_score=observed_score*2^(-evidence_age_days/half_life_days),EVID-G007-001,2026-09-13T00:00:00+08:00,1.2.0,derived,true,SRC-SYNTH,2026-09-13T00:00:00+08:00,0.82,primary_derived,derived,,team_generated,false,golden
USS-G007-002,USER-G007,SKILL-002,38,42,53,365,0.9043,current_score=observed_score*2^(-evidence_age_days/half_life_days),EVID-G007-002,2026-09-13T00:00:00+08:00,1.2.0,derived,true,SRC-SYNTH,2026-09-13T00:00:00+08:00,0.58,primary_derived,derived,,team_generated,false,golden
USS-G007-003,USER-G007,SKILL-003,43,57,149,365,0.7536,current_score=observed_score*2^(-evidence_age_days/half_life_days),EVID-G007-003,2026-09-13T00:00:00+08:00,1.2.0,derived,true,SRC-SYNTH,2026-09-13T00:00:00+08:00,0.76,primary_derived,derived,,team_generated,false,golden
USS-G007-004,USER-G007,SKILL-004,11.7,38,622,365,0.3069,current_score=observed_score*2^(-evidence_age_days/half_life_days),EVID-G007-004,2026-09-13T00:00:00+08:00,1.2.0,derived,true,SRC-SYNTH,2026-09-13T00:00:00+08:00,0.76,primary_derived,derived,,team_generated,false,golden
USS-G007-005,USER-G007,SKILL-005,37.4,61,257,365,0.6138,current_score=observed_score*2^(-evidence_age_days/half_life_days),EVID-G007-005,2026-09-13T00:00:00+08:00,1.2.0,derived,true,SRC-SYNTH,2026-09-13T00:00:00+08:00,0.9,primary_derived,derived,,team_generated,false,golden
USS-G007-006,USER-G007,SKILL-006,33.5,49,200,365,0.684,current_score=observed_score*2^(-evidence_age_days/half_life_days),EVID-G007-006,2026-09-13T00:00:00+08:00,1.2.0,derived,true,SRC-SYNTH,2026-09-13T00:00:00+08:00,0.58,primary_derived,derived,,team_generated,false,golden
USS-G007-007,USER-G007,SKILL-007,44.5,72,253,365,0.6185,current_score=observed_score*2^(-evidence_age_days/half_life_days),EVID-G007-007,2026-09-13T00:00:00+08:00,1.2.0,derived,true,SRC-SYNTH,2026-09-13T00:00:00+08:00,0.82,primary_derived,derived,,team_generated,false,golden
USS-G007-008,USER-G007,SKILL-008,39.8,64,250,365,0.622,current_score=observed_score*2^(-evidence_age_days/half_life_days),EVID-G007-008,2026-09-13T00:00:00+08:00,1.2.0,derived,true,SRC-SYNTH,2026-09-13T00:00:00+08:00,0.9,primary_derived,derived,,team_generated,false,golden
USS-G007-009,USER-G007,SKILL-009,53.9,62,74,365,0.8689,current_score=observed_score*2^(-evidence_age_days/half_life_days),EVID-G007-009,2026-09-13T00:00:00+08:00,1.2.0,derived,true,SRC-SYNTH,2026-09-13T00:00:00+08:00,0.82,primary_derived,derived,,team_generated,false,golden
USS-G007-010,USER-G007,SKILL-010,15.4,40,503,365,0.3847,current_score=observed_score*2^(-evidence_age_days/half_life_days),EVID-G007-010,2026-09-13T00:00:00+08:00,1.2.0,derived,true,SRC-SYNTH,2026-09-13T00:00:00+08:00,0.76,primary_derived,derived,,team_generated,false,golden
USS-G007-011,USER-G007,SKILL-011,44.7,57,257,730,0.7835,current_score=observed_score*2^(-evidence_age_days/half_life_days),EVID-G007-011,2026-09-13T00:00:00+08:00,1.2.0,derived,true,SRC-SYNTH,2026-09-13T00:00:00+08:00,0.58,primary_derived,derived,,team_generated,false,golden
USS-G007-012,USER-G007,SKILL-012,45,58,134,365,0.7753,current_score=observed_score*2^(-evidence_age_days/half_life_days),EVID-G007-012,2026-09-13T00:00:00+08:00,1.2.0,derived,true,SRC-SYNTH,2026-09-13T00:00:00+08:00,0.58,primary_derived,derived,,team_generated,false,golden
USS-G007-013,USER-G007,SKILL-013,34.7,57,261,365,0.6092,current_score=observed_score*2^(-evidence_age_days/half_life_days),EVID-G007-013,2026-09-13T00:00:00+08:00,1.2.0,derived,true,SRC-SYNTH,2026-09-13T00:00:00+08:00,0.76,primary_derived,derived,,team_generated,false,golden
USS-G007-014,USER-G007,SKILL-014,41.2,52,122,365,0.7932,current_score=observed_score*2^(-evidence_age_days/half_life_days),EVID-G007-014,2026-09-13T00:00:00+08:00,1.2.0,derived,true,SRC-SYNTH,2026-09-13T00:00:00+08:00,0.76,primary_derived,derived,,team_generated,false,golden
USS-G007-015,USER-G007,SKILL-015,11.9,38,610,365,0.314,current_score=observed_score*2^(-evidence_age_days/half_life_days),EVID-G007-015,2026-09-13T00:00:00+08:00,1.2.0,derived,true,SRC-SYNTH,2026-09-13T00:00:00+08:00,0.58,primary_derived,derived,,team_generated,false,golden
USS-G007-016,USER-G007,SKILL-016,48.1,56,80,365,0.8591,current_score=observed_score*2^(-evidence_age_days/half_life_days),EVID-G007-016,2026-09-13T00:00:00+08:00,1.2.0,derived,true,SRC-SYNTH,2026-09-13T00:00:00+08:00,0.58,primary_derived,derived,,team_generated,false,golden
USS-G007-017,USER-G007,SKILL-017,25.9,44,557,730,0.5893,current_score=observed_score*2^(-evidence_age_days/half_life_days),EVID-G007-017,2026-09-13T00:00:00+08:00,1.2.0,derived,true,SRC-SYNTH,2026-09-13T00:00:00+08:00,0.58,primary_derived,derived,,team_generated,false,golden
USS-G007-018,USER-G007,SKILL-018,61.2,65,64,730,0.941,current_score=observed_score*2^(-evidence_age_days/half_life_days),EVID-G007-018,2026-09-13T00:00:00+08:00,1.2.0,derived,true,SRC-SYNTH,2026-09-13T00:00:00+08:00,0.76,primary_derived,derived,,team_generated,false,golden
USS-G007-019,USER-G007,SKILL-019,41.8,55,144,365,0.7607,current_score=observed_score*2^(-evidence_age_days/half_life_days),EVID-G007-019,2026-09-13T00:00:00+08:00,1.2.0,derived,true,SRC-SYNTH,2026-09-13T00:00:00+08:00,0.58,primary_derived,derived,,team_generated,false,golden
USS-G007-020,USER-G007,SKILL-020,29.7,40,157,365,0.7422,current_score=observed_score*2^(-evidence_age_days/half_life_days),EVID-G007-020,2026-09-13T00:00:00+08:00,1.2.0,derived,true,SRC-SYNTH,2026-09-13T00:00:00+08:00,0.58,primary_derived,derived,,team_generated,false,golden
USS-G007-021,USER-G007,SKILL-021,49.1,62,123,365,0.7917,current_score=observed_score*2^(-evidence_age_days/half_life_days),EVID-G007-021,2026-09-13T00:00:00+08:00,1.2.0,derived,true,SRC-SYNTH,2026-09-13T00:00:00+08:00,0.82,primary_derived,derived,,team_generated,false,golden
USS-G007-022,USER-G007,SKILL-022,23.3,40,285,365,0.582,current_score=observed_score*2^(-evidence_age_days/half_life_days),EVID-G007-022,2026-09-13T00:00:00+08:00,1.2.0,derived,true,SRC-SYNTH,2026-09-13T00:00:00+08:00,0.76,primary_derived,derived,,team_generated,false,golden
USS-G007-023,USER-G007,SKILL-023,55.7,67,97,365,0.8318,current_score=observed_score*2^(-evidence_age_days/half_life_days),EVID-G007-023,2026-09-13T00:00:00+08:00,1.2.0,derived,true,SRC-SYNTH,2026-09-13T00:00:00+08:00,0.76,primary_derived,derived,,team_generated,false,golden
USS-G007-024,USER-G007,SKILL-024,48,56,81,365,0.8574,current_score=observed_score*2^(-evidence_age_days/half_life_days),EVID-G007-024,2026-09-13T00:00:00+08:00,1.2.0,derived,true,SRC-SYNTH,2026-09-13T00:00:00+08:00,0.58,primary_derived,derived,,team_generated,false,golden
USS-G007-025,USER-G007,SKILL-025,40.3,59,201,365,0.6827,current_score=observed_score*2^(-evidence_age_days/half_life_days),EVID-G007-025,2026-09-13T00:00:00+08:00,1.2.0,derived,true,SRC-SYNTH,2026-09-13T00:00:00+08:00,0.76,primary_derived,derived,,team_generated,false,golden
USS-G007-026,USER-G007,SKILL-026,71.9,77,36,365,0.9339,current_score=observed_score*2^(-evidence_age_days/half_life_days),EVID-G007-026,2026-09-13T00:00:00+08:00,1.2.0,derived,true,SRC-SYNTH,2026-09-13T00:00:00+08:00,0.76,primary_derived,derived,,team_generated,false,golden
USS-G007-027,USER-G007,SKILL-027,8.3,43,427,180,0.1931,current_score=observed_score*2^(-evidence_age_days/half_life_days),EVID-G007-027,2026-09-13T00:00:00+08:00,1.2.0,derived,true,SRC-SYNTH,2026-09-13T00:00:00+08:00,0.58,primary_derived,derived,,team_generated,false,golden
USS-G007-028,USER-G007,SKILL-028,7.1,47,490,180,0.1515,current_score=observed_score*2^(-evidence_age_days/half_life_days),EVID-G007-028,2026-09-13T00:00:00+08:00,1.2.0,derived,true,SRC-SYNTH,2026-09-13T00:00:00+08:00,0.58,primary_derived,derived,,team_generated,false,golden
USS-G007-029,USER-G007,SKILL-029,4.8,42,562,180,0.1148,current_score=observed_score*2^(-evidence_age_days/half_life_days),EVID-G007-029,2026-09-13T00:00:00+08:00,1.2.0,derived,true,SRC-SYNTH,2026-09-13T00:00:00+08:00,0.76,primary_derived,derived,,team_generated,false,golden
USS-G007-030,USER-G007,SKILL-030,50.3,70,86,180,0.7181,current_score=observed_score*2^(-evidence_age_days/half_life_days),EVID-G007-030,2026-09-13T00:00:00+08:00,1.2.0,derived,true,SRC-SYNTH,2026-09-13T00:00:00+08:00,0.76,primary_derived,derived,,team_generated,false,golden
USS-G007-031,USER-G007,SKILL-031,7.9,54,498,180,0.1469,current_score=observed_score*2^(-evidence_age_days/half_life_days),EVID-G007-031,2026-09-13T00:00:00+08:00,1.2.0,derived,true,SRC-SYNTH,2026-09-13T00:00:00+08:00,0.58,primary_derived,derived,,team_generated,false,golden
USS-G007-032,USER-G007,SKILL-032,21.1,41,349,365,0.5154,current_score=observed_score*2^(-evidence_age_days/half_life_days),EVID-G007-032,2026-09-13T00:00:00+08:00,1.2.0,derived,true,SRC-SYNTH,2026-09-13T00:00:00+08:00,0.76,primary_derived,derived,,team_generated,false,golden
USS-G007-033,USER-G007,SKILL-033,84.9,88,19,365,0.9646,current_score=observed_score*2^(-evidence_age_days/half_life_days),EVID-G007-033,2026-09-13T00:00:00+08:00,1.2.0,derived,true,SRC-SYNTH,2026-09-13T00:00:00+08:00,0.9,primary_derived,derived,,team_generated,false,golden
USS-G007-034,USER-G007,SKILL-034,79.3,88,55,365,0.9008,current_score=observed_score*2^(-evidence_age_days/half_life_days),EVID-G007-034,2026-09-13T00:00:00+08:00,1.2.0,derived,true,SRC-SYNTH,2026-09-13T00:00:00+08:00,0.9,primary_derived,derived,,team_generated,false,golden
USS-G007-035,USER-G007,SKILL-035,71.9,84,82,365,0.8558,current_score=observed_score*2^(-evidence_age_days/half_life_days),EVID-G007-035,2026-09-13T00:00:00+08:00,1.2.0,derived,true,SRC-SYNTH,2026-09-13T00:00:00+08:00,0.9,primary_derived,derived,,team_generated,false,golden
USS-G007-036,USER-G007,SKILL-036,56.3,67,45,180,0.8409,current_score=observed_score*2^(-evidence_age_days/half_life_days),EVID-G007-036,2026-09-13T00:00:00+08:00,1.2.0,derived,true,SRC-SYNTH,2026-09-13T00:00:00+08:00,0.82,primary_derived,derived,,team_generated,false,golden
USS-G007-037,USER-G007,SKILL-037,25,66,252,180,0.3789,current_score=observed_score*2^(-evidence_age_days/half_life_days),EVID-G007-037,2026-09-13T00:00:00+08:00,1.2.0,derived,true,SRC-SYNTH,2026-09-13T00:00:00+08:00,0.9,primary_derived,derived,,team_generated,false,golden
USS-G007-038,USER-G007,SKILL-038,23.5,59,239,180,0.3984,current_score=observed_score*2^(-evidence_age_days/half_life_days),EVID-G007-038,2026-09-13T00:00:00+08:00,1.2.0,derived,true,SRC-SYNTH,2026-09-13T00:00:00+08:00,0.58,primary_derived,derived,,team_generated,false,golden
USS-G007-039,USER-G007,SKILL-039,49.8,63,61,180,0.7907,current_score=observed_score*2^(-evidence_age_days/half_life_days),EVID-G007-039,2026-09-13T00:00:00+08:00,1.2.0,derived,true,SRC-SYNTH,2026-09-13T00:00:00+08:00,0.9,primary_derived,derived,,team_generated,false,golden
USS-G007-040,USER-G007,SKILL-040,42.4,55,137,365,0.7709,current_score=observed_score*2^(-evidence_age_days/half_life_days),EVID-G007-040,2026-09-13T00:00:00+08:00,1.2.0,derived,true,SRC-SYNTH,2026-09-13T00:00:00+08:00,0.76,primary_derived,derived,,team_generated,false,golden
USS-G007-041,USER-G007,SKILL-041,35.4,40,128,730,0.8856,current_score=observed_score*2^(-evidence_age_days/half_life_days),EVID-G007-041,2026-09-13T00:00:00+08:00,1.2.0,derived,true,SRC-SYNTH,2026-09-13T00:00:00+08:00,0.76,primary_derived,derived,,team_generated,false,golden
USS-G007-042,USER-G007,SKILL-042,45.7,56,213,730,0.8169,current_score=observed_score*2^(-evidence_age_days/half_life_days),EVID-G007-042,2026-09-13T00:00:00+08:00,1.2.0,derived,true,SRC-SYNTH,2026-09-13T00:00:00+08:00,0.76,primary_derived,derived,,team_generated,false,golden
USS-G007-043,USER-G007,SKILL-043,41,67,258,365,0.6127,current_score=observed_score*2^(-evidence_age_days/half_life_days),EVID-G007-043,2026-09-13T00:00:00+08:00,1.2.0,derived,true,SRC-SYNTH,2026-09-13T00:00:00+08:00,0.82,primary_derived,derived,,team_generated,false,golden
USS-G007-044,USER-G007,SKILL-044,31.1,54,290,365,0.5765,current_score=observed_score*2^(-evidence_age_days/half_life_days),EVID-G007-044,2026-09-13T00:00:00+08:00,1.2.0,derived,true,SRC-SYNTH,2026-09-13T00:00:00+08:00,0.76,primary_derived,derived,,team_generated,false,golden
USS-G007-045,USER-G007,SKILL-045,12.8,45,662,365,0.2845,current_score=observed_score*2^(-evidence_age_days/half_life_days),EVID-G007-045,2026-09-13T00:00:00+08:00,1.2.0,derived,true,SRC-SYNTH,2026-09-13T00:00:00+08:00,0.58,primary_derived,derived,,team_generated,false,golden
USS-G007-046,USER-G007,SKILL-046,48.9,66,158,365,0.7408,current_score=observed_score*2^(-evidence_age_days/half_life_days),EVID-G007-046,2026-09-13T00:00:00+08:00,1.2.0,derived,true,SRC-SYNTH,2026-09-13T00:00:00+08:00,0.82,primary_derived,derived,,team_generated,false,golden
USS-G007-047,USER-G007,SKILL-047,21.5,41,341,365,0.5233,current_score=observed_score*2^(-evidence_age_days/half_life_days),EVID-G007-047,2026-09-13T00:00:00+08:00,1.2.0,derived,true,SRC-SYNTH,2026-09-13T00:00:00+08:00,0.58,primary_derived,derived,,team_generated,false,golden
USS-G007-048,USER-G007,SKILL-048,31.7,46,391,730,0.6899,current_score=observed_score*2^(-evidence_age_days/half_life_days),EVID-G007-048,2026-09-13T00:00:00+08:00,1.2.0,derived,true,SRC-SYNTH,2026-09-13T00:00:00+08:00,0.76,primary_derived,derived,,team_generated,false,golden
USS-G007-049,USER-G007,SKILL-049,49.5,58,166,730,0.8542,current_score=observed_score*2^(-evidence_age_days/half_life_days),EVID-G007-049,2026-09-13T00:00:00+08:00,1.2.0,derived,true,SRC-SYNTH,2026-09-13T00:00:00+08:00,0.58,primary_derived,derived,,team_generated,false,golden
USS-G007-050,USER-G007,SKILL-050,54.6,61,116,730,0.8957,current_score=observed_score*2^(-evidence_age_days/half_life_days),EVID-G007-050,2026-09-13T00:00:00+08:00,1.2.0,derived,true,SRC-SYNTH,2026-09-13T00:00:00+08:00,0.82,primary_derived,derived,,team_generated,false,golden
USS-G007-051,USER-G007,SKILL-051,37.2,61,261,365,0.6092,current_score=observed_score*2^(-evidence_age_days/half_life_days),EVID-G007-051,2026-09-13T00:00:00+08:00,1.2.0,derived,true,SRC-SYNTH,2026-09-13T00:00:00+08:00,0.9,primary_derived,derived,,team_generated,false,golden
USS-G007-052,USER-G007,SKILL-052,25.1,46,638,730,0.5456,current_score=observed_score*2^(-evidence_age_days/half_life_days),EVID-G007-052,2026-09-13T00:00:00+08:00,1.2.0,derived,true,SRC-SYNTH,2026-09-13T00:00:00+08:00,0.76,primary_derived,derived,,team_generated,false,golden
USS-G007-053,USER-G007,SKILL-053,36.7,40,92,730,0.9164,current_score=observed_score*2^(-evidence_age_days/half_life_days),EVID-G007-053,2026-09-13T00:00:00+08:00,1.2.0,derived,true,SRC-SYNTH,2026-09-13T00:00:00+08:00,0.58,primary_derived,derived,,team_generated,false,golden
USS-G007-054,USER-G007,SKILL-054,52.3,66,246,730,0.7917,current_score=observed_score*2^(-evidence_age_days/half_life_days),EVID-G007-054,2026-09-13T00:00:00+08:00,1.2.0,derived,true,SRC-SYNTH,2026-09-13T00:00:00+08:00,0.76,primary_derived,derived,,team_generated,false,golden
USS-G007-055,USER-G007,SKILL-055,59.4,60,11,730,0.9896,current_score=observed_score*2^(-evidence_age_days/half_life_days),EVID-G007-055,2026-09-13T00:00:00+08:00,1.2.0,derived,true,SRC-SYNTH,2026-09-13T00:00:00+08:00,0.76,primary_derived,derived,,team_generated,false,golden
USS-G007-056,USER-G007,SKILL-056,49.1,63,131,365,0.7798,current_score=observed_score*2^(-evidence_age_days/half_life_days),EVID-G007-056,2026-09-13T00:00:00+08:00,1.2.0,derived,true,SRC-SYNTH,2026-09-13T00:00:00+08:00,0.76,primary_derived,derived,,team_generated,false,golden
USS-G007-057,USER-G007,SKILL-057,38.1,40,26,365,0.9518,current_score=observed_score*2^(-evidence_age_days/half_life_days),EVID-G007-057,2026-09-13T00:00:00+08:00,1.2.0,derived,true,SRC-SYNTH,2026-09-13T00:00:00+08:00,0.58,primary_derived,derived,,team_generated,false,golden
USS-G007-058,USER-G007,SKILL-058,51.9,56,40,365,0.9269,current_score=observed_score*2^(-evidence_age_days/half_life_days),EVID-G007-058,2026-09-13T00:00:00+08:00,1.2.0,derived,true,SRC-SYNTH,2026-09-13T00:00:00+08:00,0.58,primary_derived,derived,,team_generated,false,golden
USS-G007-059,USER-G007,SKILL-059,46.8,56,190,730,0.8349,current_score=observed_score*2^(-evidence_age_days/half_life_days),EVID-G007-059,2026-09-13T00:00:00+08:00,1.2.0,derived,true,SRC-SYNTH,2026-09-13T00:00:00+08:00,0.58,primary_derived,derived,,team_generated,false,golden
USS-G007-060,USER-G007,SKILL-060,33.6,43,261,730,0.7805,current_score=observed_score*2^(-evidence_age_days/half_life_days),EVID-G007-060,2026-09-13T00:00:00+08:00,1.2.0,derived,true,SRC-SYNTH,2026-09-13T00:00:00+08:00,0.76,primary_derived,derived,,team_generated,false,golden
USS-G008-001,USER-G008,SKILL-001,57.7,69,94,365,0.8365,current_score=observed_score*2^(-evidence_age_days/half_life_days),EVID-G008-001,2026-09-13T00:00:00+08:00,1.2.0,derived,true,SRC-SYNTH,2026-09-13T00:00:00+08:00,0.82,primary_derived,derived,,team_generated,false,golden
USS-G008-002,USER-G008,SKILL-002,43.9,62,182,365,0.7078,current_score=observed_score*2^(-evidence_age_days/half_life_days),EVID-G008-002,2026-09-13T00:00:00+08:00,1.2.0,derived,true,SRC-SYNTH,2026-09-13T00:00:00+08:00,0.76,primary_derived,derived,,team_generated,false,golden
USS-G008-003,USER-G008,SKILL-003,47.7,59,112,365,0.8084,current_score=observed_score*2^(-evidence_age_days/half_life_days),EVID-G008-003,2026-09-13T00:00:00+08:00,1.2.0,derived,true,SRC-SYNTH,2026-09-13T00:00:00+08:00,0.58,primary_derived,derived,,team_generated,false,golden
USS-G008-004,USER-G008,SKILL-004,14.4,44,588,365,0.3274,current_score=observed_score*2^(-evidence_age_days/half_life_days),EVID-G008-004,2026-09-13T00:00:00+08:00,1.2.0,derived,true,SRC-SYNTH,2026-09-13T00:00:00+08:00,0.58,primary_derived,derived,,team_generated,false,golden
USS-G008-005,USER-G008,SKILL-005,44,49,57,365,0.8974,current_score=observed_score*2^(-evidence_age_days/half_life_days),EVID-G008-005,2026-09-13T00:00:00+08:00,1.2.0,derived,true,SRC-SYNTH,2026-09-13T00:00:00+08:00,0.58,primary_derived,derived,,team_generated,false,golden
USS-G008-006,USER-G008,SKILL-006,29.1,38,141,365,0.7651,current_score=observed_score*2^(-evidence_age_days/half_life_days),EVID-G008-006,2026-09-13T00:00:00+08:00,1.2.0,derived,true,SRC-SYNTH,2026-09-13T00:00:00+08:00,0.58,primary_derived,derived,,team_generated,false,golden
USS-G008-007,USER-G008,SKILL-007,34.9,53,220,365,0.6585,current_score=observed_score*2^(-evidence_age_days/half_life_days),EVID-G008-007,2026-09-13T00:00:00+08:00,1.2.0,derived,true,SRC-SYNTH,2026-09-13T00:00:00+08:00,0.58,primary_derived,derived,,team_generated,false,golden
USS-G008-008,USER-G008,SKILL-008,19.4,43,420,365,0.4504,current_score=observed_score*2^(-evidence_age_days/half_life_days),EVID-G008-008,2026-09-13T00:00:00+08:00,1.2.0,derived,true,SRC-SYNTH,2026-09-13T00:00:00+08:00,0.58,primary_derived,derived,,team_generated,false,golden
USS-G008-009,USER-G008,SKILL-009,68.1,83,104,365,0.8208,current_score=observed_score*2^(-evidence_age_days/half_life_days),EVID-G008-009,2026-09-13T00:00:00+08:00,1.2.0,derived,true,SRC-SYNTH,2026-09-13T00:00:00+08:00,0.9,primary_derived,derived,,team_generated,false,golden
USS-G008-010,USER-G008,SKILL-010,74.3,83,58,365,0.8957,current_score=observed_score*2^(-evidence_age_days/half_life_days),EVID-G008-010,2026-09-13T00:00:00+08:00,1.2.0,derived,true,SRC-SYNTH,2026-09-13T00:00:00+08:00,0.9,primary_derived,derived,,team_generated,false,golden
USS-G008-011,USER-G008,SKILL-011,19.2,36,660,730,0.5344,current_score=observed_score*2^(-evidence_age_days/half_life_days),EVID-G008-011,2026-09-13T00:00:00+08:00,1.2.0,derived,true,SRC-SYNTH,2026-09-13T00:00:00+08:00,0.76,primary_derived,derived,,team_generated,false,golden
USS-G008-012,USER-G008,SKILL-012,44.6,61,165,365,0.731,current_score=observed_score*2^(-evidence_age_days/half_life_days),EVID-G008-012,2026-09-13T00:00:00+08:00,1.2.0,derived,true,SRC-SYNTH,2026-09-13T00:00:00+08:00,0.9,primary_derived,derived,,team_generated,false,golden
USS-G008-013,USER-G008,SKILL-013,25.8,47,316,365,0.5488,current_score=observed_score*2^(-evidence_age_days/half_life_days),EVID-G008-013,2026-09-13T00:00:00+08:00,1.2.0,derived,true,SRC-SYNTH,2026-09-13T00:00:00+08:00,0.76,primary_derived,derived,,team_generated,false,golden
USS-G008-014,USER-G008,SKILL-014,84.4,88,22,365,0.9591,current_score=observed_score*2^(-evidence_age_days/half_life_days),EVID-G008-014,2026-09-13T00:00:00+08:00,1.2.0,derived,true,SRC-SYNTH,2026-09-13T00:00:00+08:00,0.9,primary_derived,derived,,team_generated,false,golden
USS-G008-015,USER-G008,SKILL-015,34.5,55,245,365,0.628,current_score=observed_score*2^(-evidence_age_days/half_life_days),EVID-G008-015,2026-09-13T00:00:00+08:00,1.2.0,derived,true,SRC-SYNTH,2026-09-13T00:00:00+08:00,0.58,primary_derived,derived,,team_generated,false,golden
USS-G008-016,USER-G008,SKILL-016,24.7,41,266,365,0.6034,current_score=observed_score*2^(-evidence_age_days/half_life_days),EVID-G008-016,2026-09-13T00:00:00+08:00,1.2.0,derived,true,SRC-SYNTH,2026-09-13T00:00:00+08:00,0.58,primary_derived,derived,,team_generated,false,golden
USS-G008-017,USER-G008,SKILL-017,58.1,59,16,730,0.9849,current_score=observed_score*2^(-evidence_age_days/half_life_days),EVID-G008-017,2026-09-13T00:00:00+08:00,1.2.0,derived,true,SRC-SYNTH,2026-09-13T00:00:00+08:00,0.58,primary_derived,derived,,team_generated,false,golden
USS-G008-018,USER-G008,SKILL-018,44.9,51,134,730,0.8805,current_score=observed_score*2^(-evidence_age_days/half_life_days),EVID-G008-018,2026-09-13T00:00:00+08:00,1.2.0,derived,true,SRC-SYNTH,2026-09-13T00:00:00+08:00,0.58,primary_derived,derived,,team_generated,false,golden
USS-G008-019,USER-G008,SKILL-019,43.9,47,36,365,0.9339,current_score=observed_score*2^(-evidence_age_days/half_life_days),EVID-G008-019,2026-09-13T00:00:00+08:00,1.2.0,derived,true,SRC-SYNTH,2026-09-13T00:00:00+08:00,0.58,primary_derived,derived,,team_generated,false,golden
USS-G008-020,USER-G008,SKILL-020,44.2,56,125,365,0.7887,current_score=observed_score*2^(-evidence_age_days/half_life_days),EVID-G008-020,2026-09-13T00:00:00+08:00,1.2.0,derived,true,SRC-SYNTH,2026-09-13T00:00:00+08:00,0.58,primary_derived,derived,,team_generated,false,golden
USS-G008-021,USER-G008,SKILL-021,21.2,46,409,365,0.4599,current_score=observed_score*2^(-evidence_age_days/half_life_days),EVID-G008-021,2026-09-13T00:00:00+08:00,1.2.0,derived,true,SRC-SYNTH,2026-09-13T00:00:00+08:00,0.76,primary_derived,derived,,team_generated,false,golden
USS-G008-022,USER-G008,SKILL-022,12.9,42,620,365,0.3081,current_score=observed_score*2^(-evidence_age_days/half_life_days),EVID-G008-022,2026-09-13T00:00:00+08:00,1.2.0,derived,true,SRC-SYNTH,2026-09-13T00:00:00+08:00,0.58,primary_derived,derived,,team_generated,false,golden
USS-G008-023,USER-G008,SKILL-023,44,59,154,365,0.7464,current_score=observed_score*2^(-evidence_age_days/half_life_days),EVID-G008-023,2026-09-13T00:00:00+08:00,1.2.0,derived,true,SRC-SYNTH,2026-09-13T00:00:00+08:00,0.76,primary_derived,derived,,team_generated,false,golden
USS-G008-024,USER-G008,SKILL-024,37.5,59,238,365,0.6364,current_score=observed_score*2^(-evidence_age_days/half_life_days),EVID-G008-024,2026-09-13T00:00:00+08:00,1.2.0,derived,true,SRC-SYNTH,2026-09-13T00:00:00+08:00,0.76,primary_derived,derived,,team_generated,false,golden
USS-G008-025,USER-G008,SKILL-025,41.1,55,154,365,0.7464,current_score=observed_score*2^(-evidence_age_days/half_life_days),EVID-G008-025,2026-09-13T00:00:00+08:00,1.2.0,derived,true,SRC-SYNTH,2026-09-13T00:00:00+08:00,0.76,primary_derived,derived,,team_generated,false,golden
USS-G008-026,USER-G008,SKILL-026,45.1,68,216,365,0.6635,current_score=observed_score*2^(-evidence_age_days/half_life_days),EVID-G008-026,2026-09-13T00:00:00+08:00,1.2.0,derived,true,SRC-SYNTH,2026-09-13T00:00:00+08:00,0.76,primary_derived,derived,,team_generated,false,golden
USS-G008-027,USER-G008,SKILL-027,13.6,48,328,180,0.2828,current_score=observed_score*2^(-evidence_age_days/half_life_days),EVID-G008-027,2026-09-13T00:00:00+08:00,1.2.0,derived,true,SRC-SYNTH,2026-09-13T00:00:00+08:00,0.58,primary_derived,derived,,team_generated,false,golden
USS-G008-028,USER-G008,SKILL-028,36.2,46,62,180,0.7876,current_score=observed_score*2^(-evidence_age_days/half_life_days),EVID-G008-028,2026-09-13T00:00:00+08:00,1.2.0,derived,true,SRC-SYNTH,2026-09-13T00:00:00+08:00,0.76,primary_derived,derived,,team_generated,false,golden
USS-G008-029,USER-G008,SKILL-029,5.3,46,562,180,0.1148,current_score=observed_score*2^(-evidence_age_days/half_life_days),EVID-G008-029,2026-09-13T00:00:00+08:00,1.2.0,derived,true,SRC-SYNTH,2026-09-13T00:00:00+08:00,0.76,primary_derived,derived,,team_generated,false,golden
USS-G008-030,USER-G008,SKILL-030,27.6,55,179,180,0.5019,current_score=observed_score*2^(-evidence_age_days/half_life_days),EVID-G008-030,2026-09-13T00:00:00+08:00,1.2.0,derived,true,SRC-SYNTH,2026-09-13T00:00:00+08:00,0.76,primary_derived,derived,,team_generated,false,golden
USS-G008-031,USER-G008,SKILL-031,2.9,39,674,180,0.0746,current_score=observed_score*2^(-evidence_age_days/half_life_days),EVID-G008-031,2026-09-13T00:00:00+08:00,1.2.0,derived,true,SRC-SYNTH,2026-09-13T00:00:00+08:00,0.76,primary_derived,derived,,team_generated,false,golden
USS-G008-032,USER-G008,SKILL-032,51.6,57,52,365,0.906,current_score=observed_score*2^(-evidence_age_days/half_life_days),EVID-G008-032,2026-09-13T00:00:00+08:00,1.2.0,derived,true,SRC-SYNTH,2026-09-13T00:00:00+08:00,0.58,primary_derived,derived,,team_generated,false,golden
USS-G008-033,USER-G008,SKILL-033,23.4,51,410,365,0.459,current_score=observed_score*2^(-evidence_age_days/half_life_days),EVID-G008-033,2026-09-13T00:00:00+08:00,1.2.0,derived,true,SRC-SYNTH,2026-09-13T00:00:00+08:00,0.76,primary_derived,derived,,team_generated,false,golden
USS-G008-034,USER-G008,SKILL-034,57.6,67,80,365,0.8591,current_score=observed_score*2^(-evidence_age_days/half_life_days),EVID-G008-034,2026-09-13T00:00:00+08:00,1.2.0,derived,true,SRC-SYNTH,2026-09-13T00:00:00+08:00,0.9,primary_derived,derived,,team_generated,false,golden
USS-G008-035,USER-G008,SKILL-035,54.8,72,144,365,0.7607,current_score=observed_score*2^(-evidence_age_days/half_life_days),EVID-G008-035,2026-09-13T00:00:00+08:00,1.2.0,derived,true,SRC-SYNTH,2026-09-13T00:00:00+08:00,0.76,primary_derived,derived,,team_generated,false,golden
USS-G008-036,USER-G008,SKILL-036,38,74,173,180,0.5137,current_score=observed_score*2^(-evidence_age_days/half_life_days),EVID-G008-036,2026-09-13T00:00:00+08:00,1.2.0,derived,true,SRC-SYNTH,2026-09-13T00:00:00+08:00,0.76,primary_derived,derived,,team_generated,false,golden
USS-G008-037,USER-G008,SKILL-037,32.1,72,210,180,0.4454,current_score=observed_score*2^(-evidence_age_days/half_life_days),EVID-G008-037,2026-09-13T00:00:00+08:00,1.2.0,derived,true,SRC-SYNTH,2026-09-13T00:00:00+08:00,0.9,primary_derived,derived,,team_generated,false,golden
USS-G008-038,USER-G008,SKILL-038,31.5,74,222,180,0.4253,current_score=observed_score*2^(-evidence_age_days/half_life_days),EVID-G008-038,2026-09-13T00:00:00+08:00,1.2.0,derived,true,SRC-SYNTH,2026-09-13T00:00:00+08:00,0.76,primary_derived,derived,,team_generated,false,golden
USS-G008-039,USER-G008,SKILL-039,39.4,59,105,180,0.6674,current_score=observed_score*2^(-evidence_age_days/half_life_days),EVID-G008-039,2026-09-13T00:00:00+08:00,1.2.0,derived,true,SRC-SYNTH,2026-09-13T00:00:00+08:00,0.58,primary_derived,derived,,team_generated,false,golden
USS-G008-040,USER-G008,SKILL-040,37.7,57,218,365,0.661,current_score=observed_score*2^(-evidence_age_days/half_life_days),EVID-G008-040,2026-09-13T00:00:00+08:00,1.2.0,derived,true,SRC-SYNTH,2026-09-13T00:00:00+08:00,0.76,primary_derived,derived,,team_generated,false,golden
USS-G008-041,USER-G008,SKILL-041,75.1,80,67,730,0.9384,current_score=observed_score*2^(-evidence_age_days/half_life_days),EVID-G008-041,2026-09-13T00:00:00+08:00,1.2.0,derived,true,SRC-SYNTH,2026-09-13T00:00:00+08:00,0.9,primary_derived,derived,,team_generated,false,golden
USS-G008-042,USER-G008,SKILL-042,44.3,55,227,730,0.8061,current_score=observed_score*2^(-evidence_age_days/half_life_days),EVID-G008-042,2026-09-13T00:00:00+08:00,1.2.0,derived,true,SRC-SYNTH,2026-09-13T00:00:00+08:00,0.58,primary_derived,derived,,team_generated,false,golden
USS-G008-043,USER-G008,SKILL-043,48.6,66,161,365,0.7366,current_score=observed_score*2^(-evidence_age_days/half_life_days),EVID-G008-043,2026-09-13T00:00:00+08:00,1.2.0,derived,true,SRC-SYNTH,2026-09-13T00:00:00+08:00,0.82,primary_derived,derived,,team_generated,false,golden
USS-G008-044,USER-G008,SKILL-044,73.2,82,60,365,0.8923,current_score=observed_score*2^(-evidence_age_days/half_life_days),EVID-G008-044,2026-09-13T00:00:00+08:00,1.2.0,derived,true,SRC-SYNTH,2026-09-13T00:00:00+08:00,0.9,primary_derived,derived,,team_generated,false,golden
USS-G008-045,USER-G008,SKILL-045,57.2,74,136,365,0.7724,current_score=observed_score*2^(-evidence_age_days/half_life_days),EVID-G008-045,2026-09-13T00:00:00+08:00,1.2.0,derived,true,SRC-SYNTH,2026-09-13T00:00:00+08:00,0.76,primary_derived,derived,,team_generated,false,golden
USS-G008-046,USER-G008,SKILL-046,13.3,37,539,365,0.3593,current_score=observed_score*2^(-evidence_age_days/half_life_days),EVID-G008-046,2026-09-13T00:00:00+08:00,1.2.0,derived,true,SRC-SYNTH,2026-09-13T00:00:00+08:00,0.76,primary_derived,derived,,team_generated,false,golden
USS-G008-047,USER-G008,SKILL-047,17.7,47,515,365,0.3761,current_score=observed_score*2^(-evidence_age_days/half_life_days),EVID-G008-047,2026-09-13T00:00:00+08:00,1.2.0,derived,true,SRC-SYNTH,2026-09-13T00:00:00+08:00,0.76,primary_derived,derived,,team_generated,false,golden
USS-G008-048,USER-G008,SKILL-048,56.8,65,142,730,0.8739,current_score=observed_score*2^(-evidence_age_days/half_life_days),EVID-G008-048,2026-09-13T00:00:00+08:00,1.2.0,derived,true,SRC-SYNTH,2026-09-13T00:00:00+08:00,0.82,primary_derived,derived,,team_generated,false,golden
USS-G008-049,USER-G008,SKILL-049,76,83,93,730,0.9155,current_score=observed_score*2^(-evidence_age_days/half_life_days),EVID-G008-049,2026-09-13T00:00:00+08:00,1.2.0,derived,true,SRC-SYNTH,2026-09-13T00:00:00+08:00,0.9,primary_derived,derived,,team_generated,false,golden
USS-G008-050,USER-G008,SKILL-050,29.8,50,546,730,0.5955,current_score=observed_score*2^(-evidence_age_days/half_life_days),EVID-G008-050,2026-09-13T00:00:00+08:00,1.2.0,derived,true,SRC-SYNTH,2026-09-13T00:00:00+08:00,0.58,primary_derived,derived,,team_generated,false,golden
USS-G008-051,USER-G008,SKILL-051,55.2,62,61,365,0.8906,current_score=observed_score*2^(-evidence_age_days/half_life_days),EVID-G008-051,2026-09-13T00:00:00+08:00,1.2.0,derived,true,SRC-SYNTH,2026-09-13T00:00:00+08:00,0.76,primary_derived,derived,,team_generated,false,golden
USS-G008-052,USER-G008,SKILL-052,54.6,59,81,730,0.926,current_score=observed_score*2^(-evidence_age_days/half_life_days),EVID-G008-052,2026-09-13T00:00:00+08:00,1.2.0,derived,true,SRC-SYNTH,2026-09-13T00:00:00+08:00,0.58,primary_derived,derived,,team_generated,false,golden
USS-G008-053,USER-G008,SKILL-053,46.9,60,260,730,0.7812,current_score=observed_score*2^(-evidence_age_days/half_life_days),EVID-G008-053,2026-09-13T00:00:00+08:00,1.2.0,derived,true,SRC-SYNTH,2026-09-13T00:00:00+08:00,0.9,primary_derived,derived,,team_generated,false,golden
USS-G008-054,USER-G008,SKILL-054,60.4,71,170,730,0.8509,current_score=observed_score*2^(-evidence_age_days/half_life_days),EVID-G008-054,2026-09-13T00:00:00+08:00,1.2.0,derived,true,SRC-SYNTH,2026-09-13T00:00:00+08:00,0.82,primary_derived,derived,,team_generated,false,golden
USS-G008-055,USER-G008,SKILL-055,34.9,51,399,730,0.6846,current_score=observed_score*2^(-evidence_age_days/half_life_days),EVID-G008-055,2026-09-13T00:00:00+08:00,1.2.0,derived,true,SRC-SYNTH,2026-09-13T00:00:00+08:00,0.58,primary_derived,derived,,team_generated,false,golden
USS-G008-056,USER-G008,SKILL-056,39.8,61,225,365,0.6523,current_score=observed_score*2^(-evidence_age_days/half_life_days),EVID-G008-056,2026-09-13T00:00:00+08:00,1.2.0,derived,true,SRC-SYNTH,2026-09-13T00:00:00+08:00,0.76,primary_derived,derived,,team_generated,false,golden
USS-G008-057,USER-G008,SKILL-057,42.2,56,149,365,0.7536,current_score=observed_score*2^(-evidence_age_days/half_life_days),EVID-G008-057,2026-09-13T00:00:00+08:00,1.2.0,derived,true,SRC-SYNTH,2026-09-13T00:00:00+08:00,0.58,primary_derived,derived,,team_generated,false,golden
USS-G008-058,USER-G008,SKILL-058,55.4,62,59,365,0.894,current_score=observed_score*2^(-evidence_age_days/half_life_days),EVID-G008-058,2026-09-13T00:00:00+08:00,1.2.0,derived,true,SRC-SYNTH,2026-09-13T00:00:00+08:00,0.82,primary_derived,derived,,team_generated,false,golden
USS-G008-059,USER-G008,SKILL-059,31.3,36,147,730,0.8697,current_score=observed_score*2^(-evidence_age_days/half_life_days),EVID-G008-059,2026-09-13T00:00:00+08:00,1.2.0,derived,true,SRC-SYNTH,2026-09-13T00:00:00+08:00,0.76,primary_derived,derived,,team_generated,false,golden
USS-G008-060,USER-G008,SKILL-060,54.8,65,179,730,0.8437,current_score=observed_score*2^(-evidence_age_days/half_life_days),EVID-G008-060,2026-09-13T00:00:00+08:00,1.2.0,derived,true,SRC-SYNTH,2026-09-13T00:00:00+08:00,0.82,primary_derived,derived,,team_generated,false,golden
USS-G009-001,USER-G009,SKILL-001,91.7,94,13,365,0.9756,current_score=observed_score*2^(-evidence_age_days/half_life_days),EVID-G009-001,2026-09-13T00:00:00+08:00,1.2.0,derived,true,SRC-SYNTH,2026-09-13T00:00:00+08:00,0.9,primary_derived,derived,,team_generated,false,golden
USS-G009-002,USER-G009,SKILL-002,39.6,64,253,365,0.6185,current_score=observed_score*2^(-evidence_age_days/half_life_days),EVID-G009-002,2026-09-13T00:00:00+08:00,1.2.0,derived,true,SRC-SYNTH,2026-09-13T00:00:00+08:00,0.9,primary_derived,derived,,team_generated,false,golden
USS-G009-003,USER-G009,SKILL-003,20.3,34,271,365,0.5977,current_score=observed_score*2^(-evidence_age_days/half_life_days),EVID-G009-003,2026-09-13T00:00:00+08:00,1.2.0,derived,true,SRC-SYNTH,2026-09-13T00:00:00+08:00,0.76,primary_derived,derived,,team_generated,false,golden
USS-G009-004,USER-G009,SKILL-004,22.1,52,450,365,0.4255,current_score=observed_score*2^(-evidence_age_days/half_life_days),EVID-G009-004,2026-09-13T00:00:00+08:00,1.2.0,derived,true,SRC-SYNTH,2026-09-13T00:00:00+08:00,0.58,primary_derived,derived,,team_generated,false,golden
USS-G009-005,USER-G009,SKILL-005,37.1,51,167,365,0.7282,current_score=observed_score*2^(-evidence_age_days/half_life_days),EVID-G009-005,2026-09-13T00:00:00+08:00,1.2.0,derived,true,SRC-SYNTH,2026-09-13T00:00:00+08:00,0.58,primary_derived,derived,,team_generated,false,golden
USS-G009-006,USER-G009,SKILL-006,25.9,42,254,365,0.6173,current_score=observed_score*2^(-evidence_age_days/half_life_days),EVID-G009-006,2026-09-13T00:00:00+08:00,1.2.0,derived,true,SRC-SYNTH,2026-09-13T00:00:00+08:00,0.76,primary_derived,derived,,team_generated,false,golden
USS-G009-007,USER-G009,SKILL-007,83.4,90,40,365,0.9269,current_score=observed_score*2^(-evidence_age_days/half_life_days),EVID-G009-007,2026-09-13T00:00:00+08:00,1.2.0,derived,true,SRC-SYNTH,2026-09-13T00:00:00+08:00,0.9,primary_derived,derived,,team_generated,false,golden
USS-G009-008,USER-G009,SKILL-008,91.7,94,13,365,0.9756,current_score=observed_score*2^(-evidence_age_days/half_life_days),EVID-G009-008,2026-09-13T00:00:00+08:00,1.2.0,derived,true,SRC-SYNTH,2026-09-13T00:00:00+08:00,0.9,primary_derived,derived,,team_generated,false,golden
USS-G009-009,USER-G009,SKILL-009,87,94,41,365,0.9251,current_score=observed_score*2^(-evidence_age_days/half_life_days),EVID-G009-009,2026-09-13T00:00:00+08:00,1.2.0,derived,true,SRC-SYNTH,2026-09-13T00:00:00+08:00,0.9,primary_derived,derived,,team_generated,false,golden
USS-G009-010,USER-G009,SKILL-010,52.8,63,93,365,0.8381,current_score=observed_score*2^(-evidence_age_days/half_life_days),EVID-G009-010,2026-09-13T00:00:00+08:00,1.2.0,derived,true,SRC-SYNTH,2026-09-13T00:00:00+08:00,0.82,primary_derived,derived,,team_generated,false,golden
USS-G009-011,USER-G009,SKILL-011,57.5,70,207,730,0.8216,current_score=observed_score*2^(-evidence_age_days/half_life_days),EVID-G009-011,2026-09-13T00:00:00+08:00,1.2.0,derived,true,SRC-SYNTH,2026-09-13T00:00:00+08:00,0.9,primary_derived,derived,,team_generated,false,golden
USS-G009-012,USER-G009,SKILL-012,13.2,48,680,365,0.2749,current_score=observed_score*2^(-evidence_age_days/half_life_days),EVID-G009-012,2026-09-13T00:00:00+08:00,1.2.0,derived,true,SRC-SYNTH,2026-09-13T00:00:00+08:00,0.58,primary_derived,derived,,team_generated,false,golden
USS-G009-013,USER-G009,SKILL-013,16.2,50,594,365,0.3237,current_score=observed_score*2^(-evidence_age_days/half_life_days),EVID-G009-013,2026-09-13T00:00:00+08:00,1.2.0,derived,true,SRC-SYNTH,2026-09-13T00:00:00+08:00,0.76,primary_derived,derived,,team_generated,false,golden
USS-G009-014,USER-G009,SKILL-014,46,59,131,365,0.7798,current_score=observed_score*2^(-evidence_age_days/half_life_days),EVID-G009-014,2026-09-13T00:00:00+08:00,1.2.0,derived,true,SRC-SYNTH,2026-09-13T00:00:00+08:00,0.58,primary_derived,derived,,team_generated,false,golden
USS-G009-015,USER-G009,SKILL-015,19.3,43,422,365,0.4487,current_score=observed_score*2^(-evidence_age_days/half_life_days),EVID-G009-015,2026-09-13T00:00:00+08:00,1.2.0,derived,true,SRC-SYNTH,2026-09-13T00:00:00+08:00,0.76,primary_derived,derived,,team_generated,false,golden
USS-G009-016,USER-G009,SKILL-016,68,70,15,365,0.9719,current_score=observed_score*2^(-evidence_age_days/half_life_days),EVID-G009-016,2026-09-13T00:00:00+08:00,1.2.0,derived,true,SRC-SYNTH,2026-09-13T00:00:00+08:00,0.76,primary_derived,derived,,team_generated,false,golden
USS-G009-017,USER-G009,SKILL-017,19.6,34,581,730,0.576,current_score=observed_score*2^(-evidence_age_days/half_life_days),EVID-G009-017,2026-09-13T00:00:00+08:00,1.2.0,derived,true,SRC-SYNTH,2026-09-13T00:00:00+08:00,0.76,primary_derived,derived,,team_generated,false,golden
USS-G009-018,USER-G009,SKILL-018,23.8,45,673,730,0.5278,current_score=observed_score*2^(-evidence_age_days/half_life_days),EVID-G009-018,2026-09-13T00:00:00+08:00,1.2.0,derived,true,SRC-SYNTH,2026-09-13T00:00:00+08:00,0.58,primary_derived,derived,,team_generated,false,golden
USS-G009-019,USER-G009,SKILL-019,30.8,54,296,365,0.57,current_score=observed_score*2^(-evidence_age_days/half_life_days),EVID-G009-019,2026-09-13T00:00:00+08:00,1.2.0,derived,true,SRC-SYNTH,2026-09-13T00:00:00+08:00,0.76,primary_derived,derived,,team_generated,false,golden
USS-G009-020,USER-G009,SKILL-020,31.7,48,218,365,0.661,current_score=observed_score*2^(-evidence_age_days/half_life_days),EVID-G009-020,2026-09-13T00:00:00+08:00,1.2.0,derived,true,SRC-SYNTH,2026-09-13T00:00:00+08:00,0.58,primary_derived,derived,,team_generated,false,golden
USS-G009-021,USER-G009,SKILL-021,14.1,45,610,365,0.314,current_score=observed_score*2^(-evidence_age_days/half_life_days),EVID-G009-021,2026-09-13T00:00:00+08:00,1.2.0,derived,true,SRC-SYNTH,2026-09-13T00:00:00+08:00,0.76,primary_derived,derived,,team_generated,false,golden
USS-G009-022,USER-G009,SKILL-022,56.1,65,78,365,0.8623,current_score=observed_score*2^(-evidence_age_days/half_life_days),EVID-G009-022,2026-09-13T00:00:00+08:00,1.2.0,derived,true,SRC-SYNTH,2026-09-13T00:00:00+08:00,0.82,primary_derived,derived,,team_generated,false,golden
USS-G009-023,USER-G009,SKILL-023,44.7,52,80,365,0.8591,current_score=observed_score*2^(-evidence_age_days/half_life_days),EVID-G009-023,2026-09-13T00:00:00+08:00,1.2.0,derived,true,SRC-SYNTH,2026-09-13T00:00:00+08:00,0.58,primary_derived,derived,,team_generated,false,golden
USS-G009-024,USER-G009,SKILL-024,12.5,35,542,365,0.3573,current_score=observed_score*2^(-evidence_age_days/half_life_days),EVID-G009-024,2026-09-13T00:00:00+08:00,1.2.0,derived,true,SRC-SYNTH,2026-09-13T00:00:00+08:00,0.58,primary_derived,derived,,team_generated,false,golden
USS-G009-025,USER-G009,SKILL-025,72.5,76,25,365,0.9536,current_score=observed_score*2^(-evidence_age_days/half_life_days),EVID-G009-025,2026-09-13T00:00:00+08:00,1.2.0,derived,true,SRC-SYNTH,2026-09-13T00:00:00+08:00,0.9,primary_derived,derived,,team_generated,false,golden
USS-G009-026,USER-G009,SKILL-026,46,71,229,365,0.6473,current_score=observed_score*2^(-evidence_age_days/half_life_days),EVID-G009-026,2026-09-13T00:00:00+08:00,1.2.0,derived,true,SRC-SYNTH,2026-09-13T00:00:00+08:00,0.82,primary_derived,derived,,team_generated,false,golden
USS-G009-027,USER-G009,SKILL-027,40.3,73,154,180,0.5527,current_score=observed_score*2^(-evidence_age_days/half_life_days),EVID-G009-027,2026-09-13T00:00:00+08:00,1.2.0,derived,true,SRC-SYNTH,2026-09-13T00:00:00+08:00,0.82,primary_derived,derived,,team_generated,false,golden
USS-G009-028,USER-G009,SKILL-028,35.7,62,143,180,0.5766,current_score=observed_score*2^(-evidence_age_days/half_life_days),EVID-G009-028,2026-09-13T00:00:00+08:00,1.2.0,derived,true,SRC-SYNTH,2026-09-13T00:00:00+08:00,0.76,primary_derived,derived,,team_generated,false,golden
USS-G009-029,USER-G009,SKILL-029,32.2,74,216,180,0.4353,current_score=observed_score*2^(-evidence_age_days/half_life_days),EVID-G009-029,2026-09-13T00:00:00+08:00,1.2.0,derived,true,SRC-SYNTH,2026-09-13T00:00:00+08:00,0.82,primary_derived,derived,,team_generated,false,golden
USS-G009-030,USER-G009,SKILL-030,24.7,69,267,180,0.3577,current_score=observed_score*2^(-evidence_age_days/half_life_days),EVID-G009-030,2026-09-13T00:00:00+08:00,1.2.0,derived,true,SRC-SYNTH,2026-09-13T00:00:00+08:00,0.82,primary_derived,derived,,team_generated,false,golden
USS-G009-031,USER-G009,SKILL-031,8.9,53,464,180,0.1675,current_score=observed_score*2^(-evidence_age_days/half_life_days),EVID-G009-031,2026-09-13T00:00:00+08:00,1.2.0,derived,true,SRC-SYNTH,2026-09-13T00:00:00+08:00,0.58,primary_derived,derived,,team_generated,false,golden
USS-G009-032,USER-G009,SKILL-032,14.1,35,478,365,0.4034,current_score=observed_score*2^(-evidence_age_days/half_life_days),EVID-G009-032,2026-09-13T00:00:00+08:00,1.2.0,derived,true,SRC-SYNTH,2026-09-13T00:00:00+08:00,0.76,primary_derived,derived,,team_generated,false,golden
USS-G009-033,USER-G009,SKILL-033,37.4,47,120,365,0.7962,current_score=observed_score*2^(-evidence_age_days/half_life_days),EVID-G009-033,2026-09-13T00:00:00+08:00,1.2.0,derived,true,SRC-SYNTH,2026-09-13T00:00:00+08:00,0.76,primary_derived,derived,,team_generated,false,golden
USS-G009-034,USER-G009,SKILL-034,84.2,86,11,365,0.9793,current_score=observed_score*2^(-evidence_age_days/half_life_days),EVID-G009-034,2026-09-13T00:00:00+08:00,1.2.0,derived,true,SRC-SYNTH,2026-09-13T00:00:00+08:00,0.9,primary_derived,derived,,team_generated,false,golden
USS-G009-035,USER-G009,SKILL-035,10.7,36,639,365,0.2972,current_score=observed_score*2^(-evidence_age_days/half_life_days),EVID-G009-035,2026-09-13T00:00:00+08:00,1.2.0,derived,true,SRC-SYNTH,2026-09-13T00:00:00+08:00,0.58,primary_derived,derived,,team_generated,false,golden
USS-G009-036,USER-G009,SKILL-036,4,36,572,180,0.1105,current_score=observed_score*2^(-evidence_age_days/half_life_days),EVID-G009-036,2026-09-13T00:00:00+08:00,1.2.0,derived,true,SRC-SYNTH,2026-09-13T00:00:00+08:00,0.58,primary_derived,derived,,team_generated,false,golden
USS-G009-037,USER-G009,SKILL-037,41.2,68,130,180,0.6062,current_score=observed_score*2^(-evidence_age_days/half_life_days),EVID-G009-037,2026-09-13T00:00:00+08:00,1.2.0,derived,true,SRC-SYNTH,2026-09-13T00:00:00+08:00,0.82,primary_derived,derived,,team_generated,false,golden
USS-G009-038,USER-G009,SKILL-038,2.6,36,683,180,0.0721,current_score=observed_score*2^(-evidence_age_days/half_life_days),EVID-G009-038,2026-09-13T00:00:00+08:00,1.2.0,derived,true,SRC-SYNTH,2026-09-13T00:00:00+08:00,0.76,primary_derived,derived,,team_generated,false,golden
USS-G009-039,USER-G009,SKILL-039,63.4,76,47,180,0.8344,current_score=observed_score*2^(-evidence_age_days/half_life_days),EVID-G009-039,2026-09-13T00:00:00+08:00,1.2.0,derived,true,SRC-SYNTH,2026-09-13T00:00:00+08:00,0.82,primary_derived,derived,,team_generated,false,golden
USS-G009-040,USER-G009,SKILL-040,42.1,61,195,365,0.6905,current_score=observed_score*2^(-evidence_age_days/half_life_days),EVID-G009-040,2026-09-13T00:00:00+08:00,1.2.0,derived,true,SRC-SYNTH,2026-09-13T00:00:00+08:00,0.82,primary_derived,derived,,team_generated,false,golden
USS-G009-041,USER-G009,SKILL-041,54.2,59,89,730,0.919,current_score=observed_score*2^(-evidence_age_days/half_life_days),EVID-G009-041,2026-09-13T00:00:00+08:00,1.2.0,derived,true,SRC-SYNTH,2026-09-13T00:00:00+08:00,0.58,primary_derived,derived,,team_generated,false,golden
USS-G009-042,USER-G009,SKILL-042,29.5,44,420,730,0.6711,current_score=observed_score*2^(-evidence_age_days/half_life_days),EVID-G009-042,2026-09-13T00:00:00+08:00,1.2.0,derived,true,SRC-SYNTH,2026-09-13T00:00:00+08:00,0.76,primary_derived,derived,,team_generated,false,golden
USS-G009-043,USER-G009,SKILL-043,87.8,94,36,365,0.9339,current_score=observed_score*2^(-evidence_age_days/half_life_days),EVID-G009-043,2026-09-13T00:00:00+08:00,1.2.0,derived,true,SRC-SYNTH,2026-09-13T00:00:00+08:00,0.9,primary_derived,derived,,team_generated,false,golden
USS-G009-044,USER-G009,SKILL-044,57.2,62,42,365,0.9233,current_score=observed_score*2^(-evidence_age_days/half_life_days),EVID-G009-044,2026-09-13T00:00:00+08:00,1.2.0,derived,true,SRC-SYNTH,2026-09-13T00:00:00+08:00,0.9,primary_derived,derived,,team_generated,false,golden
USS-G009-045,USER-G009,SKILL-045,45.7,70,225,365,0.6523,current_score=observed_score*2^(-evidence_age_days/half_life_days),EVID-G009-045,2026-09-13T00:00:00+08:00,1.2.0,derived,true,SRC-SYNTH,2026-09-13T00:00:00+08:00,0.9,primary_derived,derived,,team_generated,false,golden
USS-G009-046,USER-G009,SKILL-046,45.4,69,220,365,0.6585,current_score=observed_score*2^(-evidence_age_days/half_life_days),EVID-G009-046,2026-09-13T00:00:00+08:00,1.2.0,derived,true,SRC-SYNTH,2026-09-13T00:00:00+08:00,0.9,primary_derived,derived,,team_generated,false,golden
USS-G009-047,USER-G009,SKILL-047,53.7,66,109,365,0.813,current_score=observed_score*2^(-evidence_age_days/half_life_days),EVID-G009-047,2026-09-13T00:00:00+08:00,1.2.0,derived,true,SRC-SYNTH,2026-09-13T00:00:00+08:00,0.82,primary_derived,derived,,team_generated,false,golden
USS-G009-048,USER-G009,SKILL-048,79.9,84,53,730,0.9509,current_score=observed_score*2^(-evidence_age_days/half_life_days),EVID-G009-048,2026-09-13T00:00:00+08:00,1.2.0,derived,true,SRC-SYNTH,2026-09-13T00:00:00+08:00,0.9,primary_derived,derived,,team_generated,false,golden
USS-G009-049,USER-G009,SKILL-049,58.7,74,244,730,0.7932,current_score=observed_score*2^(-evidence_age_days/half_life_days),EVID-G009-049,2026-09-13T00:00:00+08:00,1.2.0,derived,true,SRC-SYNTH,2026-09-13T00:00:00+08:00,0.82,primary_derived,derived,,team_generated,false,golden
USS-G009-050,USER-G009,SKILL-050,92,94,23,730,0.9784,current_score=observed_score*2^(-evidence_age_days/half_life_days),EVID-G009-050,2026-09-13T00:00:00+08:00,1.2.0,derived,true,SRC-SYNTH,2026-09-13T00:00:00+08:00,0.9,primary_derived,derived,,team_generated,false,golden
USS-G009-051,USER-G009,SKILL-051,27.4,41,212,365,0.6686,current_score=observed_score*2^(-evidence_age_days/half_life_days),EVID-G009-051,2026-09-13T00:00:00+08:00,1.2.0,derived,true,SRC-SYNTH,2026-09-13T00:00:00+08:00,0.58,primary_derived,derived,,team_generated,false,golden
USS-G009-052,USER-G009,SKILL-052,77.5,85,97,730,0.912,current_score=observed_score*2^(-evidence_age_days/half_life_days),EVID-G009-052,2026-09-13T00:00:00+08:00,1.2.0,derived,true,SRC-SYNTH,2026-09-13T00:00:00+08:00,0.9,primary_derived,derived,,team_generated,false,golden
USS-G009-053,USER-G009,SKILL-053,55.8,60,76,730,0.9304,current_score=observed_score*2^(-evidence_age_days/half_life_days),EVID-G009-053,2026-09-13T00:00:00+08:00,1.2.0,derived,true,SRC-SYNTH,2026-09-13T00:00:00+08:00,0.76,primary_derived,derived,,team_generated,false,golden
USS-G009-054,USER-G009,SKILL-054,62.4,70,121,730,0.8915,current_score=observed_score*2^(-evidence_age_days/half_life_days),EVID-G009-054,2026-09-13T00:00:00+08:00,1.2.0,derived,true,SRC-SYNTH,2026-09-13T00:00:00+08:00,0.82,primary_derived,derived,,team_generated,false,golden
USS-G009-055,USER-G009,SKILL-055,20.3,39,689,730,0.5198,current_score=observed_score*2^(-evidence_age_days/half_life_days),EVID-G009-055,2026-09-13T00:00:00+08:00,1.2.0,derived,true,SRC-SYNTH,2026-09-13T00:00:00+08:00,0.76,primary_derived,derived,,team_generated,false,golden
USS-G009-056,USER-G009,SKILL-056,12.8,34,516,365,0.3753,current_score=observed_score*2^(-evidence_age_days/half_life_days),EVID-G009-056,2026-09-13T00:00:00+08:00,1.2.0,derived,true,SRC-SYNTH,2026-09-13T00:00:00+08:00,0.58,primary_derived,derived,,team_generated,false,golden
USS-G009-057,USER-G009,SKILL-057,24.5,49,366,365,0.4991,current_score=observed_score*2^(-evidence_age_days/half_life_days),EVID-G009-057,2026-09-13T00:00:00+08:00,1.2.0,derived,true,SRC-SYNTH,2026-09-13T00:00:00+08:00,0.58,primary_derived,derived,,team_generated,false,golden
USS-G009-058,USER-G009,SKILL-058,37.1,44,90,365,0.8429,current_score=observed_score*2^(-evidence_age_days/half_life_days),EVID-G009-058,2026-09-13T00:00:00+08:00,1.2.0,derived,true,SRC-SYNTH,2026-09-13T00:00:00+08:00,0.76,primary_derived,derived,,team_generated,false,golden
USS-G009-059,USER-G009,SKILL-059,23.3,44,668,730,0.5303,current_score=observed_score*2^(-evidence_age_days/half_life_days),EVID-G009-059,2026-09-13T00:00:00+08:00,1.2.0,derived,true,SRC-SYNTH,2026-09-13T00:00:00+08:00,0.58,primary_derived,derived,,team_generated,false,golden
USS-G009-060,USER-G009,SKILL-060,25.7,46,614,730,0.5582,current_score=observed_score*2^(-evidence_age_days/half_life_days),EVID-G009-060,2026-09-13T00:00:00+08:00,1.2.0,derived,true,SRC-SYNTH,2026-09-13T00:00:00+08:00,0.58,primary_derived,derived,,team_generated,false,golden
USS-G010-001,USER-G010,SKILL-001,76.4,86,62,365,0.8889,current_score=observed_score*2^(-evidence_age_days/half_life_days),EVID-G010-001,2026-09-13T00:00:00+08:00,1.2.0,derived,true,SRC-SYNTH,2026-09-13T00:00:00+08:00,0.9,primary_derived,derived,,team_generated,false,golden
USS-G010-002,USER-G010,SKILL-002,54.3,59,44,365,0.9198,current_score=observed_score*2^(-evidence_age_days/half_life_days),EVID-G010-002,2026-09-13T00:00:00+08:00,1.2.0,derived,true,SRC-SYNTH,2026-09-13T00:00:00+08:00,0.76,primary_derived,derived,,team_generated,false,golden
USS-G010-003,USER-G010,SKILL-003,46.3,59,128,365,0.7842,current_score=observed_score*2^(-evidence_age_days/half_life_days),EVID-G010-003,2026-09-13T00:00:00+08:00,1.2.0,derived,true,SRC-SYNTH,2026-09-13T00:00:00+08:00,0.58,primary_derived,derived,,team_generated,false,golden
USS-G010-004,USER-G010,SKILL-004,10.8,39,674,365,0.2781,current_score=observed_score*2^(-evidence_age_days/half_life_days),EVID-G010-004,2026-09-13T00:00:00+08:00,1.2.0,derived,true,SRC-SYNTH,2026-09-13T00:00:00+08:00,0.76,primary_derived,derived,,team_generated,false,golden
USS-G010-005,USER-G010,SKILL-005,24.7,47,339,365,0.5253,current_score=observed_score*2^(-evidence_age_days/half_life_days),EVID-G010-005,2026-09-13T00:00:00+08:00,1.2.0,derived,true,SRC-SYNTH,2026-09-13T00:00:00+08:00,0.76,primary_derived,derived,,team_generated,false,golden
USS-G010-006,USER-G010,SKILL-006,33.7,36,34,365,0.9375,current_score=observed_score*2^(-evidence_age_days/half_life_days),EVID-G010-006,2026-09-13T00:00:00+08:00,1.2.0,derived,true,SRC-SYNTH,2026-09-13T00:00:00+08:00,0.58,primary_derived,derived,,team_generated,false,golden
USS-G010-007,USER-G010,SKILL-007,42.8,44,15,365,0.9719,current_score=observed_score*2^(-evidence_age_days/half_life_days),EVID-G010-007,2026-09-13T00:00:00+08:00,1.2.0,derived,true,SRC-SYNTH,2026-09-13T00:00:00+08:00,0.76,primary_derived,derived,,team_generated,false,golden
USS-G010-008,USER-G010,SKILL-008,13.8,41,574,365,0.3362,current_score=observed_score*2^(-evidence_age_days/half_life_days),EVID-G010-008,2026-09-13T00:00:00+08:00,1.2.0,derived,true,SRC-SYNTH,2026-09-13T00:00:00+08:00,0.58,primary_derived,derived,,team_generated,false,golden
USS-G010-009,USER-G010,SKILL-009,24,40,269,365,0.6,current_score=observed_score*2^(-evidence_age_days/half_life_days),EVID-G010-009,2026-09-13T00:00:00+08:00,1.2.0,derived,true,SRC-SYNTH,2026-09-13T00:00:00+08:00,0.58,primary_derived,derived,,team_generated,false,golden
USS-G010-010,USER-G010,SKILL-010,53.3,62,80,365,0.8591,current_score=observed_score*2^(-evidence_age_days/half_life_days),EVID-G010-010,2026-09-13T00:00:00+08:00,1.2.0,derived,true,SRC-SYNTH,2026-09-13T00:00:00+08:00,0.76,primary_derived,derived,,team_generated,false,golden
USS-G010-011,USER-G010,SKILL-011,54.9,60,94,730,0.9146,current_score=observed_score*2^(-evidence_age_days/half_life_days),EVID-G010-011,2026-09-13T00:00:00+08:00,1.2.0,derived,true,SRC-SYNTH,2026-09-13T00:00:00+08:00,0.82,primary_derived,derived,,team_generated,false,golden
USS-G010-012,USER-G010,SKILL-012,10.4,37,670,365,0.2802,current_score=observed_score*2^(-evidence_age_days/half_life_days),EVID-G010-012,2026-09-13T00:00:00+08:00,1.2.0,derived,true,SRC-SYNTH,2026-09-13T00:00:00+08:00,0.58,primary_derived,derived,,team_generated,false,golden
USS-G010-013,USER-G010,SKILL-013,47.6,56,86,365,0.8493,current_score=observed_score*2^(-evidence_age_days/half_life_days),EVID-G010-013,2026-09-13T00:00:00+08:00,1.2.0,derived,true,SRC-SYNTH,2026-09-13T00:00:00+08:00,0.58,primary_derived,derived,,team_generated,false,golden
USS-G010-014,USER-G010,SKILL-014,56.1,62,53,365,0.9043,current_score=observed_score*2^(-evidence_age_days/half_life_days),EVID-G010-014,2026-09-13T00:00:00+08:00,1.2.0,derived,true,SRC-SYNTH,2026-09-13T00:00:00+08:00,0.82,primary_derived,derived,,team_generated,false,golden
USS-G010-015,USER-G010,SKILL-015,21.8,38,292,365,0.5743,current_score=observed_score*2^(-evidence_age_days/half_life_days),EVID-G010-015,2026-09-13T00:00:00+08:00,1.2.0,derived,true,SRC-SYNTH,2026-09-13T00:00:00+08:00,0.76,primary_derived,derived,,team_generated,false,golden
USS-G010-016,USER-G010,SKILL-016,17.5,42,460,365,0.4175,current_score=observed_score*2^(-evidence_age_days/half_life_days),EVID-G010-016,2026-09-13T00:00:00+08:00,1.2.0,derived,true,SRC-SYNTH,2026-09-13T00:00:00+08:00,0.58,primary_derived,derived,,team_generated,false,golden
USS-G010-017,USER-G010,SKILL-017,39.7,49,222,730,0.8099,current_score=observed_score*2^(-evidence_age_days/half_life_days),EVID-G010-017,2026-09-13T00:00:00+08:00,1.2.0,derived,true,SRC-SYNTH,2026-09-13T00:00:00+08:00,0.58,primary_derived,derived,,team_generated,false,golden
USS-G010-018,USER-G010,SKILL-018,36.3,53,399,730,0.6846,current_score=observed_score*2^(-evidence_age_days/half_life_days),EVID-G010-018,2026-09-13T00:00:00+08:00,1.2.0,derived,true,SRC-SYNTH,2026-09-13T00:00:00+08:00,0.58,primary_derived,derived,,team_generated,false,golden
USS-G010-019,USER-G010,SKILL-019,75,90,96,365,0.8333,current_score=observed_score*2^(-evidence_age_days/half_life_days),EVID-G010-019,2026-09-13T00:00:00+08:00,1.2.0,derived,true,SRC-SYNTH,2026-09-13T00:00:00+08:00,0.9,primary_derived,derived,,team_generated,false,golden
USS-G010-020,USER-G010,SKILL-020,80.5,83,16,365,0.9701,current_score=observed_score*2^(-evidence_age_days/half_life_days),EVID-G010-020,2026-09-13T00:00:00+08:00,1.2.0,derived,true,SRC-SYNTH,2026-09-13T00:00:00+08:00,0.9,primary_derived,derived,,team_generated,false,golden
USS-G010-021,USER-G010,SKILL-021,52.5,72,166,365,0.7296,current_score=observed_score*2^(-evidence_age_days/half_life_days),EVID-G010-021,2026-09-13T00:00:00+08:00,1.2.0,derived,true,SRC-SYNTH,2026-09-13T00:00:00+08:00,0.76,primary_derived,derived,,team_generated,false,golden
USS-G010-022,USER-G010,SKILL-022,76.2,78,12,365,0.9775,current_score=observed_score*2^(-evidence_age_days/half_life_days),EVID-G010-022,2026-09-13T00:00:00+08:00,1.2.0,derived,true,SRC-SYNTH,2026-09-13T00:00:00+08:00,0.76,primary_derived,derived,,team_generated,false,golden
USS-G010-023,USER-G010,SKILL-023,48.9,58,90,365,0.8429,current_score=observed_score*2^(-evidence_age_days/half_life_days),EVID-G010-023,2026-09-13T00:00:00+08:00,1.2.0,derived,true,SRC-SYNTH,2026-09-13T00:00:00+08:00,0.76,primary_derived,derived,,team_generated,false,golden
USS-G010-024,USER-G010,SKILL-024,36.1,52,192,365,0.6945,current_score=observed_score*2^(-evidence_age_days/half_life_days),EVID-G010-024,2026-09-13T00:00:00+08:00,1.2.0,derived,true,SRC-SYNTH,2026-09-13T00:00:00+08:00,0.76,primary_derived,derived,,team_generated,false,golden
USS-G010-025,USER-G010,SKILL-025,65.7,79,97,365,0.8318,current_score=observed_score*2^(-evidence_age_days/half_life_days),EVID-G010-025,2026-09-13T00:00:00+08:00,1.2.0,derived,true,SRC-SYNTH,2026-09-13T00:00:00+08:00,0.82,primary_derived,derived,,team_generated,false,golden
USS-G010-026,USER-G010,SKILL-026,47.3,59,116,365,0.8023,current_score=observed_score*2^(-evidence_age_days/half_life_days),EVID-G010-026,2026-09-13T00:00:00+08:00,1.2.0,derived,true,SRC-SYNTH,2026-09-13T00:00:00+08:00,0.58,primary_derived,derived,,team_generated,false,golden
USS-G010-027,USER-G010,SKILL-027,6.6,44,492,180,0.1504,current_score=observed_score*2^(-evidence_age_days/half_life_days),EVID-G010-027,2026-09-13T00:00:00+08:00,1.2.0,derived,true,SRC-SYNTH,2026-09-13T00:00:00+08:00,0.58,primary_derived,derived,,team_generated,false,golden
USS-G010-028,USER-G010,SKILL-028,40.6,67,130,180,0.6062,current_score=observed_score*2^(-evidence_age_days/half_life_days),EVID-G010-028,2026-09-13T00:00:00+08:00,1.2.0,derived,true,SRC-SYNTH,2026-09-13T00:00:00+08:00,0.76,primary_derived,derived,,team_generated,false,golden
USS-G010-029,USER-G010,SKILL-029,11.6,40,322,180,0.2894,current_score=observed_score*2^(-evidence_age_days/half_life_days),EVID-G010-029,2026-09-13T00:00:00+08:00,1.2.0,derived,true,SRC-SYNTH,2026-09-13T00:00:00+08:00,0.76,primary_derived,derived,,team_generated,false,golden
USS-G010-030,USER-G010,SKILL-030,25,62,236,180,0.403,current_score=observed_score*2^(-evidence_age_days/half_life_days),EVID-G010-030,2026-09-13T00:00:00+08:00,1.2.0,derived,true,SRC-SYNTH,2026-09-13T00:00:00+08:00,0.9,primary_derived,derived,,team_generated,false,golden
USS-G010-031,USER-G010,SKILL-031,4,40,598,180,0.1,current_score=observed_score*2^(-evidence_age_days/half_life_days),EVID-G010-031,2026-09-13T00:00:00+08:00,1.2.0,derived,true,SRC-SYNTH,2026-09-13T00:00:00+08:00,0.58,primary_derived,derived,,team_generated,false,golden
USS-G010-032,USER-G010,SKILL-032,17.5,40,435,365,0.4378,current_score=observed_score*2^(-evidence_age_days/half_life_days),EVID-G010-032,2026-09-13T00:00:00+08:00,1.2.0,derived,true,SRC-SYNTH,2026-09-13T00:00:00+08:00,0.58,primary_derived,derived,,team_generated,false,golden
USS-G010-033,USER-G010,SKILL-033,67.7,80,88,365,0.8461,current_score=observed_score*2^(-evidence_age_days/half_life_days),EVID-G010-033,2026-09-13T00:00:00+08:00,1.2.0,derived,true,SRC-SYNTH,2026-09-13T00:00:00+08:00,0.9,primary_derived,derived,,team_generated,false,golden
USS-G010-034,USER-G010,SKILL-034,31.5,51,254,365,0.6173,current_score=observed_score*2^(-evidence_age_days/half_life_days),EVID-G010-034,2026-09-13T00:00:00+08:00,1.2.0,derived,true,SRC-SYNTH,2026-09-13T00:00:00+08:00,0.76,primary_derived,derived,,team_generated,false,golden
USS-G010-035,USER-G010,SKILL-035,14.4,45,600,365,0.32,current_score=observed_score*2^(-evidence_age_days/half_life_days),EVID-G010-035,2026-09-13T00:00:00+08:00,1.2.0,derived,true,SRC-SYNTH,2026-09-13T00:00:00+08:00,0.76,primary_derived,derived,,team_generated,false,golden
USS-G010-036,USER-G010,SKILL-036,57.6,86,104,180,0.67,current_score=observed_score*2^(-evidence_age_days/half_life_days),EVID-G010-036,2026-09-13T00:00:00+08:00,1.2.0,derived,true,SRC-SYNTH,2026-09-13T00:00:00+08:00,0.9,primary_derived,derived,,team_generated,false,golden
USS-G010-037,USER-G010,SKILL-037,11.6,54,400,180,0.2143,current_score=observed_score*2^(-evidence_age_days/half_life_days),EVID-G010-037,2026-09-13T00:00:00+08:00,1.2.0,derived,true,SRC-SYNTH,2026-09-13T00:00:00+08:00,0.76,primary_derived,derived,,team_generated,false,golden
USS-G010-038,USER-G010,SKILL-038,3.4,46,675,180,0.0743,current_score=observed_score*2^(-evidence_age_days/half_life_days),EVID-G010-038,2026-09-13T00:00:00+08:00,1.2.0,derived,true,SRC-SYNTH,2026-09-13T00:00:00+08:00,0.58,primary_derived,derived,,team_generated,false,golden
USS-G010-039,USER-G010,SKILL-039,9,51,450,180,0.1768,current_score=observed_score*2^(-evidence_age_days/half_life_days),EVID-G010-039,2026-09-13T00:00:00+08:00,1.2.0,derived,true,SRC-SYNTH,2026-09-13T00:00:00+08:00,0.76,primary_derived,derived,,team_generated,false,golden
USS-G010-040,USER-G010,SKILL-040,14.5,40,536,365,0.3614,current_score=observed_score*2^(-evidence_age_days/half_life_days),EVID-G010-040,2026-09-13T00:00:00+08:00,1.2.0,derived,true,SRC-SYNTH,2026-09-13T00:00:00+08:00,0.58,primary_derived,derived,,team_generated,false,golden
USS-G010-041,USER-G010,SKILL-041,52.6,64,206,730,0.8223,current_score=observed_score*2^(-evidence_age_days/half_life_days),EVID-G010-041,2026-09-13T00:00:00+08:00,1.2.0,derived,true,SRC-SYNTH,2026-09-13T00:00:00+08:00,0.76,primary_derived,derived,,team_generated,false,golden
USS-G010-042,USER-G010,SKILL-042,37.8,47,230,730,0.8038,current_score=observed_score*2^(-evidence_age_days/half_life_days),EVID-G010-042,2026-09-13T00:00:00+08:00,1.2.0,derived,true,SRC-SYNTH,2026-09-13T00:00:00+08:00,0.76,primary_derived,derived,,team_generated,false,golden
USS-G010-043,USER-G010,SKILL-043,55.3,64,77,365,0.864,current_score=observed_score*2^(-evidence_age_days/half_life_days),EVID-G010-043,2026-09-13T00:00:00+08:00,1.2.0,derived,true,SRC-SYNTH,2026-09-13T00:00:00+08:00,0.82,primary_derived,derived,,team_generated,false,golden
USS-G010-044,USER-G010,SKILL-044,49.5,70,182,365,0.7078,current_score=observed_score*2^(-evidence_age_days/half_life_days),EVID-G010-044,2026-09-13T00:00:00+08:00,1.2.0,derived,true,SRC-SYNTH,2026-09-13T00:00:00+08:00,0.82,primary_derived,derived,,team_generated,false,golden
USS-G010-045,USER-G010,SKILL-045,51.9,59,68,365,0.8789,current_score=observed_score*2^(-evidence_age_days/half_life_days),EVID-G010-045,2026-09-13T00:00:00+08:00,1.2.0,derived,true,SRC-SYNTH,2026-09-13T00:00:00+08:00,0.58,primary_derived,derived,,team_generated,false,golden
USS-G010-046,USER-G010,SKILL-046,34.4,53,227,365,0.6498,current_score=observed_score*2^(-evidence_age_days/half_life_days),EVID-G010-046,2026-09-13T00:00:00+08:00,1.2.0,derived,true,SRC-SYNTH,2026-09-13T00:00:00+08:00,0.76,primary_derived,derived,,team_generated,false,golden
USS-G010-047,USER-G010,SKILL-047,26.6,52,353,365,0.5115,current_score=observed_score*2^(-evidence_age_days/half_life_days),EVID-G010-047,2026-09-13T00:00:00+08:00,1.2.0,derived,true,SRC-SYNTH,2026-09-13T00:00:00+08:00,0.76,primary_derived,derived,,team_generated,false,golden
USS-G010-048,USER-G010,SKILL-048,27.4,43,476,730,0.6364,current_score=observed_score*2^(-evidence_age_days/half_life_days),EVID-G010-048,2026-09-13T00:00:00+08:00,1.2.0,derived,true,SRC-SYNTH,2026-09-13T00:00:00+08:00,0.58,primary_derived,derived,,team_generated,false,golden
USS-G010-049,USER-G010,SKILL-049,58.1,63,85,730,0.9225,current_score=observed_score*2^(-evidence_age_days/half_life_days),EVID-G010-049,2026-09-13T00:00:00+08:00,1.2.0,derived,true,SRC-SYNTH,2026-09-13T00:00:00+08:00,0.9,primary_derived,derived,,team_generated,false,golden
USS-G010-050,USER-G010,SKILL-050,25.9,38,403,730,0.682,current_score=observed_score*2^(-evidence_age_days/half_life_days),EVID-G010-050,2026-09-13T00:00:00+08:00,1.2.0,derived,true,SRC-SYNTH,2026-09-13T00:00:00+08:00,0.76,primary_derived,derived,,team_generated,false,golden
USS-G010-051,USER-G010,SKILL-051,32.8,42,130,365,0.7812,current_score=observed_score*2^(-evidence_age_days/half_life_days),EVID-G010-051,2026-09-13T00:00:00+08:00,1.2.0,derived,true,SRC-SYNTH,2026-09-13T00:00:00+08:00,0.58,primary_derived,derived,,team_generated,false,golden
USS-G010-052,USER-G010,SKILL-052,49.7,60,198,730,0.8286,current_score=observed_score*2^(-evidence_age_days/half_life_days),EVID-G010-052,2026-09-13T00:00:00+08:00,1.2.0,derived,true,SRC-SYNTH,2026-09-13T00:00:00+08:00,0.76,primary_derived,derived,,team_generated,false,golden
USS-G010-053,USER-G010,SKILL-053,57.2,60,50,730,0.9536,current_score=observed_score*2^(-evidence_age_days/half_life_days),EVID-G010-053,2026-09-13T00:00:00+08:00,1.2.0,derived,true,SRC-SYNTH,2026-09-13T00:00:00+08:00,0.76,primary_derived,derived,,team_generated,false,golden
USS-G010-054,USER-G010,SKILL-054,80.2,81,10,730,0.9905,current_score=observed_score*2^(-evidence_age_days/half_life_days),EVID-G010-054,2026-09-13T00:00:00+08:00,1.2.0,derived,true,SRC-SYNTH,2026-09-13T00:00:00+08:00,0.9,primary_derived,derived,,team_generated,false,golden
USS-G010-055,USER-G010,SKILL-055,19.1,34,606,730,0.5625,current_score=observed_score*2^(-evidence_age_days/half_life_days),EVID-G010-055,2026-09-13T00:00:00+08:00,1.2.0,derived,true,SRC-SYNTH,2026-09-13T00:00:00+08:00,0.76,primary_derived,derived,,team_generated,false,golden
USS-G010-056,USER-G010,SKILL-056,14.1,37,507,365,0.3818,current_score=observed_score*2^(-evidence_age_days/half_life_days),EVID-G010-056,2026-09-13T00:00:00+08:00,1.2.0,derived,true,SRC-SYNTH,2026-09-13T00:00:00+08:00,0.58,primary_derived,derived,,team_generated,false,golden
USS-G010-057,USER-G010,SKILL-057,10,35,660,365,0.2855,current_score=observed_score*2^(-evidence_age_days/half_life_days),EVID-G010-057,2026-09-13T00:00:00+08:00,1.2.0,derived,true,SRC-SYNTH,2026-09-13T00:00:00+08:00,0.58,primary_derived,derived,,team_generated,false,golden
USS-G010-058,USER-G010,SKILL-058,15.8,39,476,365,0.405,current_score=observed_score*2^(-evidence_age_days/half_life_days),EVID-G010-058,2026-09-13T00:00:00+08:00,1.2.0,derived,true,SRC-SYNTH,2026-09-13T00:00:00+08:00,0.58,primary_derived,derived,,team_generated,false,golden
USS-G010-059,USER-G010,SKILL-059,36.1,43,183,730,0.8405,current_score=observed_score*2^(-evidence_age_days/half_life_days),EVID-G010-059,2026-09-13T00:00:00+08:00,1.2.0,derived,true,SRC-SYNTH,2026-09-13T00:00:00+08:00,0.58,primary_derived,derived,,team_generated,false,golden
USS-G010-060,USER-G010,SKILL-060,29.1,44,436,730,0.661,current_score=observed_score*2^(-evidence_age_days/half_life_days),EVID-G010-060,2026-09-13T00:00:00+08:00,1.2.0,derived,true,SRC-SYNTH,2026-09-13T00:00:00+08:00,0.58,primary_derived,derived,,team_generated,false,golden
USS-G011-001,USER-G011,SKILL-001,33.3,41,110,365,0.8115,current_score=observed_score*2^(-evidence_age_days/half_life_days),EVID-G011-001,2026-09-13T00:00:00+08:00,1.2.0,derived,true,SRC-SYNTH,2026-09-13T00:00:00+08:00,0.58,primary_derived,derived,,team_generated,false,golden
USS-G011-002,USER-G011,SKILL-002,41.1,57,172,365,0.7213,current_score=observed_score*2^(-evidence_age_days/half_life_days),EVID-G011-002,2026-09-13T00:00:00+08:00,1.2.0,derived,true,SRC-SYNTH,2026-09-13T00:00:00+08:00,0.76,primary_derived,derived,,team_generated,false,golden
USS-G011-003,USER-G011,SKILL-003,43.2,61,182,365,0.7078,current_score=observed_score*2^(-evidence_age_days/half_life_days),EVID-G011-003,2026-09-13T00:00:00+08:00,1.2.0,derived,true,SRC-SYNTH,2026-09-13T00:00:00+08:00,0.9,primary_derived,derived,,team_generated,false,golden
USS-G011-004,USER-G011,SKILL-004,14.7,41,539,365,0.3593,current_score=observed_score*2^(-evidence_age_days/half_life_days),EVID-G011-004,2026-09-13T00:00:00+08:00,1.2.0,derived,true,SRC-SYNTH,2026-09-13T00:00:00+08:00,0.76,primary_derived,derived,,team_generated,false,golden
USS-G011-005,USER-G011,SKILL-005,13.8,34,476,365,0.405,current_score=observed_score*2^(-evidence_age_days/half_life_days),EVID-G011-005,2026-09-13T00:00:00+08:00,1.2.0,derived,true,SRC-SYNTH,2026-09-13T00:00:00+08:00,0.58,primary_derived,derived,,team_generated,false,golden
USS-G011-006,USER-G011,SKILL-006,24.8,38,224,365,0.6535,current_score=observed_score*2^(-evidence_age_days/half_life_days),EVID-G011-006,2026-09-13T00:00:00+08:00,1.2.0,derived,true,SRC-SYNTH,2026-09-13T00:00:00+08:00,0.76,primary_derived,derived,,team_generated,false,golden
USS-G011-007,USER-G011,SKILL-007,61.2,63,15,365,0.9719,current_score=observed_score*2^(-evidence_age_days/half_life_days),EVID-G011-007,2026-09-13T00:00:00+08:00,1.2.0,derived,true,SRC-SYNTH,2026-09-13T00:00:00+08:00,0.9,primary_derived,derived,,team_generated,false,golden
USS-G011-008,USER-G011,SKILL-008,43.8,57,139,365,0.768,current_score=observed_score*2^(-evidence_age_days/half_life_days),EVID-G011-008,2026-09-13T00:00:00+08:00,1.2.0,derived,true,SRC-SYNTH,2026-09-13T00:00:00+08:00,0.58,primary_derived,derived,,team_generated,false,golden
USS-G011-009,USER-G011,SKILL-009,71.3,83,80,365,0.8591,current_score=observed_score*2^(-evidence_age_days/half_life_days),EVID-G011-009,2026-09-13T00:00:00+08:00,1.2.0,derived,true,SRC-SYNTH,2026-09-13T00:00:00+08:00,0.9,primary_derived,derived,,team_generated,false,golden
USS-G011-010,USER-G011,SKILL-010,76.1,78,13,365,0.9756,current_score=observed_score*2^(-evidence_age_days/half_life_days),EVID-G011-010,2026-09-13T00:00:00+08:00,1.2.0,derived,true,SRC-SYNTH,2026-09-13T00:00:00+08:00,0.9,primary_derived,derived,,team_generated,false,golden
USS-G011-011,USER-G011,SKILL-011,65.2,72,104,730,0.906,current_score=observed_score*2^(-evidence_age_days/half_life_days),EVID-G011-011,2026-09-13T00:00:00+08:00,1.2.0,derived,true,SRC-SYNTH,2026-09-13T00:00:00+08:00,0.76,primary_derived,derived,,team_generated,false,golden
USS-G011-012,USER-G011,SKILL-012,61.8,64,18,365,0.9664,current_score=observed_score*2^(-evidence_age_days/half_life_days),EVID-G011-012,2026-09-13T00:00:00+08:00,1.2.0,derived,true,SRC-SYNTH,2026-09-13T00:00:00+08:00,0.76,primary_derived,derived,,team_generated,false,golden
USS-G011-013,USER-G011,SKILL-013,63.1,66,24,365,0.9554,current_score=observed_score*2^(-evidence_age_days/half_life_days),EVID-G011-013,2026-09-13T00:00:00+08:00,1.2.0,derived,true,SRC-SYNTH,2026-09-13T00:00:00+08:00,0.76,primary_derived,derived,,team_generated,false,golden
USS-G011-014,USER-G011,SKILL-014,60.8,72,89,365,0.8445,current_score=observed_score*2^(-evidence_age_days/half_life_days),EVID-G011-014,2026-09-13T00:00:00+08:00,1.2.0,derived,true,SRC-SYNTH,2026-09-13T00:00:00+08:00,0.76,primary_derived,derived,,team_generated,false,golden
USS-G011-015,USER-G011,SKILL-015,73.3,76,19,365,0.9646,current_score=observed_score*2^(-evidence_age_days/half_life_days),EVID-G011-015,2026-09-13T00:00:00+08:00,1.2.0,derived,true,SRC-SYNTH,2026-09-13T00:00:00+08:00,0.82,primary_derived,derived,,team_generated,false,golden
USS-G011-016,USER-G011,SKILL-016,65.2,72,52,365,0.906,current_score=observed_score*2^(-evidence_age_days/half_life_days),EVID-G011-016,2026-09-13T00:00:00+08:00,1.2.0,derived,true,SRC-SYNTH,2026-09-13T00:00:00+08:00,0.76,primary_derived,derived,,team_generated,false,golden
USS-G011-017,USER-G011,SKILL-017,25.1,35,351,730,0.7166,current_score=observed_score*2^(-evidence_age_days/half_life_days),EVID-G011-017,2026-09-13T00:00:00+08:00,1.2.0,derived,true,SRC-SYNTH,2026-09-13T00:00:00+08:00,0.58,primary_derived,derived,,team_generated,false,golden
USS-G011-018,USER-G011,SKILL-018,45.4,58,257,730,0.7835,current_score=observed_score*2^(-evidence_age_days/half_life_days),EVID-G011-018,2026-09-13T00:00:00+08:00,1.2.0,derived,true,SRC-SYNTH,2026-09-13T00:00:00+08:00,0.76,primary_derived,derived,,team_generated,false,golden
USS-G011-019,USER-G011,SKILL-019,27.7,52,331,365,0.5333,current_score=observed_score*2^(-evidence_age_days/half_life_days),EVID-G011-019,2026-09-13T00:00:00+08:00,1.2.0,derived,true,SRC-SYNTH,2026-09-13T00:00:00+08:00,0.76,primary_derived,derived,,team_generated,false,golden
USS-G011-020,USER-G011,SKILL-020,18.4,53,556,365,0.3479,current_score=observed_score*2^(-evidence_age_days/half_life_days),EVID-G011-020,2026-09-13T00:00:00+08:00,1.2.0,derived,true,SRC-SYNTH,2026-09-13T00:00:00+08:00,0.58,primary_derived,derived,,team_generated,false,golden
USS-G011-021,USER-G011,SKILL-021,45.2,65,191,365,0.6958,current_score=observed_score*2^(-evidence_age_days/half_life_days),EVID-G011-021,2026-09-13T00:00:00+08:00,1.2.0,derived,true,SRC-SYNTH,2026-09-13T00:00:00+08:00,0.9,primary_derived,derived,,team_generated,false,golden
USS-G011-022,USER-G011,SKILL-022,12.2,36,568,365,0.3401,current_score=observed_score*2^(-evidence_age_days/half_life_days),EVID-G011-022,2026-09-13T00:00:00+08:00,1.2.0,derived,true,SRC-SYNTH,2026-09-13T00:00:00+08:00,0.76,primary_derived,derived,,team_generated,false,golden
USS-G011-023,USER-G011,SKILL-023,33.5,48,190,365,0.6971,current_score=observed_score*2^(-evidence_age_days/half_life_days),EVID-G011-023,2026-09-13T00:00:00+08:00,1.2.0,derived,true,SRC-SYNTH,2026-09-13T00:00:00+08:00,0.58,primary_derived,derived,,team_generated,false,golden
USS-G011-024,USER-G011,SKILL-024,12.4,46,689,365,0.2702,current_score=observed_score*2^(-evidence_age_days/half_life_days),EVID-G011-024,2026-09-13T00:00:00+08:00,1.2.0,derived,true,SRC-SYNTH,2026-09-13T00:00:00+08:00,0.76,primary_derived,derived,,team_generated,false,golden
USS-G011-025,USER-G011,SKILL-025,46.1,64,173,365,0.72,current_score=observed_score*2^(-evidence_age_days/half_life_days),EVID-G011-025,2026-09-13T00:00:00+08:00,1.2.0,derived,true,SRC-SYNTH,2026-09-13T00:00:00+08:00,0.82,primary_derived,derived,,team_generated,false,golden
USS-G011-026,USER-G011,SKILL-026,41.6,61,201,365,0.6827,current_score=observed_score*2^(-evidence_age_days/half_life_days),EVID-G011-026,2026-09-13T00:00:00+08:00,1.2.0,derived,true,SRC-SYNTH,2026-09-13T00:00:00+08:00,0.9,primary_derived,derived,,team_generated,false,golden
USS-G011-027,USER-G011,SKILL-027,36.4,69,166,180,0.5277,current_score=observed_score*2^(-evidence_age_days/half_life_days),EVID-G011-027,2026-09-13T00:00:00+08:00,1.2.0,derived,true,SRC-SYNTH,2026-09-13T00:00:00+08:00,0.76,primary_derived,derived,,team_generated,false,golden
USS-G011-028,USER-G011,SKILL-028,27.8,65,221,180,0.427,current_score=observed_score*2^(-evidence_age_days/half_life_days),EVID-G011-028,2026-09-13T00:00:00+08:00,1.2.0,derived,true,SRC-SYNTH,2026-09-13T00:00:00+08:00,0.82,primary_derived,derived,,team_generated,false,golden
USS-G011-029,USER-G011,SKILL-029,53,66,57,180,0.8029,current_score=observed_score*2^(-evidence_age_days/half_life_days),EVID-G011-029,2026-09-13T00:00:00+08:00,1.2.0,derived,true,SRC-SYNTH,2026-09-13T00:00:00+08:00,0.9,primary_derived,derived,,team_generated,false,golden
USS-G011-030,USER-G011,SKILL-030,24.3,53,202,180,0.4594,current_score=observed_score*2^(-evidence_age_days/half_life_days),EVID-G011-030,2026-09-13T00:00:00+08:00,1.2.0,derived,true,SRC-SYNTH,2026-09-13T00:00:00+08:00,0.58,primary_derived,derived,,team_generated,false,golden
USS-G011-031,USER-G011,SKILL-031,3.8,47,652,180,0.0812,current_score=observed_score*2^(-evidence_age_days/half_life_days),EVID-G011-031,2026-09-13T00:00:00+08:00,1.2.0,derived,true,SRC-SYNTH,2026-09-13T00:00:00+08:00,0.76,primary_derived,derived,,team_generated,false,golden
USS-G011-032,USER-G011,SKILL-032,30.4,54,303,365,0.5625,current_score=observed_score*2^(-evidence_age_days/half_life_days),EVID-G011-032,2026-09-13T00:00:00+08:00,1.2.0,derived,true,SRC-SYNTH,2026-09-13T00:00:00+08:00,0.58,primary_derived,derived,,team_generated,false,golden
USS-G011-033,USER-G011,SKILL-033,19.5,36,324,365,0.5405,current_score=observed_score*2^(-evidence_age_days/half_life_days),EVID-G011-033,2026-09-13T00:00:00+08:00,1.2.0,derived,true,SRC-SYNTH,2026-09-13T00:00:00+08:00,0.76,primary_derived,derived,,team_generated,false,golden
USS-G011-034,USER-G011,SKILL-034,57.3,69,98,365,0.8302,current_score=observed_score*2^(-evidence_age_days/half_life_days),EVID-G011-034,2026-09-13T00:00:00+08:00,1.2.0,derived,true,SRC-SYNTH,2026-09-13T00:00:00+08:00,0.76,primary_derived,derived,,team_generated,false,golden
USS-G011-035,USER-G011,SKILL-035,56.8,62,46,365,0.9164,current_score=observed_score*2^(-evidence_age_days/half_life_days),EVID-G011-035,2026-09-13T00:00:00+08:00,1.2.0,derived,true,SRC-SYNTH,2026-09-13T00:00:00+08:00,0.9,primary_derived,derived,,team_generated,false,golden
USS-G011-036,USER-G011,SKILL-036,32.4,71,204,180,0.4559,current_score=observed_score*2^(-evidence_age_days/half_life_days),EVID-G011-036,2026-09-13T00:00:00+08:00,1.2.0,derived,true,SRC-SYNTH,2026-09-13T00:00:00+08:00,0.76,primary_derived,derived,,team_generated,false,golden
USS-G011-037,USER-G011,SKILL-037,7.9,46,459,180,0.1708,current_score=observed_score*2^(-evidence_age_days/half_life_days),EVID-G011-037,2026-09-13T00:00:00+08:00,1.2.0,derived,true,SRC-SYNTH,2026-09-13T00:00:00+08:00,0.58,primary_derived,derived,,team_generated,false,golden
USS-G011-038,USER-G011,SKILL-038,39.9,56,88,180,0.7126,current_score=observed_score*2^(-evidence_age_days/half_life_days),EVID-G011-038,2026-09-13T00:00:00+08:00,1.2.0,derived,true,SRC-SYNTH,2026-09-13T00:00:00+08:00,0.76,primary_derived,derived,,team_generated,false,golden
USS-G011-039,USER-G011,SKILL-039,53.8,71,72,180,0.7579,current_score=observed_score*2^(-evidence_age_days/half_life_days),EVID-G011-039,2026-09-13T00:00:00+08:00,1.2.0,derived,true,SRC-SYNTH,2026-09-13T00:00:00+08:00,0.82,primary_derived,derived,,team_generated,false,golden
USS-G011-040,USER-G011,SKILL-040,29,38,143,365,0.7622,current_score=observed_score*2^(-evidence_age_days/half_life_days),EVID-G011-040,2026-09-13T00:00:00+08:00,1.2.0,derived,true,SRC-SYNTH,2026-09-13T00:00:00+08:00,0.76,primary_derived,derived,,team_generated,false,golden
USS-G011-041,USER-G011,SKILL-041,55.5,63,133,730,0.8814,current_score=observed_score*2^(-evidence_age_days/half_life_days),EVID-G011-041,2026-09-13T00:00:00+08:00,1.2.0,derived,true,SRC-SYNTH,2026-09-13T00:00:00+08:00,0.82,primary_derived,derived,,team_generated,false,golden
USS-G011-042,USER-G011,SKILL-042,57.8,68,172,730,0.8493,current_score=observed_score*2^(-evidence_age_days/half_life_days),EVID-G011-042,2026-09-13T00:00:00+08:00,1.2.0,derived,true,SRC-SYNTH,2026-09-13T00:00:00+08:00,0.82,primary_derived,derived,,team_generated,false,golden
USS-G011-043,USER-G011,SKILL-043,52.4,70,152,365,0.7493,current_score=observed_score*2^(-evidence_age_days/half_life_days),EVID-G011-043,2026-09-13T00:00:00+08:00,1.2.0,derived,true,SRC-SYNTH,2026-09-13T00:00:00+08:00,0.82,primary_derived,derived,,team_generated,false,golden
USS-G011-044,USER-G011,SKILL-044,23.5,54,437,365,0.4361,current_score=observed_score*2^(-evidence_age_days/half_life_days),EVID-G011-044,2026-09-13T00:00:00+08:00,1.2.0,derived,true,SRC-SYNTH,2026-09-13T00:00:00+08:00,0.58,primary_derived,derived,,team_generated,false,golden
USS-G011-045,USER-G011,SKILL-045,74.4,86,76,365,0.8656,current_score=observed_score*2^(-evidence_age_days/half_life_days),EVID-G011-045,2026-09-13T00:00:00+08:00,1.2.0,derived,true,SRC-SYNTH,2026-09-13T00:00:00+08:00,0.9,primary_derived,derived,,team_generated,false,golden
USS-G011-046,USER-G011,SKILL-046,79.2,84,31,365,0.9428,current_score=observed_score*2^(-evidence_age_days/half_life_days),EVID-G011-046,2026-09-13T00:00:00+08:00,1.2.0,derived,true,SRC-SYNTH,2026-09-13T00:00:00+08:00,0.9,primary_derived,derived,,team_generated,false,golden
USS-G011-047,USER-G011,SKILL-047,24.7,51,381,365,0.485,current_score=observed_score*2^(-evidence_age_days/half_life_days),EVID-G011-047,2026-09-13T00:00:00+08:00,1.2.0,derived,true,SRC-SYNTH,2026-09-13T00:00:00+08:00,0.76,primary_derived,derived,,team_generated,false,golden
USS-G011-048,USER-G011,SKILL-048,31.1,54,580,730,0.5765,current_score=observed_score*2^(-evidence_age_days/half_life_days),EVID-G011-048,2026-09-13T00:00:00+08:00,1.2.0,derived,true,SRC-SYNTH,2026-09-13T00:00:00+08:00,0.76,primary_derived,derived,,team_generated,false,golden
USS-G011-049,USER-G011,SKILL-049,81.2,90,108,730,0.9025,current_score=observed_score*2^(-evidence_age_days/half_life_days),EVID-G011-049,2026-09-13T00:00:00+08:00,1.2.0,derived,true,SRC-SYNTH,2026-09-13T00:00:00+08:00,0.9,primary_derived,derived,,team_generated,false,golden
USS-G011-050,USER-G011,SKILL-050,64.9,67,34,730,0.9682,current_score=observed_score*2^(-evidence_age_days/half_life_days),EVID-G011-050,2026-09-13T00:00:00+08:00,1.2.0,derived,true,SRC-SYNTH,2026-09-13T00:00:00+08:00,0.82,primary_derived,derived,,team_generated,false,golden
USS-G011-051,USER-G011,SKILL-051,60.3,63,23,365,0.9573,current_score=observed_score*2^(-evidence_age_days/half_life_days),EVID-G011-051,2026-09-13T00:00:00+08:00,1.2.0,derived,true,SRC-SYNTH,2026-09-13T00:00:00+08:00,0.76,primary_derived,derived,,team_generated,false,golden
USS-G011-052,USER-G011,SKILL-052,54.2,62,141,730,0.8747,current_score=observed_score*2^(-evidence_age_days/half_life_days),EVID-G011-052,2026-09-13T00:00:00+08:00,1.2.0,derived,true,SRC-SYNTH,2026-09-13T00:00:00+08:00,0.82,primary_derived,derived,,team_generated,false,golden
USS-G011-053,USER-G011,SKILL-053,33,48,394,730,0.6879,current_score=observed_score*2^(-evidence_age_days/half_life_days),EVID-G011-053,2026-09-13T00:00:00+08:00,1.2.0,derived,true,SRC-SYNTH,2026-09-13T00:00:00+08:00,0.58,primary_derived,derived,,team_generated,false,golden
USS-G011-054,USER-G011,SKILL-054,29.4,54,640,730,0.5446,current_score=observed_score*2^(-evidence_age_days/half_life_days),EVID-G011-054,2026-09-13T00:00:00+08:00,1.2.0,derived,true,SRC-SYNTH,2026-09-13T00:00:00+08:00,0.76,primary_derived,derived,,team_generated,false,golden
USS-G011-055,USER-G011,SKILL-055,23.5,35,419,730,0.6718,current_score=observed_score*2^(-evidence_age_days/half_life_days),EVID-G011-055,2026-09-13T00:00:00+08:00,1.2.0,derived,true,SRC-SYNTH,2026-09-13T00:00:00+08:00,0.76,primary_derived,derived,,team_generated,false,golden
USS-G011-056,USER-G011,SKILL-056,36.6,55,215,365,0.6648,current_score=observed_score*2^(-evidence_age_days/half_life_days),EVID-G011-056,2026-09-13T00:00:00+08:00,1.2.0,derived,true,SRC-SYNTH,2026-09-13T00:00:00+08:00,0.76,primary_derived,derived,,team_generated,false,golden
USS-G011-057,USER-G011,SKILL-057,41.6,60,193,365,0.6931,current_score=observed_score*2^(-evidence_age_days/half_life_days),EVID-G011-057,2026-09-13T00:00:00+08:00,1.2.0,derived,true,SRC-SYNTH,2026-09-13T00:00:00+08:00,0.82,primary_derived,derived,,team_generated,false,golden
USS-G011-058,USER-G011,SKILL-058,47.8,63,145,365,0.7593,current_score=observed_score*2^(-evidence_age_days/half_life_days),EVID-G011-058,2026-09-13T00:00:00+08:00,1.2.0,derived,true,SRC-SYNTH,2026-09-13T00:00:00+08:00,0.9,primary_derived,derived,,team_generated,false,golden
USS-G011-059,USER-G011,SKILL-059,38.6,40,38,730,0.9646,current_score=observed_score*2^(-evidence_age_days/half_life_days),EVID-G011-059,2026-09-13T00:00:00+08:00,1.2.0,derived,true,SRC-SYNTH,2026-09-13T00:00:00+08:00,0.76,primary_derived,derived,,team_generated,false,golden
USS-G011-060,USER-G011,SKILL-060,33.3,44,292,730,0.7579,current_score=observed_score*2^(-evidence_age_days/half_life_days),EVID-G011-060,2026-09-13T00:00:00+08:00,1.2.0,derived,true,SRC-SYNTH,2026-09-13T00:00:00+08:00,0.58,primary_derived,derived,,team_generated,false,golden
USS-G012-001,USER-G012,SKILL-001,45.7,56,107,365,0.8161,current_score=observed_score*2^(-evidence_age_days/half_life_days),EVID-G012-001,2026-09-13T00:00:00+08:00,1.2.0,derived,true,SRC-SYNTH,2026-09-13T00:00:00+08:00,0.58,primary_derived,derived,,team_generated,false,golden
USS-G012-002,USER-G012,SKILL-002,65.5,73,57,365,0.8974,current_score=observed_score*2^(-evidence_age_days/half_life_days),EVID-G012-002,2026-09-13T00:00:00+08:00,1.2.0,derived,true,SRC-SYNTH,2026-09-13T00:00:00+08:00,0.76,primary_derived,derived,,team_generated,false,golden
USS-G012-003,USER-G012,SKILL-003,44.1,55,116,365,0.8023,current_score=observed_score*2^(-evidence_age_days/half_life_days),EVID-G012-003,2026-09-13T00:00:00+08:00,1.2.0,derived,true,SRC-SYNTH,2026-09-13T00:00:00+08:00,0.58,primary_derived,derived,,team_generated,false,golden
USS-G012-004,USER-G012,SKILL-004,41.4,59,187,365,0.7011,current_score=observed_score*2^(-evidence_age_days/half_life_days),EVID-G012-004,2026-09-13T00:00:00+08:00,1.2.0,derived,true,SRC-SYNTH,2026-09-13T00:00:00+08:00,0.58,primary_derived,derived,,team_generated,false,golden
USS-G012-005,USER-G012,SKILL-005,12.9,45,657,365,0.2872,current_score=observed_score*2^(-evidence_age_days/half_life_days),EVID-G012-005,2026-09-13T00:00:00+08:00,1.2.0,derived,true,SRC-SYNTH,2026-09-13T00:00:00+08:00,0.58,primary_derived,derived,,team_generated,false,golden
USS-G012-006,USER-G012,SKILL-006,68.6,82,94,365,0.8365,current_score=observed_score*2^(-evidence_age_days/half_life_days),EVID-G012-006,2026-09-13T00:00:00+08:00,1.2.0,derived,true,SRC-SYNTH,2026-09-13T00:00:00+08:00,0.9,primary_derived,derived,,team_generated,false,golden
USS-G012-007,USER-G012,SKILL-007,17.9,50,540,365,0.3586,current_score=observed_score*2^(-evidence_age_days/half_life_days),EVID-G012-007,2026-09-13T00:00:00+08:00,1.2.0,derived,true,SRC-SYNTH,2026-09-13T00:00:00+08:00,0.76,primary_derived,derived,,team_generated,false,golden
USS-G012-008,USER-G012,SKILL-008,43.5,60,169,365,0.7255,current_score=observed_score*2^(-evidence_age_days/half_life_days),EVID-G012-008,2026-09-13T00:00:00+08:00,1.2.0,derived,true,SRC-SYNTH,2026-09-13T00:00:00+08:00,0.9,primary_derived,derived,,team_generated,false,golden
USS-G012-009,USER-G012,SKILL-009,72.6,82,64,365,0.8856,current_score=observed_score*2^(-evidence_age_days/half_life_days),EVID-G012-009,2026-09-13T00:00:00+08:00,1.2.0,derived,true,SRC-SYNTH,2026-09-13T00:00:00+08:00,0.9,primary_derived,derived,,team_generated,false,golden
USS-G012-010,USER-G012,SKILL-010,65.4,77,86,365,0.8493,current_score=observed_score*2^(-evidence_age_days/half_life_days),EVID-G012-010,2026-09-13T00:00:00+08:00,1.2.0,derived,true,SRC-SYNTH,2026-09-13T00:00:00+08:00,0.82,primary_derived,derived,,team_generated,false,golden
USS-G012-011,USER-G012,SKILL-011,57.6,65,128,730,0.8856,current_score=observed_score*2^(-evidence_age_days/half_life_days),EVID-G012-011,2026-09-13T00:00:00+08:00,1.2.0,derived,true,SRC-SYNTH,2026-09-13T00:00:00+08:00,0.76,primary_derived,derived,,team_generated,false,golden
USS-G012-012,USER-G012,SKILL-012,18.2,43,452,365,0.4239,current_score=observed_score*2^(-evidence_age_days/half_life_days),EVID-G012-012,2026-09-13T00:00:00+08:00,1.2.0,derived,true,SRC-SYNTH,2026-09-13T00:00:00+08:00,0.58,primary_derived,derived,,team_generated,false,golden
USS-G012-013,USER-G012,SKILL-013,65.1,70,38,365,0.9304,current_score=observed_score*2^(-evidence_age_days/half_life_days),EVID-G012-013,2026-09-13T00:00:00+08:00,1.2.0,derived,true,SRC-SYNTH,2026-09-13T00:00:00+08:00,0.76,primary_derived,derived,,team_generated,false,golden
USS-G012-014,USER-G012,SKILL-014,18.7,54,558,365,0.3466,current_score=observed_score*2^(-evidence_age_days/half_life_days),EVID-G012-014,2026-09-13T00:00:00+08:00,1.2.0,derived,true,SRC-SYNTH,2026-09-13T00:00:00+08:00,0.76,primary_derived,derived,,team_generated,false,golden
USS-G012-015,USER-G012,SKILL-015,35.2,43,105,365,0.8192,current_score=observed_score*2^(-evidence_age_days/half_life_days),EVID-G012-015,2026-09-13T00:00:00+08:00,1.2.0,derived,true,SRC-SYNTH,2026-09-13T00:00:00+08:00,0.58,primary_derived,derived,,team_generated,false,golden
USS-G012-016,USER-G012,SKILL-016,22.5,52,441,365,0.4328,current_score=observed_score*2^(-evidence_age_days/half_life_days),EVID-G012-016,2026-09-13T00:00:00+08:00,1.2.0,derived,true,SRC-SYNTH,2026-09-13T00:00:00+08:00,0.58,primary_derived,derived,,team_generated,false,golden
USS-G012-017,USER-G012,SKILL-017,33.5,47,357,730,0.7125,current_score=observed_score*2^(-evidence_age_days/half_life_days),EVID-G012-017,2026-09-13T00:00:00+08:00,1.2.0,derived,true,SRC-SYNTH,2026-09-13T00:00:00+08:00,0.58,primary_derived,derived,,team_generated,false,golden
USS-G012-018,USER-G012,SKILL-018,68.3,69,10,730,0.9905,current_score=observed_score*2^(-evidence_age_days/half_life_days),EVID-G012-018,2026-09-13T00:00:00+08:00,1.2.0,derived,true,SRC-SYNTH,2026-09-13T00:00:00+08:00,0.82,primary_derived,derived,,team_generated,false,golden
USS-G012-019,USER-G012,SKILL-019,20.6,42,375,365,0.4906,current_score=observed_score*2^(-evidence_age_days/half_life_days),EVID-G012-019,2026-09-13T00:00:00+08:00,1.2.0,derived,true,SRC-SYNTH,2026-09-13T00:00:00+08:00,0.58,primary_derived,derived,,team_generated,false,golden
USS-G012-020,USER-G012,SKILL-020,40.4,61,217,365,0.6623,current_score=observed_score*2^(-evidence_age_days/half_life_days),EVID-G012-020,2026-09-13T00:00:00+08:00,1.2.0,derived,true,SRC-SYNTH,2026-09-13T00:00:00+08:00,0.82,primary_derived,derived,,team_generated,false,golden
USS-G012-021,USER-G012,SKILL-021,28.3,50,299,365,0.5668,current_score=observed_score*2^(-evidence_age_days/half_life_days),EVID-G012-021,2026-09-13T00:00:00+08:00,1.2.0,derived,true,SRC-SYNTH,2026-09-13T00:00:00+08:00,0.76,primary_derived,derived,,team_generated,false,golden
USS-G012-022,USER-G012,SKILL-022,12.6,42,634,365,0.3,current_score=observed_score*2^(-evidence_age_days/half_life_days),EVID-G012-022,2026-09-13T00:00:00+08:00,1.2.0,derived,true,SRC-SYNTH,2026-09-13T00:00:00+08:00,0.58,primary_derived,derived,,team_generated,false,golden
USS-G012-023,USER-G012,SKILL-023,19,52,531,365,0.3648,current_score=observed_score*2^(-evidence_age_days/half_life_days),EVID-G012-023,2026-09-13T00:00:00+08:00,1.2.0,derived,true,SRC-SYNTH,2026-09-13T00:00:00+08:00,0.58,primary_derived,derived,,team_generated,false,golden
USS-G012-024,USER-G012,SKILL-024,38.6,42,44,365,0.9198,current_score=observed_score*2^(-evidence_age_days/half_life_days),EVID-G012-024,2026-09-13T00:00:00+08:00,1.2.0,derived,true,SRC-SYNTH,2026-09-13T00:00:00+08:00,0.58,primary_derived,derived,,team_generated,false,golden
USS-G012-025,USER-G012,SKILL-025,45,62,169,365,0.7255,current_score=observed_score*2^(-evidence_age_days/half_life_days),EVID-G012-025,2026-09-13T00:00:00+08:00,1.2.0,derived,true,SRC-SYNTH,2026-09-13T00:00:00+08:00,0.9,primary_derived,derived,,team_generated,false,golden
USS-G012-026,USER-G012,SKILL-026,45.2,47,21,365,0.9609,current_score=observed_score*2^(-evidence_age_days/half_life_days),EVID-G012-026,2026-09-13T00:00:00+08:00,1.2.0,derived,true,SRC-SYNTH,2026-09-13T00:00:00+08:00,0.76,primary_derived,derived,,team_generated,false,golden
USS-G012-027,USER-G012,SKILL-027,17.6,41,220,180,0.4286,current_score=observed_score*2^(-evidence_age_days/half_life_days),EVID-G012-027,2026-09-13T00:00:00+08:00,1.2.0,derived,true,SRC-SYNTH,2026-09-13T00:00:00+08:00,0.76,primary_derived,derived,,team_generated,false,golden
USS-G012-028,USER-G012,SKILL-028,26.6,44,131,180,0.6038,current_score=observed_score*2^(-evidence_age_days/half_life_days),EVID-G012-028,2026-09-13T00:00:00+08:00,1.2.0,derived,true,SRC-SYNTH,2026-09-13T00:00:00+08:00,0.76,primary_derived,derived,,team_generated,false,golden
USS-G012-029,USER-G012,SKILL-029,34.7,64,159,180,0.5421,current_score=observed_score*2^(-evidence_age_days/half_life_days),EVID-G012-029,2026-09-13T00:00:00+08:00,1.2.0,derived,true,SRC-SYNTH,2026-09-13T00:00:00+08:00,0.9,primary_derived,derived,,team_generated,false,golden
USS-G012-030,USER-G012,SKILL-030,6.3,48,527,180,0.1314,current_score=observed_score*2^(-evidence_age_days/half_life_days),EVID-G012-030,2026-09-13T00:00:00+08:00,1.2.0,derived,true,SRC-SYNTH,2026-09-13T00:00:00+08:00,0.76,primary_derived,derived,,team_generated,false,golden
USS-G012-031,USER-G012,SKILL-031,30.4,50,129,180,0.6085,current_score=observed_score*2^(-evidence_age_days/half_life_days),EVID-G012-031,2026-09-13T00:00:00+08:00,1.2.0,derived,true,SRC-SYNTH,2026-09-13T00:00:00+08:00,0.76,primary_derived,derived,,team_generated,false,golden
USS-G012-032,USER-G012,SKILL-032,38.9,55,182,365,0.7078,current_score=observed_score*2^(-evidence_age_days/half_life_days),EVID-G012-032,2026-09-13T00:00:00+08:00,1.2.0,derived,true,SRC-SYNTH,2026-09-13T00:00:00+08:00,0.76,primary_derived,derived,,team_generated,false,golden
USS-G012-033,USER-G012,SKILL-033,15.5,54,657,365,0.2872,current_score=observed_score*2^(-evidence_age_days/half_life_days),EVID-G012-033,2026-09-13T00:00:00+08:00,1.2.0,derived,true,SRC-SYNTH,2026-09-13T00:00:00+08:00,0.76,primary_derived,derived,,team_generated,false,golden
USS-G012-034,USER-G012,SKILL-034,47.2,66,177,365,0.7145,current_score=observed_score*2^(-evidence_age_days/half_life_days),EVID-G012-034,2026-09-13T00:00:00+08:00,1.2.0,derived,true,SRC-SYNTH,2026-09-13T00:00:00+08:00,0.9,primary_derived,derived,,team_generated,false,golden
USS-G012-035,USER-G012,SKILL-035,56.6,66,81,365,0.8574,current_score=observed_score*2^(-evidence_age_days/half_life_days),EVID-G012-035,2026-09-13T00:00:00+08:00,1.2.0,derived,true,SRC-SYNTH,2026-09-13T00:00:00+08:00,0.9,primary_derived,derived,,team_generated,false,golden
USS-G012-036,USER-G012,SKILL-036,29.6,73,234,180,0.4061,current_score=observed_score*2^(-evidence_age_days/half_life_days),EVID-G012-036,2026-09-13T00:00:00+08:00,1.2.0,derived,true,SRC-SYNTH,2026-09-13T00:00:00+08:00,0.82,primary_derived,derived,,team_generated,false,golden
USS-G012-037,USER-G012,SKILL-037,22.8,64,268,180,0.3563,current_score=observed_score*2^(-evidence_age_days/half_life_days),EVID-G012-037,2026-09-13T00:00:00+08:00,1.2.0,derived,true,SRC-SYNTH,2026-09-13T00:00:00+08:00,0.9,primary_derived,derived,,team_generated,false,golden
USS-G012-038,USER-G012,SKILL-038,5.1,53,610,180,0.0955,current_score=observed_score*2^(-evidence_age_days/half_life_days),EVID-G012-038,2026-09-13T00:00:00+08:00,1.2.0,derived,true,SRC-SYNTH,2026-09-13T00:00:00+08:00,0.76,primary_derived,derived,,team_generated,false,golden
USS-G012-039,USER-G012,SKILL-039,10.4,46,385,180,0.2271,current_score=observed_score*2^(-evidence_age_days/half_life_days),EVID-G012-039,2026-09-13T00:00:00+08:00,1.2.0,derived,true,SRC-SYNTH,2026-09-13T00:00:00+08:00,0.58,primary_derived,derived,,team_generated,false,golden
USS-G012-040,USER-G012,SKILL-040,81.4,90,53,365,0.9043,current_score=observed_score*2^(-evidence_age_days/half_life_days),EVID-G012-040,2026-09-13T00:00:00+08:00,1.2.0,derived,true,SRC-SYNTH,2026-09-13T00:00:00+08:00,0.9,primary_derived,derived,,team_generated,false,golden
USS-G012-041,USER-G012,SKILL-041,36.4,52,376,730,0.6998,current_score=observed_score*2^(-evidence_age_days/half_life_days),EVID-G012-041,2026-09-13T00:00:00+08:00,1.2.0,derived,true,SRC-SYNTH,2026-09-13T00:00:00+08:00,0.76,primary_derived,derived,,team_generated,false,golden
USS-G012-042,USER-G012,SKILL-042,67.3,70,41,730,0.9618,current_score=observed_score*2^(-evidence_age_days/half_life_days),EVID-G012-042,2026-09-13T00:00:00+08:00,1.2.0,derived,true,SRC-SYNTH,2026-09-13T00:00:00+08:00,0.76,primary_derived,derived,,team_generated,false,golden
USS-G012-043,USER-G012,SKILL-043,48.4,62,130,365,0.7812,current_score=observed_score*2^(-evidence_age_days/half_life_days),EVID-G012-043,2026-09-13T00:00:00+08:00,1.2.0,derived,true,SRC-SYNTH,2026-09-13T00:00:00+08:00,0.76,primary_derived,derived,,team_generated,false,golden
USS-G012-044,USER-G012,SKILL-044,38.8,57,202,365,0.6814,current_score=observed_score*2^(-evidence_age_days/half_life_days),EVID-G012-044,2026-09-13T00:00:00+08:00,1.2.0,derived,true,SRC-SYNTH,2026-09-13T00:00:00+08:00,0.76,primary_derived,derived,,team_generated,false,golden
USS-G012-045,USER-G012,SKILL-045,42.5,69,255,365,0.6162,current_score=observed_score*2^(-evidence_age_days/half_life_days),EVID-G012-045,2026-09-13T00:00:00+08:00,1.2.0,derived,true,SRC-SYNTH,2026-09-13T00:00:00+08:00,0.82,primary_derived,derived,,team_generated,false,golden
USS-G012-046,USER-G012,SKILL-046,49.9,61,106,365,0.8177,current_score=observed_score*2^(-evidence_age_days/half_life_days),EVID-G012-046,2026-09-13T00:00:00+08:00,1.2.0,derived,true,SRC-SYNTH,2026-09-13T00:00:00+08:00,0.82,primary_derived,derived,,team_generated,false,golden
USS-G012-047,USER-G012,SKILL-047,22.1,50,431,365,0.4411,current_score=observed_score*2^(-evidence_age_days/half_life_days),EVID-G012-047,2026-09-13T00:00:00+08:00,1.2.0,derived,true,SRC-SYNTH,2026-09-13T00:00:00+08:00,0.76,primary_derived,derived,,team_generated,false,golden
USS-G012-048,USER-G012,SKILL-048,83.7,87,41,730,0.9618,current_score=observed_score*2^(-evidence_age_days/half_life_days),EVID-G012-048,2026-09-13T00:00:00+08:00,1.2.0,derived,true,SRC-SYNTH,2026-09-13T00:00:00+08:00,0.9,primary_derived,derived,,team_generated,false,golden
USS-G012-049,USER-G012,SKILL-049,64.9,70,80,730,0.9269,current_score=observed_score*2^(-evidence_age_days/half_life_days),EVID-G012-049,2026-09-13T00:00:00+08:00,1.2.0,derived,true,SRC-SYNTH,2026-09-13T00:00:00+08:00,0.82,primary_derived,derived,,team_generated,false,golden
USS-G012-050,USER-G012,SKILL-050,40.7,50,217,730,0.8138,current_score=observed_score*2^(-evidence_age_days/half_life_days),EVID-G012-050,2026-09-13T00:00:00+08:00,1.2.0,derived,true,SRC-SYNTH,2026-09-13T00:00:00+08:00,0.58,primary_derived,derived,,team_generated,false,golden
USS-G012-051,USER-G012,SKILL-051,43.7,70,248,365,0.6244,current_score=observed_score*2^(-evidence_age_days/half_life_days),EVID-G012-051,2026-09-13T00:00:00+08:00,1.2.0,derived,true,SRC-SYNTH,2026-09-13T00:00:00+08:00,0.9,primary_derived,derived,,team_generated,false,golden
USS-G012-052,USER-G012,SKILL-052,45.2,56,225,730,0.8076,current_score=observed_score*2^(-evidence_age_days/half_life_days),EVID-G012-052,2026-09-13T00:00:00+08:00,1.2.0,derived,true,SRC-SYNTH,2026-09-13T00:00:00+08:00,0.58,primary_derived,derived,,team_generated,false,golden
USS-G012-053,USER-G012,SKILL-053,33.3,43,269,730,0.7746,current_score=observed_score*2^(-evidence_age_days/half_life_days),EVID-G012-053,2026-09-13T00:00:00+08:00,1.2.0,derived,true,SRC-SYNTH,2026-09-13T00:00:00+08:00,0.58,primary_derived,derived,,team_generated,false,golden
USS-G012-054,USER-G012,SKILL-054,73.4,79,77,730,0.9295,current_score=observed_score*2^(-evidence_age_days/half_life_days),EVID-G012-054,2026-09-13T00:00:00+08:00,1.2.0,derived,true,SRC-SYNTH,2026-09-13T00:00:00+08:00,0.9,primary_derived,derived,,team_generated,false,golden
USS-G012-055,USER-G012,SKILL-055,31.5,49,465,730,0.6431,current_score=observed_score*2^(-evidence_age_days/half_life_days),EVID-G012-055,2026-09-13T00:00:00+08:00,1.2.0,derived,true,SRC-SYNTH,2026-09-13T00:00:00+08:00,0.58,primary_derived,derived,,team_generated,false,golden
USS-G012-056,USER-G012,SKILL-056,43.3,65,214,365,0.666,current_score=observed_score*2^(-evidence_age_days/half_life_days),EVID-G012-056,2026-09-13T00:00:00+08:00,1.2.0,derived,true,SRC-SYNTH,2026-09-13T00:00:00+08:00,0.9,primary_derived,derived,,team_generated,false,golden
USS-G012-057,USER-G012,SKILL-057,15.6,50,613,365,0.3122,current_score=observed_score*2^(-evidence_age_days/half_life_days),EVID-G012-057,2026-09-13T00:00:00+08:00,1.2.0,derived,true,SRC-SYNTH,2026-09-13T00:00:00+08:00,0.58,primary_derived,derived,,team_generated,false,golden
USS-G012-058,USER-G012,SKILL-058,66.6,78,83,365,0.8542,current_score=observed_score*2^(-evidence_age_days/half_life_days),EVID-G012-058,2026-09-13T00:00:00+08:00,1.2.0,derived,true,SRC-SYNTH,2026-09-13T00:00:00+08:00,0.76,primary_derived,derived,,team_generated,false,golden
USS-G012-059,USER-G012,SKILL-059,24.5,35,374,730,0.7011,current_score=observed_score*2^(-evidence_age_days/half_life_days),EVID-G012-059,2026-09-13T00:00:00+08:00,1.2.0,derived,true,SRC-SYNTH,2026-09-13T00:00:00+08:00,0.76,primary_derived,derived,,team_generated,false,golden
USS-G012-060,USER-G012,SKILL-060,42.3,49,154,730,0.864,current_score=observed_score*2^(-evidence_age_days/half_life_days),EVID-G012-060,2026-09-13T00:00:00+08:00,1.2.0,derived,true,SRC-SYNTH,2026-09-13T00:00:00+08:00,0.58,primary_derived,derived,,team_generated,false,golden
