evidence_id,user_id,skill_id,evidence_type,observed_score,evidence_weight,evidence_confidence,occurred_at,verified,evidence_title,schema_version,origin,is_synthetic,source_ids,generated_at,confidence,claim_level,verification_status,last_verified_at,license_scope,is_market_fact,data_split
EVID-G001-001,USER-G001,SKILL-001,verified_project,90,0.9,0.9,2026-07-03T16:00:00Z,true,Python编程项目成果,1.1.0,synthetic,true,SRC-SYNTH,2026-09-05T00:00:00+08:00,0.9,synthetic,not_applicable,,team_generated,false,golden
EVID-G001-002,USER-G001,SKILL-002,course_completion,76,0.7,0.76,2026-05-18T16:00:00Z,true,数据结构与算法课程记录,1.1.0,synthetic,true,SRC-SYNTH,2026-09-05T00:00:00+08:00,0.76,synthetic,not_applicable,,team_generated,false,golden
EVID-G001-003,USER-G001,SKILL-003,work_sample,65,0.75,0.82,2026-02-20T16:00:00Z,true,面向对象设计工作样例,1.1.0,synthetic,true,SRC-SYNTH,2026-09-05T00:00:00+08:00,0.82,synthetic,not_applicable,,team_generated,false,golden
EVID-G001-004,USER-G001,SKILL-004,course_completion,51,0.7,0.76,2026-03-22T16:00:00Z,true,计算机系统基础课程记录,1.1.0,synthetic,true,SRC-SYNTH,2026-09-05T00:00:00+08:00,0.76,synthetic,not_applicable,,team_generated,false,golden
EVID-G001-005,USER-G001,SKILL-005,self_report,38,0.4,0.58,2025-04-24T16:00:00Z,false,计算机网络用户自述,1.1.0,synthetic,true,SRC-SYNTH,2026-09-05T00:00:00+08:00,0.58,synthetic,not_applicable,,team_generated,false,golden
EVID-G001-006,USER-G001,SKILL-006,self_report,48,0.4,0.58,2025-12-12T16:00:00Z,false,Linux使用用户自述,1.1.0,synthetic,true,SRC-SYNTH,2026-09-05T00:00:00+08:00,0.58,synthetic,not_applicable,,team_generated,false,golden
EVID-G001-007,USER-G001,SKILL-007,course_completion,55,0.7,0.76,2026-02-22T16:00:00Z,true,软件工程课程记录,1.1.0,synthetic,true,SRC-SYNTH,2026-09-05T00:00:00+08:00,0.76,synthetic,not_applicable,,team_generated,false,golden
EVID-G001-008,USER-G001,SKILL-008,course_completion,58,0.7,0.76,2026-07-09T16:00:00Z,true,测试与调试课程记录,1.1.0,synthetic,true,SRC-SYNTH,2026-09-05T00:00:00+08:00,0.76,synthetic,not_applicable,,team_generated,false,golden
EVID-G001-009,USER-G001,SKILL-009,self_report,41,0.4,0.58,2025-03-13T16:00:00Z,false,SQL用户自述,1.1.0,synthetic,true,SRC-SYNTH,2026-09-05T00:00:00+08:00,0.58,synthetic,not_applicable,,team_generated,false,golden
EVID-G001-010,USER-G001,SKILL-010,course_completion,53,0.7,0.76,2026-06-01T16:00:00Z,true,数据清洗课程记录,1.1.0,synthetic,true,SRC-SYNTH,2026-09-05T00:00:00+08:00,0.76,synthetic,not_applicable,,team_generated,false,golden
EVID-G001-011,USER-G001,SKILL-011,assessment,84,1,0.9,2026-08-16T16:00:00Z,true,统计学基础能力测评,1.1.0,synthetic,true,SRC-SYNTH,2026-09-05T00:00:00+08:00,0.9,synthetic,not_applicable,,team_generated,false,golden
EVID-G001-012,USER-G001,SKILL-012,work_sample,69,0.75,0.82,2026-05-16T16:00:00Z,true,探索性数据分析工作样例,1.1.0,synthetic,true,SRC-SYNTH,2026-09-05T00:00:00+08:00,0.82,synthetic,not_applicable,,team_generated,false,golden
EVID-G001-013,USER-G001,SKILL-013,self_report,56,0.4,0.58,2026-07-10T16:00:00Z,false,数据可视化用户自述,1.1.0,synthetic,true,SRC-SYNTH,2026-09-05T00:00:00+08:00,0.58,synthetic,not_applicable,,team_generated,false,golden
EVID-G001-014,USER-G001,SKILL-014,course_completion,50,0.7,0.76,2024-11-19T16:00:00Z,true,Excel与BI工具课程记录,1.1.0,synthetic,true,SRC-SYNTH,2026-09-05T00:00:00+08:00,0.76,synthetic,not_applicable,,team_generated,false,golden
EVID-G001-015,USER-G001,SKILL-015,course_completion,48,0.7,0.76,2024-12-26T16:00:00Z,true,数据建模课程记录,1.1.0,synthetic,true,SRC-SYNTH,2026-09-05T00:00:00+08:00,0.76,synthetic,not_applicable,,team_generated,false,golden
EVID-G001-016,USER-G001,SKILL-016,assessment,65,1,0.9,2026-05-26T16:00:00Z,true,实验与A/B测试能力测评,1.1.0,synthetic,true,SRC-SYNTH,2026-09-05T00:00:00+08:00,0.9,synthetic,not_applicable,,team_generated,false,golden
EVID-G001-017,USER-G001,SKILL-017,assessment,89,1,0.9,2026-06-29T16:00:00Z,true,线性代数能力测评,1.1.0,synthetic,true,SRC-SYNTH,2026-09-05T00:00:00+08:00,0.9,synthetic,not_applicable,,team_generated,false,golden
EVID-G001-018,USER-G001,SKILL-018,course_completion,74,0.7,0.76,2026-06-27T16:00:00Z,true,微积分与优化课程记录,1.1.0,synthetic,true,SRC-SYNTH,2026-09-05T00:00:00+08:00,0.76,synthetic,not_applicable,,team_generated,false,golden
EVID-G001-019,USER-G001,SKILL-019,work_sample,67,0.75,0.82,2025-12-30T16:00:00Z,true,机器学习工作样例,1.1.0,synthetic,true,SRC-SYNTH,2026-09-05T00:00:00+08:00,0.82,synthetic,not_applicable,,team_generated,false,golden
EVID-G001-020,USER-G001,SKILL-020,course_completion,63,0.7,0.76,2025-12-10T16:00:00Z,true,特征工程课程记录,1.1.0,synthetic,true,SRC-SYNTH,2026-09-05T00:00:00+08:00,0.76,synthetic,not_applicable,,team_generated,false,golden
EVID-G001-021,USER-G001,SKILL-021,course_completion,60,0.7,0.76,2026-04-11T16:00:00Z,true,模型评估课程记录,1.1.0,synthetic,true,SRC-SYNTH,2026-09-05T00:00:00+08:00,0.76,synthetic,not_applicable,,team_generated,false,golden
EVID-G001-022,USER-G001,SKILL-022,self_report,43,0.4,0.58,2025-10-14T16:00:00Z,false,深度学习用户自述,1.1.0,synthetic,true,SRC-SYNTH,2026-09-05T00:00:00+08:00,0.58,synthetic,not_applicable,,team_generated,false,golden
EVID-G001-023,USER-G001,SKILL-023,course_completion,60,0.7,0.76,2026-01-29T16:00:00Z,true,自然语言处理课程记录,1.1.0,synthetic,true,SRC-SYNTH,2026-09-05T00:00:00+08:00,0.76,synthetic,not_applicable,,team_generated,false,golden
EVID-G001-024,USER-G001,SKILL-024,self_report,40,0.4,0.58,2026-01-20T16:00:00Z,false,模型调优用户自述,1.1.0,synthetic,true,SRC-SYNTH,2026-09-05T00:00:00+08:00,0.58,synthetic,not_applicable,,team_generated,false,golden
EVID-G001-025,USER-G001,SKILL-025,assessment,69,1,0.9,2026-07-24T16:00:00Z,true,大模型基础能力测评,1.1.0,synthetic,true,SRC-SYNTH,2026-09-05T00:00:00+08:00,0.9,synthetic,not_applicable,,team_generated,false,golden
EVID-G001-026,USER-G001,SKILL-026,work_sample,61,0.75,0.82,2025-12-20T16:00:00Z,true,提示词设计工作样例,1.1.0,synthetic,true,SRC-SYNTH,2026-09-05T00:00:00+08:00,0.82,synthetic,not_applicable,,team_generated,false,golden
EVID-G001-027,USER-G001,SKILL-027,self_report,44,0.4,0.58,2026-03-22T16:00:00Z,false,RAG应用用户自述,1.1.0,synthetic,true,SRC-SYNTH,2026-09-05T00:00:00+08:00,0.58,synthetic,not_applicable,,team_generated,false,golden
EVID-G001-028,USER-G001,SKILL-028,course_completion,50,0.7,0.76,2025-03-20T16:00:00Z,true,向量数据库课程记录,1.1.0,synthetic,true,SRC-SYNTH,2026-09-05T00:00:00+08:00,0.76,synthetic,not_applicable,,team_generated,false,golden
EVID-G001-029,USER-G001,SKILL-029,self_report,48,0.4,0.58,2026-01-11T16:00:00Z,false,智能体开发用户自述,1.1.0,synthetic,true,SRC-SYNTH,2026-09-05T00:00:00+08:00,0.58,synthetic,not_applicable,,team_generated,false,golden
EVID-G001-030,USER-G001,SKILL-030,course_completion,61,0.7,0.76,2026-01-14T16:00:00Z,true,MCP与工具调用课程记录,1.1.0,synthetic,true,SRC-SYNTH,2026-09-05T00:00:00+08:00,0.76,synthetic,not_applicable,,team_generated,false,golden
EVID-G001-031,USER-G001,SKILL-031,course_completion,42,0.7,0.76,2025-08-24T16:00:00Z,true,模型微调课程记录,1.1.0,synthetic,true,SRC-SYNTH,2026-09-05T00:00:00+08:00,0.76,synthetic,not_applicable,,team_generated,false,golden
EVID-G001-032,USER-G001,SKILL-032,self_report,47,0.4,0.58,2026-05-17T16:00:00Z,false,AI安全与评测用户自述,1.1.0,synthetic,true,SRC-SYNTH,2026-09-05T00:00:00+08:00,0.58,synthetic,not_applicable,,team_generated,false,golden
EVID-G001-033,USER-G001,SKILL-033,course_completion,64,0.7,0.76,2026-02-06T16:00:00Z,true,Git版本控制课程记录,1.1.0,synthetic,true,SRC-SYNTH,2026-09-05T00:00:00+08:00,0.76,synthetic,not_applicable,,team_generated,false,golden
EVID-G001-034,USER-G001,SKILL-034,self_report,54,0.4,0.58,2025-06-11T16:00:00Z,false,API设计用户自述,1.1.0,synthetic,true,SRC-SYNTH,2026-09-05T00:00:00+08:00,0.58,synthetic,not_applicable,,team_generated,false,golden
EVID-G001-035,USER-G001,SKILL-035,course_completion,50,0.7,0.76,2026-06-06T16:00:00Z,true,后端服务开发课程记录,1.1.0,synthetic,true,SRC-SYNTH,2026-09-05T00:00:00+08:00,0.76,synthetic,not_applicable,,team_generated,false,golden
EVID-G001-036,USER-G001,SKILL-036,work_sample,70,0.75,0.82,2026-08-14T16:00:00Z,true,Docker容器工作样例,1.1.0,synthetic,true,SRC-SYNTH,2026-09-05T00:00:00+08:00,0.82,synthetic,not_applicable,,team_generated,false,golden
EVID-G001-037,USER-G001,SKILL-037,course_completion,47,0.7,0.76,2025-01-01T16:00:00Z,true,CI/CD课程记录,1.1.0,synthetic,true,SRC-SYNTH,2026-09-05T00:00:00+08:00,0.76,synthetic,not_applicable,,team_generated,false,golden
EVID-G001-038,USER-G001,SKILL-038,self_report,59,0.4,0.58,2026-01-24T16:00:00Z,false,云端部署用户自述,1.1.0,synthetic,true,SRC-SYNTH,2026-09-05T00:00:00+08:00,0.58,synthetic,not_applicable,,team_generated,false,golden
EVID-G001-039,USER-G001,SKILL-039,self_report,56,0.4,0.58,2026-02-09T16:00:00Z,false,监控与可观测性用户自述,1.1.0,synthetic,true,SRC-SYNTH,2026-09-05T00:00:00+08:00,0.58,synthetic,not_applicable,,team_generated,false,golden
EVID-G001-040,USER-G001,SKILL-040,assessment,64,1,0.9,2026-05-04T16:00:00Z,true,数据工程管道能力测评,1.1.0,synthetic,true,SRC-SYNTH,2026-09-05T00:00:00+08:00,0.9,synthetic,not_applicable,,team_generated,false,golden
EVID-G001-041,USER-G001,SKILL-041,course_completion,70,0.7,0.76,2026-04-27T16:00:00Z,true,问题拆解课程记录,1.1.0,synthetic,true,SRC-SYNTH,2026-09-05T00:00:00+08:00,0.76,synthetic,not_applicable,,team_generated,false,golden
EVID-G001-042,USER-G001,SKILL-042,self_report,51,0.4,0.58,2026-08-06T16:00:00Z,false,系统思维用户自述,1.1.0,synthetic,true,SRC-SYNTH,2026-09-05T00:00:00+08:00,0.58,synthetic,not_applicable,,team_generated,false,golden
EVID-G001-043,USER-G001,SKILL-043,course_completion,46,0.7,0.76,2025-02-21T16:00:00Z,true,需求分析课程记录,1.1.0,synthetic,true,SRC-SYNTH,2026-09-05T00:00:00+08:00,0.76,synthetic,not_applicable,,team_generated,false,golden
EVID-G001-044,USER-G001,SKILL-044,self_report,39,0.4,0.58,2025-03-15T16:00:00Z,false,用户研究用户自述,1.1.0,synthetic,true,SRC-SYNTH,2026-09-05T00:00:00+08:00,0.58,synthetic,not_applicable,,team_generated,false,golden
EVID-G001-045,USER-G001,SKILL-045,self_report,40,0.4,0.58,2026-01-27T16:00:00Z,false,指标设计用户自述,1.1.0,synthetic,true,SRC-SYNTH,2026-09-05T00:00:00+08:00,0.58,synthetic,not_applicable,,team_generated,false,golden
EVID-G001-046,USER-G001,SKILL-046,work_sample,62,0.75,0.82,2026-05-26T16:00:00Z,true,业务理解工作样例,1.1.0,synthetic,true,SRC-SYNTH,2026-09-05T00:00:00+08:00,0.82,synthetic,not_applicable,,team_generated,false,golden
EVID-G001-047,USER-G001,SKILL-047,course_completion,63,0.7,0.76,2026-01-25T16:00:00Z,true,创新与方案比较课程记录,1.1.0,synthetic,true,SRC-SYNTH,2026-09-05T00:00:00+08:00,0.76,synthetic,not_applicable,,team_generated,false,golden
EVID-G001-048,USER-G001,SKILL-048,work_sample,66,0.75,0.82,2026-01-31T16:00:00Z,true,书面沟通工作样例,1.1.0,synthetic,true,SRC-SYNTH,2026-09-05T00:00:00+08:00,0.82,synthetic,not_applicable,,team_generated,false,golden
EVID-G001-049,USER-G001,SKILL-049,course_completion,67,0.7,0.76,2026-03-10T16:00:00Z,true,表达与汇报课程记录,1.1.0,synthetic,true,SRC-SYNTH,2026-09-05T00:00:00+08:00,0.76,synthetic,not_applicable,,team_generated,false,golden
EVID-G001-050,USER-G001,SKILL-050,self_report,58,0.4,0.58,2026-03-03T16:00:00Z,false,跨岗位沟通用户自述,1.1.0,synthetic,true,SRC-SYNTH,2026-09-05T00:00:00+08:00,0.58,synthetic,not_applicable,,team_generated,false,golden
EVID-G001-051,USER-G001,SKILL-051,self_report,51,0.4,0.58,2025-12-04T16:00:00Z,false,远程协作用户自述,1.1.0,synthetic,true,SRC-SYNTH,2026-09-05T00:00:00+08:00,0.58,synthetic,not_applicable,,team_generated,false,golden
EVID-G001-052,USER-G001,SKILL-052,course_completion,49,0.7,0.76,2026-01-09T16:00:00Z,true,团队协作课程记录,1.1.0,synthetic,true,SRC-SYNTH,2026-09-05T00:00:00+08:00,0.76,synthetic,not_applicable,,team_generated,false,golden
EVID-G001-053,USER-G001,SKILL-053,course_completion,56,0.7,0.76,2026-05-16T16:00:00Z,true,时间管理课程记录,1.1.0,synthetic,true,SRC-SYNTH,2026-09-05T00:00:00+08:00,0.76,synthetic,not_applicable,,team_generated,false,golden
EVID-G001-054,USER-G001,SKILL-054,course_completion,79,0.7,0.76,2026-08-22T16:00:00Z,true,职业伦理与隐私课程记录,1.1.0,synthetic,true,SRC-SYNTH,2026-09-05T00:00:00+08:00,0.76,synthetic,not_applicable,,team_generated,false,golden
EVID-G001-055,USER-G001,SKILL-055,course_completion,50,0.7,0.76,2025-06-06T16:00:00Z,true,自主学习课程记录,1.1.0,synthetic,true,SRC-SYNTH,2026-09-05T00:00:00+08:00,0.76,synthetic,not_applicable,,team_generated,false,golden
EVID-G001-056,USER-G001,SKILL-056,course_completion,38,0.7,0.76,2025-06-04T16:00:00Z,true,知识管理课程记录,1.1.0,synthetic,true,SRC-SYNTH,2026-09-05T00:00:00+08:00,0.76,synthetic,not_applicable,,team_generated,false,golden
EVID-G001-057,USER-G001,SKILL-057,course_completion,68,0.7,0.76,2026-04-11T16:00:00Z,true,项目规划课程记录,1.1.0,synthetic,true,SRC-SYNTH,2026-09-05T00:00:00+08:00,0.76,synthetic,not_applicable,,team_generated,false,golden
EVID-G001-058,USER-G001,SKILL-058,self_report,40,0.4,0.58,2024-10-28T16:00:00Z,false,项目交付用户自述,1.1.0,synthetic,true,SRC-SYNTH,2026-09-05T00:00:00+08:00,0.58,synthetic,not_applicable,,team_generated,false,golden
EVID-G001-059,USER-G001,SKILL-059,work_sample,66,0.75,0.82,2026-05-22T16:00:00Z,true,复盘与反馈工作样例,1.1.0,synthetic,true,SRC-SYNTH,2026-09-05T00:00:00+08:00,0.82,synthetic,not_applicable,,team_generated,false,golden
EVID-G001-060,USER-G001,SKILL-060,self_report,51,0.4,0.58,2025-08-07T16:00:00Z,false,职业探索用户自述,1.1.0,synthetic,true,SRC-SYNTH,2026-09-05T00:00:00+08:00,0.58,synthetic,not_applicable,,team_generated,false,golden
EVID-G002-001,USER-G002,SKILL-001,assessment,89,1,0.9,2026-08-18T16:00:00Z,true,Python编程能力测评,1.1.0,synthetic,true,SRC-SYNTH,2026-09-05T00:00:00+08:00,0.9,synthetic,not_applicable,,team_generated,false,golden
EVID-G002-002,USER-G002,SKILL-002,self_report,59,0.4,0.58,2025-12-31T16:00:00Z,false,数据结构与算法用户自述,1.1.0,synthetic,true,SRC-SYNTH,2026-09-05T00:00:00+08:00,0.58,synthetic,not_applicable,,team_generated,false,golden
EVID-G002-003,USER-G002,SKILL-003,self_report,55,0.4,0.58,2026-01-09T16:00:00Z,false,面向对象设计用户自述,1.1.0,synthetic,true,SRC-SYNTH,2026-09-05T00:00:00+08:00,0.58,synthetic,not_applicable,,team_generated,false,golden
EVID-G002-004,USER-G002,SKILL-004,assessment,68,1,0.9,2026-03-21T16:00:00Z,true,计算机系统基础能力测评,1.1.0,synthetic,true,SRC-SYNTH,2026-09-05T00:00:00+08:00,0.9,synthetic,not_applicable,,team_generated,false,golden
EVID-G002-005,USER-G002,SKILL-005,self_report,56,0.4,0.58,2026-04-07T16:00:00Z,false,计算机网络用户自述,1.1.0,synthetic,true,SRC-SYNTH,2026-09-05T00:00:00+08:00,0.58,synthetic,not_applicable,,team_generated,false,golden
EVID-G002-006,USER-G002,SKILL-006,course_completion,49,0.7,0.76,2025-02-07T16:00:00Z,true,Linux使用课程记录,1.1.0,synthetic,true,SRC-SYNTH,2026-09-05T00:00:00+08:00,0.76,synthetic,not_applicable,,team_generated,false,golden
EVID-G002-007,USER-G002,SKILL-007,verified_project,88,0.9,0.9,2026-06-20T16:00:00Z,true,软件工程项目成果,1.1.0,synthetic,true,SRC-SYNTH,2026-09-05T00:00:00+08:00,0.9,synthetic,not_applicable,,team_generated,false,golden
EVID-G002-008,USER-G002,SKILL-008,assessment,60,1,0.9,2026-06-05T16:00:00Z,true,测试与调试能力测评,1.1.0,synthetic,true,SRC-SYNTH,2026-09-05T00:00:00+08:00,0.9,synthetic,not_applicable,,team_generated,false,golden
EVID-G002-009,USER-G002,SKILL-009,assessment,66,1,0.9,2026-05-19T16:00:00Z,true,SQL能力测评,1.1.0,synthetic,true,SRC-SYNTH,2026-09-05T00:00:00+08:00,0.9,synthetic,not_applicable,,team_generated,false,golden
EVID-G002-010,USER-G002,SKILL-010,course_completion,44,0.7,0.76,2024-12-22T16:00:00Z,true,数据清洗课程记录,1.1.0,synthetic,true,SRC-SYNTH,2026-09-05T00:00:00+08:00,0.76,synthetic,not_applicable,,team_generated,false,golden
EVID-G002-011,USER-G002,SKILL-011,course_completion,52,0.7,0.76,2025-08-01T16:00:00Z,true,统计学基础课程记录,1.1.0,synthetic,true,SRC-SYNTH,2026-09-05T00:00:00+08:00,0.76,synthetic,not_applicable,,team_generated,false,golden
EVID-G002-012,USER-G002,SKILL-012,self_report,57,0.4,0.58,2026-04-13T16:00:00Z,false,探索性数据分析用户自述,1.1.0,synthetic,true,SRC-SYNTH,2026-09-05T00:00:00+08:00,0.58,synthetic,not_applicable,,team_generated,false,golden
EVID-G002-013,USER-G002,SKILL-013,self_report,43,0.4,0.58,2026-07-08T16:00:00Z,false,数据可视化用户自述,1.1.0,synthetic,true,SRC-SYNTH,2026-09-05T00:00:00+08:00,0.58,synthetic,not_applicable,,team_generated,false,golden
EVID-G002-014,USER-G002,SKILL-014,course_completion,44,0.7,0.76,2025-07-23T16:00:00Z,true,Excel与BI工具课程记录,1.1.0,synthetic,true,SRC-SYNTH,2026-09-05T00:00:00+08:00,0.76,synthetic,not_applicable,,team_generated,false,golden
EVID-G002-015,USER-G002,SKILL-015,self_report,41,0.4,0.58,2026-07-18T16:00:00Z,false,数据建模用户自述,1.1.0,synthetic,true,SRC-SYNTH,2026-09-05T00:00:00+08:00,0.58,synthetic,not_applicable,,team_generated,false,golden
EVID-G002-016,USER-G002,SKILL-016,self_report,45,0.4,0.58,2026-03-23T16:00:00Z,false,实验与A/B测试用户自述,1.1.0,synthetic,true,SRC-SYNTH,2026-09-05T00:00:00+08:00,0.58,synthetic,not_applicable,,team_generated,false,golden
EVID-G002-017,USER-G002,SKILL-017,course_completion,46,0.7,0.76,2024-12-12T16:00:00Z,true,线性代数课程记录,1.1.0,synthetic,true,SRC-SYNTH,2026-09-05T00:00:00+08:00,0.76,synthetic,not_applicable,,team_generated,false,golden
EVID-G002-018,USER-G002,SKILL-018,course_completion,59,0.7,0.76,2026-07-27T16:00:00Z,true,微积分与优化课程记录,1.1.0,synthetic,true,SRC-SYNTH,2026-09-05T00:00:00+08:00,0.76,synthetic,not_applicable,,team_generated,false,golden
EVID-G002-019,USER-G002,SKILL-019,work_sample,68,0.75,0.82,2026-01-05T16:00:00Z,true,机器学习工作样例,1.1.0,synthetic,true,SRC-SYNTH,2026-09-05T00:00:00+08:00,0.82,synthetic,not_applicable,,team_generated,false,golden
EVID-G002-020,USER-G002,SKILL-020,self_report,47,0.4,0.58,2025-03-11T16:00:00Z,false,特征工程用户自述,1.1.0,synthetic,true,SRC-SYNTH,2026-09-05T00:00:00+08:00,0.58,synthetic,not_applicable,,team_generated,false,golden
EVID-G002-021,USER-G002,SKILL-021,self_report,40,0.4,0.58,2026-05-17T16:00:00Z,false,模型评估用户自述,1.1.0,synthetic,true,SRC-SYNTH,2026-09-05T00:00:00+08:00,0.58,synthetic,not_applicable,,team_generated,false,golden
EVID-G002-022,USER-G002,SKILL-022,self_report,59,0.4,0.58,2025-12-28T16:00:00Z,false,深度学习用户自述,1.1.0,synthetic,true,SRC-SYNTH,2026-09-05T00:00:00+08:00,0.58,synthetic,not_applicable,,team_generated,false,golden
EVID-G002-023,USER-G002,SKILL-023,work_sample,71,0.75,0.82,2026-08-22T16:00:00Z,true,自然语言处理工作样例,1.1.0,synthetic,true,SRC-SYNTH,2026-09-05T00:00:00+08:00,0.82,synthetic,not_applicable,,team_generated,false,golden
EVID-G002-024,USER-G002,SKILL-024,course_completion,51,0.7,0.76,2026-03-06T16:00:00Z,true,模型调优课程记录,1.1.0,synthetic,true,SRC-SYNTH,2026-09-05T00:00:00+08:00,0.76,synthetic,not_applicable,,team_generated,false,golden
EVID-G002-025,USER-G002,SKILL-025,assessment,71,1,0.9,2026-08-22T16:00:00Z,true,大模型基础能力测评,1.1.0,synthetic,true,SRC-SYNTH,2026-09-05T00:00:00+08:00,0.9,synthetic,not_applicable,,team_generated,false,golden
EVID-G002-026,USER-G002,SKILL-026,course_completion,76,0.7,0.76,2026-08-05T16:00:00Z,true,提示词设计课程记录,1.1.0,synthetic,true,SRC-SYNTH,2026-09-05T00:00:00+08:00,0.76,synthetic,not_applicable,,team_generated,false,golden
EVID-G002-027,USER-G002,SKILL-027,self_report,43,0.4,0.58,2026-01-03T16:00:00Z,false,RAG应用用户自述,1.1.0,synthetic,true,SRC-SYNTH,2026-09-05T00:00:00+08:00,0.58,synthetic,not_applicable,,team_generated,false,golden
EVID-G002-028,USER-G002,SKILL-028,work_sample,77,0.75,0.82,2026-07-05T16:00:00Z,true,向量数据库工作样例,1.1.0,synthetic,true,SRC-SYNTH,2026-09-05T00:00:00+08:00,0.82,synthetic,not_applicable,,team_generated,false,golden
EVID-G002-029,USER-G002,SKILL-029,course_completion,63,0.7,0.76,2026-01-30T16:00:00Z,true,智能体开发课程记录,1.1.0,synthetic,true,SRC-SYNTH,2026-09-05T00:00:00+08:00,0.76,synthetic,not_applicable,,team_generated,false,golden
EVID-G002-030,USER-G002,SKILL-030,course_completion,47,0.7,0.76,2025-07-09T16:00:00Z,true,MCP与工具调用课程记录,1.1.0,synthetic,true,SRC-SYNTH,2026-09-05T00:00:00+08:00,0.76,synthetic,not_applicable,,team_generated,false,golden
EVID-G002-031,USER-G002,SKILL-031,course_completion,49,0.7,0.76,2025-12-31T16:00:00Z,true,模型微调课程记录,1.1.0,synthetic,true,SRC-SYNTH,2026-09-05T00:00:00+08:00,0.76,synthetic,not_applicable,,team_generated,false,golden
EVID-G002-032,USER-G002,SKILL-032,course_completion,65,0.7,0.76,2026-05-01T16:00:00Z,true,AI安全与评测课程记录,1.1.0,synthetic,true,SRC-SYNTH,2026-09-05T00:00:00+08:00,0.76,synthetic,not_applicable,,team_generated,false,golden
EVID-G002-033,USER-G002,SKILL-033,course_completion,65,0.7,0.76,2026-04-29T16:00:00Z,true,Git版本控制课程记录,1.1.0,synthetic,true,SRC-SYNTH,2026-09-05T00:00:00+08:00,0.76,synthetic,not_applicable,,team_generated,false,golden
EVID-G002-034,USER-G002,SKILL-034,assessment,85,1,0.9,2026-08-14T16:00:00Z,true,API设计能力测评,1.1.0,synthetic,true,SRC-SYNTH,2026-09-05T00:00:00+08:00,0.9,synthetic,not_applicable,,team_generated,false,golden
EVID-G002-035,USER-G002,SKILL-035,work_sample,64,0.75,0.82,2025-12-24T16:00:00Z,true,后端服务开发工作样例,1.1.0,synthetic,true,SRC-SYNTH,2026-09-05T00:00:00+08:00,0.82,synthetic,not_applicable,,team_generated,false,golden
EVID-G002-036,USER-G002,SKILL-036,assessment,71,1,0.9,2026-03-13T16:00:00Z,true,Docker容器能力测评,1.1.0,synthetic,true,SRC-SYNTH,2026-09-05T00:00:00+08:00,0.9,synthetic,not_applicable,,team_generated,false,golden
EVID-G002-037,USER-G002,SKILL-037,course_completion,69,0.7,0.76,2026-05-28T16:00:00Z,true,CI/CD课程记录,1.1.0,synthetic,true,SRC-SYNTH,2026-09-05T00:00:00+08:00,0.76,synthetic,not_applicable,,team_generated,false,golden
EVID-G002-038,USER-G002,SKILL-038,course_completion,55,0.7,0.76,2026-01-17T16:00:00Z,true,云端部署课程记录,1.1.0,synthetic,true,SRC-SYNTH,2026-09-05T00:00:00+08:00,0.76,synthetic,not_applicable,,team_generated,false,golden
EVID-G002-039,USER-G002,SKILL-039,course_completion,42,0.7,0.76,2025-04-29T16:00:00Z,true,监控与可观测性课程记录,1.1.0,synthetic,true,SRC-SYNTH,2026-09-05T00:00:00+08:00,0.76,synthetic,not_applicable,,team_generated,false,golden
EVID-G002-040,USER-G002,SKILL-040,self_report,48,0.4,0.58,2026-01-30T16:00:00Z,false,数据工程管道用户自述,1.1.0,synthetic,true,SRC-SYNTH,2026-09-05T00:00:00+08:00,0.58,synthetic,not_applicable,,team_generated,false,golden
EVID-G002-041,USER-G002,SKILL-041,self_report,52,0.4,0.58,2025-05-31T16:00:00Z,false,问题拆解用户自述,1.1.0,synthetic,true,SRC-SYNTH,2026-09-05T00:00:00+08:00,0.58,synthetic,not_applicable,,team_generated,false,golden
EVID-G002-042,USER-G002,SKILL-042,course_completion,35,0.7,0.76,2025-01-24T16:00:00Z,true,系统思维课程记录,1.1.0,synthetic,true,SRC-SYNTH,2026-09-05T00:00:00+08:00,0.76,synthetic,not_applicable,,team_generated,false,golden
EVID-G002-043,USER-G002,SKILL-043,course_completion,72,0.7,0.76,2026-06-01T16:00:00Z,true,需求分析课程记录,1.1.0,synthetic,true,SRC-SYNTH,2026-09-05T00:00:00+08:00,0.76,synthetic,not_applicable,,team_generated,false,golden
EVID-G002-044,USER-G002,SKILL-044,work_sample,63,0.75,0.82,2026-07-23T16:00:00Z,true,用户研究工作样例,1.1.0,synthetic,true,SRC-SYNTH,2026-09-05T00:00:00+08:00,0.82,synthetic,not_applicable,,team_generated,false,golden
EVID-G002-045,USER-G002,SKILL-045,course_completion,38,0.7,0.76,2025-12-25T16:00:00Z,true,指标设计课程记录,1.1.0,synthetic,true,SRC-SYNTH,2026-09-05T00:00:00+08:00,0.76,synthetic,not_applicable,,team_generated,false,golden
EVID-G002-046,USER-G002,SKILL-046,course_completion,53,0.7,0.76,2025-11-22T16:00:00Z,true,业务理解课程记录,1.1.0,synthetic,true,SRC-SYNTH,2026-09-05T00:00:00+08:00,0.76,synthetic,not_applicable,,team_generated,false,golden
EVID-G002-047,USER-G002,SKILL-047,course_completion,43,0.7,0.76,2025-04-22T16:00:00Z,true,创新与方案比较课程记录,1.1.0,synthetic,true,SRC-SYNTH,2026-09-05T00:00:00+08:00,0.76,synthetic,not_applicable,,team_generated,false,golden
EVID-G002-048,USER-G002,SKILL-048,self_report,39,0.4,0.58,2026-06-13T16:00:00Z,false,书面沟通用户自述,1.1.0,synthetic,true,SRC-SYNTH,2026-09-05T00:00:00+08:00,0.58,synthetic,not_applicable,,team_generated,false,golden
EVID-G002-049,USER-G002,SKILL-049,course_completion,45,0.7,0.76,2025-01-14T16:00:00Z,true,表达与汇报课程记录,1.1.0,synthetic,true,SRC-SYNTH,2026-09-05T00:00:00+08:00,0.76,synthetic,not_applicable,,team_generated,false,golden
EVID-G002-050,USER-G002,SKILL-050,assessment,70,1,0.9,2025-12-10T16:00:00Z,true,跨岗位沟通能力测评,1.1.0,synthetic,true,SRC-SYNTH,2026-09-05T00:00:00+08:00,0.9,synthetic,not_applicable,,team_generated,false,golden
EVID-G002-051,USER-G002,SKILL-051,course_completion,35,0.7,0.76,2026-02-08T16:00:00Z,true,远程协作课程记录,1.1.0,synthetic,true,SRC-SYNTH,2026-09-05T00:00:00+08:00,0.76,synthetic,not_applicable,,team_generated,false,golden
EVID-G002-052,USER-G002,SKILL-052,self_report,52,0.4,0.58,2024-12-09T16:00:00Z,false,团队协作用户自述,1.1.0,synthetic,true,SRC-SYNTH,2026-09-05T00:00:00+08:00,0.58,synthetic,not_applicable,,team_generated,false,golden
EVID-G002-053,USER-G002,SKILL-053,course_completion,57,0.7,0.76,2026-05-21T16:00:00Z,true,时间管理课程记录,1.1.0,synthetic,true,SRC-SYNTH,2026-09-05T00:00:00+08:00,0.76,synthetic,not_applicable,,team_generated,false,golden
EVID-G002-054,USER-G002,SKILL-054,course_completion,46,0.7,0.76,2025-10-02T16:00:00Z,true,职业伦理与隐私课程记录,1.1.0,synthetic,true,SRC-SYNTH,2026-09-05T00:00:00+08:00,0.76,synthetic,not_applicable,,team_generated,false,golden
EVID-G002-055,USER-G002,SKILL-055,course_completion,40,0.7,0.76,2025-08-02T16:00:00Z,true,自主学习课程记录,1.1.0,synthetic,true,SRC-SYNTH,2026-09-05T00:00:00+08:00,0.76,synthetic,not_applicable,,team_generated,false,golden
EVID-G002-056,USER-G002,SKILL-056,assessment,68,1,0.9,2026-03-18T16:00:00Z,true,知识管理能力测评,1.1.0,synthetic,true,SRC-SYNTH,2026-09-05T00:00:00+08:00,0.9,synthetic,not_applicable,,team_generated,false,golden
EVID-G002-057,USER-G002,SKILL-057,work_sample,62,0.75,0.82,2026-07-07T16:00:00Z,true,项目规划工作样例,1.1.0,synthetic,true,SRC-SYNTH,2026-09-05T00:00:00+08:00,0.82,synthetic,not_applicable,,team_generated,false,golden
EVID-G002-058,USER-G002,SKILL-058,assessment,63,1,0.9,2026-07-06T16:00:00Z,true,项目交付能力测评,1.1.0,synthetic,true,SRC-SYNTH,2026-09-05T00:00:00+08:00,0.9,synthetic,not_applicable,,team_generated,false,golden
EVID-G002-059,USER-G002,SKILL-059,self_report,45,0.4,0.58,2024-12-02T16:00:00Z,false,复盘与反馈用户自述,1.1.0,synthetic,true,SRC-SYNTH,2026-09-05T00:00:00+08:00,0.58,synthetic,not_applicable,,team_generated,false,golden
EVID-G002-060,USER-G002,SKILL-060,self_report,37,0.4,0.58,2025-11-29T16:00:00Z,false,职业探索用户自述,1.1.0,synthetic,true,SRC-SYNTH,2026-09-05T00:00:00+08:00,0.58,synthetic,not_applicable,,team_generated,false,golden
EVID-G003-001,USER-G003,SKILL-001,assessment,85,1,0.9,2026-08-25T16:00:00Z,true,Python编程能力测评,1.1.0,synthetic,true,SRC-SYNTH,2026-09-05T00:00:00+08:00,0.9,synthetic,not_applicable,,team_generated,false,golden
EVID-G003-002,USER-G003,SKILL-002,work_sample,60,0.75,0.82,2026-07-27T16:00:00Z,true,数据结构与算法工作样例,1.1.0,synthetic,true,SRC-SYNTH,2026-09-05T00:00:00+08:00,0.82,synthetic,not_applicable,,team_generated,false,golden
EVID-G003-003,USER-G003,SKILL-003,work_sample,61,0.75,0.82,2026-05-15T16:00:00Z,true,面向对象设计工作样例,1.1.0,synthetic,true,SRC-SYNTH,2026-09-05T00:00:00+08:00,0.82,synthetic,not_applicable,,team_generated,false,golden
EVID-G003-004,USER-G003,SKILL-004,course_completion,60,0.7,0.76,2026-05-20T16:00:00Z,true,计算机系统基础课程记录,1.1.0,synthetic,true,SRC-SYNTH,2026-09-05T00:00:00+08:00,0.76,synthetic,not_applicable,,team_generated,false,golden
EVID-G003-005,USER-G003,SKILL-005,self_report,43,0.4,0.58,2026-08-18T16:00:00Z,false,计算机网络用户自述,1.1.0,synthetic,true,SRC-SYNTH,2026-09-05T00:00:00+08:00,0.58,synthetic,not_applicable,,team_generated,false,golden
EVID-G003-006,USER-G003,SKILL-006,self_report,52,0.4,0.58,2025-09-02T16:00:00Z,false,Linux使用用户自述,1.1.0,synthetic,true,SRC-SYNTH,2026-09-05T00:00:00+08:00,0.58,synthetic,not_applicable,,team_generated,false,golden
EVID-G003-007,USER-G003,SKILL-007,course_completion,64,0.7,0.76,2026-02-04T16:00:00Z,true,软件工程课程记录,1.1.0,synthetic,true,SRC-SYNTH,2026-09-05T00:00:00+08:00,0.76,synthetic,not_applicable,,team_generated,false,golden
EVID-G003-008,USER-G003,SKILL-008,course_completion,66,0.7,0.76,2025-12-11T16:00:00Z,true,测试与调试课程记录,1.1.0,synthetic,true,SRC-SYNTH,2026-09-05T00:00:00+08:00,0.76,synthetic,not_applicable,,team_generated,false,golden
EVID-G003-009,USER-G003,SKILL-009,assessment,87,1,0.9,2026-06-03T16:00:00Z,true,SQL能力测评,1.1.0,synthetic,true,SRC-SYNTH,2026-09-05T00:00:00+08:00,0.9,synthetic,not_applicable,,team_generated,false,golden
EVID-G003-010,USER-G003,SKILL-010,assessment,68,1,0.9,2026-02-12T16:00:00Z,true,数据清洗能力测评,1.1.0,synthetic,true,SRC-SYNTH,2026-09-05T00:00:00+08:00,0.9,synthetic,not_applicable,,team_generated,false,golden
EVID-G003-011,USER-G003,SKILL-011,verified_project,90,0.9,0.9,2026-08-25T16:00:00Z,true,统计学基础项目成果,1.1.0,synthetic,true,SRC-SYNTH,2026-09-05T00:00:00+08:00,0.9,synthetic,not_applicable,,team_generated,false,golden
EVID-G003-012,USER-G003,SKILL-012,verified_project,88,0.9,0.9,2026-06-09T16:00:00Z,true,探索性数据分析项目成果,1.1.0,synthetic,true,SRC-SYNTH,2026-09-05T00:00:00+08:00,0.9,synthetic,not_applicable,,team_generated,false,golden
EVID-G003-013,USER-G003,SKILL-013,course_completion,69,0.7,0.76,2026-05-02T16:00:00Z,true,数据可视化课程记录,1.1.0,synthetic,true,SRC-SYNTH,2026-09-05T00:00:00+08:00,0.76,synthetic,not_applicable,,team_generated,false,golden
EVID-G003-014,USER-G003,SKILL-014,self_report,41,0.4,0.58,2024-11-19T16:00:00Z,false,Excel与BI工具用户自述,1.1.0,synthetic,true,SRC-SYNTH,2026-09-05T00:00:00+08:00,0.58,synthetic,not_applicable,,team_generated,false,golden
EVID-G003-015,USER-G003,SKILL-015,self_report,47,0.4,0.58,2025-02-28T16:00:00Z,false,数据建模用户自述,1.1.0,synthetic,true,SRC-SYNTH,2026-09-05T00:00:00+08:00,0.58,synthetic,not_applicable,,team_generated,false,golden
EVID-G003-016,USER-G003,SKILL-016,course_completion,48,0.7,0.76,2024-11-07T16:00:00Z,true,实验与A/B测试课程记录,1.1.0,synthetic,true,SRC-SYNTH,2026-09-05T00:00:00+08:00,0.76,synthetic,not_applicable,,team_generated,false,golden
EVID-G003-017,USER-G003,SKILL-017,work_sample,64,0.75,0.82,2026-01-23T16:00:00Z,true,线性代数工作样例,1.1.0,synthetic,true,SRC-SYNTH,2026-09-05T00:00:00+08:00,0.82,synthetic,not_applicable,,team_generated,false,golden
EVID-G003-018,USER-G003,SKILL-018,self_report,59,0.4,0.58,2026-04-29T16:00:00Z,false,微积分与优化用户自述,1.1.0,synthetic,true,SRC-SYNTH,2026-09-05T00:00:00+08:00,0.58,synthetic,not_applicable,,team_generated,false,golden
EVID-G003-019,USER-G003,SKILL-019,course_completion,49,0.7,0.76,2026-07-30T16:00:00Z,true,机器学习课程记录,1.1.0,synthetic,true,SRC-SYNTH,2026-09-05T00:00:00+08:00,0.76,synthetic,not_applicable,,team_generated,false,golden
EVID-G003-020,USER-G003,SKILL-020,course_completion,55,0.7,0.76,2026-01-12T16:00:00Z,true,特征工程课程记录,1.1.0,synthetic,true,SRC-SYNTH,2026-09-05T00:00:00+08:00,0.76,synthetic,not_applicable,,team_generated,false,golden
EVID-G003-021,USER-G003,SKILL-021,work_sample,65,0.75,0.82,2026-02-03T16:00:00Z,true,模型评估工作样例,1.1.0,synthetic,true,SRC-SYNTH,2026-09-05T00:00:00+08:00,0.82,synthetic,not_applicable,,team_generated,false,golden
EVID-G003-022,USER-G003,SKILL-022,self_report,44,0.4,0.58,2026-05-30T16:00:00Z,false,深度学习用户自述,1.1.0,synthetic,true,SRC-SYNTH,2026-09-05T00:00:00+08:00,0.58,synthetic,not_applicable,,team_generated,false,golden
EVID-G003-023,USER-G003,SKILL-023,course_completion,71,0.7,0.76,2026-03-14T16:00:00Z,true,自然语言处理课程记录,1.1.0,synthetic,true,SRC-SYNTH,2026-09-05T00:00:00+08:00,0.76,synthetic,not_applicable,,team_generated,false,golden
EVID-G003-024,USER-G003,SKILL-024,self_report,47,0.4,0.58,2025-02-18T16:00:00Z,false,模型调优用户自述,1.1.0,synthetic,true,SRC-SYNTH,2026-09-05T00:00:00+08:00,0.58,synthetic,not_applicable,,team_generated,false,golden
EVID-G003-025,USER-G003,SKILL-025,course_completion,66,0.7,0.76,2026-05-21T16:00:00Z,true,大模型基础课程记录,1.1.0,synthetic,true,SRC-SYNTH,2026-09-05T00:00:00+08:00,0.76,synthetic,not_applicable,,team_generated,false,golden
EVID-G003-026,USER-G003,SKILL-026,self_report,37,0.4,0.58,2026-06-12T16:00:00Z,false,提示词设计用户自述,1.1.0,synthetic,true,SRC-SYNTH,2026-09-05T00:00:00+08:00,0.58,synthetic,not_applicable,,team_generated,false,golden
EVID-G003-027,USER-G003,SKILL-027,self_report,54,0.4,0.58,2025-07-29T16:00:00Z,false,RAG应用用户自述,1.1.0,synthetic,true,SRC-SYNTH,2026-09-05T00:00:00+08:00,0.58,synthetic,not_applicable,,team_generated,false,golden
EVID-G003-028,USER-G003,SKILL-028,self_report,44,0.4,0.58,2025-01-26T16:00:00Z,false,向量数据库用户自述,1.1.0,synthetic,true,SRC-SYNTH,2026-09-05T00:00:00+08:00,0.58,synthetic,not_applicable,,team_generated,false,golden
EVID-G003-029,USER-G003,SKILL-029,self_report,54,0.4,0.58,2025-06-26T16:00:00Z,false,智能体开发用户自述,1.1.0,synthetic,true,SRC-SYNTH,2026-09-05T00:00:00+08:00,0.58,synthetic,not_applicable,,team_generated,false,golden
EVID-G003-030,USER-G003,SKILL-030,course_completion,50,0.7,0.76,2025-01-26T16:00:00Z,true,MCP与工具调用课程记录,1.1.0,synthetic,true,SRC-SYNTH,2026-09-05T00:00:00+08:00,0.76,synthetic,not_applicable,,team_generated,false,golden
EVID-G003-031,USER-G003,SKILL-031,self_report,43,0.4,0.58,2026-07-15T16:00:00Z,false,模型微调用户自述,1.1.0,synthetic,true,SRC-SYNTH,2026-09-05T00:00:00+08:00,0.58,synthetic,not_applicable,,team_generated,false,golden
EVID-G003-032,USER-G003,SKILL-032,self_report,37,0.4,0.58,2025-09-02T16:00:00Z,false,AI安全与评测用户自述,1.1.0,synthetic,true,SRC-SYNTH,2026-09-05T00:00:00+08:00,0.58,synthetic,not_applicable,,team_generated,false,golden
EVID-G003-033,USER-G003,SKILL-033,course_completion,52,0.7,0.76,2025-02-24T16:00:00Z,true,Git版本控制课程记录,1.1.0,synthetic,true,SRC-SYNTH,2026-09-05T00:00:00+08:00,0.76,synthetic,not_applicable,,team_generated,false,golden
EVID-G003-034,USER-G003,SKILL-034,course_completion,46,0.7,0.76,2025-10-13T16:00:00Z,true,API设计课程记录,1.1.0,synthetic,true,SRC-SYNTH,2026-09-05T00:00:00+08:00,0.76,synthetic,not_applicable,,team_generated,false,golden
EVID-G003-035,USER-G003,SKILL-035,work_sample,62,0.75,0.82,2025-12-27T16:00:00Z,true,后端服务开发工作样例,1.1.0,synthetic,true,SRC-SYNTH,2026-09-05T00:00:00+08:00,0.82,synthetic,not_applicable,,team_generated,false,golden
EVID-G003-036,USER-G003,SKILL-036,course_completion,59,0.7,0.76,2025-12-29T16:00:00Z,true,Docker容器课程记录,1.1.0,synthetic,true,SRC-SYNTH,2026-09-05T00:00:00+08:00,0.76,synthetic,not_applicable,,team_generated,false,golden
EVID-G003-037,USER-G003,SKILL-037,course_completion,63,0.7,0.76,2026-06-21T16:00:00Z,true,CI/CD课程记录,1.1.0,synthetic,true,SRC-SYNTH,2026-09-05T00:00:00+08:00,0.76,synthetic,not_applicable,,team_generated,false,golden
EVID-G003-038,USER-G003,SKILL-038,self_report,34,0.4,0.58,2026-04-19T16:00:00Z,false,云端部署用户自述,1.1.0,synthetic,true,SRC-SYNTH,2026-09-05T00:00:00+08:00,0.58,synthetic,not_applicable,,team_generated,false,golden
EVID-G003-039,USER-G003,SKILL-039,self_report,50,0.4,0.58,2026-08-13T16:00:00Z,false,监控与可观测性用户自述,1.1.0,synthetic,true,SRC-SYNTH,2026-09-05T00:00:00+08:00,0.58,synthetic,not_applicable,,team_generated,false,golden
EVID-G003-040,USER-G003,SKILL-040,work_sample,70,0.75,0.82,2026-07-04T16:00:00Z,true,数据工程管道工作样例,1.1.0,synthetic,true,SRC-SYNTH,2026-09-05T00:00:00+08:00,0.82,synthetic,not_applicable,,team_generated,false,golden
EVID-G003-041,USER-G003,SKILL-041,assessment,63,1,0.9,2026-02-27T16:00:00Z,true,问题拆解能力测评,1.1.0,synthetic,true,SRC-SYNTH,2026-09-05T00:00:00+08:00,0.9,synthetic,not_applicable,,team_generated,false,golden
EVID-G003-042,USER-G003,SKILL-042,course_completion,63,0.7,0.76,2026-01-30T16:00:00Z,true,系统思维课程记录,1.1.0,synthetic,true,SRC-SYNTH,2026-09-05T00:00:00+08:00,0.76,synthetic,not_applicable,,team_generated,false,golden
EVID-G003-043,USER-G003,SKILL-043,course_completion,62,0.7,0.76,2026-07-12T16:00:00Z,true,需求分析课程记录,1.1.0,synthetic,true,SRC-SYNTH,2026-09-05T00:00:00+08:00,0.76,synthetic,not_applicable,,team_generated,false,golden
EVID-G003-044,USER-G003,SKILL-044,work_sample,65,0.75,0.82,2026-01-18T16:00:00Z,true,用户研究工作样例,1.1.0,synthetic,true,SRC-SYNTH,2026-09-05T00:00:00+08:00,0.82,synthetic,not_applicable,,team_generated,false,golden
EVID-G003-045,USER-G003,SKILL-045,course_completion,70,0.7,0.76,2026-05-24T16:00:00Z,true,指标设计课程记录,1.1.0,synthetic,true,SRC-SYNTH,2026-09-05T00:00:00+08:00,0.76,synthetic,not_applicable,,team_generated,false,golden
EVID-G003-046,USER-G003,SKILL-046,course_completion,40,0.7,0.76,2025-11-08T16:00:00Z,true,业务理解课程记录,1.1.0,synthetic,true,SRC-SYNTH,2026-09-05T00:00:00+08:00,0.76,synthetic,not_applicable,,team_generated,false,golden
EVID-G003-047,USER-G003,SKILL-047,course_completion,38,0.7,0.76,2025-10-09T16:00:00Z,true,创新与方案比较课程记录,1.1.0,synthetic,true,SRC-SYNTH,2026-09-05T00:00:00+08:00,0.76,synthetic,not_applicable,,team_generated,false,golden
EVID-G003-048,USER-G003,SKILL-048,verified_project,83,0.9,0.9,2026-08-07T16:00:00Z,true,书面沟通项目成果,1.1.0,synthetic,true,SRC-SYNTH,2026-09-05T00:00:00+08:00,0.9,synthetic,not_applicable,,team_generated,false,golden
EVID-G003-049,USER-G003,SKILL-049,self_report,41,0.4,0.58,2025-11-23T16:00:00Z,false,表达与汇报用户自述,1.1.0,synthetic,true,SRC-SYNTH,2026-09-05T00:00:00+08:00,0.58,synthetic,not_applicable,,team_generated,false,golden
EVID-G003-050,USER-G003,SKILL-050,course_completion,37,0.7,0.76,2026-05-27T16:00:00Z,true,跨岗位沟通课程记录,1.1.0,synthetic,true,SRC-SYNTH,2026-09-05T00:00:00+08:00,0.76,synthetic,not_applicable,,team_generated,false,golden
EVID-G003-051,USER-G003,SKILL-051,work_sample,62,0.75,0.82,2026-08-21T16:00:00Z,true,远程协作工作样例,1.1.0,synthetic,true,SRC-SYNTH,2026-09-05T00:00:00+08:00,0.82,synthetic,not_applicable,,team_generated,false,golden
EVID-G003-052,USER-G003,SKILL-052,course_completion,56,0.7,0.76,2026-01-26T16:00:00Z,true,团队协作课程记录,1.1.0,synthetic,true,SRC-SYNTH,2026-09-05T00:00:00+08:00,0.76,synthetic,not_applicable,,team_generated,false,golden
EVID-G003-053,USER-G003,SKILL-053,course_completion,51,0.7,0.76,2026-02-12T16:00:00Z,true,时间管理课程记录,1.1.0,synthetic,true,SRC-SYNTH,2026-09-05T00:00:00+08:00,0.76,synthetic,not_applicable,,team_generated,false,golden
EVID-G003-054,USER-G003,SKILL-054,course_completion,54,0.7,0.76,2026-03-13T16:00:00Z,true,职业伦理与隐私课程记录,1.1.0,synthetic,true,SRC-SYNTH,2026-09-05T00:00:00+08:00,0.76,synthetic,not_applicable,,team_generated,false,golden
EVID-G003-055,USER-G003,SKILL-055,course_completion,52,0.7,0.76,2025-11-14T16:00:00Z,true,自主学习课程记录,1.1.0,synthetic,true,SRC-SYNTH,2026-09-05T00:00:00+08:00,0.76,synthetic,not_applicable,,team_generated,false,golden
EVID-G003-056,USER-G003,SKILL-056,course_completion,58,0.7,0.76,2026-04-09T16:00:00Z,true,知识管理课程记录,1.1.0,synthetic,true,SRC-SYNTH,2026-09-05T00:00:00+08:00,0.76,synthetic,not_applicable,,team_generated,false,golden
EVID-G003-057,USER-G003,SKILL-057,course_completion,50,0.7,0.76,2025-02-21T16:00:00Z,true,项目规划课程记录,1.1.0,synthetic,true,SRC-SYNTH,2026-09-05T00:00:00+08:00,0.76,synthetic,not_applicable,,team_generated,false,golden
EVID-G003-058,USER-G003,SKILL-058,course_completion,54,0.7,0.76,2026-07-19T16:00:00Z,true,项目交付课程记录,1.1.0,synthetic,true,SRC-SYNTH,2026-09-05T00:00:00+08:00,0.76,synthetic,not_applicable,,team_generated,false,golden
EVID-G003-059,USER-G003,SKILL-059,course_completion,53,0.7,0.76,2026-02-09T16:00:00Z,true,复盘与反馈课程记录,1.1.0,synthetic,true,SRC-SYNTH,2026-09-05T00:00:00+08:00,0.76,synthetic,not_applicable,,team_generated,false,golden
EVID-G003-060,USER-G003,SKILL-060,course_completion,67,0.7,0.76,2026-01-21T16:00:00Z,true,职业探索课程记录,1.1.0,synthetic,true,SRC-SYNTH,2026-09-05T00:00:00+08:00,0.76,synthetic,not_applicable,,team_generated,false,golden
EVID-G004-001,USER-G004,SKILL-001,self_report,56,0.4,0.58,2026-04-22T16:00:00Z,false,Python编程用户自述,1.1.0,synthetic,true,SRC-SYNTH,2026-09-05T00:00:00+08:00,0.58,synthetic,not_applicable,,team_generated,false,golden
EVID-G004-002,USER-G004,SKILL-002,assessment,64,1,0.9,2026-03-02T16:00:00Z,true,数据结构与算法能力测评,1.1.0,synthetic,true,SRC-SYNTH,2026-09-05T00:00:00+08:00,0.9,synthetic,not_applicable,,team_generated,false,golden
EVID-G004-003,USER-G004,SKILL-003,self_report,49,0.4,0.58,2025-12-19T16:00:00Z,false,面向对象设计用户自述,1.1.0,synthetic,true,SRC-SYNTH,2026-09-05T00:00:00+08:00,0.58,synthetic,not_applicable,,team_generated,false,golden
EVID-G004-004,USER-G004,SKILL-004,course_completion,48,0.7,0.76,2025-02-13T16:00:00Z,true,计算机系统基础课程记录,1.1.0,synthetic,true,SRC-SYNTH,2026-09-05T00:00:00+08:00,0.76,synthetic,not_applicable,,team_generated,false,golden
EVID-G004-005,USER-G004,SKILL-005,course_completion,47,0.7,0.76,2025-06-17T16:00:00Z,true,计算机网络课程记录,1.1.0,synthetic,true,SRC-SYNTH,2026-09-05T00:00:00+08:00,0.76,synthetic,not_applicable,,team_generated,false,golden
EVID-G004-006,USER-G004,SKILL-006,course_completion,41,0.7,0.76,2026-06-25T16:00:00Z,true,Linux使用课程记录,1.1.0,synthetic,true,SRC-SYNTH,2026-09-05T00:00:00+08:00,0.76,synthetic,not_applicable,,team_generated,false,golden
EVID-G004-007,USER-G004,SKILL-007,self_report,46,0.4,0.58,2026-02-28T16:00:00Z,false,软件工程用户自述,1.1.0,synthetic,true,SRC-SYNTH,2026-09-05T00:00:00+08:00,0.58,synthetic,not_applicable,,team_generated,false,golden
EVID-G004-008,USER-G004,SKILL-008,course_completion,49,0.7,0.76,2026-03-08T16:00:00Z,true,测试与调试课程记录,1.1.0,synthetic,true,SRC-SYNTH,2026-09-05T00:00:00+08:00,0.76,synthetic,not_applicable,,team_generated,false,golden
EVID-G004-009,USER-G004,SKILL-009,work_sample,60,0.75,0.82,2026-01-10T16:00:00Z,true,SQL工作样例,1.1.0,synthetic,true,SRC-SYNTH,2026-09-05T00:00:00+08:00,0.82,synthetic,not_applicable,,team_generated,false,golden
EVID-G004-010,USER-G004,SKILL-010,assessment,66,1,0.9,2026-04-09T16:00:00Z,true,数据清洗能力测评,1.1.0,synthetic,true,SRC-SYNTH,2026-09-05T00:00:00+08:00,0.9,synthetic,not_applicable,,team_generated,false,golden
EVID-G004-011,USER-G004,SKILL-011,work_sample,66,0.75,0.82,2026-02-09T16:00:00Z,true,统计学基础工作样例,1.1.0,synthetic,true,SRC-SYNTH,2026-09-05T00:00:00+08:00,0.82,synthetic,not_applicable,,team_generated,false,golden
EVID-G004-012,USER-G004,SKILL-012,self_report,47,0.4,0.58,2026-03-15T16:00:00Z,false,探索性数据分析用户自述,1.1.0,synthetic,true,SRC-SYNTH,2026-09-05T00:00:00+08:00,0.58,synthetic,not_applicable,,team_generated,false,golden
EVID-G004-013,USER-G004,SKILL-013,work_sample,64,0.75,0.82,2026-02-03T16:00:00Z,true,数据可视化工作样例,1.1.0,synthetic,true,SRC-SYNTH,2026-09-05T00:00:00+08:00,0.82,synthetic,not_applicable,,team_generated,false,golden
EVID-G004-014,USER-G004,SKILL-014,work_sample,62,0.75,0.82,2026-08-05T16:00:00Z,true,Excel与BI工具工作样例,1.1.0,synthetic,true,SRC-SYNTH,2026-09-05T00:00:00+08:00,0.82,synthetic,not_applicable,,team_generated,false,golden
EVID-G004-015,USER-G004,SKILL-015,course_completion,44,0.7,0.76,2026-07-20T16:00:00Z,true,数据建模课程记录,1.1.0,synthetic,true,SRC-SYNTH,2026-09-05T00:00:00+08:00,0.76,synthetic,not_applicable,,team_generated,false,golden
EVID-G004-016,USER-G004,SKILL-016,course_completion,42,0.7,0.76,2026-01-04T16:00:00Z,true,实验与A/B测试课程记录,1.1.0,synthetic,true,SRC-SYNTH,2026-09-05T00:00:00+08:00,0.76,synthetic,not_applicable,,team_generated,false,golden
EVID-G004-017,USER-G004,SKILL-017,work_sample,69,0.75,0.82,2026-02-09T16:00:00Z,true,线性代数工作样例,1.1.0,synthetic,true,SRC-SYNTH,2026-09-05T00:00:00+08:00,0.82,synthetic,not_applicable,,team_generated,false,golden
EVID-G004-018,USER-G004,SKILL-018,work_sample,60,0.75,0.82,2026-05-13T16:00:00Z,true,微积分与优化工作样例,1.1.0,synthetic,true,SRC-SYNTH,2026-09-05T00:00:00+08:00,0.82,synthetic,not_applicable,,team_generated,false,golden
EVID-G004-019,USER-G004,SKILL-019,assessment,89,1,0.9,2026-06-22T16:00:00Z,true,机器学习能力测评,1.1.0,synthetic,true,SRC-SYNTH,2026-09-05T00:00:00+08:00,0.9,synthetic,not_applicable,,team_generated,false,golden
EVID-G004-020,USER-G004,SKILL-020,verified_project,80,0.9,0.9,2026-06-13T16:00:00Z,true,特征工程项目成果,1.1.0,synthetic,true,SRC-SYNTH,2026-09-05T00:00:00+08:00,0.9,synthetic,not_applicable,,team_generated,false,golden
EVID-G004-021,USER-G004,SKILL-021,verified_project,87,0.9,0.9,2026-08-08T16:00:00Z,true,模型评估项目成果,1.1.0,synthetic,true,SRC-SYNTH,2026-09-05T00:00:00+08:00,0.9,synthetic,not_applicable,,team_generated,false,golden
EVID-G004-022,USER-G004,SKILL-022,assessment,89,1,0.9,2026-08-24T16:00:00Z,true,深度学习能力测评,1.1.0,synthetic,true,SRC-SYNTH,2026-09-05T00:00:00+08:00,0.9,synthetic,not_applicable,,team_generated,false,golden
EVID-G004-023,USER-G004,SKILL-023,work_sample,77,0.75,0.82,2026-07-27T16:00:00Z,true,自然语言处理工作样例,1.1.0,synthetic,true,SRC-SYNTH,2026-09-05T00:00:00+08:00,0.82,synthetic,not_applicable,,team_generated,false,golden
EVID-G004-024,USER-G004,SKILL-024,course_completion,53,0.7,0.76,2026-02-27T16:00:00Z,true,模型调优课程记录,1.1.0,synthetic,true,SRC-SYNTH,2026-09-05T00:00:00+08:00,0.76,synthetic,not_applicable,,team_generated,false,golden
EVID-G004-025,USER-G004,SKILL-025,assessment,73,1,0.9,2026-08-20T16:00:00Z,true,大模型基础能力测评,1.1.0,synthetic,true,SRC-SYNTH,2026-09-05T00:00:00+08:00,0.9,synthetic,not_applicable,,team_generated,false,golden
EVID-G004-026,USER-G004,SKILL-026,assessment,67,1,0.9,2026-06-14T16:00:00Z,true,提示词设计能力测评,1.1.0,synthetic,true,SRC-SYNTH,2026-09-05T00:00:00+08:00,0.9,synthetic,not_applicable,,team_generated,false,golden
EVID-G004-027,USER-G004,SKILL-027,assessment,67,1,0.9,2025-12-20T16:00:00Z,true,RAG应用能力测评,1.1.0,synthetic,true,SRC-SYNTH,2026-09-05T00:00:00+08:00,0.9,synthetic,not_applicable,,team_generated,false,golden
EVID-G004-028,USER-G004,SKILL-028,self_report,49,0.4,0.58,2026-07-29T16:00:00Z,false,向量数据库用户自述,1.1.0,synthetic,true,SRC-SYNTH,2026-09-05T00:00:00+08:00,0.58,synthetic,not_applicable,,team_generated,false,golden
EVID-G004-029,USER-G004,SKILL-029,course_completion,68,0.7,0.76,2026-01-27T16:00:00Z,true,智能体开发课程记录,1.1.0,synthetic,true,SRC-SYNTH,2026-09-05T00:00:00+08:00,0.76,synthetic,not_applicable,,team_generated,false,golden
EVID-G004-030,USER-G004,SKILL-030,course_completion,43,0.7,0.76,2025-08-03T16:00:00Z,true,MCP与工具调用课程记录,1.1.0,synthetic,true,SRC-SYNTH,2026-09-05T00:00:00+08:00,0.76,synthetic,not_applicable,,team_generated,false,golden
EVID-G004-031,USER-G004,SKILL-031,self_report,43,0.4,0.58,2025-09-20T16:00:00Z,false,模型微调用户自述,1.1.0,synthetic,true,SRC-SYNTH,2026-09-05T00:00:00+08:00,0.58,synthetic,not_applicable,,team_generated,false,golden
EVID-G004-032,USER-G004,SKILL-032,self_report,48,0.4,0.58,2024-11-18T16:00:00Z,false,AI安全与评测用户自述,1.1.0,synthetic,true,SRC-SYNTH,2026-09-05T00:00:00+08:00,0.58,synthetic,not_applicable,,team_generated,false,golden
EVID-G004-033,USER-G004,SKILL-033,assessment,77,1,0.9,2026-07-21T16:00:00Z,true,Git版本控制能力测评,1.1.0,synthetic,true,SRC-SYNTH,2026-09-05T00:00:00+08:00,0.9,synthetic,not_applicable,,team_generated,false,golden
EVID-G004-034,USER-G004,SKILL-034,course_completion,64,0.7,0.76,2026-02-11T16:00:00Z,true,API设计课程记录,1.1.0,synthetic,true,SRC-SYNTH,2026-09-05T00:00:00+08:00,0.76,synthetic,not_applicable,,team_generated,false,golden
EVID-G004-035,USER-G004,SKILL-035,course_completion,47,0.7,0.76,2025-08-01T16:00:00Z,true,后端服务开发课程记录,1.1.0,synthetic,true,SRC-SYNTH,2026-09-05T00:00:00+08:00,0.76,synthetic,not_applicable,,team_generated,false,golden
EVID-G004-036,USER-G004,SKILL-036,course_completion,43,0.7,0.76,2025-11-09T16:00:00Z,true,Docker容器课程记录,1.1.0,synthetic,true,SRC-SYNTH,2026-09-05T00:00:00+08:00,0.76,synthetic,not_applicable,,team_generated,false,golden
EVID-G004-037,USER-G004,SKILL-037,course_completion,68,0.7,0.76,2026-06-11T16:00:00Z,true,CI/CD课程记录,1.1.0,synthetic,true,SRC-SYNTH,2026-09-05T00:00:00+08:00,0.76,synthetic,not_applicable,,team_generated,false,golden
EVID-G004-038,USER-G004,SKILL-038,course_completion,37,0.7,0.76,2024-12-21T16:00:00Z,true,云端部署课程记录,1.1.0,synthetic,true,SRC-SYNTH,2026-09-05T00:00:00+08:00,0.76,synthetic,not_applicable,,team_generated,false,golden
EVID-G004-039,USER-G004,SKILL-039,course_completion,36,0.7,0.76,2025-01-26T16:00:00Z,true,监控与可观测性课程记录,1.1.0,synthetic,true,SRC-SYNTH,2026-09-05T00:00:00+08:00,0.76,synthetic,not_applicable,,team_generated,false,golden
EVID-G004-040,USER-G004,SKILL-040,self_report,57,0.4,0.58,2026-07-03T16:00:00Z,false,数据工程管道用户自述,1.1.0,synthetic,true,SRC-SYNTH,2026-09-05T00:00:00+08:00,0.58,synthetic,not_applicable,,team_generated,false,golden
EVID-G004-041,USER-G004,SKILL-041,self_report,45,0.4,0.58,2025-04-20T16:00:00Z,false,问题拆解用户自述,1.1.0,synthetic,true,SRC-SYNTH,2026-09-05T00:00:00+08:00,0.58,synthetic,not_applicable,,team_generated,false,golden
EVID-G004-042,USER-G004,SKILL-042,course_completion,43,0.7,0.76,2025-10-31T16:00:00Z,true,系统思维课程记录,1.1.0,synthetic,true,SRC-SYNTH,2026-09-05T00:00:00+08:00,0.76,synthetic,not_applicable,,team_generated,false,golden
EVID-G004-043,USER-G004,SKILL-043,course_completion,55,0.7,0.76,2026-07-05T16:00:00Z,true,需求分析课程记录,1.1.0,synthetic,true,SRC-SYNTH,2026-09-05T00:00:00+08:00,0.76,synthetic,not_applicable,,team_generated,false,golden
EVID-G004-044,USER-G004,SKILL-044,assessment,63,1,0.9,2026-01-15T16:00:00Z,true,用户研究能力测评,1.1.0,synthetic,true,SRC-SYNTH,2026-09-05T00:00:00+08:00,0.9,synthetic,not_applicable,,team_generated,false,golden
EVID-G004-045,USER-G004,SKILL-045,course_completion,36,0.7,0.76,2026-02-23T16:00:00Z,true,指标设计课程记录,1.1.0,synthetic,true,SRC-SYNTH,2026-09-05T00:00:00+08:00,0.76,synthetic,not_applicable,,team_generated,false,golden
EVID-G004-046,USER-G004,SKILL-046,work_sample,61,0.75,0.82,2026-08-22T16:00:00Z,true,业务理解工作样例,1.1.0,synthetic,true,SRC-SYNTH,2026-09-05T00:00:00+08:00,0.82,synthetic,not_applicable,,team_generated,false,golden
EVID-G004-047,USER-G004,SKILL-047,self_report,35,0.4,0.58,2026-06-08T16:00:00Z,false,创新与方案比较用户自述,1.1.0,synthetic,true,SRC-SYNTH,2026-09-05T00:00:00+08:00,0.58,synthetic,not_applicable,,team_generated,false,golden
EVID-G004-048,USER-G004,SKILL-048,course_completion,51,0.7,0.76,2025-07-01T16:00:00Z,true,书面沟通课程记录,1.1.0,synthetic,true,SRC-SYNTH,2026-09-05T00:00:00+08:00,0.76,synthetic,not_applicable,,team_generated,false,golden
EVID-G004-049,USER-G004,SKILL-049,self_report,49,0.4,0.58,2026-06-02T16:00:00Z,false,表达与汇报用户自述,1.1.0,synthetic,true,SRC-SYNTH,2026-09-05T00:00:00+08:00,0.58,synthetic,not_applicable,,team_generated,false,golden
EVID-G004-050,USER-G004,SKILL-050,self_report,55,0.4,0.58,2026-02-07T16:00:00Z,false,跨岗位沟通用户自述,1.1.0,synthetic,true,SRC-SYNTH,2026-09-05T00:00:00+08:00,0.58,synthetic,not_applicable,,team_generated,false,golden
EVID-G004-051,USER-G004,SKILL-051,self_report,50,0.4,0.58,2025-12-28T16:00:00Z,false,远程协作用户自述,1.1.0,synthetic,true,SRC-SYNTH,2026-09-05T00:00:00+08:00,0.58,synthetic,not_applicable,,team_generated,false,golden
EVID-G004-052,USER-G004,SKILL-052,self_report,46,0.4,0.58,2026-01-04T16:00:00Z,false,团队协作用户自述,1.1.0,synthetic,true,SRC-SYNTH,2026-09-05T00:00:00+08:00,0.58,synthetic,not_applicable,,team_generated,false,golden
EVID-G004-053,USER-G004,SKILL-053,self_report,57,0.4,0.58,2026-03-28T16:00:00Z,false,时间管理用户自述,1.1.0,synthetic,true,SRC-SYNTH,2026-09-05T00:00:00+08:00,0.58,synthetic,not_applicable,,team_generated,false,golden
EVID-G004-054,USER-G004,SKILL-054,course_completion,49,0.7,0.76,2026-04-10T16:00:00Z,true,职业伦理与隐私课程记录,1.1.0,synthetic,true,SRC-SYNTH,2026-09-05T00:00:00+08:00,0.76,synthetic,not_applicable,,team_generated,false,golden
EVID-G004-055,USER-G004,SKILL-055,work_sample,65,0.75,0.82,2026-04-29T16:00:00Z,true,自主学习工作样例,1.1.0,synthetic,true,SRC-SYNTH,2026-09-05T00:00:00+08:00,0.82,synthetic,not_applicable,,team_generated,false,golden
EVID-G004-056,USER-G004,SKILL-056,course_completion,64,0.7,0.76,2026-07-06T16:00:00Z,true,知识管理课程记录,1.1.0,synthetic,true,SRC-SYNTH,2026-09-05T00:00:00+08:00,0.76,synthetic,not_applicable,,team_generated,false,golden
EVID-G004-057,USER-G004,SKILL-057,course_completion,63,0.7,0.76,2026-07-05T16:00:00Z,true,项目规划课程记录,1.1.0,synthetic,true,SRC-SYNTH,2026-09-05T00:00:00+08:00,0.76,synthetic,not_applicable,,team_generated,false,golden
EVID-G004-058,USER-G004,SKILL-058,course_completion,70,0.7,0.76,2026-05-21T16:00:00Z,true,项目交付课程记录,1.1.0,synthetic,true,SRC-SYNTH,2026-09-05T00:00:00+08:00,0.76,synthetic,not_applicable,,team_generated,false,golden
EVID-G004-059,USER-G004,SKILL-059,self_report,57,0.4,0.58,2026-06-24T16:00:00Z,false,复盘与反馈用户自述,1.1.0,synthetic,true,SRC-SYNTH,2026-09-05T00:00:00+08:00,0.58,synthetic,not_applicable,,team_generated,false,golden
EVID-G004-060,USER-G004,SKILL-060,self_report,46,0.4,0.58,2025-02-14T16:00:00Z,false,职业探索用户自述,1.1.0,synthetic,true,SRC-SYNTH,2026-09-05T00:00:00+08:00,0.58,synthetic,not_applicable,,team_generated,false,golden
EVID-G005-001,USER-G005,SKILL-001,course_completion,35,0.7,0.76,2025-10-12T16:00:00Z,true,Python编程课程记录,1.1.0,synthetic,true,SRC-SYNTH,2026-09-05T00:00:00+08:00,0.76,synthetic,not_applicable,,team_generated,false,golden
EVID-G005-002,USER-G005,SKILL-002,course_completion,41,0.7,0.76,2024-10-30T16:00:00Z,true,数据结构与算法课程记录,1.1.0,synthetic,true,SRC-SYNTH,2026-09-05T00:00:00+08:00,0.76,synthetic,not_applicable,,team_generated,false,golden
EVID-G005-003,USER-G005,SKILL-003,course_completion,41,0.7,0.76,2025-05-01T16:00:00Z,true,面向对象设计课程记录,1.1.0,synthetic,true,SRC-SYNTH,2026-09-05T00:00:00+08:00,0.76,synthetic,not_applicable,,team_generated,false,golden
EVID-G005-004,USER-G005,SKILL-004,self_report,37,0.4,0.58,2026-04-07T16:00:00Z,false,计算机系统基础用户自述,1.1.0,synthetic,true,SRC-SYNTH,2026-09-05T00:00:00+08:00,0.58,synthetic,not_applicable,,team_generated,false,golden
EVID-G005-005,USER-G005,SKILL-005,course_completion,66,0.7,0.76,2026-04-17T16:00:00Z,true,计算机网络课程记录,1.1.0,synthetic,true,SRC-SYNTH,2026-09-05T00:00:00+08:00,0.76,synthetic,not_applicable,,team_generated,false,golden
EVID-G005-006,USER-G005,SKILL-006,course_completion,59,0.7,0.76,2026-01-01T16:00:00Z,true,Linux使用课程记录,1.1.0,synthetic,true,SRC-SYNTH,2026-09-05T00:00:00+08:00,0.76,synthetic,not_applicable,,team_generated,false,golden
EVID-G005-007,USER-G005,SKILL-007,self_report,55,0.4,0.58,2026-05-20T16:00:00Z,false,软件工程用户自述,1.1.0,synthetic,true,SRC-SYNTH,2026-09-05T00:00:00+08:00,0.58,synthetic,not_applicable,,team_generated,false,golden
EVID-G005-008,USER-G005,SKILL-008,course_completion,54,0.7,0.76,2024-12-23T16:00:00Z,true,测试与调试课程记录,1.1.0,synthetic,true,SRC-SYNTH,2026-09-05T00:00:00+08:00,0.76,synthetic,not_applicable,,team_generated,false,golden
EVID-G005-009,USER-G005,SKILL-009,course_completion,55,0.7,0.76,2025-12-12T16:00:00Z,true,SQL课程记录,1.1.0,synthetic,true,SRC-SYNTH,2026-09-05T00:00:00+08:00,0.76,synthetic,not_applicable,,team_generated,false,golden
EVID-G005-010,USER-G005,SKILL-010,course_completion,72,0.7,0.76,2026-07-05T16:00:00Z,true,数据清洗课程记录,1.1.0,synthetic,true,SRC-SYNTH,2026-09-05T00:00:00+08:00,0.76,synthetic,not_applicable,,team_generated,false,golden
EVID-G005-011,USER-G005,SKILL-011,assessment,76,1,0.9,2026-08-05T16:00:00Z,true,统计学基础能力测评,1.1.0,synthetic,true,SRC-SYNTH,2026-09-05T00:00:00+08:00,0.9,synthetic,not_applicable,,team_generated,false,golden
EVID-G005-012,USER-G005,SKILL-012,work_sample,66,0.75,0.82,2026-07-28T16:00:00Z,true,探索性数据分析工作样例,1.1.0,synthetic,true,SRC-SYNTH,2026-09-05T00:00:00+08:00,0.82,synthetic,not_applicable,,team_generated,false,golden
EVID-G005-013,USER-G005,SKILL-013,assessment,84,1,0.9,2026-06-26T16:00:00Z,true,数据可视化能力测评,1.1.0,synthetic,true,SRC-SYNTH,2026-09-05T00:00:00+08:00,0.9,synthetic,not_applicable,,team_generated,false,golden
EVID-G005-014,USER-G005,SKILL-014,verified_project,82,0.9,0.9,2026-06-14T16:00:00Z,true,Excel与BI工具项目成果,1.1.0,synthetic,true,SRC-SYNTH,2026-09-05T00:00:00+08:00,0.9,synthetic,not_applicable,,team_generated,false,golden
EVID-G005-015,USER-G005,SKILL-015,course_completion,65,0.7,0.76,2026-04-15T16:00:00Z,true,数据建模课程记录,1.1.0,synthetic,true,SRC-SYNTH,2026-09-05T00:00:00+08:00,0.76,synthetic,not_applicable,,team_generated,false,golden
EVID-G005-016,USER-G005,SKILL-016,course_completion,37,0.7,0.76,2025-11-27T16:00:00Z,true,实验与A/B测试课程记录,1.1.0,synthetic,true,SRC-SYNTH,2026-09-05T00:00:00+08:00,0.76,synthetic,not_applicable,,team_generated,false,golden
EVID-G005-017,USER-G005,SKILL-017,course_completion,50,0.7,0.76,2025-03-28T16:00:00Z,true,线性代数课程记录,1.1.0,synthetic,true,SRC-SYNTH,2026-09-05T00:00:00+08:00,0.76,synthetic,not_applicable,,team_generated,false,golden
EVID-G005-018,USER-G005,SKILL-018,course_completion,61,0.7,0.76,2026-08-23T16:00:00Z,true,微积分与优化课程记录,1.1.0,synthetic,true,SRC-SYNTH,2026-09-05T00:00:00+08:00,0.76,synthetic,not_applicable,,team_generated,false,golden
EVID-G005-019,USER-G005,SKILL-019,self_report,55,0.4,0.58,2026-04-30T16:00:00Z,false,机器学习用户自述,1.1.0,synthetic,true,SRC-SYNTH,2026-09-05T00:00:00+08:00,0.58,synthetic,not_applicable,,team_generated,false,golden
EVID-G005-020,USER-G005,SKILL-020,self_report,41,0.4,0.58,2025-03-26T16:00:00Z,false,特征工程用户自述,1.1.0,synthetic,true,SRC-SYNTH,2026-09-05T00:00:00+08:00,0.58,synthetic,not_applicable,,team_generated,false,golden
EVID-G005-021,USER-G005,SKILL-021,course_completion,42,0.7,0.76,2026-04-26T16:00:00Z,true,模型评估课程记录,1.1.0,synthetic,true,SRC-SYNTH,2026-09-05T00:00:00+08:00,0.76,synthetic,not_applicable,,team_generated,false,golden
EVID-G005-022,USER-G005,SKILL-022,assessment,68,1,0.9,2026-04-03T16:00:00Z,true,深度学习能力测评,1.1.0,synthetic,true,SRC-SYNTH,2026-09-05T00:00:00+08:00,0.9,synthetic,not_applicable,,team_generated,false,golden
EVID-G005-023,USER-G005,SKILL-023,course_completion,39,0.7,0.76,2024-10-24T16:00:00Z,true,自然语言处理课程记录,1.1.0,synthetic,true,SRC-SYNTH,2026-09-05T00:00:00+08:00,0.76,synthetic,not_applicable,,team_generated,false,golden
EVID-G005-024,USER-G005,SKILL-024,course_completion,51,0.7,0.76,2026-01-12T16:00:00Z,true,模型调优课程记录,1.1.0,synthetic,true,SRC-SYNTH,2026-09-05T00:00:00+08:00,0.76,synthetic,not_applicable,,team_generated,false,golden
EVID-G005-025,USER-G005,SKILL-025,course_completion,46,0.7,0.76,2025-11-09T16:00:00Z,true,大模型基础课程记录,1.1.0,synthetic,true,SRC-SYNTH,2026-09-05T00:00:00+08:00,0.76,synthetic,not_applicable,,team_generated,false,golden
EVID-G005-026,USER-G005,SKILL-026,self_report,58,0.4,0.58,2026-07-18T16:00:00Z,false,提示词设计用户自述,1.1.0,synthetic,true,SRC-SYNTH,2026-09-05T00:00:00+08:00,0.58,synthetic,not_applicable,,team_generated,false,golden
EVID-G005-027,USER-G005,SKILL-027,self_report,51,0.4,0.58,2026-01-01T16:00:00Z,false,RAG应用用户自述,1.1.0,synthetic,true,SRC-SYNTH,2026-09-05T00:00:00+08:00,0.58,synthetic,not_applicable,,team_generated,false,golden
EVID-G005-028,USER-G005,SKILL-028,course_completion,45,0.7,0.76,2024-11-22T16:00:00Z,true,向量数据库课程记录,1.1.0,synthetic,true,SRC-SYNTH,2026-09-05T00:00:00+08:00,0.76,synthetic,not_applicable,,team_generated,false,golden
EVID-G005-029,USER-G005,SKILL-029,assessment,66,1,0.9,2026-06-04T16:00:00Z,true,智能体开发能力测评,1.1.0,synthetic,true,SRC-SYNTH,2026-09-05T00:00:00+08:00,0.9,synthetic,not_applicable,,team_generated,false,golden
EVID-G005-030,USER-G005,SKILL-030,self_report,52,0.4,0.58,2025-09-21T16:00:00Z,false,MCP与工具调用用户自述,1.1.0,synthetic,true,SRC-SYNTH,2026-09-05T00:00:00+08:00,0.58,synthetic,not_applicable,,team_generated,false,golden
EVID-G005-031,USER-G005,SKILL-031,course_completion,46,0.7,0.76,2025-09-04T16:00:00Z,true,模型微调课程记录,1.1.0,synthetic,true,SRC-SYNTH,2026-09-05T00:00:00+08:00,0.76,synthetic,not_applicable,,team_generated,false,golden
EVID-G005-032,USER-G005,SKILL-032,course_completion,43,0.7,0.76,2025-12-30T16:00:00Z,true,AI安全与评测课程记录,1.1.0,synthetic,true,SRC-SYNTH,2026-09-05T00:00:00+08:00,0.76,synthetic,not_applicable,,team_generated,false,golden
EVID-G005-033,USER-G005,SKILL-033,self_report,49,0.4,0.58,2026-04-06T16:00:00Z,false,Git版本控制用户自述,1.1.0,synthetic,true,SRC-SYNTH,2026-09-05T00:00:00+08:00,0.58,synthetic,not_applicable,,team_generated,false,golden
EVID-G005-034,USER-G005,SKILL-034,course_completion,60,0.7,0.76,2026-07-22T16:00:00Z,true,API设计课程记录,1.1.0,synthetic,true,SRC-SYNTH,2026-09-05T00:00:00+08:00,0.76,synthetic,not_applicable,,team_generated,false,golden
EVID-G005-035,USER-G005,SKILL-035,course_completion,58,0.7,0.76,2026-04-28T16:00:00Z,true,后端服务开发课程记录,1.1.0,synthetic,true,SRC-SYNTH,2026-09-05T00:00:00+08:00,0.76,synthetic,not_applicable,,team_generated,false,golden
EVID-G005-036,USER-G005,SKILL-036,self_report,53,0.4,0.58,2025-08-20T16:00:00Z,false,Docker容器用户自述,1.1.0,synthetic,true,SRC-SYNTH,2026-09-05T00:00:00+08:00,0.58,synthetic,not_applicable,,team_generated,false,golden
EVID-G005-037,USER-G005,SKILL-037,course_completion,58,0.7,0.76,2026-04-06T16:00:00Z,true,CI/CD课程记录,1.1.0,synthetic,true,SRC-SYNTH,2026-09-05T00:00:00+08:00,0.76,synthetic,not_applicable,,team_generated,false,golden
EVID-G005-038,USER-G005,SKILL-038,course_completion,43,0.7,0.76,2025-09-21T16:00:00Z,true,云端部署课程记录,1.1.0,synthetic,true,SRC-SYNTH,2026-09-05T00:00:00+08:00,0.76,synthetic,not_applicable,,team_generated,false,golden
EVID-G005-039,USER-G005,SKILL-039,self_report,45,0.4,0.58,2025-06-21T16:00:00Z,false,监控与可观测性用户自述,1.1.0,synthetic,true,SRC-SYNTH,2026-09-05T00:00:00+08:00,0.58,synthetic,not_applicable,,team_generated,false,golden
EVID-G005-040,USER-G005,SKILL-040,course_completion,41,0.7,0.76,2024-12-31T16:00:00Z,true,数据工程管道课程记录,1.1.0,synthetic,true,SRC-SYNTH,2026-09-05T00:00:00+08:00,0.76,synthetic,not_applicable,,team_generated,false,golden
EVID-G005-041,USER-G005,SKILL-041,course_completion,51,0.7,0.76,2026-06-15T16:00:00Z,true,问题拆解课程记录,1.1.0,synthetic,true,SRC-SYNTH,2026-09-05T00:00:00+08:00,0.76,synthetic,not_applicable,,team_generated,false,golden
EVID-G005-042,USER-G005,SKILL-042,self_report,42,0.4,0.58,2026-08-10T16:00:00Z,false,系统思维用户自述,1.1.0,synthetic,true,SRC-SYNTH,2026-09-05T00:00:00+08:00,0.58,synthetic,not_applicable,,team_generated,false,golden
EVID-G005-043,USER-G005,SKILL-043,assessment,83,1,0.9,2026-08-11T16:00:00Z,true,需求分析能力测评,1.1.0,synthetic,true,SRC-SYNTH,2026-09-05T00:00:00+08:00,0.9,synthetic,not_applicable,,team_generated,false,golden
EVID-G005-044,USER-G005,SKILL-044,work_sample,61,0.75,0.82,2026-05-22T16:00:00Z,true,用户研究工作样例,1.1.0,synthetic,true,SRC-SYNTH,2026-09-05T00:00:00+08:00,0.82,synthetic,not_applicable,,team_generated,false,golden
EVID-G005-045,USER-G005,SKILL-045,course_completion,58,0.7,0.76,2026-02-09T16:00:00Z,true,指标设计课程记录,1.1.0,synthetic,true,SRC-SYNTH,2026-09-05T00:00:00+08:00,0.76,synthetic,not_applicable,,team_generated,false,golden
EVID-G005-046,USER-G005,SKILL-046,course_completion,58,0.7,0.76,2026-07-21T16:00:00Z,true,业务理解课程记录,1.1.0,synthetic,true,SRC-SYNTH,2026-09-05T00:00:00+08:00,0.76,synthetic,not_applicable,,team_generated,false,golden
EVID-G005-047,USER-G005,SKILL-047,work_sample,64,0.75,0.82,2026-05-06T16:00:00Z,true,创新与方案比较工作样例,1.1.0,synthetic,true,SRC-SYNTH,2026-09-05T00:00:00+08:00,0.82,synthetic,not_applicable,,team_generated,false,golden
EVID-G005-048,USER-G005,SKILL-048,assessment,85,1,0.9,2026-07-10T16:00:00Z,true,书面沟通能力测评,1.1.0,synthetic,true,SRC-SYNTH,2026-09-05T00:00:00+08:00,0.9,synthetic,not_applicable,,team_generated,false,golden
EVID-G005-049,USER-G005,SKILL-049,assessment,65,1,0.9,2025-12-09T16:00:00Z,true,表达与汇报能力测评,1.1.0,synthetic,true,SRC-SYNTH,2026-09-05T00:00:00+08:00,0.9,synthetic,not_applicable,,team_generated,false,golden
EVID-G005-050,USER-G005,SKILL-050,course_completion,58,0.7,0.76,2025-12-13T16:00:00Z,true,跨岗位沟通课程记录,1.1.0,synthetic,true,SRC-SYNTH,2026-09-05T00:00:00+08:00,0.76,synthetic,not_applicable,,team_generated,false,golden
EVID-G005-051,USER-G005,SKILL-051,self_report,57,0.4,0.58,2026-01-31T16:00:00Z,false,远程协作用户自述,1.1.0,synthetic,true,SRC-SYNTH,2026-09-05T00:00:00+08:00,0.58,synthetic,not_applicable,,team_generated,false,golden
EVID-G005-052,USER-G005,SKILL-052,self_report,56,0.4,0.58,2026-03-12T16:00:00Z,false,团队协作用户自述,1.1.0,synthetic,true,SRC-SYNTH,2026-09-05T00:00:00+08:00,0.58,synthetic,not_applicable,,team_generated,false,golden
EVID-G005-053,USER-G005,SKILL-053,self_report,50,0.4,0.58,2025-12-20T16:00:00Z,false,时间管理用户自述,1.1.0,synthetic,true,SRC-SYNTH,2026-09-05T00:00:00+08:00,0.58,synthetic,not_applicable,,team_generated,false,golden
EVID-G005-054,USER-G005,SKILL-054,assessment,67,1,0.9,2026-06-01T16:00:00Z,true,职业伦理与隐私能力测评,1.1.0,synthetic,true,SRC-SYNTH,2026-09-05T00:00:00+08:00,0.9,synthetic,not_applicable,,team_generated,false,golden
EVID-G005-055,USER-G005,SKILL-055,self_report,45,0.4,0.58,2025-12-26T16:00:00Z,false,自主学习用户自述,1.1.0,synthetic,true,SRC-SYNTH,2026-09-05T00:00:00+08:00,0.58,synthetic,not_applicable,,team_generated,false,golden
EVID-G005-056,USER-G005,SKILL-056,course_completion,42,0.7,0.76,2025-01-10T16:00:00Z,true,知识管理课程记录,1.1.0,synthetic,true,SRC-SYNTH,2026-09-05T00:00:00+08:00,0.76,synthetic,not_applicable,,team_generated,false,golden
EVID-G005-057,USER-G005,SKILL-057,course_completion,66,0.7,0.76,2026-07-07T16:00:00Z,true,项目规划课程记录,1.1.0,synthetic,true,SRC-SYNTH,2026-09-05T00:00:00+08:00,0.76,synthetic,not_applicable,,team_generated,false,golden
EVID-G005-058,USER-G005,SKILL-058,self_report,39,0.4,0.58,2026-05-05T16:00:00Z,false,项目交付用户自述,1.1.0,synthetic,true,SRC-SYNTH,2026-09-05T00:00:00+08:00,0.58,synthetic,not_applicable,,team_generated,false,golden
EVID-G005-059,USER-G005,SKILL-059,assessment,64,1,0.9,2026-01-03T16:00:00Z,true,复盘与反馈能力测评,1.1.0,synthetic,true,SRC-SYNTH,2026-09-05T00:00:00+08:00,0.9,synthetic,not_applicable,,team_generated,false,golden
EVID-G005-060,USER-G005,SKILL-060,self_report,44,0.4,0.58,2025-10-09T16:00:00Z,false,职业探索用户自述,1.1.0,synthetic,true,SRC-SYNTH,2026-09-05T00:00:00+08:00,0.58,synthetic,not_applicable,,team_generated,false,golden
EVID-G006-001,USER-G006,SKILL-001,assessment,89,1,0.9,2026-07-10T16:00:00Z,true,Python编程能力测评,1.1.0,synthetic,true,SRC-SYNTH,2026-09-05T00:00:00+08:00,0.9,synthetic,not_applicable,,team_generated,false,golden
EVID-G006-002,USER-G006,SKILL-002,course_completion,39,0.7,0.76,2026-02-02T16:00:00Z,true,数据结构与算法课程记录,1.1.0,synthetic,true,SRC-SYNTH,2026-09-05T00:00:00+08:00,0.76,synthetic,not_applicable,,team_generated,false,golden
EVID-G006-003,USER-G006,SKILL-003,course_completion,52,0.7,0.76,2025-08-28T16:00:00Z,true,面向对象设计课程记录,1.1.0,synthetic,true,SRC-SYNTH,2026-09-05T00:00:00+08:00,0.76,synthetic,not_applicable,,team_generated,false,golden
EVID-G006-004,USER-G006,SKILL-004,course_completion,39,0.7,0.76,2025-01-06T16:00:00Z,true,计算机系统基础课程记录,1.1.0,synthetic,true,SRC-SYNTH,2026-09-05T00:00:00+08:00,0.76,synthetic,not_applicable,,team_generated,false,golden
EVID-G006-005,USER-G006,SKILL-005,course_completion,46,0.7,0.76,2025-01-24T16:00:00Z,true,计算机网络课程记录,1.1.0,synthetic,true,SRC-SYNTH,2026-09-05T00:00:00+08:00,0.76,synthetic,not_applicable,,team_generated,false,golden
EVID-G006-006,USER-G006,SKILL-006,work_sample,68,0.75,0.82,2026-01-03T16:00:00Z,true,Linux使用工作样例,1.1.0,synthetic,true,SRC-SYNTH,2026-09-05T00:00:00+08:00,0.82,synthetic,not_applicable,,team_generated,false,golden
EVID-G006-007,USER-G006,SKILL-007,course_completion,53,0.7,0.76,2025-03-06T16:00:00Z,true,软件工程课程记录,1.1.0,synthetic,true,SRC-SYNTH,2026-09-05T00:00:00+08:00,0.76,synthetic,not_applicable,,team_generated,false,golden
EVID-G006-008,USER-G006,SKILL-008,verified_project,80,0.9,0.9,2026-05-29T16:00:00Z,true,测试与调试项目成果,1.1.0,synthetic,true,SRC-SYNTH,2026-09-05T00:00:00+08:00,0.9,synthetic,not_applicable,,team_generated,false,golden
EVID-G006-009,USER-G006,SKILL-009,assessment,61,1,0.9,2026-03-07T16:00:00Z,true,SQL能力测评,1.1.0,synthetic,true,SRC-SYNTH,2026-09-05T00:00:00+08:00,0.9,synthetic,not_applicable,,team_generated,false,golden
EVID-G006-010,USER-G006,SKILL-010,self_report,46,0.4,0.58,2026-01-25T16:00:00Z,false,数据清洗用户自述,1.1.0,synthetic,true,SRC-SYNTH,2026-09-05T00:00:00+08:00,0.58,synthetic,not_applicable,,team_generated,false,golden
EVID-G006-011,USER-G006,SKILL-011,course_completion,56,0.7,0.76,2026-02-13T16:00:00Z,true,统计学基础课程记录,1.1.0,synthetic,true,SRC-SYNTH,2026-09-05T00:00:00+08:00,0.76,synthetic,not_applicable,,team_generated,false,golden
EVID-G006-012,USER-G006,SKILL-012,self_report,56,0.4,0.58,2026-03-24T16:00:00Z,false,探索性数据分析用户自述,1.1.0,synthetic,true,SRC-SYNTH,2026-09-05T00:00:00+08:00,0.58,synthetic,not_applicable,,team_generated,false,golden
EVID-G006-013,USER-G006,SKILL-013,course_completion,55,0.7,0.76,2026-03-08T16:00:00Z,true,数据可视化课程记录,1.1.0,synthetic,true,SRC-SYNTH,2026-09-05T00:00:00+08:00,0.76,synthetic,not_applicable,,team_generated,false,golden
EVID-G006-014,USER-G006,SKILL-014,work_sample,67,0.75,0.82,2026-02-07T16:00:00Z,true,Excel与BI工具工作样例,1.1.0,synthetic,true,SRC-SYNTH,2026-09-05T00:00:00+08:00,0.82,synthetic,not_applicable,,team_generated,false,golden
EVID-G006-015,USER-G006,SKILL-015,assessment,67,1,0.9,2026-05-11T16:00:00Z,true,数据建模能力测评,1.1.0,synthetic,true,SRC-SYNTH,2026-09-05T00:00:00+08:00,0.9,synthetic,not_applicable,,team_generated,false,golden
EVID-G006-016,USER-G006,SKILL-016,self_report,47,0.4,0.58,2026-05-28T16:00:00Z,false,实验与A/B测试用户自述,1.1.0,synthetic,true,SRC-SYNTH,2026-09-05T00:00:00+08:00,0.58,synthetic,not_applicable,,team_generated,false,golden
EVID-G006-017,USER-G006,SKILL-017,work_sample,63,0.75,0.82,2026-02-09T16:00:00Z,true,线性代数工作样例,1.1.0,synthetic,true,SRC-SYNTH,2026-09-05T00:00:00+08:00,0.82,synthetic,not_applicable,,team_generated,false,golden
EVID-G006-018,USER-G006,SKILL-018,assessment,61,1,0.9,2026-03-29T16:00:00Z,true,微积分与优化能力测评,1.1.0,synthetic,true,SRC-SYNTH,2026-09-05T00:00:00+08:00,0.9,synthetic,not_applicable,,team_generated,false,golden
EVID-G006-019,USER-G006,SKILL-019,self_report,39,0.4,0.58,2025-08-07T16:00:00Z,false,机器学习用户自述,1.1.0,synthetic,true,SRC-SYNTH,2026-09-05T00:00:00+08:00,0.58,synthetic,not_applicable,,team_generated,false,golden
EVID-G006-020,USER-G006,SKILL-020,course_completion,41,0.7,0.76,2025-05-15T16:00:00Z,true,特征工程课程记录,1.1.0,synthetic,true,SRC-SYNTH,2026-09-05T00:00:00+08:00,0.76,synthetic,not_applicable,,team_generated,false,golden
EVID-G006-021,USER-G006,SKILL-021,self_report,45,0.4,0.58,2024-11-15T16:00:00Z,false,模型评估用户自述,1.1.0,synthetic,true,SRC-SYNTH,2026-09-05T00:00:00+08:00,0.58,synthetic,not_applicable,,team_generated,false,golden
EVID-G006-022,USER-G006,SKILL-022,course_completion,68,0.7,0.76,2025-12-30T16:00:00Z,true,深度学习课程记录,1.1.0,synthetic,true,SRC-SYNTH,2026-09-05T00:00:00+08:00,0.76,synthetic,not_applicable,,team_generated,false,golden
EVID-G006-023,USER-G006,SKILL-023,course_completion,38,0.7,0.76,2024-10-26T16:00:00Z,true,自然语言处理课程记录,1.1.0,synthetic,true,SRC-SYNTH,2026-09-05T00:00:00+08:00,0.76,synthetic,not_applicable,,team_generated,false,golden
EVID-G006-024,USER-G006,SKILL-024,self_report,39,0.4,0.58,2026-07-04T16:00:00Z,false,模型调优用户自述,1.1.0,synthetic,true,SRC-SYNTH,2026-09-05T00:00:00+08:00,0.58,synthetic,not_applicable,,team_generated,false,golden
EVID-G006-025,USER-G006,SKILL-025,course_completion,53,0.7,0.76,2026-03-27T16:00:00Z,true,大模型基础课程记录,1.1.0,synthetic,true,SRC-SYNTH,2026-09-05T00:00:00+08:00,0.76,synthetic,not_applicable,,team_generated,false,golden
EVID-G006-026,USER-G006,SKILL-026,assessment,88,1,0.9,2026-06-21T16:00:00Z,true,提示词设计能力测评,1.1.0,synthetic,true,SRC-SYNTH,2026-09-05T00:00:00+08:00,0.9,synthetic,not_applicable,,team_generated,false,golden
EVID-G006-027,USER-G006,SKILL-027,self_report,43,0.4,0.58,2026-07-26T16:00:00Z,false,RAG应用用户自述,1.1.0,synthetic,true,SRC-SYNTH,2026-09-05T00:00:00+08:00,0.58,synthetic,not_applicable,,team_generated,false,golden
EVID-G006-028,USER-G006,SKILL-028,course_completion,48,0.7,0.76,2026-07-18T16:00:00Z,true,向量数据库课程记录,1.1.0,synthetic,true,SRC-SYNTH,2026-09-05T00:00:00+08:00,0.76,synthetic,not_applicable,,team_generated,false,golden
EVID-G006-029,USER-G006,SKILL-029,work_sample,75,0.75,0.82,2026-07-31T16:00:00Z,true,智能体开发工作样例,1.1.0,synthetic,true,SRC-SYNTH,2026-09-05T00:00:00+08:00,0.82,synthetic,not_applicable,,team_generated,false,golden
EVID-G006-030,USER-G006,SKILL-030,work_sample,60,0.75,0.82,2026-02-19T16:00:00Z,true,MCP与工具调用工作样例,1.1.0,synthetic,true,SRC-SYNTH,2026-09-05T00:00:00+08:00,0.82,synthetic,not_applicable,,team_generated,false,golden
EVID-G006-031,USER-G006,SKILL-031,course_completion,39,0.7,0.76,2025-12-05T16:00:00Z,true,模型微调课程记录,1.1.0,synthetic,true,SRC-SYNTH,2026-09-05T00:00:00+08:00,0.76,synthetic,not_applicable,,team_generated,false,golden
EVID-G006-032,USER-G006,SKILL-032,course_completion,41,0.7,0.76,2026-05-23T16:00:00Z,true,AI安全与评测课程记录,1.1.0,synthetic,true,SRC-SYNTH,2026-09-05T00:00:00+08:00,0.76,synthetic,not_applicable,,team_generated,false,golden
EVID-G006-033,USER-G006,SKILL-033,course_completion,58,0.7,0.76,2026-05-24T16:00:00Z,true,Git版本控制课程记录,1.1.0,synthetic,true,SRC-SYNTH,2026-09-05T00:00:00+08:00,0.76,synthetic,not_applicable,,team_generated,false,golden
EVID-G006-034,USER-G006,SKILL-034,assessment,69,1,0.9,2026-06-20T16:00:00Z,true,API设计能力测评,1.1.0,synthetic,true,SRC-SYNTH,2026-09-05T00:00:00+08:00,0.9,synthetic,not_applicable,,team_generated,false,golden
EVID-G006-035,USER-G006,SKILL-035,course_completion,39,0.7,0.76,2026-08-02T16:00:00Z,true,后端服务开发课程记录,1.1.0,synthetic,true,SRC-SYNTH,2026-09-05T00:00:00+08:00,0.76,synthetic,not_applicable,,team_generated,false,golden
EVID-G006-036,USER-G006,SKILL-036,work_sample,78,0.75,0.82,2026-08-20T16:00:00Z,true,Docker容器工作样例,1.1.0,synthetic,true,SRC-SYNTH,2026-09-05T00:00:00+08:00,0.82,synthetic,not_applicable,,team_generated,false,golden
EVID-G006-037,USER-G006,SKILL-037,assessment,76,1,0.9,2026-08-16T16:00:00Z,true,CI/CD能力测评,1.1.0,synthetic,true,SRC-SYNTH,2026-09-05T00:00:00+08:00,0.9,synthetic,not_applicable,,team_generated,false,golden
EVID-G006-038,USER-G006,SKILL-038,work_sample,70,0.75,0.82,2026-05-29T16:00:00Z,true,云端部署工作样例,1.1.0,synthetic,true,SRC-SYNTH,2026-09-05T00:00:00+08:00,0.82,synthetic,not_applicable,,team_generated,false,golden
EVID-G006-039,USER-G006,SKILL-039,work_sample,70,0.75,0.82,2026-01-07T16:00:00Z,true,监控与可观测性工作样例,1.1.0,synthetic,true,SRC-SYNTH,2026-09-05T00:00:00+08:00,0.82,synthetic,not_applicable,,team_generated,false,golden
EVID-G006-040,USER-G006,SKILL-040,course_completion,39,0.7,0.76,2026-03-11T16:00:00Z,true,数据工程管道课程记录,1.1.0,synthetic,true,SRC-SYNTH,2026-09-05T00:00:00+08:00,0.76,synthetic,not_applicable,,team_generated,false,golden
EVID-G006-041,USER-G006,SKILL-041,course_completion,47,0.7,0.76,2025-09-24T16:00:00Z,true,问题拆解课程记录,1.1.0,synthetic,true,SRC-SYNTH,2026-09-05T00:00:00+08:00,0.76,synthetic,not_applicable,,team_generated,false,golden
EVID-G006-042,USER-G006,SKILL-042,self_report,44,0.4,0.58,2025-06-11T16:00:00Z,false,系统思维用户自述,1.1.0,synthetic,true,SRC-SYNTH,2026-09-05T00:00:00+08:00,0.58,synthetic,not_applicable,,team_generated,false,golden
EVID-G006-043,USER-G006,SKILL-043,assessment,71,1,0.9,2026-05-30T16:00:00Z,true,需求分析能力测评,1.1.0,synthetic,true,SRC-SYNTH,2026-09-05T00:00:00+08:00,0.9,synthetic,not_applicable,,team_generated,false,golden
EVID-G006-044,USER-G006,SKILL-044,course_completion,55,0.7,0.76,2026-06-29T16:00:00Z,true,用户研究课程记录,1.1.0,synthetic,true,SRC-SYNTH,2026-09-05T00:00:00+08:00,0.76,synthetic,not_applicable,,team_generated,false,golden
EVID-G006-045,USER-G006,SKILL-045,course_completion,43,0.7,0.76,2026-08-15T16:00:00Z,true,指标设计课程记录,1.1.0,synthetic,true,SRC-SYNTH,2026-09-05T00:00:00+08:00,0.76,synthetic,not_applicable,,team_generated,false,golden
EVID-G006-046,USER-G006,SKILL-046,course_completion,54,0.7,0.76,2026-08-06T16:00:00Z,true,业务理解课程记录,1.1.0,synthetic,true,SRC-SYNTH,2026-09-05T00:00:00+08:00,0.76,synthetic,not_applicable,,team_generated,false,golden
EVID-G006-047,USER-G006,SKILL-047,self_report,48,0.4,0.58,2026-06-20T16:00:00Z,false,创新与方案比较用户自述,1.1.0,synthetic,true,SRC-SYNTH,2026-09-05T00:00:00+08:00,0.58,synthetic,not_applicable,,team_generated,false,golden
EVID-G006-048,USER-G006,SKILL-048,course_completion,54,0.7,0.76,2026-05-13T16:00:00Z,true,书面沟通课程记录,1.1.0,synthetic,true,SRC-SYNTH,2026-09-05T00:00:00+08:00,0.76,synthetic,not_applicable,,team_generated,false,golden
EVID-G006-049,USER-G006,SKILL-049,course_completion,55,0.7,0.76,2026-01-18T16:00:00Z,true,表达与汇报课程记录,1.1.0,synthetic,true,SRC-SYNTH,2026-09-05T00:00:00+08:00,0.76,synthetic,not_applicable,,team_generated,false,golden
EVID-G006-050,USER-G006,SKILL-050,course_completion,51,0.7,0.76,2025-03-24T16:00:00Z,true,跨岗位沟通课程记录,1.1.0,synthetic,true,SRC-SYNTH,2026-09-05T00:00:00+08:00,0.76,synthetic,not_applicable,,team_generated,false,golden
EVID-G006-051,USER-G006,SKILL-051,self_report,48,0.4,0.58,2026-02-14T16:00:00Z,false,远程协作用户自述,1.1.0,synthetic,true,SRC-SYNTH,2026-09-05T00:00:00+08:00,0.58,synthetic,not_applicable,,team_generated,false,golden
EVID-G006-052,USER-G006,SKILL-052,course_completion,62,0.7,0.76,2026-03-02T16:00:00Z,true,团队协作课程记录,1.1.0,synthetic,true,SRC-SYNTH,2026-09-05T00:00:00+08:00,0.76,synthetic,not_applicable,,team_generated,false,golden
EVID-G006-053,USER-G006,SKILL-053,self_report,41,0.4,0.58,2025-03-23T16:00:00Z,false,时间管理用户自述,1.1.0,synthetic,true,SRC-SYNTH,2026-09-05T00:00:00+08:00,0.58,synthetic,not_applicable,,team_generated,false,golden
EVID-G006-054,USER-G006,SKILL-054,course_completion,51,0.7,0.76,2025-07-12T16:00:00Z,true,职业伦理与隐私课程记录,1.1.0,synthetic,true,SRC-SYNTH,2026-09-05T00:00:00+08:00,0.76,synthetic,not_applicable,,team_generated,false,golden
EVID-G006-055,USER-G006,SKILL-055,verified_project,84,0.9,0.9,2026-06-07T16:00:00Z,true,自主学习项目成果,1.1.0,synthetic,true,SRC-SYNTH,2026-09-05T00:00:00+08:00,0.9,synthetic,not_applicable,,team_generated,false,golden
EVID-G006-056,USER-G006,SKILL-056,assessment,65,1,0.9,2026-03-13T16:00:00Z,true,知识管理能力测评,1.1.0,synthetic,true,SRC-SYNTH,2026-09-05T00:00:00+08:00,0.9,synthetic,not_applicable,,team_generated,false,golden
EVID-G006-057,USER-G006,SKILL-057,work_sample,64,0.75,0.82,2026-07-21T16:00:00Z,true,项目规划工作样例,1.1.0,synthetic,true,SRC-SYNTH,2026-09-05T00:00:00+08:00,0.82,synthetic,not_applicable,,team_generated,false,golden
EVID-G006-058,USER-G006,SKILL-058,course_completion,37,0.7,0.76,2026-04-07T16:00:00Z,true,项目交付课程记录,1.1.0,synthetic,true,SRC-SYNTH,2026-09-05T00:00:00+08:00,0.76,synthetic,not_applicable,,team_generated,false,golden
EVID-G006-059,USER-G006,SKILL-059,course_completion,55,0.7,0.76,2026-07-27T16:00:00Z,true,复盘与反馈课程记录,1.1.0,synthetic,true,SRC-SYNTH,2026-09-05T00:00:00+08:00,0.76,synthetic,not_applicable,,team_generated,false,golden
EVID-G006-060,USER-G006,SKILL-060,course_completion,65,0.7,0.76,2026-07-26T16:00:00Z,true,职业探索课程记录,1.1.0,synthetic,true,SRC-SYNTH,2026-09-05T00:00:00+08:00,0.76,synthetic,not_applicable,,team_generated,false,golden
EVID-G007-001,USER-G007,SKILL-001,work_sample,77,0.75,0.82,2026-07-16T16:00:00Z,true,Python编程工作样例,1.1.0,synthetic,true,SRC-SYNTH,2026-09-05T00:00:00+08:00,0.82,synthetic,not_applicable,,team_generated,false,golden
EVID-G007-002,USER-G007,SKILL-002,self_report,42,0.4,0.58,2026-07-13T16:00:00Z,false,数据结构与算法用户自述,1.1.0,synthetic,true,SRC-SYNTH,2026-09-05T00:00:00+08:00,0.58,synthetic,not_applicable,,team_generated,false,golden
EVID-G007-003,USER-G007,SKILL-003,course_completion,57,0.7,0.76,2026-04-08T16:00:00Z,true,面向对象设计课程记录,1.1.0,synthetic,true,SRC-SYNTH,2026-09-05T00:00:00+08:00,0.76,synthetic,not_applicable,,team_generated,false,golden
EVID-G007-004,USER-G007,SKILL-004,course_completion,38,0.7,0.76,2024-12-21T16:00:00Z,true,计算机系统基础课程记录,1.1.0,synthetic,true,SRC-SYNTH,2026-09-05T00:00:00+08:00,0.76,synthetic,not_applicable,,team_generated,false,golden
EVID-G007-005,USER-G007,SKILL-005,assessment,61,1,0.9,2025-12-21T16:00:00Z,true,计算机网络能力测评,1.1.0,synthetic,true,SRC-SYNTH,2026-09-05T00:00:00+08:00,0.9,synthetic,not_applicable,,team_generated,false,golden
EVID-G007-006,USER-G007,SKILL-006,self_report,49,0.4,0.58,2026-02-16T16:00:00Z,false,Linux使用用户自述,1.1.0,synthetic,true,SRC-SYNTH,2026-09-05T00:00:00+08:00,0.58,synthetic,not_applicable,,team_generated,false,golden
EVID-G007-007,USER-G007,SKILL-007,work_sample,72,0.75,0.82,2025-12-25T16:00:00Z,true,软件工程工作样例,1.1.0,synthetic,true,SRC-SYNTH,2026-09-05T00:00:00+08:00,0.82,synthetic,not_applicable,,team_generated,false,golden
EVID-G007-008,USER-G007,SKILL-008,assessment,64,1,0.9,2025-12-28T16:00:00Z,true,测试与调试能力测评,1.1.0,synthetic,true,SRC-SYNTH,2026-09-05T00:00:00+08:00,0.9,synthetic,not_applicable,,team_generated,false,golden
EVID-G007-009,USER-G007,SKILL-009,work_sample,62,0.75,0.82,2026-06-22T16:00:00Z,true,SQL工作样例,1.1.0,synthetic,true,SRC-SYNTH,2026-09-05T00:00:00+08:00,0.82,synthetic,not_applicable,,team_generated,false,golden
EVID-G007-010,USER-G007,SKILL-010,course_completion,40,0.7,0.76,2025-04-19T16:00:00Z,true,数据清洗课程记录,1.1.0,synthetic,true,SRC-SYNTH,2026-09-05T00:00:00+08:00,0.76,synthetic,not_applicable,,team_generated,false,golden
EVID-G007-011,USER-G007,SKILL-011,self_report,57,0.4,0.58,2025-12-21T16:00:00Z,false,统计学基础用户自述,1.1.0,synthetic,true,SRC-SYNTH,2026-09-05T00:00:00+08:00,0.58,synthetic,not_applicable,,team_generated,false,golden
EVID-G007-012,USER-G007,SKILL-012,self_report,58,0.4,0.58,2026-04-23T16:00:00Z,false,探索性数据分析用户自述,1.1.0,synthetic,true,SRC-SYNTH,2026-09-05T00:00:00+08:00,0.58,synthetic,not_applicable,,team_generated,false,golden
EVID-G007-013,USER-G007,SKILL-013,course_completion,57,0.7,0.76,2025-12-17T16:00:00Z,true,数据可视化课程记录,1.1.0,synthetic,true,SRC-SYNTH,2026-09-05T00:00:00+08:00,0.76,synthetic,not_applicable,,team_generated,false,golden
EVID-G007-014,USER-G007,SKILL-014,course_completion,52,0.7,0.76,2026-05-05T16:00:00Z,true,Excel与BI工具课程记录,1.1.0,synthetic,true,SRC-SYNTH,2026-09-05T00:00:00+08:00,0.76,synthetic,not_applicable,,team_generated,false,golden
EVID-G007-015,USER-G007,SKILL-015,self_report,38,0.4,0.58,2025-01-02T16:00:00Z,false,数据建模用户自述,1.1.0,synthetic,true,SRC-SYNTH,2026-09-05T00:00:00+08:00,0.58,synthetic,not_applicable,,team_generated,false,golden
EVID-G007-016,USER-G007,SKILL-016,self_report,56,0.4,0.58,2026-06-16T16:00:00Z,false,实验与A/B测试用户自述,1.1.0,synthetic,true,SRC-SYNTH,2026-09-05T00:00:00+08:00,0.58,synthetic,not_applicable,,team_generated,false,golden
EVID-G007-017,USER-G007,SKILL-017,self_report,44,0.4,0.58,2025-02-24T16:00:00Z,false,线性代数用户自述,1.1.0,synthetic,true,SRC-SYNTH,2026-09-05T00:00:00+08:00,0.58,synthetic,not_applicable,,team_generated,false,golden
EVID-G007-018,USER-G007,SKILL-018,course_completion,65,0.7,0.76,2026-07-02T16:00:00Z,true,微积分与优化课程记录,1.1.0,synthetic,true,SRC-SYNTH,2026-09-05T00:00:00+08:00,0.76,synthetic,not_applicable,,team_generated,false,golden
EVID-G007-019,USER-G007,SKILL-019,self_report,55,0.4,0.58,2026-04-13T16:00:00Z,false,机器学习用户自述,1.1.0,synthetic,true,SRC-SYNTH,2026-09-05T00:00:00+08:00,0.58,synthetic,not_applicable,,team_generated,false,golden
EVID-G007-020,USER-G007,SKILL-020,self_report,40,0.4,0.58,2026-03-31T16:00:00Z,false,特征工程用户自述,1.1.0,synthetic,true,SRC-SYNTH,2026-09-05T00:00:00+08:00,0.58,synthetic,not_applicable,,team_generated,false,golden
EVID-G007-021,USER-G007,SKILL-021,work_sample,62,0.75,0.82,2026-05-04T16:00:00Z,true,模型评估工作样例,1.1.0,synthetic,true,SRC-SYNTH,2026-09-05T00:00:00+08:00,0.82,synthetic,not_applicable,,team_generated,false,golden
EVID-G007-022,USER-G007,SKILL-022,course_completion,40,0.7,0.76,2025-11-23T16:00:00Z,true,深度学习课程记录,1.1.0,synthetic,true,SRC-SYNTH,2026-09-05T00:00:00+08:00,0.76,synthetic,not_applicable,,team_generated,false,golden
EVID-G007-023,USER-G007,SKILL-023,course_completion,67,0.7,0.76,2026-05-30T16:00:00Z,true,自然语言处理课程记录,1.1.0,synthetic,true,SRC-SYNTH,2026-09-05T00:00:00+08:00,0.76,synthetic,not_applicable,,team_generated,false,golden
EVID-G007-024,USER-G007,SKILL-024,self_report,56,0.4,0.58,2026-06-15T16:00:00Z,false,模型调优用户自述,1.1.0,synthetic,true,SRC-SYNTH,2026-09-05T00:00:00+08:00,0.58,synthetic,not_applicable,,team_generated,false,golden
EVID-G007-025,USER-G007,SKILL-025,course_completion,59,0.7,0.76,2026-02-15T16:00:00Z,true,大模型基础课程记录,1.1.0,synthetic,true,SRC-SYNTH,2026-09-05T00:00:00+08:00,0.76,synthetic,not_applicable,,team_generated,false,golden
EVID-G007-026,USER-G007,SKILL-026,course_completion,77,0.7,0.76,2026-07-30T16:00:00Z,true,提示词设计课程记录,1.1.0,synthetic,true,SRC-SYNTH,2026-09-05T00:00:00+08:00,0.76,synthetic,not_applicable,,team_generated,false,golden
EVID-G007-027,USER-G007,SKILL-027,self_report,43,0.4,0.58,2025-07-04T16:00:00Z,false,RAG应用用户自述,1.1.0,synthetic,true,SRC-SYNTH,2026-09-05T00:00:00+08:00,0.58,synthetic,not_applicable,,team_generated,false,golden
EVID-G007-028,USER-G007,SKILL-028,self_report,47,0.4,0.58,2025-05-02T16:00:00Z,false,向量数据库用户自述,1.1.0,synthetic,true,SRC-SYNTH,2026-09-05T00:00:00+08:00,0.58,synthetic,not_applicable,,team_generated,false,golden
EVID-G007-029,USER-G007,SKILL-029,course_completion,42,0.7,0.76,2025-02-19T16:00:00Z,true,智能体开发课程记录,1.1.0,synthetic,true,SRC-SYNTH,2026-09-05T00:00:00+08:00,0.76,synthetic,not_applicable,,team_generated,false,golden
EVID-G007-030,USER-G007,SKILL-030,course_completion,70,0.7,0.76,2026-06-10T16:00:00Z,true,MCP与工具调用课程记录,1.1.0,synthetic,true,SRC-SYNTH,2026-09-05T00:00:00+08:00,0.76,synthetic,not_applicable,,team_generated,false,golden
EVID-G007-031,USER-G007,SKILL-031,self_report,54,0.4,0.58,2025-04-24T16:00:00Z,false,模型微调用户自述,1.1.0,synthetic,true,SRC-SYNTH,2026-09-05T00:00:00+08:00,0.58,synthetic,not_applicable,,team_generated,false,golden
EVID-G007-032,USER-G007,SKILL-032,course_completion,41,0.7,0.76,2025-09-20T16:00:00Z,true,AI安全与评测课程记录,1.1.0,synthetic,true,SRC-SYNTH,2026-09-05T00:00:00+08:00,0.76,synthetic,not_applicable,,team_generated,false,golden
EVID-G007-033,USER-G007,SKILL-033,verified_project,88,0.9,0.9,2026-08-16T16:00:00Z,true,Git版本控制项目成果,1.1.0,synthetic,true,SRC-SYNTH,2026-09-05T00:00:00+08:00,0.9,synthetic,not_applicable,,team_generated,false,golden
EVID-G007-034,USER-G007,SKILL-034,assessment,88,1,0.9,2026-07-11T16:00:00Z,true,API设计能力测评,1.1.0,synthetic,true,SRC-SYNTH,2026-09-05T00:00:00+08:00,0.9,synthetic,not_applicable,,team_generated,false,golden
EVID-G007-035,USER-G007,SKILL-035,verified_project,84,0.9,0.9,2026-06-14T16:00:00Z,true,后端服务开发项目成果,1.1.0,synthetic,true,SRC-SYNTH,2026-09-05T00:00:00+08:00,0.9,synthetic,not_applicable,,team_generated,false,golden
EVID-G007-036,USER-G007,SKILL-036,work_sample,67,0.75,0.82,2026-07-21T16:00:00Z,true,Docker容器工作样例,1.1.0,synthetic,true,SRC-SYNTH,2026-09-05T00:00:00+08:00,0.82,synthetic,not_applicable,,team_generated,false,golden
EVID-G007-037,USER-G007,SKILL-037,assessment,66,1,0.9,2025-12-26T16:00:00Z,true,CI/CD能力测评,1.1.0,synthetic,true,SRC-SYNTH,2026-09-05T00:00:00+08:00,0.9,synthetic,not_applicable,,team_generated,false,golden
EVID-G007-038,USER-G007,SKILL-038,self_report,59,0.4,0.58,2026-01-08T16:00:00Z,false,云端部署用户自述,1.1.0,synthetic,true,SRC-SYNTH,2026-09-05T00:00:00+08:00,0.58,synthetic,not_applicable,,team_generated,false,golden
EVID-G007-039,USER-G007,SKILL-039,assessment,63,1,0.9,2026-07-05T16:00:00Z,true,监控与可观测性能力测评,1.1.0,synthetic,true,SRC-SYNTH,2026-09-05T00:00:00+08:00,0.9,synthetic,not_applicable,,team_generated,false,golden
EVID-G007-040,USER-G007,SKILL-040,course_completion,55,0.7,0.76,2026-04-20T16:00:00Z,true,数据工程管道课程记录,1.1.0,synthetic,true,SRC-SYNTH,2026-09-05T00:00:00+08:00,0.76,synthetic,not_applicable,,team_generated,false,golden
EVID-G007-041,USER-G007,SKILL-041,course_completion,40,0.7,0.76,2026-04-29T16:00:00Z,true,问题拆解课程记录,1.1.0,synthetic,true,SRC-SYNTH,2026-09-05T00:00:00+08:00,0.76,synthetic,not_applicable,,team_generated,false,golden
EVID-G007-042,USER-G007,SKILL-042,course_completion,56,0.7,0.76,2026-02-03T16:00:00Z,true,系统思维课程记录,1.1.0,synthetic,true,SRC-SYNTH,2026-09-05T00:00:00+08:00,0.76,synthetic,not_applicable,,team_generated,false,golden
EVID-G007-043,USER-G007,SKILL-043,work_sample,67,0.75,0.82,2025-12-20T16:00:00Z,true,需求分析工作样例,1.1.0,synthetic,true,SRC-SYNTH,2026-09-05T00:00:00+08:00,0.82,synthetic,not_applicable,,team_generated,false,golden
EVID-G007-044,USER-G007,SKILL-044,course_completion,54,0.7,0.76,2025-11-18T16:00:00Z,true,用户研究课程记录,1.1.0,synthetic,true,SRC-SYNTH,2026-09-05T00:00:00+08:00,0.76,synthetic,not_applicable,,team_generated,false,golden
EVID-G007-045,USER-G007,SKILL-045,self_report,45,0.4,0.58,2024-11-11T16:00:00Z,false,指标设计用户自述,1.1.0,synthetic,true,SRC-SYNTH,2026-09-05T00:00:00+08:00,0.58,synthetic,not_applicable,,team_generated,false,golden
EVID-G007-046,USER-G007,SKILL-046,work_sample,66,0.75,0.82,2026-03-30T16:00:00Z,true,业务理解工作样例,1.1.0,synthetic,true,SRC-SYNTH,2026-09-05T00:00:00+08:00,0.82,synthetic,not_applicable,,team_generated,false,golden
EVID-G007-047,USER-G007,SKILL-047,self_report,41,0.4,0.58,2025-09-28T16:00:00Z,false,创新与方案比较用户自述,1.1.0,synthetic,true,SRC-SYNTH,2026-09-05T00:00:00+08:00,0.58,synthetic,not_applicable,,team_generated,false,golden
EVID-G007-048,USER-G007,SKILL-048,course_completion,46,0.7,0.76,2025-08-09T16:00:00Z,true,书面沟通课程记录,1.1.0,synthetic,true,SRC-SYNTH,2026-09-05T00:00:00+08:00,0.76,synthetic,not_applicable,,team_generated,false,golden
EVID-G007-049,USER-G007,SKILL-049,self_report,58,0.4,0.58,2026-03-22T16:00:00Z,false,表达与汇报用户自述,1.1.0,synthetic,true,SRC-SYNTH,2026-09-05T00:00:00+08:00,0.58,synthetic,not_applicable,,team_generated,false,golden
EVID-G007-050,USER-G007,SKILL-050,work_sample,61,0.75,0.82,2026-05-11T16:00:00Z,true,跨岗位沟通工作样例,1.1.0,synthetic,true,SRC-SYNTH,2026-09-05T00:00:00+08:00,0.82,synthetic,not_applicable,,team_generated,false,golden
EVID-G007-051,USER-G007,SKILL-051,assessment,61,1,0.9,2025-12-17T16:00:00Z,true,远程协作能力测评,1.1.0,synthetic,true,SRC-SYNTH,2026-09-05T00:00:00+08:00,0.9,synthetic,not_applicable,,team_generated,false,golden
EVID-G007-052,USER-G007,SKILL-052,course_completion,46,0.7,0.76,2024-12-05T16:00:00Z,true,团队协作课程记录,1.1.0,synthetic,true,SRC-SYNTH,2026-09-05T00:00:00+08:00,0.76,synthetic,not_applicable,,team_generated,false,golden
EVID-G007-053,USER-G007,SKILL-053,self_report,40,0.4,0.58,2026-06-04T16:00:00Z,false,时间管理用户自述,1.1.0,synthetic,true,SRC-SYNTH,2026-09-05T00:00:00+08:00,0.58,synthetic,not_applicable,,team_generated,false,golden
EVID-G007-054,USER-G007,SKILL-054,course_completion,66,0.7,0.76,2026-01-01T16:00:00Z,true,职业伦理与隐私课程记录,1.1.0,synthetic,true,SRC-SYNTH,2026-09-05T00:00:00+08:00,0.76,synthetic,not_applicable,,team_generated,false,golden
EVID-G007-055,USER-G007,SKILL-055,course_completion,60,0.7,0.76,2026-08-24T16:00:00Z,true,自主学习课程记录,1.1.0,synthetic,true,SRC-SYNTH,2026-09-05T00:00:00+08:00,0.76,synthetic,not_applicable,,team_generated,false,golden
EVID-G007-056,USER-G007,SKILL-056,course_completion,63,0.7,0.76,2026-04-26T16:00:00Z,true,知识管理课程记录,1.1.0,synthetic,true,SRC-SYNTH,2026-09-05T00:00:00+08:00,0.76,synthetic,not_applicable,,team_generated,false,golden
EVID-G007-057,USER-G007,SKILL-057,self_report,40,0.4,0.58,2026-08-09T16:00:00Z,false,项目规划用户自述,1.1.0,synthetic,true,SRC-SYNTH,2026-09-05T00:00:00+08:00,0.58,synthetic,not_applicable,,team_generated,false,golden
EVID-G007-058,USER-G007,SKILL-058,self_report,56,0.4,0.58,2026-07-26T16:00:00Z,false,项目交付用户自述,1.1.0,synthetic,true,SRC-SYNTH,2026-09-05T00:00:00+08:00,0.58,synthetic,not_applicable,,team_generated,false,golden
EVID-G007-059,USER-G007,SKILL-059,self_report,56,0.4,0.58,2026-02-26T16:00:00Z,false,复盘与反馈用户自述,1.1.0,synthetic,true,SRC-SYNTH,2026-09-05T00:00:00+08:00,0.58,synthetic,not_applicable,,team_generated,false,golden
EVID-G007-060,USER-G007,SKILL-060,course_completion,43,0.7,0.76,2025-12-17T16:00:00Z,true,职业探索课程记录,1.1.0,synthetic,true,SRC-SYNTH,2026-09-05T00:00:00+08:00,0.76,synthetic,not_applicable,,team_generated,false,golden
EVID-G008-001,USER-G008,SKILL-001,work_sample,69,0.75,0.82,2026-06-02T16:00:00Z,true,Python编程工作样例,1.1.0,synthetic,true,SRC-SYNTH,2026-09-05T00:00:00+08:00,0.82,synthetic,not_applicable,,team_generated,false,golden
EVID-G008-002,USER-G008,SKILL-002,course_completion,62,0.7,0.76,2026-03-06T16:00:00Z,true,数据结构与算法课程记录,1.1.0,synthetic,true,SRC-SYNTH,2026-09-05T00:00:00+08:00,0.76,synthetic,not_applicable,,team_generated,false,golden
EVID-G008-003,USER-G008,SKILL-003,self_report,59,0.4,0.58,2026-05-15T16:00:00Z,false,面向对象设计用户自述,1.1.0,synthetic,true,SRC-SYNTH,2026-09-05T00:00:00+08:00,0.58,synthetic,not_applicable,,team_generated,false,golden
EVID-G008-004,USER-G008,SKILL-004,self_report,44,0.4,0.58,2025-01-24T16:00:00Z,false,计算机系统基础用户自述,1.1.0,synthetic,true,SRC-SYNTH,2026-09-05T00:00:00+08:00,0.58,synthetic,not_applicable,,team_generated,false,golden
EVID-G008-005,USER-G008,SKILL-005,self_report,49,0.4,0.58,2026-07-09T16:00:00Z,false,计算机网络用户自述,1.1.0,synthetic,true,SRC-SYNTH,2026-09-05T00:00:00+08:00,0.58,synthetic,not_applicable,,team_generated,false,golden
EVID-G008-006,USER-G008,SKILL-006,self_report,38,0.4,0.58,2026-04-16T16:00:00Z,false,Linux使用用户自述,1.1.0,synthetic,true,SRC-SYNTH,2026-09-05T00:00:00+08:00,0.58,synthetic,not_applicable,,team_generated,false,golden
EVID-G008-007,USER-G008,SKILL-007,self_report,53,0.4,0.58,2026-01-27T16:00:00Z,false,软件工程用户自述,1.1.0,synthetic,true,SRC-SYNTH,2026-09-05T00:00:00+08:00,0.58,synthetic,not_applicable,,team_generated,false,golden
EVID-G008-008,USER-G008,SKILL-008,self_report,43,0.4,0.58,2025-07-11T16:00:00Z,false,测试与调试用户自述,1.1.0,synthetic,true,SRC-SYNTH,2026-09-05T00:00:00+08:00,0.58,synthetic,not_applicable,,team_generated,false,golden
EVID-G008-009,USER-G008,SKILL-009,verified_project,83,0.9,0.9,2026-05-23T16:00:00Z,true,SQL项目成果,1.1.0,synthetic,true,SRC-SYNTH,2026-09-05T00:00:00+08:00,0.9,synthetic,not_applicable,,team_generated,false,golden
EVID-G008-010,USER-G008,SKILL-010,verified_project,83,0.9,0.9,2026-07-08T16:00:00Z,true,数据清洗项目成果,1.1.0,synthetic,true,SRC-SYNTH,2026-09-05T00:00:00+08:00,0.9,synthetic,not_applicable,,team_generated,false,golden
EVID-G008-011,USER-G008,SKILL-011,course_completion,36,0.7,0.76,2024-11-13T16:00:00Z,true,统计学基础课程记录,1.1.0,synthetic,true,SRC-SYNTH,2026-09-05T00:00:00+08:00,0.76,synthetic,not_applicable,,team_generated,false,golden
EVID-G008-012,USER-G008,SKILL-012,assessment,61,1,0.9,2026-03-23T16:00:00Z,true,探索性数据分析能力测评,1.1.0,synthetic,true,SRC-SYNTH,2026-09-05T00:00:00+08:00,0.9,synthetic,not_applicable,,team_generated,false,golden
EVID-G008-013,USER-G008,SKILL-013,course_completion,47,0.7,0.76,2025-10-23T16:00:00Z,true,数据可视化课程记录,1.1.0,synthetic,true,SRC-SYNTH,2026-09-05T00:00:00+08:00,0.76,synthetic,not_applicable,,team_generated,false,golden
EVID-G008-014,USER-G008,SKILL-014,assessment,88,1,0.9,2026-08-13T16:00:00Z,true,Excel与BI工具能力测评,1.1.0,synthetic,true,SRC-SYNTH,2026-09-05T00:00:00+08:00,0.9,synthetic,not_applicable,,team_generated,false,golden
EVID-G008-015,USER-G008,SKILL-015,self_report,55,0.4,0.58,2026-01-02T16:00:00Z,false,数据建模用户自述,1.1.0,synthetic,true,SRC-SYNTH,2026-09-05T00:00:00+08:00,0.58,synthetic,not_applicable,,team_generated,false,golden
EVID-G008-016,USER-G008,SKILL-016,self_report,41,0.4,0.58,2025-12-12T16:00:00Z,false,实验与A/B测试用户自述,1.1.0,synthetic,true,SRC-SYNTH,2026-09-05T00:00:00+08:00,0.58,synthetic,not_applicable,,team_generated,false,golden
EVID-G008-017,USER-G008,SKILL-017,self_report,59,0.4,0.58,2026-08-19T16:00:00Z,false,线性代数用户自述,1.1.0,synthetic,true,SRC-SYNTH,2026-09-05T00:00:00+08:00,0.58,synthetic,not_applicable,,team_generated,false,golden
EVID-G008-018,USER-G008,SKILL-018,self_report,51,0.4,0.58,2026-04-23T16:00:00Z,false,微积分与优化用户自述,1.1.0,synthetic,true,SRC-SYNTH,2026-09-05T00:00:00+08:00,0.58,synthetic,not_applicable,,team_generated,false,golden
EVID-G008-019,USER-G008,SKILL-019,self_report,47,0.4,0.58,2026-07-30T16:00:00Z,false,机器学习用户自述,1.1.0,synthetic,true,SRC-SYNTH,2026-09-05T00:00:00+08:00,0.58,synthetic,not_applicable,,team_generated,false,golden
EVID-G008-020,USER-G008,SKILL-020,self_report,56,0.4,0.58,2026-05-02T16:00:00Z,false,特征工程用户自述,1.1.0,synthetic,true,SRC-SYNTH,2026-09-05T00:00:00+08:00,0.58,synthetic,not_applicable,,team_generated,false,golden
EVID-G008-021,USER-G008,SKILL-021,course_completion,46,0.7,0.76,2025-07-22T16:00:00Z,true,模型评估课程记录,1.1.0,synthetic,true,SRC-SYNTH,2026-09-05T00:00:00+08:00,0.76,synthetic,not_applicable,,team_generated,false,golden
EVID-G008-022,USER-G008,SKILL-022,self_report,42,0.4,0.58,2024-12-23T16:00:00Z,false,深度学习用户自述,1.1.0,synthetic,true,SRC-SYNTH,2026-09-05T00:00:00+08:00,0.58,synthetic,not_applicable,,team_generated,false,golden
EVID-G008-023,USER-G008,SKILL-023,course_completion,59,0.7,0.76,2026-04-03T16:00:00Z,true,自然语言处理课程记录,1.1.0,synthetic,true,SRC-SYNTH,2026-09-05T00:00:00+08:00,0.76,synthetic,not_applicable,,team_generated,false,golden
EVID-G008-024,USER-G008,SKILL-024,course_completion,59,0.7,0.76,2026-01-09T16:00:00Z,true,模型调优课程记录,1.1.0,synthetic,true,SRC-SYNTH,2026-09-05T00:00:00+08:00,0.76,synthetic,not_applicable,,team_generated,false,golden
EVID-G008-025,USER-G008,SKILL-025,course_completion,55,0.7,0.76,2026-04-03T16:00:00Z,true,大模型基础课程记录,1.1.0,synthetic,true,SRC-SYNTH,2026-09-05T00:00:00+08:00,0.76,synthetic,not_applicable,,team_generated,false,golden
EVID-G008-026,USER-G008,SKILL-026,course_completion,68,0.7,0.76,2026-01-31T16:00:00Z,true,提示词设计课程记录,1.1.0,synthetic,true,SRC-SYNTH,2026-09-05T00:00:00+08:00,0.76,synthetic,not_applicable,,team_generated,false,golden
EVID-G008-027,USER-G008,SKILL-027,self_report,48,0.4,0.58,2025-10-11T16:00:00Z,false,RAG应用用户自述,1.1.0,synthetic,true,SRC-SYNTH,2026-09-05T00:00:00+08:00,0.58,synthetic,not_applicable,,team_generated,false,golden
EVID-G008-028,USER-G008,SKILL-028,course_completion,46,0.7,0.76,2026-07-04T16:00:00Z,true,向量数据库课程记录,1.1.0,synthetic,true,SRC-SYNTH,2026-09-05T00:00:00+08:00,0.76,synthetic,not_applicable,,team_generated,false,golden
EVID-G008-029,USER-G008,SKILL-029,course_completion,46,0.7,0.76,2025-02-19T16:00:00Z,true,智能体开发课程记录,1.1.0,synthetic,true,SRC-SYNTH,2026-09-05T00:00:00+08:00,0.76,synthetic,not_applicable,,team_generated,false,golden
EVID-G008-030,USER-G008,SKILL-030,course_completion,55,0.7,0.76,2026-03-09T16:00:00Z,true,MCP与工具调用课程记录,1.1.0,synthetic,true,SRC-SYNTH,2026-09-05T00:00:00+08:00,0.76,synthetic,not_applicable,,team_generated,false,golden
EVID-G008-031,USER-G008,SKILL-031,course_completion,39,0.7,0.76,2024-10-30T16:00:00Z,true,模型微调课程记录,1.1.0,synthetic,true,SRC-SYNTH,2026-09-05T00:00:00+08:00,0.76,synthetic,not_applicable,,team_generated,false,golden
EVID-G008-032,USER-G008,SKILL-032,self_report,57,0.4,0.58,2026-07-14T16:00:00Z,false,AI安全与评测用户自述,1.1.0,synthetic,true,SRC-SYNTH,2026-09-05T00:00:00+08:00,0.58,synthetic,not_applicable,,team_generated,false,golden
EVID-G008-033,USER-G008,SKILL-033,course_completion,51,0.7,0.76,2025-07-21T16:00:00Z,true,Git版本控制课程记录,1.1.0,synthetic,true,SRC-SYNTH,2026-09-05T00:00:00+08:00,0.76,synthetic,not_applicable,,team_generated,false,golden
EVID-G008-034,USER-G008,SKILL-034,assessment,67,1,0.9,2026-06-16T16:00:00Z,true,API设计能力测评,1.1.0,synthetic,true,SRC-SYNTH,2026-09-05T00:00:00+08:00,0.9,synthetic,not_applicable,,team_generated,false,golden
EVID-G008-035,USER-G008,SKILL-035,course_completion,72,0.7,0.76,2026-04-13T16:00:00Z,true,后端服务开发课程记录,1.1.0,synthetic,true,SRC-SYNTH,2026-09-05T00:00:00+08:00,0.76,synthetic,not_applicable,,team_generated,false,golden
EVID-G008-036,USER-G008,SKILL-036,course_completion,74,0.7,0.76,2026-03-15T16:00:00Z,true,Docker容器课程记录,1.1.0,synthetic,true,SRC-SYNTH,2026-09-05T00:00:00+08:00,0.76,synthetic,not_applicable,,team_generated,false,golden
EVID-G008-037,USER-G008,SKILL-037,assessment,72,1,0.9,2026-02-06T16:00:00Z,true,CI/CD能力测评,1.1.0,synthetic,true,SRC-SYNTH,2026-09-05T00:00:00+08:00,0.9,synthetic,not_applicable,,team_generated,false,golden
EVID-G008-038,USER-G008,SKILL-038,course_completion,74,0.7,0.76,2026-01-25T16:00:00Z,true,云端部署课程记录,1.1.0,synthetic,true,SRC-SYNTH,2026-09-05T00:00:00+08:00,0.76,synthetic,not_applicable,,team_generated,false,golden
EVID-G008-039,USER-G008,SKILL-039,self_report,59,0.4,0.58,2026-05-22T16:00:00Z,false,监控与可观测性用户自述,1.1.0,synthetic,true,SRC-SYNTH,2026-09-05T00:00:00+08:00,0.58,synthetic,not_applicable,,team_generated,false,golden
EVID-G008-040,USER-G008,SKILL-040,course_completion,57,0.7,0.76,2026-01-29T16:00:00Z,true,数据工程管道课程记录,1.1.0,synthetic,true,SRC-SYNTH,2026-09-05T00:00:00+08:00,0.76,synthetic,not_applicable,,team_generated,false,golden
EVID-G008-041,USER-G008,SKILL-041,assessment,80,1,0.9,2026-06-29T16:00:00Z,true,问题拆解能力测评,1.1.0,synthetic,true,SRC-SYNTH,2026-09-05T00:00:00+08:00,0.9,synthetic,not_applicable,,team_generated,false,golden
EVID-G008-042,USER-G008,SKILL-042,self_report,55,0.4,0.58,2026-01-20T16:00:00Z,false,系统思维用户自述,1.1.0,synthetic,true,SRC-SYNTH,2026-09-05T00:00:00+08:00,0.58,synthetic,not_applicable,,team_generated,false,golden
EVID-G008-043,USER-G008,SKILL-043,work_sample,66,0.75,0.82,2026-03-27T16:00:00Z,true,需求分析工作样例,1.1.0,synthetic,true,SRC-SYNTH,2026-09-05T00:00:00+08:00,0.82,synthetic,not_applicable,,team_generated,false,golden
EVID-G008-044,USER-G008,SKILL-044,verified_project,82,0.9,0.9,2026-07-06T16:00:00Z,true,用户研究项目成果,1.1.0,synthetic,true,SRC-SYNTH,2026-09-05T00:00:00+08:00,0.9,synthetic,not_applicable,,team_generated,false,golden
EVID-G008-045,USER-G008,SKILL-045,course_completion,74,0.7,0.76,2026-04-21T16:00:00Z,true,指标设计课程记录,1.1.0,synthetic,true,SRC-SYNTH,2026-09-05T00:00:00+08:00,0.76,synthetic,not_applicable,,team_generated,false,golden
EVID-G008-046,USER-G008,SKILL-046,course_completion,37,0.7,0.76,2025-03-14T16:00:00Z,true,业务理解课程记录,1.1.0,synthetic,true,SRC-SYNTH,2026-09-05T00:00:00+08:00,0.76,synthetic,not_applicable,,team_generated,false,golden
EVID-G008-047,USER-G008,SKILL-047,course_completion,47,0.7,0.76,2025-04-07T16:00:00Z,true,创新与方案比较课程记录,1.1.0,synthetic,true,SRC-SYNTH,2026-09-05T00:00:00+08:00,0.76,synthetic,not_applicable,,team_generated,false,golden
EVID-G008-048,USER-G008,SKILL-048,work_sample,65,0.75,0.82,2026-04-15T16:00:00Z,true,书面沟通工作样例,1.1.0,synthetic,true,SRC-SYNTH,2026-09-05T00:00:00+08:00,0.82,synthetic,not_applicable,,team_generated,false,golden
EVID-G008-049,USER-G008,SKILL-049,verified_project,83,0.9,0.9,2026-06-03T16:00:00Z,true,表达与汇报项目成果,1.1.0,synthetic,true,SRC-SYNTH,2026-09-05T00:00:00+08:00,0.9,synthetic,not_applicable,,team_generated,false,golden
EVID-G008-050,USER-G008,SKILL-050,self_report,50,0.4,0.58,2025-03-07T16:00:00Z,false,跨岗位沟通用户自述,1.1.0,synthetic,true,SRC-SYNTH,2026-09-05T00:00:00+08:00,0.58,synthetic,not_applicable,,team_generated,false,golden
EVID-G008-051,USER-G008,SKILL-051,course_completion,62,0.7,0.76,2026-07-05T16:00:00Z,true,远程协作课程记录,1.1.0,synthetic,true,SRC-SYNTH,2026-09-05T00:00:00+08:00,0.76,synthetic,not_applicable,,team_generated,false,golden
EVID-G008-052,USER-G008,SKILL-052,self_report,59,0.4,0.58,2026-06-15T16:00:00Z,false,团队协作用户自述,1.1.0,synthetic,true,SRC-SYNTH,2026-09-05T00:00:00+08:00,0.58,synthetic,not_applicable,,team_generated,false,golden
EVID-G008-053,USER-G008,SKILL-053,assessment,60,1,0.9,2025-12-18T16:00:00Z,true,时间管理能力测评,1.1.0,synthetic,true,SRC-SYNTH,2026-09-05T00:00:00+08:00,0.9,synthetic,not_applicable,,team_generated,false,golden
EVID-G008-054,USER-G008,SKILL-054,work_sample,71,0.75,0.82,2026-03-18T16:00:00Z,true,职业伦理与隐私工作样例,1.1.0,synthetic,true,SRC-SYNTH,2026-09-05T00:00:00+08:00,0.82,synthetic,not_applicable,,team_generated,false,golden
EVID-G008-055,USER-G008,SKILL-055,self_report,51,0.4,0.58,2025-08-01T16:00:00Z,false,自主学习用户自述,1.1.0,synthetic,true,SRC-SYNTH,2026-09-05T00:00:00+08:00,0.58,synthetic,not_applicable,,team_generated,false,golden
EVID-G008-056,USER-G008,SKILL-056,course_completion,61,0.7,0.76,2026-01-22T16:00:00Z,true,知识管理课程记录,1.1.0,synthetic,true,SRC-SYNTH,2026-09-05T00:00:00+08:00,0.76,synthetic,not_applicable,,team_generated,false,golden
EVID-G008-057,USER-G008,SKILL-057,self_report,56,0.4,0.58,2026-04-08T16:00:00Z,false,项目规划用户自述,1.1.0,synthetic,true,SRC-SYNTH,2026-09-05T00:00:00+08:00,0.58,synthetic,not_applicable,,team_generated,false,golden
EVID-G008-058,USER-G008,SKILL-058,work_sample,62,0.75,0.82,2026-07-07T16:00:00Z,true,项目交付工作样例,1.1.0,synthetic,true,SRC-SYNTH,2026-09-05T00:00:00+08:00,0.82,synthetic,not_applicable,,team_generated,false,golden
EVID-G008-059,USER-G008,SKILL-059,course_completion,36,0.7,0.76,2026-04-10T16:00:00Z,true,复盘与反馈课程记录,1.1.0,synthetic,true,SRC-SYNTH,2026-09-05T00:00:00+08:00,0.76,synthetic,not_applicable,,team_generated,false,golden
EVID-G008-060,USER-G008,SKILL-060,work_sample,65,0.75,0.82,2026-03-09T16:00:00Z,true,职业探索工作样例,1.1.0,synthetic,true,SRC-SYNTH,2026-09-05T00:00:00+08:00,0.82,synthetic,not_applicable,,team_generated,false,golden
EVID-G009-001,USER-G009,SKILL-001,verified_project,94,0.9,0.9,2026-08-22T16:00:00Z,true,Python编程项目成果,1.1.0,synthetic,true,SRC-SYNTH,2026-09-05T00:00:00+08:00,0.9,synthetic,not_applicable,,team_generated,false,golden
EVID-G009-002,USER-G009,SKILL-002,assessment,64,1,0.9,2025-12-25T16:00:00Z,true,数据结构与算法能力测评,1.1.0,synthetic,true,SRC-SYNTH,2026-09-05T00:00:00+08:00,0.9,synthetic,not_applicable,,team_generated,false,golden
EVID-G009-003,USER-G009,SKILL-003,course_completion,34,0.7,0.76,2025-12-07T16:00:00Z,true,面向对象设计课程记录,1.1.0,synthetic,true,SRC-SYNTH,2026-09-05T00:00:00+08:00,0.76,synthetic,not_applicable,,team_generated,false,golden
EVID-G009-004,USER-G009,SKILL-004,self_report,52,0.4,0.58,2025-06-11T16:00:00Z,false,计算机系统基础用户自述,1.1.0,synthetic,true,SRC-SYNTH,2026-09-05T00:00:00+08:00,0.58,synthetic,not_applicable,,team_generated,false,golden
EVID-G009-005,USER-G009,SKILL-005,self_report,51,0.4,0.58,2026-03-21T16:00:00Z,false,计算机网络用户自述,1.1.0,synthetic,true,SRC-SYNTH,2026-09-05T00:00:00+08:00,0.58,synthetic,not_applicable,,team_generated,false,golden
EVID-G009-006,USER-G009,SKILL-006,course_completion,42,0.7,0.76,2025-12-24T16:00:00Z,true,Linux使用课程记录,1.1.0,synthetic,true,SRC-SYNTH,2026-09-05T00:00:00+08:00,0.76,synthetic,not_applicable,,team_generated,false,golden
EVID-G009-007,USER-G009,SKILL-007,assessment,90,1,0.9,2026-07-26T16:00:00Z,true,软件工程能力测评,1.1.0,synthetic,true,SRC-SYNTH,2026-09-05T00:00:00+08:00,0.9,synthetic,not_applicable,,team_generated,false,golden
EVID-G009-008,USER-G009,SKILL-008,verified_project,94,0.9,0.9,2026-08-22T16:00:00Z,true,测试与调试项目成果,1.1.0,synthetic,true,SRC-SYNTH,2026-09-05T00:00:00+08:00,0.9,synthetic,not_applicable,,team_generated,false,golden
EVID-G009-009,USER-G009,SKILL-009,verified_project,94,0.9,0.9,2026-07-25T16:00:00Z,true,SQL项目成果,1.1.0,synthetic,true,SRC-SYNTH,2026-09-05T00:00:00+08:00,0.9,synthetic,not_applicable,,team_generated,false,golden
EVID-G009-010,USER-G009,SKILL-010,work_sample,63,0.75,0.82,2026-06-03T16:00:00Z,true,数据清洗工作样例,1.1.0,synthetic,true,SRC-SYNTH,2026-09-05T00:00:00+08:00,0.82,synthetic,not_applicable,,team_generated,false,golden
EVID-G009-011,USER-G009,SKILL-011,assessment,70,1,0.9,2026-02-09T16:00:00Z,true,统计学基础能力测评,1.1.0,synthetic,true,SRC-SYNTH,2026-09-05T00:00:00+08:00,0.9,synthetic,not_applicable,,team_generated,false,golden
EVID-G009-012,USER-G009,SKILL-012,self_report,48,0.4,0.58,2024-10-24T16:00:00Z,false,探索性数据分析用户自述,1.1.0,synthetic,true,SRC-SYNTH,2026-09-05T00:00:00+08:00,0.58,synthetic,not_applicable,,team_generated,false,golden
EVID-G009-013,USER-G009,SKILL-013,course_completion,50,0.7,0.76,2025-01-18T16:00:00Z,true,数据可视化课程记录,1.1.0,synthetic,true,SRC-SYNTH,2026-09-05T00:00:00+08:00,0.76,synthetic,not_applicable,,team_generated,false,golden
EVID-G009-014,USER-G009,SKILL-014,self_report,59,0.4,0.58,2026-04-26T16:00:00Z,false,Excel与BI工具用户自述,1.1.0,synthetic,true,SRC-SYNTH,2026-09-05T00:00:00+08:00,0.58,synthetic,not_applicable,,team_generated,false,golden
EVID-G009-015,USER-G009,SKILL-015,course_completion,43,0.7,0.76,2025-07-09T16:00:00Z,true,数据建模课程记录,1.1.0,synthetic,true,SRC-SYNTH,2026-09-05T00:00:00+08:00,0.76,synthetic,not_applicable,,team_generated,false,golden
EVID-G009-016,USER-G009,SKILL-016,course_completion,70,0.7,0.76,2026-08-20T16:00:00Z,true,实验与A/B测试课程记录,1.1.0,synthetic,true,SRC-SYNTH,2026-09-05T00:00:00+08:00,0.76,synthetic,not_applicable,,team_generated,false,golden
EVID-G009-017,USER-G009,SKILL-017,course_completion,34,0.7,0.76,2025-01-31T16:00:00Z,true,线性代数课程记录,1.1.0,synthetic,true,SRC-SYNTH,2026-09-05T00:00:00+08:00,0.76,synthetic,not_applicable,,team_generated,false,golden
EVID-G009-018,USER-G009,SKILL-018,self_report,45,0.4,0.58,2024-10-31T16:00:00Z,false,微积分与优化用户自述,1.1.0,synthetic,true,SRC-SYNTH,2026-09-05T00:00:00+08:00,0.58,synthetic,not_applicable,,team_generated,false,golden
EVID-G009-019,USER-G009,SKILL-019,course_completion,54,0.7,0.76,2025-11-12T16:00:00Z,true,机器学习课程记录,1.1.0,synthetic,true,SRC-SYNTH,2026-09-05T00:00:00+08:00,0.76,synthetic,not_applicable,,team_generated,false,golden
EVID-G009-020,USER-G009,SKILL-020,self_report,48,0.4,0.58,2026-01-29T16:00:00Z,false,特征工程用户自述,1.1.0,synthetic,true,SRC-SYNTH,2026-09-05T00:00:00+08:00,0.58,synthetic,not_applicable,,team_generated,false,golden
EVID-G009-021,USER-G009,SKILL-021,course_completion,45,0.7,0.76,2025-01-02T16:00:00Z,true,模型评估课程记录,1.1.0,synthetic,true,SRC-SYNTH,2026-09-05T00:00:00+08:00,0.76,synthetic,not_applicable,,team_generated,false,golden
EVID-G009-022,USER-G009,SKILL-022,work_sample,65,0.75,0.82,2026-06-18T16:00:00Z,true,深度学习工作样例,1.1.0,synthetic,true,SRC-SYNTH,2026-09-05T00:00:00+08:00,0.82,synthetic,not_applicable,,team_generated,false,golden
EVID-G009-023,USER-G009,SKILL-023,self_report,52,0.4,0.58,2026-06-16T16:00:00Z,false,自然语言处理用户自述,1.1.0,synthetic,true,SRC-SYNTH,2026-09-05T00:00:00+08:00,0.58,synthetic,not_applicable,,team_generated,false,golden
EVID-G009-024,USER-G009,SKILL-024,self_report,35,0.4,0.58,2025-03-11T16:00:00Z,false,模型调优用户自述,1.1.0,synthetic,true,SRC-SYNTH,2026-09-05T00:00:00+08:00,0.58,synthetic,not_applicable,,team_generated,false,golden
EVID-G009-025,USER-G009,SKILL-025,assessment,76,1,0.9,2026-08-10T16:00:00Z,true,大模型基础能力测评,1.1.0,synthetic,true,SRC-SYNTH,2026-09-05T00:00:00+08:00,0.9,synthetic,not_applicable,,team_generated,false,golden
EVID-G009-026,USER-G009,SKILL-026,work_sample,71,0.75,0.82,2026-01-18T16:00:00Z,true,提示词设计工作样例,1.1.0,synthetic,true,SRC-SYNTH,2026-09-05T00:00:00+08:00,0.82,synthetic,not_applicable,,team_generated,false,golden
EVID-G009-027,USER-G009,SKILL-027,work_sample,73,0.75,0.82,2026-04-03T16:00:00Z,true,RAG应用工作样例,1.1.0,synthetic,true,SRC-SYNTH,2026-09-05T00:00:00+08:00,0.82,synthetic,not_applicable,,team_generated,false,golden
EVID-G009-028,USER-G009,SKILL-028,course_completion,62,0.7,0.76,2026-04-14T16:00:00Z,true,向量数据库课程记录,1.1.0,synthetic,true,SRC-SYNTH,2026-09-05T00:00:00+08:00,0.76,synthetic,not_applicable,,team_generated,false,golden
EVID-G009-029,USER-G009,SKILL-029,work_sample,74,0.75,0.82,2026-01-31T16:00:00Z,true,智能体开发工作样例,1.1.0,synthetic,true,SRC-SYNTH,2026-09-05T00:00:00+08:00,0.82,synthetic,not_applicable,,team_generated,false,golden
EVID-G009-030,USER-G009,SKILL-030,work_sample,69,0.75,0.82,2025-12-11T16:00:00Z,true,MCP与工具调用工作样例,1.1.0,synthetic,true,SRC-SYNTH,2026-09-05T00:00:00+08:00,0.82,synthetic,not_applicable,,team_generated,false,golden
EVID-G009-031,USER-G009,SKILL-031,self_report,53,0.4,0.58,2025-05-28T16:00:00Z,false,模型微调用户自述,1.1.0,synthetic,true,SRC-SYNTH,2026-09-05T00:00:00+08:00,0.58,synthetic,not_applicable,,team_generated,false,golden
EVID-G009-032,USER-G009,SKILL-032,course_completion,35,0.7,0.76,2025-05-14T16:00:00Z,true,AI安全与评测课程记录,1.1.0,synthetic,true,SRC-SYNTH,2026-09-05T00:00:00+08:00,0.76,synthetic,not_applicable,,team_generated,false,golden
EVID-G009-033,USER-G009,SKILL-033,course_completion,47,0.7,0.76,2026-05-07T16:00:00Z,true,Git版本控制课程记录,1.1.0,synthetic,true,SRC-SYNTH,2026-09-05T00:00:00+08:00,0.76,synthetic,not_applicable,,team_generated,false,golden
EVID-G009-034,USER-G009,SKILL-034,verified_project,86,0.9,0.9,2026-08-24T16:00:00Z,true,API设计项目成果,1.1.0,synthetic,true,SRC-SYNTH,2026-09-05T00:00:00+08:00,0.9,synthetic,not_applicable,,team_generated,false,golden
EVID-G009-035,USER-G009,SKILL-035,self_report,36,0.4,0.58,2024-12-04T16:00:00Z,false,后端服务开发用户自述,1.1.0,synthetic,true,SRC-SYNTH,2026-09-05T00:00:00+08:00,0.58,synthetic,not_applicable,,team_generated,false,golden
EVID-G009-036,USER-G009,SKILL-036,self_report,36,0.4,0.58,2025-02-09T16:00:00Z,false,Docker容器用户自述,1.1.0,synthetic,true,SRC-SYNTH,2026-09-05T00:00:00+08:00,0.58,synthetic,not_applicable,,team_generated,false,golden
EVID-G009-037,USER-G009,SKILL-037,work_sample,68,0.75,0.82,2026-04-27T16:00:00Z,true,CI/CD工作样例,1.1.0,synthetic,true,SRC-SYNTH,2026-09-05T00:00:00+08:00,0.82,synthetic,not_applicable,,team_generated,false,golden
EVID-G009-038,USER-G009,SKILL-038,course_completion,36,0.7,0.76,2024-10-21T16:00:00Z,true,云端部署课程记录,1.1.0,synthetic,true,SRC-SYNTH,2026-09-05T00:00:00+08:00,0.76,synthetic,not_applicable,,team_generated,false,golden
EVID-G009-039,USER-G009,SKILL-039,work_sample,76,0.75,0.82,2026-07-19T16:00:00Z,true,监控与可观测性工作样例,1.1.0,synthetic,true,SRC-SYNTH,2026-09-05T00:00:00+08:00,0.82,synthetic,not_applicable,,team_generated,false,golden
EVID-G009-040,USER-G009,SKILL-040,work_sample,61,0.75,0.82,2026-02-21T16:00:00Z,true,数据工程管道工作样例,1.1.0,synthetic,true,SRC-SYNTH,2026-09-05T00:00:00+08:00,0.82,synthetic,not_applicable,,team_generated,false,golden
EVID-G009-041,USER-G009,SKILL-041,self_report,59,0.4,0.58,2026-06-07T16:00:00Z,false,问题拆解用户自述,1.1.0,synthetic,true,SRC-SYNTH,2026-09-05T00:00:00+08:00,0.58,synthetic,not_applicable,,team_generated,false,golden
EVID-G009-042,USER-G009,SKILL-042,course_completion,44,0.7,0.76,2025-07-11T16:00:00Z,true,系统思维课程记录,1.1.0,synthetic,true,SRC-SYNTH,2026-09-05T00:00:00+08:00,0.76,synthetic,not_applicable,,team_generated,false,golden
EVID-G009-043,USER-G009,SKILL-043,assessment,94,1,0.9,2026-07-30T16:00:00Z,true,需求分析能力测评,1.1.0,synthetic,true,SRC-SYNTH,2026-09-05T00:00:00+08:00,0.9,synthetic,not_applicable,,team_generated,false,golden
EVID-G009-044,USER-G009,SKILL-044,assessment,62,1,0.9,2026-07-24T16:00:00Z,true,用户研究能力测评,1.1.0,synthetic,true,SRC-SYNTH,2026-09-05T00:00:00+08:00,0.9,synthetic,not_applicable,,team_generated,false,golden
EVID-G009-045,USER-G009,SKILL-045,assessment,70,1,0.9,2026-01-22T16:00:00Z,true,指标设计能力测评,1.1.0,synthetic,true,SRC-SYNTH,2026-09-05T00:00:00+08:00,0.9,synthetic,not_applicable,,team_generated,false,golden
EVID-G009-046,USER-G009,SKILL-046,assessment,69,1,0.9,2026-01-27T16:00:00Z,true,业务理解能力测评,1.1.0,synthetic,true,SRC-SYNTH,2026-09-05T00:00:00+08:00,0.9,synthetic,not_applicable,,team_generated,false,golden
EVID-G009-047,USER-G009,SKILL-047,work_sample,66,0.75,0.82,2026-05-18T16:00:00Z,true,创新与方案比较工作样例,1.1.0,synthetic,true,SRC-SYNTH,2026-09-05T00:00:00+08:00,0.82,synthetic,not_applicable,,team_generated,false,golden
EVID-G009-048,USER-G009,SKILL-048,verified_project,84,0.9,0.9,2026-07-13T16:00:00Z,true,书面沟通项目成果,1.1.0,synthetic,true,SRC-SYNTH,2026-09-05T00:00:00+08:00,0.9,synthetic,not_applicable,,team_generated,false,golden
EVID-G009-049,USER-G009,SKILL-049,work_sample,74,0.75,0.82,2026-01-03T16:00:00Z,true,表达与汇报工作样例,1.1.0,synthetic,true,SRC-SYNTH,2026-09-05T00:00:00+08:00,0.82,synthetic,not_applicable,,team_generated,false,golden
EVID-G009-050,USER-G009,SKILL-050,verified_project,94,0.9,0.9,2026-08-12T16:00:00Z,true,跨岗位沟通项目成果,1.1.0,synthetic,true,SRC-SYNTH,2026-09-05T00:00:00+08:00,0.9,synthetic,not_applicable,,team_generated,false,golden
EVID-G009-051,USER-G009,SKILL-051,self_report,41,0.4,0.58,2026-02-04T16:00:00Z,false,远程协作用户自述,1.1.0,synthetic,true,SRC-SYNTH,2026-09-05T00:00:00+08:00,0.58,synthetic,not_applicable,,team_generated,false,golden
EVID-G009-052,USER-G009,SKILL-052,assessment,85,1,0.9,2026-05-30T16:00:00Z,true,团队协作能力测评,1.1.0,synthetic,true,SRC-SYNTH,2026-09-05T00:00:00+08:00,0.9,synthetic,not_applicable,,team_generated,false,golden
EVID-G009-053,USER-G009,SKILL-053,course_completion,60,0.7,0.76,2026-06-20T16:00:00Z,true,时间管理课程记录,1.1.0,synthetic,true,SRC-SYNTH,2026-09-05T00:00:00+08:00,0.76,synthetic,not_applicable,,team_generated,false,golden
EVID-G009-054,USER-G009,SKILL-054,work_sample,70,0.75,0.82,2026-05-06T16:00:00Z,true,职业伦理与隐私工作样例,1.1.0,synthetic,true,SRC-SYNTH,2026-09-05T00:00:00+08:00,0.82,synthetic,not_applicable,,team_generated,false,golden
EVID-G009-055,USER-G009,SKILL-055,course_completion,39,0.7,0.76,2024-10-15T16:00:00Z,true,自主学习课程记录,1.1.0,synthetic,true,SRC-SYNTH,2026-09-05T00:00:00+08:00,0.76,synthetic,not_applicable,,team_generated,false,golden
EVID-G009-056,USER-G009,SKILL-056,self_report,34,0.4,0.58,2025-04-06T16:00:00Z,false,知识管理用户自述,1.1.0,synthetic,true,SRC-SYNTH,2026-09-05T00:00:00+08:00,0.58,synthetic,not_applicable,,team_generated,false,golden
EVID-G009-057,USER-G009,SKILL-057,self_report,49,0.4,0.58,2025-09-03T16:00:00Z,false,项目规划用户自述,1.1.0,synthetic,true,SRC-SYNTH,2026-09-05T00:00:00+08:00,0.58,synthetic,not_applicable,,team_generated,false,golden
EVID-G009-058,USER-G009,SKILL-058,course_completion,44,0.7,0.76,2026-06-06T16:00:00Z,true,项目交付课程记录,1.1.0,synthetic,true,SRC-SYNTH,2026-09-05T00:00:00+08:00,0.76,synthetic,not_applicable,,team_generated,false,golden
EVID-G009-059,USER-G009,SKILL-059,self_report,44,0.4,0.58,2024-11-05T16:00:00Z,false,复盘与反馈用户自述,1.1.0,synthetic,true,SRC-SYNTH,2026-09-05T00:00:00+08:00,0.58,synthetic,not_applicable,,team_generated,false,golden
EVID-G009-060,USER-G009,SKILL-060,self_report,46,0.4,0.58,2024-12-29T16:00:00Z,false,职业探索用户自述,1.1.0,synthetic,true,SRC-SYNTH,2026-09-05T00:00:00+08:00,0.58,synthetic,not_applicable,,team_generated,false,golden
EVID-G010-001,USER-G010,SKILL-001,verified_project,86,0.9,0.9,2026-07-04T16:00:00Z,true,Python编程项目成果,1.1.0,synthetic,true,SRC-SYNTH,2026-09-05T00:00:00+08:00,0.9,synthetic,not_applicable,,team_generated,false,golden
EVID-G010-002,USER-G010,SKILL-002,course_completion,59,0.7,0.76,2026-07-22T16:00:00Z,true,数据结构与算法课程记录,1.1.0,synthetic,true,SRC-SYNTH,2026-09-05T00:00:00+08:00,0.76,synthetic,not_applicable,,team_generated,false,golden
EVID-G010-003,USER-G010,SKILL-003,self_report,59,0.4,0.58,2026-04-29T16:00:00Z,false,面向对象设计用户自述,1.1.0,synthetic,true,SRC-SYNTH,2026-09-05T00:00:00+08:00,0.58,synthetic,not_applicable,,team_generated,false,golden
EVID-G010-004,USER-G010,SKILL-004,course_completion,39,0.7,0.76,2024-10-30T16:00:00Z,true,计算机系统基础课程记录,1.1.0,synthetic,true,SRC-SYNTH,2026-09-05T00:00:00+08:00,0.76,synthetic,not_applicable,,team_generated,false,golden
EVID-G010-005,USER-G010,SKILL-005,course_completion,47,0.7,0.76,2025-09-30T16:00:00Z,true,计算机网络课程记录,1.1.0,synthetic,true,SRC-SYNTH,2026-09-05T00:00:00+08:00,0.76,synthetic,not_applicable,,team_generated,false,golden
EVID-G010-006,USER-G010,SKILL-006,self_report,36,0.4,0.58,2026-08-01T16:00:00Z,false,Linux使用用户自述,1.1.0,synthetic,true,SRC-SYNTH,2026-09-05T00:00:00+08:00,0.58,synthetic,not_applicable,,team_generated,false,golden
EVID-G010-007,USER-G010,SKILL-007,course_completion,44,0.7,0.76,2026-08-20T16:00:00Z,true,软件工程课程记录,1.1.0,synthetic,true,SRC-SYNTH,2026-09-05T00:00:00+08:00,0.76,synthetic,not_applicable,,team_generated,false,golden
EVID-G010-008,USER-G010,SKILL-008,self_report,41,0.4,0.58,2025-02-07T16:00:00Z,false,测试与调试用户自述,1.1.0,synthetic,true,SRC-SYNTH,2026-09-05T00:00:00+08:00,0.58,synthetic,not_applicable,,team_generated,false,golden
EVID-G010-009,USER-G010,SKILL-009,self_report,40,0.4,0.58,2025-12-09T16:00:00Z,false,SQL用户自述,1.1.0,synthetic,true,SRC-SYNTH,2026-09-05T00:00:00+08:00,0.58,synthetic,not_applicable,,team_generated,false,golden
EVID-G010-010,USER-G010,SKILL-010,course_completion,62,0.7,0.76,2026-06-16T16:00:00Z,true,数据清洗课程记录,1.1.0,synthetic,true,SRC-SYNTH,2026-09-05T00:00:00+08:00,0.76,synthetic,not_applicable,,team_generated,false,golden
EVID-G010-011,USER-G010,SKILL-011,work_sample,60,0.75,0.82,2026-06-02T16:00:00Z,true,统计学基础工作样例,1.1.0,synthetic,true,SRC-SYNTH,2026-09-05T00:00:00+08:00,0.82,synthetic,not_applicable,,team_generated,false,golden
EVID-G010-012,USER-G010,SKILL-012,self_report,37,0.4,0.58,2024-11-03T16:00:00Z,false,探索性数据分析用户自述,1.1.0,synthetic,true,SRC-SYNTH,2026-09-05T00:00:00+08:00,0.58,synthetic,not_applicable,,team_generated,false,golden
EVID-G010-013,USER-G010,SKILL-013,self_report,56,0.4,0.58,2026-06-10T16:00:00Z,false,数据可视化用户自述,1.1.0,synthetic,true,SRC-SYNTH,2026-09-05T00:00:00+08:00,0.58,synthetic,not_applicable,,team_generated,false,golden
EVID-G010-014,USER-G010,SKILL-014,work_sample,62,0.75,0.82,2026-07-13T16:00:00Z,true,Excel与BI工具工作样例,1.1.0,synthetic,true,SRC-SYNTH,2026-09-05T00:00:00+08:00,0.82,synthetic,not_applicable,,team_generated,false,golden
EVID-G010-015,USER-G010,SKILL-015,course_completion,38,0.7,0.76,2025-11-16T16:00:00Z,true,数据建模课程记录,1.1.0,synthetic,true,SRC-SYNTH,2026-09-05T00:00:00+08:00,0.76,synthetic,not_applicable,,team_generated,false,golden
EVID-G010-016,USER-G010,SKILL-016,self_report,42,0.4,0.58,2025-06-01T16:00:00Z,false,实验与A/B测试用户自述,1.1.0,synthetic,true,SRC-SYNTH,2026-09-05T00:00:00+08:00,0.58,synthetic,not_applicable,,team_generated,false,golden
EVID-G010-017,USER-G010,SKILL-017,self_report,49,0.4,0.58,2026-01-25T16:00:00Z,false,线性代数用户自述,1.1.0,synthetic,true,SRC-SYNTH,2026-09-05T00:00:00+08:00,0.58,synthetic,not_applicable,,team_generated,false,golden
EVID-G010-018,USER-G010,SKILL-018,self_report,53,0.4,0.58,2025-08-01T16:00:00Z,false,微积分与优化用户自述,1.1.0,synthetic,true,SRC-SYNTH,2026-09-05T00:00:00+08:00,0.58,synthetic,not_applicable,,team_generated,false,golden
EVID-G010-019,USER-G010,SKILL-019,assessment,90,1,0.9,2026-05-31T16:00:00Z,true,机器学习能力测评,1.1.0,synthetic,true,SRC-SYNTH,2026-09-05T00:00:00+08:00,0.9,synthetic,not_applicable,,team_generated,false,golden
EVID-G010-020,USER-G010,SKILL-020,assessment,83,1,0.9,2026-08-19T16:00:00Z,true,特征工程能力测评,1.1.0,synthetic,true,SRC-SYNTH,2026-09-05T00:00:00+08:00,0.9,synthetic,not_applicable,,team_generated,false,golden
EVID-G010-021,USER-G010,SKILL-021,course_completion,72,0.7,0.76,2026-03-22T16:00:00Z,true,模型评估课程记录,1.1.0,synthetic,true,SRC-SYNTH,2026-09-05T00:00:00+08:00,0.76,synthetic,not_applicable,,team_generated,false,golden
EVID-G010-022,USER-G010,SKILL-022,course_completion,78,0.7,0.76,2026-08-23T16:00:00Z,true,深度学习课程记录,1.1.0,synthetic,true,SRC-SYNTH,2026-09-05T00:00:00+08:00,0.76,synthetic,not_applicable,,team_generated,false,golden
EVID-G010-023,USER-G010,SKILL-023,course_completion,58,0.7,0.76,2026-06-06T16:00:00Z,true,自然语言处理课程记录,1.1.0,synthetic,true,SRC-SYNTH,2026-09-05T00:00:00+08:00,0.76,synthetic,not_applicable,,team_generated,false,golden
EVID-G010-024,USER-G010,SKILL-024,course_completion,52,0.7,0.76,2026-02-24T16:00:00Z,true,模型调优课程记录,1.1.0,synthetic,true,SRC-SYNTH,2026-09-05T00:00:00+08:00,0.76,synthetic,not_applicable,,team_generated,false,golden
EVID-G010-025,USER-G010,SKILL-025,work_sample,79,0.75,0.82,2026-05-30T16:00:00Z,true,大模型基础工作样例,1.1.0,synthetic,true,SRC-SYNTH,2026-09-05T00:00:00+08:00,0.82,synthetic,not_applicable,,team_generated,false,golden
EVID-G010-026,USER-G010,SKILL-026,self_report,59,0.4,0.58,2026-05-11T16:00:00Z,false,提示词设计用户自述,1.1.0,synthetic,true,SRC-SYNTH,2026-09-05T00:00:00+08:00,0.58,synthetic,not_applicable,,team_generated,false,golden
EVID-G010-027,USER-G010,SKILL-027,self_report,44,0.4,0.58,2025-04-30T16:00:00Z,false,RAG应用用户自述,1.1.0,synthetic,true,SRC-SYNTH,2026-09-05T00:00:00+08:00,0.58,synthetic,not_applicable,,team_generated,false,golden
EVID-G010-028,USER-G010,SKILL-028,course_completion,67,0.7,0.76,2026-04-27T16:00:00Z,true,向量数据库课程记录,1.1.0,synthetic,true,SRC-SYNTH,2026-09-05T00:00:00+08:00,0.76,synthetic,not_applicable,,team_generated,false,golden
EVID-G010-029,USER-G010,SKILL-029,course_completion,40,0.7,0.76,2025-10-17T16:00:00Z,true,智能体开发课程记录,1.1.0,synthetic,true,SRC-SYNTH,2026-09-05T00:00:00+08:00,0.76,synthetic,not_applicable,,team_generated,false,golden
EVID-G010-030,USER-G010,SKILL-030,assessment,62,1,0.9,2026-01-11T16:00:00Z,true,MCP与工具调用能力测评,1.1.0,synthetic,true,SRC-SYNTH,2026-09-05T00:00:00+08:00,0.9,synthetic,not_applicable,,team_generated,false,golden
EVID-G010-031,USER-G010,SKILL-031,self_report,40,0.4,0.58,2025-01-14T16:00:00Z,false,模型微调用户自述,1.1.0,synthetic,true,SRC-SYNTH,2026-09-05T00:00:00+08:00,0.58,synthetic,not_applicable,,team_generated,false,golden
EVID-G010-032,USER-G010,SKILL-032,self_report,40,0.4,0.58,2025-06-26T16:00:00Z,false,AI安全与评测用户自述,1.1.0,synthetic,true,SRC-SYNTH,2026-09-05T00:00:00+08:00,0.58,synthetic,not_applicable,,team_generated,false,golden
EVID-G010-033,USER-G010,SKILL-033,verified_project,80,0.9,0.9,2026-06-08T16:00:00Z,true,Git版本控制项目成果,1.1.0,synthetic,true,SRC-SYNTH,2026-09-05T00:00:00+08:00,0.9,synthetic,not_applicable,,team_generated,false,golden
EVID-G010-034,USER-G010,SKILL-034,course_completion,51,0.7,0.76,2025-12-24T16:00:00Z,true,API设计课程记录,1.1.0,synthetic,true,SRC-SYNTH,2026-09-05T00:00:00+08:00,0.76,synthetic,not_applicable,,team_generated,false,golden
EVID-G010-035,USER-G010,SKILL-035,course_completion,45,0.7,0.76,2025-01-12T16:00:00Z,true,后端服务开发课程记录,1.1.0,synthetic,true,SRC-SYNTH,2026-09-05T00:00:00+08:00,0.76,synthetic,not_applicable,,team_generated,false,golden
EVID-G010-036,USER-G010,SKILL-036,verified_project,86,0.9,0.9,2026-05-23T16:00:00Z,true,Docker容器项目成果,1.1.0,synthetic,true,SRC-SYNTH,2026-09-05T00:00:00+08:00,0.9,synthetic,not_applicable,,team_generated,false,golden
EVID-G010-037,USER-G010,SKILL-037,course_completion,54,0.7,0.76,2025-07-31T16:00:00Z,true,CI/CD课程记录,1.1.0,synthetic,true,SRC-SYNTH,2026-09-05T00:00:00+08:00,0.76,synthetic,not_applicable,,team_generated,false,golden
EVID-G010-038,USER-G010,SKILL-038,self_report,46,0.4,0.58,2024-10-29T16:00:00Z,false,云端部署用户自述,1.1.0,synthetic,true,SRC-SYNTH,2026-09-05T00:00:00+08:00,0.58,synthetic,not_applicable,,team_generated,false,golden
EVID-G010-039,USER-G010,SKILL-039,course_completion,51,0.7,0.76,2025-06-11T16:00:00Z,true,监控与可观测性课程记录,1.1.0,synthetic,true,SRC-SYNTH,2026-09-05T00:00:00+08:00,0.76,synthetic,not_applicable,,team_generated,false,golden
EVID-G010-040,USER-G010,SKILL-040,self_report,40,0.4,0.58,2025-03-17T16:00:00Z,false,数据工程管道用户自述,1.1.0,synthetic,true,SRC-SYNTH,2026-09-05T00:00:00+08:00,0.58,synthetic,not_applicable,,team_generated,false,golden
EVID-G010-041,USER-G010,SKILL-041,course_completion,64,0.7,0.76,2026-02-10T16:00:00Z,true,问题拆解课程记录,1.1.0,synthetic,true,SRC-SYNTH,2026-09-05T00:00:00+08:00,0.76,synthetic,not_applicable,,team_generated,false,golden
EVID-G010-042,USER-G010,SKILL-042,course_completion,47,0.7,0.76,2026-01-17T16:00:00Z,true,系统思维课程记录,1.1.0,synthetic,true,SRC-SYNTH,2026-09-05T00:00:00+08:00,0.76,synthetic,not_applicable,,team_generated,false,golden
EVID-G010-043,USER-G010,SKILL-043,work_sample,64,0.75,0.82,2026-06-19T16:00:00Z,true,需求分析工作样例,1.1.0,synthetic,true,SRC-SYNTH,2026-09-05T00:00:00+08:00,0.82,synthetic,not_applicable,,team_generated,false,golden
EVID-G010-044,USER-G010,SKILL-044,work_sample,70,0.75,0.82,2026-03-06T16:00:00Z,true,用户研究工作样例,1.1.0,synthetic,true,SRC-SYNTH,2026-09-05T00:00:00+08:00,0.82,synthetic,not_applicable,,team_generated,false,golden
EVID-G010-045,USER-G010,SKILL-045,self_report,59,0.4,0.58,2026-06-28T16:00:00Z,false,指标设计用户自述,1.1.0,synthetic,true,SRC-SYNTH,2026-09-05T00:00:00+08:00,0.58,synthetic,not_applicable,,team_generated,false,golden
EVID-G010-046,USER-G010,SKILL-046,course_completion,53,0.7,0.76,2026-01-20T16:00:00Z,true,业务理解课程记录,1.1.0,synthetic,true,SRC-SYNTH,2026-09-05T00:00:00+08:00,0.76,synthetic,not_applicable,,team_generated,false,golden
EVID-G010-047,USER-G010,SKILL-047,course_completion,52,0.7,0.76,2025-09-16T16:00:00Z,true,创新与方案比较课程记录,1.1.0,synthetic,true,SRC-SYNTH,2026-09-05T00:00:00+08:00,0.76,synthetic,not_applicable,,team_generated,false,golden
EVID-G010-048,USER-G010,SKILL-048,self_report,43,0.4,0.58,2025-05-16T16:00:00Z,false,书面沟通用户自述,1.1.0,synthetic,true,SRC-SYNTH,2026-09-05T00:00:00+08:00,0.58,synthetic,not_applicable,,team_generated,false,golden
EVID-G010-049,USER-G010,SKILL-049,assessment,63,1,0.9,2026-06-11T16:00:00Z,true,表达与汇报能力测评,1.1.0,synthetic,true,SRC-SYNTH,2026-09-05T00:00:00+08:00,0.9,synthetic,not_applicable,,team_generated,false,golden
EVID-G010-050,USER-G010,SKILL-050,course_completion,38,0.7,0.76,2025-07-28T16:00:00Z,true,跨岗位沟通课程记录,1.1.0,synthetic,true,SRC-SYNTH,2026-09-05T00:00:00+08:00,0.76,synthetic,not_applicable,,team_generated,false,golden
EVID-G010-051,USER-G010,SKILL-051,self_report,42,0.4,0.58,2026-04-27T16:00:00Z,false,远程协作用户自述,1.1.0,synthetic,true,SRC-SYNTH,2026-09-05T00:00:00+08:00,0.58,synthetic,not_applicable,,team_generated,false,golden
EVID-G010-052,USER-G010,SKILL-052,course_completion,60,0.7,0.76,2026-02-18T16:00:00Z,true,团队协作课程记录,1.1.0,synthetic,true,SRC-SYNTH,2026-09-05T00:00:00+08:00,0.76,synthetic,not_applicable,,team_generated,false,golden
EVID-G010-053,USER-G010,SKILL-053,course_completion,60,0.7,0.76,2026-07-16T16:00:00Z,true,时间管理课程记录,1.1.0,synthetic,true,SRC-SYNTH,2026-09-05T00:00:00+08:00,0.76,synthetic,not_applicable,,team_generated,false,golden
EVID-G010-054,USER-G010,SKILL-054,verified_project,81,0.9,0.9,2026-08-25T16:00:00Z,true,职业伦理与隐私项目成果,1.1.0,synthetic,true,SRC-SYNTH,2026-09-05T00:00:00+08:00,0.9,synthetic,not_applicable,,team_generated,false,golden
EVID-G010-055,USER-G010,SKILL-055,course_completion,34,0.7,0.76,2025-01-06T16:00:00Z,true,自主学习课程记录,1.1.0,synthetic,true,SRC-SYNTH,2026-09-05T00:00:00+08:00,0.76,synthetic,not_applicable,,team_generated,false,golden
EVID-G010-056,USER-G010,SKILL-056,self_report,37,0.4,0.58,2025-04-15T16:00:00Z,false,知识管理用户自述,1.1.0,synthetic,true,SRC-SYNTH,2026-09-05T00:00:00+08:00,0.58,synthetic,not_applicable,,team_generated,false,golden
EVID-G010-057,USER-G010,SKILL-057,self_report,35,0.4,0.58,2024-11-13T16:00:00Z,false,项目规划用户自述,1.1.0,synthetic,true,SRC-SYNTH,2026-09-05T00:00:00+08:00,0.58,synthetic,not_applicable,,team_generated,false,golden
EVID-G010-058,USER-G010,SKILL-058,self_report,39,0.4,0.58,2025-05-16T16:00:00Z,false,项目交付用户自述,1.1.0,synthetic,true,SRC-SYNTH,2026-09-05T00:00:00+08:00,0.58,synthetic,not_applicable,,team_generated,false,golden
EVID-G010-059,USER-G010,SKILL-059,self_report,43,0.4,0.58,2026-03-05T16:00:00Z,false,复盘与反馈用户自述,1.1.0,synthetic,true,SRC-SYNTH,2026-09-05T00:00:00+08:00,0.58,synthetic,not_applicable,,team_generated,false,golden
EVID-G010-060,USER-G010,SKILL-060,self_report,44,0.4,0.58,2025-06-25T16:00:00Z,false,职业探索用户自述,1.1.0,synthetic,true,SRC-SYNTH,2026-09-05T00:00:00+08:00,0.58,synthetic,not_applicable,,team_generated,false,golden
EVID-G011-001,USER-G011,SKILL-001,self_report,41,0.4,0.58,2026-05-17T16:00:00Z,false,Python编程用户自述,1.1.0,synthetic,true,SRC-SYNTH,2026-09-05T00:00:00+08:00,0.58,synthetic,not_applicable,,team_generated,false,golden
EVID-G011-002,USER-G011,SKILL-002,course_completion,57,0.7,0.76,2026-03-16T16:00:00Z,true,数据结构与算法课程记录,1.1.0,synthetic,true,SRC-SYNTH,2026-09-05T00:00:00+08:00,0.76,synthetic,not_applicable,,team_generated,false,golden
EVID-G011-003,USER-G011,SKILL-003,assessment,61,1,0.9,2026-03-06T16:00:00Z,true,面向对象设计能力测评,1.1.0,synthetic,true,SRC-SYNTH,2026-09-05T00:00:00+08:00,0.9,synthetic,not_applicable,,team_generated,false,golden
EVID-G011-004,USER-G011,SKILL-004,course_completion,41,0.7,0.76,2025-03-14T16:00:00Z,true,计算机系统基础课程记录,1.1.0,synthetic,true,SRC-SYNTH,2026-09-05T00:00:00+08:00,0.76,synthetic,not_applicable,,team_generated,false,golden
EVID-G011-005,USER-G011,SKILL-005,self_report,34,0.4,0.58,2025-05-16T16:00:00Z,false,计算机网络用户自述,1.1.0,synthetic,true,SRC-SYNTH,2026-09-05T00:00:00+08:00,0.58,synthetic,not_applicable,,team_generated,false,golden
EVID-G011-006,USER-G011,SKILL-006,course_completion,38,0.7,0.76,2026-01-23T16:00:00Z,true,Linux使用课程记录,1.1.0,synthetic,true,SRC-SYNTH,2026-09-05T00:00:00+08:00,0.76,synthetic,not_applicable,,team_generated,false,golden
EVID-G011-007,USER-G011,SKILL-007,assessment,63,1,0.9,2026-08-20T16:00:00Z,true,软件工程能力测评,1.1.0,synthetic,true,SRC-SYNTH,2026-09-05T00:00:00+08:00,0.9,synthetic,not_applicable,,team_generated,false,golden
EVID-G011-008,USER-G011,SKILL-008,self_report,57,0.4,0.58,2026-04-18T16:00:00Z,false,测试与调试用户自述,1.1.0,synthetic,true,SRC-SYNTH,2026-09-05T00:00:00+08:00,0.58,synthetic,not_applicable,,team_generated,false,golden
EVID-G011-009,USER-G011,SKILL-009,assessment,83,1,0.9,2026-06-16T16:00:00Z,true,SQL能力测评,1.1.0,synthetic,true,SRC-SYNTH,2026-09-05T00:00:00+08:00,0.9,synthetic,not_applicable,,team_generated,false,golden
EVID-G011-010,USER-G011,SKILL-010,assessment,78,1,0.9,2026-08-22T16:00:00Z,true,数据清洗能力测评,1.1.0,synthetic,true,SRC-SYNTH,2026-09-05T00:00:00+08:00,0.9,synthetic,not_applicable,,team_generated,false,golden
EVID-G011-011,USER-G011,SKILL-011,course_completion,72,0.7,0.76,2026-05-23T16:00:00Z,true,统计学基础课程记录,1.1.0,synthetic,true,SRC-SYNTH,2026-09-05T00:00:00+08:00,0.76,synthetic,not_applicable,,team_generated,false,golden
EVID-G011-012,USER-G011,SKILL-012,course_completion,64,0.7,0.76,2026-08-17T16:00:00Z,true,探索性数据分析课程记录,1.1.0,synthetic,true,SRC-SYNTH,2026-09-05T00:00:00+08:00,0.76,synthetic,not_applicable,,team_generated,false,golden
EVID-G011-013,USER-G011,SKILL-013,course_completion,66,0.7,0.76,2026-08-11T16:00:00Z,true,数据可视化课程记录,1.1.0,synthetic,true,SRC-SYNTH,2026-09-05T00:00:00+08:00,0.76,synthetic,not_applicable,,team_generated,false,golden
EVID-G011-014,USER-G011,SKILL-014,course_completion,72,0.7,0.76,2026-06-07T16:00:00Z,true,Excel与BI工具课程记录,1.1.0,synthetic,true,SRC-SYNTH,2026-09-05T00:00:00+08:00,0.76,synthetic,not_applicable,,team_generated,false,golden
EVID-G011-015,USER-G011,SKILL-015,work_sample,76,0.75,0.82,2026-08-16T16:00:00Z,true,数据建模工作样例,1.1.0,synthetic,true,SRC-SYNTH,2026-09-05T00:00:00+08:00,0.82,synthetic,not_applicable,,team_generated,false,golden
EVID-G011-016,USER-G011,SKILL-016,course_completion,72,0.7,0.76,2026-07-14T16:00:00Z,true,实验与A/B测试课程记录,1.1.0,synthetic,true,SRC-SYNTH,2026-09-05T00:00:00+08:00,0.76,synthetic,not_applicable,,team_generated,false,golden
EVID-G011-017,USER-G011,SKILL-017,self_report,35,0.4,0.58,2025-09-18T16:00:00Z,false,线性代数用户自述,1.1.0,synthetic,true,SRC-SYNTH,2026-09-05T00:00:00+08:00,0.58,synthetic,not_applicable,,team_generated,false,golden
EVID-G011-018,USER-G011,SKILL-018,course_completion,58,0.7,0.76,2025-12-21T16:00:00Z,true,微积分与优化课程记录,1.1.0,synthetic,true,SRC-SYNTH,2026-09-05T00:00:00+08:00,0.76,synthetic,not_applicable,,team_generated,false,golden
EVID-G011-019,USER-G011,SKILL-019,course_completion,52,0.7,0.76,2025-10-08T16:00:00Z,true,机器学习课程记录,1.1.0,synthetic,true,SRC-SYNTH,2026-09-05T00:00:00+08:00,0.76,synthetic,not_applicable,,team_generated,false,golden
EVID-G011-020,USER-G011,SKILL-020,self_report,53,0.4,0.58,2025-02-25T16:00:00Z,false,特征工程用户自述,1.1.0,synthetic,true,SRC-SYNTH,2026-09-05T00:00:00+08:00,0.58,synthetic,not_applicable,,team_generated,false,golden
EVID-G011-021,USER-G011,SKILL-021,assessment,65,1,0.9,2026-02-25T16:00:00Z,true,模型评估能力测评,1.1.0,synthetic,true,SRC-SYNTH,2026-09-05T00:00:00+08:00,0.9,synthetic,not_applicable,,team_generated,false,golden
EVID-G011-022,USER-G011,SKILL-022,course_completion,36,0.7,0.76,2025-02-13T16:00:00Z,true,深度学习课程记录,1.1.0,synthetic,true,SRC-SYNTH,2026-09-05T00:00:00+08:00,0.76,synthetic,not_applicable,,team_generated,false,golden
EVID-G011-023,USER-G011,SKILL-023,self_report,48,0.4,0.58,2026-02-26T16:00:00Z,false,自然语言处理用户自述,1.1.0,synthetic,true,SRC-SYNTH,2026-09-05T00:00:00+08:00,0.58,synthetic,not_applicable,,team_generated,false,golden
EVID-G011-024,USER-G011,SKILL-024,course_completion,46,0.7,0.76,2024-10-15T16:00:00Z,true,模型调优课程记录,1.1.0,synthetic,true,SRC-SYNTH,2026-09-05T00:00:00+08:00,0.76,synthetic,not_applicable,,team_generated,false,golden
EVID-G011-025,USER-G011,SKILL-025,work_sample,64,0.75,0.82,2026-03-15T16:00:00Z,true,大模型基础工作样例,1.1.0,synthetic,true,SRC-SYNTH,2026-09-05T00:00:00+08:00,0.82,synthetic,not_applicable,,team_generated,false,golden
EVID-G011-026,USER-G011,SKILL-026,assessment,61,1,0.9,2026-02-15T16:00:00Z,true,提示词设计能力测评,1.1.0,synthetic,true,SRC-SYNTH,2026-09-05T00:00:00+08:00,0.9,synthetic,not_applicable,,team_generated,false,golden
EVID-G011-027,USER-G011,SKILL-027,course_completion,69,0.7,0.76,2026-03-22T16:00:00Z,true,RAG应用课程记录,1.1.0,synthetic,true,SRC-SYNTH,2026-09-05T00:00:00+08:00,0.76,synthetic,not_applicable,,team_generated,false,golden
EVID-G011-028,USER-G011,SKILL-028,work_sample,65,0.75,0.82,2026-01-26T16:00:00Z,true,向量数据库工作样例,1.1.0,synthetic,true,SRC-SYNTH,2026-09-05T00:00:00+08:00,0.82,synthetic,not_applicable,,team_generated,false,golden
EVID-G011-029,USER-G011,SKILL-029,assessment,66,1,0.9,2026-07-09T16:00:00Z,true,智能体开发能力测评,1.1.0,synthetic,true,SRC-SYNTH,2026-09-05T00:00:00+08:00,0.9,synthetic,not_applicable,,team_generated,false,golden
EVID-G011-030,USER-G011,SKILL-030,self_report,53,0.4,0.58,2026-02-14T16:00:00Z,false,MCP与工具调用用户自述,1.1.0,synthetic,true,SRC-SYNTH,2026-09-05T00:00:00+08:00,0.58,synthetic,not_applicable,,team_generated,false,golden
EVID-G011-031,USER-G011,SKILL-031,course_completion,47,0.7,0.76,2024-11-21T16:00:00Z,true,模型微调课程记录,1.1.0,synthetic,true,SRC-SYNTH,2026-09-05T00:00:00+08:00,0.76,synthetic,not_applicable,,team_generated,false,golden
EVID-G011-032,USER-G011,SKILL-032,self_report,54,0.4,0.58,2025-11-05T16:00:00Z,false,AI安全与评测用户自述,1.1.0,synthetic,true,SRC-SYNTH,2026-09-05T00:00:00+08:00,0.58,synthetic,not_applicable,,team_generated,false,golden
EVID-G011-033,USER-G011,SKILL-033,course_completion,36,0.7,0.76,2025-10-15T16:00:00Z,true,Git版本控制课程记录,1.1.0,synthetic,true,SRC-SYNTH,2026-09-05T00:00:00+08:00,0.76,synthetic,not_applicable,,team_generated,false,golden
EVID-G011-034,USER-G011,SKILL-034,course_completion,69,0.7,0.76,2026-05-29T16:00:00Z,true,API设计课程记录,1.1.0,synthetic,true,SRC-SYNTH,2026-09-05T00:00:00+08:00,0.76,synthetic,not_applicable,,team_generated,false,golden
EVID-G011-035,USER-G011,SKILL-035,assessment,62,1,0.9,2026-07-20T16:00:00Z,true,后端服务开发能力测评,1.1.0,synthetic,true,SRC-SYNTH,2026-09-05T00:00:00+08:00,0.9,synthetic,not_applicable,,team_generated,false,golden
EVID-G011-036,USER-G011,SKILL-036,course_completion,71,0.7,0.76,2026-02-12T16:00:00Z,true,Docker容器课程记录,1.1.0,synthetic,true,SRC-SYNTH,2026-09-05T00:00:00+08:00,0.76,synthetic,not_applicable,,team_generated,false,golden
EVID-G011-037,USER-G011,SKILL-037,self_report,46,0.4,0.58,2025-06-02T16:00:00Z,false,CI/CD用户自述,1.1.0,synthetic,true,SRC-SYNTH,2026-09-05T00:00:00+08:00,0.58,synthetic,not_applicable,,team_generated,false,golden
EVID-G011-038,USER-G011,SKILL-038,course_completion,56,0.7,0.76,2026-06-08T16:00:00Z,true,云端部署课程记录,1.1.0,synthetic,true,SRC-SYNTH,2026-09-05T00:00:00+08:00,0.76,synthetic,not_applicable,,team_generated,false,golden
EVID-G011-039,USER-G011,SKILL-039,work_sample,71,0.75,0.82,2026-06-24T16:00:00Z,true,监控与可观测性工作样例,1.1.0,synthetic,true,SRC-SYNTH,2026-09-05T00:00:00+08:00,0.82,synthetic,not_applicable,,team_generated,false,golden
EVID-G011-040,USER-G011,SKILL-040,course_completion,38,0.7,0.76,2026-04-14T16:00:00Z,true,数据工程管道课程记录,1.1.0,synthetic,true,SRC-SYNTH,2026-09-05T00:00:00+08:00,0.76,synthetic,not_applicable,,team_generated,false,golden
EVID-G011-041,USER-G011,SKILL-041,work_sample,63,0.75,0.82,2026-04-24T16:00:00Z,true,问题拆解工作样例,1.1.0,synthetic,true,SRC-SYNTH,2026-09-05T00:00:00+08:00,0.82,synthetic,not_applicable,,team_generated,false,golden
EVID-G011-042,USER-G011,SKILL-042,work_sample,68,0.75,0.82,2026-03-16T16:00:00Z,true,系统思维工作样例,1.1.0,synthetic,true,SRC-SYNTH,2026-09-05T00:00:00+08:00,0.82,synthetic,not_applicable,,team_generated,false,golden
EVID-G011-043,USER-G011,SKILL-043,work_sample,70,0.75,0.82,2026-04-05T16:00:00Z,true,需求分析工作样例,1.1.0,synthetic,true,SRC-SYNTH,2026-09-05T00:00:00+08:00,0.82,synthetic,not_applicable,,team_generated,false,golden
EVID-G011-044,USER-G011,SKILL-044,self_report,54,0.4,0.58,2025-06-24T16:00:00Z,false,用户研究用户自述,1.1.0,synthetic,true,SRC-SYNTH,2026-09-05T00:00:00+08:00,0.58,synthetic,not_applicable,,team_generated,false,golden
EVID-G011-045,USER-G011,SKILL-045,assessment,86,1,0.9,2026-06-20T16:00:00Z,true,指标设计能力测评,1.1.0,synthetic,true,SRC-SYNTH,2026-09-05T00:00:00+08:00,0.9,synthetic,not_applicable,,team_generated,false,golden
EVID-G011-046,USER-G011,SKILL-046,assessment,84,1,0.9,2026-08-04T16:00:00Z,true,业务理解能力测评,1.1.0,synthetic,true,SRC-SYNTH,2026-09-05T00:00:00+08:00,0.9,synthetic,not_applicable,,team_generated,false,golden
EVID-G011-047,USER-G011,SKILL-047,course_completion,51,0.7,0.76,2025-08-19T16:00:00Z,true,创新与方案比较课程记录,1.1.0,synthetic,true,SRC-SYNTH,2026-09-05T00:00:00+08:00,0.76,synthetic,not_applicable,,team_generated,false,golden
EVID-G011-048,USER-G011,SKILL-048,course_completion,54,0.7,0.76,2025-02-01T16:00:00Z,true,书面沟通课程记录,1.1.0,synthetic,true,SRC-SYNTH,2026-09-05T00:00:00+08:00,0.76,synthetic,not_applicable,,team_generated,false,golden
EVID-G011-049,USER-G011,SKILL-049,assessment,90,1,0.9,2026-05-19T16:00:00Z,true,表达与汇报能力测评,1.1.0,synthetic,true,SRC-SYNTH,2026-09-05T00:00:00+08:00,0.9,synthetic,not_applicable,,team_generated,false,golden
EVID-G011-050,USER-G011,SKILL-050,work_sample,67,0.75,0.82,2026-08-01T16:00:00Z,true,跨岗位沟通工作样例,1.1.0,synthetic,true,SRC-SYNTH,2026-09-05T00:00:00+08:00,0.82,synthetic,not_applicable,,team_generated,false,golden
EVID-G011-051,USER-G011,SKILL-051,course_completion,63,0.7,0.76,2026-08-12T16:00:00Z,true,远程协作课程记录,1.1.0,synthetic,true,SRC-SYNTH,2026-09-05T00:00:00+08:00,0.76,synthetic,not_applicable,,team_generated,false,golden
EVID-G011-052,USER-G011,SKILL-052,work_sample,62,0.75,0.82,2026-04-16T16:00:00Z,true,团队协作工作样例,1.1.0,synthetic,true,SRC-SYNTH,2026-09-05T00:00:00+08:00,0.82,synthetic,not_applicable,,team_generated,false,golden
EVID-G011-053,USER-G011,SKILL-053,self_report,48,0.4,0.58,2025-08-06T16:00:00Z,false,时间管理用户自述,1.1.0,synthetic,true,SRC-SYNTH,2026-09-05T00:00:00+08:00,0.58,synthetic,not_applicable,,team_generated,false,golden
EVID-G011-054,USER-G011,SKILL-054,course_completion,54,0.7,0.76,2024-12-03T16:00:00Z,true,职业伦理与隐私课程记录,1.1.0,synthetic,true,SRC-SYNTH,2026-09-05T00:00:00+08:00,0.76,synthetic,not_applicable,,team_generated,false,golden
EVID-G011-055,USER-G011,SKILL-055,course_completion,35,0.7,0.76,2025-07-12T16:00:00Z,true,自主学习课程记录,1.1.0,synthetic,true,SRC-SYNTH,2026-09-05T00:00:00+08:00,0.76,synthetic,not_applicable,,team_generated,false,golden
EVID-G011-056,USER-G011,SKILL-056,course_completion,55,0.7,0.76,2026-02-01T16:00:00Z,true,知识管理课程记录,1.1.0,synthetic,true,SRC-SYNTH,2026-09-05T00:00:00+08:00,0.76,synthetic,not_applicable,,team_generated,false,golden
EVID-G011-057,USER-G011,SKILL-057,work_sample,60,0.75,0.82,2026-02-23T16:00:00Z,true,项目规划工作样例,1.1.0,synthetic,true,SRC-SYNTH,2026-09-05T00:00:00+08:00,0.82,synthetic,not_applicable,,team_generated,false,golden
EVID-G011-058,USER-G011,SKILL-058,assessment,63,1,0.9,2026-04-12T16:00:00Z,true,项目交付能力测评,1.1.0,synthetic,true,SRC-SYNTH,2026-09-05T00:00:00+08:00,0.9,synthetic,not_applicable,,team_generated,false,golden
EVID-G011-059,USER-G011,SKILL-059,course_completion,40,0.7,0.76,2026-07-28T16:00:00Z,true,复盘与反馈课程记录,1.1.0,synthetic,true,SRC-SYNTH,2026-09-05T00:00:00+08:00,0.76,synthetic,not_applicable,,team_generated,false,golden
EVID-G011-060,USER-G011,SKILL-060,self_report,44,0.4,0.58,2025-11-16T16:00:00Z,false,职业探索用户自述,1.1.0,synthetic,true,SRC-SYNTH,2026-09-05T00:00:00+08:00,0.58,synthetic,not_applicable,,team_generated,false,golden
EVID-G012-001,USER-G012,SKILL-001,self_report,56,0.4,0.58,2026-05-20T16:00:00Z,false,Python编程用户自述,1.1.0,synthetic,true,SRC-SYNTH,2026-09-05T00:00:00+08:00,0.58,synthetic,not_applicable,,team_generated,false,golden
EVID-G012-002,USER-G012,SKILL-002,course_completion,73,0.7,0.76,2026-07-09T16:00:00Z,true,数据结构与算法课程记录,1.1.0,synthetic,true,SRC-SYNTH,2026-09-05T00:00:00+08:00,0.76,synthetic,not_applicable,,team_generated,false,golden
EVID-G012-003,USER-G012,SKILL-003,self_report,55,0.4,0.58,2026-05-11T16:00:00Z,false,面向对象设计用户自述,1.1.0,synthetic,true,SRC-SYNTH,2026-09-05T00:00:00+08:00,0.58,synthetic,not_applicable,,team_generated,false,golden
EVID-G012-004,USER-G012,SKILL-004,self_report,59,0.4,0.58,2026-03-01T16:00:00Z,false,计算机系统基础用户自述,1.1.0,synthetic,true,SRC-SYNTH,2026-09-05T00:00:00+08:00,0.58,synthetic,not_applicable,,team_generated,false,golden
EVID-G012-005,USER-G012,SKILL-005,self_report,45,0.4,0.58,2024-11-16T16:00:00Z,false,计算机网络用户自述,1.1.0,synthetic,true,SRC-SYNTH,2026-09-05T00:00:00+08:00,0.58,synthetic,not_applicable,,team_generated,false,golden
EVID-G012-006,USER-G012,SKILL-006,assessment,82,1,0.9,2026-06-02T16:00:00Z,true,Linux使用能力测评,1.1.0,synthetic,true,SRC-SYNTH,2026-09-05T00:00:00+08:00,0.9,synthetic,not_applicable,,team_generated,false,golden
EVID-G012-007,USER-G012,SKILL-007,course_completion,50,0.7,0.76,2025-03-13T16:00:00Z,true,软件工程课程记录,1.1.0,synthetic,true,SRC-SYNTH,2026-09-05T00:00:00+08:00,0.76,synthetic,not_applicable,,team_generated,false,golden
EVID-G012-008,USER-G012,SKILL-008,assessment,60,1,0.9,2026-03-19T16:00:00Z,true,测试与调试能力测评,1.1.0,synthetic,true,SRC-SYNTH,2026-09-05T00:00:00+08:00,0.9,synthetic,not_applicable,,team_generated,false,golden
EVID-G012-009,USER-G012,SKILL-009,verified_project,82,0.9,0.9,2026-07-02T16:00:00Z,true,SQL项目成果,1.1.0,synthetic,true,SRC-SYNTH,2026-09-05T00:00:00+08:00,0.9,synthetic,not_applicable,,team_generated,false,golden
EVID-G012-010,USER-G012,SKILL-010,work_sample,77,0.75,0.82,2026-06-10T16:00:00Z,true,数据清洗工作样例,1.1.0,synthetic,true,SRC-SYNTH,2026-09-05T00:00:00+08:00,0.82,synthetic,not_applicable,,team_generated,false,golden
EVID-G012-011,USER-G012,SKILL-011,course_completion,65,0.7,0.76,2026-04-29T16:00:00Z,true,统计学基础课程记录,1.1.0,synthetic,true,SRC-SYNTH,2026-09-05T00:00:00+08:00,0.76,synthetic,not_applicable,,team_generated,false,golden
EVID-G012-012,USER-G012,SKILL-012,self_report,43,0.4,0.58,2025-06-09T16:00:00Z,false,探索性数据分析用户自述,1.1.0,synthetic,true,SRC-SYNTH,2026-09-05T00:00:00+08:00,0.58,synthetic,not_applicable,,team_generated,false,golden
EVID-G012-013,USER-G012,SKILL-013,course_completion,70,0.7,0.76,2026-07-28T16:00:00Z,true,数据可视化课程记录,1.1.0,synthetic,true,SRC-SYNTH,2026-09-05T00:00:00+08:00,0.76,synthetic,not_applicable,,team_generated,false,golden
EVID-G012-014,USER-G012,SKILL-014,course_completion,54,0.7,0.76,2025-02-23T16:00:00Z,true,Excel与BI工具课程记录,1.1.0,synthetic,true,SRC-SYNTH,2026-09-05T00:00:00+08:00,0.76,synthetic,not_applicable,,team_generated,false,golden
EVID-G012-015,USER-G012,SKILL-015,self_report,43,0.4,0.58,2026-05-22T16:00:00Z,false,数据建模用户自述,1.1.0,synthetic,true,SRC-SYNTH,2026-09-05T00:00:00+08:00,0.58,synthetic,not_applicable,,team_generated,false,golden
EVID-G012-016,USER-G012,SKILL-016,self_report,52,0.4,0.58,2025-06-20T16:00:00Z,false,实验与A/B测试用户自述,1.1.0,synthetic,true,SRC-SYNTH,2026-09-05T00:00:00+08:00,0.58,synthetic,not_applicable,,team_generated,false,golden
EVID-G012-017,USER-G012,SKILL-017,self_report,47,0.4,0.58,2025-09-12T16:00:00Z,false,线性代数用户自述,1.1.0,synthetic,true,SRC-SYNTH,2026-09-05T00:00:00+08:00,0.58,synthetic,not_applicable,,team_generated,false,golden
EVID-G012-018,USER-G012,SKILL-018,work_sample,69,0.75,0.82,2026-08-25T16:00:00Z,true,微积分与优化工作样例,1.1.0,synthetic,true,SRC-SYNTH,2026-09-05T00:00:00+08:00,0.82,synthetic,not_applicable,,team_generated,false,golden
EVID-G012-019,USER-G012,SKILL-019,self_report,42,0.4,0.58,2025-08-25T16:00:00Z,false,机器学习用户自述,1.1.0,synthetic,true,SRC-SYNTH,2026-09-05T00:00:00+08:00,0.58,synthetic,not_applicable,,team_generated,false,golden
EVID-G012-020,USER-G012,SKILL-020,work_sample,61,0.75,0.82,2026-01-30T16:00:00Z,true,特征工程工作样例,1.1.0,synthetic,true,SRC-SYNTH,2026-09-05T00:00:00+08:00,0.82,synthetic,not_applicable,,team_generated,false,golden
EVID-G012-021,USER-G012,SKILL-021,course_completion,50,0.7,0.76,2025-11-09T16:00:00Z,true,模型评估课程记录,1.1.0,synthetic,true,SRC-SYNTH,2026-09-05T00:00:00+08:00,0.76,synthetic,not_applicable,,team_generated,false,golden
EVID-G012-022,USER-G012,SKILL-022,self_report,42,0.4,0.58,2024-12-09T16:00:00Z,false,深度学习用户自述,1.1.0,synthetic,true,SRC-SYNTH,2026-09-05T00:00:00+08:00,0.58,synthetic,not_applicable,,team_generated,false,golden
EVID-G012-023,USER-G012,SKILL-023,self_report,52,0.4,0.58,2025-03-22T16:00:00Z,false,自然语言处理用户自述,1.1.0,synthetic,true,SRC-SYNTH,2026-09-05T00:00:00+08:00,0.58,synthetic,not_applicable,,team_generated,false,golden
EVID-G012-024,USER-G012,SKILL-024,self_report,42,0.4,0.58,2026-07-22T16:00:00Z,false,模型调优用户自述,1.1.0,synthetic,true,SRC-SYNTH,2026-09-05T00:00:00+08:00,0.58,synthetic,not_applicable,,team_generated,false,golden
EVID-G012-025,USER-G012,SKILL-025,assessment,62,1,0.9,2026-03-19T16:00:00Z,true,大模型基础能力测评,1.1.0,synthetic,true,SRC-SYNTH,2026-09-05T00:00:00+08:00,0.9,synthetic,not_applicable,,team_generated,false,golden
EVID-G012-026,USER-G012,SKILL-026,course_completion,47,0.7,0.76,2026-08-14T16:00:00Z,true,提示词设计课程记录,1.1.0,synthetic,true,SRC-SYNTH,2026-09-05T00:00:00+08:00,0.76,synthetic,not_applicable,,team_generated,false,golden
EVID-G012-027,USER-G012,SKILL-027,course_completion,41,0.7,0.76,2026-01-27T16:00:00Z,true,RAG应用课程记录,1.1.0,synthetic,true,SRC-SYNTH,2026-09-05T00:00:00+08:00,0.76,synthetic,not_applicable,,team_generated,false,golden
EVID-G012-028,USER-G012,SKILL-028,course_completion,44,0.7,0.76,2026-04-26T16:00:00Z,true,向量数据库课程记录,1.1.0,synthetic,true,SRC-SYNTH,2026-09-05T00:00:00+08:00,0.76,synthetic,not_applicable,,team_generated,false,golden
EVID-G012-029,USER-G012,SKILL-029,assessment,64,1,0.9,2026-03-29T16:00:00Z,true,智能体开发能力测评,1.1.0,synthetic,true,SRC-SYNTH,2026-09-05T00:00:00+08:00,0.9,synthetic,not_applicable,,team_generated,false,golden
EVID-G012-030,USER-G012,SKILL-030,course_completion,48,0.7,0.76,2025-03-26T16:00:00Z,true,MCP与工具调用课程记录,1.1.0,synthetic,true,SRC-SYNTH,2026-09-05T00:00:00+08:00,0.76,synthetic,not_applicable,,team_generated,false,golden
EVID-G012-031,USER-G012,SKILL-031,course_completion,50,0.7,0.76,2026-04-28T16:00:00Z,true,模型微调课程记录,1.1.0,synthetic,true,SRC-SYNTH,2026-09-05T00:00:00+08:00,0.76,synthetic,not_applicable,,team_generated,false,golden
EVID-G012-032,USER-G012,SKILL-032,course_completion,55,0.7,0.76,2026-03-06T16:00:00Z,true,AI安全与评测课程记录,1.1.0,synthetic,true,SRC-SYNTH,2026-09-05T00:00:00+08:00,0.76,synthetic,not_applicable,,team_generated,false,golden
EVID-G012-033,USER-G012,SKILL-033,course_completion,54,0.7,0.76,2024-11-16T16:00:00Z,true,Git版本控制课程记录,1.1.0,synthetic,true,SRC-SYNTH,2026-09-05T00:00:00+08:00,0.76,synthetic,not_applicable,,team_generated,false,golden
EVID-G012-034,USER-G012,SKILL-034,assessment,66,1,0.9,2026-03-11T16:00:00Z,true,API设计能力测评,1.1.0,synthetic,true,SRC-SYNTH,2026-09-05T00:00:00+08:00,0.9,synthetic,not_applicable,,team_generated,false,golden
EVID-G012-035,USER-G012,SKILL-035,assessment,66,1,0.9,2026-06-15T16:00:00Z,true,后端服务开发能力测评,1.1.0,synthetic,true,SRC-SYNTH,2026-09-05T00:00:00+08:00,0.9,synthetic,not_applicable,,team_generated,false,golden
EVID-G012-036,USER-G012,SKILL-036,work_sample,73,0.75,0.82,2026-01-13T16:00:00Z,true,Docker容器工作样例,1.1.0,synthetic,true,SRC-SYNTH,2026-09-05T00:00:00+08:00,0.82,synthetic,not_applicable,,team_generated,false,golden
EVID-G012-037,USER-G012,SKILL-037,assessment,64,1,0.9,2025-12-10T16:00:00Z,true,CI/CD能力测评,1.1.0,synthetic,true,SRC-SYNTH,2026-09-05T00:00:00+08:00,0.9,synthetic,not_applicable,,team_generated,false,golden
EVID-G012-038,USER-G012,SKILL-038,course_completion,53,0.7,0.76,2025-01-02T16:00:00Z,true,云端部署课程记录,1.1.0,synthetic,true,SRC-SYNTH,2026-09-05T00:00:00+08:00,0.76,synthetic,not_applicable,,team_generated,false,golden
EVID-G012-039,USER-G012,SKILL-039,self_report,46,0.4,0.58,2025-08-15T16:00:00Z,false,监控与可观测性用户自述,1.1.0,synthetic,true,SRC-SYNTH,2026-09-05T00:00:00+08:00,0.58,synthetic,not_applicable,,team_generated,false,golden
EVID-G012-040,USER-G012,SKILL-040,verified_project,90,0.9,0.9,2026-07-13T16:00:00Z,true,数据工程管道项目成果,1.1.0,synthetic,true,SRC-SYNTH,2026-09-05T00:00:00+08:00,0.9,synthetic,not_applicable,,team_generated,false,golden
EVID-G012-041,USER-G012,SKILL-041,course_completion,52,0.7,0.76,2025-08-24T16:00:00Z,true,问题拆解课程记录,1.1.0,synthetic,true,SRC-SYNTH,2026-09-05T00:00:00+08:00,0.76,synthetic,not_applicable,,team_generated,false,golden
EVID-G012-042,USER-G012,SKILL-042,course_completion,70,0.7,0.76,2026-07-25T16:00:00Z,true,系统思维课程记录,1.1.0,synthetic,true,SRC-SYNTH,2026-09-05T00:00:00+08:00,0.76,synthetic,not_applicable,,team_generated,false,golden
EVID-G012-043,USER-G012,SKILL-043,course_completion,62,0.7,0.76,2026-04-27T16:00:00Z,true,需求分析课程记录,1.1.0,synthetic,true,SRC-SYNTH,2026-09-05T00:00:00+08:00,0.76,synthetic,not_applicable,,team_generated,false,golden
EVID-G012-044,USER-G012,SKILL-044,course_completion,57,0.7,0.76,2026-02-14T16:00:00Z,true,用户研究课程记录,1.1.0,synthetic,true,SRC-SYNTH,2026-09-05T00:00:00+08:00,0.76,synthetic,not_applicable,,team_generated,false,golden
EVID-G012-045,USER-G012,SKILL-045,work_sample,69,0.75,0.82,2025-12-23T16:00:00Z,true,指标设计工作样例,1.1.0,synthetic,true,SRC-SYNTH,2026-09-05T00:00:00+08:00,0.82,synthetic,not_applicable,,team_generated,false,golden
EVID-G012-046,USER-G012,SKILL-046,work_sample,61,0.75,0.82,2026-05-21T16:00:00Z,true,业务理解工作样例,1.1.0,synthetic,true,SRC-SYNTH,2026-09-05T00:00:00+08:00,0.82,synthetic,not_applicable,,team_generated,false,golden
EVID-G012-047,USER-G012,SKILL-047,course_completion,50,0.7,0.76,2025-06-30T16:00:00Z,true,创新与方案比较课程记录,1.1.0,synthetic,true,SRC-SYNTH,2026-09-05T00:00:00+08:00,0.76,synthetic,not_applicable,,team_generated,false,golden
EVID-G012-048,USER-G012,SKILL-048,verified_project,87,0.9,0.9,2026-07-25T16:00:00Z,true,书面沟通项目成果,1.1.0,synthetic,true,SRC-SYNTH,2026-09-05T00:00:00+08:00,0.9,synthetic,not_applicable,,team_generated,false,golden
EVID-G012-049,USER-G012,SKILL-049,work_sample,70,0.75,0.82,2026-06-16T16:00:00Z,true,表达与汇报工作样例,1.1.0,synthetic,true,SRC-SYNTH,2026-09-05T00:00:00+08:00,0.82,synthetic,not_applicable,,team_generated,false,golden
EVID-G012-050,USER-G012,SKILL-050,self_report,50,0.4,0.58,2026-01-30T16:00:00Z,false,跨岗位沟通用户自述,1.1.0,synthetic,true,SRC-SYNTH,2026-09-05T00:00:00+08:00,0.58,synthetic,not_applicable,,team_generated,false,golden
EVID-G012-051,USER-G012,SKILL-051,assessment,70,1,0.9,2025-12-30T16:00:00Z,true,远程协作能力测评,1.1.0,synthetic,true,SRC-SYNTH,2026-09-05T00:00:00+08:00,0.9,synthetic,not_applicable,,team_generated,false,golden
EVID-G012-052,USER-G012,SKILL-052,self_report,56,0.4,0.58,2026-01-22T16:00:00Z,false,团队协作用户自述,1.1.0,synthetic,true,SRC-SYNTH,2026-09-05T00:00:00+08:00,0.58,synthetic,not_applicable,,team_generated,false,golden
EVID-G012-053,USER-G012,SKILL-053,self_report,43,0.4,0.58,2025-12-09T16:00:00Z,false,时间管理用户自述,1.1.0,synthetic,true,SRC-SYNTH,2026-09-05T00:00:00+08:00,0.58,synthetic,not_applicable,,team_generated,false,golden
EVID-G012-054,USER-G012,SKILL-054,assessment,79,1,0.9,2026-06-19T16:00:00Z,true,职业伦理与隐私能力测评,1.1.0,synthetic,true,SRC-SYNTH,2026-09-05T00:00:00+08:00,0.9,synthetic,not_applicable,,team_generated,false,golden
EVID-G012-055,USER-G012,SKILL-055,self_report,49,0.4,0.58,2025-05-27T16:00:00Z,false,自主学习用户自述,1.1.0,synthetic,true,SRC-SYNTH,2026-09-05T00:00:00+08:00,0.58,synthetic,not_applicable,,team_generated,false,golden
EVID-G012-056,USER-G012,SKILL-056,assessment,65,1,0.9,2026-02-02T16:00:00Z,true,知识管理能力测评,1.1.0,synthetic,true,SRC-SYNTH,2026-09-05T00:00:00+08:00,0.9,synthetic,not_applicable,,team_generated,false,golden
EVID-G012-057,USER-G012,SKILL-057,self_report,50,0.4,0.58,2024-12-30T16:00:00Z,false,项目规划用户自述,1.1.0,synthetic,true,SRC-SYNTH,2026-09-05T00:00:00+08:00,0.58,synthetic,not_applicable,,team_generated,false,golden
EVID-G012-058,USER-G012,SKILL-058,course_completion,78,0.7,0.76,2026-06-13T16:00:00Z,true,项目交付课程记录,1.1.0,synthetic,true,SRC-SYNTH,2026-09-05T00:00:00+08:00,0.76,synthetic,not_applicable,,team_generated,false,golden
EVID-G012-059,USER-G012,SKILL-059,course_completion,35,0.7,0.76,2025-08-26T16:00:00Z,true,复盘与反馈课程记录,1.1.0,synthetic,true,SRC-SYNTH,2026-09-05T00:00:00+08:00,0.76,synthetic,not_applicable,,team_generated,false,golden
EVID-G012-060,USER-G012,SKILL-060,self_report,49,0.4,0.58,2026-04-03T16:00:00Z,false,职业探索用户自述,1.1.0,synthetic,true,SRC-SYNTH,2026-09-05T00:00:00+08:00,0.58,synthetic,not_applicable,,team_generated,false,golden
